Date,Ticker,Open,High,Low,Close,Adj Close,Volume,Dividends,Stock Splits
2016-01-04,HDFCBANK.NS,271.0,271.0,267.0249938964844,267.625,242.0946807861328,5187536,0.0,0.0
2016-01-05,HDFCBANK.NS,267.54998779296875,268.70001220703125,265.3374938964844,265.6000061035156,240.2628631591797,3160872,0.0,0.0
2016-01-06,HDFCBANK.NS,264.1625061035156,269.1875,264.1625061035156,266.7749938964844,241.3257598876953,4165536,0.0,0.0
2016-01-07,HDFCBANK.NS,265.0249938964844,266.2250061035156,262.42498779296875,264.04998779296875,238.8606719970703,6055428,0.0,0.0
2016-01-08,HDFCBANK.NS,265.48748779296875,266.125,264.3125,265.5874938964844,240.2515411376953,3488356,0.0,0.0
2016-01-11,HDFCBANK.NS,263.01251220703125,265.25,261.32501220703125,264.6499938964844,239.40350341796875,3288912,0.0,0.0
2016-01-12,HDFCBANK.NS,265.9750061035156,265.9750061035156,260.875,261.73748779296875,236.76882934570312,4258736,0.0,0.0
2016-01-13,HDFCBANK.NS,263.0,265.6875,259.25,265.0375061035156,239.75405883789065,4515148,0.0,0.0
2016-01-14,HDFCBANK.NS,262.5375061035156,264.3500061035156,259.875,262.4375,237.40206909179688,6279184,0.0,0.0
2016-01-15,HDFCBANK.NS,262.0,263.86248779296875,259.5249938964844,260.5375061035156,235.6833038330078,5417260,0.0,0.0
2016-01-18,HDFCBANK.NS,258.9125061035156,260.36248779296875,255.25,256.4624938964844,231.9970550537109,6495388,0.0,0.0
2016-01-19,HDFCBANK.NS,256.79998779296875,259.38751220703125,256.57501220703125,258.95001220703125,234.24725341796875,6405212,0.0,0.0
2016-01-20,HDFCBANK.NS,256.25,277.0,251.9750061035156,254.5749969482422,230.28958129882807,9563588,0.0,0.0
2016-01-21,HDFCBANK.NS,255.25,258.3125,253.3500061035156,255.75,231.3525238037109,6300804,0.0,0.0
2016-01-22,HDFCBANK.NS,256.42498779296875,261.0625,255.5124969482422,257.57501220703125,233.00341796875,4236284,0.0,0.0
2016-01-25,HDFCBANK.NS,259.98748779296875,261.67498779296875,258.26251220703125,260.2875061035156,235.4571685791016,10143884,0.0,0.0
2016-01-27,HDFCBANK.NS,262.11248779296875,262.17498779296875,258.25,258.9125061035156,234.21334838867188,4039468,0.0,0.0
2016-01-28,HDFCBANK.NS,259.75,261.7250061035156,257.5,257.92498779296875,233.3200225830078,9951972,0.0,0.0
2016-01-29,HDFCBANK.NS,258.79998779296875,263.73748779296875,258.79998779296875,262.4624938964844,237.4246368408203,5360184,0.0,0.0
2016-02-01,HDFCBANK.NS,264.5,266.75,263.42498779296875,264.9375,239.6635589599609,4609484,0.0,0.0
2016-02-02,HDFCBANK.NS,266.25,266.3125,262.54998779296875,263.45001220703125,238.3179626464844,6528628,0.0,0.0
2016-02-03,HDFCBANK.NS,261.125,262.8500061035156,260.5,260.9624938964844,236.0677490234375,4850244,0.0,0.0
2016-02-04,HDFCBANK.NS,262.0,263.7250061035156,261.38751220703125,262.29998779296875,237.2776641845703,5675992,0.0,0.0
2016-02-05,HDFCBANK.NS,263.20001220703125,265.95001220703125,261.3999938964844,263.8125,238.6458740234375,7523904,0.0,0.0
2016-02-08,HDFCBANK.NS,263.75,264.5,257.57501220703125,258.9624938964844,234.2585601806641,3481924,0.0,0.0
2016-02-09,HDFCBANK.NS,256.67498779296875,257.88751220703125,255.1625061035156,256.51251220703125,232.04229736328125,5535460,0.0,0.0
2016-02-10,HDFCBANK.NS,255.9750061035156,257.5375061035156,252.5249938964844,253.2375030517578,229.07969665527344,7682280,0.0,0.0
2016-02-11,HDFCBANK.NS,252.5,253.25,242.0500030517578,243.8249969482422,220.5651092529297,8803600,0.0,0.0
2016-02-12,HDFCBANK.NS,244.75,246.6125030517578,241.5,242.8500061035156,219.68313598632807,12542144,0.0,0.0
2016-02-15,HDFCBANK.NS,245.0,247.0625,242.7749938964844,243.3999938964844,220.18060302734372,10912960,0.0,0.0
2016-02-16,HDFCBANK.NS,245.375,245.5,240.5,243.3625030517578,220.14671325683597,7136096,0.0,0.0
2016-02-17,HDFCBANK.NS,244.2250061035156,244.9750061035156,239.75,243.7250061035156,220.4746856689453,7503924,0.0,0.0
2016-02-18,HDFCBANK.NS,246.5,247.8125,244.25,247.3625030517578,223.76515197753903,6799856,0.0,0.0
2016-02-19,HDFCBANK.NS,247.1875,248.1499938964844,243.375,247.3249969482422,223.731201171875,3328660,0.0,0.0
2016-02-22,HDFCBANK.NS,245.75,249.0,245.75,247.1875,223.6068420410156,4002396,0.0,0.0
2016-02-23,HDFCBANK.NS,246.2250061035156,246.375,241.5,242.5124969482422,219.3778076171875,6078320,0.0,0.0
2016-02-24,HDFCBANK.NS,240.0,240.7250061035156,236.6000061035156,237.3999938964844,214.7530212402344,6463468,0.0,0.0
2016-02-25,HDFCBANK.NS,238.5,239.3125,234.5500030517578,235.6625061035156,213.18125915527344,8463196,0.0,0.0
2016-02-26,HDFCBANK.NS,237.5,242.75,236.25,240.25,217.33116149902344,6209388,0.0,0.0
2016-02-29,HDFCBANK.NS,240.2749938964844,245.6499938964844,232.0,242.9624938964844,219.78488159179688,8812752,0.0,0.0
2016-03-01,HDFCBANK.NS,243.7375030517578,246.6875,242.9624938964844,246.0375061035156,222.56655883789065,4322560,0.0,0.0
2016-03-02,HDFCBANK.NS,249.5,252.7250061035156,248.75,251.8000030517578,227.77932739257807,6358976,0.0,0.0
2016-03-03,HDFCBANK.NS,252.6875,255.0,252.5,253.9624938964844,229.73553466796875,4610400,0.0,0.0
2016-03-04,HDFCBANK.NS,253.8625030517578,256.2250061035156,248.2749938964844,255.1374969482422,230.7984313964844,5704624,0.0,0.0
2016-03-08,HDFCBANK.NS,256.0,256.0,252.375,253.5375061035156,229.35107421875,1913688,0.0,0.0
2016-03-09,HDFCBANK.NS,253.25,257.4750061035156,251.6875,256.20001220703125,231.7595977783203,6528172,0.0,0.0
2016-03-10,HDFCBANK.NS,256.20001220703125,256.4375,252.5249938964844,255.3125,230.9567413330078,2671392,0.0,0.0
2016-03-11,HDFCBANK.NS,254.9750061035156,257.70001220703125,253.25,257.17498779296875,232.64157104492188,4730856,0.0,0.0
2016-03-14,HDFCBANK.NS,257.0,259.48748779296875,256.3125,256.88751220703125,232.38150024414065,3008656,0.0,0.0
2016-03-15,HDFCBANK.NS,256.9750061035156,258.3500061035156,255.4125061035156,256.67498779296875,232.18923950195312,7690036,0.0,0.0
2016-03-16,HDFCBANK.NS,256.75,258.5625,254.7375030517578,257.61248779296875,233.03732299804688,4803548,0.0,0.0
2016-03-17,HDFCBANK.NS,258.73748779296875,259.75,252.7875061035156,254.6000061035156,230.3122100830078,5113484,0.0,0.0
2016-03-18,HDFCBANK.NS,255.7375030517578,258.0,253.8374938964844,257.1000061035156,232.5737152099609,4135068,0.0,0.0
2016-03-21,HDFCBANK.NS,258.25,261.8374938964844,258.0625,261.3999938964844,236.4635162353516,5318796,0.0,0.0
2016-03-22,HDFCBANK.NS,261.625,264.1499938964844,260.17498779296875,263.4624938964844,238.3292388916016,4120264,0.0,0.0
2016-03-23,HDFCBANK.NS,263.26251220703125,263.26251220703125,260.13751220703125,262.3374938964844,237.3115692138672,8464300,0.0,0.0
2016-03-28,HDFCBANK.NS,261.25,263.25,260.4125061035156,261.875,236.89321899414065,11270868,0.0,0.0
2016-03-29,HDFCBANK.NS,261.875,264.875,261.0625,263.45001220703125,238.3179626464844,6733952,0.0,0.0
2016-03-30,HDFCBANK.NS,264.5,267.4750061035156,263.4750061035156,266.23748779296875,240.83953857421875,7814380,0.0,0.0
2016-03-31,HDFCBANK.NS,266.7124938964844,269.7250061035156,266.26251220703125,267.7875061035156,242.24169921875,20080392,0.0,0.0
2016-04-01,HDFCBANK.NS,267.20001220703125,269.1000061035156,264.20001220703125,266.11248779296875,240.7264709472656,5158648,0.0,0.0
2016-04-04,HDFCBANK.NS,266.29998779296875,268.20001220703125,266.0,267.26251220703125,241.7667236328125,6179960,0.0,0.0
2016-04-05,HDFCBANK.NS,267.25,269.2250061035156,263.9125061035156,264.36248779296875,239.14344787597656,6663028,0.0,0.0
2016-04-06,HDFCBANK.NS,265.25,266.73748779296875,264.1875,265.375,240.0593414306641,4295376,0.0,0.0
2016-04-07,HDFCBANK.NS,266.0,266.1875,261.76251220703125,263.875,238.70242309570312,3911692,0.0,0.0
2016-04-08,HDFCBANK.NS,263.75,265.8374938964844,263.5625,264.8374938964844,239.57310485839844,2962796,0.0,0.0
2016-04-11,HDFCBANK.NS,265.07501220703125,268.5249938964844,260.7124938964844,267.73748779296875,242.1964569091797,4049620,0.0,0.0
2016-04-12,HDFCBANK.NS,267.3999938964844,267.75,264.8125,265.75,240.3985290527344,4941480,0.0,0.0
2016-04-13,HDFCBANK.NS,268.0,271.23748779296875,267.375,270.4375,244.638916015625,4974604,0.0,0.0
2016-04-18,HDFCBANK.NS,270.875,273.0,267.8999938964844,271.95001220703125,246.0070953369141,4117068,0.0,0.0
2016-04-20,HDFCBANK.NS,272.9750061035156,275.0,270.88751220703125,274.4624938964844,248.27996826171875,3821352,0.0,0.0
2016-04-21,HDFCBANK.NS,273.75,276.2875061035156,272.25,272.7875061035156,246.76470947265625,8191728,0.0,0.0
2016-04-22,HDFCBANK.NS,272.375,275.2124938964844,271.29998779296875,273.0375061035156,246.9908447265625,7809320,0.0,0.0
2016-04-25,HDFCBANK.NS,275.0,275.0,271.125,273.3125,247.2396240234375,5561960,0.0,0.0
2016-04-26,HDFCBANK.NS,273.75,278.75,273.125,278.4624938964844,251.89833068847656,7053796,0.0,0.0
2016-04-27,HDFCBANK.NS,277.4624938964844,281.25,277.25,281.04998779296875,254.2389678955078,5763636,0.0,0.0
2016-04-28,HDFCBANK.NS,281.04998779296875,284.17498779296875,277.5874938964844,278.48748779296875,251.9209442138672,8089584,0.0,0.0
2016-04-29,HDFCBANK.NS,278.45001220703125,284.0,276.54998779296875,283.0874938964844,256.0821533203125,5611940,0.0,0.0
2016-05-02,HDFCBANK.NS,281.9375,282.5,279.0,279.4125061035156,252.7577667236328,3862716,0.0,0.0
2016-05-03,HDFCBANK.NS,280.4750061035156,283.75,278.2875061035156,279.5,252.83685302734372,4695296,0.0,0.0
2016-05-04,HDFCBANK.NS,279.375,283.625,278.5625,281.8374938964844,254.95132446289065,5292328,0.0,0.0
2016-05-05,HDFCBANK.NS,282.0,283.6875,280.67498779296875,283.07501220703125,256.07086181640625,5214248,0.0,0.0
2016-05-06,HDFCBANK.NS,283.0,283.0625,279.3125,279.9125061035156,253.2100372314453,2733152,0.0,0.0
2016-05-09,HDFCBANK.NS,280.0,286.23748779296875,279.75,285.3500061035156,258.1287841796875,6953180,0.0,0.0
2016-05-10,HDFCBANK.NS,285.875,286.875,284.0249938964844,286.2250061035156,258.9203796386719,5453000,0.0,0.0
2016-05-11,HDFCBANK.NS,283.67498779296875,286.25,282.42498779296875,284.70001220703125,257.54083251953125,6147372,0.0,0.0
2016-05-12,HDFCBANK.NS,286.0,288.0,283.125,287.2749938964844,259.8701477050781,4221688,0.0,0.0
2016-05-13,HDFCBANK.NS,287.0,287.0,282.5,285.2250061035156,258.0157165527344,5045316,0.0,0.0
2016-05-16,HDFCBANK.NS,286.25,291.4750061035156,283.13751220703125,290.70001220703125,262.9684753417969,4518768,0.0,0.0
2016-05-17,HDFCBANK.NS,291.26251220703125,292.3125,287.82501220703125,288.36248779296875,260.85400390625,4295424,0.0,0.0
2016-05-18,HDFCBANK.NS,287.75,287.75,282.875,285.1625061035156,257.9591979980469,4162644,0.0,0.0
2016-05-19,HDFCBANK.NS,285.0249938964844,285.67498779296875,283.0,284.82501220703125,257.65386962890625,3855796,0.0,0.0
2016-05-20,HDFCBANK.NS,284.98748779296875,287.125,283.3999938964844,285.2250061035156,258.0157165527344,2016632,0.0,0.0
2016-05-23,HDFCBANK.NS,285.48748779296875,287.48748779296875,283.29998779296875,284.1875,257.0771789550781,3463532,0.0,0.0
2016-05-24,HDFCBANK.NS,284.6000061035156,285.9125061035156,283.88751220703125,284.98748779296875,257.8009033203125,3259468,0.0,0.0
2016-05-25,HDFCBANK.NS,286.57501220703125,293.98748779296875,286.57501220703125,293.32501220703125,265.3430480957031,5767348,0.0,0.0
2016-05-26,HDFCBANK.NS,294.0249938964844,297.2250061035156,291.5625,295.8125,267.5932006835937,13705560,0.0,0.0
2016-05-27,HDFCBANK.NS,295.8125,297.5,294.17498779296875,296.70001220703125,268.3960876464844,5775184,0.0,0.0
2016-05-30,HDFCBANK.NS,296.75,298.75,294.5249938964844,294.9375,266.8016967773437,3814532,0.0,0.0
2016-05-31,HDFCBANK.NS,296.4750061035156,296.4750061035156,294.3500061035156,295.4750061035156,267.2879333496094,5515640,0.0,0.0
2016-06-01,HDFCBANK.NS,295.73748779296875,295.73748779296875,292.75,293.7875061035156,265.7613830566406,5675632,0.0,0.0
2016-06-02,HDFCBANK.NS,293.67498779296875,295.1499938964844,292.75,293.73748779296875,265.7161865234375,7910616,0.0,0.0
2016-06-03,HDFCBANK.NS,295.0249938964844,296.25,292.26251220703125,292.9375,264.99249267578125,4524420,0.0,0.0
2016-06-06,HDFCBANK.NS,294.0,295.6000061035156,292.51251220703125,292.7749938964844,264.845458984375,5547308,0.0,0.0
2016-06-07,HDFCBANK.NS,294.23748779296875,295.0,291.9125061035156,293.42498779296875,265.4334411621094,5628504,0.0,0.0
2016-06-08,HDFCBANK.NS,293.95001220703125,294.5,290.25,290.6499938964844,262.9231872558594,4742812,0.0,0.0
2016-06-09,HDFCBANK.NS,290.625,291.04998779296875,288.125,289.8500061035156,262.19952392578125,4648184,0.0,0.0
2016-06-10,HDFCBANK.NS,289.6000061035156,293.17498779296875,289.04998779296875,290.3374938964844,262.6404724121094,6322312,0.0,0.0
2016-06-13,HDFCBANK.NS,288.6875,291.23748779296875,287.76251220703125,288.2250061035156,260.72955322265625,3323236,0.0,0.0
2016-06-14,HDFCBANK.NS,288.75,289.25,286.0625,287.9624938964844,260.4920959472656,3828768,0.0,0.0
2016-06-15,HDFCBANK.NS,288.75,292.7250061035156,288.29998779296875,292.38751220703125,264.49493408203125,3045824,0.0,0.0
2016-06-16,HDFCBANK.NS,291.63751220703125,292.2124938964844,288.8374938964844,290.5375061035156,262.82147216796875,4727768,0.0,0.0
2016-06-17,HDFCBANK.NS,291.75,294.5,291.38751220703125,292.5,264.5967102050781,3761652,0.0,0.0
2016-06-20,HDFCBANK.NS,289.75,294.8125,289.70001220703125,293.01251220703125,265.0602722167969,2742764,0.0,0.0
2016-06-21,HDFCBANK.NS,293.75,293.86248779296875,290.29998779296875,291.6625061035156,263.8391418457031,2670968,0.0,0.0
2016-06-22,HDFCBANK.NS,291.5,293.75,291.5,292.875,264.9359436035156,3803840,0.0,0.0
2016-06-23,HDFCBANK.NS,292.45001220703125,297.9624938964844,291.875,297.5249938964844,269.142333984375,3926732,0.0,0.0
2016-06-24,HDFCBANK.NS,289.9624938964844,292.9750061035156,286.75,290.4750061035156,262.764892578125,11173964,0.0,0.0
2016-06-27,HDFCBANK.NS,290.5,292.25,288.26251220703125,289.98748779296875,262.3238525390625,4163788,0.0,0.0
2016-06-28,HDFCBANK.NS,290.3125,293.2749938964844,287.5,291.73748779296875,263.90692138671875,4034980,0.0,0.0
2016-06-29,HDFCBANK.NS,291.25,292.375,289.92498779296875,292.07501220703125,266.3808288574219,5420668,2.375,0.0
2016-06-30,HDFCBANK.NS,292.75,295.0,290.5375061035156,294.11248779296875,268.2390441894531,16278892,0.0,0.0
2016-07-01,HDFCBANK.NS,295.0,296.25,292.95001220703125,293.625,267.79449462890625,4304876,0.0,0.0
2016-07-04,HDFCBANK.NS,294.54998779296875,294.875,292.8500061035156,293.20001220703125,267.4068603515625,7249852,0.0,0.0
2016-07-05,HDFCBANK.NS,293.20001220703125,293.57501220703125,290.5,291.3999938964844,265.76519775390625,2136328,0.0,0.0
2016-07-07,HDFCBANK.NS,291.9750061035156,297.1875,290.2250061035156,296.4125061035156,270.33673095703125,4832616,0.0,0.0
2016-07-08,HDFCBANK.NS,296.2749938964844,296.3999938964844,292.8125,293.7124938964844,267.874267578125,3118868,0.0,0.0
2016-07-11,HDFCBANK.NS,296.5,300.4750061035156,295.26251220703125,299.9375,273.5516967773437,5102532,0.0,0.0
2016-07-12,HDFCBANK.NS,302.4750061035156,302.4750061035156,298.88751220703125,300.5375061035156,274.0989074707031,7046032,0.0,0.0
2016-07-13,HDFCBANK.NS,299.95001220703125,300.48748779296875,298.32501220703125,299.4375,273.0956726074219,6687072,0.0,0.0
2016-07-14,HDFCBANK.NS,300.25,300.5375061035156,298.04998779296875,300.0874938964844,273.6884460449219,3459668,0.0,0.0
2016-07-15,HDFCBANK.NS,300.95001220703125,306.5,298.7749938964844,305.92498779296875,279.0124206542969,5774216,0.0,0.0
2016-07-18,HDFCBANK.NS,306.25,309.625,305.6625061035156,306.86248779296875,279.86749267578125,4438484,0.0,0.0
2016-07-19,HDFCBANK.NS,307.25,307.6875,303.4624938964844,304.5874938964844,277.7925720214844,2586004,0.0,0.0
2016-07-20,HDFCBANK.NS,305.75,309.625,305.4375,308.04998779296875,280.95050048828125,4690332,0.0,0.0
2016-07-21,HDFCBANK.NS,307.67498779296875,309.9750061035156,305.625,307.1499938964844,280.1296691894531,9112904,0.0,0.0
2016-07-22,HDFCBANK.NS,308.3374938964844,308.6625061035156,305.375,307.70001220703125,280.6312561035156,5620272,0.0,0.0
2016-07-25,HDFCBANK.NS,308.25,312.36248779296875,306.75,311.73748779296875,284.3135986328125,9872884,0.0,0.0
2016-07-26,HDFCBANK.NS,310.6000061035156,311.4125061035156,308.7875061035156,309.70001220703125,282.4553527832031,5665992,0.0,0.0
2016-07-27,HDFCBANK.NS,310.25,311.88751220703125,307.5,309.23748779296875,282.03350830078125,10734736,0.0,0.0
2016-07-28,HDFCBANK.NS,309.5,312.8125,308.88751220703125,312.11248779296875,284.6555480957031,10646528,0.0,0.0
2016-07-29,HDFCBANK.NS,312.0,312.5,308.75,311.54998779296875,284.142578125,3395676,0.0,0.0
2016-08-01,HDFCBANK.NS,312.25,314.73748779296875,306.9125061035156,310.57501220703125,283.2533874511719,5560864,0.0,0.0
2016-08-02,HDFCBANK.NS,311.75,314.11248779296875,310.1000061035156,310.82501220703125,283.4813537597656,5329396,0.0,0.0
2016-08-03,HDFCBANK.NS,310.2749938964844,312.48748779296875,307.75,310.11248779296875,282.83154296875,4733876,0.0,0.0
2016-08-04,HDFCBANK.NS,311.6499938964844,311.67498779296875,308.3999938964844,310.25,282.9569702148437,4662880,0.0,0.0
2016-08-05,HDFCBANK.NS,311.8500061035156,313.9125061035156,310.4375,312.3125,284.8380126953125,5784912,0.0,0.0
2016-08-08,HDFCBANK.NS,313.2250061035156,313.75,311.13751220703125,312.3999938964844,284.9178466796875,4728776,0.0,0.0
2016-08-09,HDFCBANK.NS,313.2250061035156,313.2250061035156,309.42498779296875,311.79998779296875,284.37060546875,4210856,0.0,0.0
2016-08-10,HDFCBANK.NS,311.25,312.73748779296875,304.9375,306.7250061035156,279.7420654296875,3619720,0.0,0.0
2016-08-11,HDFCBANK.NS,306.70001220703125,308.75,305.5,307.0625,280.0498962402344,2856072,0.0,0.0
2016-08-16,HDFCBANK.NS,308.25,309.61248779296875,303.45001220703125,306.82501220703125,279.833251953125,3468568,0.0,0.0
2016-08-17,HDFCBANK.NS,308.3500061035156,309.375,306.5,308.7250061035156,281.56610107421875,5511036,0.0,0.0
2016-08-18,HDFCBANK.NS,309.5,313.7250061035156,308.63751220703125,313.125,285.5790405273437,6111656,0.0,0.0
2016-08-19,HDFCBANK.NS,312.5,312.5,310.36248779296875,311.7749938964844,284.3477478027344,4110636,0.0,0.0
2016-08-22,HDFCBANK.NS,311.26251220703125,313.61248779296875,310.25,312.57501220703125,285.0774230957031,5501292,0.0,0.0
2016-08-23,HDFCBANK.NS,312.75,313.5,311.51251220703125,312.86248779296875,285.3396301269531,5314524,0.0,0.0
2016-08-24,HDFCBANK.NS,313.01251220703125,316.04998779296875,311.76251220703125,315.45001220703125,287.69952392578125,5570936,0.0,0.0
2016-08-25,HDFCBANK.NS,316.0,316.70001220703125,313.57501220703125,314.63751220703125,286.9584655761719,8729888,0.0,0.0
2016-08-26,HDFCBANK.NS,315.0,315.4750061035156,313.4750061035156,314.2749938964844,286.6278686523437,2521136,0.0,0.0
2016-08-29,HDFCBANK.NS,313.875,313.875,309.04998779296875,309.5249938964844,282.29571533203125,2944184,0.0,0.0
2016-08-30,HDFCBANK.NS,311.2749938964844,317.625,310.98748779296875,317.1625061035156,289.2613830566406,9867608,0.0,0.0
2016-08-31,HDFCBANK.NS,317.25,323.75,316.375,322.79998779296875,294.4029235839844,11161364,0.0,0.0
2016-09-01,HDFCBANK.NS,322.0,322.5,318.8500061035156,320.92498779296875,292.6928100585937,5224676,0.0,0.0
2016-09-02,HDFCBANK.NS,321.375,322.25,320.2875061035156,321.2749938964844,293.0120544433594,3955188,0.0,0.0
2016-09-06,HDFCBANK.NS,322.51251220703125,325.9750061035156,322.51251220703125,325.1000061035156,296.5006103515625,5508884,0.0,0.0
2016-09-07,HDFCBANK.NS,325.25,326.25,320.7749938964844,321.6875,293.3882751464844,4016444,0.0,0.0
2016-09-08,HDFCBANK.NS,322.5,323.8125,320.8999938964844,322.3500061035156,293.99249267578125,2905380,0.0,0.0
2016-09-09,HDFCBANK.NS,322.5,323.625,319.57501220703125,322.6000061035156,294.22052001953125,4013768,0.0,0.0
2016-09-12,HDFCBANK.NS,318.67498779296875,321.1000061035156,317.875,319.9750061035156,291.826416015625,3985728,0.0,0.0
2016-09-14,HDFCBANK.NS,318.75,319.25,316.3500061035156,317.36248779296875,289.4437561035156,3849508,0.0,0.0
2016-09-15,HDFCBANK.NS,318.0,320.9750061035156,317.4624938964844,319.8999938964844,291.75799560546875,3501812,0.0,0.0
2016-09-16,HDFCBANK.NS,320.95001220703125,326.125,320.95001220703125,324.4624938964844,295.91912841796875,6525816,0.0,0.0
2016-09-19,HDFCBANK.NS,324.25,325.625,322.0,322.5375061035156,294.1634826660156,5894832,0.0,0.0
2016-09-20,HDFCBANK.NS,323.1625061035156,323.75,321.01251220703125,322.11248779296875,293.77587890625,3778248,0.0,0.0
2016-09-21,HDFCBANK.NS,323.0,324.5,321.9750061035156,323.25,294.8133544921875,4256400,0.0,0.0
2016-09-22,HDFCBANK.NS,326.25,329.23748779296875,325.13751220703125,326.7250061035156,297.9826354980469,6555800,0.0,0.0
2016-09-23,HDFCBANK.NS,326.51251220703125,329.61248779296875,325.375,328.17498779296875,299.3050537109375,4876808,0.0,0.0
2016-09-26,HDFCBANK.NS,326.5249938964844,327.2250061035156,323.42498779296875,324.0375061035156,295.5315246582031,5576772,0.0,0.0
2016-09-27,HDFCBANK.NS,324.75,326.5375061035156,323.7124938964844,324.51251220703125,295.9647827148437,4056812,0.0,0.0
2016-09-28,HDFCBANK.NS,324.9750061035156,325.0,322.25,323.8125,295.3263244628906,4989652,0.0,0.0
2016-09-29,HDFCBANK.NS,324.48748779296875,326.5,316.98748779296875,319.375,291.2792358398437,16450012,0.0,0.0
2016-09-30,HDFCBANK.NS,319.2749938964844,320.25,316.8500061035156,318.2124938964844,290.2189636230469,4138428,0.0,0.0
2016-10-03,HDFCBANK.NS,320.25,322.4750061035156,319.1000061035156,321.79998779296875,293.4908752441406,3900548,0.0,0.0
2016-10-04,HDFCBANK.NS,322.1499938964844,323.75,320.57501220703125,322.38751220703125,294.02667236328125,2775512,0.0,0.0
2016-10-05,HDFCBANK.NS,324.5,325.01251220703125,319.1000061035156,321.5249938964844,293.24005126953125,3647020,0.0,0.0
2016-10-06,HDFCBANK.NS,321.7749938964844,323.8999938964844,319.76251220703125,320.48748779296875,292.2938232421875,2895712,0.0,0.0
2016-10-07,HDFCBANK.NS,321.0,321.9375,319.0625,320.1499938964844,291.98602294921875,3337464,0.0,0.0
2016-10-10,HDFCBANK.NS,321.25,321.9750061035156,319.6875,321.0874938964844,292.8410949707031,4719312,0.0,0.0
2016-10-13,HDFCBANK.NS,319.75,319.75,314.11248779296875,315.6875,287.9161376953125,4519356,0.0,0.0
2016-10-14,HDFCBANK.NS,316.4375,317.0,313.5,315.45001220703125,287.69952392578125,4067116,0.0,0.0
2016-10-17,HDFCBANK.NS,316.375,316.6000061035156,308.1875,309.42498779296875,282.2045288085937,5135360,0.0,0.0
2016-10-18,HDFCBANK.NS,310.79998779296875,315.0,309.75,314.4624938964844,286.79888916015625,2610968,0.0,0.0
2016-10-19,HDFCBANK.NS,315.2749938964844,315.75,312.0,314.5874938964844,286.91290283203125,3044904,0.0,0.0
2016-10-20,HDFCBANK.NS,315.0625,316.86248779296875,312.75,313.875,286.2630920410156,3200356,0.0,0.0
2016-10-21,HDFCBANK.NS,314.0,318.23748779296875,312.5,317.67498779296875,289.72882080078125,3956408,0.0,0.0
2016-10-24,HDFCBANK.NS,317.9375,319.2124938964844,315.26251220703125,315.88751220703125,288.09844970703125,3255664,0.0,0.0
2016-10-25,HDFCBANK.NS,317.0,317.0,311.01251220703125,312.57501220703125,285.0774230957031,5501796,0.0,0.0
2016-10-26,HDFCBANK.NS,310.8374938964844,316.25,308.76251220703125,309.82501220703125,282.5693664550781,5366540,0.0,0.0
2016-10-27,HDFCBANK.NS,309.75,314.25,306.0375061035156,313.0249938964844,285.48779296875,11623860,0.0,0.0
2016-10-28,HDFCBANK.NS,313.625,315.4750061035156,310.0249938964844,314.76251220703125,287.07244873046875,5320536,0.0,0.0
2016-11-01,HDFCBANK.NS,314.0,315.9624938964844,311.76251220703125,314.95001220703125,287.24346923828125,3402416,0.0,0.0
2016-11-02,HDFCBANK.NS,312.7749938964844,313.92498779296875,310.375,311.5375061035156,284.1312255859375,6474432,0.0,0.0
2016-11-03,HDFCBANK.NS,311.25,315.0,307.9375,313.73748779296875,286.1376342773437,6315812,0.0,0.0
2016-11-04,HDFCBANK.NS,313.20001220703125,313.20001220703125,310.4375,310.92498779296875,283.5726013183594,5734920,0.0,0.0
2016-11-07,HDFCBANK.NS,313.0,313.7124938964844,310.0,312.36248779296875,284.8836364746094,5671392,0.0,0.0
2016-11-08,HDFCBANK.NS,312.7749938964844,314.5,310.0249938964844,313.57501220703125,285.9894714355469,5348164,0.0,0.0
2016-11-09,HDFCBANK.NS,300.0,314.3500061035156,298.8374938964844,312.8125,285.29400634765625,13645468,0.0,0.0
2016-11-10,HDFCBANK.NS,315.9375,320.75,313.5249938964844,319.63751220703125,291.51861572265625,10700736,0.0,0.0
2016-11-11,HDFCBANK.NS,318.5,320.5,316.3999938964844,318.95001220703125,290.8916320800781,7139320,0.0,0.0
2016-11-15,HDFCBANK.NS,319.375,322.25,312.6625061035156,313.6875,286.09210205078125,12512524,0.0,0.0
2016-11-16,HDFCBANK.NS,317.0,317.0,310.01251220703125,311.0874938964844,283.72076416015625,8647744,0.0,0.0
2016-11-17,HDFCBANK.NS,309.57501220703125,312.2250061035156,306.2875061035156,307.54998779296875,280.49444580078125,4815624,0.0,0.0
2016-11-18,HDFCBANK.NS,309.0,309.0,302.29998779296875,302.8500061035156,276.2079772949219,6879900,0.0,0.0
2016-11-21,HDFCBANK.NS,304.875,304.875,297.0874938964844,299.67498779296875,273.312255859375,5552520,0.0,0.0
2016-11-22,HDFCBANK.NS,301.70001220703125,301.70001220703125,297.3374938964844,299.51251220703125,273.1640625,10017784,0.0,0.0
2016-11-23,HDFCBANK.NS,300.75,300.75,295.2749938964844,296.1875,270.13153076171875,3532692,0.0,0.0
2016-11-24,HDFCBANK.NS,296.0,296.57501220703125,290.2250061035156,291.375,265.74237060546875,15285996,0.0,0.0
2016-11-25,HDFCBANK.NS,292.25,298.29998779296875,289.5,297.32501220703125,271.16900634765625,5969960,0.0,0.0
2016-11-28,HDFCBANK.NS,295.0625,299.7250061035156,294.5249938964844,296.11248779296875,270.0631103515625,4130180,0.0,0.0
2016-11-29,HDFCBANK.NS,296.17498779296875,298.23748779296875,294.125,294.6875,268.7635192871094,3932644,0.0,0.0
2016-11-30,HDFCBANK.NS,296.25,300.5,295.2749938964844,299.8999938964844,273.5174865722656,6442840,0.0,0.0
2016-12-01,HDFCBANK.NS,300.57501220703125,301.9750061035156,298.25,299.3125,272.9815979003906,4476984,0.0,0.0
2016-12-02,HDFCBANK.NS,297.25,300.48748779296875,294.17498779296875,297.2749938964844,271.1234130859375,4062672,0.0,0.0
2016-12-05,HDFCBANK.NS,296.8999938964844,299.73748779296875,294.125,299.0874938964844,272.77642822265625,4551936,0.0,0.0
2016-12-06,HDFCBANK.NS,298.75,300.7124938964844,297.54998779296875,298.61248779296875,272.3432006835937,2702964,0.0,0.0
2016-12-07,HDFCBANK.NS,300.4624938964844,301.4750061035156,291.75,295.3999938964844,269.4132995605469,5628192,0.0,0.0
2016-12-08,HDFCBANK.NS,296.75,301.38751220703125,296.75,299.875,273.49468994140625,4309696,0.0,0.0
2016-12-09,HDFCBANK.NS,299.7749938964844,300.57501220703125,297.0,299.57501220703125,273.22100830078125,4387952,0.0,0.0
2016-12-12,HDFCBANK.NS,298.0,298.0375061035156,295.2749938964844,296.11248779296875,270.0631103515625,3425272,0.0,0.0
2016-12-13,HDFCBANK.NS,295.0625,297.5874938964844,294.63751220703125,296.5625,270.4735412597656,2526868,0.0,0.0
2016-12-14,HDFCBANK.NS,296.75,297.0,293.3500061035156,293.92498779296875,268.06805419921875,4314144,0.0,0.0
2016-12-15,HDFCBANK.NS,291.04998779296875,298.625,290.8999938964844,294.1499938964844,268.2733154296875,4941488,0.0,0.0
2016-12-16,HDFCBANK.NS,294.1499938964844,296.25,292.88751220703125,295.57501220703125,269.57293701171875,3255828,0.0,0.0
2016-12-19,HDFCBANK.NS,294.20001220703125,294.875,292.625,294.1875,268.3074951171875,3160436,0.0,0.0
2016-12-20,HDFCBANK.NS,294.0,296.25,292.92498779296875,295.4750061035156,269.48175048828125,4189992,0.0,0.0
2016-12-21,HDFCBANK.NS,296.0,296.25,293.75,295.0,269.04852294921875,2658876,0.0,0.0
2016-12-22,HDFCBANK.NS,294.1000061035156,294.875,292.1000061035156,293.2749938964844,267.47528076171875,2805716,0.0,0.0
2016-12-23,HDFCBANK.NS,292.75,297.3125,292.32501220703125,296.5625,270.4735412597656,4752516,0.0,0.0
2016-12-26,HDFCBANK.NS,294.63751220703125,296.5249938964844,292.5249938964844,293.75,267.90850830078125,4183864,0.0,0.0
2016-12-27,HDFCBANK.NS,294.82501220703125,296.7250061035156,293.4750061035156,296.29998779296875,270.2341003417969,4899296,0.0,0.0
2016-12-28,HDFCBANK.NS,297.4750061035156,298.73748779296875,295.25,296.6875,270.58758544921875,6507840,0.0,0.0
2016-12-29,HDFCBANK.NS,296.25,301.98748779296875,295.36248779296875,301.29998779296875,274.7942810058594,8100816,0.0,0.0
2016-12-30,HDFCBANK.NS,300.0,303.0,299.98748779296875,301.54998779296875,275.0223083496094,4066540,0.0,0.0
2017-01-02,HDFCBANK.NS,302.36248779296875,302.5249938964844,298.01251220703125,299.2749938964844,272.9474182128906,3708656,0.0,0.0
2017-01-03,HDFCBANK.NS,300.20001220703125,300.48748779296875,296.4375,297.4750061035156,271.3058166503906,3847500,0.0,0.0
2017-01-04,HDFCBANK.NS,297.4624938964844,298.0,295.95001220703125,296.375,270.30255126953125,6967120,0.0,0.0
2017-01-05,HDFCBANK.NS,297.25,298.625,295.7749938964844,296.54998779296875,270.4621276855469,6776384,0.0,0.0
2017-01-06,HDFCBANK.NS,297.5249938964844,299.6000061035156,297.04998779296875,298.4125061035156,272.1608581542969,5525260,0.0,0.0
2017-01-09,HDFCBANK.NS,299.7124938964844,301.0375061035156,298.0375061035156,298.79998779296875,272.51422119140625,4573796,0.0,0.0
2017-01-10,HDFCBANK.NS,299.04998779296875,304.20001220703125,298.82501220703125,303.5874938964844,276.88055419921875,5546116,0.0,0.0
2017-01-11,HDFCBANK.NS,304.375,309.5249938964844,303.875,308.5,281.3609313964844,9343404,0.0,0.0
2017-01-12,HDFCBANK.NS,308.75,310.92498779296875,306.375,308.75,281.5888671875,2916316,0.0,0.0
2017-01-13,HDFCBANK.NS,309.75,309.92498779296875,307.1499938964844,308.125,281.01885986328125,3850412,0.0,0.0
2017-01-16,HDFCBANK.NS,308.375,312.36248779296875,308.20001220703125,311.9125061035156,284.47320556640625,3765864,0.0,0.0
2017-01-17,HDFCBANK.NS,311.75,313.1000061035156,309.0625,309.625,282.3869323730469,3559612,0.0,0.0
2017-01-18,HDFCBANK.NS,310.2250061035156,314.0,310.2124938964844,310.6499938964844,283.3217468261719,4612888,0.0,0.0
2017-01-19,HDFCBANK.NS,311.2250061035156,311.2250061035156,308.75,309.07501220703125,281.8853454589844,3512412,0.0,0.0
2017-01-20,HDFCBANK.NS,309.0,311.25,307.5,309.0874938964844,281.89666748046875,13942068,0.0,0.0
2017-01-23,HDFCBANK.NS,309.0,312.5,308.95001220703125,311.1625061035156,283.7891845703125,4793848,0.0,0.0
2017-01-24,HDFCBANK.NS,312.5,317.875,312.3125,316.88751220703125,289.01055908203125,10261864,0.0,0.0
2017-01-25,HDFCBANK.NS,318.1499938964844,323.8999938964844,317.5249938964844,322.6499938964844,294.26611328125,15636984,0.0,0.0
2017-01-27,HDFCBANK.NS,324.75,325.0,322.0,322.9750061035156,294.5625305175781,6852236,0.0,0.0
2017-01-30,HDFCBANK.NS,323.23748779296875,323.23748779296875,320.13751220703125,321.23748779296875,292.9778747558594,5319628,0.0,0.0
2017-01-31,HDFCBANK.NS,320.6000061035156,323.17498779296875,319.25,321.6625061035156,293.3654479980469,6101040,0.0,0.0
2017-02-01,HDFCBANK.NS,321.54998779296875,327.5,320.125,326.42498779296875,297.7090148925781,10910664,0.0,0.0
2017-02-02,HDFCBANK.NS,326.42498779296875,326.42498779296875,323.1499938964844,324.67498779296875,296.1130065917969,5971636,0.0,0.0
2017-02-03,HDFCBANK.NS,324.75,329.0,324.125,327.76251220703125,298.92889404296875,8005104,0.0,0.0
2017-02-06,HDFCBANK.NS,328.07501220703125,330.0,327.86248779296875,328.5249938964844,299.62432861328125,4310220,0.0,0.0
2017-02-07,HDFCBANK.NS,329.0,329.5,325.73748779296875,326.7875061035156,298.03961181640625,3411920,0.0,0.0
2017-02-08,HDFCBANK.NS,326.88751220703125,329.67498779296875,324.5375061035156,326.4125061035156,297.6976318359375,4940960,0.0,0.0
2017-02-09,HDFCBANK.NS,327.3500061035156,329.9750061035156,323.13751220703125,324.4125061035156,295.8735656738281,4465376,0.0,0.0
2017-02-10,HDFCBANK.NS,324.5874938964844,327.1875,324.5,325.8999938964844,297.230224609375,3296736,0.0,0.0
2017-02-13,HDFCBANK.NS,326.88751220703125,328.75,324.79998779296875,327.54998779296875,298.7350158691406,2795792,0.0,0.0
2017-02-14,HDFCBANK.NS,328.5,328.5,326.0,327.7749938964844,298.9402160644531,2446060,0.0,0.0
2017-02-15,HDFCBANK.NS,328.0,331.0,326.86248779296875,330.54998779296875,301.4711608886719,6126940,0.0,0.0
2017-02-16,HDFCBANK.NS,330.75,333.25,330.0625,331.9750061035156,302.7707824707031,5043700,0.0,0.0
2017-02-17,HDFCBANK.NS,361.25,363.5,340.11248779296875,344.26251220703125,313.9773254394531,402259960,0.0,0.0
2017-02-20,HDFCBANK.NS,340.29998779296875,353.86248779296875,339.7875061035156,352.2749938964844,321.28497314453125,10566716,0.0,0.0
2017-02-21,HDFCBANK.NS,351.51251220703125,355.45001220703125,349.3500061035156,353.88751220703125,322.755615234375,6260028,0.0,0.0
2017-02-22,HDFCBANK.NS,353.75,354.70001220703125,348.7124938964844,349.7875061035156,319.01629638671875,5296776,0.0,0.0
2017-02-23,HDFCBANK.NS,350.95001220703125,355.3374938964844,346.76251220703125,348.57501220703125,317.91046142578125,34494980,0.0,0.0
2017-02-27,HDFCBANK.NS,347.7250061035156,349.5874938964844,344.6499938964844,348.3999938964844,317.7508544921875,4681376,0.0,0.0
2017-02-28,HDFCBANK.NS,348.2250061035156,349.0625,346.125,347.5249938964844,316.95281982421875,2928008,0.0,0.0
2017-03-01,HDFCBANK.NS,349.11248779296875,349.125,346.6000061035156,347.9125061035156,317.30621337890625,3481736,0.0,0.0
2017-03-02,HDFCBANK.NS,348.63751220703125,349.0,344.0625,345.0249938964844,314.6727905273437,4601988,0.0,0.0
2017-03-03,HDFCBANK.NS,346.125,346.125,342.25,344.25,313.9659423828125,2492824,0.0,0.0
2017-03-06,HDFCBANK.NS,344.20001220703125,347.4750061035156,343.2749938964844,345.1875,314.82098388671875,3679124,0.0,0.0
2017-03-07,HDFCBANK.NS,345.5625,346.875,344.04998779296875,346.54998779296875,316.0635681152344,3112876,0.0,0.0
2017-03-08,HDFCBANK.NS,346.9750061035156,349.79998779296875,345.26251220703125,348.04998779296875,317.4316101074219,3782144,0.0,0.0
2017-03-09,HDFCBANK.NS,345.4125061035156,349.67498779296875,345.4125061035156,348.54998779296875,317.8876647949219,3509316,0.0,0.0
2017-03-10,HDFCBANK.NS,348.75,352.0,348.2875061035156,350.0249938964844,319.2328796386719,5860704,0.0,0.0
2017-03-14,HDFCBANK.NS,355.5249938964844,356.0375061035156,351.6625061035156,352.67498779296875,321.6497802734375,7155020,0.0,0.0
2017-03-15,HDFCBANK.NS,352.73748779296875,355.0,352.63751220703125,354.1499938964844,322.9950256347656,4271860,0.0,0.0
2017-03-16,HDFCBANK.NS,354.5249938964844,355.7124938964844,353.4125061035156,354.3374938964844,323.16607666015625,4980108,0.0,0.0
2017-03-17,HDFCBANK.NS,354.63751220703125,356.875,353.2124938964844,356.4624938964844,325.10400390625,3390464,0.0,0.0
2017-03-20,HDFCBANK.NS,356.6625061035156,359.9624938964844,356.48748779296875,359.0249938964844,327.441162109375,8142344,0.0,0.0
2017-03-21,HDFCBANK.NS,358.5,361.25,358.5,360.23748779296875,328.5469665527344,5557280,0.0,0.0
2017-03-22,HDFCBANK.NS,356.92498779296875,359.25,356.45001220703125,357.7250061035156,326.2555236816406,5636544,0.0,0.0
2017-03-23,HDFCBANK.NS,358.6000061035156,358.75,355.7250061035156,357.7250061035156,326.2555236816406,4922472,0.0,0.0
2017-03-24,HDFCBANK.NS,358.25,358.61248779296875,355.5,356.0874938964844,324.7620544433594,3810364,0.0,0.0
2017-03-27,HDFCBANK.NS,356.0,356.0,351.01251220703125,352.4624938964844,321.4559326171875,5864084,0.0,0.0
2017-03-28,HDFCBANK.NS,354.57501220703125,356.17498779296875,353.2749938964844,355.04998779296875,323.8158264160156,8061400,0.0,0.0
2017-03-29,HDFCBANK.NS,355.20001220703125,358.70001220703125,355.0,357.1499938964844,325.7311096191406,8575772,0.0,0.0
2017-03-30,HDFCBANK.NS,357.0,369.9874877929688,356.26251220703125,366.5499877929688,334.3041687011719,34321092,0.0,0.0
2017-03-31,HDFCBANK.NS,363.4500122070313,363.5,359.13751220703125,360.6375122070313,328.9117736816406,9651392,0.0,0.0
2017-04-03,HDFCBANK.NS,361.5,362.5249938964844,356.5,358.29998779296875,326.7799072265625,4149052,0.0,0.0
2017-04-05,HDFCBANK.NS,358.8125,361.625,356.88751220703125,358.0874938964844,326.58612060546875,5744080,0.0,0.0
2017-04-06,HDFCBANK.NS,357.875,360.75,356.26251220703125,359.625,327.98834228515625,6124416,0.0,0.0
2017-04-07,HDFCBANK.NS,357.76251220703125,361.25,357.1499938964844,359.7124938964844,328.06817626953125,4648360,0.0,0.0
2017-04-10,HDFCBANK.NS,360.75,360.75,358.1625061035156,358.5375061035156,326.9965515136719,3393876,0.0,0.0
2017-04-11,HDFCBANK.NS,358.5,360.2999877929688,357.875,359.875,328.2164306640625,4356260,0.0,0.0
2017-04-12,HDFCBANK.NS,359.75,362.4874877929688,358.875,360.9249877929688,329.1739807128906,3565092,0.0,0.0
2017-04-13,HDFCBANK.NS,360.75,362.2250061035156,359.26251220703125,360.07501220703125,328.3987731933594,4804236,0.0,0.0
2017-04-17,HDFCBANK.NS,360.07501220703125,360.9500122070313,357.0625,359.20001220703125,327.6007995605469,7137056,0.0,0.0
2017-04-18,HDFCBANK.NS,360.0,363.75,359.5,361.8250122070313,329.99481201171875,3638860,0.0,0.0
2017-04-19,HDFCBANK.NS,361.75,364.1875,359.5,362.25,330.3824462890625,4338144,0.0,0.0
2017-04-20,HDFCBANK.NS,363.25,366.5125122070313,363.2374877929688,365.5375061035156,333.3807067871094,5781372,0.0,0.0
2017-04-21,HDFCBANK.NS,366.5,374.75,363.3250122070313,374.1499938964844,341.235595703125,17258032,0.0,0.0
2017-04-24,HDFCBANK.NS,374.5249938964844,384.75,374.25,383.2625122070313,349.5464782714844,20206952,0.0,0.0
2017-04-25,HDFCBANK.NS,383.7625122070313,386.375,382.3999938964844,384.2625122070313,350.45855712890625,9057780,0.0,0.0
2017-04-26,HDFCBANK.NS,385.7374877929688,388.25,367.1124877929688,387.6625061035156,353.5594177246094,7795852,0.0,0.0
2017-04-27,HDFCBANK.NS,386.5249938964844,393.4874877929688,386.5249938964844,392.1499938964844,357.6520690917969,16180420,0.0,0.0
2017-04-28,HDFCBANK.NS,389.9750061035156,389.9750061035156,384.2749938964844,386.625,352.6131591796875,5437728,0.0,0.0
2017-05-02,HDFCBANK.NS,386.75,387.7250061035156,382.5874938964844,385.1499938964844,351.2679138183594,4007040,0.0,0.0
2017-05-03,HDFCBANK.NS,388.5625,388.5625,384.8374938964844,386.0750122070313,352.1115417480469,2507964,0.0,0.0
2017-05-04,HDFCBANK.NS,384.8125,385.7250061035156,380.6499938964844,383.7000122070313,349.9455261230469,5131028,0.0,0.0
2017-05-05,HDFCBANK.NS,385.5249938964844,385.7250061035156,381.5750122070313,383.0499877929688,349.3526306152344,2757896,0.0,0.0
2017-05-08,HDFCBANK.NS,384.5,385.0,382.1375122070313,383.7000122070313,349.9455261230469,3747252,0.0,0.0
2017-05-09,HDFCBANK.NS,383.7000122070313,386.3999938964844,383.1625061035156,383.9375,350.1620788574219,3345836,0.0,0.0
2017-05-10,HDFCBANK.NS,385.0,388.75,384.2625122070313,387.9500122070313,353.82159423828125,2342244,0.0,0.0
2017-05-11,HDFCBANK.NS,387.75,390.0,385.25,386.6000061035156,352.59033203125,3875744,0.0,0.0
2017-05-12,HDFCBANK.NS,386.4750061035156,389.2250061035156,384.0499877929688,387.9125061035156,353.787353515625,6147604,0.0,0.0
2017-05-15,HDFCBANK.NS,387.5,389.2999877929688,385.5625,388.3500061035156,354.1864318847656,2804780,0.0,0.0
2017-05-16,HDFCBANK.NS,388.75,390.5,387.0625,389.9125061035156,355.6114807128906,3590376,0.0,0.0
2017-05-17,HDFCBANK.NS,389.7000122070313,391.3500061035156,387.875,389.2875061035156,355.0414733886719,3472472,0.0,0.0
2017-05-18,HDFCBANK.NS,387.25,390.375,387.0249938964844,389.2749938964844,355.0300598144531,3107280,0.0,0.0
2017-05-19,HDFCBANK.NS,389.875,392.4750061035156,386.3125,390.3125,355.976318359375,2854136,0.0,0.0
2017-05-22,HDFCBANK.NS,391.2749938964844,395.0,390.7749938964844,394.0,359.3393249511719,2860052,0.0,0.0
2017-05-23,HDFCBANK.NS,395.0,395.8875122070313,391.25,392.2749938964844,357.7661437988281,3080172,0.0,0.0
2017-05-24,HDFCBANK.NS,392.2625122070313,393.8624877929688,390.5,391.6875,357.2303161621094,3467388,0.0,0.0
2017-05-25,HDFCBANK.NS,391.7749938964844,407.3500061035156,391.7749938964844,404.2875061035156,368.7218322753906,20090804,0.0,0.0
2017-05-26,HDFCBANK.NS,401.6625061035156,408.0,400.2749938964844,406.5,370.7397766113281,5443156,0.0,0.0
2017-05-29,HDFCBANK.NS,404.9500122070313,412.0,404.4125061035156,407.9750061035156,372.08502197265625,5916340,0.0,0.0
2017-05-30,HDFCBANK.NS,407.5,408.375,404.0375061035156,407.2625122070313,371.4351806640625,4434184,0.0,0.0
2017-05-31,HDFCBANK.NS,406.25,410.75,405.7875061035156,409.0499877929688,373.06536865234375,5318912,0.0,0.0
2017-06-01,HDFCBANK.NS,409.75,409.9624938964844,405.1375122070313,407.1499938964844,371.3325500488281,3359540,0.0,0.0
2017-06-02,HDFCBANK.NS,408.5,411.5249938964844,406.5499877929688,408.5625,372.6208190917969,3213544,0.0,0.0
2017-06-05,HDFCBANK.NS,408.4249877929688,409.7374877929688,406.25,408.8875122070313,372.9172058105469,2899900,0.0,0.0
2017-06-06,HDFCBANK.NS,408.75,410.9500122070313,407.5,409.7374877929688,373.6923828125,5002632,0.0,0.0
2017-06-07,HDFCBANK.NS,410.1000061035156,411.2250061035156,407.5874938964844,410.2000122070313,374.1142578125,2554276,0.0,0.0
2017-06-08,HDFCBANK.NS,410.9750061035156,414.8500061035156,410.4125061035156,411.1875,375.0148620605469,4248768,0.0,0.0
2017-06-09,HDFCBANK.NS,410.0249938964844,417.5,410.0249938964844,416.7000122070313,380.0425109863281,5305272,0.0,0.0
2017-06-12,HDFCBANK.NS,416.0,419.0,415.0,417.1875,380.4869995117188,3971412,0.0,0.0
2017-06-13,HDFCBANK.NS,415.4375,422.9750061035156,415.25,419.1749877929688,382.2996520996094,5051620,0.0,0.0
2017-06-14,HDFCBANK.NS,418.75,419.9874877929688,416.75,417.7999877929688,381.0456237792969,3858360,0.0,0.0
2017-06-15,HDFCBANK.NS,417.0,418.8999938964844,413.3999938964844,416.0874938964844,379.48382568359375,3526692,0.0,0.0
2017-06-16,HDFCBANK.NS,416.25,418.6749877929688,414.5249938964844,417.3125,380.60107421875,3755104,0.0,0.0
2017-06-19,HDFCBANK.NS,417.75,424.0,417.1000061035156,423.2250061035156,385.993408203125,3825532,0.0,0.0
2017-06-20,HDFCBANK.NS,422.5,423.5,419.9624938964844,421.6375122070313,384.5455932617188,3660264,0.0,0.0
2017-06-21,HDFCBANK.NS,420.6499938964844,425.3125,419.8999938964844,424.6749877929688,387.3157958984375,3410932,0.0,0.0
2017-06-22,HDFCBANK.NS,423.7374877929688,429.0,422.7999877929688,424.5,387.15625,6675460,0.0,0.0
2017-06-23,HDFCBANK.NS,425.5,425.6875,418.7999877929688,419.6625061035156,382.7443237304688,5217468,0.0,0.0
2017-06-27,HDFCBANK.NS,422.25,423.75,414.0625,416.9125061035156,380.2362365722656,6000432,0.0,0.0
2017-06-28,HDFCBANK.NS,416.25,418.75,414.4500122070313,416.6124877929688,379.9626159667969,4449036,0.0,0.0
2017-06-29,HDFCBANK.NS,416.75,420.4750061035156,412.7749938964844,415.7625122070313,381.7070007324219,9187708,2.75,0.0
2017-06-30,HDFCBANK.NS,413.4500122070313,415.0,410.75,413.0125122070313,379.1821594238281,4330432,0.0,0.0
2017-07-03,HDFCBANK.NS,413.1499938964844,416.875,411.8125,414.6499938964844,380.68560791015625,3504332,0.0,0.0
2017-07-04,HDFCBANK.NS,415.0625,416.6749877929688,413.0,413.3374938964844,379.4806518554688,3766080,0.0,0.0
2017-07-05,HDFCBANK.NS,413.2749938964844,414.875,411.25,412.1875,378.4248046875,4014200,0.0,0.0
2017-07-06,HDFCBANK.NS,413.1375122070313,415.75,412.8374938964844,414.5375061035156,380.5823364257813,4571676,0.0,0.0
2017-07-07,HDFCBANK.NS,415.2124938964844,417.3999938964844,414.5,416.7999877929688,382.6594848632813,5517396,0.0,0.0
2017-07-10,HDFCBANK.NS,417.0,437.0,415.2625122070313,419.0874938964844,384.7596435546875,1309252,0.0,0.0
2017-07-11,HDFCBANK.NS,419.3875122070313,422.7000122070313,416.7749938964844,420.1000061035156,385.689208984375,4410280,0.0,0.0
2017-07-12,HDFCBANK.NS,420.0,421.25,414.6375122070313,420.3125,385.88427734375,5738892,0.0,0.0
2017-07-13,HDFCBANK.NS,422.0,423.3250122070313,419.9125061035156,420.8875122070313,386.4122314453125,4481004,0.0,0.0
2017-07-14,HDFCBANK.NS,420.9750061035156,421.5125122070313,418.0,419.9874877929688,385.5859069824219,2443252,0.0,0.0
2017-07-17,HDFCBANK.NS,420.6375122070313,421.9125061035156,419.25,420.5874938964844,386.13677978515625,2399340,0.0,0.0
2017-07-18,HDFCBANK.NS,419.9249877929688,421.9624938964844,419.3374938964844,420.8875122070313,386.4122314453125,2322188,0.0,0.0
2017-07-19,HDFCBANK.NS,421.25,424.0499877929688,420.4624938964844,423.0750122070313,388.4205322265625,3987244,0.0,0.0
2017-07-20,HDFCBANK.NS,423.4750061035156,428.75,422.0375061035156,427.7250061035156,392.6896362304688,3698476,0.0,0.0
2017-07-21,HDFCBANK.NS,428.5249938964844,428.8125,425.0,425.7625122070313,390.8878784179688,3873508,0.0,0.0
2017-07-24,HDFCBANK.NS,427.5,435.0,423.75,433.7749938964844,398.2440490722656,19678176,0.0,0.0
2017-07-25,HDFCBANK.NS,439.75,439.75,433.2625122070313,434.9125061035156,399.2884216308594,11160468,0.0,0.0
2017-07-26,HDFCBANK.NS,435.5,438.75,433.125,436.8875122070313,401.1016540527344,3895344,0.0,0.0
2017-07-27,HDFCBANK.NS,439.0,449.7000122070313,437.8875122070313,447.4125061035156,410.7644958496094,17961712,0.0,0.0
2017-07-28,HDFCBANK.NS,443.0,446.625,440.2749938964844,444.625,408.2053833007813,9255396,0.0,0.0
2017-07-31,HDFCBANK.NS,444.3875122070313,447.75,441.6375122070313,446.1000061035156,409.5595397949219,7369140,0.0,0.0
2017-08-01,HDFCBANK.NS,445.4624938964844,452.2875061035156,443.0499877929688,449.2999877929688,412.4973754882813,8516860,0.0,0.0
2017-08-02,HDFCBANK.NS,451.75,451.75,445.5125122070313,447.9125061035156,411.2235412597656,7397916,0.0,0.0
2017-08-03,HDFCBANK.NS,447.0,448.0,443.6000061035156,444.9874877929688,408.5382080078125,4256784,0.0,0.0
2017-08-04,HDFCBANK.NS,444.25,449.1875,441.5375061035156,447.5625,410.9021606445313,3545068,0.0,0.0
2017-08-07,HDFCBANK.NS,446.5,449.1124877929688,446.25,447.1375122070313,410.5119934082031,1918660,0.0,0.0
2017-08-08,HDFCBANK.NS,448.0249938964844,449.3125,441.5249938964844,444.4750061035156,408.0676574707031,4035372,0.0,0.0
2017-08-09,HDFCBANK.NS,442.75,444.2625122070313,439.5874938964844,441.1124877929688,404.98052978515625,3270056,0.0,0.0
2017-08-10,HDFCBANK.NS,440.0,441.5,438.2124938964844,440.1124877929688,404.0624694824219,7788444,0.0,0.0
2017-08-11,HDFCBANK.NS,436.25,439.5,432.7875061035156,437.2625122070313,401.4459533691406,6359836,0.0,0.0
2017-08-14,HDFCBANK.NS,438.25,443.7374877929688,437.0,439.2999877929688,403.31646728515625,3577084,0.0,0.0
2017-08-16,HDFCBANK.NS,440.5874938964844,447.4500122070313,437.1375122070313,445.3125,408.8364868164063,4426832,0.0,0.0
2017-08-17,HDFCBANK.NS,444.0625,445.2374877929688,438.4375,441.3500061035156,405.1985778808594,5454868,0.0,0.0
2017-08-18,HDFCBANK.NS,440.0,440.25,435.75,438.0375061035156,402.1574401855469,3707464,0.0,0.0
2017-08-21,HDFCBANK.NS,438.5,439.75,434.5499877929688,435.7999877929688,400.1032104492188,4009724,0.0,0.0
2017-08-22,HDFCBANK.NS,437.8250122070313,438.5,434.2000122070313,436.75,400.9753723144531,6609556,0.0,0.0
2017-08-23,HDFCBANK.NS,437.5,444.4874877929688,437.5,443.1124877929688,406.8167419433594,3360524,0.0,0.0
2017-08-24,HDFCBANK.NS,443.7250061035156,443.7374877929688,439.7875061035156,440.625,404.5329895019531,7878276,0.0,0.0
2017-08-28,HDFCBANK.NS,440.6000061035156,442.7875061035156,439.5874938964844,440.5625,404.4756164550781,1507784,0.0,0.0
2017-08-29,HDFCBANK.NS,439.75,439.75,434.5,436.5375061035156,400.78033447265625,4918596,0.0,0.0
2017-08-30,HDFCBANK.NS,437.9874877929688,442.5,437.5125122070313,442.1375122070313,405.9216003417969,2694320,0.0,0.0
2017-08-31,HDFCBANK.NS,443.0,444.9624938964844,439.1000061035156,444.1124877929688,407.73480224609375,7303436,0.0,0.0
2017-09-01,HDFCBANK.NS,445.25,445.3624877929688,440.2749938964844,441.8999938964844,405.7035217285156,2295172,0.0,0.0
2017-09-04,HDFCBANK.NS,441.25,441.25,436.5249938964844,437.7250061035156,401.8704833984375,3642524,0.0,0.0
2017-09-05,HDFCBANK.NS,439.25,441.2250061035156,437.75,438.8374938964844,402.891845703125,3682436,0.0,0.0
2017-09-06,HDFCBANK.NS,435.9375,440.7000122070313,434.5,439.9750061035156,403.9362182617188,5751632,0.0,0.0
2017-09-07,HDFCBANK.NS,440.0249938964844,444.1875,440.0249938964844,441.6375122070313,405.4625549316406,6946420,0.0,0.0
2017-09-08,HDFCBANK.NS,443.3500061035156,447.5,442.75,446.9125061035156,410.3054809570313,8311664,0.0,0.0
2017-09-11,HDFCBANK.NS,448.25,457.25,447.5499877929688,455.8374938964844,418.4994201660156,11477676,0.0,0.0
2017-09-12,HDFCBANK.NS,456.9249877929688,459.9750061035156,454.5750122070313,458.7999877929688,421.2192077636719,6687680,0.0,0.0
2017-09-13,HDFCBANK.NS,458.75,462.25,456.0,460.4624938964844,422.74554443359375,4995376,0.0,0.0
2017-09-14,HDFCBANK.NS,460.0375061035156,463.125,457.875,459.8500061035156,422.1832275390625,8154016,0.0,0.0
2017-09-15,HDFCBANK.NS,459.0,462.9500122070313,458.3624877929688,462.2374877929688,424.3751831054688,3767332,0.0,0.0
2017-09-18,HDFCBANK.NS,463.3875122070313,466.1124877929688,463.125,465.1124877929688,427.0146484375,4084928,0.0,0.0
2017-09-19,HDFCBANK.NS,466.2250061035156,467.0,461.8875122070313,462.4249877929688,424.5473327636719,4241468,0.0,0.0
2017-09-20,HDFCBANK.NS,462.0,465.3624877929688,461.3125,462.2124938964844,424.3522338867188,3446128,0.0,0.0
2017-09-21,HDFCBANK.NS,462.0,462.125,457.6749877929688,459.7749938964844,422.1143798828125,7712496,0.0,0.0
2017-09-22,HDFCBANK.NS,458.7000122070313,459.7374877929688,455.0,456.0249938964844,418.6715087890625,8243524,0.0,0.0
2017-09-25,HDFCBANK.NS,455.6124877929688,455.6124877929688,448.1499938964844,449.9375,413.0826721191406,10149228,0.0,0.0
2017-09-26,HDFCBANK.NS,447.2625122070313,449.1499938964844,446.25,448.0750122070313,411.3727416992188,11438732,0.0,0.0
2017-09-27,HDFCBANK.NS,449.0,451.3999938964844,442.5,444.125,407.7462768554688,7337220,0.0,0.0
2017-09-28,HDFCBANK.NS,443.5,449.75,440.8250122070313,448.8250122070313,412.0613403320313,27646464,0.0,0.0
2017-09-29,HDFCBANK.NS,450.0249938964844,455.5,449.0625,451.4249877929688,414.4483642578125,6213632,0.0,0.0
2017-10-03,HDFCBANK.NS,452.0,455.25,449.2749938964844,452.2124938964844,415.17132568359375,4394424,0.0,0.0
2017-10-04,HDFCBANK.NS,451.9750061035156,452.9750061035156,448.3374938964844,449.25,412.4515380859375,6625104,0.0,0.0
2017-10-05,HDFCBANK.NS,448.75,451.25,448.2749938964844,449.6499938964844,412.8186645507813,3336196,0.0,0.0
2017-10-06,HDFCBANK.NS,449.5,451.1124877929688,448.5,450.0249938964844,413.16302490234375,3030660,0.0,0.0
2017-10-09,HDFCBANK.NS,449.7000122070313,450.75,447.625,448.875,412.1072082519531,3062492,0.0,0.0
2017-10-10,HDFCBANK.NS,449.75,453.7374877929688,448.1625061035156,450.6749877929688,413.759765625,3798180,0.0,0.0
2017-10-11,HDFCBANK.NS,450.8125,453.8125,446.8999938964844,447.5375061035156,410.8792724609375,5267440,0.0,0.0
2017-10-12,HDFCBANK.NS,448.7749938964844,455.3624877929688,447.0,454.7000122070313,417.455078125,5381560,0.0,0.0
2017-10-13,HDFCBANK.NS,456.6749877929688,464.1375122070313,455.5,462.7000122070313,424.7998352050781,6433464,0.0,0.0
2017-10-16,HDFCBANK.NS,465.0,468.3125,460.5,464.2875061035156,426.25726318359375,3274544,0.0,0.0
2017-10-17,HDFCBANK.NS,462.5,463.4249877929688,459.7749938964844,462.8125,424.9031066894531,2613288,0.0,0.0
2017-10-18,HDFCBANK.NS,460.25,468.75,459.75,467.125,428.8623352050781,3926720,0.0,0.0
2017-10-19,HDFCBANK.NS,465.4500122070313,466.25,460.1625061035156,462.1000061035156,424.2489318847656,570008,0.0,0.0
2017-10-23,HDFCBANK.NS,464.9750061035156,467.4249877929688,459.0125122070313,465.8250122070313,427.6688537597656,4162892,0.0,0.0
2017-10-24,HDFCBANK.NS,465.75,469.8999938964844,463.25,466.7749938964844,428.541015625,11328872,0.0,0.0
2017-10-25,HDFCBANK.NS,465.0,465.75,446.25,448.7749938964844,412.015380859375,21367208,0.0,0.0
2017-10-26,HDFCBANK.NS,442.0,452.5,439.4624938964844,448.8374938964844,412.0727844238281,28571464,0.0,0.0
2017-10-27,HDFCBANK.NS,451.1000061035156,451.875,444.75,447.7625122070313,411.0858459472656,7472088,0.0,0.0
2017-10-30,HDFCBANK.NS,449.5625,454.0,448.1000061035156,453.75,416.5828857421875,5422352,0.0,0.0
2017-10-31,HDFCBANK.NS,452.875,452.875,449.8125,452.125,415.0910034179688,4682460,0.0,0.0
2017-11-01,HDFCBANK.NS,453.7749938964844,456.25,453.0,455.2999877929688,418.0059509277344,4190612,0.0,0.0
2017-11-02,HDFCBANK.NS,455.75,457.4500122070313,454.2374877929688,455.5249938964844,418.2124938964844,4737944,0.0,0.0
2017-11-03,HDFCBANK.NS,456.4249877929688,460.0,455.3999938964844,457.6749877929688,420.1863708496094,3810488,0.0,0.0
2017-11-06,HDFCBANK.NS,456.25,460.0,455.6499938964844,457.1499938964844,419.7043762207031,6148244,0.0,0.0
2017-11-07,HDFCBANK.NS,459.5,461.2374877929688,455.1875,455.9249877929688,418.5797119140625,7446376,0.0,0.0
2017-11-08,HDFCBANK.NS,456.2999877929688,458.3999938964844,454.75,456.4874877929688,419.09613037109375,3283144,0.0,0.0
2017-11-09,HDFCBANK.NS,456.75,458.75,455.2749938964844,456.9624938964844,419.53228759765625,3113308,0.0,0.0
2017-11-10,HDFCBANK.NS,455.4249877929688,458.7000122070313,453.0874938964844,455.5,418.18951416015625,7744360,0.0,0.0
2017-11-13,HDFCBANK.NS,455.5,455.7875061035156,448.75,453.3875122070313,416.2500915527344,3335872,0.0,0.0
2017-11-14,HDFCBANK.NS,453.9750061035156,454.75,450.0,450.5874938964844,413.679443359375,4712468,0.0,0.0
2017-11-15,HDFCBANK.NS,449.5,450.9125061035156,447.0,450.0625,413.1974182128906,6148368,0.0,0.0
2017-11-16,HDFCBANK.NS,451.0,454.0,448.7999877929688,451.9249877929688,414.9073791503906,4012972,0.0,0.0
2017-11-17,HDFCBANK.NS,457.1749877929688,459.5750122070313,453.2875061035156,456.3875122070313,419.0043640136719,6358772,0.0,0.0
2017-11-20,HDFCBANK.NS,457.25,459.9249877929688,457.25,459.5375061035156,421.8963317871094,2392424,0.0,0.0
2017-11-21,HDFCBANK.NS,459.3624877929688,462.5,459.0249938964844,461.5625,423.7554321289063,2275532,0.0,0.0
2017-11-22,HDFCBANK.NS,462.4249877929688,465.0,461.1375122070313,463.8125,425.8211975097656,5660796,0.0,0.0
2017-11-23,HDFCBANK.NS,464.75,465.0,459.5,460.7124938964844,422.97509765625,3232580,0.0,0.0
2017-11-24,HDFCBANK.NS,460.75,464.4500122070313,460.25,462.8500061035156,424.9374694824219,5203684,0.0,0.0
2017-11-27,HDFCBANK.NS,462.25,465.5,461.3999938964844,464.3875122070313,426.34906005859375,3870472,0.0,0.0
2017-11-28,HDFCBANK.NS,464.0,467.75,463.9624938964844,466.3374938964844,428.1393127441406,5090540,0.0,0.0
2017-11-29,HDFCBANK.NS,466.25,468.875,463.9500122070313,468.3250122070313,429.9640808105469,3274584,0.0,0.0
2017-11-30,HDFCBANK.NS,467.1749877929688,468.4874877929688,460.0,463.4249877929688,425.4654235839844,5796312,0.0,0.0
2017-12-01,HDFCBANK.NS,463.7250061035156,465.0,461.0249938964844,462.0499877929688,424.2030029296875,3858148,0.0,0.0
2017-12-04,HDFCBANK.NS,463.7250061035156,463.7250061035156,457.5249938964844,458.5249938964844,420.966796875,3641932,0.0,0.0
2017-12-05,HDFCBANK.NS,456.5,457.1375122070313,451.75,455.1124877929688,417.8338012695313,3893360,0.0,0.0
2017-12-06,HDFCBANK.NS,454.9874877929688,455.3374938964844,449.75,450.8250122070313,413.8974914550781,6395120,0.0,0.0
2017-12-07,HDFCBANK.NS,451.6625061035156,454.1499938964844,450.7749938964844,452.4125061035156,415.35498046875,4231304,0.0,0.0
2017-12-08,HDFCBANK.NS,453.5,463.25,453.5,460.1000061035156,422.4127197265625,8956400,0.0,0.0
2017-12-11,HDFCBANK.NS,462.0,462.9375,460.0,461.6000061035156,423.7898864746094,3198232,0.0,0.0
2017-12-12,HDFCBANK.NS,462.2749938964844,462.4750061035156,453.9874877929688,454.9750061035156,417.7075500488281,2410588,0.0,0.0
2017-12-13,HDFCBANK.NS,455.0125122070313,461.25,453.7749938964844,455.3374938964844,418.0404052734375,2907460,0.0,0.0
2017-12-14,HDFCBANK.NS,456.0,460.0,453.0,459.5125122070313,421.8734130859375,3683092,0.0,0.0
2017-12-15,HDFCBANK.NS,464.0,472.0,463.875,468.3624877929688,429.9984436035156,12450124,0.0,0.0
2017-12-18,HDFCBANK.NS,463.75,474.75,452.3250122070313,469.7374877929688,431.2608642578125,12297988,0.0,0.0
2017-12-19,HDFCBANK.NS,469.9500122070313,473.4125061035156,469.0375061035156,471.125,432.5346984863281,4952112,0.0,0.0
2017-12-20,HDFCBANK.NS,474.7250061035156,475.7749938964844,465.9125061035156,467.0375061035156,428.7820129394531,9343504,0.0,0.0
2017-12-21,HDFCBANK.NS,469.9750061035156,471.25,466.2999877929688,467.0750122070313,428.8164367675781,6854544,0.0,0.0
2017-12-22,HDFCBANK.NS,469.75,470.0,465.4375,469.1625061035156,430.7329406738281,4470904,0.0,0.0
2017-12-26,HDFCBANK.NS,470.25,470.7000122070313,464.1749877929688,467.0874938964844,428.8279418945313,6785696,0.0,0.0
2017-12-27,HDFCBANK.NS,467.5249938964844,467.5750122070313,462.7875061035156,464.1875,426.16546630859375,3489384,0.0,0.0
2017-12-28,HDFCBANK.NS,464.7250061035156,470.2250061035156,464.5,469.5125122070313,431.0542297363281,8700520,0.0,0.0
2017-12-29,HDFCBANK.NS,469.2000122070313,469.7999877929688,467.0375061035156,468.1000061035156,429.7574768066406,6345872,0.0,0.0
2018-01-02,HDFCBANK.NS,464.6375122070313,468.75,464.6375122070313,468.0874938964844,429.7460021972656,4776316,0.0,0.0
2018-01-03,HDFCBANK.NS,468.75,469.5625,462.7999877929688,463.1625061035156,425.2244262695313,4531288,0.0,0.0
2018-01-04,HDFCBANK.NS,463.25,466.375,463.25,464.9750061035156,426.8884582519531,2373776,0.0,0.0
2018-01-05,HDFCBANK.NS,465.75,467.0125122070313,463.8875122070313,465.8999938964844,427.7376403808594,2870868,0.0,0.0
2018-01-08,HDFCBANK.NS,466.25,467.6749877929688,464.4375,465.1499938964844,427.0491027832031,4570308,0.0,0.0
2018-01-09,HDFCBANK.NS,465.5,467.4624938964844,463.75,465.9249877929688,427.7606201171875,5305528,0.0,0.0
2018-01-10,HDFCBANK.NS,466.2999877929688,466.9750061035156,464.3250122070313,466.0499877929688,427.8753662109375,4615888,0.0,0.0
2018-01-11,HDFCBANK.NS,466.0499877929688,469.0,464.0625,468.1375122070313,429.7919006347656,4059096,0.0,0.0
2018-01-12,HDFCBANK.NS,468.25,469.5375061035156,465.0,466.3250122070313,428.1278991699219,4336708,0.0,0.0
2018-01-15,HDFCBANK.NS,467.4874877929688,476.1000061035156,464.9624938964844,474.4375,435.5758666992188,12576444,0.0,0.0
2018-01-16,HDFCBANK.NS,475.8624877929688,477.5,471.3125,475.0375061035156,436.1266784667969,6445384,0.0,0.0
2018-01-17,HDFCBANK.NS,474.25,475.6375122070313,471.75,472.625,433.9118347167969,2905496,0.0,0.0
2018-01-18,HDFCBANK.NS,481.0,488.5,479.5125122070313,483.5750122070313,443.96490478515625,16649540,0.0,0.0
2018-01-19,HDFCBANK.NS,483.7875061035156,489.9750061035156,479.8125,488.0499877929688,448.0733337402344,11455988,0.0,0.0
2018-01-22,HDFCBANK.NS,490.0,497.0,488.2875061035156,490.8374938964844,450.6325378417969,8849768,0.0,0.0
2018-01-23,HDFCBANK.NS,491.25,491.6749877929688,485.8250122070313,487.8250122070313,447.8668212890625,5047796,0.0,0.0
2018-01-24,HDFCBANK.NS,488.1375122070313,492.25,487.6499938964844,489.4125061035156,449.3242492675781,4790568,0.0,0.0
2018-01-25,HDFCBANK.NS,488.4750061035156,495.0,487.625,493.7374877929688,453.29498291015625,8723668,0.0,0.0
2018-01-29,HDFCBANK.NS,494.5,501.7374877929688,494.5,499.9125061035156,458.9641723632813,8235892,0.0,0.0
2018-01-30,HDFCBANK.NS,499.4500122070313,500.4750061035156,496.0375061035156,498.875,458.0116882324219,6397560,0.0,0.0
2018-01-31,HDFCBANK.NS,497.3500061035156,503.375,496.75,501.4249877929688,460.352783203125,6943348,0.0,0.0
2018-02-01,HDFCBANK.NS,501.5,503.75,496.3250122070313,497.7875061035156,457.0132141113281,6521420,0.0,0.0
2018-02-02,HDFCBANK.NS,496.5,497.4750061035156,485.375,487.0,447.1093444824219,7346124,0.0,0.0
2018-02-05,HDFCBANK.NS,479.5,483.8125,476.4624938964844,478.4624938964844,439.2711791992188,7926784,0.0,0.0
2018-02-06,HDFCBANK.NS,465.0,478.0,459.0750122070313,474.2000122070313,435.35784912109375,10749804,0.0,0.0
2018-02-07,HDFCBANK.NS,476.75,476.75,465.6000061035156,468.2000122070313,429.8492736816406,8364972,0.0,0.0
2018-02-08,HDFCBANK.NS,471.0,474.6499938964844,466.625,470.2374877929688,431.7199096679688,5171444,0.0,0.0
2018-02-09,HDFCBANK.NS,461.9750061035156,466.1749877929688,461.0249938964844,462.375,424.50140380859375,6408952,0.0,0.0
2018-02-12,HDFCBANK.NS,465.0,471.5,463.7875061035156,469.1625061035156,430.7329406738281,4381108,0.0,0.0
2018-02-14,HDFCBANK.NS,472.4500122070313,474.4750061035156,468.6625061035156,470.7875061035156,432.224853515625,3577188,0.0,0.0
2018-02-15,HDFCBANK.NS,472.4249877929688,473.6875,468.75,470.4750061035156,431.93798828125,4915224,0.0,0.0
2018-02-16,HDFCBANK.NS,470.9750061035156,473.7124938964844,468.9125061035156,469.6499938964844,431.1805725097656,3583520,0.0,0.0
2018-02-19,HDFCBANK.NS,470.6499938964844,471.8999938964844,464.7625122070313,469.5499877929688,431.0887145996094,3654552,0.0,0.0
2018-02-20,HDFCBANK.NS,471.1875,471.4624938964844,464.7000122070313,465.7999877929688,427.6458435058594,4084068,0.0,0.0
2018-02-21,HDFCBANK.NS,466.9874877929688,467.1375122070313,463.0499877929688,464.3500061035156,426.3146667480469,2753072,0.0,0.0
2018-02-22,HDFCBANK.NS,462.5,465.0,460.3875122070313,463.2999877929688,425.3506164550781,13253596,0.0,0.0
2018-02-23,HDFCBANK.NS,464.2250061035156,471.2124938964844,462.6000061035156,470.1375122070313,431.6280822753906,4076748,0.0,0.0
2018-02-26,HDFCBANK.NS,472.0249938964844,478.7000122070313,470.8875122070313,477.8875122070313,438.74322509765625,4788884,0.0,0.0
2018-02-27,HDFCBANK.NS,478.6875,480.4375,475.0,475.6375122070313,436.6776123046875,4787328,0.0,0.0
2018-02-28,HDFCBANK.NS,472.3875122070313,473.8624877929688,469.5,471.0499877929688,432.4658508300781,4066364,0.0,0.0
2018-03-01,HDFCBANK.NS,469.8250122070313,473.3250122070313,467.0,468.5874938964844,430.2050476074219,3909840,0.0,0.0
2018-03-05,HDFCBANK.NS,468.5375061035156,469.5,464.5625,467.4874877929688,429.1951293945313,3781464,0.0,0.0
2018-03-06,HDFCBANK.NS,467.5,469.9750061035156,459.875,461.5625,423.7554321289063,4576828,0.0,0.0
2018-03-07,HDFCBANK.NS,460.0,463.3500061035156,457.125,458.1499938964844,420.6225280761719,5628164,0.0,0.0
2018-03-08,HDFCBANK.NS,459.9500122070313,464.625,458.0,463.2124938964844,425.2702941894531,5518724,0.0,0.0
2018-03-09,HDFCBANK.NS,463.7374877929688,466.3125,461.0,462.7625122070313,424.857177734375,4108108,0.0,0.0
2018-03-12,HDFCBANK.NS,465.0499877929688,467.3624877929688,463.3500061035156,466.8125,428.575439453125,6557116,0.0,0.0
2018-03-13,HDFCBANK.NS,466.8624877929688,471.1875,463.75,465.0625,426.9688415527344,5124200,0.0,0.0
2018-03-14,HDFCBANK.NS,464.0,466.9750061035156,462.0,466.125,427.9442443847656,3680392,0.0,0.0
2018-03-15,HDFCBANK.NS,466.2999877929688,471.875,466.2999877929688,470.2000122070313,431.685546875,5870924,0.0,0.0
2018-03-16,HDFCBANK.NS,470.0,470.2749938964844,461.6375122070313,463.25,425.30474853515625,7896336,0.0,0.0
2018-03-19,HDFCBANK.NS,463.25,465.0,460.7875061035156,461.8125,423.9849548339844,7838740,0.0,0.0
2018-03-20,HDFCBANK.NS,461.2749938964844,463.9750061035156,458.8125,459.875,422.2062072753906,3657372,0.0,0.0
2018-03-21,HDFCBANK.NS,462.0,465.7999877929688,460.8250122070313,464.7250061035156,426.6589660644531,5921140,0.0,0.0
2018-03-22,HDFCBANK.NS,464.7250061035156,470.0,463.7749938964844,466.9375,428.690185546875,6673224,0.0,0.0
2018-03-23,HDFCBANK.NS,461.6625061035156,463.2749938964844,459.3125,460.3875122070313,422.6767272949219,7190152,0.0,0.0
2018-03-26,HDFCBANK.NS,459.9750061035156,475.0,458.375,473.3624877929688,434.58892822265625,10501768,0.0,0.0
2018-03-27,HDFCBANK.NS,473.4500122070313,474.75,469.0,473.1499938964844,434.3938293457031,6136836,0.0,0.0
2018-03-28,HDFCBANK.NS,470.7374877929688,474.9249877929688,469.0125122070313,471.5249938964844,432.9018859863281,8837508,0.0,0.0
2018-04-02,HDFCBANK.NS,472.625,483.9375,472.625,482.7999877929688,443.2533874511719,4596368,0.0,0.0
2018-04-03,HDFCBANK.NS,480.9874877929688,481.4249877929688,477.75,478.9750061035156,439.7416687011719,4079884,0.0,0.0
2018-04-04,HDFCBANK.NS,478.2374877929688,481.2374877929688,469.6124877929688,470.8125,432.2477722167969,3714108,0.0,0.0
2018-04-05,HDFCBANK.NS,475.3250122070313,478.5,472.5499877929688,477.2250061035156,438.1350402832031,4858892,0.0,0.0
2018-04-06,HDFCBANK.NS,478.0499877929688,481.6124877929688,476.4500122070313,480.8500061035156,441.463134765625,3720008,0.0,0.0
2018-04-09,HDFCBANK.NS,479.7000122070313,485.5,479.1000061035156,484.7625122070313,445.0550842285156,4003536,0.0,0.0
2018-04-10,HDFCBANK.NS,485.75,485.75,478.375,480.2124938964844,440.8778076171875,6067236,0.0,0.0
2018-04-11,HDFCBANK.NS,478.9750061035156,480.0,476.3500061035156,479.7124938964844,440.4187622070313,2870812,0.0,0.0
2018-04-12,HDFCBANK.NS,479.0,483.2250061035156,476.4750061035156,482.2000122070313,442.7025146484375,4712516,0.0,0.0
2018-04-13,HDFCBANK.NS,482.0,485.0,479.7749938964844,481.25,441.8303527832031,3297172,0.0,0.0
2018-04-16,HDFCBANK.NS,480.0,487.5,479.9624938964844,485.5249938964844,445.7551574707031,2847744,0.0,0.0
2018-04-17,HDFCBANK.NS,485.875,487.75,483.5249938964844,487.125,447.2240905761719,2667832,0.0,0.0
2018-04-18,HDFCBANK.NS,487.75,488.375,482.5125122070313,483.1499938964844,443.57470703125,2712720,0.0,0.0
2018-04-19,HDFCBANK.NS,485.0,486.2000122070313,483.25,484.75,445.0436706542969,3169032,0.0,0.0
2018-04-20,HDFCBANK.NS,485.25,490.25,483.0375061035156,488.9750061035156,448.922607421875,9361380,0.0,0.0
2018-04-23,HDFCBANK.NS,494.75,494.75,465.0750122070313,483.9375,444.2976989746094,15304620,0.0,0.0
2018-04-24,HDFCBANK.NS,483.75,487.0125122070313,481.5,483.75,444.1255187988281,5037416,0.0,0.0
2018-04-25,HDFCBANK.NS,481.9750061035156,484.5,478.0,480.1875,440.8548889160156,4020592,0.0,0.0
2018-04-26,HDFCBANK.NS,479.2000122070313,484.7999877929688,477.8125,482.5625,443.0353393554688,7847480,0.0,0.0
2018-04-27,HDFCBANK.NS,483.25,483.875,478.125,480.8500061035156,441.463134765625,5777008,0.0,0.0
2018-04-30,HDFCBANK.NS,482.5,488.7000122070313,482.2000122070313,486.0750122070313,446.2601318359375,4609552,0.0,0.0
2018-05-02,HDFCBANK.NS,487.5,494.5,486.5,492.375,452.0440673828125,7100048,0.0,0.0
2018-05-03,HDFCBANK.NS,492.0125122070313,493.7250061035156,486.5,491.9750061035156,451.6769104003906,4152772,0.0,0.0
2018-05-04,HDFCBANK.NS,492.5,497.5,491.5750122070313,497.125,456.4049987792969,6881436,0.0,0.0
2018-05-07,HDFCBANK.NS,495.4125061035156,496.8250122070313,493.75,494.3500061035156,453.8572998046875,5264128,0.0,0.0
2018-05-08,HDFCBANK.NS,494.8125,494.9750061035156,488.6499938964844,491.7625122070313,451.4817504882813,7100564,0.0,0.0
2018-05-09,HDFCBANK.NS,489.0375061035156,495.125,489.0375061035156,494.6000061035156,454.0868225097656,4327332,0.0,0.0
2018-05-10,HDFCBANK.NS,497.1499938964844,499.75,495.5,498.1749877929688,457.3689880371094,7171672,0.0,0.0
2018-05-11,HDFCBANK.NS,498.1749877929688,504.25,496.5,502.9375,461.7413635253906,6057068,0.0,0.0
2018-05-14,HDFCBANK.NS,504.2999877929688,506.8500061035156,503.1000061035156,505.4375,464.03662109375,4742916,0.0,0.0
2018-05-15,HDFCBANK.NS,506.7625122070313,516.25,506.6749877929688,509.4500122070313,467.7205200195313,9826684,0.0,0.0
2018-05-16,HDFCBANK.NS,507.6375122070313,512.25,504.2875061035156,505.8374938964844,464.4038391113281,6841604,0.0,0.0
2018-05-17,HDFCBANK.NS,505.9624938964844,511.1124877929688,503.125,506.9375,465.4137573242188,6615476,0.0,0.0
2018-05-18,HDFCBANK.NS,506.1749877929688,506.1749877929688,500.875,503.0375061035156,461.8331909179688,5217460,0.0,0.0
2018-05-21,HDFCBANK.NS,504.0249938964844,505.25,496.5125122070313,498.2625122070313,457.4493713378906,4848108,0.0,0.0
2018-05-22,HDFCBANK.NS,499.6749877929688,503.4874877929688,496.375,497.4750061035156,456.726318359375,3960372,0.0,0.0
2018-05-23,HDFCBANK.NS,496.9500122070313,498.5,490.8500061035156,491.875,451.5849914550781,5726292,0.0,0.0
2018-05-24,HDFCBANK.NS,491.7749938964844,497.5625,489.0874938964844,496.5,455.8312072753906,4520744,0.0,0.0
2018-05-25,HDFCBANK.NS,497.5,504.0,497.4750061035156,502.1749877929688,461.0413513183594,4759588,0.0,0.0
2018-05-28,HDFCBANK.NS,501.9500122070313,513.0,501.5,510.5499877929688,468.7303466796875,5103940,0.0,0.0
2018-05-29,HDFCBANK.NS,509.5,513.1749877929688,507.2000122070313,508.1499938964844,466.5269165039063,3351244,0.0,0.0
2018-05-30,HDFCBANK.NS,504.9249877929688,513.25,504.0750122070313,512.0875244140625,470.1418762207031,4866996,0.0,0.0
2018-05-31,HDFCBANK.NS,525.0,540.0,520.0,534.8624877929688,494.1878356933594,39639192,3.25,0.0
2018-06-01,HDFCBANK.NS,529.0,534.5,525.25,527.6500244140625,487.5238037109375,21151356,0.0,0.0
2018-06-04,HDFCBANK.NS,537.5,539.25,509.4874877929688,511.5499877929688,472.6481018066406,88796324,0.0,0.0
2018-06-05,HDFCBANK.NS,512.5,516.7374877929688,505.75,515.9000244140625,476.6672973632813,17105460,0.0,0.0
2018-06-06,HDFCBANK.NS,515.0499877929688,516.2000122070312,511.25,514.3375244140625,475.22369384765625,9782000,0.0,0.0
2018-06-07,HDFCBANK.NS,518.2999877929688,519.9500122070312,513.2999877929688,515.5499877929688,476.3439331054688,10563896,0.0,0.0
2018-06-08,HDFCBANK.NS,514.75,515.3125,508.75,512.3375244140625,473.3757629394531,6180888,0.0,0.0
2018-06-11,HDFCBANK.NS,512.9749755859375,515.7374877929688,509.7000122070313,510.5750122070313,471.7473449707031,7091188,0.0,0.0
2018-06-12,HDFCBANK.NS,512.9749755859375,513.1749877929688,509.6000061035156,510.9624938964844,472.1053466796875,5234256,0.0,0.0
2018-06-13,HDFCBANK.NS,513.0,513.7000122070312,506.0249938964844,507.8624877929688,469.2410888671875,7897960,0.0,0.0
2018-06-14,HDFCBANK.NS,507.5,511.25,506.25,509.3500061035156,470.6154479980469,16927576,0.0,0.0
2018-06-15,HDFCBANK.NS,506.5,509.7250061035156,505.5750122070313,507.3999938964844,468.8137817382813,10880816,0.0,0.0
2018-06-18,HDFCBANK.NS,507.5249938964844,509.7000122070313,502.2749938964844,504.7875061035156,466.3999633789063,7487404,0.0,0.0
2018-06-19,HDFCBANK.NS,506.2374877929688,510.1749877929688,504.8250122070313,505.875,467.40472412109375,10981152,0.0,0.0
2018-06-20,HDFCBANK.NS,506.5,514.5,506.25,514.0374755859375,474.9465026855469,9051712,0.0,0.0
2018-06-21,HDFCBANK.NS,515.0,517.7000122070312,511.7625122070313,514.4000244140625,475.2814636230469,13510704,0.0,0.0
2018-06-22,HDFCBANK.NS,514.2374877929688,522.2000122070312,512.4625244140625,520.8375244140625,481.2293395996094,7848980,0.0,0.0
2018-06-25,HDFCBANK.NS,520.7625122070312,524.4500122070312,518.2625122070312,523.7374877929688,483.9087829589844,6992336,0.0,0.0
2018-06-26,HDFCBANK.NS,521.5125122070312,525.75,519.9625244140625,523.4249877929688,483.62005615234375,9161932,0.0,0.0
2018-06-27,HDFCBANK.NS,523.25,529.875,522.5,528.1500244140625,487.9857482910156,19126804,0.0,0.0
2018-06-28,HDFCBANK.NS,528.75,535.0,527.7999877929688,532.7125244140625,492.2012939453125,37533540,0.0,0.0
2018-06-29,HDFCBANK.NS,530.4249877929688,535.0,526.2750244140625,527.1124877929688,487.0271606445313,19458120,0.0,0.0
2018-07-02,HDFCBANK.NS,527.0875244140625,527.0999755859375,515.8125,518.3125,478.8963623046875,9864876,0.0,0.0
2018-07-03,HDFCBANK.NS,518.3125,521.25,516.4000244140625,517.5499877929688,478.19183349609375,6863100,0.0,0.0
2018-07-04,HDFCBANK.NS,519.0625,527.0125122070312,517.25,525.8875122070312,485.8953247070313,6097992,0.0,0.0
2018-07-05,HDFCBANK.NS,526.25,532.25,523.1375122070312,530.9375,490.561279296875,9735968,0.0,0.0
2018-07-06,HDFCBANK.NS,528.3250122070312,533.8875122070312,527.8375244140625,528.7874755859375,488.5747680664063,8121344,0.0,0.0
2018-07-09,HDFCBANK.NS,530.4625244140625,532.5,526.9375,531.4124755859375,491.0001220703125,6182296,0.0,0.0
2018-07-10,HDFCBANK.NS,532.4749755859375,537.4000244140625,531.25,536.5999755859375,495.7931213378906,10950736,0.0,0.0
2018-07-11,HDFCBANK.NS,536.2625122070312,538.9249877929688,533.7000122070312,537.0625,496.2204895019531,5857920,0.0,0.0
2018-07-12,HDFCBANK.NS,538.2249755859375,544.9625244140625,538.0,541.4874877929688,500.3089904785156,8020668,0.0,0.0
2018-07-13,HDFCBANK.NS,542.0999755859375,547.7000122070312,540.7750244140625,545.2249755859375,503.7622680664063,7161188,0.0,0.0
2018-07-16,HDFCBANK.NS,544.8499755859375,547.5125122070312,540.9375,542.2125244140625,500.9789733886719,9017336,0.0,0.0
2018-07-17,HDFCBANK.NS,540.8125,545.25,540.8125,544.1875,502.8037109375,6361924,0.0,0.0
2018-07-18,HDFCBANK.NS,546.75,555.0,543.4124755859375,544.0499877929688,502.6766357421875,17460272,0.0,0.0
2018-07-19,HDFCBANK.NS,545.75,548.375,542.75,546.5250244140625,504.96337890625,5304776,0.0,0.0
2018-07-20,HDFCBANK.NS,546.5250244140625,550.7125244140625,542.7750244140625,547.2625122070312,505.6448974609375,10006964,0.0,0.0
2018-07-23,HDFCBANK.NS,537.5,544.5,534.5125122070312,539.1124877929688,498.1146240234375,16880132,0.0,0.0
2018-07-24,HDFCBANK.NS,536.75,542.25,536.75,539.9375,498.8768615722656,5208792,0.0,0.0
2018-07-25,HDFCBANK.NS,541.1624755859375,544.2000122070312,540.0,542.5875244140625,501.3253173828125,7038616,0.0,0.0
2018-07-26,HDFCBANK.NS,541.25,550.8624877929688,541.25,548.1500244140625,506.46484375,21281092,0.0,0.0
2018-07-27,HDFCBANK.NS,550.4874877929688,552.9874877929688,546.1749877929688,550.5374755859375,508.6706237792969,10554596,0.0,0.0
2018-07-30,HDFCBANK.NS,549.75,549.75,539.8499755859375,542.4749755859375,501.2214660644531,7169120,0.0,0.0
2018-07-31,HDFCBANK.NS,540.0,546.4749755859375,537.5125122070312,544.875,503.4389343261719,8860944,0.0,0.0
2018-08-01,HDFCBANK.NS,540.7000122070312,543.75,537.9249877929688,539.6749877929688,498.6343078613281,6071560,0.0,0.0
2018-08-02,HDFCBANK.NS,538.375,538.4249877929688,530.3375244140625,532.5499877929688,492.0511169433594,8905704,0.0,0.0
2018-08-03,HDFCBANK.NS,533.3875122070312,536.7625122070312,528.5,530.4124755859375,490.076171875,13604008,0.0,0.0
2018-08-06,HDFCBANK.NS,530.25,534.3499755859375,526.5250244140625,528.5750122070312,488.3784790039063,5744632,0.0,0.0
2018-08-07,HDFCBANK.NS,531.25,533.625,527.0,532.7249755859375,492.212890625,7428456,0.0,0.0
2018-08-08,HDFCBANK.NS,533.9625244140625,537.9500122070312,533.2625122070312,534.0875244140625,493.4717712402344,9945380,0.0,0.0
2018-08-09,HDFCBANK.NS,535.5,535.5,523.6624755859375,529.625,489.3486022949219,8944408,0.0,0.0
2018-08-10,HDFCBANK.NS,530.875,530.9500122070312,524.5,528.6124877929688,488.41302490234375,5442940,0.0,0.0
2018-08-13,HDFCBANK.NS,521.0,525.9874877929688,520.0,522.9124755859375,483.1465148925781,10054252,0.0,0.0
2018-08-14,HDFCBANK.NS,524.5,526.25,521.7999877929688,522.2750244140625,482.55755615234375,4935964,0.0,0.0
2018-08-16,HDFCBANK.NS,520.75,521.6749877929688,516.5999755859375,518.9249877929688,479.4623107910156,10625160,0.0,0.0
2018-08-17,HDFCBANK.NS,520.7249755859375,523.2625122070312,517.9124755859375,519.3375244140625,479.8434448242188,6065328,0.0,0.0
2018-08-20,HDFCBANK.NS,518.75,526.9000244140625,518.75,524.0499877929688,484.1975402832031,7811136,0.0,0.0
2018-08-21,HDFCBANK.NS,524.5,528.0,523.1624755859375,524.0125122070312,484.1629333496094,7776320,0.0,0.0
2018-08-23,HDFCBANK.NS,526.25,526.75,519.2125244140625,519.9749755859375,480.4324340820313,12574552,0.0,0.0
2018-08-24,HDFCBANK.NS,517.75,523.4000244140625,516.5125122070312,517.4625244140625,478.1110534667969,9714628,0.0,0.0
2018-08-27,HDFCBANK.NS,519.25,522.125,517.5625,520.1124877929688,480.5594482421875,12574788,0.0,0.0
2018-08-28,HDFCBANK.NS,522.0,524.5625,519.7000122070312,523.7125244140625,483.8857421875,9973532,0.0,0.0
2018-08-29,HDFCBANK.NS,523.0374755859375,523.5125122070312,518.1875,519.625,480.1091003417969,9873692,0.0,0.0
2018-08-30,HDFCBANK.NS,520.9000244140625,521.9749755859375,515.4625244140625,516.5250244140625,477.2448425292969,21827460,0.0,0.0
2018-08-31,HDFCBANK.NS,517.2999877929688,519.6875,514.5625,515.2999877929688,476.1129760742188,15771500,0.0,0.0
2018-09-03,HDFCBANK.NS,517.3499755859375,519.7374877929688,515.875,518.7625122070312,479.3121643066406,7661608,0.0,0.0
2018-09-04,HDFCBANK.NS,519.2249755859375,519.4874877929688,512.25,512.9500122070312,473.9417419433594,7130536,0.0,0.0
2018-09-05,HDFCBANK.NS,513.4500122070312,515.0499877929688,508.8875122070313,511.4624938964844,472.5672607421875,5641508,0.0,0.0
2018-09-06,HDFCBANK.NS,512.25,514.75,508.1499938964844,513.0499877929688,474.0340881347656,10402412,0.0,0.0
2018-09-07,HDFCBANK.NS,512.75,515.0,510.1875,514.2374877929688,475.1312255859375,5919300,0.0,0.0
2018-09-10,HDFCBANK.NS,513.75,513.75,506.2749938964844,510.2875061035156,471.4816284179688,8598592,0.0,0.0
2018-09-11,HDFCBANK.NS,511.5750122070313,512.0,498.5375061035156,500.1000061035156,462.0689086914063,18186536,0.0,0.0
2018-09-12,HDFCBANK.NS,500.4750061035156,505.3374938964844,497.3875122070313,502.9624938964844,464.7136840820313,12246008,0.0,0.0
2018-09-14,HDFCBANK.NS,504.9624938964844,509.3500061035156,504.7374877929688,507.3999938964844,468.8137817382813,10334672,0.0,0.0
2018-09-17,HDFCBANK.NS,505.3250122070313,505.7374877929688,497.0,498.0499877929688,460.1747741699219,9338220,0.0,0.0
2018-09-18,HDFCBANK.NS,498.7250061035156,502.4624938964844,495.2374877929688,497.2999877929688,459.4818115234375,9325736,0.0,0.0
2018-09-19,HDFCBANK.NS,498.7124938964844,499.5,489.125,490.3374938964844,453.04876708984375,16712264,0.0,0.0
2018-09-21,HDFCBANK.NS,493.4750061035156,499.9624938964844,477.5499877929688,492.5625,455.10455322265625,22610148,0.0,0.0
2018-09-24,HDFCBANK.NS,491.8125,493.0499877929688,478.75,481.4249877929688,444.8140869140625,13390792,0.0,0.0
2018-09-25,HDFCBANK.NS,481.4249877929688,490.5,478.75,488.1000061035156,450.9814758300781,16682552,0.0,0.0
2018-09-26,HDFCBANK.NS,490.7374877929688,494.5,488.8250122070313,492.0499877929688,454.6310424804688,14726724,0.0,0.0
2018-09-27,HDFCBANK.NS,492.3500061035156,496.5,488.7875061035156,494.0375061035156,456.4674072265625,18352208,0.0,0.0
2018-09-28,HDFCBANK.NS,495.1625061035156,503.8624877929688,494.2875061035156,501.5125122070313,463.3739929199219,14460716,0.0,0.0
2018-10-01,HDFCBANK.NS,502.4500122070313,510.5,499.4500122070313,508.8624877929688,470.1650390625,12449588,0.0,0.0
2018-10-03,HDFCBANK.NS,507.6124877929688,513.0499877929688,501.75,507.7875061035156,469.1717834472656,15332148,0.0,0.0
2018-10-04,HDFCBANK.NS,502.0,504.4500122070313,485.75,489.4375,452.21722412109375,17970584,0.0,0.0
2018-10-05,HDFCBANK.NS,488.4874877929688,497.5,485.0375061035156,491.3250122070313,453.9612121582031,15729180,0.0,0.0
2018-10-08,HDFCBANK.NS,491.25,492.25,482.5,486.25,449.2721252441406,20128020,0.0,0.0
2018-10-09,HDFCBANK.NS,486.1000061035156,491.25,482.5,485.1499938964844,448.2557067871094,12459364,0.0,0.0
2018-10-10,HDFCBANK.NS,486.25,495.5625,483.875,491.7875061035156,454.3884582519531,15939932,0.0,0.0
2018-10-11,HDFCBANK.NS,481.25,487.0750122070313,479.3999938964844,484.3875122070313,447.55126953125,14359904,0.0,0.0
2018-10-12,HDFCBANK.NS,486.25,499.2749938964844,485.5,495.4624938964844,457.7840270996094,9600320,0.0,0.0
2018-10-15,HDFCBANK.NS,497.5,502.7000122070313,492.5750122070313,502.0125122070313,463.8359375,12585968,0.0,0.0
2018-10-16,HDFCBANK.NS,500.75,504.5499877929688,496.875,498.1875,460.30181884765625,9406004,0.0,0.0
2018-10-17,HDFCBANK.NS,501.5249938964844,503.25,490.875,493.6499938964844,456.1094055175781,7940796,0.0,0.0
2018-10-19,HDFCBANK.NS,489.7250061035156,495.2124938964844,489.5,491.9375,454.5271301269531,9867348,0.0,0.0
2018-10-22,HDFCBANK.NS,503.5,505.0,497.1499938964844,499.7250061035156,461.7224426269531,20331160,0.0,0.0
2018-10-23,HDFCBANK.NS,493.25,499.7250061035156,493.25,496.2124938964844,458.47698974609375,19428564,0.0,0.0
2018-10-24,HDFCBANK.NS,501.0,502.2000122070313,493.1499938964844,498.0625,460.1863403320313,18072336,0.0,0.0
2018-10-25,HDFCBANK.NS,493.3999938964844,500.8999938964844,490.6124877929688,492.2000122070313,454.7696838378906,29847056,0.0,0.0
2018-10-26,HDFCBANK.NS,492.2000122070313,494.2999877929688,487.25,490.2999877929688,453.0141296386719,15155712,0.0,0.0
2018-10-29,HDFCBANK.NS,491.0249938964844,491.2374877929688,473.7999877929688,481.5750122070313,444.9526672363281,17044280,0.0,0.0
2018-10-30,HDFCBANK.NS,481.25,483.0,474.8250122070313,478.1875,441.8227233886719,13828704,0.0,0.0
2018-10-31,HDFCBANK.NS,475.5125122070313,479.4750061035156,471.25,477.9375,441.5917663574219,23449404,0.0,0.0
2018-11-01,HDFCBANK.NS,482.5,482.5,474.0,478.0499877929688,441.69573974609375,19629052,0.0,0.0
2018-11-02,HDFCBANK.NS,481.5,490.0,478.0,487.3624877929688,450.300048828125,30092868,0.0,0.0
2018-11-05,HDFCBANK.NS,487.4750061035156,489.9125061035156,484.5,489.0,451.8130187988281,5705296,0.0,0.0
2018-11-06,HDFCBANK.NS,488.75,494.0,485.7374877929688,486.6375122070313,449.6301574707031,8485588,0.0,0.0
2018-11-07,HDFCBANK.NS,490.25,491.2374877929688,487.5,489.4874877929688,452.2634582519531,958760,0.0,0.0
2018-11-09,HDFCBANK.NS,489.5499877929688,489.9750061035156,484.0750122070313,486.3500061035156,449.3645629882813,10101620,0.0,0.0
2018-11-12,HDFCBANK.NS,487.875,490.5,479.2875061035156,480.2625122070313,443.739990234375,7907764,0.0,0.0
2018-11-13,HDFCBANK.NS,479.75,484.4249877929688,477.0499877929688,481.9375,445.2875671386719,13350420,0.0,0.0
2018-11-14,HDFCBANK.NS,484.6375122070313,490.0,484.1499938964844,489.4375,452.21722412109375,26110636,0.0,0.0
2018-11-15,HDFCBANK.NS,490.4750061035156,494.3250122070313,482.7999877929688,493.7875061035156,456.23638916015625,10392524,0.0,0.0
2018-11-16,HDFCBANK.NS,495.25,503.25,495.0,501.0750122070313,462.9697265625,15813216,0.0,0.0
2018-11-19,HDFCBANK.NS,502.75,505.25,500.4750061035156,503.4750061035156,465.1872253417969,12286428,0.0,0.0
2018-11-20,HDFCBANK.NS,503.25,504.8999938964844,499.7625122070313,503.1124877929688,464.852294921875,5705168,0.0,0.0
2018-11-21,HDFCBANK.NS,503.1875,505.9874877929688,501.0,504.6875,466.3074951171875,6545604,0.0,0.0
2018-11-22,HDFCBANK.NS,503.3125,508.75,500.0375061035156,501.375,463.2468872070313,12974552,0.0,0.0
2018-11-26,HDFCBANK.NS,503.4750061035156,513.0,503.0125122070313,512.4500122070312,473.4797058105469,18184436,0.0,0.0
2018-11-27,HDFCBANK.NS,510.2625122070313,516.9749755859375,510.1875,516.0,476.75970458984375,12895440,0.0,0.0
2018-11-28,HDFCBANK.NS,516.25,524.6500244140625,515.0250244140625,522.3125,482.5921936035156,13021108,0.0,0.0
2018-11-29,HDFCBANK.NS,525.25,534.3499755859375,523.5,532.7625122070312,492.2474670410156,31908636,0.0,0.0
2018-11-30,HDFCBANK.NS,532.5,534.3875122070312,527.5,532.1124877929688,491.6469421386719,13040924,0.0,0.0
2018-12-03,HDFCBANK.NS,532.75,535.5,526.7249755859375,528.3250122070312,488.1474609375,10799856,0.0,0.0
2018-12-04,HDFCBANK.NS,526.3499755859375,527.75,519.6500244140625,521.3875122070312,481.7375793457031,8157420,0.0,0.0
2018-12-05,HDFCBANK.NS,519.5,526.3250122070312,518.9874877929688,524.7999877929688,484.8904724121094,11798844,0.0,0.0
2018-12-06,HDFCBANK.NS,522.4249877929688,525.4124755859375,521.25,524.2625122070312,484.3938903808594,11730252,0.0,0.0
2018-12-07,HDFCBANK.NS,526.6749877929688,529.5,520.0750122070312,526.9000244140625,486.8308410644531,9903920,0.0,0.0
2018-12-10,HDFCBANK.NS,516.4749755859375,526.2000122070312,516.4749755859375,522.1875,482.47662353515625,10915056,0.0,0.0
2018-12-11,HDFCBANK.NS,514.0,517.8250122070312,508.0,514.8875122070312,475.73187255859375,18905780,0.0,0.0
2018-12-12,HDFCBANK.NS,516.7374877929688,522.4500122070312,515.0250244140625,521.3250122070312,481.6797790527344,11370488,0.0,0.0
2018-12-13,HDFCBANK.NS,523.75,531.25,522.8250122070312,525.3250122070312,485.3756103515625,7064236,0.0,0.0
2018-12-14,HDFCBANK.NS,526.2249755859375,529.5,522.0125122070312,523.9249877929688,484.0820617675781,6158284,0.0,0.0
2018-12-17,HDFCBANK.NS,526.0,533.1500244140625,524.75,532.5499877929688,492.0511169433594,8437324,0.0,0.0
2018-12-18,HDFCBANK.NS,531.0,534.75,525.6500244140625,533.8624877929688,493.263916015625,7413968,0.0,0.0
2018-12-19,HDFCBANK.NS,533.2750244140625,539.8499755859375,528.3875122070312,530.8624877929688,490.4920043945313,9009896,0.0,0.0
2018-12-20,HDFCBANK.NS,528.1375122070312,535.1124877929688,525.6624755859375,534.3624877929688,493.7257690429688,7980476,0.0,0.0
2018-12-21,HDFCBANK.NS,533.5,537.2750244140625,527.2625122070312,527.7874755859375,487.6507873535156,10220308,0.0,0.0
2018-12-24,HDFCBANK.NS,526.0,526.0,519.3375244140625,520.1624755859375,480.6056213378906,5601488,0.0,0.0
2018-12-26,HDFCBANK.NS,519.25,531.75,517.25,530.5875244140625,490.2379150390625,7601916,0.0,0.0
2018-12-27,HDFCBANK.NS,533.25,534.5499877929688,524.6124877929688,526.2625122070312,486.2418212890625,11639868,0.0,0.0
2018-12-28,HDFCBANK.NS,529.3375244140625,534.4375,528.875,530.7249755859375,490.3649597167969,9415612,0.0,0.0
2018-12-31,HDFCBANK.NS,534.25,534.25,529.1749877929688,530.4249877929688,490.0877075195313,5866528,0.0,0.0
2019-01-02,HDFCBANK.NS,535.7000122070312,536.875,529.9249877929688,532.125,491.6584777832031,8134232,0.0,0.0
2019-01-03,HDFCBANK.NS,531.0499877929688,532.0625,525.75,527.9500122070312,487.8010559082031,12771664,0.0,0.0
2019-01-04,HDFCBANK.NS,528.8125,532.125,527.5875244140625,529.3624877929688,489.1060791015625,7287120,0.0,0.0
2019-01-07,HDFCBANK.NS,531.9249877929688,533.8375244140625,529.5,530.1624755859375,489.84521484375,5387012,0.0,0.0
2019-01-08,HDFCBANK.NS,530.5,530.875,524.1624755859375,525.75,485.7682495117188,8343460,0.0,0.0
2019-01-09,HDFCBANK.NS,529.5,530.3375244140625,525.6500244140625,529.2000122070312,488.9559631347656,8568628,0.0,0.0
2019-01-10,HDFCBANK.NS,529.25,530.9500122070312,523.1624755859375,527.125,487.0387268066406,7691540,0.0,0.0
2019-01-11,HDFCBANK.NS,528.4500122070312,531.0,527.0,527.9749755859375,487.8240356445313,6408040,0.0,0.0
2019-01-14,HDFCBANK.NS,527.4749755859375,527.4749755859375,524.6124877929688,525.4124755859375,485.4564514160156,4855160,0.0,0.0
2019-01-15,HDFCBANK.NS,526.2625122070312,531.625,525.5,530.4749755859375,490.1339416503906,5087556,0.0,0.0
2019-01-16,HDFCBANK.NS,530.0125122070312,531.25,527.0625,530.0499877929688,489.74127197265625,5252452,0.0,0.0
2019-01-17,HDFCBANK.NS,531.3125,533.9749755859375,528.3375244140625,533.0750122070312,492.5362548828125,8240228,0.0,0.0
2019-01-18,HDFCBANK.NS,533.75,534.75,528.6375122070312,532.5625,492.062744140625,5207976,0.0,0.0
2019-01-21,HDFCBANK.NS,534.9874877929688,541.625,531.625,537.0374755859375,496.1974182128906,17561512,0.0,0.0
2019-01-22,HDFCBANK.NS,536.5,536.7000122070312,532.2625122070312,533.9625244140625,493.3562316894531,8796976,0.0,0.0
2019-01-23,HDFCBANK.NS,533.5,533.9625244140625,525.3624877929688,526.3499755859375,486.3226318359375,7624288,0.0,0.0
2019-01-24,HDFCBANK.NS,527.5,530.4124755859375,524.4749755859375,525.5625,485.5950622558594,10111572,0.0,0.0
2019-01-25,HDFCBANK.NS,523.25,527.5,522.5,524.0,484.1513977050781,11262236,0.0,0.0
2019-01-28,HDFCBANK.NS,522.5,525.5125122070312,519.1875,521.0374755859375,481.41412353515625,15360436,0.0,0.0
2019-01-29,HDFCBANK.NS,519.5625,520.75,513.25,514.4000244140625,475.2814636230469,14762788,0.0,0.0
2019-01-30,HDFCBANK.NS,514.3125,514.3125,507.0,508.6749877929688,469.9917907714844,18514160,0.0,0.0
2019-01-31,HDFCBANK.NS,507.75,522.4375,505.5,519.9874877929688,480.4440002441406,16579404,0.0,0.0
2019-02-01,HDFCBANK.NS,519.9874877929688,529.25,519.1500244140625,522.6124877929688,482.8694152832031,15654188,0.0,0.0
2019-02-04,HDFCBANK.NS,523.75,528.25,520.6624755859375,526.2249755859375,486.2071838378906,7938288,0.0,0.0
2019-02-05,HDFCBANK.NS,527.0,529.75,524.25,528.5125122070312,488.3207092285156,8690288,0.0,0.0
2019-02-06,HDFCBANK.NS,529.0625,531.75,528.4000244140625,530.6624755859375,490.3071899414063,10875684,0.0,0.0
2019-02-07,HDFCBANK.NS,531.2625122070312,532.5,526.4625244140625,529.3125,489.059814453125,7217308,0.0,0.0
2019-02-08,HDFCBANK.NS,528.0,536.2374877929688,526.6624755859375,530.6624755859375,490.3071899414063,12235644,0.0,0.0
2019-02-11,HDFCBANK.NS,528.3250122070312,535.7249755859375,528.3250122070312,534.9124755859375,494.2340393066406,7036364,0.0,0.0
2019-02-12,HDFCBANK.NS,534.5,537.0,531.2000122070312,532.4249877929688,491.9356689453125,9772388,0.0,0.0
2019-02-14,HDFCBANK.NS,535.0,535.0,526.4000244140625,527.5499877929688,487.4314270019531,7441388,0.0,0.0
2019-02-15,HDFCBANK.NS,526.8375244140625,527.0250244140625,519.5499877929688,525.1624755859375,485.2254028320313,8416524,0.0,0.0
2019-02-18,HDFCBANK.NS,526.7000122070312,529.5,521.5,522.4749755859375,482.7423400878906,7138744,0.0,0.0
2019-02-19,HDFCBANK.NS,522.4249877929688,527.0374755859375,519.5499877929688,521.0125122070312,481.39111328125,5268636,0.0,0.0
2019-02-20,HDFCBANK.NS,522.125,527.75,520.4749755859375,527.0875244140625,487.0040893554688,4892500,0.0,0.0
2019-02-21,HDFCBANK.NS,525.4249877929688,529.9874877929688,523.4000244140625,528.9749755859375,488.7479553222656,5261544,0.0,0.0
2019-02-22,HDFCBANK.NS,529.8499755859375,532.0250244140625,522.2750244140625,522.8624877929688,483.1003112792969,8890708,0.0,0.0
2019-02-25,HDFCBANK.NS,523.7874755859375,532.4874877929688,523.7874755859375,531.3499755859375,490.94232177734375,8140596,0.0,0.0
2019-02-26,HDFCBANK.NS,527.8125,531.25,525.2750244140625,527.6624755859375,487.5353088378906,9607428,0.0,0.0
2019-02-27,HDFCBANK.NS,529.0250244140625,531.1124877929688,522.0374755859375,523.0625,483.2851257324219,7030092,0.0,0.0
2019-02-28,HDFCBANK.NS,523.2750244140625,526.4625244140625,518.2999877929688,519.3875122070312,479.8896484375,11645376,0.0,0.0
2019-03-01,HDFCBANK.NS,521.5625,525.2249755859375,519.25,520.8375244140625,481.2293395996094,9352928,0.0,0.0
2019-03-05,HDFCBANK.NS,522.2249755859375,527.7750244140625,517.5,526.7750244140625,486.7153625488281,11837276,0.0,0.0
2019-03-06,HDFCBANK.NS,527.5,527.5750122070312,522.6375122070312,526.0625,486.0570373535156,8458044,0.0,0.0
2019-03-07,HDFCBANK.NS,527.4000244140625,532.5,523.75,531.625,491.1964721679688,10204852,0.0,0.0
2019-03-08,HDFCBANK.NS,528.7625122070312,532.5,527.3624877929688,532.0499877929688,491.5891723632813,7053460,0.0,0.0
2019-03-11,HDFCBANK.NS,533.0,535.9249877929688,530.5499877929688,532.1124877929688,491.6469421386719,9224108,0.0,0.0
2019-03-12,HDFCBANK.NS,536.75,543.75,534.25,542.75,501.4753723144531,15097292,0.0,0.0
2019-03-13,HDFCBANK.NS,543.75,558.5,543.0250244140625,556.6375122070312,514.306884765625,57166348,0.0,0.0
2019-03-14,HDFCBANK.NS,561.2125244140625,561.875,552.6500244140625,556.1875,513.89111328125,15379864,0.0,0.0
2019-03-15,HDFCBANK.NS,557.75,564.9749755859375,557.0125122070312,563.25,520.4164428710938,12763088,0.0,0.0
2019-03-18,HDFCBANK.NS,565.4749755859375,572.9124755859375,561.75,565.3624877929688,522.3684692382812,14358720,0.0,0.0
2019-03-19,HDFCBANK.NS,567.375,568.9749755859375,562.75,566.9375,523.8235473632812,11957992,0.0,0.0
2019-03-20,HDFCBANK.NS,567.25,575.0,565.2625122070312,574.75,531.0418701171875,11711992,0.0,0.0
2019-03-22,HDFCBANK.NS,575.0,576.75,567.7000122070312,569.0374755859375,525.7637939453125,30403880,0.0,0.0
2019-03-25,HDFCBANK.NS,565.0,571.9625244140625,563.25,570.3250122070312,526.9534912109375,9199260,0.0,0.0
2019-03-26,HDFCBANK.NS,568.9749755859375,578.75,568.1500244140625,577.8375244140625,533.8947143554688,11786848,0.0,0.0
2019-03-27,HDFCBANK.NS,579.6375122070312,582.0125122070312,569.7625122070312,574.8624877929688,531.1458740234375,13885300,0.0,0.0
2019-03-28,HDFCBANK.NS,574.7000122070312,581.25,571.9625244140625,575.7000122070312,531.919677734375,19554328,0.0,0.0
2019-04-01,HDFCBANK.NS,581.3125,583.0,576.1500244140625,577.9500122070312,533.9985961914062,9647076,0.0,0.0
2019-04-02,HDFCBANK.NS,580.0,580.0,571.3624877929688,573.7125244140625,530.0833740234375,10910496,0.0,0.0
2019-04-03,HDFCBANK.NS,573.0250244140625,579.0,572.0625,573.1875,529.5982666015625,7659452,0.0,0.0
2019-04-04,HDFCBANK.NS,573.1875,578.25,570.0,570.9874877929688,527.5656127929688,9211552,0.0,0.0
2019-04-05,HDFCBANK.NS,571.9500122070312,578.4375,570.5,576.4000244140625,532.5665283203125,8351180,0.0,0.0
2019-04-08,HDFCBANK.NS,579.75,580.7374877929688,570.0250244140625,572.3499755859375,528.824462890625,6398132,0.0,0.0
2019-04-09,HDFCBANK.NS,574.1500244140625,575.75,566.75,571.8125,528.3278198242188,10777600,0.0,0.0
2019-04-10,HDFCBANK.NS,562.5,571.0,557.75,559.3375244140625,516.8015747070312,108128700,0.0,0.0
2019-04-11,HDFCBANK.NS,561.2249755859375,565.75,559.2374877929688,564.375,521.4559326171875,8793300,0.0,0.0
2019-04-12,HDFCBANK.NS,563.0250244140625,568.0499877929688,563.0250244140625,566.3125,523.2460327148438,9170444,0.0,0.0
2019-04-15,HDFCBANK.NS,567.5,573.2249755859375,566.0875244140625,572.2000122070312,528.6859741210938,10219780,0.0,0.0
2019-04-16,HDFCBANK.NS,572.7374877929688,577.4749755859375,570.0750122070312,576.2625122070312,532.4393920898438,8273776,0.0,0.0
2019-04-18,HDFCBANK.NS,578.25,578.7625122070312,572.0,573.4124755859375,529.8062133789062,10614856,0.0,0.0
2019-04-22,HDFCBANK.NS,581.25,581.25,565.25,567.1749877929688,524.0430297851562,20980420,0.0,0.0
2019-04-23,HDFCBANK.NS,569.3875122070312,572.5,560.4000244140625,561.3250122070312,518.637939453125,15282400,0.0,0.0
2019-04-24,HDFCBANK.NS,562.5,570.9749755859375,561.7625122070312,569.9375,526.595458984375,12354128,0.0,0.0
2019-04-25,HDFCBANK.NS,571.7249755859375,574.7000122070312,564.4874877929688,565.8624877929688,522.8303833007812,18086636,0.0,0.0
2019-04-26,HDFCBANK.NS,566.4749755859375,571.25,564.2249755859375,570.2374877929688,526.8726806640625,11707568,0.0,0.0
2019-04-30,HDFCBANK.NS,571.25,580.0,569.5999755859375,579.3624877929688,535.3037109375,12536836,0.0,0.0
2019-05-02,HDFCBANK.NS,580.875,589.9124755859375,579.375,588.9500122070312,544.162109375,17169300,0.0,0.0
2019-05-03,HDFCBANK.NS,591.0499877929688,594.5,589.125,591.9874877929688,546.9686279296875,12351520,0.0,0.0
2019-05-06,HDFCBANK.NS,587.0,587.9749755859375,579.2625122070312,582.1124877929688,537.8446044921875,13748092,0.0,0.0
2019-05-07,HDFCBANK.NS,587.9749755859375,589.5,579.5,580.5875244140625,536.4356079101562,9924204,0.0,0.0
2019-05-08,HDFCBANK.NS,580.6375122070312,580.9500122070312,572.0,576.8125,532.94775390625,12064208,0.0,0.0
2019-05-09,HDFCBANK.NS,575.0,575.0,567.9000244140625,572.7249755859375,529.1708374023438,9027724,0.0,0.0
2019-05-10,HDFCBANK.NS,572.8375244140625,581.2249755859375,572.8375244140625,574.125,530.464599609375,10594200,0.0,0.0
2019-05-13,HDFCBANK.NS,574.0125122070312,578.3375244140625,570.0,571.7999877929688,528.3162841796875,11071632,0.0,0.0
2019-05-14,HDFCBANK.NS,574.1749877929688,577.75,568.8875122070312,571.9749755859375,528.47802734375,10494744,0.0,0.0
2019-05-15,HDFCBANK.NS,574.0,576.7999877929688,570.5499877929688,571.6749877929688,528.2008056640625,8956348,0.0,0.0
2019-05-16,HDFCBANK.NS,570.1375122070312,579.75,570.0,577.6624755859375,533.7329711914062,8050136,0.0,0.0
2019-05-17,HDFCBANK.NS,578.25,592.3250122070312,577.9000244140625,590.5250244140625,545.6173706054688,14758780,0.0,0.0
2019-05-20,HDFCBANK.NS,602.0,609.6749877929688,595.0,608.0875244140625,561.8442993164062,17699632,0.0,0.0
2019-05-21,HDFCBANK.NS,609.5,612.3499755859375,599.8624877929688,600.9249877929688,555.2264404296875,10325176,0.0,0.0
2019-05-22,HDFCBANK.NS,602.9625244140625,606.5,598.5625,601.4375,555.7000122070312,11386660,0.0,0.0
2019-05-23,HDFCBANK.NS,602.25,609.9749755859375,579.7750244140625,583.0250244140625,538.6876220703125,33081996,0.0,0.0
2019-05-24,HDFCBANK.NS,589.9249877929688,596.5374755859375,585.0374755859375,593.3375244140625,548.216064453125,13692800,0.0,0.0
2019-05-27,HDFCBANK.NS,594.7249755859375,605.4749755859375,593.0625,602.0875244140625,556.3005981445312,12049024,0.0,0.0
2019-05-28,HDFCBANK.NS,604.125,605.0,596.7625122070312,604.0499877929688,558.11376953125,7364840,0.0,0.0
2019-05-29,HDFCBANK.NS,602.5499877929688,607.7000122070312,602.5499877929688,604.2249755859375,558.2755126953125,7475216,0.0,0.0
2019-05-30,HDFCBANK.NS,604.0,611.9749755859375,603.2625122070312,609.8875122070312,563.5073852539062,9359200,0.0,0.0
2019-05-31,HDFCBANK.NS,614.2000122070312,616.25,589.2000122070312,606.3375244140625,560.2273559570312,19785080,0.0,0.0
2019-06-03,HDFCBANK.NS,606.75,614.9500122070312,606.2374877929688,614.2750244140625,567.561279296875,8480860,0.0,0.0
2019-06-04,HDFCBANK.NS,613.75,616.4375,610.2625122070312,613.0750122070312,566.4525146484375,6442988,0.0,0.0
2019-06-06,HDFCBANK.NS,613.2999877929688,617.5,603.3375244140625,605.8375244140625,559.7653198242188,15634924,0.0,0.0
2019-06-07,HDFCBANK.NS,606.4124755859375,613.5625,602.25,611.9124755859375,565.3783569335938,7970932,0.0,0.0
2019-06-10,HDFCBANK.NS,617.4874877929688,617.4874877929688,608.0250244140625,610.0499877929688,563.657470703125,7077140,0.0,0.0
2019-06-11,HDFCBANK.NS,612.875,614.9749755859375,610.0875244140625,612.0999755859375,565.5515747070312,7103292,0.0,0.0
2019-06-12,HDFCBANK.NS,611.25,612.0999755859375,605.9124755859375,606.7625122070312,560.619873046875,7308620,0.0,0.0
2019-06-13,HDFCBANK.NS,608.9874877929688,613.0,603.9874877929688,611.1749877929688,564.6968994140625,11107948,0.0,0.0
2019-06-14,HDFCBANK.NS,610.7374877929688,614.7374877929688,606.25,608.7750244140625,562.4794921875,11956920,0.0,0.0
2019-06-17,HDFCBANK.NS,608.75,609.9749755859375,604.3250122070312,605.5,559.4534912109375,12810020,0.0,0.0
2019-06-18,HDFCBANK.NS,604.5,608.0,601.0,604.3125,558.3563232421875,12419652,0.0,0.0
2019-06-19,HDFCBANK.NS,606.75,611.2249755859375,604.1749877929688,607.0875244140625,560.9203491210938,10744276,0.0,0.0
2019-06-20,HDFCBANK.NS,607.0875244140625,609.25,603.6500244140625,606.5875244140625,563.9417114257812,11171492,3.75,0.0
2019-06-21,HDFCBANK.NS,606.5,607.4249877929688,601.4124755859375,603.5499877929688,561.1178588867188,13250260,0.0,0.0
2019-06-24,HDFCBANK.NS,602.9874877929688,607.6500244140625,602.5,604.4874877929688,561.9893798828125,6915000,0.0,0.0
2019-06-25,HDFCBANK.NS,604.9625244140625,610.375,600.75,607.1749877929688,564.488037109375,8899800,0.0,0.0
2019-06-26,HDFCBANK.NS,606.1749877929688,617.5,605.5,616.9749755859375,573.5989990234375,10533636,0.0,0.0
2019-06-27,HDFCBANK.NS,617.1875,623.625,614.0374755859375,615.5750122070312,572.2974243164062,19879236,0.0,0.0
2019-06-28,HDFCBANK.NS,616.0,618.75,609.2625122070312,610.9375,567.9859008789062,12756844,0.0,0.0
2019-07-01,HDFCBANK.NS,614.0,622.25,612.5125122070312,621.3875122070312,577.7012939453125,8524160,0.0,0.0
2019-07-02,HDFCBANK.NS,622.0,624.375,616.7999877929688,623.75,579.897705078125,7246828,0.0,0.0
2019-07-03,HDFCBANK.NS,624.75,625.8250122070312,620.75,622.4124755859375,578.6542358398438,7463256,0.0,0.0
2019-07-04,HDFCBANK.NS,623.7000122070312,624.4749755859375,618.0,620.9500122070312,577.2946166992188,7993964,0.0,0.0
2019-07-05,HDFCBANK.NS,621.2750244140625,623.7374877929688,615.0,618.0999755859375,574.6448364257812,7583060,0.0,0.0
2019-07-08,HDFCBANK.NS,618.6375122070312,618.6500244140625,599.2625122070312,602.4000244140625,560.0487060546875,14607140,0.0,0.0
2019-07-09,HDFCBANK.NS,600.9625244140625,602.7000122070312,593.25,594.7874755859375,552.971435546875,16482688,0.0,0.0
2019-07-10,HDFCBANK.NS,594.6875,599.5,591.5625,597.1875,555.2025756835938,11569148,0.0,0.0
2019-07-11,HDFCBANK.NS,600.75,603.5,598.9124755859375,601.7874755859375,559.479248046875,9097596,0.0,0.0
2019-07-12,HDFCBANK.NS,604.5,604.5,596.2625122070312,598.4749755859375,556.3997192382812,8976272,0.0,0.0
2019-07-15,HDFCBANK.NS,599.0,600.75,594.3375244140625,598.6875,556.59716796875,8233184,0.0,0.0
2019-07-16,HDFCBANK.NS,604.5,604.5,595.5,597.7999877929688,555.7720947265625,12770568,0.0,0.0
2019-07-17,HDFCBANK.NS,598.2374877929688,602.9000244140625,597.8250122070312,599.3624877929688,557.2247314453125,7759736,0.0,0.0
2019-07-18,HDFCBANK.NS,600.75,607.25,600.4749755859375,602.9749755859375,560.5831909179688,10802584,0.0,0.0
2019-07-19,HDFCBANK.NS,603.75,605.1749877929688,591.75,593.9124755859375,552.1580200195312,8939228,0.0,0.0
2019-07-22,HDFCBANK.NS,586.25,587.4625244140625,570.3125,574.3125,533.9358520507812,22171296,0.0,0.0
2019-07-23,HDFCBANK.NS,573.625,573.625,560.5125122070312,565.875,526.091552734375,27802864,0.0,0.0
2019-07-24,HDFCBANK.NS,564.1875,573.25,562.75,570.2249755859375,530.1357421875,17363740,0.0,0.0
2019-07-25,HDFCBANK.NS,571.25,578.8624877929688,570.0625,571.5125122070312,531.332763671875,19462008,0.0,0.0
2019-07-26,HDFCBANK.NS,569.5499877929688,573.4124755859375,568.2125244140625,569.3250122070312,529.2990112304688,12829828,0.0,0.0
2019-07-29,HDFCBANK.NS,568.3875122070312,568.3875122070312,555.7625122070312,561.0750122070312,521.6290283203125,9976492,0.0,0.0
2019-07-30,HDFCBANK.NS,563.75,567.7999877929688,559.9749755859375,563.0625,523.476806640625,10394136,0.0,0.0
2019-07-31,HDFCBANK.NS,560.0,566.75,558.5625,562.9124755859375,523.3372802734375,13891840,0.0,0.0
2019-08-01,HDFCBANK.NS,557.2750244140625,560.0,549.25,555.4500122070312,517.5487060546875,18241676,1.25,0.0
2019-08-02,HDFCBANK.NS,552.75,556.0,545.5,553.5875244140625,515.8133544921875,27825536,0.0,0.0
2019-08-05,HDFCBANK.NS,549.2625122070312,550.0,540.625,544.8125,507.6370544433594,19822440,0.0,0.0
2019-08-06,HDFCBANK.NS,541.75,552.5625,541.75,547.2750244140625,509.9315185546875,24890940,0.0,0.0
2019-08-07,HDFCBANK.NS,547.5,550.5,541.25,546.0,508.7436218261719,18750136,0.0,0.0
2019-08-08,HDFCBANK.NS,549.5,560.75,545.75,558.2874755859375,520.1926879882812,19711600,0.0,0.0
2019-08-09,HDFCBANK.NS,561.75,572.25,559.9500122070312,570.5,531.5718383789062,30436112,0.0,0.0
2019-08-13,HDFCBANK.NS,568.3250122070312,568.3250122070312,550.6500244140625,555.0875244140625,517.2109985351562,15440068,0.0,0.0
2019-08-14,HDFCBANK.NS,558.8499755859375,558.8499755859375,550.7625122070312,557.3624877929688,519.3307495117188,14254052,0.0,0.0
2019-08-16,HDFCBANK.NS,553.5,558.25,551.0250244140625,556.9249877929688,518.923095703125,15247560,0.0,0.0
2019-08-19,HDFCBANK.NS,559.625,560.5,550.4249877929688,551.7125244140625,514.0662841796875,8498200,0.0,0.0
2019-08-20,HDFCBANK.NS,552.3125,556.9500122070312,551.7125244140625,555.1500244140625,517.2692260742188,10270592,0.0,0.0
2019-08-21,HDFCBANK.NS,556.2249755859375,560.2999877929688,553.5499877929688,556.4625244140625,518.4921264648438,10472712,0.0,0.0
2019-08-22,HDFCBANK.NS,555.2125244140625,555.2125244140625,541.7625122070312,543.5250244140625,506.43756103515625,13992044,0.0,0.0
2019-08-23,HDFCBANK.NS,540.25,544.25,534.9000244140625,540.6749877929688,503.7819519042969,20099616,0.0,0.0
2019-08-26,HDFCBANK.NS,548.7249755859375,566.5374755859375,541.75,564.0374755859375,525.5501708984375,25280244,0.0,0.0
2019-08-27,HDFCBANK.NS,564.0,568.2249755859375,560.0250244140625,564.9874877929688,526.4354248046875,20660832,0.0,0.0
2019-08-28,HDFCBANK.NS,562.5,564.3375244140625,556.5875244140625,561.875,523.5353393554688,13662588,0.0,0.0
2019-08-29,HDFCBANK.NS,561.5,563.4249877929688,555.0750122070312,556.7374877929688,518.7483520507812,14783716,0.0,0.0
2019-08-30,HDFCBANK.NS,558.375,565.0,555.5,556.9874877929688,518.9812622070312,19233320,0.0,0.0
2019-09-03,HDFCBANK.NS,555.0,555.25,549.0374755859375,552.7374877929688,515.0213623046875,11428676,0.0,0.0
2019-09-04,HDFCBANK.NS,551.75,568.5,549.75,561.9375,523.5935668945312,15060704,0.0,0.0
2019-09-05,HDFCBANK.NS,562.25,568.0999755859375,556.25,558.7874755859375,520.6585083007812,17296252,0.0,0.0
2019-09-06,HDFCBANK.NS,557.0,564.1500244140625,555.3250122070312,561.4749755859375,523.1625366210938,12870004,0.0,0.0
2019-09-09,HDFCBANK.NS,561.5,565.2249755859375,554.0250244140625,562.4000244140625,524.0245361328125,10643404,0.0,0.0
2019-09-11,HDFCBANK.NS,568.5,568.5,560.2874755859375,562.8250122070312,524.4205932617188,15209116,0.0,0.0
2019-09-12,HDFCBANK.NS,562.6749877929688,572.2000122070312,562.0374755859375,567.7125244140625,528.974609375,18132300,0.0,0.0
2019-09-13,HDFCBANK.NS,562.75,566.8624877929688,559.5,564.3624877929688,525.8530883789062,15371340,0.0,0.0
2019-09-16,HDFCBANK.NS,562.9749755859375,565.6624755859375,560.25,561.0374755859375,522.7549438476562,11030184,0.0,0.0
2019-09-17,HDFCBANK.NS,561.9749755859375,562.125,549.5250244140625,552.8375244140625,515.114501953125,10656556,0.0,0.0
2019-09-18,HDFCBANK.NS,554.3250122070312,556.0374755859375,545.0,546.9375,509.6170654296875,12959884,0.0,0.0
2019-09-19,HDFCBANK.NS,549.9500122070312,553.5250244140625,542.0,550.5250244140625,512.9597778320312,10623310,0.0,2.0
2019-09-20,HDFCBANK.NS,554.0,604.9500122070312,552.7000122070312,599.7999877929688,558.8724975585938,46150034,0.0,0.0
2019-09-23,HDFCBANK.NS,629.7750244140625,641.3499755859375,614.5,628.625,585.7305908203125,41920410,0.0,0.0
2019-09-24,HDFCBANK.NS,625.0,630.9749755859375,613.7750244140625,626.9000244140625,584.1234741210938,23379048,0.0,0.0
2019-09-25,HDFCBANK.NS,624.9500122070312,624.9500122070312,615.0499877929688,619.8499755859375,577.5543823242188,15608976,0.0,0.0
2019-09-26,HDFCBANK.NS,619.9000244140625,637.5,618.1749877929688,621.25,578.8589477539062,30671560,0.0,0.0
2019-09-27,HDFCBANK.NS,624.125,626.75,618.7999877929688,622.0999755859375,579.6508178710938,14873170,0.0,0.0
2019-09-30,HDFCBANK.NS,614.4000244140625,620.0,608.25,613.7249755859375,571.8473510742188,18218458,0.0,0.0
2019-10-01,HDFCBANK.NS,615.75,627.5,610.5499877929688,624.4000244140625,581.7939453125,18768352,0.0,0.0
2019-10-03,HDFCBANK.NS,619.9749755859375,621.9000244140625,608.1749877929688,611.7750244140625,570.0304565429688,16298876,0.0,0.0
2019-10-04,HDFCBANK.NS,618.3250122070312,619.7999877929688,592.6500244140625,594.8499755859375,554.2601928710938,18403632,0.0,0.0
2019-10-07,HDFCBANK.NS,600.5999755859375,609.9249877929688,590.5750122070312,593.4500122070312,552.955810546875,22513220,0.0,0.0
2019-10-09,HDFCBANK.NS,598.5499877929688,614.9500122070312,595.0,614.0750122070312,572.1734619140625,17427270,0.0,0.0
2019-10-10,HDFCBANK.NS,610.9000244140625,612.9749755859375,598.5999755859375,600.2750244140625,559.3150634765625,11556858,0.0,0.0
2019-10-11,HDFCBANK.NS,606.7000122070312,612.0,594.4749755859375,599.4000244140625,558.4998168945312,17186318,0.0,0.0
2019-10-14,HDFCBANK.NS,604.5,609.9500122070312,598.7000122070312,602.2000122070312,561.1087036132812,12267802,0.0,0.0
2019-10-15,HDFCBANK.NS,603.5,612.5,603.4249877929688,611.5250244140625,569.7974853515625,8400374,0.0,0.0
2019-10-16,HDFCBANK.NS,615.8250122070312,617.5,605.0499877929688,610.5499877929688,568.8889770507812,10586816,0.0,0.0
2019-10-17,HDFCBANK.NS,613.75,614.9249877929688,606.5499877929688,610.0,568.3765869140625,12243614,0.0,0.0
2019-10-18,HDFCBANK.NS,612.7249755859375,616.9249877929688,610.1749877929688,614.5,572.5693969726562,11233806,0.0,0.0
2019-10-22,HDFCBANK.NS,628.5,628.5,616.2999877929688,619.6500244140625,577.3680419921875,20006228,0.0,0.0
2019-10-23,HDFCBANK.NS,623.4249877929688,624.875,616.5,620.7999877929688,578.4395751953125,10190214,0.0,0.0
2019-10-24,HDFCBANK.NS,624.0,627.0750122070312,613.1749877929688,618.0499877929688,575.877197265625,13107494,0.0,0.0
2019-10-25,HDFCBANK.NS,620.0,623.4249877929688,610.0,614.5,572.5693969726562,12993542,0.0,0.0
2019-10-29,HDFCBANK.NS,619.0,628.6749877929688,618.8499755859375,621.25,578.8589477539062,14232568,0.0,0.0
2019-10-30,HDFCBANK.NS,623.4500122070312,631.3499755859375,621.5,624.1749877929688,581.584228515625,12011366,0.0,0.0
2019-10-31,HDFCBANK.NS,628.8499755859375,631.9500122070312,613.5499877929688,615.1749877929688,573.1984252929688,13217706,0.0,0.0
2019-11-01,HDFCBANK.NS,619.5,621.875,613.7999877929688,620.0250244140625,577.7174682617188,11512260,0.0,0.0
2019-11-04,HDFCBANK.NS,623.2249755859375,625.0,614.5250244140625,618.4249877929688,576.2265625,9935176,0.0,0.0
2019-11-05,HDFCBANK.NS,620.5,622.4000244140625,614.5250244140625,619.75,577.461181640625,12367810,0.0,0.0
2019-11-06,HDFCBANK.NS,621.2249755859375,629.5,614.0250244140625,628.3250122070312,585.4511108398438,12130336,0.0,0.0
2019-11-07,HDFCBANK.NS,630.5,634.8499755859375,625.0,631.8499755859375,588.7355346679688,16963034,0.0,0.0
2019-11-08,HDFCBANK.NS,629.5,633.5,625.7249755859375,627.7999877929688,584.9619140625,13251496,0.0,0.0
2019-11-11,HDFCBANK.NS,626.2750244140625,634.25,625.25,632.375,589.2247924804688,14286610,0.0,0.0
2019-11-13,HDFCBANK.NS,630.9749755859375,635.0,626.7999877929688,628.7750244140625,585.870361328125,9293496,0.0,0.0
2019-11-14,HDFCBANK.NS,631.9000244140625,638.5,628.5999755859375,636.9500122070312,593.487548828125,11055218,0.0,0.0
2019-11-15,HDFCBANK.NS,641.9249877929688,642.5,635.5499877929688,638.9500122070312,595.3511352539062,9279012,0.0,0.0
2019-11-18,HDFCBANK.NS,638.5,639.7249755859375,629.3499755859375,631.0250244140625,587.9669189453125,9130292,0.0,0.0
2019-11-19,HDFCBANK.NS,632.6500244140625,637.5,630.5499877929688,635.9500122070312,592.5557861328125,10570578,0.0,0.0
2019-11-20,HDFCBANK.NS,636.5,641.4749755859375,633.5,636.6749877929688,593.2313232421875,11054258,0.0,0.0
2019-11-21,HDFCBANK.NS,635.125,643.5,634.1749877929688,641.6749877929688,597.8901977539062,12019526,0.0,0.0
2019-11-22,HDFCBANK.NS,641.8250122070312,641.8250122070312,631.0,632.375,589.2247924804688,7688010,0.0,0.0
2019-11-25,HDFCBANK.NS,632.0750122070312,639.75,632.0750122070312,635.5499877929688,592.1830444335938,7893556,0.0,0.0
2019-11-26,HDFCBANK.NS,639.2249755859375,639.875,633.4749755859375,637.5250244140625,594.0233154296875,8716002,0.0,0.0
2019-11-27,HDFCBANK.NS,638.0,642.875,635.5999755859375,639.2000122070312,595.5841064453125,9580666,0.0,0.0
2019-11-28,HDFCBANK.NS,640.0999755859375,641.5250244140625,631.0,632.6500244140625,589.48095703125,12366040,0.0,0.0
2019-11-29,HDFCBANK.NS,633.8499755859375,639.9500122070312,626.0,637.4749755859375,593.9767456054688,15567626,0.0,0.0
2019-12-02,HDFCBANK.NS,636.9749755859375,636.9749755859375,629.2999877929688,632.875,589.6905517578125,8946204,0.0,0.0
2019-12-03,HDFCBANK.NS,634.0999755859375,634.5,626.9000244140625,627.7000122070312,584.8687133789062,6991906,0.0,0.0
2019-12-04,HDFCBANK.NS,626.25,628.4500122070312,617.0999755859375,625.8250122070312,583.1217041015625,11395614,0.0,0.0
2019-12-05,HDFCBANK.NS,627.7999877929688,629.375,620.375,622.7999877929688,580.3030395507812,12772494,0.0,0.0
2019-12-06,HDFCBANK.NS,624.4749755859375,630.0,619.0999755859375,623.0250244140625,580.5128173828125,13774650,0.0,0.0
2019-12-09,HDFCBANK.NS,624.75,624.9249877929688,618.7750244140625,621.4749755859375,579.0684814453125,8265350,0.0,0.0
2019-12-10,HDFCBANK.NS,625.5,626.8250122070312,622.5499877929688,624.75,582.1199951171875,9788900,0.0,0.0
2019-12-11,HDFCBANK.NS,625.0499877929688,627.0,621.25,624.375,581.7706909179688,11054642,0.0,0.0
2019-12-12,HDFCBANK.NS,626.5,634.7249755859375,626.5,631.7999877929688,588.68896484375,12913148,0.0,0.0
2019-12-13,HDFCBANK.NS,632.5,636.1749877929688,629.625,631.9249877929688,588.805419921875,11775186,0.0,0.0
2019-12-16,HDFCBANK.NS,634.625,635.0,624.0999755859375,628.6749877929688,585.7772216796875,11327576,0.0,0.0
2019-12-17,HDFCBANK.NS,630.0,637.4000244140625,627.6749877929688,635.5499877929688,592.1830444335938,12427354,0.0,0.0
2019-12-18,HDFCBANK.NS,641.5,649.5,636.8250122070312,646.1749877929688,602.0831298828125,17447172,0.0,0.0
2019-12-19,HDFCBANK.NS,652.5,652.75,643.0499877929688,644.4000244140625,600.4292602539062,13018376,0.0,0.0
2019-12-20,HDFCBANK.NS,644.375,649.7999877929688,640.0250244140625,648.3499755859375,604.1096801757812,15026044,0.0,0.0
2019-12-23,HDFCBANK.NS,649.5,652.0,644.4000244140625,651.2000122070312,606.7651977539062,10195782,0.0,0.0
2019-12-24,HDFCBANK.NS,649.2999877929688,650.5499877929688,643.4749755859375,644.5750122070312,600.5922241210938,7179208,0.0,0.0
2019-12-26,HDFCBANK.NS,644.8499755859375,645.9249877929688,632.3250122070312,635.2249755859375,591.8802490234375,14949758,0.0,0.0
2019-12-27,HDFCBANK.NS,636.0,639.5,635.0,637.5,594.0001220703125,7092992,0.0,0.0
2019-12-30,HDFCBANK.NS,641.0,644.375,637.0250244140625,641.0750122070312,597.3311157226562,9334190,0.0,0.0
2019-12-31,HDFCBANK.NS,640.9749755859375,640.9749755859375,634.3250122070312,636.0499877929688,592.6489868164062,8357056,0.0,0.0
2020-01-01,HDFCBANK.NS,638.0499877929688,640.0,635.2999877929688,639.2999877929688,595.67724609375,3673698,0.0,0.0
2020-01-02,HDFCBANK.NS,639.5,644.0,639.5,643.375,599.4741821289062,6137166,0.0,0.0
2020-01-03,HDFCBANK.NS,641.0999755859375,642.5,631.7999877929688,634.2000122070312,590.92529296875,10855550,0.0,0.0
2020-01-06,HDFCBANK.NS,630.0,630.9000244140625,618.0,620.4749755859375,578.13671875,10890186,0.0,0.0
2020-01-07,HDFCBANK.NS,629.4500122070312,635.7249755859375,626.125,630.2999877929688,587.2913208007812,14724494,0.0,0.0
2020-01-08,HDFCBANK.NS,623.4749755859375,631.0750122070312,620.0250244140625,628.6500244140625,585.75390625,11332110,0.0,0.0
2020-01-09,HDFCBANK.NS,632.5,637.9000244140625,631.5499877929688,635.7000122070312,592.3228149414062,9546316,0.0,0.0
2020-01-10,HDFCBANK.NS,642.0499877929688,643.4500122070312,637.5499877929688,641.3499755859375,597.5872802734375,9214580,0.0,0.0
2020-01-13,HDFCBANK.NS,641.3499755859375,648.25,638.0,643.0,599.124755859375,7451568,0.0,0.0
2020-01-14,HDFCBANK.NS,644.5,646.2750244140625,638.75,644.75,600.7553100585938,7886290,0.0,0.0
2020-01-15,HDFCBANK.NS,643.2000122070312,643.9749755859375,637.0499877929688,642.125,598.3095092773438,11787448,0.0,0.0
2020-01-16,HDFCBANK.NS,641.0250244140625,645.5,639.6749877929688,643.8250122070312,599.8934326171875,7150400,0.0,0.0
2020-01-17,HDFCBANK.NS,640.875,642.4500122070312,635.9500122070312,639.0750122070312,595.4675903320312,16918814,0.0,0.0
2020-01-20,HDFCBANK.NS,652.4249877929688,652.4249877929688,626.25,627.4500122070312,584.6358032226562,22178450,0.0,0.0
2020-01-21,HDFCBANK.NS,625.0,625.0,619.2000122070312,622.1749877929688,579.7207641601562,14984804,0.0,0.0
2020-01-22,HDFCBANK.NS,624.0250244140625,627.5,617.2000122070312,620.4249877929688,578.090087890625,18368310,0.0,0.0
2020-01-23,HDFCBANK.NS,620.0,623.4249877929688,615.5,622.4249877929688,579.95361328125,11508920,0.0,0.0
2020-01-24,HDFCBANK.NS,623.0,627.0,619.5499877929688,622.2750244140625,579.8138427734375,11831756,0.0,0.0
2020-01-27,HDFCBANK.NS,617.5,617.5,605.875,606.5999755859375,565.20849609375,18888552,0.0,0.0
2020-01-28,HDFCBANK.NS,609.4000244140625,613.9000244140625,606.625,611.5999755859375,569.8673095703125,13412158,0.0,0.0
2020-01-29,HDFCBANK.NS,612.6500244140625,621.0,611.125,617.9249877929688,575.7607421875,13788350,0.0,0.0
2020-01-30,HDFCBANK.NS,619.4749755859375,619.4749755859375,608.5999755859375,613.0250244140625,571.195068359375,12111984,0.0,0.0
2020-01-31,HDFCBANK.NS,615.7249755859375,618.9000244140625,610.125,613.1500244140625,571.3115844726562,11178268,0.0,0.0
2020-02-03,HDFCBANK.NS,598.5,598.9749755859375,588.8499755859375,596.4000244140625,555.7045288085938,13077010,0.0,0.0
2020-02-04,HDFCBANK.NS,599.0,617.0,599.0,614.9000244140625,572.9421997070312,20897704,0.0,0.0
2020-02-05,HDFCBANK.NS,617.4500122070312,624.0,613.6500244140625,622.3250122070312,579.8604736328125,18020682,0.0,0.0
2020-02-06,HDFCBANK.NS,622.3250122070312,624.3499755859375,618.5999755859375,619.9000244140625,577.6010131835938,11827550,0.0,0.0
2020-02-07,HDFCBANK.NS,623.0,623.5,615.7999877929688,621.0999755859375,578.7191162109375,6815448,0.0,0.0
2020-02-10,HDFCBANK.NS,621.4749755859375,621.4749755859375,613.0250244140625,620.1500244140625,577.8339233398438,9219834,0.0,0.0
2020-02-11,HDFCBANK.NS,621.6500244140625,627.5,619.0250244140625,620.2999877929688,577.9736328125,11613520,0.0,0.0
2020-02-12,HDFCBANK.NS,622.5999755859375,626.4500122070312,622.0250244140625,624.5,581.8870849609375,6297930,0.0,0.0
2020-02-13,HDFCBANK.NS,629.9500122070312,629.9500122070312,616.7999877929688,620.7000122070312,578.3463745117188,9112140,0.0,0.0
2020-02-14,HDFCBANK.NS,621.5999755859375,624.2000122070312,607.5,609.6749877929688,568.0736694335938,14688858,0.0,0.0
2020-02-17,HDFCBANK.NS,612.5,616.5,607.2249755859375,608.5750122070312,567.0487670898438,10152690,0.0,0.0
2020-02-18,HDFCBANK.NS,608.4500122070312,609.25,601.75,606.625,565.2318115234375,10529116,0.0,0.0
2020-02-19,HDFCBANK.NS,611.25,615.0,606.9500122070312,613.5999755859375,571.7307739257812,10012268,0.0,0.0
2020-02-20,HDFCBANK.NS,615.0,615.0,607.0499877929688,608.5499877929688,567.0254516601562,11123414,0.0,0.0
2020-02-24,HDFCBANK.NS,604.4749755859375,607.375,600.0,604.9749755859375,563.6943359375,16568084,0.0,0.0
2020-02-25,HDFCBANK.NS,602.0,604.5,599.0,600.1500244140625,559.1986083984375,13886680,0.0,0.0
2020-02-26,HDFCBANK.NS,598.75,602.3499755859375,592.8250122070312,599.625,558.70947265625,13814786,0.0,0.0
2020-02-27,HDFCBANK.NS,597.5,601.25,590.5,599.7249755859375,558.8026733398438,20655098,0.0,0.0
2020-02-28,HDFCBANK.NS,587.75,592.5,585.0499877929688,588.8250122070312,548.6463623046875,24313056,0.0,0.0
2020-03-02,HDFCBANK.NS,600.0999755859375,600.5750122070312,583.0750122070312,589.7999877929688,549.5548095703125,14664898,0.0,0.0
2020-03-03,HDFCBANK.NS,587.5,592.6749877929688,584.0,590.9000244140625,550.5797729492188,22369550,0.0,0.0
2020-03-04,HDFCBANK.NS,589.1749877929688,590.0,566.5499877929688,574.4249877929688,535.22900390625,34288870,0.0,0.0
2020-03-05,HDFCBANK.NS,576.5,582.5,571.375,575.6749877929688,536.3936767578125,19549708,0.0,0.0
2020-03-06,HDFCBANK.NS,562.5,570.4500122070312,550.5,567.4500122070312,528.7299194335938,23053566,0.0,0.0
2020-03-09,HDFCBANK.NS,555.0,559.2000122070312,532.5,553.6500244140625,515.87158203125,34420590,0.0,0.0
2020-03-11,HDFCBANK.NS,552.5,560.0,546.0,556.9000244140625,518.8997802734375,35538240,0.0,0.0
2020-03-12,HDFCBANK.NS,537.5,540.0,501.7250061035156,510.6499938964844,475.8056335449219,59000770,0.0,0.0
2020-03-13,HDFCBANK.NS,490.0249938964844,540.7249755859375,459.6000061035156,534.9000244140625,498.4010314941406,66342364,0.0,0.0
2020-03-16,HDFCBANK.NS,517.5,518.5,497.5,499.75,465.6494140625,31986322,0.0,0.0
2020-03-17,HDFCBANK.NS,504.0,505.0,477.3500061035156,487.5499877929688,454.2818908691406,42676838,0.0,0.0
2020-03-18,HDFCBANK.NS,492.5,496.5,432.5,438.4500122070313,408.5322570800781,61181406,0.0,0.0
2020-03-19,HDFCBANK.NS,423.5,459.9750061035156,397.5,447.7749938964844,417.2209777832031,67220048,0.0,0.0
2020-03-20,HDFCBANK.NS,437.5,457.2999877929688,412.2749938964844,441.4249877929688,411.3042602539063,88637464,0.0,0.0
2020-03-23,HDFCBANK.NS,397.2999877929688,419.375,382.5,385.7749938964844,359.4515686035156,50276954,0.0,0.0
2020-03-24,HDFCBANK.NS,397.625,405.0,369.375,383.8500061035156,357.6579284667969,61057272,0.0,0.0
2020-03-25,HDFCBANK.NS,385.2250061035156,433.7250061035156,377.625,428.375,399.1447143554688,47228042,0.0,0.0
2020-03-26,HDFCBANK.NS,435.0499877929688,468.8500061035156,420.5,450.5499877929688,419.806640625,57043156,0.0,0.0
2020-03-27,HDFCBANK.NS,472.4750061035156,494.3250122070313,436.0499877929688,452.2250061035156,421.3673095703125,55235936,0.0,0.0
2020-03-30,HDFCBANK.NS,440.0,443.5,414.0,415.8250122070313,387.4510803222656,39268444,0.0,0.0
2020-03-31,HDFCBANK.NS,426.8999938964844,436.7999877929688,419.0,430.9500122070313,401.5440368652344,35211092,0.0,0.0
2020-04-01,HDFCBANK.NS,431.9249877929688,431.9249877929688,410.0,414.8250122070313,386.5193176269531,29103504,0.0,0.0
2020-04-03,HDFCBANK.NS,421.5,422.0,405.0,406.9249877929688,379.1583557128906,34996280,0.0,0.0
2020-04-07,HDFCBANK.NS,437.0,453.6499938964844,422.6749877929688,448.0499877929688,417.4772338867188,60412638,0.0,0.0
2020-04-08,HDFCBANK.NS,439.9750061035156,472.5,433.0499877929688,444.4500122070313,414.1228637695313,56219352,0.0,0.0
2020-04-09,HDFCBANK.NS,456.5,465.4500122070313,445.0,462.5249938964844,430.9645385742188,44457146,0.0,0.0
2020-04-13,HDFCBANK.NS,467.0,473.3500061035156,443.1000061035156,447.6749877929688,417.1277465820313,34158056,0.0,0.0
2020-04-15,HDFCBANK.NS,465.25,465.25,421.5,431.6499938964844,402.1962585449219,57978752,0.0,0.0
2020-04-16,HDFCBANK.NS,432.5,445.3500061035156,428.125,439.875,409.8599548339844,53854396,0.0,0.0
2020-04-17,HDFCBANK.NS,457.5,460.0,443.625,455.1499938964844,424.09271240234375,55883462,0.0,0.0
2020-04-20,HDFCBANK.NS,475.5,480.4750061035156,467.5,472.4249877929688,440.1889343261719,66232986,0.0,0.0
2020-04-21,HDFCBANK.NS,462.5,467.0,454.0,460.8250122070313,429.3804931640625,33178006,0.0,0.0
2020-04-22,HDFCBANK.NS,459.5750122070313,466.5,453.6499938964844,464.2999877929688,432.6183471679688,38289354,0.0,0.0
2020-04-23,HDFCBANK.NS,467.5,479.25,456.2749938964844,477.4750061035156,444.8943481445313,40901222,0.0,0.0
2020-04-24,HDFCBANK.NS,466.5,479.2000122070313,463.0,469.0249938964844,437.02099609375,33284568,0.0,0.0
2020-04-27,HDFCBANK.NS,472.5750122070313,478.7000122070313,463.1499938964844,464.8500061035156,433.130859375,27421072,0.0,0.0
2020-04-28,HDFCBANK.NS,471.8999938964844,471.8999938964844,461.0,465.7000122070313,433.9228515625,29441436,0.0,0.0
2020-04-29,HDFCBANK.NS,467.5,496.3500061035156,467.0499877929688,488.5499877929688,455.2136840820313,55877778,0.0,0.0
2020-04-30,HDFCBANK.NS,500.7000122070313,509.5,496.0499877929688,500.8999938964844,466.7209777832031,43793134,0.0,0.0
2020-05-04,HDFCBANK.NS,478.75,480.0,458.75,461.5,430.0094299316406,26722324,0.0,0.0
2020-05-05,HDFCBANK.NS,469.0,472.0,454.0249938964844,455.7250061035156,424.6285095214844,29672858,0.0,0.0
2020-05-06,HDFCBANK.NS,459.5,475.0,452.8250122070313,473.2000122070313,440.9111328125,33785846,0.0,0.0
2020-05-07,HDFCBANK.NS,470.25,471.6499938964844,460.6749877929688,462.5,430.9412231445313,21831730,0.0,0.0
2020-05-08,HDFCBANK.NS,471.0,471.9750061035156,462.6000061035156,464.5249938964844,432.8280334472656,20807484,0.0,0.0
2020-05-11,HDFCBANK.NS,468.5,477.0,457.0,457.8999938964844,426.6551208496094,28550784,0.0,0.0
2020-05-12,HDFCBANK.NS,450.5,454.7000122070313,435.5499877929688,450.7749938964844,420.0162353515625,49568418,0.0,0.0
2020-05-13,HDFCBANK.NS,475.5,480.0,461.0499877929688,463.8250122070313,432.1758117675781,44346966,0.0,0.0
2020-05-14,HDFCBANK.NS,449.0,455.5,445.0,446.8500061035156,416.3591003417969,39554890,0.0,0.0
2020-05-15,HDFCBANK.NS,445.25,446.2000122070313,437.5,444.0750122070313,413.7734375,24349628,0.0,0.0
2020-05-18,HDFCBANK.NS,444.0,444.0,415.6499938964844,418.3250122070313,389.780517578125,46649964,0.0,0.0
2020-05-19,HDFCBANK.NS,430.4249877929688,433.6499938964844,413.0499877929688,415.3250122070313,386.9852294921875,47460692,0.0,0.0
2020-05-20,HDFCBANK.NS,418.2250061035156,432.0,416.1000061035156,428.5499877929688,399.3077697753906,40014306,0.0,0.0
2020-05-21,HDFCBANK.NS,430.7250061035156,442.0,426.1499938964844,429.7749938964844,400.44921875,48478908,0.0,0.0
2020-05-22,HDFCBANK.NS,425.0,435.1499938964844,416.5249938964844,419.4249877929688,390.8054504394531,42047432,0.0,0.0
2020-05-26,HDFCBANK.NS,428.5,435.875,424.375,426.2000122070313,397.1181335449219,38005152,0.0,0.0
2020-05-27,HDFCBANK.NS,429.9500122070313,454.8999938964844,428.5750122070313,451.8250122070313,420.99462890625,56025754,0.0,0.0
2020-05-28,HDFCBANK.NS,460.0,475.0,456.9750061035156,472.625,440.3753051757813,75488806,0.0,0.0
2020-05-29,HDFCBANK.NS,472.0,477.5,461.7250061035156,475.8250122070313,443.3569641113281,53025166,0.0,0.0
2020-06-01,HDFCBANK.NS,487.5,497.5,483.0499877929688,493.8250122070313,460.1287536621094,39190230,0.0,0.0
2020-06-02,HDFCBANK.NS,493.3500061035156,502.5,487.6000061035156,500.5,466.3482360839844,41623594,0.0,0.0
2020-06-03,HDFCBANK.NS,510.0,523.125,507.7250061035156,511.125,476.248291015625,50546088,0.0,0.0
2020-06-04,HDFCBANK.NS,514.0250244140625,519.4749755859375,495.5499877929688,500.8500061035156,466.6744079589844,54275882,0.0,0.0
2020-06-05,HDFCBANK.NS,501.5499877929688,521.2000122070312,501.3999938964844,516.6749877929688,481.4194946289063,35195984,0.0,0.0
2020-06-08,HDFCBANK.NS,530.0,533.3250122070312,503.2000122070313,507.9500122070313,473.2899169921875,49812664,0.0,0.0
2020-06-09,HDFCBANK.NS,510.0,513.375,489.7749938964844,493.6499938964844,459.9656982421875,61844146,0.0,0.0
2020-06-10,HDFCBANK.NS,495.0,499.9249877929688,489.1000061035156,495.9249877929688,462.08538818359375,36497730,0.0,0.0
2020-06-11,HDFCBANK.NS,492.5,494.2000122070313,482.5,484.2999877929688,451.2536926269531,30897714,0.0,0.0
2020-06-12,HDFCBANK.NS,464.0,493.3250122070313,464.0,491.375,457.8458862304688,42644876,0.0,0.0
2020-06-15,HDFCBANK.NS,484.0,487.0,471.5,474.9249877929688,442.5183715820313,32009936,0.0,0.0
2020-06-16,HDFCBANK.NS,487.5,496.9750061035156,476.0,495.2000122070313,461.4099426269531,45399970,0.0,0.0
2020-06-17,HDFCBANK.NS,494.5,499.4500122070313,486.625,489.625,456.21533203125,36957838,0.0,0.0
2020-06-18,HDFCBANK.NS,490.0,512.4500122070312,486.0,509.9750061035156,475.1767578125,40870126,0.0,0.0
2020-06-19,HDFCBANK.NS,508.9750061035156,521.5,506.0750122070313,516.6749877929688,481.4194946289063,47877752,0.0,0.0
2020-06-22,HDFCBANK.NS,519.7249755859375,522.9749755859375,511.8999938964844,514.375,479.2765197753906,29694474,0.0,0.0
2020-06-23,HDFCBANK.NS,519.5,522.5,508.2749938964844,521.1500244140625,485.5892028808594,28830512,0.0,0.0
2020-06-24,HDFCBANK.NS,524.25,528.75,515.0250244140625,516.25,481.0235290527344,39429246,0.0,0.0
2020-06-25,HDFCBANK.NS,510.9500122070313,524.5,503.5,514.375,479.2765197753906,70646790,0.0,0.0
2020-06-26,HDFCBANK.NS,520.5,531.5,514.0,528.2249755859375,492.1814270019531,39969138,0.0,0.0
2020-06-29,HDFCBANK.NS,518.5,541.2999877929688,518.5,538.0250244140625,501.3127746582031,46005956,0.0,0.0
2020-06-30,HDFCBANK.NS,537.0,539.2750244140625,528.1500244140625,532.9249877929688,496.5607299804688,35746130,0.0,0.0
2020-07-01,HDFCBANK.NS,532.9249877929688,548.0,530.6500244140625,542.2999877929688,505.2960205078125,34846718,0.0,0.0
2020-07-02,HDFCBANK.NS,545.1500244140625,555.625,542.5999755859375,544.7000122070312,507.5323791503906,36954496,0.0,0.0
2020-07-03,HDFCBANK.NS,546.5,547.9000244140625,535.0,536.9749755859375,500.3343811035156,27597254,0.0,0.0
2020-07-06,HDFCBANK.NS,553.9749755859375,559.9500122070312,550.0,551.5,513.8682250976562,35558216,0.0,0.0
2020-07-07,HDFCBANK.NS,554.7000122070312,555.8499755859375,546.5250244140625,552.5750122070312,514.8699340820312,24349850,0.0,0.0
2020-07-08,HDFCBANK.NS,553.5,562.4500122070312,552.5,555.1749877929688,517.2925415039062,30056350,0.0,0.0
2020-07-09,HDFCBANK.NS,559.0,564.8499755859375,553.625,562.4749755859375,524.0943603515625,20114484,0.0,0.0
2020-07-10,HDFCBANK.NS,558.9500122070312,560.0,549.7750244140625,552.5499877929688,514.8464965820312,17562978,0.0,0.0
2020-07-13,HDFCBANK.NS,554.9500122070312,556.5,535.6500244140625,540.125,503.2694396972656,29922114,0.0,0.0
2020-07-14,HDFCBANK.NS,531.2999877929688,534.4500122070312,525.0,529.4249877929688,493.299560546875,26612674,0.0,0.0
2020-07-15,HDFCBANK.NS,535.0999755859375,539.5,525.0499877929688,526.5750122070312,490.64404296875,20974394,0.0,0.0
2020-07-16,HDFCBANK.NS,526.8250122070312,532.75,517.0499877929688,531.2750244140625,495.0233459472656,23662456,0.0,0.0
2020-07-17,HDFCBANK.NS,529.5250244140625,552.0,529.1500244140625,549.2249755859375,511.7485046386719,28405738,0.0,0.0
2020-07-20,HDFCBANK.NS,567.5,576.4500122070312,562.0750122070312,566.5250244140625,527.8680419921875,65124096,0.0,0.0
2020-07-21,HDFCBANK.NS,576.0250244140625,578.9749755859375,567.0,569.2750244140625,530.4303588867188,47512422,0.0,0.0
2020-07-22,HDFCBANK.NS,569.25,572.25,558.7750244140625,563.1749877929688,524.7466430664062,24718012,0.0,0.0
2020-07-23,HDFCBANK.NS,562.5,571.9500122070312,558.125,565.2000122070312,526.633544921875,20149122,0.0,0.0
2020-07-24,HDFCBANK.NS,561.4500122070312,561.4500122070312,550.625,559.5499877929688,521.368896484375,19598440,0.0,0.0
2020-07-27,HDFCBANK.NS,549.9249877929688,551.5,537.6749877929688,539.75,502.9200439453125,37970094,0.0,0.0
2020-07-28,HDFCBANK.NS,539.5,547.2000122070312,529.75,543.3250122070312,506.2510681152344,35596450,0.0,0.0
2020-07-29,HDFCBANK.NS,540.5,544.25,527.7750244140625,532.2999877929688,495.9783630371094,33592086,0.0,0.0
2020-07-30,HDFCBANK.NS,537.0,541.8250122070312,523.3499755859375,525.3250122070312,489.4793395996094,26956266,0.0,0.0
2020-07-31,HDFCBANK.NS,528.8499755859375,528.8499755859375,510.0249938964844,516.4000244140625,481.1633605957031,37726696,0.0,0.0
2020-08-03,HDFCBANK.NS,512.9749755859375,513.4749755859375,496.5,501.0,466.8141174316406,31783542,0.0,0.0
2020-08-04,HDFCBANK.NS,504.0,530.5250244140625,501.5,520.8250122070312,485.286376953125,60306168,0.0,0.0
2020-08-05,HDFCBANK.NS,523.9749755859375,527.9000244140625,510.0,513.7750244140625,478.7174682617188,33221360,0.0,0.0
2020-08-06,HDFCBANK.NS,518.5,527.5,513.125,520.3499755859375,484.8437805175781,33646888,0.0,0.0
2020-08-07,HDFCBANK.NS,517.4249877929688,523.5999755859375,510.2999877929688,521.9249877929688,486.3113098144531,24836784,0.0,0.0
2020-08-10,HDFCBANK.NS,522.0,532.0,521.9000244140625,525.3250122070312,489.4793395996094,22172854,0.0,0.0
2020-08-11,HDFCBANK.NS,524.25,535.5,524.25,533.3250122070312,496.9334411621094,20136148,0.0,0.0
2020-08-12,HDFCBANK.NS,532.5,533.0,524.0,531.8499755859375,495.55908203125,20666432,0.0,0.0
2020-08-13,HDFCBANK.NS,533.9749755859375,535.6749877929688,528.25,529.5250244140625,493.3927307128906,19892740,0.0,0.0
2020-08-14,HDFCBANK.NS,532.9500122070312,532.9500122070312,513.6500244140625,517.2249755859375,481.9320068359375,20924512,0.0,0.0
2020-08-17,HDFCBANK.NS,523.5,523.5,510.1000061035156,516.375,481.1400451660156,19561012,0.0,0.0
2020-08-18,HDFCBANK.NS,514.0,530.8250122070312,511.0,528.25,492.2047424316406,24040824,0.0,0.0
2020-08-19,HDFCBANK.NS,532.5,534.9000244140625,528.125,533.2999877929688,496.9101867675781,17715624,0.0,0.0
2020-08-20,HDFCBANK.NS,527.4749755859375,534.4749755859375,526.0,529.5,493.3694152832031,19216734,0.0,0.0
2020-08-21,HDFCBANK.NS,532.7000122070312,544.4000244140625,532.2999877929688,542.8250122070312,505.78521728515625,28924302,0.0,0.0
2020-08-24,HDFCBANK.NS,543.0,561.4749755859375,542.8250122070312,558.5250244140625,520.4140014648438,36779740,0.0,0.0
2020-08-25,HDFCBANK.NS,559.5,563.5,553.0999755859375,559.8499755859375,521.6484375,27601738,0.0,0.0
2020-08-26,HDFCBANK.NS,560.5,565.875,554.75,559.2249755859375,521.066162109375,25190062,0.0,0.0
2020-08-27,HDFCBANK.NS,562.9000244140625,564.9500122070312,553.125,556.0499877929688,518.1077880859375,20645996,0.0,0.0
2020-08-28,HDFCBANK.NS,555.9749755859375,562.5,547.5,557.25,519.2259521484375,38696610,0.0,0.0
2020-08-31,HDFCBANK.NS,564.75,574.4000244140625,550.3499755859375,557.9249877929688,519.8549194335938,38501166,0.0,0.0
2020-09-01,HDFCBANK.NS,564.0,571.7999877929688,554.0,563.6500244140625,525.189208984375,28877884,0.0,0.0
2020-09-02,HDFCBANK.NS,562.0499877929688,569.5,560.3499755859375,567.0750122070312,528.3804931640625,19761682,0.0,0.0
2020-09-03,HDFCBANK.NS,568.625,572.9749755859375,564.0,565.4500122070312,526.866455078125,19833362,0.0,0.0
2020-09-04,HDFCBANK.NS,555.0,562.7000122070312,552.2000122070312,559.6500244140625,521.4622192382812,23661370,0.0,0.0
2020-09-07,HDFCBANK.NS,558.1500244140625,559.75,549.5,555.25,517.3623657226562,17615466,0.0,0.0
2020-09-08,HDFCBANK.NS,557.0,559.4000244140625,551.5,556.2249755859375,518.2708740234375,14624918,0.0,0.0
2020-09-09,HDFCBANK.NS,550.5,555.0,545.625,548.25,510.8399963378906,15728872,0.0,0.0
2020-09-10,HDFCBANK.NS,551.5,552.4249877929688,542.0,545.2750244140625,508.0680541992188,15188088,0.0,0.0
2020-09-11,HDFCBANK.NS,548.2249755859375,552.4249877929688,535.5,539.3250122070312,502.5240173339844,20794730,0.0,0.0
2020-09-14,HDFCBANK.NS,544.0,547.0,526.1749877929688,528.9749755859375,492.8801879882813,21650590,0.0,0.0
2020-09-15,HDFCBANK.NS,534.0,538.0750122070312,529.0499877929688,535.25,498.72705078125,16505110,0.0,0.0
2020-09-16,HDFCBANK.NS,535.0999755859375,548.0,534.1749877929688,546.8250122070312,509.5123596191406,18710112,0.0,0.0
2020-09-17,HDFCBANK.NS,542.0,547.0,539.0,541.7999877929688,504.8301696777344,18318686,0.0,0.0
2020-09-18,HDFCBANK.NS,546.0,546.0999755859375,523.5999755859375,528.6500244140625,492.5774841308594,23481778,0.0,0.0
2020-09-21,HDFCBANK.NS,527.5,535.6749877929688,520.75,524.6500244140625,488.8504333496094,19842878,0.0,0.0
2020-09-22,HDFCBANK.NS,527.0250244140625,529.0750122070312,514.75,517.7000122070312,482.3746032714844,18620678,0.0,0.0
2020-09-23,HDFCBANK.NS,523.0,527.5,517.1749877929688,523.625,487.8953247070313,16079828,0.0,0.0
2020-09-24,HDFCBANK.NS,519.0,523.5,512.5,515.2000122070312,480.0451965332031,19809510,0.0,0.0
2020-09-25,HDFCBANK.NS,525.0,525.9749755859375,512.8250122070312,522.0,486.3812561035156,20321544,0.0,0.0
2020-09-28,HDFCBANK.NS,524.4749755859375,529.5,521.3250122070312,527.0999755859375,491.1332092285156,16152422,0.0,0.0
2020-09-29,HDFCBANK.NS,529.0,534.9500122070312,525.5,531.2750244140625,495.0233459472656,12644446,0.0,0.0
2020-09-30,HDFCBANK.NS,530.0,543.4500122070312,526.0,539.2999877929688,502.500732421875,18813842,0.0,0.0
2020-10-01,HDFCBANK.NS,545.0499877929688,555.0,545.0499877929688,553.4749755859375,515.70849609375,21203080,0.0,0.0
2020-10-05,HDFCBANK.NS,556.0,566.0,555.5,557.1749877929688,519.1560668945312,16940126,0.0,0.0
2020-10-06,HDFCBANK.NS,567.5250244140625,574.0,563.0999755859375,572.0499877929688,533.0160522460938,19371990,0.0,0.0
2020-10-07,HDFCBANK.NS,572.4500122070312,582.4249877929688,568.7999877929688,581.125,541.4718627929688,21248778,0.0,0.0
2020-10-08,HDFCBANK.NS,590.0,601.5,581.6749877929688,595.9000244140625,555.2386474609375,35060674,0.0,0.0
2020-10-09,HDFCBANK.NS,600.5,618.5,595.8250122070312,616.7750244140625,574.689208984375,44972388,0.0,0.0
2020-10-12,HDFCBANK.NS,615.7750244140625,621.375,602.7999877929688,606.8250122070312,565.418212890625,19220546,0.0,0.0
2020-10-13,HDFCBANK.NS,606.7000122070312,611.2249755859375,597.5,599.2249755859375,558.3367919921875,18353952,0.0,0.0
2020-10-14,HDFCBANK.NS,597.7750244140625,607.1500244140625,587.75,605.75,564.4165649414062,22582918,0.0,0.0
2020-10-15,HDFCBANK.NS,607.0999755859375,608.5,582.0,584.625,544.73291015625,28246896,0.0,0.0
2020-10-16,HDFCBANK.NS,590.0,601.75,586.5,599.6749877929688,558.7559814453125,25822848,0.0,0.0
2020-10-19,HDFCBANK.NS,617.5,617.5,596.2999877929688,601.7750244140625,560.7127685546875,42359556,0.0,0.0
2020-10-20,HDFCBANK.NS,603.75,613.7000122070312,602.9500122070312,611.9749755859375,570.2167358398438,27411978,0.0,0.0
2020-10-21,HDFCBANK.NS,615.2999877929688,625.5,610.8499755859375,623.3499755859375,580.8155517578125,35640752,0.0,0.0
2020-10-22,HDFCBANK.NS,619.9749755859375,625.0,611.5,616.6500244140625,574.5726928710938,21913060,0.0,0.0
2020-10-23,HDFCBANK.NS,621.75,624.2249755859375,615.5999755859375,617.9000244140625,575.7374877929688,15866230,0.0,0.0
2020-10-26,HDFCBANK.NS,614.9000244140625,621.0,602.2999877929688,605.4500122070312,564.1369018554688,19571976,0.0,0.0
2020-10-27,HDFCBANK.NS,613.0,618.0,598.9249877929688,616.5499877929688,574.4795532226562,24317780,0.0,0.0
2020-10-28,HDFCBANK.NS,614.0,616.0,600.75,604.7999877929688,563.53125,16571186,0.0,0.0
2020-10-29,HDFCBANK.NS,600.2999877929688,602.2249755859375,589.25,593.5999755859375,553.0956420898438,23060024,0.0,0.0
2020-10-30,HDFCBANK.NS,591.2750244140625,599.6500244140625,588.1749877929688,591.7750244140625,551.3951416015625,11522716,0.0,0.0
2020-11-02,HDFCBANK.NS,597.1749877929688,612.5,588.75,607.625,566.16357421875,21926080,0.0,0.0
2020-11-03,HDFCBANK.NS,613.2249755859375,625.375,612.75,623.9749755859375,581.39794921875,28164230,0.0,0.0
2020-11-04,HDFCBANK.NS,626.0,632.4000244140625,615.0,628.7000122070312,585.8004150390625,23404822,0.0,0.0
2020-11-05,HDFCBANK.NS,633.0,638.0,626.1749877929688,634.5999755859375,591.2979736328125,21433928,0.0,0.0
2020-11-06,HDFCBANK.NS,633.125,655.0,632.75,653.8250122070312,609.211181640625,35705724,0.0,0.0
2020-11-09,HDFCBANK.NS,657.5999755859375,672.9749755859375,657.5999755859375,670.2750244140625,624.53857421875,26288440,0.0,0.0
2020-11-10,HDFCBANK.NS,678.5,697.5,675.7750244140625,696.8250122070312,649.27685546875,41517356,0.0,0.0
2020-11-11,HDFCBANK.NS,699.9500122070312,707.4000244140625,685.25,694.9749755859375,647.5531616210938,36116194,0.0,0.0
2020-11-12,HDFCBANK.NS,688.7000122070312,694.2750244140625,680.0,685.8499755859375,639.0508422851562,27053948,0.0,0.0
2020-11-13,HDFCBANK.NS,684.4000244140625,684.4000244140625,673.5,679.4000244140625,633.041015625,22472480,0.0,0.0
2020-11-17,HDFCBANK.NS,692.9000244140625,706.2999877929688,690.2999877929688,704.2249755859375,656.1720581054688,31059900,0.0,0.0
2020-11-18,HDFCBANK.NS,701.5,709.5,699.5250244140625,704.3499755859375,656.2885131835938,18862776,0.0,0.0
2020-11-19,HDFCBANK.NS,694.8499755859375,699.7249755859375,684.0,687.1749877929688,640.285400390625,20266882,0.0,0.0
2020-11-20,HDFCBANK.NS,686.3250122070312,704.2000122070312,682.5250244140625,701.8250122070312,653.9358520507812,20405362,0.0,0.0
2020-11-23,HDFCBANK.NS,707.5,711.8250122070312,687.6749877929688,697.2999877929688,649.7196044921875,25246636,0.0,0.0
2020-11-24,HDFCBANK.NS,704.0,722.5,701.0250244140625,719.0999755859375,670.0320434570312,40154400,0.0,0.0
2020-11-25,HDFCBANK.NS,725.6500244140625,732.2000122070312,698.5,701.4000244140625,653.539794921875,24152602,0.0,0.0
2020-11-26,HDFCBANK.NS,707.5,716.0,693.5,713.3250122070312,664.651123046875,27943126,0.0,0.0
2020-11-27,HDFCBANK.NS,715.9000244140625,723.0,707.7750244140625,720.4249877929688,671.2666625976562,17994580,0.0,0.0
2020-12-01,HDFCBANK.NS,720.4249877929688,724.5,712.75,716.6500244140625,667.7492065429688,17147574,0.0,0.0
2020-12-02,HDFCBANK.NS,715.5,715.9000244140625,697.4000244140625,703.4749755859375,655.4732055664062,17892150,0.0,0.0
2020-12-03,HDFCBANK.NS,714.5,716.0,687.0250244140625,688.5999755859375,641.6132202148438,37933222,0.0,0.0
2020-12-04,HDFCBANK.NS,690.5,700.7249755859375,686.6500244140625,692.7999877929688,645.5265502929688,26912322,0.0,0.0
2020-12-07,HDFCBANK.NS,687.5,689.9749755859375,679.0499877929688,686.125,639.3070678710938,24316318,0.0,0.0
2020-12-08,HDFCBANK.NS,687.5,694.4000244140625,682.5750122070312,688.1500244140625,641.1940307617188,19457896,0.0,0.0
2020-12-09,HDFCBANK.NS,688.5,705.0250244140625,687.5250244140625,703.5999755859375,655.5896606445312,22069074,0.0,0.0
2020-12-10,HDFCBANK.NS,699.0,701.0,687.875,692.9249877929688,645.64306640625,19727966,0.0,0.0
2020-12-11,HDFCBANK.NS,695.0250244140625,697.5,686.5,691.4000244140625,644.2221069335938,21356384,0.0,0.0
2020-12-14,HDFCBANK.NS,691.5,694.0,684.0,686.0750122070312,639.2606201171875,17222050,0.0,0.0
2020-12-15,HDFCBANK.NS,690.4000244140625,697.4749755859375,683.0,695.6500244140625,648.18212890625,21561436,0.0,0.0
2020-12-16,HDFCBANK.NS,702.0,708.4000244140625,697.25,705.3499755859375,657.2202758789062,16832092,0.0,0.0
2020-12-17,HDFCBANK.NS,709.2999877929688,722.5,702.25,720.9000244140625,671.709228515625,21924478,0.0,0.0
2020-12-18,HDFCBANK.NS,717.5,719.8499755859375,703.1500244140625,705.6749877929688,657.5230712890625,22995918,0.0,0.0
2020-12-21,HDFCBANK.NS,708.75,711.9249877929688,683.3499755859375,686.3250122070312,639.4935302734375,23761824,0.0,0.0
2020-12-22,HDFCBANK.NS,692.4000244140625,692.4000244140625,672.5,686.5499877929688,639.703125,22851558,0.0,0.0
2020-12-23,HDFCBANK.NS,683.75,690.4749755859375,680.5250244140625,687.8250122070312,640.8910522460938,15467394,0.0,0.0
2020-12-24,HDFCBANK.NS,694.7000122070312,702.0,688.5,698.5499877929688,650.88427734375,14952188,0.0,0.0
2020-12-28,HDFCBANK.NS,702.5,710.5,702.0,706.4249877929688,658.221923828125,11699194,0.0,0.0
2020-12-29,HDFCBANK.NS,710.5250244140625,717.375,710.0,713.5999755859375,664.9072875976562,14495346,0.0,0.0
2020-12-30,HDFCBANK.NS,719.9500122070312,719.9500122070312,706.5,716.25,667.3765258789062,16216726,0.0,0.0
2020-12-31,HDFCBANK.NS,717.5,722.0,712.5250244140625,718.1500244140625,669.1468505859375,22145750,0.0,0.0
2021-01-01,HDFCBANK.NS,720.0,721.5,710.2999877929688,712.5250244140625,663.90576171875,8810938,0.0,0.0
2021-01-04,HDFCBANK.NS,719.0,719.0,699.5,708.0,659.689453125,15740192,0.0,0.0
2021-01-05,HDFCBANK.NS,709.5999755859375,715.375,704.5,713.3499755859375,664.6744384765625,14386824,0.0,0.0
2021-01-06,HDFCBANK.NS,717.5,720.0,706.5499877929688,710.2750244140625,661.8092041015625,22134050,0.0,0.0
2021-01-07,HDFCBANK.NS,716.25,716.2999877929688,706.2750244140625,708.125,659.805908203125,19894842,0.0,0.0
2021-01-08,HDFCBANK.NS,716.0,721.0,711.5499877929688,715.8250122070312,666.98046875,13768764,0.0,0.0
2021-01-11,HDFCBANK.NS,725.0,732.4500122070312,718.1500244140625,725.7249755859375,676.2049560546875,17331392,0.0,0.0
2021-01-12,HDFCBANK.NS,726.2249755859375,743.8499755859375,724.5499877929688,740.5,689.9718017578125,20388156,0.0,0.0
2021-01-13,HDFCBANK.NS,746.4500122070312,748.4500122070312,731.0499877929688,735.3250122070312,685.1499633789062,16934650,0.0,0.0
2021-01-14,HDFCBANK.NS,735.5750122070312,744.0,728.0,734.375,684.2647094726562,12297166,0.0,0.0
2021-01-15,HDFCBANK.NS,734.5499877929688,735.8250122070312,722.5,733.3250122070312,683.286376953125,14165236,0.0,0.0
2021-01-18,HDFCBANK.NS,734.9500122070312,751.4249877929688,733.5,741.5499877929688,690.9501342773438,42825632,0.0,0.0
2021-01-19,HDFCBANK.NS,745.9000244140625,755.8250122070312,733.5,751.9249877929688,700.6172485351562,17360254,0.0,0.0
2021-01-20,HDFCBANK.NS,750.5,750.5,743.0,746.0,695.0965576171875,13346052,0.0,0.0
2021-01-21,HDFCBANK.NS,746.0,747.1749877929688,734.0750122070312,737.4000244140625,687.0833129882812,26333054,0.0,0.0
2021-01-22,HDFCBANK.NS,733.9500122070312,733.9500122070312,720.0750122070312,721.7750244140625,672.5245361328125,15392364,0.0,0.0
2021-01-25,HDFCBANK.NS,732.5499877929688,740.5,727.5750122070312,731.4249877929688,681.5159912109375,20344718,0.0,0.0
2021-01-27,HDFCBANK.NS,734.0,735.9500122070312,703.0750122070312,704.7999877929688,656.7078247070312,23556276,0.0,0.0
2021-01-28,HDFCBANK.NS,694.9500122070312,700.6500244140625,671.0,685.7249755859375,638.934326171875,42704446,0.0,0.0
2021-01-29,HDFCBANK.NS,695.6749877929688,704.375,682.25,695.25,647.8095092773438,28704502,0.0,0.0
2021-02-01,HDFCBANK.NS,705.125,741.25,700.5,738.375,687.9917602539062,26370544,0.0,0.0
2021-02-02,HDFCBANK.NS,750.5,789.25,748.7000122070312,780.2750244140625,727.03271484375,42420206,0.0,0.0
2021-02-03,HDFCBANK.NS,789.5,790.8499755859375,771.0,787.4000244140625,733.671630859375,20237254,0.0,0.0
2021-02-04,HDFCBANK.NS,783.0,794.0,771.7249755859375,789.5499877929688,735.6748046875,24484684,0.0,0.0
2021-02-05,HDFCBANK.NS,774.0,809.125,774.0,798.7999877929688,744.293701171875,27054716,0.0,0.0
2021-02-08,HDFCBANK.NS,810.0,815.8250122070312,797.8499755859375,802.625,747.857666015625,17447580,0.0,0.0
2021-02-09,HDFCBANK.NS,805.0,814.0,793.3499755859375,805.9249877929688,750.9325561523438,18421366,0.0,0.0
2021-02-10,HDFCBANK.NS,804.1749877929688,807.4249877929688,783.5,790.875,736.9094848632812,19788006,0.0,0.0
2021-02-11,HDFCBANK.NS,791.0,798.9000244140625,782.0999755859375,786.1749877929688,732.5302124023438,13648618,0.0,0.0
2021-02-12,HDFCBANK.NS,786.9500122070312,796.25,786.5,790.9749755859375,737.002685546875,9910106,0.0,0.0
2021-02-15,HDFCBANK.NS,800.0499877929688,812.5,798.3499755859375,808.2999877929688,753.1455688476562,10355244,0.0,0.0
2021-02-16,HDFCBANK.NS,810.5999755859375,820.5,804.2249755859375,813.3250122070312,757.8275756835938,13897358,0.0,0.0
2021-02-17,HDFCBANK.NS,810.0,810.9000244140625,791.5,793.25,739.1223754882812,12794426,0.0,0.0
2021-02-18,HDFCBANK.NS,802.9749755859375,802.9749755859375,774.0,777.1500244140625,724.1209106445312,14720560,0.0,0.0
2021-02-19,HDFCBANK.NS,772.5,782.0999755859375,766.5,769.5499877929688,717.03955078125,17139508,0.0,0.0
2021-02-22,HDFCBANK.NS,772.5250244140625,786.9500122070312,769.7249755859375,774.0,721.1859130859375,29451838,0.0,0.0
2021-02-23,HDFCBANK.NS,776.875,778.8499755859375,761.3250122070312,764.5750122070312,712.4039916992188,18239906,0.0,0.0
2021-02-24,HDFCBANK.NS,763.25,806.9749755859375,758.125,803.2249755859375,748.416748046875,14314332,0.0,0.0
2021-02-25,HDFCBANK.NS,804.875,818.125,801.0,803.2000122070312,748.3934326171875,20109570,0.0,0.0
2021-02-26,HDFCBANK.NS,793.5250244140625,794.4500122070312,760.5,767.2000122070312,714.8499755859375,27912846,0.0,0.0
2021-03-01,HDFCBANK.NS,782.0,786.2750244140625,770.3499755859375,779.4500122070312,726.2640991210938,13536018,0.0,0.0
2021-03-02,HDFCBANK.NS,787.8499755859375,793.75,775.5,784.0999755859375,730.5967407226562,16110038,0.0,0.0
2021-03-03,HDFCBANK.NS,792.0,798.0,782.5,793.4249877929688,739.2854614257812,11222410,0.0,0.0
2021-03-04,HDFCBANK.NS,774.2750244140625,785.5,769.5499877929688,776.0250244140625,723.0726928710938,16291438,0.0,0.0
2021-03-05,HDFCBANK.NS,765.5,772.7999877929688,760.5499877929688,765.0,712.8001098632812,17445822,0.0,0.0
2021-03-08,HDFCBANK.NS,771.0,777.5,756.25,759.75,707.9082641601562,15117050,0.0,0.0
2021-03-09,HDFCBANK.NS,772.5,782.8499755859375,769.125,781.25,727.941162109375,15066696,0.0,0.0
2021-03-10,HDFCBANK.NS,786.0,787.5,776.0750122070312,777.875,724.7965698242188,11055016,0.0,0.0
2021-03-12,HDFCBANK.NS,800.0,800.0,767.5250244140625,775.9749755859375,723.026123046875,15631204,0.0,0.0
2021-03-15,HDFCBANK.NS,774.2000122070312,774.2000122070312,757.6500244140625,764.3250122070312,712.171142578125,12230386,0.0,0.0
2021-03-16,HDFCBANK.NS,765.4500122070312,770.2000122070312,755.0,756.0750122070312,704.484130859375,13722366,0.0,0.0
2021-03-17,HDFCBANK.NS,762.125,769.5,745.0999755859375,747.6749877929688,696.6572265625,21064428,0.0,0.0
2021-03-18,HDFCBANK.NS,755.875,761.0250244140625,740.5750122070312,745.5,694.6306762695312,18065540,0.0,0.0
2021-03-19,HDFCBANK.NS,742.5,755.5999755859375,737.0250244140625,748.75,697.6588134765625,21235020,0.0,0.0
2021-03-22,HDFCBANK.NS,747.4500122070312,747.4500122070312,730.2000122070312,734.5750122070312,684.4511108398438,14015632,0.0,0.0
2021-03-23,HDFCBANK.NS,735.0,753.7249755859375,734.5499877929688,750.0750122070312,698.8934936523438,19761428,0.0,0.0
2021-03-24,HDFCBANK.NS,745.4500122070312,753.2249755859375,735.5,739.4000244140625,688.9468994140625,16368900,0.0,0.0
2021-03-25,HDFCBANK.NS,745.0999755859375,747.7750244140625,725.125,731.6749877929688,681.7490234375,23964356,0.0,0.0
2021-03-26,HDFCBANK.NS,747.0,749.5,737.0,745.6500244140625,694.7704467773438,12021258,0.0,0.0
2021-03-30,HDFCBANK.NS,753.3250122070312,781.2750244140625,750.7750244140625,776.8499755859375,723.8414306640625,25607644,0.0,0.0
2021-03-31,HDFCBANK.NS,774.0,774.0,744.0,746.8250122070312,695.8651733398438,30774506,0.0,0.0
2021-04-01,HDFCBANK.NS,749.7000122070312,749.7000122070312,732.5,743.375,692.650634765625,35763762,0.0,0.0
2021-04-05,HDFCBANK.NS,740.0,742.5,715.5,724.7999877929688,675.3430786132812,16006586,0.0,0.0
2021-04-06,HDFCBANK.NS,730.0,731.3250122070312,716.3250122070312,720.125,670.9869995117188,15075734,0.0,0.0
2021-04-07,HDFCBANK.NS,719.6500244140625,728.3499755859375,710.7750244140625,723.5999755859375,674.2249145507812,25088180,0.0,0.0
2021-04-08,HDFCBANK.NS,726.5,730.4500122070312,715.25,716.4000244140625,667.516357421875,17613592,0.0,0.0
2021-04-09,HDFCBANK.NS,713.0,716.4000244140625,707.5499877929688,710.875,662.3682861328125,28157816,0.0,0.0
2021-04-12,HDFCBANK.NS,696.5,699.5,676.5,683.5250244140625,636.884521484375,22549128,0.0,0.0
2021-04-13,HDFCBANK.NS,684.0,703.2249755859375,680.5,700.1749877929688,652.3984375,18600682,0.0,0.0
2021-04-15,HDFCBANK.NS,702.5,718.3499755859375,695.5,715.0499877929688,666.2584228515625,34444984,0.0,0.0
2021-04-16,HDFCBANK.NS,717.4749755859375,722.5,711.75,714.3250122070312,665.5828247070312,15606526,0.0,0.0
2021-04-19,HDFCBANK.NS,695.0,708.8499755859375,686.1500244140625,706.2000122070312,658.0123291015625,24069242,0.0,0.0
2021-04-20,HDFCBANK.NS,712.5,713.2000122070312,691.9749755859375,695.7000122070312,648.2286376953125,23186270,0.0,0.0
2021-04-22,HDFCBANK.NS,690.0,713.4000244140625,685.5250244140625,711.25,662.7176513671875,38485312,0.0,0.0
2021-04-23,HDFCBANK.NS,704.5,717.2999877929688,700.0999755859375,707.0750122070312,658.8275756835938,22713528,0.0,0.0
2021-04-26,HDFCBANK.NS,706.5,714.5,701.375,702.4000244140625,654.4716796875,30170952,0.0,0.0
2021-04-27,HDFCBANK.NS,703.625,721.0,702.4000244140625,719.3499755859375,670.264892578125,20592906,0.0,0.0
2021-04-28,HDFCBANK.NS,718.125,739.5,715.5,738.4000244140625,688.01513671875,24103940,0.0,0.0
2021-04-29,HDFCBANK.NS,743.0999755859375,751.8250122070312,730.5,736.25,686.0117797851562,24078552,0.0,0.0
2021-04-30,HDFCBANK.NS,722.5,726.9000244140625,703.75,706.1500244140625,657.9656372070312,35232902,0.0,0.0
2021-05-03,HDFCBANK.NS,696.5,710.9500122070312,688.6500244140625,707.2249755859375,658.9674072265625,22473700,0.0,0.0
2021-05-04,HDFCBANK.NS,704.9749755859375,711.5,691.6500244140625,694.1749877929688,646.8077392578125,21486328,0.0,0.0
2021-05-05,HDFCBANK.NS,700.5,704.7999877929688,690.8499755859375,701.2999877929688,653.4466552734375,14421612,0.0,0.0
2021-05-06,HDFCBANK.NS,703.7999877929688,705.4000244140625,697.5,700.4500122070312,652.6547241210938,11477044,0.0,0.0
2021-05-07,HDFCBANK.NS,706.4749755859375,712.4749755859375,705.125,707.375,659.1071166992188,12048334,0.0,0.0
2021-05-10,HDFCBANK.NS,713.5,715.0,706.4000244140625,709.9249877929688,661.4830322265625,11060050,0.0,0.0
2021-05-11,HDFCBANK.NS,698.0,712.0999755859375,697.5250244140625,701.7750244140625,653.8892211914062,14519034,0.0,0.0
2021-05-12,HDFCBANK.NS,699.875,704.2999877929688,694.4249877929688,699.75,652.0023803710938,13774926,0.0,0.0
2021-05-14,HDFCBANK.NS,697.1749877929688,699.4500122070312,691.1749877929688,693.4249877929688,646.1089477539062,10604142,0.0,0.0
2021-05-17,HDFCBANK.NS,697.5750122070312,721.2999877929688,690.6500244140625,720.125,670.9869995117188,15120692,0.0,0.0
2021-05-18,HDFCBANK.NS,729.4749755859375,741.375,727.5,738.3499755859375,687.968505859375,22165280,0.0,0.0
2021-05-19,HDFCBANK.NS,735.0999755859375,739.4249877929688,726.2750244140625,729.0999755859375,679.3496704101562,10130916,0.0,0.0
2021-05-20,HDFCBANK.NS,729.1749877929688,732.9500122070312,714.25,716.4000244140625,667.516357421875,10684184,0.0,0.0
2021-05-21,HDFCBANK.NS,721.5,750.9500122070312,721.5,748.6500244140625,697.565673828125,19341646,0.0,0.0
2021-05-24,HDFCBANK.NS,751.625,760.2249755859375,749.25,754.9749755859375,703.4590454101562,22146102,0.0,0.0
2021-05-25,HDFCBANK.NS,755.25,756.875,735.25,739.4749755859375,689.0166625976562,19236974,0.0,0.0
2021-05-26,HDFCBANK.NS,740.0,743.5,735.0,738.5250244140625,688.131591796875,12283990,0.0,0.0
2021-05-27,HDFCBANK.NS,736.5499877929688,744.5,731.2249755859375,741.3250122070312,690.7405395507812,20439496,0.0,0.0
2021-05-28,HDFCBANK.NS,745.4500122070312,756.5,739.375,751.7249755859375,700.4308471679688,17750020,0.0,0.0
2021-05-31,HDFCBANK.NS,750.0,759.75,743.75,757.9249877929688,706.207763671875,15661054,0.0,0.0
2021-06-01,HDFCBANK.NS,760.1500244140625,763.5,753.625,755.8499755859375,704.2743530273438,11030162,0.0,0.0
2021-06-02,HDFCBANK.NS,755.0,755.0999755859375,746.5,752.0,700.6871337890625,10624016,0.0,0.0
2021-06-03,HDFCBANK.NS,754.0,762.4749755859375,743.875,760.2750244140625,708.3974609375,10287260,0.0,0.0
2021-06-04,HDFCBANK.NS,758.0,760.3250122070312,749.5999755859375,750.4749755859375,699.2661743164062,9424476,0.0,0.0
2021-06-07,HDFCBANK.NS,755.0,757.0,748.0,749.9249877929688,698.7537231445312,8091668,0.0,0.0
2021-06-08,HDFCBANK.NS,748.2750244140625,750.6500244140625,740.75,741.5250244140625,690.9268798828125,9872540,0.0,0.0
2021-06-09,HDFCBANK.NS,741.9500122070312,751.0,736.0250244140625,740.1500244140625,689.6456909179688,10223442,0.0,0.0
2021-06-10,HDFCBANK.NS,741.0499877929688,744.5,736.8250122070312,740.5250244140625,689.9951171875,11483540,0.0,0.0
2021-06-11,HDFCBANK.NS,745.5,748.2750244140625,740.5250244140625,743.1749877929688,692.4642944335938,7205974,0.0,0.0
2021-06-14,HDFCBANK.NS,739.125,743.0,731.2750244140625,739.7249755859375,689.2496948242188,8881964,0.0,0.0
2021-06-15,HDFCBANK.NS,743.0,748.0,737.4000244140625,745.125,694.2811889648438,7569602,0.0,0.0
2021-06-16,HDFCBANK.NS,744.0,747.0,739.0499877929688,742.2999877929688,691.64892578125,7702098,0.0,0.0
2021-06-17,HDFCBANK.NS,733.0,739.375,730.0,733.0499877929688,683.0302124023438,9283802,0.0,0.0
2021-06-18,HDFCBANK.NS,734.75,745.0,727.5,739.9000244140625,689.412841796875,11938060,0.0,0.0
2021-06-21,HDFCBANK.NS,730.6749877929688,745.9000244140625,729.5,744.3499755859375,693.5590209960938,7260472,0.0,0.0
2021-06-22,HDFCBANK.NS,748.5,754.0,740.0,741.9000244140625,691.2763061523438,14366824,0.0,0.0
2021-06-23,HDFCBANK.NS,745.0,748.9000244140625,739.2999877929688,742.75,692.068359375,7844868,0.0,0.0
2021-06-24,HDFCBANK.NS,745.0,756.7249755859375,744.0,753.125,701.7354125976562,14785024,0.0,0.0
2021-06-25,HDFCBANK.NS,755.5499877929688,761.0,753.5,757.5499877929688,705.8583984375,10383176,0.0,0.0
2021-06-28,HDFCBANK.NS,760.0,761.5,752.5,754.1749877929688,702.7137451171875,9356786,0.0,0.0
2021-06-29,HDFCBANK.NS,753.5,754.0999755859375,746.0750122070312,751.0250244140625,702.8073120117188,10971692,3.25,0.0
2021-06-30,HDFCBANK.NS,749.0,754.5,747.0499877929688,748.9500122070312,700.8656005859375,9679022,0.0,0.0
2021-07-01,HDFCBANK.NS,751.0,751.0,741.5,743.375,695.6484375,16911442,0.0,0.0
2021-07-02,HDFCBANK.NS,742.5,744.625,738.5,740.2000122070312,692.6773071289062,14827036,0.0,0.0
2021-07-05,HDFCBANK.NS,744.9749755859375,752.25,742.2750244140625,747.7249755859375,699.7191772460938,7373882,0.0,0.0
2021-07-06,HDFCBANK.NS,748.5,770.0,748.0,767.3499755859375,718.0841674804688,17669032,0.0,0.0
2021-07-07,HDFCBANK.NS,767.0,772.6749877929688,763.8499755859375,769.75,720.3301391601562,9629190,0.0,0.0
2021-07-08,HDFCBANK.NS,762.5,768.8499755859375,756.7249755859375,760.2249755859375,711.4165649414062,8420922,0.0,0.0
2021-07-09,HDFCBANK.NS,756.2750244140625,758.0,748.75,751.0,702.7838745117188,10695842,0.0,0.0
2021-07-12,HDFCBANK.NS,751.0,751.0,742.0,743.5,695.765380859375,14458978,0.0,0.0
2021-07-13,HDFCBANK.NS,748.0499877929688,753.0499877929688,742.0499877929688,750.9249877929688,702.7137451171875,18178142,0.0,0.0
2021-07-14,HDFCBANK.NS,748.75,753.6749877929688,745.5499877929688,749.5750122070312,701.4503784179688,9788494,0.0,0.0
2021-07-15,HDFCBANK.NS,752.5,763.375,749.8250122070312,760.3499755859375,711.5335693359375,10438802,0.0,0.0
2021-07-16,HDFCBANK.NS,763.9749755859375,764.9749755859375,759.4000244140625,761.1749877929688,712.3057250976562,5170628,0.0,0.0
2021-07-19,HDFCBANK.NS,743.5,744.4249877929688,733.0,735.5,688.2791137695312,25111600,0.0,0.0
2021-07-20,HDFCBANK.NS,721.0,727.0,718.0750122070312,721.5750122070312,675.248046875,24174250,0.0,0.0
2021-07-22,HDFCBANK.NS,728.0499877929688,734.25,722.5,724.3499755859375,677.8448486328125,13207114,0.0,0.0
2021-07-23,HDFCBANK.NS,725.75,728.7249755859375,717.6500244140625,721.375,675.060791015625,13126684,0.0,0.0
2021-07-26,HDFCBANK.NS,715.0,722.0,714.0499877929688,717.2750244140625,671.22412109375,13167166,0.0,0.0
2021-07-27,HDFCBANK.NS,718.0499877929688,724.9500122070312,718.0499877929688,719.875,673.6571655273438,22401430,0.0,0.0
2021-07-28,HDFCBANK.NS,717.5250244140625,719.3499755859375,702.0,708.6500244140625,663.15283203125,20670342,0.0,0.0
2021-07-29,HDFCBANK.NS,714.125,714.9749755859375,706.6500244140625,709.125,663.5973510742188,13702230,0.0,0.0
2021-07-30,HDFCBANK.NS,709.5,715.875,703.9749755859375,713.2249755859375,667.43408203125,11655488,0.0,0.0
2021-08-02,HDFCBANK.NS,717.5,717.5,708.125,711.3250122070312,665.6561889648438,13258786,0.0,0.0
2021-08-03,HDFCBANK.NS,705.0,719.9500122070312,705.0,717.3499755859375,671.2943115234375,12033120,0.0,0.0
2021-08-04,HDFCBANK.NS,720.5,737.25,720.0,732.6500244140625,685.6119995117188,22053948,0.0,0.0
2021-08-05,HDFCBANK.NS,733.5499877929688,753.5250244140625,728.7000122070312,742.4249877929688,694.7593994140625,18822408,0.0,0.0
2021-08-06,HDFCBANK.NS,741.7750244140625,750.0,737.0,746.3250122070312,698.4090576171875,13339270,0.0,0.0
2021-08-09,HDFCBANK.NS,746.0,753.6749877929688,738.0,751.9500122070312,703.6729125976562,10998048,0.0,0.0
2021-08-10,HDFCBANK.NS,744.5,759.875,744.5,753.8250122070312,705.4275512695312,14838346,0.0,0.0
2021-08-11,HDFCBANK.NS,757.4500122070312,759.4249877929688,745.5250244140625,747.4749755859375,699.4851684570312,12585786,0.0,0.0
2021-08-12,HDFCBANK.NS,748.5,753.7999877929688,744.6500244140625,750.7000122070312,702.503173828125,8597674,0.0,0.0
2021-08-13,HDFCBANK.NS,750.5999755859375,765.5,750.5,763.0999755859375,714.10693359375,16658428,0.0,0.0
2021-08-16,HDFCBANK.NS,763.0750122070312,767.5,760.7249755859375,765.2999877929688,716.165771484375,6252778,0.0,0.0
2021-08-17,HDFCBANK.NS,758.5999755859375,762.0,752.6500244140625,757.3250122070312,708.7028198242188,8282666,0.0,0.0
2021-08-18,HDFCBANK.NS,778.3499755859375,782.6749877929688,754.1749877929688,756.5,707.9307861328125,22985932,0.0,0.0
2021-08-20,HDFCBANK.NS,743.0250244140625,759.9000244140625,743.0250244140625,757.375,708.7496337890625,13150406,0.0,0.0
2021-08-23,HDFCBANK.NS,764.9249877929688,766.5750122070312,754.3250122070312,762.2999877929688,713.3584594726562,10843054,0.0,0.0
2021-08-24,HDFCBANK.NS,765.0,782.25,763.7249755859375,779.4249877929688,729.3839111328125,18381314,0.0,0.0
2021-08-25,HDFCBANK.NS,776.0499877929688,782.4000244140625,774.0,778.7000122070312,728.7055053710938,7727974,0.0,0.0
2021-08-26,HDFCBANK.NS,775.0,785.5,771.7249755859375,777.4000244140625,727.4889526367188,11119002,0.0,0.0
2021-08-27,HDFCBANK.NS,776.0,779.3250122070312,772.625,774.2249755859375,724.517822265625,6382138,0.0,0.0
2021-08-30,HDFCBANK.NS,777.7999877929688,785.0,775.7999877929688,784.125,733.7821655273438,9049166,0.0,0.0
2021-08-31,HDFCBANK.NS,781.75,791.6749877929688,781.0999755859375,790.7000122070312,739.93505859375,12062576,0.0,0.0
2021-09-01,HDFCBANK.NS,787.5,799.0,787.25,789.5499877929688,738.8588256835938,12422558,0.0,0.0
2021-09-02,HDFCBANK.NS,787.0499877929688,796.0,785.625,794.5,743.4910888671875,9618524,0.0,0.0
2021-09-03,HDFCBANK.NS,793.0499877929688,799.0,784.1500244140625,788.0250244140625,737.431884765625,10735334,0.0,0.0
2021-09-06,HDFCBANK.NS,789.9749755859375,790.4749755859375,780.9749755859375,782.8499755859375,732.5890502929688,7876896,0.0,0.0
2021-09-07,HDFCBANK.NS,781.25,791.0,777.5999755859375,784.625,734.2501220703125,7245496,0.0,0.0
2021-09-08,HDFCBANK.NS,785.9749755859375,790.25,782.7999877929688,788.2000122070312,737.5956420898438,6724080,0.0,0.0
2021-09-09,HDFCBANK.NS,787.0,789.7249755859375,780.5,784.2999877929688,733.9459228515625,8250948,0.0,0.0
2021-09-13,HDFCBANK.NS,781.0,792.0,776.8250122070312,777.7750244140625,727.8399047851562,8959164,0.0,0.0
2021-09-14,HDFCBANK.NS,780.0,782.25,773.2999877929688,774.2750244140625,724.5645751953125,9758506,0.0,0.0
2021-09-15,HDFCBANK.NS,767.5,777.4000244140625,767.5,773.4000244140625,723.7457885742188,14822998,0.0,0.0
2021-09-16,HDFCBANK.NS,768.875,782.1500244140625,768.1500244140625,779.9749755859375,729.8986206054688,10260550,0.0,0.0
2021-09-17,HDFCBANK.NS,784.5,794.5,779.5999755859375,791.0750122070312,740.285888671875,20498102,0.0,0.0
2021-09-20,HDFCBANK.NS,782.0,790.8499755859375,779.0,779.9249877929688,729.851806640625,8781610,0.0,0.0
2021-09-21,HDFCBANK.NS,781.0,784.3250122070312,764.4749755859375,775.9749755859375,726.1553955078125,14774996,0.0,0.0
2021-09-22,HDFCBANK.NS,774.5,775.0750122070312,765.0,766.8499755859375,717.6162109375,10582202,0.0,0.0
2021-09-23,HDFCBANK.NS,771.0,786.0,771.0,785.0,734.6009521484375,13664304,0.0,0.0
2021-09-24,HDFCBANK.NS,789.5,803.9749755859375,787.5,800.7750244140625,749.36328125,20806702,0.0,0.0
2021-09-27,HDFCBANK.NS,807.8499755859375,817.75,804.0,812.5499877929688,760.3822631835938,16415462,0.0,0.0
2021-09-28,HDFCBANK.NS,816.0,816.0,791.0,807.5250244140625,755.6798095703125,12773790,0.0,0.0
2021-09-29,HDFCBANK.NS,798.5,803.2999877929688,792.5750122070312,796.9249877929688,745.7603759765625,16263036,0.0,0.0
2021-09-30,HDFCBANK.NS,793.0,803.1749877929688,791.5499877929688,797.4749755859375,746.2750244140625,15975348,0.0,0.0
2021-10-01,HDFCBANK.NS,791.5,794.5,782.625,791.3499755859375,740.5432739257812,11128596,0.0,0.0
2021-10-04,HDFCBANK.NS,794.5,800.6749877929688,791.7999877929688,792.875,741.9703979492188,7051028,0.0,0.0
2021-10-05,HDFCBANK.NS,796.0,798.75,788.125,797.7249755859375,746.509033203125,10257178,0.0,0.0
2021-10-06,HDFCBANK.NS,798.0,813.4249877929688,793.5,807.4500122070312,755.6096801757812,18600830,0.0,0.0
2021-10-07,HDFCBANK.NS,813.2999877929688,813.8499755859375,803.5,805.25,753.5509643554688,11265724,0.0,0.0
2021-10-08,HDFCBANK.NS,806.0,811.0,800.0750122070312,801.3250122070312,749.8778686523438,7245562,0.0,0.0
2021-10-11,HDFCBANK.NS,799.9500122070312,822.5,799.5,816.9000244140625,764.4529418945312,13080848,0.0,0.0
2021-10-12,HDFCBANK.NS,812.5,820.7750244140625,812.5,814.7999877929688,762.4877319335938,8176946,0.0,0.0
2021-10-13,HDFCBANK.NS,818.5,824.0,815.0,819.7000122070312,767.0731811523438,6225644,0.0,0.0
2021-10-14,HDFCBANK.NS,819.0,845.0,819.0,843.7000122070312,789.5322875976562,14757288,0.0,0.0
2021-10-18,HDFCBANK.NS,852.5,862.5,833.5250244140625,835.1500244140625,781.53125,28856456,0.0,0.0
2021-10-19,HDFCBANK.NS,837.7249755859375,846.2249755859375,835.5,844.3499755859375,790.1405029296875,8987540,0.0,0.0
2021-10-20,HDFCBANK.NS,844.5499877929688,849.375,832.2249755859375,836.9249877929688,783.1922607421875,10908568,0.0,0.0
2021-10-21,HDFCBANK.NS,835.9000244140625,840.9749755859375,830.4249877929688,838.1500244140625,784.3386840820312,9738190,0.0,0.0
2021-10-22,HDFCBANK.NS,840.0499877929688,854.0,835.375,840.375,786.4207153320312,12175554,0.0,0.0
2021-10-25,HDFCBANK.NS,845.0,845.0,806.9000244140625,828.5,775.3081665039062,16426766,0.0,0.0
2021-10-26,HDFCBANK.NS,825.0,836.9249877929688,823.1749877929688,826.375,773.3196411132812,12090656,0.0,0.0
2021-10-27,HDFCBANK.NS,826.375,832.5250244140625,818.6500244140625,821.4000244140625,768.6640625,13249642,0.0,0.0
2021-10-28,HDFCBANK.NS,825.0,825.0,793.5750122070312,796.7999877929688,745.6434326171875,17797750,0.0,0.0
2021-10-29,HDFCBANK.NS,795.0,801.0,780.0,791.4249877929688,740.6134033203125,12406874,0.0,0.0
2021-11-01,HDFCBANK.NS,792.5,805.5,791.7750244140625,802.6500244140625,751.1177978515625,8122320,0.0,0.0
2021-11-02,HDFCBANK.NS,803.0,811.0,800.0250244140625,803.375,751.7963256835938,13237722,0.0,0.0
2021-11-03,HDFCBANK.NS,802.5499877929688,804.9500122070312,787.7750244140625,790.7249755859375,739.9584350585938,10207338,0.0,0.0
2021-11-04,HDFCBANK.NS,797.5,798.9249877929688,795.0499877929688,796.9749755859375,745.8071899414062,1096808,0.0,0.0
2021-11-08,HDFCBANK.NS,796.0499877929688,802.3499755859375,785.2249755859375,800.125,748.7549438476562,18943580,0.0,0.0
2021-11-09,HDFCBANK.NS,797.2999877929688,797.2999877929688,784.5250244140625,786.125,735.6537475585938,12695476,0.0,0.0
2021-11-10,HDFCBANK.NS,784.0,784.5,775.0,777.625,727.699462890625,13714126,0.0,0.0
2021-11-11,HDFCBANK.NS,775.0250244140625,777.4500122070312,767.7999877929688,774.1500244140625,724.447509765625,7999404,0.0,0.0
2021-11-12,HDFCBANK.NS,775.0,779.5250244140625,772.5250244140625,776.5,726.6466674804688,14914092,0.0,0.0
2021-11-15,HDFCBANK.NS,781.0499877929688,785.9249877929688,777.2000122070312,778.625,728.6353759765625,9533594,0.0,0.0
2021-11-16,HDFCBANK.NS,777.5,778.5999755859375,770.7999877929688,774.0,724.3072509765625,8245406,0.0,0.0
2021-11-17,HDFCBANK.NS,768.4500122070312,772.0,764.25,765.4000244140625,716.2593383789062,7598878,0.0,0.0
2021-11-18,HDFCBANK.NS,763.0250244140625,771.75,762.625,769.7000122070312,720.2833251953125,9152874,0.0,0.0
2021-11-22,HDFCBANK.NS,773.0,776.3499755859375,749.5250244140625,757.6749877929688,709.0302734375,15261272,0.0,0.0
2021-11-23,HDFCBANK.NS,751.0,763.9000244140625,748.1749877929688,757.7750244140625,709.1239013671875,11235214,0.0,0.0
2021-11-24,HDFCBANK.NS,762.0,768.1749877929688,757.0250244140625,759.0250244140625,710.2936401367188,30802286,0.0,0.0
2021-11-25,HDFCBANK.NS,757.4000244140625,766.6500244140625,753.5,762.9749755859375,713.9900512695312,10251652,0.0,0.0
2021-11-26,HDFCBANK.NS,750.0,753.3499755859375,742.5,744.9500122070312,697.1223754882812,18624936,0.0,0.0
2021-11-29,HDFCBANK.NS,747.4000244140625,753.8250122070312,731.0,750.625,702.4329223632812,12990996,0.0,0.0
2021-11-30,HDFCBANK.NS,747.5,764.5,743.2750244140625,746.7750244140625,698.8301391601562,25221542,0.0,0.0
2021-12-01,HDFCBANK.NS,747.5,753.5250244140625,744.5499877929688,752.3250122070312,704.0238647460938,8677634,0.0,0.0
2021-12-02,HDFCBANK.NS,752.25,764.4000244140625,750.0,762.875,713.896484375,11203110,0.0,0.0
2021-12-03,HDFCBANK.NS,762.9000244140625,767.9749755859375,753.5250244140625,756.7750244140625,708.1881713867188,8124694,0.0,0.0
2021-12-06,HDFCBANK.NS,756.5,759.4000244140625,748.6749877929688,751.9000244140625,703.6260986328125,7029532,0.0,0.0
2021-12-07,HDFCBANK.NS,756.9749755859375,766.0,754.9500122070312,762.8499755859375,713.8729858398438,12427534,0.0,0.0
2021-12-08,HDFCBANK.NS,768.0,777.5250244140625,767.0,776.9000244140625,727.0210571289062,15295534,0.0,0.0
2021-12-09,HDFCBANK.NS,772.5999755859375,777.3499755859375,761.0,763.4249877929688,714.4111328125,11747744,0.0,0.0
2021-12-10,HDFCBANK.NS,762.4500122070312,764.0,754.2249755859375,761.2750244140625,712.3992309570312,7779384,0.0,0.0
2021-12-13,HDFCBANK.NS,763.0,768.8250122070312,753.5999755859375,755.5750122070312,707.0651245117188,10322142,0.0,0.0
2021-12-14,HDFCBANK.NS,751.25,758.0,748.5250244140625,751.2249755859375,702.994384765625,9191100,0.0,0.0
2021-12-15,HDFCBANK.NS,751.5,761.6749877929688,747.8250122070312,750.0,701.8480834960938,10115148,0.0,0.0
2021-12-16,HDFCBANK.NS,756.4000244140625,758.5,747.0,750.0499877929688,701.8948364257812,13210432,0.0,0.0
2021-12-17,HDFCBANK.NS,748.5,753.0,733.8499755859375,736.5250244140625,689.2382202148438,14994768,0.0,0.0
2021-12-20,HDFCBANK.NS,726.0,729.0,707.0499877929688,712.8250122070312,667.059814453125,21156668,0.0,0.0
2021-12-21,HDFCBANK.NS,719.75,725.375,715.0,720.9000244140625,674.6163940429688,9118750,0.0,0.0
2021-12-22,HDFCBANK.NS,726.1500244140625,728.0,717.8499755859375,722.5999755859375,676.2072143554688,8577484,0.0,0.0
2021-12-23,HDFCBANK.NS,726.625,728.9000244140625,718.4249877929688,722.0499877929688,675.6925048828125,9779166,0.0,0.0
2021-12-24,HDFCBANK.NS,722.75,726.0,714.0,719.4500122070312,673.2595825195312,5561024,0.0,0.0
2021-12-27,HDFCBANK.NS,714.4500122070312,727.0,711.0750122070312,725.4000244140625,678.8274536132812,4705098,0.0,0.0
2021-12-28,HDFCBANK.NS,730.3499755859375,733.4500122070312,726.7000122070312,730.4000244140625,683.5064697265625,5450678,0.0,0.0
2021-12-29,HDFCBANK.NS,728.0250244140625,730.5,723.7000122070312,726.9249877929688,680.2545776367188,7668702,0.0,0.0
2021-12-30,HDFCBANK.NS,729.25,733.4249877929688,722.5,730.75,683.8340454101562,7215918,0.0,0.0
2021-12-31,HDFCBANK.NS,730.75,742.4000244140625,730.75,739.7000122070312,692.2093505859375,6325736,0.0,0.0
2022-01-03,HDFCBANK.NS,742.5,761.5,740.25,759.8250122070312,711.0423583984375,9069184,0.0,0.0
2022-01-04,HDFCBANK.NS,760.0,766.4500122070312,753.9000244140625,764.2750244140625,715.2066040039062,8857352,0.0,0.0
2022-01-05,HDFCBANK.NS,768.4000244140625,786.0,764.0499877929688,782.4249877929688,732.1912841796875,14332638,0.0,0.0
2022-01-06,HDFCBANK.NS,771.5,777.375,765.0250244140625,769.875,720.4470825195312,9628930,0.0,0.0
2022-01-07,HDFCBANK.NS,772.0,783.375,767.9500122070312,775.2750244140625,725.5004272460938,11179384,0.0,0.0
2022-01-10,HDFCBANK.NS,779.0,786.0,772.75,779.5750122070312,729.5243530273438,8856496,0.0,0.0
2022-01-11,HDFCBANK.NS,780.7750244140625,784.3499755859375,773.9000244140625,782.9500122070312,732.6826171875,8389198,0.0,0.0
2022-01-12,HDFCBANK.NS,784.0,788.3250122070312,776.0,778.3250122070312,728.3544921875,21085530,0.0,0.0
2022-01-13,HDFCBANK.NS,777.5,777.5,760.2000122070312,764.0,714.9491577148438,41963896,0.0,0.0
2022-01-14,HDFCBANK.NS,765.0,774.3499755859375,759.5,772.5750122070312,722.9737548828125,11208968,0.0,0.0
2022-01-17,HDFCBANK.NS,765.0,778.0,759.5750122070312,760.75,711.9078979492188,22989372,0.0,0.0
2022-01-18,HDFCBANK.NS,766.5,775.4500122070312,761.5,764.625,715.5340576171875,12341152,0.0,0.0
2022-01-19,HDFCBANK.NS,767.0,769.875,756.6749877929688,759.2249755859375,710.4807739257812,14317626,0.0,0.0
2022-01-20,HDFCBANK.NS,764.2249755859375,764.25,750.0499877929688,754.5,706.0591430664062,15197846,0.0,0.0
2022-01-21,HDFCBANK.NS,750.0,764.9000244140625,742.7999877929688,760.7999877929688,711.9546508789062,11537694,0.0,0.0
2022-01-24,HDFCBANK.NS,754.9749755859375,760.625,733.7750244140625,743.3250122070312,695.6017456054688,11868508,0.0,0.0
2022-01-25,HDFCBANK.NS,729.3250122070312,747.5,722.0,744.0250244140625,696.2567749023438,13594248,0.0,0.0
2022-01-27,HDFCBANK.NS,725.0,742.5,717.5,737.4749755859375,690.1271362304688,28617838,0.0,0.0
2022-01-28,HDFCBANK.NS,738.75,743.3499755859375,730.0,731.625,684.65283203125,24925208,0.0,0.0
2022-01-31,HDFCBANK.NS,736.375,745.7750244140625,733.4000244140625,742.8499755859375,695.1571655273438,12842546,0.0,0.0
2022-02-01,HDFCBANK.NS,754.25,758.5,736.7249755859375,748.5,700.4443969726562,14739484,0.0,0.0
2022-02-02,HDFCBANK.NS,755.9749755859375,767.5,752.7999877929688,765.5999755859375,716.446533203125,13969290,0.0,0.0
2022-02-03,HDFCBANK.NS,764.375,769.9749755859375,754.5,757.6749877929688,709.0302734375,10564762,0.0,0.0
2022-02-04,HDFCBANK.NS,764.2000122070312,766.4249877929688,757.0499877929688,762.0,713.0776977539062,11579958,0.0,0.0
2022-02-07,HDFCBANK.NS,756.0499877929688,759.5,730.0,734.0750122070312,686.9454956054688,12268042,0.0,0.0
2022-02-08,HDFCBANK.NS,738.2000122070312,739.2249755859375,722.2750244140625,730.9249877929688,683.997802734375,13981130,0.0,0.0
2022-02-09,HDFCBANK.NS,737.0,749.8499755859375,733.5,748.7999877929688,700.7250366210938,11308342,0.0,0.0
2022-02-10,HDFCBANK.NS,757.0,767.75,750.8250122070312,762.5499877929688,713.59228515625,14314530,0.0,0.0
2022-02-11,HDFCBANK.NS,750.125,762.5,749.75,759.4249877929688,710.66796875,10711104,0.0,0.0
2022-02-14,HDFCBANK.NS,745.0,749.7249755859375,734.6500244140625,736.8499755859375,689.5424194335938,14656620,0.0,0.0
2022-02-15,HDFCBANK.NS,738.0,762.4500122070312,736.5250244140625,758.9000244140625,710.1766967773438,13135066,0.0,0.0
2022-02-16,HDFCBANK.NS,767.1749877929688,767.375,753.5,757.875,709.2174682617188,10032264,0.0,0.0
2022-02-17,HDFCBANK.NS,756.5499877929688,761.0,751.0,753.25,704.8894653320312,7351208,0.0,0.0
2022-02-18,HDFCBANK.NS,749.1500244140625,758.5,745.2249755859375,756.1749877929688,707.6265869140625,7796128,0.0,0.0
2022-02-21,HDFCBANK.NS,752.0,765.3499755859375,747.7750244140625,761.0499877929688,712.1885375976562,7468066,0.0,0.0
2022-02-22,HDFCBANK.NS,744.9000244140625,761.0499877929688,743.9749755859375,755.3499755859375,706.8545532226562,9536196,0.0,0.0
2022-02-23,HDFCBANK.NS,762.5499877929688,762.8499755859375,747.8250122070312,750.4500122070312,702.2692260742188,9029562,0.0,0.0
2022-02-24,HDFCBANK.NS,724.9500122070312,737.4749755859375,703.5750122070312,709.7000122070312,664.135498046875,23630766,0.0,0.0
2022-02-25,HDFCBANK.NS,719.9749755859375,732.9500122070312,716.4249877929688,728.0499877929688,681.3073120117188,18318654,0.0,0.0
2022-02-28,HDFCBANK.NS,713.0,719.2750244140625,707.0250244140625,713.125,667.340576171875,24880832,0.0,0.0
2022-03-02,HDFCBANK.NS,693.25,699.2000122070312,677.2000122070312,687.125,643.0098266601562,38505560,0.0,0.0
2022-03-03,HDFCBANK.NS,690.5,696.0,681.4500122070312,685.5,641.4891967773438,17527922,0.0,0.0
2022-03-04,HDFCBANK.NS,680.0,693.0,668.4500122070312,683.25,639.3836059570312,21219364,0.0,0.0
2022-03-07,HDFCBANK.NS,659.25,666.1749877929688,648.5250244140625,662.4000244140625,619.8722534179688,27054458,0.0,0.0
2022-03-08,HDFCBANK.NS,651.0999755859375,667.0,646.0,663.9000244140625,621.27587890625,39212492,0.0,0.0
2022-03-09,HDFCBANK.NS,665.0,687.3499755859375,659.4249877929688,685.5750122070312,641.5592651367188,23134694,0.0,0.0
2022-03-10,HDFCBANK.NS,713.5,713.5,690.125,696.3499755859375,651.6425170898438,22273206,0.0,0.0
2022-03-11,HDFCBANK.NS,694.0,704.4749755859375,686.3499755859375,698.4000244140625,653.5609741210938,15150780,0.0,0.0
2022-03-14,HDFCBANK.NS,707.5,725.0,707.5,721.2750244140625,674.96728515625,25018126,0.0,0.0
2022-03-15,HDFCBANK.NS,721.75,724.75,705.875,712.0,666.2877807617188,18867928,0.0,0.0
2022-03-16,HDFCBANK.NS,723.5,727.5,718.0999755859375,724.0750122070312,677.5875244140625,13364108,0.0,0.0
2022-03-17,HDFCBANK.NS,736.0,744.9000244140625,735.2750244140625,740.0250244140625,692.5135498046875,14823954,0.0,0.0
2022-03-21,HDFCBANK.NS,743.5,746.8250122070312,736.4000244140625,743.25,695.5314331054688,12257876,0.0,0.0
2022-03-22,HDFCBANK.NS,740.6500244140625,749.0,728.5999755859375,747.0750122070312,699.1109008789062,10461814,0.0,0.0
2022-03-23,HDFCBANK.NS,753.5,759.4000244140625,736.7999877929688,739.625,692.13916015625,31188256,0.0,0.0
2022-03-24,HDFCBANK.NS,733.0,734.8250122070312,717.2750244140625,721.3250122070312,675.0139770507812,20160044,0.0,0.0
2022-03-25,HDFCBANK.NS,725.5,726.0,709.5,715.4500122070312,669.5162963867188,16366462,0.0,0.0
2022-03-28,HDFCBANK.NS,715.4500122070312,719.0,700.7999877929688,716.4000244140625,670.4053344726562,15754886,0.0,0.0
2022-03-29,HDFCBANK.NS,720.5,730.125,715.0,725.9000244140625,679.29541015625,12377448,0.0,0.0
2022-03-30,HDFCBANK.NS,736.0,741.375,727.0250244140625,738.4749755859375,691.06298828125,20109742,0.0,0.0
2022-03-31,HDFCBANK.NS,735.5,742.3499755859375,732.9500122070312,735.1749877929688,687.974853515625,14295714,0.0,0.0
2022-04-01,HDFCBANK.NS,738.2000122070312,755.0,735.1500244140625,753.0,704.655517578125,14568556,0.0,0.0
2022-04-04,HDFCBANK.NS,790.0,861.0499877929688,781.2750244140625,828.4000244140625,775.2146606445312,97450970,0.0,0.0
2022-04-05,HDFCBANK.NS,833.3499755859375,833.3499755859375,801.0,804.125,752.4982299804688,30922582,0.0,0.0
2022-04-06,HDFCBANK.NS,793.8499755859375,794.9000244140625,773.6749877929688,775.4249877929688,725.6406860351562,27027860,0.0,0.0
2022-04-07,HDFCBANK.NS,770.6500244140625,770.6749877929688,756.8499755859375,758.375,709.6853637695312,40781732,0.0,0.0
2022-04-08,HDFCBANK.NS,756.0499877929688,762.875,748.6500244140625,757.3250122070312,708.7028198242188,41256322,0.0,0.0
2022-04-11,HDFCBANK.NS,753.0,755.0,746.625,748.0750122070312,700.0466918945312,20799066,0.0,0.0
2022-04-12,HDFCBANK.NS,742.0,753.4249877929688,740.0750122070312,746.75,698.8067626953125,27435402,0.0,0.0
2022-04-13,HDFCBANK.NS,745.0,751.1500244140625,731.3250122070312,732.4749755859375,685.4481201171875,28892520,0.0,0.0
2022-04-18,HDFCBANK.NS,709.4249877929688,715.8250122070312,695.0250244140625,697.7249755859375,652.9292602539062,45620376,0.0,0.0
2022-04-19,HDFCBANK.NS,690.4500122070312,694.7750244140625,663.5,671.0999755859375,628.013671875,74096022,0.0,0.0
2022-04-20,HDFCBANK.NS,677.2249755859375,679.9500122070312,667.6749877929688,677.1500244140625,633.67529296875,49325736,0.0,0.0
2022-04-21,HDFCBANK.NS,682.5,689.9000244140625,676.6500244140625,687.1749877929688,643.0565795898438,52446270,0.0,0.0
2022-04-22,HDFCBANK.NS,680.0,687.6749877929688,674.5750122070312,677.7999877929688,634.2835083007812,20659148,0.0,0.0
2022-04-25,HDFCBANK.NS,675.0,685.3250122070312,661.125,682.875,639.03271484375,20935488,0.0,0.0
2022-04-26,HDFCBANK.NS,686.0,690.9749755859375,678.5750122070312,686.0250244140625,641.98046875,17016842,0.0,0.0
2022-04-27,HDFCBANK.NS,680.0,689.5,678.0499877929688,686.2750244140625,642.2144165039062,18054334,0.0,0.0
2022-04-28,HDFCBANK.NS,686.0,689.5,681.0499877929688,685.6749877929688,641.6528930664062,20773722,0.0,0.0
2022-04-29,HDFCBANK.NS,690.1749877929688,702.375,685.7750244140625,692.2999877929688,647.8525390625,28401476,0.0,0.0
2022-05-02,HDFCBANK.NS,681.0250244140625,703.2249755859375,681.0250244140625,701.8499755859375,656.7893676757812,19494316,0.0,0.0
2022-05-04,HDFCBANK.NS,700.0,701.7999877929688,675.0,678.0,634.470703125,29055916,0.0,0.0
2022-05-05,HDFCBANK.NS,687.5,687.5,673.25,676.4749755859375,633.0435180664062,17862912,0.0,0.0
2022-05-06,HDFCBANK.NS,665.0,667.5,656.5,658.7999877929688,616.5032958984375,26731268,0.0,0.0
2022-05-09,HDFCBANK.NS,650.0,663.25,647.75,659.9249877929688,617.55615234375,32762434,0.0,0.0
2022-05-10,HDFCBANK.NS,657.5250244140625,676.5,657.5250244140625,670.5250244140625,627.4756469726562,20113812,0.0,0.0
2022-05-11,HDFCBANK.NS,676.5,677.5,664.3250122070312,674.2999877929688,631.0082397460938,17102924,0.0,0.0
2022-05-12,HDFCBANK.NS,660.5499877929688,663.4000244140625,646.5,651.5250244140625,616.7843627929688,22382290,7.75,0.0
2022-05-13,HDFCBANK.NS,655.0250244140625,659.0,643.5,645.6749877929688,611.2462768554688,16768238,0.0,0.0
2022-05-16,HDFCBANK.NS,649.5,656.0,642.6500244140625,652.5499877929688,617.7546997070312,9804356,0.0,0.0
2022-05-17,HDFCBANK.NS,656.2999877929688,658.5,649.0999755859375,657.0,621.9674682617188,16641444,0.0,0.0
2022-05-18,HDFCBANK.NS,662.0250244140625,666.6500244140625,655.0,656.9500122070312,621.9201049804688,15732384,0.0,0.0
2022-05-19,HDFCBANK.NS,643.0999755859375,648.2000122070312,639.1500244140625,643.5250244140625,609.2109375,20537506,0.0,0.0
2022-05-20,HDFCBANK.NS,651.5,662.0999755859375,646.1749877929688,660.4749755859375,625.2571411132812,13919350,0.0,0.0
2022-05-23,HDFCBANK.NS,657.0,664.9749755859375,649.5499877929688,652.0,617.2340698242188,19486320,0.0,0.0
2022-05-24,HDFCBANK.NS,650.0,662.5,648.4500122070312,659.4749755859375,624.3104248046875,12870796,0.0,0.0
2022-05-25,HDFCBANK.NS,665.0,667.9749755859375,661.5999755859375,664.4000244140625,628.972900390625,12887112,0.0,0.0
2022-05-26,HDFCBANK.NS,671.0750122070312,685.5,670.0,683.3499755859375,646.912353515625,26992428,0.0,0.0
2022-05-27,HDFCBANK.NS,685.9000244140625,697.3499755859375,685.375,696.0250244140625,658.91162109375,24031718,0.0,0.0
2022-05-30,HDFCBANK.NS,705.125,710.25,699.2249755859375,700.7750244140625,663.4082641601562,12624674,0.0,0.0
2022-05-31,HDFCBANK.NS,697.9500122070312,702.4000244140625,690.0,694.4749755859375,657.4442138671875,13485388,0.0,0.0
2022-06-01,HDFCBANK.NS,690.0,700.2249755859375,689.5750122070312,697.4249877929688,660.2369384765625,12091896,0.0,0.0
2022-06-02,HDFCBANK.NS,693.625,694.0,689.2999877929688,692.5499877929688,655.6218872070312,11475020,0.0,0.0
2022-06-03,HDFCBANK.NS,699.1500244140625,700.375,688.1500244140625,690.1500244140625,653.349853515625,6957244,0.0,0.0
2022-06-06,HDFCBANK.NS,688.1500244140625,693.5,680.3250122070312,689.2249755859375,652.4740600585938,6173266,0.0,0.0
2022-06-07,HDFCBANK.NS,681.0,687.1500244140625,677.0499877929688,681.2999877929688,644.9716796875,10253966,0.0,0.0
2022-06-08,HDFCBANK.NS,686.6500244140625,690.5,678.5,683.7000122070312,647.2437744140625,5986588,0.0,0.0
2022-06-09,HDFCBANK.NS,681.125,691.0250244140625,678.5750122070312,688.8499755859375,652.1190795898438,7311816,0.0,0.0
2022-06-10,HDFCBANK.NS,680.0499877929688,683.9749755859375,671.7999877929688,675.5499877929688,639.5282592773438,9155430,0.0,0.0
2022-06-13,HDFCBANK.NS,661.7999877929688,665.0,654.1500244140625,663.2999877929688,627.9315185546875,10892572,0.0,0.0
2022-06-14,HDFCBANK.NS,655.625,663.0,652.5,656.0,621.0208129882812,11870356,0.0,0.0
2022-06-15,HDFCBANK.NS,650.8250122070312,657.9000244140625,649.2000122070312,653.7249755859375,618.8670043945312,11810470,0.0,0.0
2022-06-16,HDFCBANK.NS,655.0,660.2750244140625,639.0,640.6500244140625,606.4892578125,12169192,0.0,0.0
2022-06-17,HDFCBANK.NS,637.5,649.5,635.7999877929688,644.875,610.4889526367188,14723922,0.0,0.0
2022-06-20,HDFCBANK.NS,652.3499755859375,662.5,647.0750122070312,661.0750122070312,625.8251342773438,15936840,0.0,0.0
2022-06-21,HDFCBANK.NS,668.4500122070312,677.0,662.0250244140625,668.2750244140625,632.6412353515625,13220684,0.0,0.0
2022-06-22,HDFCBANK.NS,666.125,668.4749755859375,661.5999755859375,665.125,629.6591796875,8159698,0.0,0.0
2022-06-23,HDFCBANK.NS,665.25,674.0,659.25,667.5750122070312,631.9785766601562,15372244,0.0,0.0
2022-06-24,HDFCBANK.NS,669.2750244140625,680.8250122070312,669.2750244140625,676.9000244140625,640.8063354492188,8013432,0.0,0.0
2022-06-27,HDFCBANK.NS,685.0,688.0,676.0,678.125,641.9659423828125,9804164,0.0,0.0
2022-06-28,HDFCBANK.NS,672.0,675.5,669.2000122070312,672.9500122070312,637.0670166015625,9770574,0.0,0.0
2022-06-29,HDFCBANK.NS,665.625,675.375,665.625,671.9749755859375,636.1439208984375,9994046,0.0,0.0
2022-06-30,HDFCBANK.NS,668.0,677.0,668.0,674.0,638.0609741210938,12475822,0.0,0.0
2022-07-01,HDFCBANK.NS,671.9749755859375,680.0,665.0250244140625,676.875,640.7826538085938,11472452,0.0,0.0
2022-07-04,HDFCBANK.NS,676.8499755859375,680.0999755859375,671.125,677.8250122070312,641.6820068359375,8487480,0.0,0.0
2022-07-05,HDFCBANK.NS,682.0,689.6749877929688,674.1500244140625,676.2999877929688,640.2382202148438,14325718,0.0,0.0
2022-07-06,HDFCBANK.NS,674.0,686.7000122070312,673.5499877929688,685.625,649.0660400390625,15049078,0.0,0.0
2022-07-07,HDFCBANK.NS,690.0,699.0,687.2249755859375,697.9000244140625,660.6866455078125,17743142,0.0,0.0
2022-07-08,HDFCBANK.NS,705.0,705.0,697.375,698.5499877929688,661.3018798828125,12474030,0.0,0.0
2022-07-11,HDFCBANK.NS,697.0,704.9500122070312,696.625,703.0750122070312,665.5856323242188,7462880,0.0,0.0
2022-07-12,HDFCBANK.NS,702.625,702.625,694.7000122070312,695.9000244140625,658.7932739257812,9876974,0.0,0.0
2022-07-13,HDFCBANK.NS,695.0,697.0999755859375,677.125,678.9249877929688,642.723388671875,15945610,0.0,0.0
2022-07-14,HDFCBANK.NS,681.0,686.3250122070312,674.625,675.5250244140625,639.5046997070312,10372410,0.0,0.0
2022-07-15,HDFCBANK.NS,676.5,682.4500122070312,673.4000244140625,681.0250244140625,644.71142578125,13595646,0.0,0.0
2022-07-18,HDFCBANK.NS,674.0,683.0499877929688,671.0250244140625,673.7750244140625,637.8479614257812,20332220,0.0,0.0
2022-07-19,HDFCBANK.NS,668.5,679.2750244140625,668.5,674.0250244140625,638.0845947265625,15792538,0.0,0.0
2022-07-20,HDFCBANK.NS,679.9500122070312,685.5499877929688,677.625,682.5250244140625,646.1314086914062,20347862,0.0,0.0
2022-07-21,HDFCBANK.NS,680.2750244140625,684.75,679.0499877929688,680.375,644.0960083007812,12640278,0.0,0.0
2022-07-22,HDFCBANK.NS,683.0,698.5,681.2000122070312,696.25,659.1245727539062,12729592,0.0,0.0
2022-07-25,HDFCBANK.NS,697.5,702.2999877929688,691.6500244140625,698.2999877929688,661.0652465820312,10143126,0.0,0.0
2022-07-26,HDFCBANK.NS,698.0,701.0,693.1500244140625,696.875,659.7161865234375,8527964,0.0,0.0
2022-07-27,HDFCBANK.NS,694.4500122070312,703.0,692.125,702.2000122070312,664.75732421875,9212778,0.0,0.0
2022-07-28,HDFCBANK.NS,707.5250244140625,712.0,705.5,708.4249877929688,670.6503295898438,17420406,0.0,0.0
2022-07-29,HDFCBANK.NS,719.0,719.2999877929688,707.6500244140625,717.0999755859375,678.86279296875,20019736,0.0,0.0
2022-08-01,HDFCBANK.NS,719.5,724.2249755859375,715.0250244140625,723.0750122070312,684.5191650390625,13193036,0.0,0.0
2022-08-02,HDFCBANK.NS,721.0,722.2999877929688,711.5250244140625,715.125,676.9931030273438,15036510,0.0,0.0
2022-08-03,HDFCBANK.NS,712.4749755859375,717.875,708.5,716.7999877929688,678.5787353515625,10975498,0.0,0.0
2022-08-04,HDFCBANK.NS,720.0,723.3499755859375,706.4749755859375,715.9500122070312,677.7741088867188,12012206,0.0,0.0
2022-08-05,HDFCBANK.NS,716.5,718.4749755859375,710.5750122070312,713.5250244140625,675.4784545898438,9268982,0.0,0.0
2022-08-08,HDFCBANK.NS,714.0,732.25,713.5499877929688,731.0250244140625,692.0452880859375,15357736,0.0,0.0
2022-08-10,HDFCBANK.NS,730.6749877929688,735.75,724.5250244140625,733.1500244140625,694.0569458007812,17353102,0.0,0.0
2022-08-11,HDFCBANK.NS,743.25,745.5,737.2750244140625,742.8499755859375,703.2398071289062,18301766,0.0,0.0
2022-08-12,HDFCBANK.NS,742.5,744.6500244140625,737.9749755859375,742.5750122070312,702.9793701171875,8850370,0.0,0.0
2022-08-16,HDFCBANK.NS,747.4000244140625,754.25,744.0250244140625,751.0750122070312,711.0262451171875,12563756,0.0,0.0
2022-08-17,HDFCBANK.NS,750.0,756.375,742.875,754.9500122070312,714.694580078125,12384350,0.0,0.0
2022-08-18,HDFCBANK.NS,750.0,756.9500122070312,749.8250122070312,755.8499755859375,715.5465087890625,8342138,0.0,0.0
2022-08-19,HDFCBANK.NS,755.0,756.0,745.0,746.5250244140625,706.7188110351562,8063702,0.0,0.0
2022-08-22,HDFCBANK.NS,742.4000244140625,744.1749877929688,733.8499755859375,735.1749877929688,695.9740600585938,8234066,0.0,0.0
2022-08-23,HDFCBANK.NS,726.6500244140625,737.9749755859375,725.2000122070312,732.9000244140625,693.8203125,14966884,0.0,0.0
2022-08-24,HDFCBANK.NS,730.9500122070312,737.75,729.5999755859375,736.4249877929688,697.1572875976562,13455520,0.0,0.0
2022-08-25,HDFCBANK.NS,739.9500122070312,743.4000244140625,728.5,732.4249877929688,693.37060546875,11823040,0.0,0.0
2022-08-26,HDFCBANK.NS,736.0250244140625,740.9000244140625,730.5999755859375,732.5499877929688,693.4888916015625,7706176,0.0,0.0
2022-08-29,HDFCBANK.NS,718.5,723.0,714.2999877929688,719.7000122070312,681.3241577148438,8653178,0.0,0.0
2022-08-30,HDFCBANK.NS,723.2249755859375,744.9749755859375,721.5499877929688,743.0499877929688,703.4290771484375,10135400,0.0,0.0
2022-09-01,HDFCBANK.NS,732.375,744.7249755859375,729.5,736.0750122070312,696.8259887695312,22403136,0.0,0.0
2022-09-02,HDFCBANK.NS,736.0750122070312,745.25,732.5999755859375,742.75,703.1451416015625,12038086,0.0,0.0
2022-09-05,HDFCBANK.NS,743.0499877929688,749.5,742.0499877929688,747.5250244140625,707.6654663085938,12131932,0.0,0.0
2022-09-06,HDFCBANK.NS,749.4500122070312,753.3250122070312,743.2249755859375,744.6749877929688,704.9674682617188,12238696,0.0,0.0
2022-09-07,HDFCBANK.NS,735.6500244140625,745.0,735.6500244140625,741.1500244140625,701.6304321289062,9776206,0.0,0.0
2022-09-08,HDFCBANK.NS,745.0499877929688,750.0,741.0750122070312,748.7999877929688,708.8724975585938,11164690,0.0,0.0
2022-09-09,HDFCBANK.NS,748.0999755859375,754.5,747.0250244140625,749.2999877929688,709.3458251953125,15128888,0.0,0.0
2022-09-12,HDFCBANK.NS,750.0,752.0,745.0,746.7750244140625,706.9555053710938,11080492,0.0,0.0
2022-09-13,HDFCBANK.NS,749.4500122070312,757.9500122070312,749.2750244140625,756.5499877929688,716.209228515625,13001966,0.0,0.0
2022-09-14,HDFCBANK.NS,747.0250244140625,769.4500122070312,746.1749877929688,764.3250122070312,723.5697021484375,20219760,0.0,0.0
2022-09-15,HDFCBANK.NS,765.0,770.4749755859375,756.0,760.3499755859375,719.806640625,13539372,0.0,0.0
2022-09-16,HDFCBANK.NS,751.5499877929688,757.3499755859375,741.5,746.375,706.5768432617188,20560046,0.0,0.0
2022-09-19,HDFCBANK.NS,744.5,757.0,740.0,751.2999877929688,711.2391357421875,12076038,0.0,0.0
2022-09-20,HDFCBANK.NS,757.0,762.0,754.9500122070312,760.3499755859375,719.806640625,10781668,0.0,0.0
2022-09-21,HDFCBANK.NS,754.0,760.75,752.5,759.1749877929688,718.6942138671875,9072304,0.0,0.0
2022-09-22,HDFCBANK.NS,751.0,755.0750122070312,741.375,743.0,703.3817138671875,12048144,0.0,0.0
2022-09-23,HDFCBANK.NS,736.1749877929688,737.5,718.5,723.0750122070312,684.5191650390625,15806252,0.0,0.0
2022-09-26,HDFCBANK.NS,712.6749877929688,718.2249755859375,709.0,713.3250122070312,675.2890625,8923486,0.0,0.0
2022-09-27,HDFCBANK.NS,716.2000122070312,720.0,703.5,706.9249877929688,669.2303466796875,12639700,0.0,0.0
2022-09-28,HDFCBANK.NS,703.0,705.2999877929688,692.9500122070312,694.7750244140625,657.7282104492188,11816132,0.0,0.0
2022-09-29,HDFCBANK.NS,698.1500244140625,701.0999755859375,689.4000244140625,691.1749877929688,654.320068359375,14410388,0.0,0.0
2022-09-30,HDFCBANK.NS,689.4000244140625,715.7249755859375,682.5,710.6749877929688,672.7803955078125,15781756,0.0,0.0
2022-10-03,HDFCBANK.NS,704.9749755859375,708.9249877929688,700.5499877929688,706.5999755859375,668.922607421875,11541112,0.0,0.0
2022-10-04,HDFCBANK.NS,714.75,729.0,713.0750122070312,726.5,687.7615966796875,11538526,0.0,0.0
2022-10-06,HDFCBANK.NS,729.9749755859375,731.2999877929688,717.0999755859375,718.5,680.1881103515625,12549198,0.0,0.0
2022-10-07,HDFCBANK.NS,715.125,717.4749755859375,710.1749877929688,715.4000244140625,677.2534790039062,13297994,0.0,0.0
2022-10-10,HDFCBANK.NS,704.0,713.0,699.0999755859375,707.5,669.7747192382812,13109302,0.0,0.0
2022-10-11,HDFCBANK.NS,700.5499877929688,708.5,699.7249755859375,700.3250122070312,662.9822998046875,14521620,0.0,0.0
2022-10-12,HDFCBANK.NS,701.5999755859375,707.4249877929688,698.6500244140625,704.9000244140625,667.3132934570312,9225050,0.0,0.0
2022-10-13,HDFCBANK.NS,701.0250244140625,703.125,692.0,696.7999877929688,659.645263671875,14714234,0.0,0.0
2022-10-14,HDFCBANK.NS,708.5,723.5,707.625,719.5,681.134765625,12849920,0.0,0.0
2022-10-17,HDFCBANK.NS,717.5,728.7999877929688,713.5,723.2750244140625,684.7085571289062,18410500,0.0,0.0
2022-10-18,HDFCBANK.NS,729.0250244140625,731.4500122070312,720.0,721.9249877929688,683.4304809570312,10561108,0.0,0.0
2022-10-19,HDFCBANK.NS,732.0,738.7000122070312,726.7000122070312,729.3250122070312,690.4359741210938,12967040,0.0,0.0
2022-10-20,HDFCBANK.NS,722.0,726.4500122070312,721.25,724.4000244140625,685.7735595703125,7898078,0.0,0.0
2022-10-21,HDFCBANK.NS,726.0,728.8250122070312,717.0,719.2999877929688,680.9454345703125,10492606,0.0,0.0
2022-10-24,HDFCBANK.NS,727.1500244140625,731.5,727.1500244140625,730.5250244140625,691.5719604492188,2167794,0.0,0.0
2022-10-25,HDFCBANK.NS,730.5499877929688,733.9000244140625,722.5,725.4500122070312,686.767578125,13773394,0.0,0.0
2022-10-27,HDFCBANK.NS,732.25,733.6749877929688,725.625,727.2000122070312,688.4241943359375,15937276,0.0,0.0
2022-10-28,HDFCBANK.NS,725.0,733.5,723.7000122070312,729.3499755859375,690.4595336914062,10474278,0.0,0.0
2022-10-31,HDFCBANK.NS,736.0,749.0,733.625,748.3499755859375,708.4464721679688,12830528,0.0,0.0
2022-11-01,HDFCBANK.NS,751.75,764.5,749.4500122070312,756.625,716.2802734375,19073756,0.0,0.0
2022-11-02,HDFCBANK.NS,758.5,764.125,755.7999877929688,757.0999755859375,716.7298583984375,12720406,0.0,0.0
2022-11-03,HDFCBANK.NS,748.8499755859375,760.125,748.5,753.7750244140625,713.5822143554688,10332352,0.0,0.0
2022-11-04,HDFCBANK.NS,751.5999755859375,758.0499877929688,744.7999877929688,748.5750122070312,708.6594848632812,10818060,0.0,0.0
2022-11-07,HDFCBANK.NS,755.0,756.0,746.0499877929688,754.4000244140625,714.1738891601562,9835834,0.0,0.0
2022-11-09,HDFCBANK.NS,757.5250244140625,758.9749755859375,752.0,754.1749877929688,713.9608764648438,9269790,0.0,0.0
2022-11-10,HDFCBANK.NS,748.5499877929688,763.5,747.5250244140625,762.375,721.7236328125,12774182,0.0,0.0
2022-11-11,HDFCBANK.NS,772.5,818.5,769.0,805.5750122070312,762.6201171875,56722338,0.0,0.0
2022-11-14,HDFCBANK.NS,806.0,814.0,799.0,807.5250244140625,764.4661254882812,19195390,0.0,0.0
2022-11-15,HDFCBANK.NS,811.5750122070312,811.5750122070312,802.625,809.5,766.3358154296875,11030202,0.0,0.0
2022-11-16,HDFCBANK.NS,809.3250122070312,821.0,806.0,816.4500122070312,772.915283203125,13578150,0.0,0.0
2022-11-17,HDFCBANK.NS,809.0499877929688,815.7750244140625,806.9500122070312,809.0750122070312,765.93359375,12100930,0.0,0.0
2022-11-18,HDFCBANK.NS,810.5,811.5,802.625,806.9500122070312,763.9219360351562,10459232,0.0,0.0
2022-11-21,HDFCBANK.NS,803.8250122070312,806.0,795.0999755859375,798.6749877929688,756.0880737304688,8344816,0.0,0.0
2022-11-22,HDFCBANK.NS,800.0,802.1749877929688,795.5,797.5,754.9757080078125,8546314,0.0,0.0
2022-11-23,HDFCBANK.NS,802.5,802.5,797.0,799.5750122070312,756.9400634765625,10185738,0.0,0.0
2022-11-24,HDFCBANK.NS,802.9749755859375,816.0,799.5750122070312,812.5750122070312,769.2468872070312,17197960,0.0,0.0
2022-11-25,HDFCBANK.NS,814.8499755859375,815.8499755859375,807.0499877929688,808.8250122070312,765.6968994140625,8410496,0.0,0.0
2022-11-28,HDFCBANK.NS,801.4500122070312,803.7249755859375,797.0250244140625,800.125,757.460693359375,16105980,0.0,0.0
2022-11-29,HDFCBANK.NS,798.625,806.1749877929688,796.4249877929688,798.9249877929688,756.32470703125,12638236,0.0,0.0
2022-11-30,HDFCBANK.NS,798.5499877929688,806.4500122070312,798.5499877929688,804.2249755859375,761.3421020507812,15184806,0.0,0.0
2022-12-01,HDFCBANK.NS,811.0,818.5,807.5,809.75,766.572509765625,20446366,0.0,0.0
2022-12-02,HDFCBANK.NS,805.0,809.2999877929688,802.5750122070312,803.5499877929688,760.703125,7811078,0.0,0.0
2022-12-05,HDFCBANK.NS,804.9749755859375,807.2999877929688,798.0999755859375,806.4749755859375,763.4721069335938,11592622,0.0,0.0
2022-12-06,HDFCBANK.NS,800.5,806.8499755859375,800.0,805.5750122070312,762.6201171875,12353092,0.0,0.0
2022-12-07,HDFCBANK.NS,807.0750122070312,809.2999877929688,802.2249755859375,805.2249755859375,762.2887573242188,11674720,0.0,0.0
2022-12-08,HDFCBANK.NS,805.0,813.0,802.5,809.75,766.572509765625,14803634,0.0,0.0
2022-12-09,HDFCBANK.NS,813.0,817.4249877929688,810.0,815.5250244140625,772.0396118164062,11963384,0.0,0.0
2022-12-12,HDFCBANK.NS,812.5,826.7999877929688,810.7000122070312,821.875,778.0509643554688,14434808,0.0,0.0
2022-12-13,HDFCBANK.NS,825.0,828.5,822.5,824.1500244140625,780.2047119140625,17031702,0.0,0.0
2022-12-14,HDFCBANK.NS,826.5,832.75,825.0,831.125,786.8077392578125,14227640,0.0,0.0
2022-12-15,HDFCBANK.NS,828.5250244140625,834.7000122070312,813.5250244140625,815.9000244140625,772.39453125,18182648,0.0,0.0
2022-12-16,HDFCBANK.NS,810.0250244140625,822.5499877929688,804.5,819.8250122070312,776.1102905273438,14647958,0.0,0.0
2022-12-19,HDFCBANK.NS,822.0,823.3250122070312,813.0999755859375,822.375,778.5243530273438,9604542,0.0,0.0
2022-12-20,HDFCBANK.NS,810.0999755859375,818.2000122070312,810.0999755859375,816.7000122070312,773.1519775390625,7174698,0.0,0.0
2022-12-21,HDFCBANK.NS,820.5,822.4000244140625,803.2750244140625,808.7999877929688,765.6731567382812,9269198,0.0,0.0
2022-12-22,HDFCBANK.NS,811.0999755859375,813.75,804.5,806.0250244140625,763.046142578125,9747096,0.0,0.0
2022-12-23,HDFCBANK.NS,793.5,802.0750122070312,792.7249755859375,798.8250122070312,756.2300415039062,10693152,0.0,0.0
2022-12-26,HDFCBANK.NS,799.75,819.5,795.0,814.7249755859375,771.2822875976562,9907322,0.0,0.0
2022-12-27,HDFCBANK.NS,816.5,817.9749755859375,806.75,815.5499877929688,772.0631713867188,7926772,0.0,0.0
2022-12-28,HDFCBANK.NS,811.5499877929688,816.5,811.5499877929688,814.9000244140625,771.4479370117188,8691870,0.0,0.0
2022-12-29,HDFCBANK.NS,810.0499877929688,821.75,805.5,820.6500244140625,776.891357421875,11012896,0.0,0.0
2022-12-30,HDFCBANK.NS,822.5,822.5,810.0,814.0750122070312,770.6668701171875,7122640,0.0,0.0
2023-01-02,HDFCBANK.NS,813.5,819.875,809.2750244140625,814.3499755859375,770.9271850585938,4381378,0.0,0.0
2023-01-03,HDFCBANK.NS,811.0999755859375,821.5,811.0999755859375,819.6749877929688,775.9682006835938,8378030,0.0,0.0
2023-01-04,HDFCBANK.NS,817.5,822.875,803.5,805.0250244140625,762.0994873046875,10351600,0.0,0.0
2023-01-05,HDFCBANK.NS,807.5,809.0250244140625,794.7000122070312,799.8499755859375,757.2003784179688,10941436,0.0,0.0
2023-01-06,HDFCBANK.NS,801.0,804.5499877929688,789.0999755859375,797.2000122070312,754.6917114257812,9092462,0.0,0.0
2023-01-09,HDFCBANK.NS,798.0,805.7750244140625,795.0,798.75,756.1589965820312,10729340,0.0,0.0
2023-01-10,HDFCBANK.NS,800.0,800.0,782.5,784.1500244140625,742.3375854492188,16371766,0.0,0.0
2023-01-11,HDFCBANK.NS,783.9749755859375,799.0,780.0,795.4500122070312,753.0350341796875,15195798,0.0,0.0
2023-01-12,HDFCBANK.NS,793.9000244140625,801.9500122070312,792.0750122070312,799.7000122070312,757.0584106445312,9250070,0.0,0.0
2023-01-13,HDFCBANK.NS,799.375,804.9500122070312,793.0,800.3250122070312,757.6500854492188,9244546,0.0,0.0
2023-01-16,HDFCBANK.NS,807.5,810.6500244140625,790.1500244140625,792.6500244140625,750.3843383789062,14748094,0.0,0.0
2023-01-17,HDFCBANK.NS,794.9000244140625,805.5,788.75,804.4500122070312,761.5550537109375,10786354,0.0,0.0
2023-01-18,HDFCBANK.NS,802.5,820.7999877929688,799.8499755859375,818.6500244140625,774.9979858398438,19090642,0.0,0.0
2023-01-19,HDFCBANK.NS,818.5,825.0,816.5,822.0499877929688,778.2166748046875,11172162,0.0,0.0
2023-01-20,HDFCBANK.NS,822.0499877929688,834.5,821.7000122070312,830.4749755859375,786.1923217773438,18843404,0.0,0.0
2023-01-23,HDFCBANK.NS,833.125,841.2999877929688,830.7000122070312,836.5499877929688,791.9434204101562,15444400,0.0,0.0
2023-01-24,HDFCBANK.NS,837.5250244140625,851.2000122070312,837.5,847.75,802.5462646484375,24983940,0.0,0.0
2023-01-25,HDFCBANK.NS,845.7000122070312,846.4749755859375,822.6500244140625,824.3250122070312,780.370361328125,14704142,0.0,0.0
2023-01-27,HDFCBANK.NS,816.0,818.5,794.9749755859375,807.9000244140625,764.8211669921875,35179948,0.0,0.0
2023-01-30,HDFCBANK.NS,797.5,812.6500244140625,791.0,807.0750122070312,764.0401611328125,18512822,0.0,0.0
2023-01-31,HDFCBANK.NS,809.8499755859375,811.3499755859375,797.5,801.75,758.9990844726562,18596244,0.0,0.0
2023-02-01,HDFCBANK.NS,812.0,832.5,803.0,813.7750244140625,770.3828735351562,17302790,0.0,0.0
2023-02-02,HDFCBANK.NS,804.0499877929688,812.25,794.375,801.6749877929688,758.9281005859375,17497106,0.0,0.0
2023-02-03,HDFCBANK.NS,805.5,830.25,803.5,829.4000244140625,785.1747436523438,14411100,0.0,0.0
2023-02-06,HDFCBANK.NS,830.0,834.7000122070312,823.0999755859375,825.875,781.8377075195312,11167672,0.0,0.0
2023-02-07,HDFCBANK.NS,829.7000122070312,832.4500122070312,816.2999877929688,827.0999755859375,782.997314453125,10264588,0.0,0.0
2023-02-08,HDFCBANK.NS,827.125,834.0999755859375,825.0,827.0,782.9026489257812,8444826,0.0,0.0
2023-02-09,HDFCBANK.NS,830.0,830.8250122070312,817.7750244140625,825.2750244140625,781.2696533203125,11777336,0.0,0.0
2023-02-10,HDFCBANK.NS,824.4000244140625,829.25,821.0999755859375,828.5499877929688,784.3699951171875,8172116,0.0,0.0
2023-02-13,HDFCBANK.NS,827.5,830.875,822.2750244140625,829.1749877929688,784.961669921875,5736944,0.0,0.0
2023-02-14,HDFCBANK.NS,832.5,838.75,828.9749755859375,836.8499755859375,792.2274169921875,10908592,0.0,0.0
2023-02-15,HDFCBANK.NS,839.0,839.0,828.375,835.1500244140625,790.6181030273438,11438712,0.0,0.0
2023-02-16,HDFCBANK.NS,836.5999755859375,840.9500122070312,830.5,832.125,787.7544555664062,8062500,0.0,0.0
2023-02-17,HDFCBANK.NS,830.5,834.0750122070312,821.4749755859375,827.9500122070312,783.8020629882812,8956270,0.0,0.0
2023-02-20,HDFCBANK.NS,830.0,834.7249755859375,817.4000244140625,820.1749877929688,776.441650390625,8086706,0.0,0.0
2023-02-21,HDFCBANK.NS,820.0,831.1749877929688,817.0,823.25,779.3526000976562,12389296,0.0,0.0
2023-02-22,HDFCBANK.NS,819.5,820.9749755859375,804.5250244140625,807.0999755859375,764.0637817382812,10359102,0.0,0.0
2023-02-23,HDFCBANK.NS,806.5,809.4249877929688,796.0499877929688,801.625,758.8807373046875,27882010,0.0,0.0
2023-02-24,HDFCBANK.NS,808.9500122070312,808.9500122070312,792.5999755859375,794.4749755859375,752.1119384765625,17061740,0.0,0.0
2023-02-27,HDFCBANK.NS,792.9500122070312,799.5,788.6500244140625,796.4500122070312,753.981689453125,14312972,0.0,0.0
2023-02-28,HDFCBANK.NS,796.0,802.6500244140625,794.3499755859375,799.7999877929688,757.153076171875,18993992,0.0,0.0
2023-03-01,HDFCBANK.NS,806.0,806.5,797.875,799.0250244140625,756.41943359375,14137256,0.0,0.0
2023-03-02,HDFCBANK.NS,797.0,802.9749755859375,791.0,792.2249755859375,749.9819946289062,17391814,0.0,0.0
2023-03-03,HDFCBANK.NS,798.0,810.0,794.0,807.9500122070312,764.8685302734375,14986234,0.0,0.0
2023-03-06,HDFCBANK.NS,810.0,819.7249755859375,809.0250244140625,813.6500244140625,770.2645874023438,27004710,0.0,0.0
2023-03-08,HDFCBANK.NS,810.0,819.75,810.0,815.2750244140625,771.8029174804688,20099774,0.0,0.0
2023-03-09,HDFCBANK.NS,814.9749755859375,822.9749755859375,813.5,815.3499755859375,771.8739013671875,20700166,0.0,0.0
2023-03-10,HDFCBANK.NS,805.2249755859375,806.875,792.5,794.3250122070312,751.9700317382812,27387000,0.0,0.0
2023-03-13,HDFCBANK.NS,793.9500122070312,801.9000244140625,782.4749755859375,784.2750244140625,742.4559326171875,26443550,0.0,0.0
2023-03-14,HDFCBANK.NS,785.125,791.7999877929688,779.6500244140625,782.1749877929688,740.4678344726562,33185612,0.0,0.0
2023-03-15,HDFCBANK.NS,789.0,791.4500122070312,768.2999877929688,770.9500122070312,729.8413696289062,37264754,0.0,0.0
2023-03-16,HDFCBANK.NS,769.5,779.5499877929688,766.0250244140625,775.9500122070312,734.5747680664062,21753342,0.0,0.0
2023-03-17,HDFCBANK.NS,778.75,789.5999755859375,770.0,786.3250122070312,744.3966674804688,22950876,0.0,0.0
2023-03-20,HDFCBANK.NS,783.9749755859375,784.0499877929688,772.7000122070312,780.875,739.2372436523438,26503114,0.0,0.0
2023-03-21,HDFCBANK.NS,785.9749755859375,791.25,778.0999755859375,789.7249755859375,747.6151733398438,33050494,0.0,0.0
2023-03-22,HDFCBANK.NS,792.0,793.0250244140625,782.6500244140625,787.9000244140625,745.8875122070312,14177324,0.0,0.0
2023-03-23,HDFCBANK.NS,783.875,795.1749877929688,779.2750244140625,781.5750122070312,739.8998413085938,28364178,0.0,0.0
2023-03-24,HDFCBANK.NS,780.0,786.9500122070312,777.4749755859375,780.3250122070312,738.7164916992188,31477748,0.0,0.0
2023-03-27,HDFCBANK.NS,781.0999755859375,789.7249755859375,779.4500122070312,783.7249755859375,741.9351196289062,31872006,0.0,0.0
2023-03-28,HDFCBANK.NS,782.8499755859375,791.4500122070312,782.0499877929688,790.0999755859375,747.9703369140625,39276302,0.0,0.0
2023-03-29,HDFCBANK.NS,792.0,801.0,790.9500122070312,793.9000244140625,751.567626953125,39763612,0.0,0.0
2023-03-31,HDFCBANK.NS,797.7999877929688,806.4749755859375,796.2000122070312,804.7750244140625,761.8628540039062,34711228,0.0,0.0
2023-04-03,HDFCBANK.NS,803.7750244140625,807.8499755859375,801.375,805.2750244140625,762.3361206054688,40025398,0.0,0.0
2023-04-05,HDFCBANK.NS,809.2999877929688,828.0,808.0,826.875,782.784423828125,43365392,0.0,0.0
2023-04-06,HDFCBANK.NS,824.2750244140625,834.5999755859375,823.5499877929688,833.1749877929688,788.7484130859375,44637344,0.0,0.0
2023-04-10,HDFCBANK.NS,831.625,835.5,827.0,829.2249755859375,785.009033203125,31813286,0.0,0.0
2023-04-11,HDFCBANK.NS,829.5,834.7000122070312,825.5499877929688,831.6500244140625,787.3048095703125,42361542,0.0,0.0
2023-04-12,HDFCBANK.NS,834.0,844.0999755859375,833.9000244140625,842.4500122070312,797.5288696289062,26955504,0.0,0.0
2023-04-13,HDFCBANK.NS,844.1500244140625,848.5250244140625,839.0750122070312,846.2249755859375,801.1025390625,35330086,0.0,0.0
2023-04-17,HDFCBANK.NS,860.0,860.0,826.6500244140625,833.3250122070312,788.8904418945312,32405148,0.0,0.0
2023-04-18,HDFCBANK.NS,835.0,838.625,828.2000122070312,829.7999877929688,785.5534057617188,29637226,0.0,0.0
2023-04-19,HDFCBANK.NS,832.5,835.1500244140625,828.5750122070312,832.8499755859375,788.440673828125,24741168,0.0,0.0
2023-04-20,HDFCBANK.NS,835.8499755859375,838.7249755859375,833.2000122070312,835.9500122070312,791.37548828125,32922716,0.0,0.0
2023-04-21,HDFCBANK.NS,834.5,838.4749755859375,831.625,837.2999877929688,792.6535034179688,20128618,0.0,0.0
2023-04-24,HDFCBANK.NS,843.5,845.7249755859375,837.0499877929688,844.0750122070312,799.0671997070312,35675852,0.0,0.0
2023-04-25,HDFCBANK.NS,843.8499755859375,843.8499755859375,830.9500122070312,832.0750122070312,787.70703125,50353068,0.0,0.0
2023-04-26,HDFCBANK.NS,830.0,837.5,827.5,835.9000244140625,791.3281860351562,27392750,0.0,0.0
2023-04-27,HDFCBANK.NS,835.25,842.625,832.9249877929688,840.5,795.682861328125,47790392,0.0,0.0
2023-04-28,HDFCBANK.NS,842.3499755859375,845.5,835.0,843.7999877929688,798.806884765625,27916272,0.0,0.0
2023-05-02,HDFCBANK.NS,844.3499755859375,849.5,841.0,843.625,798.6412353515625,32221184,0.0,0.0
2023-05-03,HDFCBANK.NS,842.4749755859375,848.0,839.8250122070312,846.5750122070312,801.4339599609375,29407270,0.0,0.0
2023-05-04,HDFCBANK.NS,843.5499877929688,867.2249755859375,843.5499877929688,863.9000244140625,817.8351440429688,56854638,0.0,0.0
2023-05-05,HDFCBANK.NS,819.5,830.4749755859375,811.0499877929688,812.8250122070312,769.4835815429688,62770416,0.0,0.0
2023-05-08,HDFCBANK.NS,817.5,825.1749877929688,815.0,822.2249755859375,778.38232421875,37244524,0.0,0.0
2023-05-09,HDFCBANK.NS,824.9500122070312,828.0,819.9749755859375,822.25,778.406005859375,43688938,0.0,0.0
2023-05-10,HDFCBANK.NS,822.25,827.3250122070312,816.5499877929688,826.0499877929688,782.0033569335938,46340550,0.0,0.0
2023-05-11,HDFCBANK.NS,832.5750122070312,844.0,824.625,826.5999755859375,782.5240478515625,35734618,0.0,0.0
2023-05-12,HDFCBANK.NS,823.5,836.4000244140625,822.125,833.9000244140625,789.4347534179688,22478760,0.0,0.0
2023-05-15,HDFCBANK.NS,836.0,840.375,832.5499877929688,837.9000244140625,793.2214965820312,18512260,0.0,0.0
2023-05-16,HDFCBANK.NS,835.9000244140625,835.9000244140625,822.0,823.6500244140625,788.6732177734375,32722086,9.5,0.0
2023-05-17,HDFCBANK.NS,825.0,825.0,812.6749877929688,819.2249755859375,784.43603515625,30466868,0.0,0.0
2023-05-18,HDFCBANK.NS,824.0,826.9749755859375,820.0,822.5,787.572021484375,49646942,0.0,0.0
2023-05-19,HDFCBANK.NS,824.0,825.0,815.7750244140625,823.4500122070312,788.481689453125,30460332,0.0,0.0
2023-05-22,HDFCBANK.NS,822.5,826.4500122070312,816.3499755859375,820.5250244140625,785.6809692382812,28334032,0.0,0.0
2023-05-23,HDFCBANK.NS,824.5,824.7999877929688,816.7249755859375,818.5999755859375,783.837646484375,22470074,0.0,0.0
2023-05-24,HDFCBANK.NS,813.7750244140625,817.375,806.7999877929688,807.9000244140625,773.5921020507812,33588112,0.0,0.0
2023-05-25,HDFCBANK.NS,807.8499755859375,810.0250244140625,798.6749877929688,804.7999877929688,770.6236572265625,29776930,0.0,0.0
2023-05-26,HDFCBANK.NS,809.5,809.5,801.125,807.9000244140625,773.5921020507812,26635066,0.0,0.0
2023-05-29,HDFCBANK.NS,814.25,820.5,812.4249877929688,817.75,783.0237426757812,21816292,0.0,0.0
2023-05-30,HDFCBANK.NS,816.7999877929688,821.3250122070312,814.2750244140625,818.375,783.6222534179688,37125928,0.0,0.0
2023-05-31,HDFCBANK.NS,814.9500122070312,817.4749755859375,802.3250122070312,805.4249877929688,771.22216796875,43334270,0.0,0.0
2023-06-01,HDFCBANK.NS,809.9500122070312,809.9500122070312,800.0,802.0,767.9425659179688,50366938,0.0,0.0
2023-06-02,HDFCBANK.NS,806.2249755859375,807.4000244140625,800.5,803.25,769.1395263671875,17859710,0.0,0.0
2023-06-05,HDFCBANK.NS,807.25,808.25,801.2249755859375,802.2000122070312,768.1340942382812,18697242,0.0,0.0
2023-06-06,HDFCBANK.NS,803.8250122070312,804.9249877929688,796.125,799.7000122070312,765.7402954101562,32182852,0.0,0.0
2023-06-07,HDFCBANK.NS,801.7249755859375,806.2750244140625,798.0,803.8499755859375,769.7140502929688,24949026,0.0,0.0
2023-06-08,HDFCBANK.NS,801.625,813.0,801.625,804.3499755859375,770.1926879882812,37395522,0.0,0.0
2023-06-09,HDFCBANK.NS,807.9500122070312,809.25,803.5,805.2999877929688,771.1024780273438,18212578,0.0,0.0
2023-06-12,HDFCBANK.NS,806.2750244140625,807.9000244140625,799.7249755859375,800.4000244140625,766.4105224609375,13408292,0.0,0.0
2023-06-13,HDFCBANK.NS,795.0499877929688,804.5,795.0499877929688,801.75,767.7031860351562,27926108,0.0,0.0
2023-06-14,HDFCBANK.NS,805.2249755859375,806.0,800.0999755859375,800.875,766.8652954101562,20113968,0.0,0.0
2023-06-15,HDFCBANK.NS,802.0,802.9749755859375,789.5,791.0250244140625,757.4336547851562,35377476,0.0,0.0
2023-06-16,HDFCBANK.NS,793.5750122070312,804.5999755859375,792.0,801.375,767.3441772460938,15779272,0.0,0.0
2023-06-19,HDFCBANK.NS,805.5,807.125,799.1749877929688,802.0750122070312,768.0144653320312,24829146,0.0,0.0
2023-06-20,HDFCBANK.NS,802.0750122070312,805.5,795.3250122070312,803.75,769.6182861328125,20005626,0.0,0.0
2023-06-21,HDFCBANK.NS,808.0,818.625,805.5,817.7999877929688,783.0715942382812,24308946,0.0,0.0
2023-06-22,HDFCBANK.NS,820.0,828.7750244140625,819.5250244140625,821.7999877929688,786.9017333984375,56596140,0.0,0.0
2023-06-23,HDFCBANK.NS,818.7750244140625,829.9500122070312,817.0250244140625,821.75,786.8538208007812,21339218,0.0,0.0
2023-06-26,HDFCBANK.NS,822.5,825.375,814.3499755859375,817.7750244140625,783.0476684570312,16130314,0.0,0.0
2023-06-27,HDFCBANK.NS,821.4749755859375,836.4500122070312,819.2750244140625,829.2999877929688,794.083251953125,33831864,0.0,0.0
2023-06-28,HDFCBANK.NS,835.0,839.9500122070312,830.25,838.0750122070312,802.4856567382812,59562950,0.0,0.0
2023-06-30,HDFCBANK.NS,852.0,854.4000244140625,841.625,850.7000122070312,814.5745239257812,40699016,0.0,0.0
2023-07-03,HDFCBANK.NS,856.25,878.75,855.0,859.9000244140625,823.3839111328125,44104116,0.0,0.0
2023-07-04,HDFCBANK.NS,861.7249755859375,873.5,856.9000244140625,864.0999755859375,827.4054565429688,38795188,0.0,0.0
2023-07-05,HDFCBANK.NS,858.125,860.0,834.2750244140625,836.6500244140625,801.1211547851562,37165754,0.0,0.0
2023-07-06,HDFCBANK.NS,836.5,843.9249877929688,830.2000122070312,837.5,801.93505859375,52156544,0.0,0.0
2023-07-07,HDFCBANK.NS,832.5,837.5,828.1500244140625,830.2000122070312,794.945068359375,19926336,0.0,0.0
2023-07-10,HDFCBANK.NS,830.5,838.375,824.8499755859375,828.2249755859375,793.053955078125,38398442,0.0,0.0
2023-07-11,HDFCBANK.NS,831.5,838.0,822.75,824.2000122070312,789.1998291015625,50670426,0.0,0.0
2023-07-12,HDFCBANK.NS,827.6749877929688,833.1500244140625,813.5750122070312,816.4749755859375,781.8029174804688,70958358,0.0,0.0
2023-07-13,HDFCBANK.NS,828.3499755859375,828.7249755859375,819.0250244140625,820.5499877929688,785.704833984375,41913546,0.0,0.0
2023-07-14,HDFCBANK.NS,826.7999877929688,826.7999877929688,817.5,822.25,787.3327026367188,24727214,0.0,0.0
2023-07-17,HDFCBANK.NS,825.0,841.0,816.5,839.4500122070312,803.80224609375,49252928,0.0,0.0
2023-07-18,HDFCBANK.NS,849.0,852.0,835.0,838.75,803.1319580078125,81076818,0.0,0.0
2023-07-19,HDFCBANK.NS,840.5499877929688,844.375,837.5,842.5499877929688,806.7705078125,32935134,0.0,0.0
2023-07-20,HDFCBANK.NS,840.5750122070312,846.0,840.0,844.375,808.5180053710938,56210948,0.0,0.0
2023-07-21,HDFCBANK.NS,840.0,844.9000244140625,836.625,837.875,802.2941284179688,42154248,0.0,0.0
2023-07-24,HDFCBANK.NS,839.25,842.3250122070312,835.0499877929688,839.2000122070312,803.5628662109375,32179444,0.0,0.0
2023-07-25,HDFCBANK.NS,842.3250122070312,849.5,839.2000122070312,848.2999877929688,812.2763671875,55992596,0.0,0.0
2023-07-26,HDFCBANK.NS,849.7999877929688,849.7999877929688,844.0,845.3499755859375,809.45166015625,24794358,0.0,0.0
2023-07-27,HDFCBANK.NS,849.9500122070312,851.5,833.7249755859375,836.5750122070312,801.0493774414062,59741302,0.0,0.0
2023-07-28,HDFCBANK.NS,830.75,834.4500122070312,820.5499877929688,821.75,786.8538208007812,41015684,0.0,0.0
2023-07-31,HDFCBANK.NS,825.0250244140625,828.4000244140625,819.3499755859375,825.5999755859375,790.5403442382812,34565006,0.0,0.0
2023-08-01,HDFCBANK.NS,827.2249755859375,833.7249755859375,825.0,831.125,795.8307495117188,35394188,0.0,0.0
2023-08-02,HDFCBANK.NS,821.0,825.75,816.5750122070312,820.25,785.4176025390625,28116322,0.0,0.0
2023-08-03,HDFCBANK.NS,820.0,825.6749877929688,811.5,814.3250122070312,779.7442016601562,57673946,0.0,0.0
2023-08-04,HDFCBANK.NS,817.5750122070312,828.25,814.625,826.0999755859375,791.0191040039062,37388304,0.0,0.0
2023-08-07,HDFCBANK.NS,831.5499877929688,831.5499877929688,823.7750244140625,825.625,790.5642700195312,28300918,0.0,0.0
2023-08-08,HDFCBANK.NS,825.8499755859375,827.7999877929688,821.0250244140625,824.9500122070312,789.9180297851562,43773828,0.0,0.0
2023-08-09,HDFCBANK.NS,826.5,827.25,815.5499877929688,825.25,790.2052001953125,33361236,0.0,0.0
2023-08-10,HDFCBANK.NS,823.5250244140625,827.125,815.5,817.9249877929688,783.1912231445312,50781118,0.0,0.0
2023-08-11,HDFCBANK.NS,819.2000122070312,819.2000122070312,808.0999755859375,809.4000244140625,775.0283813476562,28225822,0.0,0.0
2023-08-14,HDFCBANK.NS,805.5,807.5,800.125,805.4500122070312,771.24609375,31304410,0.0,0.0
2023-08-16,HDFCBANK.NS,791.5499877929688,804.8250122070312,790.6500244140625,803.0999755859375,768.9957885742188,34137542,0.0,0.0
2023-08-17,HDFCBANK.NS,798.7999877929688,804.9500122070312,797.0,798.6500244140625,764.73486328125,52884040,0.0,0.0
2023-08-18,HDFCBANK.NS,793.7750244140625,798.1500244140625,792.75,795.375,761.598876953125,25633366,0.0,0.0
2023-08-21,HDFCBANK.NS,800.25,800.25,793.5,794.75,761.0004272460938,21837270,0.0,0.0
2023-08-22,HDFCBANK.NS,798.1749877929688,799.0,790.0,791.3499755859375,757.7448120117188,32273570,0.0,0.0
2023-08-23,HDFCBANK.NS,790.0,795.2750244140625,786.625,793.2999877929688,759.6119384765625,36498588,0.0,0.0
2023-08-24,HDFCBANK.NS,796.6500244140625,798.0999755859375,788.0750122070312,789.6500244140625,756.1170043945312,43145792,0.0,0.0
2023-08-25,HDFCBANK.NS,787.2750244140625,788.75,779.2000122070312,780.75,747.594970703125,30069756,0.0,0.0
2023-08-28,HDFCBANK.NS,780.75,791.3250122070312,780.75,788.875,755.3749389648438,28867238,0.0,0.0
2023-08-29,HDFCBANK.NS,794.8499755859375,796.3250122070312,790.7249755859375,795.1500244140625,761.3834838867188,35538932,0.0,0.0
2023-08-30,HDFCBANK.NS,801.9749755859375,801.9749755859375,786.8499755859375,789.3499755859375,755.8297119140625,28084204,0.0,0.0
2023-08-31,HDFCBANK.NS,789.5,791.5750122070312,781.5499877929688,785.7249755859375,752.358642578125,100075772,0.0,0.0
2023-09-01,HDFCBANK.NS,785.5,789.5,779.6749877929688,787.3499755859375,753.9146728515625,43226776,0.0,0.0
2023-09-04,HDFCBANK.NS,795.0,795.7249755859375,787.4500122070312,792.2750244140625,758.630615234375,25073638,0.0,0.0
2023-09-05,HDFCBANK.NS,794.2000122070312,794.2000122070312,785.2999877929688,787.4500122070312,754.010498046875,38712082,0.0,0.0
2023-09-06,HDFCBANK.NS,788.4000244140625,800.0,787.4500122070312,797.75,763.873046875,56320910,0.0,0.0
2023-09-07,HDFCBANK.NS,797.75,807.0,793.5750122070312,805.4249877929688,771.22216796875,34208342,0.0,0.0
2023-09-08,HDFCBANK.NS,804.1500244140625,816.4500122070312,803.7999877929688,811.7000122070312,777.2306518554688,34502210,0.0,0.0
2023-09-11,HDFCBANK.NS,814.4500122070312,818.25,812.0,815.9000244140625,781.2523193359375,31573022,0.0,0.0
2023-09-12,HDFCBANK.NS,820.0,821.4500122070312,812.5250244140625,818.4500122070312,783.6940307617188,39033340,0.0,0.0
2023-09-13,HDFCBANK.NS,815.6500244140625,825.7999877929688,814.2999877929688,821.9500122070312,787.04541015625,46420094,0.0,0.0
2023-09-14,HDFCBANK.NS,822.125,825.0,817.5499877929688,821.4500122070312,786.5665893554688,23538848,0.0,0.0
2023-09-15,HDFCBANK.NS,825.0,835.0,825.0,830.875,795.5913696289062,173411202,0.0,0.0
2023-09-18,HDFCBANK.NS,826.875,827.5,813.0499877929688,814.5250244140625,779.9357299804688,37056288,0.0,0.0
2023-09-20,HDFCBANK.NS,799.5,799.5,780.2000122070312,781.8499755859375,748.648193359375,115474648,0.0,0.0
2023-09-21,HDFCBANK.NS,776.5,784.4749755859375,768.5250244140625,776.6749877929688,743.6929931640625,72841442,0.0,0.0
2023-09-22,HDFCBANK.NS,779.5,782.2000122070312,761.875,764.8250122070312,732.3462524414062,61704250,0.0,0.0
2023-09-25,HDFCBANK.NS,762.5,770.3499755859375,762.5,765.5,732.9925537109375,40208754,0.0,0.0
2023-09-26,HDFCBANK.NS,762.5,770.0,762.5,768.8250122070312,736.1763305664062,27575308,0.0,0.0
2023-09-27,HDFCBANK.NS,761.5,766.25,757.5,763.4249877929688,731.005615234375,39338538,0.0,0.0
2023-09-28,HDFCBANK.NS,767.0,768.7999877929688,759.1749877929688,761.8499755859375,729.49755859375,55354188,0.0,0.0
2023-09-29,HDFCBANK.NS,761.8499755859375,767.7249755859375,761.1500244140625,763.1500244140625,730.7423706054688,32053782,0.0,0.0
2023-10-03,HDFCBANK.NS,763.5,763.5,753.0,754.0250244140625,722.0048828125,38971694,0.0,0.0
2023-10-04,HDFCBANK.NS,747.5,767.5,744.625,764.7750244140625,732.29833984375,54649430,0.0,0.0
2023-10-05,HDFCBANK.NS,767.5250244140625,775.7750244140625,766.2999877929688,767.875,735.2667236328125,48512674,0.0,0.0
2023-10-06,HDFCBANK.NS,772.0,772.5,764.9249877929688,767.0250244140625,734.4528198242188,17759356,0.0,0.0
2023-10-09,HDFCBANK.NS,764.0,765.0,756.0,758.125,725.9307861328125,16454972,0.0,0.0
2023-10-10,HDFCBANK.NS,760.2750244140625,764.5,757.5999755859375,762.4249877929688,730.0481567382812,33266292,0.0,0.0
2023-10-11,HDFCBANK.NS,765.0499877929688,771.0750122070312,764.25,769.7999877929688,737.1099243164062,31333360,0.0,0.0
2023-10-12,HDFCBANK.NS,768.0499877929688,776.0,765.7999877929688,774.9249877929688,742.0173950195312,22025336,0.0,0.0
2023-10-13,HDFCBANK.NS,770.0,774.4000244140625,764.9749755859375,767.875,735.2667236328125,39745300,0.0,0.0
2023-10-16,HDFCBANK.NS,765.75,767.2249755859375,760.25,764.7999877929688,732.322265625,17856084,0.0,0.0
2023-10-17,HDFCBANK.NS,777.875,777.875,767.5,770.5999755859375,737.8759765625,32902558,0.0,0.0
2023-10-18,HDFCBANK.NS,770.5999755859375,770.5999755859375,759.0499877929688,759.875,727.6064453125,31216200,0.0,0.0
2023-10-19,HDFCBANK.NS,752.7000122070312,763.125,751.5999755859375,757.4749755859375,725.308349609375,30252364,0.0,0.0
2023-10-20,HDFCBANK.NS,752.5,763.5,752.5,761.4000244140625,729.066650390625,21094010,0.0,0.0
2023-10-23,HDFCBANK.NS,761.75,764.375,750.0499877929688,753.0250244140625,721.04736328125,22376136,0.0,0.0
2023-10-25,HDFCBANK.NS,760.5,761.4000244140625,745.7249755859375,748.25,716.47509765625,28311996,0.0,0.0
2023-10-26,HDFCBANK.NS,745.625,746.0,730.125,731.7000122070312,700.6279907226562,55561798,0.0,0.0
2023-10-27,HDFCBANK.NS,734.75,739.0,733.4500122070312,734.5750122070312,703.380859375,31940532,0.0,0.0
2023-10-30,HDFCBANK.NS,731.625,744.9749755859375,730.9500122070312,742.5499877929688,711.0171508789062,23310982,0.0,0.0
2023-10-31,HDFCBANK.NS,752.0,752.0,737.0,738.25,706.8997192382812,32634824,0.0,0.0
2023-11-01,HDFCBANK.NS,731.125,738.7249755859375,731.125,737.25,705.9422607421875,33877466,0.0,0.0
2023-11-02,HDFCBANK.NS,742.5,745.25,733.5750122070312,738.375,707.0194702148438,45225154,0.0,0.0
2023-11-03,HDFCBANK.NS,744.0,745.7000122070312,740.8250122070312,741.875,710.370849609375,18095340,0.0,0.0
2023-11-06,HDFCBANK.NS,749.0,749.0,741.5,747.25,715.517578125,25593730,0.0,0.0
2023-11-07,HDFCBANK.NS,747.0,747.0,738.5999755859375,743.625,712.0465087890625,41952848,0.0,0.0
2023-11-08,HDFCBANK.NS,741.9749755859375,746.7249755859375,740.5,745.7750244140625,714.1052856445312,31399546,0.0,0.0
2023-11-09,HDFCBANK.NS,743.0,746.2999877929688,741.75,742.8250122070312,711.280517578125,22116740,0.0,0.0
2023-11-10,HDFCBANK.NS,740.0499877929688,748.0,740.0250244140625,745.75,714.0812377929688,14015186,0.0,0.0
2023-11-13,HDFCBANK.NS,746.0499877929688,747.9749755859375,742.9500122070312,744.4000244140625,712.78857421875,20605914,0.0,0.0
2023-11-15,HDFCBANK.NS,752.0499877929688,755.4749755859375,750.2750244140625,752.2000122070312,720.2574462890625,41245460,0.0,0.0
2023-11-16,HDFCBANK.NS,754.8499755859375,759.5,751.875,754.1749877929688,722.1484985351562,29713838,0.0,0.0
2023-11-17,HDFCBANK.NS,745.0,753.75,744.5,752.5499877929688,720.592529296875,23701874,0.0,0.0
2023-11-20,HDFCBANK.NS,756.5,756.5,750.7750244140625,752.5999755859375,720.6404418945312,19331452,0.0,0.0
2023-11-21,HDFCBANK.NS,759.5,761.0,756.0499877929688,758.9749755859375,726.7445678710938,24959972,0.0,0.0
2023-11-22,HDFCBANK.NS,760.0,760.0,751.7750244140625,756.2750244140625,724.1593017578125,29123650,0.0,0.0
2023-11-23,HDFCBANK.NS,754.25,761.9249877929688,754.25,760.6500244140625,728.3485717773438,13046220,0.0,0.0
2023-11-24,HDFCBANK.NS,760.5999755859375,766.5750122070312,759.9249877929688,766.0499877929688,733.5192260742188,16469192,0.0,0.0
2023-11-28,HDFCBANK.NS,767.5999755859375,768.625,762.9000244140625,764.3250122070312,731.8674926757812,28489338,0.0,0.0
2023-11-29,HDFCBANK.NS,766.9500122070312,781.5,766.5,779.5750122070312,746.4699096679688,34042488,0.0,0.0
2023-11-30,HDFCBANK.NS,784.5750122070312,786.2249755859375,771.0750122070312,779.4000244140625,746.3023071289062,69491440,0.0,0.0
2023-12-01,HDFCBANK.NS,778.9500122070312,782.875,776.0499877929688,777.7000122070312,744.674560546875,22153536,0.0,0.0
2023-12-04,HDFCBANK.NS,794.0,806.0,786.8250122070312,804.7000122070312,770.5278930664062,50662456,0.0,0.0
2023-12-05,HDFCBANK.NS,818.25,819.5,808.25,811.8499755859375,777.374267578125,52230820,0.0,0.0
2023-12-06,HDFCBANK.NS,819.2249755859375,819.2249755859375,808.3250122070312,813.9000244140625,779.3372802734375,38613060,0.0,0.0
2023-12-07,HDFCBANK.NS,812.5,817.0,808.0999755859375,815.2249755859375,780.6058959960938,20450386,0.0,0.0
2023-12-08,HDFCBANK.NS,815.2249755859375,827.5,815.2249755859375,826.5999755859375,791.4979248046875,33728038,0.0,0.0
2023-12-11,HDFCBANK.NS,825.0250244140625,831.8499755859375,823.5,825.5,790.444580078125,23187620,0.0,0.0
2023-12-12,HDFCBANK.NS,827.0999755859375,828.125,815.9249877929688,817.2999877929688,782.5928344726562,36581476,0.0,0.0
2023-12-13,HDFCBANK.NS,816.2249755859375,818.0,807.5499877929688,815.4500122070312,780.8214111328125,29346914,0.0,0.0
2023-12-14,HDFCBANK.NS,823.0,829.4749755859375,822.5,825.0750122070312,790.0376586914062,35172366,0.0,0.0
2023-12-15,HDFCBANK.NS,825.0,834.0,823.2999877929688,828.2750244140625,793.101806640625,138837130,0.0,0.0
2023-12-18,HDFCBANK.NS,830.3499755859375,832.3499755859375,825.4749755859375,827.8499755859375,792.69482421875,18014754,0.0,0.0
2023-12-19,HDFCBANK.NS,825.0,829.3250122070312,822.0250244140625,826.4500122070312,791.3543090820312,24008446,0.0,0.0
2023-12-20,HDFCBANK.NS,829.0,834.4749755859375,822.2249755859375,828.5,793.3171997070312,34232520,0.0,0.0
2023-12-21,HDFCBANK.NS,828.5,844.875,825.125,843.3499755859375,807.5365600585938,36589240,0.0,0.0
2023-12-22,HDFCBANK.NS,841.7999877929688,842.9500122070312,833.5499877929688,835.4249877929688,799.9481811523438,48578850,0.0,0.0
2023-12-26,HDFCBANK.NS,836.625,842.9749755859375,834.2750244140625,841.2249755859375,805.5018920898438,18045856,0.0,0.0
2023-12-27,HDFCBANK.NS,840.75,853.25,839.2999877929688,851.6500244140625,815.4841918945312,27009078,0.0,0.0
2023-12-28,HDFCBANK.NS,854.6500244140625,860.7000122070312,851.0,852.625,816.4177856445312,44076470,0.0,0.0
2023-12-29,HDFCBANK.NS,848.5,857.4500122070312,848.0,854.625,818.3328247070312,25011426,0.0,0.0
2024-01-01,HDFCBANK.NS,853.0,854.5750122070312,846.0,849.0499877929688,812.9945678710938,14239686,0.0,0.0
2024-01-02,HDFCBANK.NS,849.4000244140625,851.4000244140625,844.3499755859375,849.5499877929688,813.4733276367188,29242092,0.0,0.0
2024-01-03,HDFCBANK.NS,851.0,852.3499755859375,834.4749755859375,836.4500122070312,800.9296264648438,28389762,0.0,0.0
2024-01-04,HDFCBANK.NS,839.0,847.4749755859375,835.3499755859375,845.4249877929688,809.5234985351562,26734056,0.0,0.0
2024-01-05,HDFCBANK.NS,843.5750122070312,852.4500122070312,834.0499877929688,841.0999755859375,805.3822021484375,31889470,0.0,0.0
2024-01-08,HDFCBANK.NS,839.25,841.1749877929688,830.0,831.7249755859375,796.4052734375,17998470,0.0,0.0
2024-01-09,HDFCBANK.NS,833.5750122070312,838.9000244140625,823.375,825.25,790.2052001953125,25326888,0.0,0.0
2024-01-10,HDFCBANK.NS,821.5,829.9749755859375,820.7000122070312,827.9749755859375,792.8145141601562,16115824,0.0,0.0
2024-01-11,HDFCBANK.NS,830.0,831.4500122070312,821.5,824.5,789.4871215820312,18314010,0.0,0.0
2024-01-12,HDFCBANK.NS,826.0,828.0,816.7999877929688,820.5999755859375,785.7527465820312,19773552,0.0,0.0
2024-01-15,HDFCBANK.NS,823.8499755859375,840.4500122070312,821.7999877929688,836.4000244140625,800.8817749023438,28320356,0.0,0.0
2024-01-16,HDFCBANK.NS,836.5,841.8250122070312,829.0499877929688,839.5750122070312,803.9219970703125,25322500,0.0,0.0
2024-01-17,HDFCBANK.NS,785.0,798.4000244140625,764.2000122070312,768.75,736.1045532226562,170145236,0.0,0.0
2024-01-18,HDFCBANK.NS,747.0,757.5,740.0250244140625,743.0750122070312,711.5199584960938,161070930,0.0,0.0
2024-01-19,HDFCBANK.NS,752.9749755859375,755.125,734.2000122070312,735.3250122070312,704.0989990234375,109600538,0.0,0.0
2024-01-23,HDFCBANK.NS,732.5,737.3499755859375,712.5,713.6749877929688,683.3683471679688,115469402,0.0,0.0
2024-01-24,HDFCBANK.NS,690.125,729.2249755859375,690.125,727.9500122070312,697.0371704101562,86004404,0.0,0.0
2024-01-25,HDFCBANK.NS,726.25,728.6749877929688,709.7000122070312,717.4500122070312,686.9830322265625,98941852,0.0,0.0
2024-01-29,HDFCBANK.NS,724.0250244140625,731.4000244140625,722.9000244140625,727.3250122070312,696.438720703125,65645498,0.0,0.0
2024-01-30,HDFCBANK.NS,727.2750244140625,731.5999755859375,720.4500122070312,722.1500244140625,691.4834594726562,41728768,0.0,0.0
2024-01-31,HDFCBANK.NS,719.75,737.4749755859375,718.4000244140625,731.2750244140625,700.220947265625,65761040,0.0,0.0
2024-02-01,HDFCBANK.NS,732.5250244140625,736.7999877929688,728.0250244140625,733.1749877929688,702.0402221679688,32690740,0.0,0.0
2024-02-02,HDFCBANK.NS,737.5,740.4249877929688,721.0250244140625,723.0750122070312,692.369140625,44867754,0.0,0.0
2024-02-05,HDFCBANK.NS,723.0,725.9500122070312,717.0250244140625,722.4249877929688,691.7467651367188,38605046,0.0,0.0
2024-02-06,HDFCBANK.NS,722.7750244140625,724.8499755859375,716.2999877929688,722.0499877929688,691.3876953125,41075740,0.0,0.0
2024-02-07,HDFCBANK.NS,726.5,726.9000244140625,713.3250122070312,714.9749755859375,684.6130981445312,54837086,0.0,0.0
2024-02-08,HDFCBANK.NS,714.9249877929688,719.4749755859375,700.25,701.5250244140625,671.734375,69106124,0.0,0.0
2024-02-09,HDFCBANK.NS,696.0750122070312,707.0999755859375,693.5,701.7999877929688,671.9976196289062,56642124,0.0,0.0
2024-02-12,HDFCBANK.NS,699.8250122070312,706.8250122070312,691.6749877929688,695.0,665.4863891601562,34447812,0.0,0.0
2024-02-13,HDFCBANK.NS,695.9749755859375,702.1749877929688,692.1749877929688,697.2249755859375,667.6168823242188,57580994,0.0,0.0
2024-02-14,HDFCBANK.NS,688.0,695.75,681.7750244140625,692.0250244140625,662.6377563476562,91320810,0.0,0.0
2024-02-15,HDFCBANK.NS,692.5,707.75,692.1749877929688,707.0250244140625,677.0007934570312,41584944,0.0,0.0
2024-02-16,HDFCBANK.NS,711.9500122070312,713.8499755859375,704.2249755859375,709.9500122070312,679.8015747070312,32175742,0.0,0.0
2024-02-19,HDFCBANK.NS,714.5,714.5,707.5999755859375,708.5499877929688,678.4609375,34451756,0.0,0.0
2024-02-20,HDFCBANK.NS,707.5,728.625,705.9000244140625,727.1500244140625,696.2711791992188,56133508,0.0,0.0
2024-02-21,HDFCBANK.NS,732.0,732.0,717.5,719.5750122070312,689.017822265625,45893136,0.0,0.0
2024-02-22,HDFCBANK.NS,708.875,714.4000244140625,706.0999755859375,709.7750244140625,679.634033203125,50560882,0.0,0.0
2024-02-23,HDFCBANK.NS,711.2750244140625,716.9500122070312,709.0,710.2999877929688,680.1366577148438,29833452,0.0,0.0
2024-02-26,HDFCBANK.NS,706.7750244140625,717.4249877929688,706.7750244140625,711.1500244140625,680.9505615234375,23506870,0.0,0.0
2024-02-27,HDFCBANK.NS,706.7750244140625,713.3499755859375,706.5250244140625,710.0750122070312,679.9212646484375,32087150,0.0,0.0
2024-02-28,HDFCBANK.NS,710.0750122070312,712.0999755859375,702.0,704.7000122070312,674.7745361328125,25321986,0.0,0.0
2024-02-29,HDFCBANK.NS,701.0499877929688,705.2000122070312,698.6500244140625,701.7000122070312,671.90185546875,53295700,0.0,0.0
2024-03-01,HDFCBANK.NS,700.0,716.375,700.0,715.375,684.9961547851562,34738898,0.0,0.0
2024-03-04,HDFCBANK.NS,715.4749755859375,718.5,712.1500244140625,716.3499755859375,685.9298095703125,35616474,0.0,0.0
2024-03-05,HDFCBANK.NS,711.0,721.5,710.8250122070312,720.4249877929688,689.8317260742188,37991672,0.0,0.0
2024-03-06,HDFCBANK.NS,716.7750244140625,726.4249877929688,716.7750244140625,721.2999877929688,690.6695556640625,42409530,0.0,0.0
2024-03-07,HDFCBANK.NS,722.75,725.5250244140625,720.7000122070312,723.0499877929688,692.3452758789062,49348046,0.0,0.0
2024-03-11,HDFCBANK.NS,715.0,722.9749755859375,711.5,713.9000244140625,683.5838012695312,50531094,0.0,0.0
2024-03-12,HDFCBANK.NS,717.0,732.0,714.625,729.7750244140625,698.78466796875,65418454,0.0,0.0
2024-03-13,HDFCBANK.NS,732.75,735.7999877929688,725.0499877929688,730.2000122070312,699.191650390625,63067454,0.0,0.0
2024-03-14,HDFCBANK.NS,731.0499877929688,733.0,722.1500244140625,727.7249755859375,696.8217163085938,52432158,0.0,0.0
2024-03-15,HDFCBANK.NS,725.0,729.6500244140625,721.125,726.3250122070312,695.481201171875,143613804,0.0,0.0
2024-03-18,HDFCBANK.NS,723.5,728.0,717.9000244140625,723.0250244140625,692.3212890625,21437856,0.0,0.0
2024-03-19,HDFCBANK.NS,717.75,726.2000122070312,717.75,724.6749877929688,693.9011840820312,36183594,0.0,0.0
2024-03-20,HDFCBANK.NS,724.5250244140625,725.8250122070312,712.3250122070312,715.5250244140625,685.1398315429688,43606094,0.0,0.0
2024-03-21,HDFCBANK.NS,721.2999877929688,725.625,719.1500244140625,722.875,692.1776733398438,28922860,0.0,0.0
2024-03-22,HDFCBANK.NS,720.5,725.375,718.875,721.4249877929688,690.7891845703125,45980326,0.0,0.0
2024-03-26,HDFCBANK.NS,713.5999755859375,718.9749755859375,711.0750122070312,712.7000122070312,682.434814453125,56844290,0.0,0.0
2024-03-27,HDFCBANK.NS,711.7750244140625,723.9749755859375,710.625,720.3499755859375,689.7599487304688,62168668,0.0,0.0
2024-03-28,HDFCBANK.NS,720.3499755859375,730.25,720.3499755859375,723.9500122070312,693.20703125,55592142,0.0,0.0
2024-04-01,HDFCBANK.NS,729.0,736.9000244140625,727.7999877929688,735.25,704.0271606445312,25199570,0.0,0.0
2024-04-02,HDFCBANK.NS,732.5750122070312,747.4249877929688,731.625,740.0750122070312,708.6472778320312,41225446,0.0,0.0
2024-04-03,HDFCBANK.NS,736.0499877929688,747.8250122070312,735.7000122070312,741.1500244140625,709.6766967773438,45584386,0.0,0.0
2024-04-04,HDFCBANK.NS,752.0,765.0,752.0,763.7999877929688,731.3648071289062,88935066,0.0,0.0
2024-04-05,HDFCBANK.NS,769.5,777.25,765.0750122070312,774.7750244140625,741.8737182617188,59055902,0.0,0.0
2024-04-08,HDFCBANK.NS,777.4749755859375,778.625,770.7750244140625,773.2999877929688,740.4613647460938,20482940,0.0,0.0
2024-04-09,HDFCBANK.NS,777.4249877929688,777.4249877929688,770.1500244140625,774.2750244140625,741.3949584960938,21884494,0.0,0.0
2024-04-10,HDFCBANK.NS,774.9500122070312,774.9500122070312,766.4749755859375,768.1749877929688,735.5540161132812,27807400,0.0,0.0
2024-04-12,HDFCBANK.NS,760.5,764.9249877929688,756.7249755859375,759.4749755859375,727.223388671875,41084208,0.0,0.0
2024-04-15,HDFCBANK.NS,748.7750244140625,755.0,746.0250244140625,747.3499755859375,715.61328125,23415248,0.0,0.0
2024-04-16,HDFCBANK.NS,743.5,756.4500122070312,741.125,754.625,722.5794067382812,20744886,0.0,0.0
2024-04-18,HDFCBANK.NS,754.9000244140625,759.4249877929688,745.5250244140625,747.3499755859375,715.61328125,34234884,0.0,0.0
2024-04-19,HDFCBANK.NS,743.2750244140625,767.4749755859375,740.125,765.6500244140625,733.13623046875,34576434,0.0,0.0
2024-04-22,HDFCBANK.NS,778.7000122070312,778.7000122070312,754.1500244140625,756.0999755859375,723.9917602539062,42298438,0.0,0.0
2024-04-23,HDFCBANK.NS,763.1500244140625,763.25,751.625,753.7999877929688,721.7894287109375,26827060,0.0,0.0
2024-04-24,HDFCBANK.NS,757.5,760.875,754.5250244140625,755.8499755859375,723.7523193359375,22441580,0.0,0.0
2024-04-25,HDFCBANK.NS,753.125,759.8499755859375,753.125,755.375,723.2975463867188,35445204,0.0,0.0
2024-04-26,HDFCBANK.NS,759.9000244140625,764.0,752.7750244140625,754.9000244140625,722.8427734375,24854694,0.0,0.0
2024-04-29,HDFCBANK.NS,757.5,767.2249755859375,753.2750244140625,764.75,732.2744140625,36093350,0.0,0.0
2024-04-30,HDFCBANK.NS,764.5999755859375,769.75,757.4500122070312,760.0499877929688,727.7739868164062,52307382,0.0,0.0
2024-05-02,HDFCBANK.NS,761.0,768.5,760.1749877929688,766.125,733.5910034179688,33475006,0.0,0.0
2024-05-03,HDFCBANK.NS,766.625,770.2999877929688,753.5999755859375,759.7999877929688,727.5346069335938,31865242,0.0,0.0
2024-05-06,HDFCBANK.NS,761.0,767.25,758.5750122070312,761.3250122070312,728.994873046875,28793396,0.0,0.0
2024-05-07,HDFCBANK.NS,760.9749755859375,762.0250244140625,752.0750122070312,753.0750122070312,721.0952758789062,28480602,0.0,0.0
2024-05-08,HDFCBANK.NS,747.9749755859375,748.4749755859375,740.1749877929688,741.3250122070312,709.84423828125,41687862,0.0,0.0
2024-05-09,HDFCBANK.NS,737.4749755859375,743.375,722.6500244140625,723.75,693.0155029296875,46281278,0.0,0.0
2024-05-10,HDFCBANK.NS,719.5,725.9749755859375,713.4000244140625,718.9500122070312,697.8200073242188,27276608,9.75,0.0
2024-05-13,HDFCBANK.NS,716.0,729.9000244140625,715.1500244140625,727.625,706.2400512695312,27047202,0.0,0.0
2024-05-14,HDFCBANK.NS,726.125,732.75,725.1500244140625,730.4749755859375,709.0062866210938,25665142,0.0,0.0
2024-05-15,HDFCBANK.NS,729.8499755859375,729.8499755859375,717.9000244140625,719.25,698.1111450195312,38931996,0.0,0.0
2024-05-16,HDFCBANK.NS,723.0250244140625,731.2750244140625,717.75,730.125,708.6665649414062,34945236,0.0,0.0
2024-05-17,HDFCBANK.NS,723.0999755859375,734.0,723.0999755859375,732.0499877929688,710.5349731445312,20920190,0.0,0.0
2024-05-21,HDFCBANK.NS,725.0499877929688,734.8499755859375,725.0499877929688,729.4000244140625,707.962890625,43769978,0.0,0.0
2024-05-22,HDFCBANK.NS,728.9249877929688,732.7999877929688,724.0750122070312,729.5999755859375,708.156982421875,39996278,0.0,0.0
2024-05-23,HDFCBANK.NS,729.3250122070312,747.8250122070312,728.5250244140625,746.2999877929688,724.3661499023438,40861920,0.0,0.0
2024-05-24,HDFCBANK.NS,743.75,759.9500122070312,743.0,758.5999755859375,736.3046875,31060206,0.0,0.0
2024-05-27,HDFCBANK.NS,761.6749877929688,772.5,759.5250244140625,763.8499755859375,741.400390625,29385440,0.0,0.0
2024-05-28,HDFCBANK.NS,765.0499877929688,768.0250244140625,762.4000244140625,765.25,742.75927734375,27908904,0.0,0.0
2024-05-29,HDFCBANK.NS,759.0,761.9249877929688,750.625,754.1500244140625,731.9855346679688,35147706,0.0,0.0
2024-05-30,HDFCBANK.NS,749.5999755859375,761.7999877929688,748.8250122070312,757.4249877929688,735.1642456054688,33755350,0.0,0.0
2024-05-31,HDFCBANK.NS,759.5,768.0,757.0,765.7750244140625,743.2688598632812,74079588,0.0,0.0
2024-06-03,HDFCBANK.NS,799.5,799.5,775.0,786.0999755859375,762.9964599609375,72637256,0.0,0.0
2024-06-04,HDFCBANK.NS,778.5,779.5,727.0,741.5750122070312,719.7800903320312,89531240,0.0,0.0
2024-06-05,HDFCBANK.NS,747.0250244140625,779.7999877929688,741.1749877929688,775.9000244140625,753.0963134765625,81631650,0.0,0.0
2024-06-06,HDFCBANK.NS,782.4500122070312,782.7249755859375,773.2999877929688,779.8499755859375,756.93017578125,46422870,0.0,0.0
2024-06-07,HDFCBANK.NS,780.5250244140625,792.1749877929688,776.0250244140625,786.6749877929688,763.5545654296875,36712216,0.0,0.0
2024-06-10,HDFCBANK.NS,787.0,790.3250122070312,778.7999877929688,780.6500244140625,757.7067260742188,22454058,0.0,0.0
2024-06-11,HDFCBANK.NS,778.0,785.5,776.0999755859375,782.4000244140625,759.4052734375,29545326,0.0,0.0
2024-06-12,HDFCBANK.NS,787.5,794.1500244140625,783.2000122070312,787.0750122070312,763.94287109375,39280436,0.0,0.0
2024-06-13,HDFCBANK.NS,790.875,792.8499755859375,787.0,790.375,767.1458129882812,24120192,0.0,0.0
2024-06-14,HDFCBANK.NS,792.0,799.5,788.8499755859375,798.4500122070312,774.9835815429688,25540554,0.0,0.0
2024-06-18,HDFCBANK.NS,798.4500122070312,805.25,794.7249755859375,803.9000244140625,780.2733764648438,32415714,0.0,0.0
2024-06-19,HDFCBANK.NS,806.7000122070312,834.9500122070312,802.0,828.9249877929688,804.5628051757812,90131196,0.0,0.0
2024-06-20,HDFCBANK.NS,834.9000244140625,840.7249755859375,826.0,834.6749877929688,810.143798828125,41408742,0.0,0.0
2024-06-21,HDFCBANK.NS,836.4249877929688,836.4249877929688,821.5750122070312,832.875,808.396728515625,51630776,0.0,0.0
2024-06-24,HDFCBANK.NS,823.5,837.5499877929688,822.875,836.2000122070312,811.6240234375,28544994,0.0,0.0
2024-06-25,HDFCBANK.NS,835.5499877929688,858.4749755859375,835.5499877929688,855.6749877929688,830.5266723632812,74521548,0.0,0.0
2024-06-26,HDFCBANK.NS,853.9749755859375,855.4500122070312,845.5499877929688,850.75,825.7463989257812,47596666,0.0,0.0
2024-06-27,HDFCBANK.NS,848.0499877929688,856.5,843.2999877929688,848.0750122070312,823.1500244140625,55074650,0.0,0.0
2024-06-28,HDFCBANK.NS,848.7999877929688,853.2999877929688,839.5,841.9000244140625,817.156494140625,26476046,0.0,0.0
2024-07-01,HDFCBANK.NS,840.0,853.6500244140625,840.0,852.5999755859375,827.5420532226562,21187024,0.0,0.0
2024-07-02,HDFCBANK.NS,857.5,867.4500122070312,851.375,865.2999877929688,839.8687744140625,45921690,0.0,0.0
2024-07-03,HDFCBANK.NS,895.5,897.0,882.3250122070312,884.3250122070312,858.3346557617188,123217802,0.0,0.0
2024-07-04,HDFCBANK.NS,879.875,879.875,862.4249877929688,863.5750122070312,838.1945190429688,45848658,0.0,0.0
2024-07-05,HDFCBANK.NS,842.5,842.5,821.0999755859375,824.0499877929688,799.8310546875,82242548,0.0,0.0
2024-07-08,HDFCBANK.NS,822.6500244140625,827.4749755859375,813.5750122070312,817.6749877929688,793.6434936523438,39087800,0.0,0.0
2024-07-09,HDFCBANK.NS,812.5,823.3499755859375,810.1749877929688,818.25,794.2015380859375,48550878,0.0,0.0
2024-07-10,HDFCBANK.NS,814.9749755859375,820.0,810.375,813.0499877929688,789.1544799804688,45507182,0.0,0.0
2024-07-11,HDFCBANK.NS,811.9749755859375,812.9249877929688,800.5,810.9500122070312,787.1161499023438,44177074,0.0,0.0
2024-07-12,HDFCBANK.NS,811.0,819.2000122070312,805.5750122070312,811.3499755859375,787.50439453125,56049960,0.0,0.0
2024-07-15,HDFCBANK.NS,811.75,814.9000244140625,807.5999755859375,811.0499877929688,787.2131958007812,33375694,0.0,0.0
2024-07-16,HDFCBANK.NS,810.375,813.5,808.4000244140625,809.875,786.07275390625,28950324,0.0,0.0
2024-07-18,HDFCBANK.NS,804.0,811.9749755859375,799.5750122070312,807.4000244140625,783.6705322265625,33717064,0.0,0.0
2024-07-19,HDFCBANK.NS,808.0,811.5,801.75,803.6500244140625,780.0307006835938,26002152,0.0,0.0
2024-07-22,HDFCBANK.NS,808.5,825.5,806.3250122070312,821.2750244140625,797.1376953125,53744822,0.0,0.0
2024-07-23,HDFCBANK.NS,823.7750244140625,823.9000244140625,802.5,809.2000122070312,785.4176025390625,52002152,0.0,0.0
2024-07-24,HDFCBANK.NS,804.0750122070312,810.5,794.0250244140625,802.0250244140625,778.4534912109375,61728206,0.0,0.0
2024-07-25,HDFCBANK.NS,796.5,812.5,796.5,808.2999877929688,784.5440673828125,25535732,0.0,0.0
2024-07-26,HDFCBANK.NS,802.5,810.875,798.2249755859375,809.0750122070312,785.2962646484375,43810540,0.0,0.0
2024-07-29,HDFCBANK.NS,807.5,815.9249877929688,799.1500244140625,802.5250244140625,778.9387817382812,51001148,0.0,0.0
2024-07-30,HDFCBANK.NS,801.0,817.375,799.5,807.7750244140625,784.0344848632812,54595834,0.0,0.0
2024-07-31,HDFCBANK.NS,807.0,813.9500122070312,804.5999755859375,807.875,784.1315307617188,37820484,0.0,0.0
2024-08-01,HDFCBANK.NS,811.4500122070312,825.0250244140625,808.9749755859375,819.4000244140625,795.3178100585938,26215174,0.0,0.0
2024-08-02,HDFCBANK.NS,815.5,835.25,815.5,829.5750122070312,805.1937255859375,44119238,0.0,0.0
2024-08-05,HDFCBANK.NS,820.0499877929688,823.0,800.5,807.875,784.1315307617188,41333634,0.0,0.0
2024-08-06,HDFCBANK.NS,815.0,816.4749755859375,796.6500244140625,800.5999755859375,777.0703125,45116050,0.0,0.0
2024-08-07,HDFCBANK.NS,808.5,815.0,801.0999755859375,811.75,787.8926391601562,42346264,0.0,0.0
2024-08-08,HDFCBANK.NS,812.0,826.6500244140625,809.625,821.3499755859375,797.21044921875,33976950,0.0,0.0
2024-08-09,HDFCBANK.NS,826.0,831.2750244140625,822.9000244140625,825.0999755859375,800.8502197265625,26644618,0.0,0.0
2024-08-12,HDFCBANK.NS,826.0,837.9749755859375,823.6749877929688,830.0499877929688,805.65478515625,39316196,0.0,0.0
2024-08-13,HDFCBANK.NS,814.0,816.2000122070312,800.5750122070312,801.5999755859375,778.0409545898438,54055042,0.0,0.0
2024-08-14,HDFCBANK.NS,803.25,806.8499755859375,801.5999755859375,803.9000244140625,780.2733764648438,32334428,0.0,0.0
2024-08-16,HDFCBANK.NS,814.25,817.0750122070312,805.5,816.0499877929688,792.0662841796875,27849246,0.0,0.0
2024-08-19,HDFCBANK.NS,818.8250122070312,818.8250122070312,811.8499755859375,815.7750244140625,791.7993774414062,19502164,0.0,0.0
2024-08-20,HDFCBANK.NS,813.7249755859375,823.0,813.7249755859375,818.8499755859375,794.783935546875,31134494,0.0,0.0
2024-08-21,HDFCBANK.NS,814.0499877929688,817.2750244140625,808.9000244140625,812.9000244140625,789.0089111328125,47630904,0.0,0.0
2024-08-22,HDFCBANK.NS,816.0,819.1500244140625,814.0,815.6500244140625,791.6781005859375,21300638,0.0,0.0
2024-08-23,HDFCBANK.NS,817.0,817.0,811.5,812.5250244140625,788.6448974609375,20333422,0.0,0.0
2024-08-26,HDFCBANK.NS,816.0999755859375,823.9749755859375,816.0999755859375,819.9749755859375,795.8758544921875,22364266,0.0,0.0
2024-08-27,HDFCBANK.NS,821.7000122070312,823.7000122070312,816.0999755859375,818.875,794.8082275390625,35773244,0.0,0.0
2024-08-28,HDFCBANK.NS,818.875,819.875,815.0999755859375,818.5499877929688,794.49267578125,26921188,0.0,0.0
2024-08-29,HDFCBANK.NS,821.0,822.2000122070312,815.5750122070312,819.2750244140625,795.1964721679688,49052604,0.0,0.0
2024-08-30,HDFCBANK.NS,828.0,831.0,810.5750122070312,818.4500122070312,794.3956909179688,445342100,0.0,0.0
2024-09-02,HDFCBANK.NS,823.4000244140625,823.4000244140625,811.5999755859375,813.4749755859375,789.56689453125,34049680,0.0,0.0
2024-09-03,HDFCBANK.NS,817.0,819.9749755859375,812.2999877929688,818.6749877929688,794.6140747070312,37282860,0.0,0.0
2024-09-04,HDFCBANK.NS,819.5,822.4000244140625,816.0,820.9000244140625,796.773681640625,24682744,0.0,0.0
2024-09-05,HDFCBANK.NS,823.0,824.9500122070312,821.0,822.7249755859375,798.5450439453125,22876318,0.0,0.0
2024-09-06,HDFCBANK.NS,819.1500244140625,823.875,817.0499877929688,818.4749755859375,794.419921875,26029602,0.0,0.0
2024-09-09,HDFCBANK.NS,819.0,824.25,815.0499877929688,823.25,799.0546264648438,23792914,0.0,0.0
2024-09-10,HDFCBANK.NS,827.0,827.0,819.0,825.1749877929688,800.9229736328125,26606646,0.0,0.0
2024-09-11,HDFCBANK.NS,825.2000122070312,826.25,819.5999755859375,821.9500122070312,797.7928466796875,22226684,0.0,0.0
2024-09-12,HDFCBANK.NS,827.0,835.0,823.5250244140625,833.2999877929688,808.8092651367188,32424046,0.0,0.0
2024-09-13,HDFCBANK.NS,837.0,837.0,828.5250244140625,832.9749755859375,808.4937744140625,23860532,0.0,0.0
2024-09-16,HDFCBANK.NS,833.5,838.9000244140625,832.0250244140625,835.4749755859375,810.9202880859375,15172820,0.0,0.0
2024-09-17,HDFCBANK.NS,839.0,839.0,832.0750122070312,834.4000244140625,809.876953125,20127122,0.0,0.0
2024-09-18,HDFCBANK.NS,835.9249877929688,849.4500122070312,835.5499877929688,847.4000244140625,822.494873046875,40917342,0.0,0.0
2024-09-19,HDFCBANK.NS,849.5999755859375,859.5,849.5750122070312,854.25,829.1435546875,30651776,0.0,0.0
2024-09-20,HDFCBANK.NS,858.25,872.4749755859375,853.7750244140625,870.5999755859375,845.0130004882812,60623386,0.0,0.0
2024-09-23,HDFCBANK.NS,874.5,883.1749877929688,870.125,879.9000244140625,854.0397338867188,26965350,0.0,0.0
2024-09-24,HDFCBANK.NS,882.5,890.8250122070312,877.125,884.0250244140625,858.0435180664062,33039036,0.0,0.0
2024-09-25,HDFCBANK.NS,880.0750122070312,894.0,880.0750122070312,889.5499877929688,863.4060668945312,31965312,0.0,0.0
2024-09-26,HDFCBANK.NS,886.5250244140625,894.0,884.0250244140625,891.7249755859375,865.5171508789062,31899644,0.0,0.0
2024-09-27,HDFCBANK.NS,888.5,889.0999755859375,875.0,876.3250122070312,850.5697631835938,35613502,0.0,0.0
2024-09-30,HDFCBANK.NS,874.4000244140625,875.7249755859375,862.2000122070312,866.0250244140625,840.572509765625,26383534,0.0,0.0
2024-10-01,HDFCBANK.NS,862.0,871.0,860.0499877929688,863.0999755859375,837.7334594726562,24572284,0.0,0.0
2024-10-03,HDFCBANK.NS,857.8250122070312,863.0750122070312,836.6749877929688,841.0,816.282958984375,48473398,0.0,0.0
2024-10-04,HDFCBANK.NS,837.25,845.3250122070312,826.5,828.8250122070312,804.4657592773438,48683232,0.0,0.0
2024-10-07,HDFCBANK.NS,826.0999755859375,829.5,806.5,808.9000244140625,785.12646484375,94458296,0.0,0.0
2024-10-08,HDFCBANK.NS,815.0,828.4000244140625,811.0,825.5250244140625,801.2627563476562,29734406,0.0,0.0
2024-10-09,HDFCBANK.NS,824.75,828.375,814.3499755859375,816.5750122070312,792.5758666992188,41125642,0.0,0.0
2024-10-10,HDFCBANK.NS,819.5,832.7249755859375,816.25,831.2000122070312,806.7709350585938,21754766,0.0,0.0
2024-10-11,HDFCBANK.NS,832.2249755859375,832.2249755859375,821.625,825.5,801.238525390625,23672594,0.0,0.0
2024-10-14,HDFCBANK.NS,828.0250244140625,846.0250244140625,827.0,844.0499877929688,819.2432861328125,18527508,0.0,0.0
2024-10-15,HDFCBANK.NS,847.0,849.0,837.75,842.0499877929688,817.3020629882812,19651130,0.0,0.0
2024-10-16,HDFCBANK.NS,840.0499877929688,853.9749755859375,840.0499877929688,849.9000244140625,824.92138671875,20470682,0.0,0.0
2024-10-17,HDFCBANK.NS,847.4749755859375,848.8250122070312,832.5999755859375,836.5750122070312,811.9879760742188,14695732,0.0,0.0
2024-10-18,HDFCBANK.NS,831.5499877929688,845.5,827.0499877929688,840.9249877929688,816.2101440429688,24809724,0.0,0.0
2024-10-21,HDFCBANK.NS,857.5,874.0750122070312,855.5250244140625,864.3499755859375,838.9466552734375,46548354,0.0,0.0
2024-10-22,HDFCBANK.NS,865.0250244140625,870.0,855.3499755859375,857.2750244140625,832.0796508789062,38875280,0.0,0.0
2024-10-23,HDFCBANK.NS,852.5250244140625,873.25,852.5250244140625,867.9000244140625,842.3923950195312,38036090,0.0,0.0
2024-10-24,HDFCBANK.NS,869.0499877929688,884.3250122070312,869.0499877929688,874.8250122070312,849.1138305664062,30832258,0.0,0.0
2024-10-25,HDFCBANK.NS,877.5,878.9249877929688,864.3499755859375,871.7000122070312,846.0806884765625,26130478,0.0,0.0
2024-10-28,HDFCBANK.NS,871.0,875.5,864.4500122070312,867.0999755859375,841.6158447265625,22012142,0.0,0.0
2024-10-29,HDFCBANK.NS,863.0750122070312,882.0,862.5499877929688,875.9249877929688,850.1815185546875,35794926,0.0,0.0
2024-10-30,HDFCBANK.NS,871.0,877.375,862.0999755859375,867.2999877929688,841.8099975585938,32715724,0.0,0.0
2024-10-31,HDFCBANK.NS,864.0,869.4500122070312,859.7000122070312,867.8499755859375,842.3438110351562,22895912,0.0,0.0
2024-11-01,HDFCBANK.NS,866.5,872.0499877929688,863.0499877929688,868.6500244140625,843.120361328125,1759692,0.0,0.0
2024-11-04,HDFCBANK.NS,872.5,872.5,855.4500122070312,857.0499877929688,831.8612060546875,28089248,0.0,0.0
2024-11-05,HDFCBANK.NS,851.5,881.3499755859375,848.9500122070312,878.9249877929688,853.0933227539062,44232406,0.0,0.0
2024-11-06,HDFCBANK.NS,885.75,885.75,872.6749877929688,877.625,851.8316040039062,27787910,0.0,0.0
2024-11-07,HDFCBANK.NS,872.1500244140625,880.4749755859375,869.0,873.2750244140625,847.6094360351562,18895456,0.0,0.0
2024-11-08,HDFCBANK.NS,876.0,880.9000244140625,872.9249877929688,877.2249755859375,851.4432983398438,19902986,0.0,0.0
2024-11-11,HDFCBANK.NS,877.2750244140625,891.4000244140625,875.5999755859375,883.1500244140625,857.1942138671875,24565362,0.0,0.0
2024-11-12,HDFCBANK.NS,886.0,887.5,854.3250122070312,859.0999755859375,833.8509521484375,31395406,0.0,0.0
2024-11-13,HDFCBANK.NS,858.375,864.7000122070312,836.5,840.6749877929688,815.967529296875,35728500,0.0,0.0
2024-11-14,HDFCBANK.NS,836.5499877929688,852.4249877929688,836.0499877929688,846.375,821.5,27146470,0.0,0.0
2024-11-18,HDFCBANK.NS,850.0,859.4500122070312,847.5,852.5499877929688,827.4934692382812,27081968,0.0,0.0
2024-11-19,HDFCBANK.NS,857.0,876.875,851.3499755859375,871.125,845.5225830078125,50981272,0.0,0.0
2024-11-21,HDFCBANK.NS,874.7000122070312,879.5,867.0999755859375,870.5999755859375,845.0130004882812,35716512,0.0,0.0
2024-11-22,HDFCBANK.NS,871.7750244140625,877.1500244140625,864.7750244140625,872.7999877929688,847.1483764648438,24773612,0.0,0.0
2024-11-25,HDFCBANK.NS,892.5250244140625,901.7750244140624,882.4500122070312,892.7999877929688,866.560546875,427737274,0.0,0.0
2024-11-26,HDFCBANK.NS,905.0,905.0,884.9000244140625,892.7750244140625,866.5363159179688,30935566,0.0,0.0
2024-11-27,HDFCBANK.NS,894.9500122070312,908.6749877929688,892.5750122070312,906.1500244140624,879.5182495117188,32714976,0.0,0.0
2024-11-28,HDFCBANK.NS,909.5,918.0499877929688,894.0,896.5750122070312,870.224609375,35722392,0.0,0.0
2024-11-29,HDFCBANK.NS,900.6500244140625,902.2999877929688,891.4500122070312,898.0250244140625,871.632080078125,27669536,0.0,0.0
2024-12-02,HDFCBANK.NS,901.75,904.0750122070312,887.5,902.3499755859376,875.8298950195312,15110876,0.0,0.0
2024-12-03,HDFCBANK.NS,911.3499755859376,918.7000122070312,908.0499877929688,913.1500244140624,886.3125610351562,43410242,0.0,0.0
2024-12-04,HDFCBANK.NS,919.0,932.5,915.5750122070312,930.0499877929688,902.7157592773438,44669084,0.0,0.0
2024-12-05,HDFCBANK.NS,930.0,939.9749755859376,917.5999755859376,932.875,905.4577026367188,39682714,0.0,0.0
2024-12-06,HDFCBANK.NS,928.5,932.0999755859376,922.0,927.9249877929688,900.6531982421875,17783156,0.0,0.0
2024-12-09,HDFCBANK.NS,926.8250122070312,940.0,924.5,935.0,907.520263671875,26947912,0.0,0.0
2024-12-10,HDFCBANK.NS,938.8499755859376,938.8499755859376,929.2750244140624,934.0499877929688,906.59814453125,13325480,0.0,0.0
2024-12-11,HDFCBANK.NS,930.8499755859376,935.9500122070312,928.375,931.5499877929688,904.1716918945312,14045426,0.0,0.0
2024-12-12,HDFCBANK.NS,925.5,934.3250122070312,924.3499755859376,929.625,902.30322265625,17293790,0.0,0.0
2024-12-13,HDFCBANK.NS,931.25,937.5,914.625,935.875,908.3695678710938,19009002,0.0,0.0
2024-12-16,HDFCBANK.NS,932.5499877929688,934.9749755859376,927.625,932.5999755859376,905.1907958984376,13107082,0.0,0.0
2024-12-17,HDFCBANK.NS,928.1749877929688,931.1749877929688,913.25,916.625,889.6853637695312,21079532,0.0,0.0
2024-12-18,HDFCBANK.NS,914.9249877929688,918.0,903.5750122070312,905.3499755859376,878.74169921875,23422312,0.0,0.0
2024-12-19,HDFCBANK.NS,899.7999877929688,900.5499877929688,889.5,896.75,870.3944702148438,25380770,0.0,0.0
2024-12-20,HDFCBANK.NS,891.0999755859375,898.7750244140625,883.5250244140625,885.75,859.7177734375,25692348,0.0,0.0
2024-12-23,HDFCBANK.NS,891.0,903.0,890.6500244140625,900.5,874.0343017578125,11044592,0.0,0.0
2024-12-24,HDFCBANK.NS,901.0250244140624,904.3499755859376,894.7750244140625,899.0499877929688,872.6268310546875,14485834,0.0,0.0
2024-12-26,HDFCBANK.NS,899.2750244140625,906.0,890.375,895.375,869.0598754882812,10481678,0.0,0.0
2024-12-27,HDFCBANK.NS,897.4000244140625,902.9749755859376,894.5499877929688,899.125,872.6996459960938,7259330,0.0,0.0
2024-12-30,HDFCBANK.NS,896.0999755859375,907.5,885.5,888.9500122070312,862.82373046875,22222218,0.0,0.0
2024-12-31,HDFCBANK.NS,885.1500244140625,890.9000244140625,882.7999877929688,886.4249877929688,860.3729248046875,14117236,0.0,0.0
2025-01-01,HDFCBANK.NS,886.7249755859375,897.0,880.5499877929688,891.375,865.1774291992188,7313806,0.0,0.0
2025-01-02,HDFCBANK.NS,888.5499877929688,901.7249755859376,886.5,896.875,870.5158081054688,18558576,0.0,0.0
2025-01-03,HDFCBANK.NS,895.5,897.625,873.1500244140625,874.5999755859375,848.8954467773438,24426194,0.0,0.0
2025-01-06,HDFCBANK.NS,870.0499877929688,878.5999755859375,852.9000244140625,855.25,830.1141357421875,18816348,0.0,0.0
2025-01-07,HDFCBANK.NS,857.5,860.5,850.0,856.7000122070312,831.5215454101562,13527906,0.0,0.0
2025-01-08,HDFCBANK.NS,854.125,855.8250122070312,841.6749877929688,847.1500244140625,822.252197265625,19738190,0.0,0.0
2025-01-09,HDFCBANK.NS,842.0750122070312,844.5,829.0499877929688,833.9000244140625,809.3916625976562,40420222,0.0,0.0
2025-01-10,HDFCBANK.NS,835.5,837.4500122070312,827.0,828.375,804.0289916992188,17453280,0.0,0.0
2025-01-13,HDFCBANK.NS,820.0,823.375,812.1500244140625,815.4249877929688,791.4596557617188,21669066,0.0,0.0
2025-01-14,HDFCBANK.NS,819.9500122070312,828.0999755859375,818.5,823.2999877929688,799.1030883789062,26661432,0.0,0.0
2025-01-15,HDFCBANK.NS,828.25,831.3499755859375,818.1500244140625,821.5250244140625,797.3803100585938,14022892,0.0,0.0
2025-01-16,HDFCBANK.NS,826.4249877929688,830.2750244140625,821.4249877929688,826.0250244140625,801.7481079101562,21212454,0.0,0.0
2025-01-17,HDFCBANK.NS,821.75,825.25,814.25,818.375,794.3228759765625,23112076,0.0,0.0
2025-01-20,HDFCBANK.NS,813.0,830.4749755859375,813.0,825.625,801.3598022460938,17557618,0.0,0.0
2025-01-21,HDFCBANK.NS,829.125,830.5250244140625,816.5250244140625,821.2000122070312,797.0648803710938,31158144,0.0,0.0
2025-01-22,HDFCBANK.NS,821.2000122070312,835.9500122070312,812.7249755859375,833.0250244140625,808.5423583984375,30619306,0.0,0.0
2025-01-23,HDFCBANK.NS,843.5,843.5,825.625,832.4500122070312,807.9842529296875,34909158,0.0,0.0
2025-01-24,HDFCBANK.NS,830.0,835.1500244140625,822.25,824.9000244140625,800.6561279296875,24236200,0.0,0.0
2025-01-27,HDFCBANK.NS,820.5499877929688,821.7999877929688,813.0,814.9000244140625,790.9500732421875,22804166,0.0,0.0
2025-01-28,HDFCBANK.NS,823.5,842.1500244140625,823.5,835.2000122070312,810.6534423828125,30179312,0.0,0.0
2025-01-29,HDFCBANK.NS,837.5,840.5750122070312,834.4249877929688,838.6500244140625,814.0020141601562,12619890,0.0,0.0
2025-01-30,HDFCBANK.NS,840.5,848.9500122070312,836.2750244140625,845.75,820.8933715820312,25744846,0.0,0.0
2025-01-31,HDFCBANK.NS,843.625,852.3499755859375,841.9749755859375,849.375,824.4118041992188,15821686,0.0,0.0
2025-02-01,HDFCBANK.NS,848.75,856.5,838.0250244140625,845.4749755859375,820.6264038085938,5587528,0.0,0.0
2025-02-03,HDFCBANK.NS,835.0,843.4000244140625,831.7249755859375,839.0,814.3417358398438,20276540,0.0,0.0
2025-02-04,HDFCBANK.NS,844.3499755859375,862.9000244140625,840.0250244140625,860.4500122070312,835.1613159179688,28616502,0.0,0.0
2025-02-05,HDFCBANK.NS,866.5,872.0999755859375,859.4500122070312,868.9000244140625,843.363037109375,23675506,0.0,0.0
2025-02-06,HDFCBANK.NS,867.75,874.5,862.0,871.9249877929688,846.299072265625,26760716,0.0,0.0
2025-02-07,HDFCBANK.NS,875.0,883.5,862.5,866.375,840.9122314453125,23509600,0.0,0.0
2025-02-10,HDFCBANK.NS,858.6500244140625,861.7249755859375,854.25,857.875,832.6619873046875,17195950,0.0,0.0
2025-02-11,HDFCBANK.NS,851.5,855.5,844.3499755859375,850.7000122070312,825.6978759765625,22724704,0.0,0.0
2025-02-12,HDFCBANK.NS,846.5,856.0,840.5999755859375,853.4000244140625,828.3185424804688,22809570,0.0,0.0
2025-02-13,HDFCBANK.NS,849.5,857.125,846.7750244140625,848.8499755859375,823.9022216796875,12602434,0.0,0.0
2025-02-14,HDFCBANK.NS,850.9500122070312,850.9500122070312,840.0,847.4249877929688,822.5191040039062,19959892,0.0,0.0
2025-02-17,HDFCBANK.NS,842.5999755859375,860.0,840.625,858.6749877929688,833.4384765625,12938946,0.0,0.0
2025-02-18,HDFCBANK.NS,856.5250244140625,865.7750244140625,853.0750122070312,861.5250244140625,836.2047119140625,16350910,0.0,0.0
2025-02-19,HDFCBANK.NS,858.5,868.9500122070312,856.2249755859375,863.5999755859375,838.2186889648438,11884112,0.0,0.0
2025-02-20,HDFCBANK.NS,855.5,857.3499755859375,842.6500244140625,843.5499877929688,818.7579956054688,26390510,0.0,0.0
2025-02-21,HDFCBANK.NS,840.4500122070312,847.4749755859375,838.625,846.25,821.3786010742188,15680940,0.0,0.0
2025-02-24,HDFCBANK.NS,840.5499877929688,842.0999755859375,830.5499877929688,838.5499877929688,813.9049682617188,20693646,0.0,0.0
2025-02-25,HDFCBANK.NS,835.5499877929688,844.0,835.5499877929688,841.1749877929688,816.4527587890625,24138708,0.0,0.0
2025-02-27,HDFCBANK.NS,841.2750244140625,855.375,841.2750244140625,850.3499755859375,825.3580932617188,35786800,0.0,0.0
2025-02-28,HDFCBANK.NS,842.5,868.625,842.5,866.2000122070312,840.7423095703125,54516728,0.0,0.0
2025-03-03,HDFCBANK.NS,869.9000244140625,871.5250244140625,847.0499877929688,850.7750244140625,825.7706909179688,21205364,0.0,0.0
2025-03-04,HDFCBANK.NS,849.0,857.1500244140625,846.625,855.0,829.8715209960938,19920958,0.0,0.0
2025-03-05,HDFCBANK.NS,850.9749755859375,855.4000244140625,844.125,845.0,820.1654052734375,21583872,0.0,0.0
2025-03-06,HDFCBANK.NS,843.5,849.9500122070312,836.125,845.5999755859375,820.7477416992188,32966088,0.0,0.0
2025-03-07,HDFCBANK.NS,841.0,850.5750122070312,838.7999877929688,844.625,819.8014526367188,13372914,0.0,0.0
2025-03-10,HDFCBANK.NS,844.5,849.9500122070312,841.5250244140625,843.75,818.9521484375,15604050,0.0,0.0
2025-03-11,HDFCBANK.NS,841.2000122070312,847.0,835.0250244140625,842.75,817.9815063476562,19898430,0.0,0.0
2025-03-12,HDFCBANK.NS,845.7750244140625,859.25,845.7750244140625,855.5750122070312,830.4296264648438,18784106,0.0,0.0
2025-03-13,HDFCBANK.NS,858.0250244140625,860.4000244140625,850.0250244140625,853.2999877929688,828.221435546875,15736264,0.0,0.0
2025-03-17,HDFCBANK.NS,852.5,862.0,852.5,855.2000122070312,830.065673828125,18950652,0.0,0.0
2025-03-19,HDFCBANK.NS,867.5,875.5,866.0999755859375,872.0499877929688,846.42041015625,15221406,0.0,0.0
2025-03-20,HDFCBANK.NS,877.0,887.0,874.6500244140625,884.375,858.3831787109375,17833978,0.0,0.0
2025-03-21,HDFCBANK.NS,877.7750244140625,887.0499877929688,877.7750244140625,885.1749877929688,859.15966796875,33508264,0.0,0.0
2025-03-24,HDFCBANK.NS,889.5,902.2000122070312,886.8250122070312,900.0,873.5489501953125,17393736,0.0,0.0
2025-03-25,HDFCBANK.NS,902.4500122070312,921.8499755859376,900.75,910.7249755859376,883.958740234375,39101416,0.0,0.0
2025-03-26,HDFCBANK.NS,912.5,913.75,901.0,903.2750244140624,876.7277221679688,24478442,0.0,0.0
2025-03-27,HDFCBANK.NS,900.0,920.5,899.0499877929688,912.6749877929688,885.8514404296875,41658100,0.0,0.0
2025-03-28,HDFCBANK.NS,914.5,918.0,902.9249877929688,914.0999755859376,887.2344970703125,28773648,0.0,0.0
2025-04-01,HDFCBANK.NS,901.0,904.9500122070312,882.6749877929688,883.9249877929688,857.9463500976562,28511006,0.0,0.0
2025-04-02,HDFCBANK.NS,885.3499755859375,899.5999755859375,885.3499755859375,898.4500122070312,872.0444946289062,11573564,0.0,0.0
2025-04-03,HDFCBANK.NS,890.5499877929688,902.0,888.5,897.4249877929688,871.0496826171875,11250038,0.0,0.0
2025-04-04,HDFCBANK.NS,906.5,920.9749755859376,905.5499877929688,908.6500244140624,881.9447631835938,33540454,0.0,0.0
2025-04-07,HDFCBANK.NS,881.4000244140625,889.9249877929688,869.0999755859375,878.8499755859375,853.0205078125,37995450,0.0,0.0
2025-04-08,HDFCBANK.NS,882.5,891.0,875.1500244140625,884.5750122070312,858.5773315429688,35563872,0.0,0.0
2025-04-09,HDFCBANK.NS,882.5,887.5,876.75,882.5,856.5632934570312,22454608,0.0,0.0
2025-04-11,HDFCBANK.NS,887.375,909.7000122070312,887.375,903.375,876.8247680664062,32775766,0.0,0.0
2025-04-15,HDFCBANK.NS,932.5,938.4000244140624,927.5,932.4500122070312,905.0452270507812,49298344,0.0,0.0
2025-04-16,HDFCBANK.NS,941.9000244140624,941.9000244140624,930.25,939.0,911.4027099609376,19136820,0.0,0.0
2025-04-17,HDFCBANK.NS,941.0,959.8499755859376,938.3499755859376,953.3499755859376,925.3309326171876,35703084,0.0,0.0
2025-04-21,HDFCBANK.NS,962.0,975.3499755859376,955.0,963.5499877929688,935.2311401367188,34247298,0.0,0.0
2025-04-22,HDFCBANK.NS,967.5,985.2999877929688,967.5,980.8499755859376,952.0227661132812,45961750,0.0,0.0
2025-04-23,HDFCBANK.NS,989.4500122070312,989.4500122070312,960.25,961.9500122070312,933.67822265625,30570642,0.0,0.0
2025-04-24,HDFCBANK.NS,955.0,961.9500122070312,952.5499877929688,958.4000244140624,930.2325439453124,25931754,0.0,0.0
2025-04-25,HDFCBANK.NS,962.4000244140624,966.5,945.9000244140624,955.5999755859376,927.5148315429688,18500878,0.0,0.0
2025-04-28,HDFCBANK.NS,955.5999755859376,964.8499755859376,954.2000122070312,960.0999755859376,931.882568359375,13920492,0.0,0.0
2025-04-29,HDFCBANK.NS,959.4000244140624,964.4000244140624,950.0999755859376,954.4000244140624,926.35009765625,18918308,0.0,0.0
2025-04-30,HDFCBANK.NS,956.5,968.4500122070312,955.1500244140624,962.5,934.2120361328124,31936870,0.0,0.0
2025-05-02,HDFCBANK.NS,964.9000244140624,970.9500122070312,960.0,960.9500122070312,932.7075805664062,17840404,0.0,0.0
2025-05-05,HDFCBANK.NS,969.5,976.0,966.1500244140624,968.4000244140624,939.9386596679688,15068024,0.0,0.0
2025-05-06,HDFCBANK.NS,965.0,970.0499877929688,962.1500244140624,965.8499755859376,937.4635620117188,17490156,0.0,0.0
2025-05-07,HDFCBANK.NS,967.0,974.3499755859376,961.2000122070312,972.7999877929688,944.2093505859376,21420778,0.0,0.0
2025-05-08,HDFCBANK.NS,977.4000244140624,977.4000244140624,959.5499877929688,964.25,935.91064453125,34803430,0.0,0.0
2025-05-09,HDFCBANK.NS,955.0499877929688,959.5,943.4000244140624,944.8499755859376,917.0807495117188,17188796,0.0,0.0
2025-05-12,HDFCBANK.NS,958.7999877929688,979.9500122070312,956.1500244140624,978.5999755859376,949.8388671875,18618972,0.0,0.0
2025-05-13,HDFCBANK.NS,975.0,980.8499755859376,960.0,961.2999877929688,933.0473022460938,24242102,0.0,0.0
2025-05-14,HDFCBANK.NS,961.0499877929688,965.0999755859376,951.5,955.2999877929688,927.2236938476562,15445308,0.0,0.0
2025-05-15,HDFCBANK.NS,956.75,972.4000244140624,948.5,966.9000244140624,938.4827270507812,32241458,0.0,0.0
2025-05-16,HDFCBANK.NS,966.9000244140624,971.9000244140624,964.2000122070312,967.3499755859376,938.9194946289062,15868010,0.0,0.0
2025-05-19,HDFCBANK.NS,968.5,972.5,965.5,969.3499755859376,940.8607177734376,10202964,0.0,0.0
2025-05-20,HDFCBANK.NS,964.0499877929688,967.2999877929688,956.5,957.4500122070312,929.3104858398438,23879090,0.0,0.0
2025-05-21,HDFCBANK.NS,963.5,973.4500122070312,960.5499877929688,963.4000244140624,935.0856323242188,15132040,0.0,0.0
2025-05-22,HDFCBANK.NS,957.5999755859376,962.0999755859376,952.5999755859376,959.9500122070312,931.7369995117188,21306670,0.0,0.0
2025-05-23,HDFCBANK.NS,960.0499877929688,968.5,957.25,966.7999877929688,938.3856811523438,9566072,0.0,0.0
2025-05-26,HDFCBANK.NS,967.5,974.9500122070312,963.4500122070312,970.0999755859376,941.5886840820312,10802860,0.0,0.0
2025-05-27,HDFCBANK.NS,965.7999877929688,974.0,958.1500244140624,963.1500244140624,934.8429565429688,26162148,0.0,0.0
2025-05-28,HDFCBANK.NS,960.0999755859376,967.25,958.8499755859376,961.75,933.4840698242188,18157594,0.0,0.0
2025-05-29,HDFCBANK.NS,964.0,970.4000244140624,953.6500244140624,963.75,935.42529296875,28917794,0.0,0.0
2025-05-30,HDFCBANK.NS,965.9500122070312,974.4000244140624,962.7000122070312,972.4500122070312,943.86962890625,28748078,0.0,0.0
2025-06-02,HDFCBANK.NS,965.0499877929688,968.0,954.0,966.0499877929688,937.65771484375,14668822,0.0,0.0
2025-06-03,HDFCBANK.NS,969.0,976.0,960.0,962.2999877929688,934.0179443359376,24377584,0.0,0.0
2025-06-04,HDFCBANK.NS,960.5,971.6500244140624,960.4500122070312,970.5999755859376,942.073974609375,12961542,0.0,0.0
2025-06-05,HDFCBANK.NS,974.0,979.4500122070312,970.0999755859376,974.7999877929688,946.1505126953124,22255418,0.0,0.0
2025-06-06,HDFCBANK.NS,972.0,998.1500244140624,971.3499755859376,989.3499755859376,960.27294921875,30127008,0.0,0.0
2025-06-09,HDFCBANK.NS,997.5,997.5,987.9500122070312,989.4500122070312,960.3699951171876,13202588,0.0,0.0
2025-06-10,HDFCBANK.NS,991.4000244140624,991.4000244140624,980.5499877929688,982.6500244140624,953.7698974609376,15533126,0.0,0.0
2025-06-11,HDFCBANK.NS,983.7999877929688,983.7999877929688,973.5,975.2000122070312,946.538818359375,11096394,0.0,0.0
2025-06-12,HDFCBANK.NS,975.0,980.5,967.6500244140624,971.7000122070312,943.1417236328124,16349130,0.0,0.0
2025-06-13,HDFCBANK.NS,960.0,966.5,956.5,958.7999877929688,930.6207885742188,12117762,0.0,0.0
2025-06-16,HDFCBANK.NS,962.0,969.4500122070312,960.0499877929688,967.7000122070312,939.2592163085938,16513746,0.0,0.0
2025-06-17,HDFCBANK.NS,968.5,970.7999877929688,959.5499877929688,964.7999877929688,936.4444580078124,16978736,0.0,0.0
2025-06-18,HDFCBANK.NS,958.5,968.1500244140624,958.5,966.9500122070312,938.5313110351562,18433816,0.0,0.0
2025-06-19,HDFCBANK.NS,966.9500122070312,973.4000244140624,962.7999877929688,967.6500244140624,939.210693359375,16876220,0.0,0.0
2025-06-20,HDFCBANK.NS,965.7999877929688,984.9500122070312,965.7999877929688,982.3499755859376,953.4786987304688,32900408,0.0,0.0
2025-06-23,HDFCBANK.NS,974.2000122070312,978.9500122070312,970.9000244140624,974.2000122070312,945.5681762695312,11739518,0.0,0.0
2025-06-24,HDFCBANK.NS,982.5,989.5,977.7999877929688,980.4500122070312,951.634521484375,22625322,0.0,0.0
2025-06-25,HDFCBANK.NS,983.0,991.0,981.9500122070312,990.0999755859376,961.0009155273438,18405932,0.0,0.0
2025-06-26,HDFCBANK.NS,990.7000122070312,1013.5499877929688,990.0,1010.9000244140624,981.1896362304688,50084830,0.0,0.0
2025-06-27,HDFCBANK.NS,1006.5,1009.9000244140624,996.7000122070312,1007.4500122070312,988.5983276367188,28213384,11.0,0.0
2025-06-30,HDFCBANK.NS,1005.75,1006.9000244140624,997.75,1000.75,982.023681640625,13649020,0.0,0.0
2025-07-01,HDFCBANK.NS,1002.5,1008.0,1002.0,1006.0499877929688,987.2244873046876,14389386,0.0,0.0
2025-07-02,HDFCBANK.NS,1009.9500122070312,1009.9500122070312,988.9500122070312,993.0,974.418701171875,18878250,0.0,0.0
2025-07-03,HDFCBANK.NS,997.4500122070312,1004.0,992.1500244140624,993.5499877929688,974.9583740234376,16860506,0.0,0.0
2025-07-04,HDFCBANK.NS,993.5499877929688,1001.75,990.0,994.6500244140624,976.037841796875,7863944,0.0,0.0
2025-07-07,HDFCBANK.NS,994.5,999.2000122070312,991.9000244140624,993.7000122070312,975.1055908203124,11349426,0.0,0.0
2025-07-08,HDFCBANK.NS,988.5,1002.5,988.5,1000.7000122070312,981.974609375,15224316,0.0,0.0
2025-07-09,HDFCBANK.NS,1003.5,1006.9000244140624,999.0499877929688,1005.5999755859376,986.7828979492188,13861428,0.0,0.0
2025-07-10,HDFCBANK.NS,1008.0,1008.5,1000.0,1003.0999755859376,984.3296508789062,17030310,0.0,0.0
2025-07-11,HDFCBANK.NS,999.0,1002.4000244140624,990.4500122070312,991.8499755859376,973.2901611328124,12516922,0.0,0.0
2025-07-14,HDFCBANK.NS,991.5,994.3499755859376,985.2999877929688,991.5,972.94677734375,13088850,0.0,0.0
2025-07-15,HDFCBANK.NS,986.5,1001.7999877929688,986.5,997.75,979.079833984375,14498168,0.0,0.0
2025-07-16,HDFCBANK.NS,1009.0,1011.3499755859376,996.2999877929688,998.1500244140624,979.4723510742188,17994612,0.0,0.0
2025-07-17,HDFCBANK.NS,1002.0,1002.4000244140624,991.3499755859376,993.4500122070312,974.8602905273438,22529158,0.0,0.0
2025-07-18,HDFCBANK.NS,993.4500122070312,998.5,976.5,978.7000122070312,960.3862915039062,16129446,0.0,0.0
2025-07-21,HDFCBANK.NS,989.0999755859376,1001.0,988.25,1000.25,981.5330200195312,22309078,0.0,0.0
2025-07-22,HDFCBANK.NS,1006.5499877929688,1009.0,1001.5,1003.5499877929688,984.771240234375,14836814,0.0,0.0
2025-07-23,HDFCBANK.NS,1005.5,1014.9000244140624,1001.5,1012.1500244140624,993.2103881835938,13634916,0.0,0.0
2025-07-24,HDFCBANK.NS,1018.8499755859376,1018.8499755859376,1004.2000122070312,1007.0999755859376,988.2548217773438,19107176,0.0,0.0
2025-07-25,HDFCBANK.NS,1007.5,1007.5,999.5,1002.2999877929688,985.9922485351562,9306598,2.5,0.0
2025-07-28,HDFCBANK.NS,1001.5,1010.7000122070312,1000.25,1004.25,987.9105224609376,12059580,0.0,0.0
2025-07-29,HDFCBANK.NS,999.9500122070312,1013.25,998.1500244140624,1010.7999877929688,994.3539428710938,19895696,0.0,0.0
2025-07-30,HDFCBANK.NS,1014.0,1016.2999877929688,1008.5,1012.9000244140624,996.4197998046876,15154036,0.0,0.0
2025-07-31,HDFCBANK.NS,1007.2999877929688,1015.7000122070312,1004.0,1009.0999755859376,992.6815795898438,22183032,0.0,0.0
2025-08-01,HDFCBANK.NS,1007.0,1014.1500244140624,1004.6500244140624,1006.0999755859376,989.7304077148438,11317258,0.0,0.0
2025-08-04,HDFCBANK.NS,1005.0499877929688,1009.25,994.0499877929688,996.0,979.7947387695312,13933946,0.0,0.0
2025-08-05,HDFCBANK.NS,993.25,997.2000122070312,982.75,988.7999877929688,972.7118530273438,23978058,0.0,0.0
2025-08-06,HDFCBANK.NS,985.5499877929688,994.0,985.0,992.6500244140624,976.499267578125,14080204,0.0,0.0
2025-08-07,HDFCBANK.NS,990.0499877929688,1000.7999877929688,988.4000244140624,997.7000122070312,981.4671020507812,13081186,0.0,0.0
2025-08-08,HDFCBANK.NS,993.5499877929688,996.4000244140624,985.0,986.9500122070312,970.8920288085938,13895264,0.0,0.0
2025-08-11,HDFCBANK.NS,987.9500122070312,998.7999877929688,986.5499877929688,997.7999877929688,981.5654296875,9105854,0.0,0.0
2025-08-12,HDFCBANK.NS,995.9500122070312,998.0,983.75,984.9500122070312,968.924560546875,12937802,0.0,0.0
2025-08-13,HDFCBANK.NS,997.0,997.0,984.5499877929688,990.1500244140624,974.0399169921876,13577396,0.0,0.0
2025-08-14,HDFCBANK.NS,989.0,998.0,985.5999755859376,995.5499877929688,979.35205078125,17511716,0.0,0.0
2025-08-18,HDFCBANK.NS,1005.0,1013.2999877929688,997.7999877929688,1001.7999877929688,985.5003662109376,19284796,0.0,0.0
2025-08-19,HDFCBANK.NS,999.1500244140624,1003.0499877929688,993.3499755859376,995.5499877929688,979.35205078125,12352438,0.0,0.0
2025-08-20,HDFCBANK.NS,993.5,996.0,989.5,994.0999755859376,977.9256591796876,9950228,0.0,0.0
2025-08-21,HDFCBANK.NS,998.75,998.75,991.5999755859376,995.5999755859376,979.4012451171876,12439850,0.0,0.0
2025-08-22,HDFCBANK.NS,994.9500122070312,998.0,978.5499877929688,982.2999877929688,966.317626953125,19833502,0.0,0.0
2025-08-25,HDFCBANK.NS,980.0999755859376,988.7000122070312,978.5,982.0499877929688,966.0717163085938,17518044,0.0,0.0
2025-08-26,HDFCBANK.NS,979.5,985.7000122070312,968.0,973.4000244140624,957.5625,16917731,0.0,2.0
2025-08-28,HDFCBANK.NS,967.0,972.2000122070312,955.0,957.7999877929688,942.2162475585938,25438255,0.0,0.0
2025-08-29,HDFCBANK.NS,954.0,963.2999877929688,950.0999755859376,951.5999755859376,936.1171264648438,14823813,0.0,0.0
2025-09-01,HDFCBANK.NS,949.5999755859376,957.4500122070312,946.3499755859376,950.5999755859376,935.1333618164062,20178344,0.0,0.0
2025-09-02,HDFCBANK.NS,951.0,954.7999877929688,944.0,944.5,929.1326904296876,14196320,0.0,0.0
2025-09-03,HDFCBANK.NS,945.0,956.2999877929688,940.0,954.4500122070312,938.9207763671876,16083481,0.0,0.0
2025-09-04,HDFCBANK.NS,960.2000122070312,965.7000122070312,956.25,961.25,945.610107421875,17597657,0.0,0.0
2025-09-05,HDFCBANK.NS,967.5,967.5,954.0499877929688,963.4000244140624,947.7251586914062,11602111,0.0,0.0
2025-09-08,HDFCBANK.NS,969.0,973.1500244140624,960.4500122070312,966.0,950.2828369140624,11711307,0.0,0.0
2025-09-09,HDFCBANK.NS,974.0,974.4000244140624,962.7000122070312,965.1500244140624,949.4467163085938,13985539,0.0,0.0
2025-09-10,HDFCBANK.NS,973.9000244140624,973.9000244140624,961.7000122070312,965.9000244140624,950.1845092773438,18091100,0.0,0.0
2025-09-11,HDFCBANK.NS,960.2999877929688,969.25,959.9000244140624,967.7999877929688,952.0535278320312,15113633,0.0,0.0
2025-09-12,HDFCBANK.NS,969.9000244140624,970.75,962.25,967.2999877929688,951.5617065429688,14363519,0.0,0.0
2025-09-15,HDFCBANK.NS,969.5999755859376,972.3499755859376,965.0,967.0499877929688,951.3157348632812,14486377,0.0,0.0
2025-09-16,HDFCBANK.NS,961.2000122070312,969.3499755859376,961.2000122070312,966.8499755859376,951.1190185546876,18661794,0.0,0.0
2025-09-17,HDFCBANK.NS,965.1500244140624,974.4000244140624,964.3499755859376,966.5,950.7747192382812,17361476,0.0,0.0
2025-09-18,HDFCBANK.NS,973.2999877929688,979.6500244140624,969.25,976.9000244140624,961.0055541992188,17791598,0.0,0.0
2025-09-19,HDFCBANK.NS,974.9000244140624,976.7000122070312,962.0999755859376,966.9000244140624,951.168212890625,31243267,0.0,0.0
2025-09-22,HDFCBANK.NS,964.0,971.2000122070312,961.9500122070312,964.2000122070312,948.5121459960938,10854415,0.0,0.0
2025-09-23,HDFCBANK.NS,967.0,968.2000122070312,955.5,957.2000122070312,941.6260375976562,21022298,0.0,0.0
2025-09-24,HDFCBANK.NS,952.2000122070312,956.4500122070312,943.0,951.0499877929688,935.5761108398438,15117220,0.0,0.0
2025-09-25,HDFCBANK.NS,952.5,958.0,947.4000244140624,949.8499755859376,934.3955688476562,31413279,0.0,0.0
2025-09-26,HDFCBANK.NS,945.0999755859376,951.4500122070312,941.2999877929688,945.0499877929688,929.6737060546876,14874656,0.0,0.0
2025-09-29,HDFCBANK.NS,946.0499877929688,956.7999877929688,939.0999755859376,950.2999877929688,934.8382568359376,32398179,0.0,0.0
2025-09-30,HDFCBANK.NS,958.0499877929688,960.0,946.2999877929688,951.0,935.5269165039062,28296687,0.0,0.0
2025-10-01,HDFCBANK.NS,952.7000122070312,969.5999755859376,946.0,965.25,949.5450439453124,25350832,0.0,0.0
2025-10-03,HDFCBANK.NS,952.0,966.75,952.0,965.1500244140624,949.4467163085938,26658296,0.0,0.0
2025-10-06,HDFCBANK.NS,971.9000244140624,977.4000244140624,962.0,973.4500122070312,957.6116333007812,18542683,0.0,0.0
2025-10-07,HDFCBANK.NS,974.0,989.8499755859376,971.0,982.5,966.514404296875,25535736,0.0,0.0
2025-10-08,HDFCBANK.NS,976.0,985.9000244140624,974.5499877929688,978.7000122070312,962.7762451171876,15939710,0.0,0.0
2025-10-09,HDFCBANK.NS,974.5,979.0,970.1500244140624,977.0999755859376,961.2022094726562,15370950,0.0,0.0
2025-10-10,HDFCBANK.NS,979.0,986.2000122070312,978.0999755859376,980.9000244140624,964.9404296875,13757080,0.0,0.0
2025-10-13,HDFCBANK.NS,974.2999877929688,981.0,972.0,977.0,961.1038818359376,18634254,0.0,0.0
2025-10-14,HDFCBANK.NS,970.0,980.4500122070312,967.0,977.1500244140624,961.25146484375,22934382,0.0,0.0
2025-10-15,HDFCBANK.NS,975.0,984.9000244140624,973.3499755859376,978.25,962.3335571289062,23310447,0.0,0.0
2025-10-16,HDFCBANK.NS,982.6500244140624,996.5999755859376,981.5,994.3499755859376,978.1715698242188,22936566,0.0,0.0
2025-10-17,HDFCBANK.NS,993.9500122070312,1009.0,986.0,1002.5499877929688,986.2381591796876,25210511,0.0,0.0
2025-10-20,HDFCBANK.NS,997.0,1020.0,997.0,1002.9500122070312,986.6316528320312,22195202,0.0,0.0
2025-10-21,HDFCBANK.NS,1006.0,1010.0,1004.0,1007.7000122070312,991.3043823242188,3471600,0.0,0.0
2025-10-23,HDFCBANK.NS,1016.0,1020.5,1006.0,1008.7999877929688,992.386474609375,43526526,0.0,0.0
2025-10-24,HDFCBANK.NS,1011.0,1011.9500122070312,991.2999877929688,994.75,978.5650634765624,17707768,0.0,0.0
2025-10-27,HDFCBANK.NS,996.5,1009.0499877929688,996.2000122070312,1002.9500122070312,986.6316528320312,15700796,0.0,0.0
2025-10-28,HDFCBANK.NS,997.6500244140624,1008.0,995.0,1003.5499877929688,987.2218627929688,33904289,0.0,0.0
2025-10-29,HDFCBANK.NS,1004.9000244140624,1012.5,1000.0,1007.8499755859376,991.451904296875,17769445,0.0,0.0
2025-10-30,HDFCBANK.NS,1000.0,1009.5,997.0999755859376,998.1500244140624,981.9097900390624,19962917,0.0,0.0
2025-10-31,HDFCBANK.NS,994.0,1004.4500122070312,981.1500244140624,987.2999877929688,971.2362670898438,23221330,0.0,0.0
2025-11-03,HDFCBANK.NS,985.0,994.5499877929688,983.2999877929688,992.6500244140624,976.499267578125,16607180,0.0,0.0
2025-11-04,HDFCBANK.NS,987.0,997.0,983.7000122070312,985.25,969.2196655273438,20024544,0.0,0.0
2025-11-06,HDFCBANK.NS,981.0,991.0499877929688,974.0,984.6500244140624,968.6294555664062,22279516,0.0,0.0
2025-11-07,HDFCBANK.NS,980.0,984.9000244140624,974.75,982.2999877929688,966.317626953125,15004568,0.0,0.0
2025-11-10,HDFCBANK.NS,982.2999877929688,990.9500122070312,980.2000122070312,984.5,968.4818725585938,15988262,0.0,0.0
2025-11-11,HDFCBANK.NS,983.5,993.5,978.0,991.7000122070312,975.564697265625,10200530,0.0,0.0
2025-11-12,HDFCBANK.NS,998.7999877929688,999.0,987.7000122070312,989.5,973.4005126953124,13137263,0.0,0.0
2025-11-13,HDFCBANK.NS,984.0,990.0999755859376,982.5999755859376,986.6500244140624,970.596923828125,14124839,0.0,0.0
2025-11-14,HDFCBANK.NS,976.0499877929688,991.6500244140624,976.0499877929688,989.5999755859376,973.4988403320312,21386965,0.0,0.0
2025-11-17,HDFCBANK.NS,991.25,997.9500122070312,985.5999755859376,996.5499877929688,980.3357543945312,18396408,0.0,0.0
2025-11-18,HDFCBANK.NS,997.6500244140624,999.0,990.0,992.4500122070312,976.302490234375,20002640,0.0,0.0
2025-11-19,HDFCBANK.NS,990.0,996.5499877929688,984.0,994.5999755859376,978.41748046875,19813847,0.0,0.0
2025-11-20,HDFCBANK.NS,995.2999877929688,1011.5999755859376,992.4500122070312,1008.8499755859376,992.4356689453124,19850865,0.0,0.0
2025-11-21,HDFCBANK.NS,1003.0999755859376,1008.2999877929688,996.5499877929688,998.0499877929688,981.8114013671876,17499897,0.0,0.0
2025-11-24,HDFCBANK.NS,1000.0,1011.4500122070312,993.5999755859376,999.1500244140624,982.8934936523438,32204053,0.0,0.0
2025-11-25,HDFCBANK.NS,1004.0,1006.0999755859376,988.4000244140624,989.7999877929688,973.6956176757812,24989383,0.0,0.0
2025-11-26,HDFCBANK.NS,981.2999877929688,1006.9500122070312,981.2999877929688,1003.9000244140624,987.5662231445312,19494356,0.0,0.0
2025-11-27,HDFCBANK.NS,1002.0999755859376,1016.7999877929688,1001.0,1009.5,993.0750732421876,25536848,0.0,0.0
2025-11-28,HDFCBANK.NS,1007.0,1012.0499877929688,1004.2000122070312,1007.5999755859376,991.2059936523438,15988807,0.0,0.0
2025-12-01,HDFCBANK.NS,1017.5,1017.5,999.2999877929688,1002.0999755859376,985.7954711914062,16746566,0.0,0.0
2025-12-02,HDFCBANK.NS,988.0,994.4000244140624,985.0,989.7999877929688,973.6956176757812,27316662,0.0,0.0
2025-12-03,HDFCBANK.NS,986.0,1002.2999877929688,986.0,1000.5,984.2214965820312,15448777,0.0,0.0
2025-12-04,HDFCBANK.NS,1000.0,1004.7000122070312,993.0,997.2000122070312,980.9752197265624,14528169,0.0,0.0
2025-12-05,HDFCBANK.NS,992.0,1008.0,990.2000122070312,1003.2999877929688,986.9759521484376,12843366,0.0,0.0
2025-12-08,HDFCBANK.NS,1000.0,1006.5,997.5,1003.0999755859376,986.7791748046876,12901022,0.0,0.0
2025-12-09,HDFCBANK.NS,994.9000244140624,1002.7999877929688,994.0,997.0999755859376,980.8768310546876,15294322,0.0,0.0
2025-12-10,HDFCBANK.NS,997.5,998.5,985.2999877929688,989.7999877929688,973.6956176757812,15322830,0.0,0.0
2025-12-11,HDFCBANK.NS,990.0,1002.7000122070312,988.5,1000.2999877929688,984.0247802734376,11844809,0.0,0.0
2025-12-12,HDFCBANK.NS,1003.0,1004.7000122070312,998.2000122070312,1001.5,985.2052612304688,11988618,0.0,0.0
2025-12-15,HDFCBANK.NS,992.0,1001.7999877929688,992.0,996.0999755859376,979.89306640625,9790060,0.0,0.0
2025-12-16,HDFCBANK.NS,990.0999755859376,998.7000122070312,990.0999755859376,994.2999877929688,978.1223754882812,20049088,0.0,0.0
2025-12-17,HDFCBANK.NS,996.0,996.0,980.7999877929688,984.0,967.989990234375,19080922,0.0,0.0
2025-12-18,HDFCBANK.NS,973.2999877929688,987.4000244140624,973.2999877929688,979.7000122070312,963.7599487304688,14912404,0.0,0.0
2025-12-19,HDFCBANK.NS,987.0,988.0,978.7000122070312,985.5,969.465576171875,25952384,0.0,0.0
2025-12-22,HDFCBANK.NS,988.0,992.9000244140624,983.9000244140624,987.7000122070312,971.6298217773438,13540411,0.0,0.0
2025-12-23,HDFCBANK.NS,990.5,998.9000244140624,987.7000122070312,996.5999755859376,980.3849487304688,17927849,0.0,0.0
2025-12-24,HDFCBANK.NS,993.0,999.4000244140624,993.0,997.2000122070312,980.9752197265624,13699996,0.0,0.0
2025-12-26,HDFCBANK.NS,996.0,997.2000122070312,987.7000122070312,992.0999755859376,975.9581909179688,9360853,0.0,0.0
2025-12-29,HDFCBANK.NS,993.0999755859376,997.4000244140624,987.2000122070312,991.7000122070312,975.564697265625,13545749,0.0,0.0
2025-12-30,HDFCBANK.NS,990.2000122070312,995.0,982.2000122070312,990.9000244140624,974.7777709960938,33155849,0.0,0.0
2025-12-31,HDFCBANK.NS,991.0,997.5999755859376,987.5999755859376,991.2000122070312,975.0728759765624,10963454,0.0,0.0
2026-01-01,HDFCBANK.NS,993.5,997.5499877929688,989.5,991.1500244140624,975.023681640625,7132074,0.0,0.0
2026-01-02,HDFCBANK.NS,991.1500244140624,1003.2000122070312,988.7999877929688,1001.5999755859376,985.3035888671876,11751459,0.0,0.0
2026-01-05,HDFCBANK.NS,1005.75,1006.4000244140624,976.2999877929688,977.5,961.5957641601562,27647379,0.0,0.0
2026-01-06,HDFCBANK.NS,962.7000122070312,966.7000122070312,956.0,962.2000122070312,946.544677734375,31988783,0.0,0.0
2026-01-07,HDFCBANK.NS,956.0,956.4500122070312,946.0,949.0499877929688,933.608642578125,52884712,0.0,0.0
2026-01-08,HDFCBANK.NS,944.7000122070312,953.0,941.4000244140624,946.7000122070312,931.296875,21928849,0.0,0.0
2026-01-09,HDFCBANK.NS,945.0,950.5999755859376,933.2999877929688,939.0,923.72216796875,38183839,0.0,0.0
2026-01-12,HDFCBANK.NS,937.5,942.0,929.5999755859376,936.9500122070312,921.7055053710938,21071666,0.0,0.0
2026-01-13,HDFCBANK.NS,947.7000122070312,947.7000122070312,932.5999755859376,937.3499755859376,922.0989990234376,32042827,0.0,0.0
2026-01-14,HDFCBANK.NS,930.0,940.0499877929688,920.2000122070312,925.4500122070312,910.3926391601562,36688248,0.0,0.0
2026-01-16,HDFCBANK.NS,922.0,935.9500122070312,919.2000122070312,931.0999755859376,915.95068359375,37780235,0.0,0.0
2026-01-19,HDFCBANK.NS,935.9000244140624,936.1500244140624,919.5,927.9000244140624,912.8027954101562,38191942,0.0,0.0
2026-01-20,HDFCBANK.NS,929.2999877929688,934.5,919.5999755859376,931.2000122070312,916.049072265625,36022727,0.0,0.0
2026-01-21,HDFCBANK.NS,925.0,932.1500244140624,915.5,920.3499755859376,905.3755493164062,32766854,0.0,0.0
2026-01-22,HDFCBANK.NS,928.0,928.2999877929688,913.2000122070312,918.7000122070312,903.75244140625,44444755,0.0,0.0
2026-01-23,HDFCBANK.NS,920.0,926.0999755859376,909.25,916.0999755859376,901.1947021484376,30985247,0.0,0.0
2026-01-27,HDFCBANK.NS,906.0,931.2000122070312,905.0,926.4000244140624,911.3272094726562,44753093,0.0,0.0
2026-01-28,HDFCBANK.NS,932.5,941.4500122070312,928.4000244140624,932.7000122070312,917.524658203125,35347138,0.0,0.0
2026-01-29,HDFCBANK.NS,930.0999755859376,939.2999877929688,924.3499755859376,935.5,920.2791137695312,37175628,0.0,0.0
2026-01-30,HDFCBANK.NS,930.0,938.9000244140624,927.75,929.25,914.1307983398438,29691233,0.0,0.0
2026-02-02,HDFCBANK.NS,915.0,929.7999877929688,909.2999877929688,928.0999755859376,912.9994506835938,28032106,0.0,0.0
2026-02-03,HDFCBANK.NS,983.75,994.0,945.0,948.7000122070312,933.2643432617188,50336968,0.0,0.0
2026-02-04,HDFCBANK.NS,952.5,957.2000122070312,947.9500122070312,953.0999755859376,937.5927124023438,24366770,0.0,0.0
2026-02-05,HDFCBANK.NS,956.0,956.0499877929688,946.7000122070312,949.7000122070312,934.248046875,28103169,0.0,0.0
2026-02-06,HDFCBANK.NS,945.0,948.0999755859376,937.5999755859376,941.0999755859376,925.7879638671876,18120272,0.0,0.0
2026-02-09,HDFCBANK.NS,945.0,950.0,935.3499755859376,937.25,922.0006103515624,23947829,0.0,0.0
2026-02-10,HDFCBANK.NS,930.0,940.9000244140624,929.9500122070312,932.4000244140624,917.2295532226562,31525385,0.0,0.0
2026-02-11,HDFCBANK.NS,931.25,936.0,925.2999877929688,927.0999755859376,912.0157470703124,24869804,0.0,0.0
2026-02-12,HDFCBANK.NS,927.0,928.5999755859376,918.5,920.5999755859376,905.6215209960938,33872203,0.0,0.0
2026-02-13,HDFCBANK.NS,913.0,928.2000122070312,901.0,903.9000244140624,889.1932373046875,50188359,0.0,0.0
2026-02-16,HDFCBANK.NS,903.9000244140624,929.5,902.0999755859376,925.7999877929688,910.7368774414062,18806989,0.0,0.0
2026-02-17,HDFCBANK.NS,923.0,928.0999755859376,918.5999755859376,925.7000122070312,910.6385498046876,22599629,0.0,0.0
2026-02-18,HDFCBANK.NS,923.2000122070312,925.5,919.5499877929688,924.7000122070312,909.6548461914062,12738702,0.0,0.0
2026-02-19,HDFCBANK.NS,929.0,929.2000122070312,912.4500122070312,915.5999755859376,900.702880859375,21209234,0.0,0.0
2026-02-20,HDFCBANK.NS,911.0,917.8499755859376,908.4000244140624,911.8499755859376,897.0138549804688,22654907,0.0,0.0
2026-02-23,HDFCBANK.NS,916.5,925.6500244140624,915.25,923.5999755859376,908.5726928710938,23270122,0.0,0.0
2026-02-24,HDFCBANK.NS,927.9500122070312,927.9500122070312,909.1500244140624,910.5,895.6858520507812,31313985,0.0,0.0
2026-02-25,HDFCBANK.NS,910.5499877929688,916.0,903.0999755859376,907.5999755859376,892.8330078125,27884303,0.0,0.0
2026-02-26,HDFCBANK.NS,912.0,912.0,895.0,898.5999755859375,883.9794311523438,41165937,0.0,0.0
2026-02-27,HDFCBANK.NS,898.5999755859375,898.9500122070312,885.0,887.75,873.3060302734375,34620755,0.0,0.0
2026-03-02,HDFCBANK.NS,876.2000122070312,887.75,871.5499877929688,879.4000244140625,865.0918579101562,38378924,0.0,0.0
2026-03-04,HDFCBANK.NS,848.0,879.2999877929688,848.0,868.6500244140625,854.5167846679688,39862322,0.0,0.0
2026-03-05,HDFCBANK.NS,873.8499755859375,881.4000244140625,863.5,877.75,863.4686889648438,31324582,0.0,0.0
2026-03-06,HDFCBANK.NS,868.0499877929688,871.7000122070312,855.0999755859375,857.0499877929688,843.10546875,34439647,0.0,0.0
2026-03-09,HDFCBANK.NS,825.0,842.4500122070312,821.5,840.7000122070312,827.0215454101562,35592613,0.0,0.0
2026-03-10,HDFCBANK.NS,850.0499877929688,856.7999877929688,840.5999755859375,849.4500122070312,835.629150390625,52866024,0.0,0.0
2026-03-11,HDFCBANK.NS,845.0,848.8499755859375,827.5999755859375,833.9500122070312,820.38134765625,42261076,0.0,0.0
2026-03-12,HDFCBANK.NS,820.0999755859375,836.4000244140625,820.0999755859375,832.75,819.2008666992188,46107561,0.0,0.0
2026-03-13,HDFCBANK.NS,820.0,823.7999877929688,812.0,817.0,803.7071533203125,41700464,0.0,0.0
2026-03-16,HDFCBANK.NS,817.0,844.5,815.6500244140625,840.5999755859375,826.9231567382812,52182605,0.0,0.0
2026-03-17,HDFCBANK.NS,847.7000122070312,848.9000244140625,835.0999755859375,845.3499755859375,831.5958251953125,38826979,0.0,0.0
2026-03-18,HDFCBANK.NS,845.3499755859375,846.7999877929688,831.5999755859375,843.0499877929688,829.333251953125,23507063,0.0,0.0
2026-03-19,HDFCBANK.NS,770.0,815.6500244140625,770.0,798.2000122070312,785.2130126953125,171637393,0.0,0.0
2026-03-20,HDFCBANK.NS,785.0,793.75,778.2000122070312,780.4500122070312,767.7518310546875,103129469,0.0,0.0
2026-03-23,HDFCBANK.NS,763.1500244140625,768.7000122070312,741.0499877929688,744.1500244140625,732.04248046875,72341738,0.0,0.0
2026-03-24,HDFCBANK.NS,755.0,772.75,747.7000122070312,764.9000244140625,752.454833984375,61269986,0.0,0.0
2026-03-25,HDFCBANK.NS,768.2000122070312,794.7999877929688,768.2000122070312,782.2999877929688,769.5717163085938,59230640,0.0,0.0
2026-03-27,HDFCBANK.NS,773.2000122070312,774.9000244140625,754.5499877929688,756.2000122070312,743.8963623046875,65485199,0.0,0.0
2026-03-30,HDFCBANK.NS,745.2000122070312,751.0,726.6500244140625,731.5499877929688,719.6473999023438,103500135,0.0,0.0
2026-04-01,HDFCBANK.NS,743.0,755.9000244140625,739.0999755859375,742.25,730.17333984375,78862761,0.0,0.0
2026-04-02,HDFCBANK.NS,730.0,755.0,726.6500244140625,750.9000244140625,738.6826171875,49310300,0.0,0.0
2026-04-06,HDFCBANK.NS,759.0,772.75,745.0,771.0,758.45556640625,42976659,0.0,0.0
2026-04-07,HDFCBANK.NS,766.0,774.0,761.0,772.0,759.4392700195312,51309793,0.0,0.0
2026-04-08,HDFCBANK.NS,800.0,817.7999877929688,796.0,816.0999755859375,802.82177734375,70269512,0.0,0.0
2026-04-09,HDFCBANK.NS,815.0,819.0,793.0999755859375,797.7000122070312,784.72119140625,48879392,0.0,0.0
2026-04-10,HDFCBANK.NS,804.0,812.25,801.0,810.2999877929688,797.1161499023438,38156026,0.0,0.0
2026-04-13,HDFCBANK.NS,791.5,798.5,787.3499755859375,794.7000122070312,781.7699584960938,47549328,0.0,0.0
2026-04-15,HDFCBANK.NS,804.9500122070312,814.7999877929688,804.0,809.9000244140625,796.72265625,39769515,0.0,0.0
2026-04-16,HDFCBANK.NS,818.0,820.0499877929688,792.2000122070312,795.4500122070312,782.5077514648438,62861293,0.0,0.0
2026-04-17,HDFCBANK.NS,790.0999755859375,803.9500122070312,788.2000122070312,799.9000244140625,786.8853759765625,37282544,0.0,0.0
2026-04-20,HDFCBANK.NS,797.0999755859375,809.9500122070312,790.0,795.4500122070312,782.5077514648438,52148044,0.0,0.0
2026-04-21,HDFCBANK.NS,795.2000122070312,814.9000244140625,795.2000122070312,811.75,798.5425415039062,49135752,0.0,0.0
2026-04-22,HDFCBANK.NS,810.0,813.0499877929688,798.0,799.9000244140625,786.8853759765625,23876412,0.0,0.0
2026-04-23,HDFCBANK.NS,792.0,796.6500244140625,782.5,784.3499755859375,771.5883178710938,37677616,0.0,0.0
2026-04-24,HDFCBANK.NS,777.2999877929688,787.5999755859375,777.0,784.8499755859375,772.0802001953125,27720358,0.0,0.0
2026-04-27,HDFCBANK.NS,787.5,793.0,785.0,789.7999877929688,776.9496459960938,18115375,0.0,0.0
2026-04-28,HDFCBANK.NS,785.0,794.5,778.2999877929688,782.5499877929688,769.817626953125,35366803,0.0,0.0
2026-04-29,HDFCBANK.NS,785.5,790.0,777.3499755859375,779.0,766.3253784179688,25799963,0.0,0.0
2026-04-30,HDFCBANK.NS,770.0,778.7999877929688,762.25,771.7000122070312,759.1441650390625,47998755,0.0,0.0
2026-05-04,HDFCBANK.NS,772.5999755859375,786.5999755859375,772.5999755859375,779.4000244140625,766.7189331054688,29028060,0.0,0.0
2026-05-05,HDFCBANK.NS,774.4000244140625,776.9000244140625,763.7000122070312,772.2999877929688,759.734375,38887657,0.0,0.0
2026-05-06,HDFCBANK.NS,775.1500244140625,798.9500122070312,773.5,796.5499877929688,783.58984375,35530831,0.0,0.0
2026-05-07,HDFCBANK.NS,794.0,801.5499877929688,788.5499877929688,796.0499877929688,783.0979614257812,46137553,0.0,0.0
2026-05-08,HDFCBANK.NS,784.0,788.75,777.2000122070312,780.8499755859375,768.145263671875,38016841,0.0,0.0
2026-05-11,HDFCBANK.NS,771.9500122070312,774.8499755859375,761.9000244140625,763.6500244140625,751.2251586914062,41123422,0.0,0.0
2026-05-12,HDFCBANK.NS,756.5999755859375,759.7000122070312,747.7999877929688,750.4500122070312,738.2399291992188,43937132,0.0,0.0
2026-05-13,HDFCBANK.NS,752.0,759.9500122070312,747.3499755859375,749.5999755859375,737.4037475585938,28960919,0.0,0.0
2026-05-14,HDFCBANK.NS,751.0,778.2999877929688,747.0,769.5499877929688,757.0291748046875,50992358,0.0,0.0
2026-05-15,HDFCBANK.NS,773.0,781.9000244140625,765.4000244140625,767.5,755.0125122070312,24347873,0.0,0.0
2026-05-18,HDFCBANK.NS,759.0,774.0999755859375,751.3499755859375,768.6500244140625,756.143798828125,29812079,0.0,0.0
2026-05-19,HDFCBANK.NS,766.7000122070312,770.7999877929688,760.25,762.4500122070312,750.044677734375,40307830,0.0,0.0
2026-05-20,HDFCBANK.NS,759.5999755859375,762.25,755.1500244140625,759.5,747.1427001953125,24013451,0.0,0.0
2026-05-21,HDFCBANK.NS,767.0,768.25,755.1500244140625,759.1500244140625,746.7984008789062,34664725,0.0,0.0
2026-05-22,HDFCBANK.NS,759.1500244140625,775.0,759.1500244140625,766.7999877929688,754.3239135742188,25604071,0.0,0.0
2026-05-25,HDFCBANK.NS,776.0,787.8499755859375,775.2000122070312,786.8499755859375,774.0476684570312,26043952,0.0,0.0
2026-05-26,HDFCBANK.NS,784.0499877929688,790.8499755859375,776.75,778.9000244140625,766.22705078125,31528062,0.0,0.0
2026-05-27,HDFCBANK.NS,769.5,773.9000244140625,756.9000244140625,758.6500244140625,746.3065185546875,63680153,0.0,0.0
2026-05-29,HDFCBANK.NS,746.0499877929688,760.5,737.75,744.5499877929688,732.4359130859375,101299431,0.0,0.0
2026-06-01,HDFCBANK.NS,749.0,752.3499755859375,739.2000122070312,742.7000122070312,730.6160278320312,47996441,0.0,0.0
2026-06-02,HDFCBANK.NS,737.0,753.5999755859375,733.1500244140625,748.25,736.0757446289062,47314447,0.0,0.0
2026-06-03,HDFCBANK.NS,744.4500122070312,756.9000244140625,742.5999755859375,753.6500244140625,741.3878784179688,36109480,0.0,0.0
2026-06-04,HDFCBANK.NS,749.1500244140625,757.2999877929688,745.0,754.2000122070312,741.9288940429688,42673538,0.0,0.0
2026-06-05,HDFCBANK.NS,753.9500122070312,758.7000122070312,744.6500244140625,747.0499877929688,734.8952026367188,22116568,0.0,0.0
2026-06-08,HDFCBANK.NS,738.0,741.5,734.5,738.6500244140625,726.6319580078125,21550700,0.0,0.0
2026-06-09,HDFCBANK.NS,739.4500122070312,743.9500122070312,732.2999877929688,738.3499755859375,726.3367919921875,38539563,0.0,0.0
2026-06-10,HDFCBANK.NS,736.5,755.9500122070312,736.4000244140625,746.8499755859375,734.698486328125,44458159,0.0,0.0
2026-06-11,HDFCBANK.NS,743.0,756.0,740.0999755859375,744.5999755859375,732.485107421875,32632007,0.0,0.0
2026-06-12,HDFCBANK.NS,754.7000122070312,774.4500122070312,753.0999755859375,772.4500122070312,759.8819580078125,36088159,0.0,0.0
2026-06-15,HDFCBANK.NS,790.0,793.5,775.5999755859375,777.3499755859375,764.7022094726562,39990334,0.0,0.0
2026-06-16,HDFCBANK.NS,780.5,787.7000122070312,779.4500122070312,784.9000244140625,772.1294555664062,27820970,0.0,0.0
2026-06-17,HDFCBANK.NS,787.6500244140625,794.2999877929688,783.0999755859375,787.0999755859375,774.2935791015625,32405604,0.0,0.0
2026-06-18,HDFCBANK.NS,786.5,802.9500122070312,786.2000122070312,799.0,786.0,41492071,0.0,0.0
2026-06-19,HDFCBANK.NS,788.7000122070312,789.0499877929688,776.2000122070312,779.7999877929688,779.7999877929688,33798761,13.0,0.0
2026-06-22,HDFCBANK.NS,789.9000244140625,789.9000244140625,783.0999755859375,786.4000244140625,786.4000244140625,25194765,0.0,0.0
2026-06-23,HDFCBANK.NS,783.0499877929688,790.9000244140625,772.5499877929688,774.6500244140625,774.6500244140625,28289062,0.0,0.0
2026-06-24,HDFCBANK.NS,773.0,794.9000244140625,772.6500244140625,793.2000122070312,793.2000122070312,34701292,0.0,0.0
2026-06-25,HDFCBANK.NS,798.5,804.4500122070312,794.75,796.2999877929688,796.2999877929688,46707966,0.0,0.0
2026-06-29,HDFCBANK.NS,800.0,805.9000244140625,793.2999877929688,798.9000244140625,798.9000244140625,46695977,0.0,0.0
2026-06-30,HDFCBANK.NS,806.0999755859375,806.0999755859375,792.75,797.9500122070312,797.9500122070312,45778356,0.0,0.0
