Date,Ticker,Open,High,Low,Close,Adj Close,Volume,Dividends,Stock Splits
2016-01-04,ICICIBANK.NS,237.2727203369141,237.5909118652344,231.5,232.31817626953125,215.1319274902344,9435792,0.0,0.0
2016-01-05,ICICIBANK.NS,232.9545440673828,234.0909118652344,228.81817626953125,233.36363220214844,216.1000518798828,8966977,0.0,0.0
2016-01-06,ICICIBANK.NS,232.18182373046875,233.4090881347656,226.5454559326172,227.36363220214844,210.54388427734372,17416181,0.0,0.0
2016-01-07,ICICIBANK.NS,224.0,225.18182373046875,221.0,224.31817626953125,207.7237091064453,18240712,0.0,0.0
2016-01-08,ICICIBANK.NS,222.2727203369141,225.2727203369141,221.31817626953125,222.7727203369141,206.2926025390625,14404391,0.0,0.0
2016-01-11,ICICIBANK.NS,219.9090881347656,221.72726440429688,216.4090881347656,217.68182373046875,201.57830810546875,14208668,0.0,0.0
2016-01-12,ICICIBANK.NS,219.0909118652344,219.86363220214844,214.18182373046875,215.22726440429688,199.3053131103516,11895899,0.0,0.0
2016-01-13,ICICIBANK.NS,216.18182373046875,220.81817626953125,210.0909118652344,217.72726440429688,201.6204071044922,18215710,0.0,0.0
2016-01-14,ICICIBANK.NS,212.9090881347656,218.0,210.72726440429688,214.31817626953125,198.46348571777344,14600781,0.0,0.0
2016-01-15,ICICIBANK.NS,214.18182373046875,214.81817626953125,201.5909118652344,204.0454559326172,188.95074462890625,22333902,0.0,0.0
2016-01-18,ICICIBANK.NS,203.81817626953125,207.9090881347656,198.0,202.81817626953125,187.81423950195312,30239009,0.0,0.0
2016-01-19,ICICIBANK.NS,204.22726440429688,210.22726440429688,204.22726440429688,207.9545440673828,192.5706329345703,16222439,0.0,0.0
2016-01-20,ICICIBANK.NS,204.4545440673828,207.18182373046875,200.0909118652344,204.0,188.90866088867188,14353478,0.0,0.0
2016-01-21,ICICIBANK.NS,207.72726440429688,212.2727203369141,203.81817626953125,205.72726440429688,190.5081329345703,15665863,0.0,0.0
2016-01-22,ICICIBANK.NS,211.4545440673828,213.5454559326172,208.9090881347656,211.5909118652344,195.93800354003903,15148522,0.0,0.0
2016-01-25,ICICIBANK.NS,214.5,216.81817626953125,212.9090881347656,214.5909118652344,198.716064453125,17137268,0.0,0.0
2016-01-27,ICICIBANK.NS,216.36363220214844,217.5454559326172,213.36363220214844,215.72726440429688,199.76837158203125,12155561,0.0,0.0
2016-01-28,ICICIBANK.NS,216.86363220214844,217.7727203369141,210.22726440429688,212.0,196.3168182373047,24258166,0.0,0.0
2016-01-29,ICICIBANK.NS,199.0909118652344,213.0,199.0909118652344,209.22726440429688,193.7492218017578,47755494,0.0,0.0
2016-02-01,ICICIBANK.NS,206.36363220214844,206.68182373046875,196.2727203369141,197.4545440673828,182.84739685058597,40395715,0.0,0.0
2016-02-02,ICICIBANK.NS,198.18182373046875,199.72726440429688,190.6363677978516,191.2727203369141,177.12289428710938,31821419,0.0,0.0
2016-02-03,ICICIBANK.NS,188.18182373046875,189.81817626953125,184.1363677978516,185.5,171.7772216796875,23592288,0.0,0.0
2016-02-04,ICICIBANK.NS,187.6363677978516,187.6363677978516,182.2727203369141,185.4090881347656,171.6930389404297,30869158,0.0,0.0
2016-02-05,ICICIBANK.NS,186.81817626953125,191.81817626953125,185.0909118652344,190.36363220214844,176.2810516357422,36189377,0.0,0.0
2016-02-08,ICICIBANK.NS,191.81817626953125,195.9090881347656,187.4090881347656,189.5909118652344,175.56549072265625,19366081,0.0,0.0
2016-02-09,ICICIBANK.NS,185.4545440673828,192.2727203369141,182.5,190.36363220214844,176.2810516357422,20906682,0.0,0.0
2016-02-10,ICICIBANK.NS,184.6363677978516,190.4545440673828,183.6363677978516,188.4090881347656,174.47109985351562,22742128,0.0,0.0
2016-02-11,ICICIBANK.NS,185.22726440429688,188.1363677978516,180.0,181.1363677978516,167.7364044189453,31817116,0.0,0.0
2016-02-12,ICICIBANK.NS,178.72726440429688,180.36363220214844,173.18182373046875,175.9545440673828,162.93789672851562,41775526,0.0,0.0
2016-02-15,ICICIBANK.NS,176.27272033691406,188.4545440673828,176.27272033691406,185.0,171.31419372558594,34130349,0.0,0.0
2016-02-16,ICICIBANK.NS,188.18182373046875,188.18182373046875,177.72726440429688,178.72726440429688,165.5054931640625,20895952,0.0,0.0
2016-02-17,ICICIBANK.NS,178.63636779785156,179.22726440429688,171.68182373046875,173.40908813476562,160.58078002929688,28792115,0.0,0.0
2016-02-18,ICICIBANK.NS,175.90908813476562,180.9090881347656,175.63636779785156,178.31817626953125,165.12667846679688,32260277,0.0,0.0
2016-02-19,ICICIBANK.NS,178.0,183.1363677978516,177.5,180.72726440429688,167.35755920410156,17617480,0.0,0.0
2016-02-22,ICICIBANK.NS,179.5454559326172,183.0,178.59091186523438,180.4090881347656,167.0629119873047,17567788,0.0,0.0
2016-02-23,ICICIBANK.NS,181.2727203369141,181.2727203369141,172.9545440673828,174.5454559326172,161.63302612304688,20001984,0.0,0.0
2016-02-24,ICICIBANK.NS,171.81817626953125,173.81817626953125,168.9545440673828,170.0,157.42384338378906,20654961,0.0,0.0
2016-02-25,ICICIBANK.NS,170.63636779785156,171.81817626953125,165.0454559326172,166.36363220214844,154.05650329589844,38340699,0.0,0.0
2016-02-26,ICICIBANK.NS,167.5454559326172,169.0454559326172,164.31817626953125,168.0,155.5718231201172,24687792,0.0,0.0
2016-02-29,ICICIBANK.NS,168.0,178.09091186523438,165.18182373046875,172.77272033691406,159.99148559570312,43510436,0.0,0.0
2016-03-01,ICICIBANK.NS,177.5,187.68182373046875,177.5,186.31817626953125,172.5348663330078,27223692,0.0,0.0
2016-03-02,ICICIBANK.NS,192.4545440673828,201.2727203369141,191.9090881347656,200.0,185.20452880859372,40766551,0.0,0.0
2016-03-03,ICICIBANK.NS,198.72726440429688,200.2727203369141,194.72726440429688,198.18182373046875,183.5208740234375,22903720,0.0,0.0
2016-03-04,ICICIBANK.NS,201.5909118652344,204.0,199.1363677978516,200.4545440673828,185.62545776367188,24493722,0.0,0.0
2016-03-08,ICICIBANK.NS,199.9545440673828,199.9545440673828,194.81817626953125,197.1363677978516,182.552734375,18883002,0.0,0.0
2016-03-09,ICICIBANK.NS,193.4545440673828,198.0909118652344,190.9545440673828,196.68182373046875,182.13185119628903,17300650,0.0,0.0
2016-03-10,ICICIBANK.NS,198.18182373046875,198.9545440673828,195.0909118652344,195.9090881347656,181.416259765625,13551255,0.0,0.0
2016-03-11,ICICIBANK.NS,193.9545440673828,198.68182373046875,193.2727203369141,194.4090881347656,180.02725219726562,14879621,0.0,0.0
2016-03-14,ICICIBANK.NS,199.0909118652344,202.5454559326172,198.7727203369141,201.5,186.59356689453125,16726756,0.0,0.0
2016-03-15,ICICIBANK.NS,202.5454559326172,204.4090881347656,200.4545440673828,201.22726440429688,186.34103393554688,13475557,0.0,0.0
2016-03-16,ICICIBANK.NS,199.9090881347656,206.72726440429688,198.68182373046875,205.81817626953125,190.59230041503903,17144832,0.0,0.0
2016-03-17,ICICIBANK.NS,209.0909118652344,214.7727203369141,204.5,207.0454559326172,191.72879028320312,32391146,0.0,0.0
2016-03-18,ICICIBANK.NS,207.4545440673828,210.4090881347656,205.5909118652344,209.2727203369141,193.7913055419922,18370981,0.0,0.0
2016-03-21,ICICIBANK.NS,210.5,214.18182373046875,210.4090881347656,213.5,197.7058563232422,14818419,0.0,0.0
2016-03-22,ICICIBANK.NS,213.2727203369141,213.2727203369141,209.6363677978516,212.36363220214844,196.65353393554688,12269251,0.0,0.0
2016-03-23,ICICIBANK.NS,210.4090881347656,213.6363677978516,209.81817626953125,212.9090881347656,197.15866088867188,16987529,0.0,0.0
2016-03-28,ICICIBANK.NS,212.72726440429688,212.72726440429688,203.5454559326172,204.9545440673828,189.7925720214844,20214214,0.0,0.0
2016-03-29,ICICIBANK.NS,203.0,206.31817626953125,202.18182373046875,203.0909118652344,188.06683349609372,20447782,0.0,0.0
2016-03-30,ICICIBANK.NS,207.72726440429688,217.2727203369141,206.18182373046875,215.9090881347656,199.93675231933597,23016348,0.0,0.0
2016-03-31,ICICIBANK.NS,216.5454559326172,219.4090881347656,212.4545440673828,215.1363677978516,199.22116088867188,30614104,0.0,0.0
2016-04-01,ICICIBANK.NS,214.5454559326172,217.68182373046875,211.5454559326172,216.6363677978516,200.61019897460935,15677352,0.0,0.0
2016-04-04,ICICIBANK.NS,218.4090881347656,219.1363677978516,213.31817626953125,217.0454559326172,200.9890289306641,16716587,0.0,0.0
2016-04-05,ICICIBANK.NS,214.9090881347656,215.9090881347656,204.5454559326172,205.0909118652344,189.9188537597656,26547328,0.0,0.0
2016-04-06,ICICIBANK.NS,206.6363677978516,207.2727203369141,200.0909118652344,202.31817626953125,187.3512115478516,19185947,0.0,0.0
2016-04-07,ICICIBANK.NS,202.5454559326172,203.86363220214844,199.22726440429688,200.2727203369141,185.45709228515625,17724531,0.0,0.0
2016-04-08,ICICIBANK.NS,200.5,203.4545440673828,199.5909118652344,201.1363677978516,186.25685119628903,9986871,0.0,0.0
2016-04-11,ICICIBANK.NS,202.0,204.72726440429688,199.18182373046875,204.2727203369141,189.16116333007807,19813955,0.0,0.0
2016-04-12,ICICIBANK.NS,203.9090881347656,209.9090881347656,203.4545440673828,207.9545440673828,192.5706329345703,20594261,0.0,0.0
2016-04-13,ICICIBANK.NS,211.9090881347656,222.0,211.86363220214844,218.7727203369141,202.58853149414065,26283492,0.0,0.0
2016-04-18,ICICIBANK.NS,221.36363220214844,221.7727203369141,213.2727203369141,215.5909118652344,199.64205932617188,17531597,0.0,0.0
2016-04-20,ICICIBANK.NS,217.36363220214844,217.81817626953125,212.81817626953125,216.4090881347656,200.39974975585935,18650423,0.0,0.0
2016-04-21,ICICIBANK.NS,223.86363220214844,234.36363220214844,223.86363220214844,230.0454559326172,213.02734375,36699098,0.0,0.0
2016-04-22,ICICIBANK.NS,232.9545440673828,233.6363677978516,227.4545440673828,229.0909118652344,212.14337158203125,25884500,0.0,0.0
2016-04-25,ICICIBANK.NS,230.0909118652344,232.1363677978516,228.31817626953125,229.9545440673828,212.94314575195312,18121694,0.0,0.0
2016-04-26,ICICIBANK.NS,228.0454559326172,231.5454559326172,224.0909118652344,230.9545440673828,213.86915588378903,30185498,0.0,0.0
2016-04-27,ICICIBANK.NS,228.0909118652344,228.18182373046875,221.1363677978516,222.36363220214844,205.91378784179688,36932788,0.0,0.0
2016-04-28,ICICIBANK.NS,223.0909118652344,225.4545440673828,217.2727203369141,218.2727203369141,202.12551879882807,41386507,0.0,0.0
2016-04-29,ICICIBANK.NS,218.86363220214844,222.18182373046875,210.2727203369141,215.4090881347656,199.47369384765625,71191415,0.0,0.0
2016-05-02,ICICIBANK.NS,206.6363677978516,209.5454559326172,204.9090881347656,206.1363677978516,190.8869781494141,36440547,0.0,0.0
2016-05-03,ICICIBANK.NS,205.22726440429688,209.0909118652344,200.0,201.0,186.1305694580078,29305611,0.0,0.0
2016-05-04,ICICIBANK.NS,198.5909118652344,200.72726440429688,194.0454559326172,194.9545440673828,180.5323486328125,36781786,0.0,0.0
2016-05-05,ICICIBANK.NS,194.81817626953125,199.9090881347656,194.31817626953125,195.1363677978516,180.70074462890625,27512684,0.0,0.0
2016-05-06,ICICIBANK.NS,194.5454559326172,200.22726440429688,193.81817626953125,198.72726440429688,184.0259552001953,22266141,0.0,0.0
2016-05-09,ICICIBANK.NS,199.6363677978516,205.4545440673828,199.18182373046875,204.81817626953125,189.66629028320312,19006901,0.0,0.0
2016-05-10,ICICIBANK.NS,204.9090881347656,206.81817626953125,202.36363220214844,205.0,189.83465576171875,22357177,0.0,0.0
2016-05-11,ICICIBANK.NS,200.0,205.9545440673828,198.81817626953125,203.5909118652344,188.52980041503903,32481385,0.0,0.0
2016-05-12,ICICIBANK.NS,207.72726440429688,211.72726440429688,207.5,210.72726440429688,195.13824462890625,23932051,0.0,0.0
2016-05-13,ICICIBANK.NS,209.5,209.5,203.0909118652344,205.9090881347656,190.67648315429688,23963285,0.0,0.0
2016-05-16,ICICIBANK.NS,207.0,207.0,197.9090881347656,203.4090881347656,188.3614044189453,21535308,0.0,0.0
2016-05-17,ICICIBANK.NS,204.86363220214844,206.81817626953125,202.0454559326172,205.4090881347656,190.21348571777344,18859442,0.0,0.0
2016-05-18,ICICIBANK.NS,202.72726440429688,206.7727203369141,201.6363677978516,205.86363220214844,190.6343994140625,17541869,0.0,0.0
2016-05-19,ICICIBANK.NS,205.86363220214844,207.72726440429688,203.81817626953125,205.0454559326172,189.8767852783203,16422069,0.0,0.0
2016-05-20,ICICIBANK.NS,205.0,205.72726440429688,199.6363677978516,200.0909118652344,185.28872680664065,14666521,0.0,0.0
2016-05-23,ICICIBANK.NS,201.9090881347656,203.5454559326172,200.31817626953125,201.0,186.1305694580078,14239474,0.0,0.0
2016-05-24,ICICIBANK.NS,202.36363220214844,204.72726440429688,201.4545440673828,204.1363677978516,189.03494262695312,10907585,0.0,0.0
2016-05-25,ICICIBANK.NS,206.31817626953125,214.18182373046875,206.0,213.6363677978516,197.8321228027344,20767970,0.0,0.0
2016-05-26,ICICIBANK.NS,214.4545440673828,220.9090881347656,211.81817626953125,219.22726440429688,203.0094451904297,33650773,0.0,0.0
2016-05-27,ICICIBANK.NS,217.2727203369141,225.6363677978516,216.4545440673828,221.0454559326172,204.6931304931641,26582685,0.0,0.0
2016-05-30,ICICIBANK.NS,221.1363677978516,224.18182373046875,217.0909118652344,222.2727203369141,205.82958984375,15860236,0.0,0.0
2016-05-31,ICICIBANK.NS,225.86363220214844,226.36363220214844,219.36363220214844,222.4090881347656,205.95587158203125,18249239,0.0,0.0
2016-06-01,ICICIBANK.NS,221.72726440429688,223.1363677978516,217.36363220214844,218.22726440429688,202.0834197998047,11862710,0.0,0.0
2016-06-02,ICICIBANK.NS,217.36363220214844,220.36363220214844,216.0,219.4090881347656,203.1778259277344,15349530,0.0,0.0
2016-06-03,ICICIBANK.NS,220.81817626953125,224.0,220.0,221.5909118652344,205.1982269287109,16566716,0.0,0.0
2016-06-06,ICICIBANK.NS,221.2727203369141,223.6363677978516,220.0,221.36363220214844,204.98776245117188,11592082,0.0,0.0
2016-06-07,ICICIBANK.NS,223.18182373046875,231.68182373046875,222.4545440673828,231.0,213.91128540039065,25311345,0.0,0.0
2016-06-08,ICICIBANK.NS,232.0,237.4545440673828,229.81817626953125,234.22726440429688,216.8997802734375,25139392,0.0,0.0
2016-06-09,ICICIBANK.NS,233.6363677978516,235.68182373046875,230.18182373046875,231.4090881347656,214.29010009765625,13787240,0.0,0.0
2016-06-10,ICICIBANK.NS,230.0,234.22726440429688,228.6363677978516,229.6363677978516,212.64849853515625,13236448,0.0,0.0
2016-06-13,ICICIBANK.NS,225.81817626953125,225.81817626953125,220.4090881347656,221.5909118652344,205.1982269287109,14297870,0.0,0.0
2016-06-14,ICICIBANK.NS,224.5454559326172,224.9545440673828,222.0909118652344,222.68182373046875,206.20843505859372,11988708,0.0,0.0
2016-06-15,ICICIBANK.NS,223.18182373046875,226.5454559326172,219.6363677978516,225.4090881347656,208.73391723632807,15761615,0.0,0.0
2016-06-16,ICICIBANK.NS,221.5454559326172,221.5454559326172,216.4090881347656,217.31817626953125,205.38323974609372,17042021,4.545455,0.0
2016-06-17,ICICIBANK.NS,219.5,220.18182373046875,213.7727203369141,216.7727203369141,204.86770629882807,15150943,0.0,0.0
2016-06-20,ICICIBANK.NS,212.4090881347656,217.68182373046875,212.4090881347656,216.4545440673828,204.56700134277344,17780316,0.0,0.0
2016-06-21,ICICIBANK.NS,218.4090881347656,219.0909118652344,214.7727203369141,216.22726440429688,204.3522186279297,12191664,0.0,0.0
2016-06-22,ICICIBANK.NS,215.5454559326172,220.31817626953125,214.36363220214844,217.2727203369141,205.3402404785156,13478056,0.0,0.0
2016-06-23,ICICIBANK.NS,217.31817626953125,219.5,214.5909118652344,219.0,206.97265625,7979235,0.0,0.0
2016-06-24,ICICIBANK.NS,208.18182373046875,211.72726440429688,201.0,209.9545440673828,198.42398071289065,33755632,0.0,0.0
2016-06-27,ICICIBANK.NS,208.4545440673828,213.0909118652344,208.4545440673828,211.5454559326172,199.927490234375,13172968,0.0,0.0
2016-06-28,ICICIBANK.NS,209.6363677978516,212.9090881347656,209.0909118652344,211.9545440673828,200.3141326904297,11302737,0.0,0.0
2016-06-29,ICICIBANK.NS,214.4545440673828,216.6363677978516,212.9545440673828,215.1363677978516,203.32122802734372,7959976,0.0,0.0
2016-06-30,ICICIBANK.NS,217.72726440429688,220.72726440429688,217.5454559326172,218.68182373046875,206.67198181152344,16851065,0.0,0.0
2016-07-01,ICICIBANK.NS,219.72726440429688,220.5909118652344,217.7727203369141,218.5,206.5001373291016,9108853,0.0,0.0
2016-07-04,ICICIBANK.NS,221.0,226.31817626953125,219.9090881347656,225.5909118652344,213.20159912109372,10389222,0.0,0.0
2016-07-05,ICICIBANK.NS,228.0,228.2727203369141,222.31817626953125,222.81817626953125,210.5811462402344,10375132,0.0,0.0
2016-07-07,ICICIBANK.NS,222.72726440429688,224.5909118652344,221.81817626953125,222.5909118652344,210.3663482666016,8365966,0.0,0.0
2016-07-08,ICICIBANK.NS,222.2727203369141,222.2727203369141,217.7727203369141,219.9545440673828,207.87478637695312,7658211,0.0,0.0
2016-07-11,ICICIBANK.NS,224.18182373046875,227.9090881347656,224.18182373046875,227.1363677978516,214.6622009277344,9682385,0.0,0.0
2016-07-12,ICICIBANK.NS,228.72726440429688,238.36363220214844,227.9545440673828,237.9090881347656,224.84327697753903,28558549,0.0,0.0
2016-07-13,ICICIBANK.NS,240.22726440429688,243.36363220214844,235.5454559326172,237.4090881347656,224.3707275390625,28248930,0.0,0.0
2016-07-14,ICICIBANK.NS,237.2727203369141,245.0909118652344,236.0454559326172,244.18182373046875,230.7715301513672,14269365,0.0,0.0
2016-07-15,ICICIBANK.NS,245.0,245.31817626953125,239.4545440673828,241.5909118652344,228.32290649414065,11510449,0.0,0.0
2016-07-18,ICICIBANK.NS,241.6363677978516,246.5909118652344,238.68182373046875,239.4545440673828,226.30386352539065,14310274,0.0,0.0
2016-07-19,ICICIBANK.NS,240.9090881347656,245.9090881347656,239.31817626953125,244.68182373046875,231.2440643310547,14880049,0.0,0.0
2016-07-20,ICICIBANK.NS,242.72726440429688,243.81817626953125,241.31817626953125,243.18182373046875,229.8264312744141,7892214,0.0,0.0
2016-07-21,ICICIBANK.NS,242.6363677978516,244.5454559326172,237.5454559326172,238.0909118652344,225.01513671875,12060367,0.0,0.0
2016-07-22,ICICIBANK.NS,238.5,240.36363220214844,235.31817626953125,239.5,226.3468170166016,8537587,0.0,0.0
2016-07-25,ICICIBANK.NS,238.0909118652344,246.31817626953125,237.0454559326172,244.22726440429688,230.814453125,11311554,0.0,0.0
2016-07-26,ICICIBANK.NS,244.0454559326172,245.0,236.4545440673828,237.86363220214844,224.80032348632807,11896758,0.0,0.0
2016-07-27,ICICIBANK.NS,238.9090881347656,248.9090881347656,238.9090881347656,246.0,232.48985290527344,26003949,0.0,0.0
2016-07-28,ICICIBANK.NS,246.2727203369141,249.0909118652344,245.86363220214844,247.2727203369141,233.69265747070312,9781546,0.0,0.0
2016-07-29,ICICIBANK.NS,245.5,246.68182373046875,238.22726440429688,239.0,225.874267578125,21115025,0.0,0.0
2016-08-01,ICICIBANK.NS,232.6363677978516,237.5454559326172,225.6363677978516,226.81817626953125,214.3614654541016,42583051,0.0,0.0
2016-08-02,ICICIBANK.NS,226.7727203369141,226.7727203369141,222.72726440429688,223.0,210.75299072265625,20758831,0.0,0.0
2016-08-03,ICICIBANK.NS,222.4545440673828,224.7727203369141,218.68182373046875,220.0909118652344,208.0036773681641,17910406,0.0,0.0
2016-08-04,ICICIBANK.NS,222.5909118652344,222.7727203369141,215.1363677978516,218.5,206.5001373291016,29931529,0.0,0.0
2016-08-05,ICICIBANK.NS,221.9090881347656,226.0454559326172,221.9090881347656,223.5909118652344,211.31146240234372,16307350,0.0,0.0
2016-08-08,ICICIBANK.NS,223.72726440429688,225.18182373046875,222.31817626953125,222.9545440673828,210.7100067138672,11906856,0.0,0.0
2016-08-09,ICICIBANK.NS,223.0909118652344,225.9090881347656,222.2727203369141,223.0454559326172,210.7959442138672,12642014,0.0,0.0
2016-08-10,ICICIBANK.NS,223.6363677978516,224.1363677978516,216.5,217.5909118652344,205.6409454345703,12527824,0.0,0.0
2016-08-11,ICICIBANK.NS,218.18182373046875,221.22726440429688,215.9545440673828,220.6363677978516,208.51919555664065,9477854,0.0,0.0
2016-08-16,ICICIBANK.NS,223.6363677978516,226.7727203369141,221.68182373046875,225.9545440673828,213.54525756835935,13111524,0.0,0.0
2016-08-17,ICICIBANK.NS,225.5454559326172,228.72726440429688,222.9090881347656,225.0909118652344,212.7290802001953,12875115,0.0,0.0
2016-08-18,ICICIBANK.NS,225.31817626953125,230.72726440429688,225.22726440429688,229.9090881347656,217.28260803222656,20725328,0.0,0.0
2016-08-19,ICICIBANK.NS,230.0,232.4545440673828,228.68182373046875,230.81817626953125,218.14178466796875,14519513,0.0,0.0
2016-08-22,ICICIBANK.NS,231.1363677978516,231.7727203369141,226.0909118652344,229.31817626953125,216.7241668701172,9076842,0.0,0.0
2016-08-23,ICICIBANK.NS,227.68182373046875,229.0909118652344,226.1363677978516,227.4545440673828,214.962890625,10995821,0.0,0.0
2016-08-24,ICICIBANK.NS,227.4545440673828,228.81817626953125,225.31817626953125,225.86363220214844,213.4593505859375,9228359,0.0,0.0
2016-08-25,ICICIBANK.NS,225.4090881347656,227.4545440673828,223.72726440429688,224.5,212.17059326171875,14901359,0.0,0.0
2016-08-26,ICICIBANK.NS,225.6363677978516,226.18182373046875,221.0909118652344,223.0,210.75299072265625,11490424,0.0,0.0
2016-08-29,ICICIBANK.NS,222.72726440429688,229.68182373046875,222.36363220214844,227.72726440429688,215.2206115722656,9206563,0.0,0.0
2016-08-30,ICICIBANK.NS,229.0909118652344,233.5454559326172,229.0909118652344,232.9545440673828,220.16079711914065,15251016,0.0,0.0
2016-08-31,ICICIBANK.NS,233.72726440429688,237.1363677978516,233.6363677978516,234.5454559326172,221.66436767578125,16906022,0.0,0.0
2016-09-01,ICICIBANK.NS,235.22726440429688,240.0,235.22726440429688,237.22726440429688,224.19888305664065,18098850,0.0,0.0
2016-09-02,ICICIBANK.NS,238.6363677978516,240.2727203369141,236.5909118652344,237.5454559326172,224.4996337890625,8034006,0.0,0.0
2016-09-06,ICICIBANK.NS,238.81817626953125,249.0,238.81817626953125,247.9090881347656,234.2940673828125,23274042,0.0,0.0
2016-09-07,ICICIBANK.NS,249.0909118652344,257.9545593261719,247.4090881347656,252.86363220214844,238.97653198242188,35379184,0.0,0.0
2016-09-08,ICICIBANK.NS,253.2727203369141,255.18182373046875,250.5,251.22726440429688,237.4300079345703,13116475,0.0,0.0
2016-09-09,ICICIBANK.NS,249.5909118652344,250.9090881347656,245.5454559326172,249.18182373046875,235.49691772460935,16649877,0.0,0.0
2016-09-12,ICICIBANK.NS,242.72726440429688,244.9545440673828,238.81817626953125,243.81817626953125,230.42784118652344,20617372,0.0,0.0
2016-09-14,ICICIBANK.NS,242.4545440673828,248.9090881347656,242.1363677978516,246.7727203369141,233.2201232910156,16807794,0.0,0.0
2016-09-15,ICICIBANK.NS,247.0,248.86363220214844,243.81817626953125,246.0,232.48985290527344,12135372,0.0,0.0
2016-09-16,ICICIBANK.NS,247.0454559326172,250.5454559326172,242.0909118652344,243.0454559326172,229.6975555419922,32955498,0.0,0.0
2016-09-19,ICICIBANK.NS,243.6363677978516,247.6363677978516,243.4545440673828,246.9090881347656,233.3489990234375,15144399,0.0,0.0
2016-09-20,ICICIBANK.NS,247.18182373046875,249.2727203369141,244.86363220214844,247.36363220214844,233.778564453125,11030397,0.0,0.0
2016-09-21,ICICIBANK.NS,248.0,248.18182373046875,242.68182373046875,245.36363220214844,231.88841247558597,12736748,0.0,0.0
2016-09-22,ICICIBANK.NS,250.9090881347656,252.6363677978516,247.5454559326172,250.4545440673828,236.69973754882807,14886284,0.0,0.0
2016-09-23,ICICIBANK.NS,250.72726440429688,250.7727203369141,245.36363220214844,246.5909118652344,233.0483245849609,17977571,0.0,0.0
2016-09-26,ICICIBANK.NS,244.0909118652344,244.2727203369141,238.0,238.68182373046875,225.5735626220703,15868805,0.0,0.0
2016-09-27,ICICIBANK.NS,239.5909118652344,240.2727203369141,235.4545440673828,236.36363220214844,223.3826904296875,17356843,0.0,0.0
2016-09-28,ICICIBANK.NS,236.72726440429688,238.5909118652344,235.5,237.0454559326172,224.02706909179688,17881785,0.0,0.0
2016-09-29,ICICIBANK.NS,239.0909118652344,239.5454559326172,221.18182373046875,227.5909118652344,215.09176635742188,48140661,0.0,0.0
2016-09-30,ICICIBANK.NS,225.5,230.2727203369141,224.5,229.22726440429688,216.6382293701172,15104920,0.0,0.0
2016-10-03,ICICIBANK.NS,228.18182373046875,233.5454559326172,227.36363220214844,232.86363220214844,220.07492065429688,18062317,0.0,0.0
2016-10-04,ICICIBANK.NS,233.5,236.31817626953125,231.72726440429688,234.72726440429688,221.83621215820312,16201324,0.0,0.0
2016-10-05,ICICIBANK.NS,236.31817626953125,236.9090881347656,231.4545440673828,232.22726440429688,219.47348022460935,16039581,0.0,0.0
2016-10-06,ICICIBANK.NS,233.6363677978516,233.68182373046875,226.5454559326172,228.4090881347656,215.8650054931641,13854468,0.0,0.0
2016-10-07,ICICIBANK.NS,228.0909118652344,230.81817626953125,225.6363677978516,227.81817626953125,215.3065490722656,10506728,0.0,0.0
2016-10-10,ICICIBANK.NS,229.0,230.18182373046875,226.5,227.36363220214844,214.876953125,6611211,0.0,0.0
2016-10-13,ICICIBANK.NS,225.2727203369141,225.81817626953125,217.36363220214844,219.22726440429688,207.18743896484372,20736801,0.0,0.0
2016-10-14,ICICIBANK.NS,219.2727203369141,220.9090881347656,217.9090881347656,219.7727203369141,207.70294189453125,10761830,0.0,0.0
2016-10-17,ICICIBANK.NS,223.6363677978516,236.2727203369141,223.22726440429688,235.22726440429688,222.3087310791016,69082439,0.0,0.0
2016-10-18,ICICIBANK.NS,235.9545440673828,246.72726440429688,235.9090881347656,245.7727203369141,232.27505493164065,41861705,0.0,0.0
2016-10-19,ICICIBANK.NS,246.68182373046875,247.0,239.31817626953125,240.9545440673828,227.7214813232422,19968759,0.0,0.0
2016-10-20,ICICIBANK.NS,242.86363220214844,253.5454559326172,242.86363220214844,252.36363220214844,238.50396728515625,36280178,0.0,0.0
2016-10-21,ICICIBANK.NS,251.1363677978516,254.5909118652344,249.18182373046875,252.18182373046875,238.3321533203125,26362877,0.0,0.0
2016-10-24,ICICIBANK.NS,253.7727203369141,260.4090881347656,253.7727203369141,258.68182373046875,244.47520446777344,22219428,0.0,0.0
2016-10-25,ICICIBANK.NS,262.9090881347656,265.0909118652344,258.7272644042969,262.9545593261719,248.5132751464844,25090671,0.0,0.0
2016-10-26,ICICIBANK.NS,258.5909118652344,258.5909118652344,251.81817626953125,253.0909118652344,239.19134521484372,30017739,0.0,0.0
2016-10-27,ICICIBANK.NS,252.18182373046875,259.0909118652344,250.0,258.4545593261719,244.2603912353516,19868027,0.0,0.0
2016-10-28,ICICIBANK.NS,256.3636474609375,256.81817626953125,250.5,251.68182373046875,237.8596343994141,18314125,0.0,0.0
2016-11-01,ICICIBANK.NS,254.0454559326172,254.31817626953125,249.5454559326172,250.31817626953125,236.5708770751953,11675305,0.0,0.0
2016-11-02,ICICIBANK.NS,245.4545440673828,248.4090881347656,244.31817626953125,247.18182373046875,233.6067352294922,15140657,0.0,0.0
2016-11-03,ICICIBANK.NS,247.2727203369141,251.2727203369141,244.0,245.22726440429688,231.7595367431641,12484687,0.0,0.0
2016-11-04,ICICIBANK.NS,247.18182373046875,247.72726440429688,241.22726440429688,245.2727203369141,231.80247497558597,16361493,0.0,0.0
2016-11-07,ICICIBANK.NS,250.72726440429688,255.6363677978516,247.72726440429688,253.36363220214844,239.4490509033203,18741014,0.0,0.0
2016-11-08,ICICIBANK.NS,259.81817626953125,261.31817626953125,252.9545440673828,257.4545593261719,243.31532287597656,35153751,0.0,0.0
2016-11-09,ICICIBANK.NS,231.72726440429688,258.8636474609375,222.72726440429688,255.86363220214844,241.81175231933597,51055067,0.0,0.0
2016-11-10,ICICIBANK.NS,262.2727355957031,271.2727355957031,260.6363525390625,266.0,251.3914031982422,29137485,0.0,0.0
2016-11-11,ICICIBANK.NS,261.1363525390625,267.5,249.5454559326172,251.2727203369141,237.47300720214844,33036653,0.0,0.0
2016-11-15,ICICIBANK.NS,251.81817626953125,255.2727203369141,241.9545440673828,245.22726440429688,231.7595367431641,37961485,0.0,0.0
2016-11-16,ICICIBANK.NS,251.4545440673828,252.9090881347656,240.18182373046875,242.0,228.70950317382807,26473183,0.0,0.0
2016-11-17,ICICIBANK.NS,243.5909118652344,246.0454559326172,240.0,243.31817626953125,229.95530700683597,14654093,0.0,0.0
2016-11-18,ICICIBANK.NS,244.0454559326172,244.5454559326172,238.4545440673828,240.5454559326172,227.33485412597656,9983933,0.0,0.0
2016-11-21,ICICIBANK.NS,242.0,242.72726440429688,231.68182373046875,237.4545440673828,224.41368103027344,21625818,0.0,0.0
2016-11-22,ICICIBANK.NS,240.9090881347656,242.36363220214844,235.72726440429688,238.81817626953125,225.70242309570312,23906788,0.0,0.0
2016-11-23,ICICIBANK.NS,240.0909118652344,241.68182373046875,236.81817626953125,240.86363220214844,227.63555908203125,17154845,0.0,0.0
2016-11-24,ICICIBANK.NS,239.81817626953125,239.81817626953125,234.5454559326172,235.72726440429688,222.78128051757807,22563160,0.0,0.0
2016-11-25,ICICIBANK.NS,238.5454559326172,238.5454559326172,233.68182373046875,236.4545440673828,223.4686279296875,16611698,0.0,0.0
2016-11-28,ICICIBANK.NS,233.31817626953125,233.31817626953125,230.4545440673828,232.0909118652344,219.3446502685547,32939718,0.0,0.0
2016-11-29,ICICIBANK.NS,232.2727203369141,235.81817626953125,231.18182373046875,232.22726440429688,219.47348022460935,32329662,0.0,0.0
2016-11-30,ICICIBANK.NS,234.0454559326172,242.2727203369141,232.68182373046875,241.4090881347656,228.15109252929688,20731093,0.0,0.0
2016-12-01,ICICIBANK.NS,242.0454559326172,243.6363677978516,234.31817626953125,235.5909118652344,222.65240478515625,15792045,0.0,0.0
2016-12-02,ICICIBANK.NS,234.5454559326172,240.5454559326172,232.5909118652344,235.9090881347656,222.9531097412109,12275345,0.0,0.0
2016-12-05,ICICIBANK.NS,236.0,237.6363677978516,234.36363220214844,237.1363677978516,224.1129913330078,8305074,0.0,0.0
2016-12-06,ICICIBANK.NS,238.4090881347656,238.7727203369141,235.9545440673828,237.2727203369141,224.2418365478516,8335181,0.0,0.0
2016-12-07,ICICIBANK.NS,238.9090881347656,240.36363220214844,228.18182373046875,235.18182373046875,222.2657928466797,13635680,0.0,0.0
2016-12-08,ICICIBANK.NS,236.86363220214844,239.4545440673828,234.9090881347656,238.86363220214844,225.7453765869141,11336250,0.0,0.0
2016-12-09,ICICIBANK.NS,239.9545440673828,245.2727203369141,239.0909118652344,244.0454559326172,230.6426239013672,17533272,0.0,0.0
2016-12-12,ICICIBANK.NS,243.18182373046875,243.9090881347656,239.86363220214844,240.7727203369141,227.54965209960935,7515935,0.0,0.0
2016-12-13,ICICIBANK.NS,239.4545440673828,241.22726440429688,238.6363677978516,240.36363220214844,227.1630096435547,10265621,0.0,0.0
2016-12-14,ICICIBANK.NS,240.4545440673828,240.6363677978516,236.36363220214844,236.86363220214844,223.85525512695312,14369017,0.0,0.0
2016-12-15,ICICIBANK.NS,235.18182373046875,237.9090881347656,234.31817626953125,236.6363677978516,223.6404571533203,24089601,0.0,0.0
2016-12-16,ICICIBANK.NS,236.36363220214844,236.36363220214844,231.68182373046875,232.36363220214844,219.60235595703125,24984316,0.0,0.0
2016-12-19,ICICIBANK.NS,232.18182373046875,235.4090881347656,231.5909118652344,233.72726440429688,220.89114379882807,7417692,0.0,0.0
2016-12-20,ICICIBANK.NS,233.36363220214844,233.36363220214844,227.5,228.72726440429688,216.1656951904297,11590031,0.0,0.0
2016-12-21,ICICIBANK.NS,230.0,232.1363677978516,228.36363220214844,230.22726440429688,217.58334350585935,7685724,0.0,0.0
2016-12-22,ICICIBANK.NS,229.72726440429688,231.6363677978516,227.86363220214844,229.9545440673828,217.3255920410156,8951470,0.0,0.0
2016-12-23,ICICIBANK.NS,229.9545440673828,231.5909118652344,227.4090881347656,228.9545440673828,216.3805084228516,6932571,0.0,0.0
2016-12-26,ICICIBANK.NS,229.31817626953125,229.5,224.6363677978516,225.5909118652344,213.20159912109372,6767153,0.0,0.0
2016-12-27,ICICIBANK.NS,226.36363220214844,231.22726440429688,224.2727203369141,230.5,217.84109497070312,9094498,0.0,0.0
2016-12-28,ICICIBANK.NS,230.9090881347656,231.6363677978516,228.22726440429688,228.86363220214844,216.29458618164065,9176829,0.0,0.0
2016-12-29,ICICIBANK.NS,229.18182373046875,230.0,227.31817626953125,228.2727203369141,215.7361297607422,6379633,0.0,0.0
2016-12-30,ICICIBANK.NS,229.0909118652344,234.0909118652344,228.5,232.0909118652344,219.3446502685547,11565801,0.0,0.0
2017-01-02,ICICIBANK.NS,233.0,233.0,225.5454559326172,229.0454559326172,216.46641540527344,10404350,0.0,0.0
2017-01-03,ICICIBANK.NS,229.18182373046875,232.18182373046875,226.6363677978516,231.2727203369141,218.5713806152344,10236706,0.0,0.0
2017-01-04,ICICIBANK.NS,231.1363677978516,232.5,227.6363677978516,228.2727203369141,215.7361297607422,6901181,0.0,0.0
2017-01-05,ICICIBANK.NS,230.18182373046875,235.0,229.2727203369141,233.86363220214844,221.01998901367188,13830668,0.0,0.0
2017-01-06,ICICIBANK.NS,234.7727203369141,237.6363677978516,233.81817626953125,234.68182373046875,221.79324340820312,9055143,0.0,0.0
2017-01-09,ICICIBANK.NS,234.4545440673828,236.22726440429688,232.72726440429688,235.18182373046875,222.2657928466797,7875294,0.0,0.0
2017-01-10,ICICIBANK.NS,236.36363220214844,238.0909118652344,234.81817626953125,236.5454559326172,223.55453491210935,14784040,0.0,0.0
2017-01-11,ICICIBANK.NS,238.6363677978516,243.72726440429688,237.81817626953125,240.6363677978516,227.42074584960935,19565679,0.0,0.0
2017-01-12,ICICIBANK.NS,242.36363220214844,245.0,241.31817626953125,243.9545440673828,230.5567169189453,11711279,0.0,0.0
2017-01-13,ICICIBANK.NS,245.4545440673828,245.4545440673828,240.72726440429688,243.68182373046875,230.29898071289065,7810375,0.0,0.0
2017-01-16,ICICIBANK.NS,243.0909118652344,246.22726440429688,240.72726440429688,244.81817626953125,231.3729248046875,8863676,0.0,0.0
2017-01-17,ICICIBANK.NS,245.0,246.81817626953125,241.36363220214844,244.0,230.5996856689453,6968061,0.0,0.0
2017-01-18,ICICIBANK.NS,243.0909118652344,247.36363220214844,242.5,244.0454559326172,230.6426239013672,10085606,0.0,0.0
2017-01-19,ICICIBANK.NS,244.36363220214844,246.0909118652344,242.0,245.18182373046875,231.71661376953125,8605687,0.0,0.0
2017-01-20,ICICIBANK.NS,242.72726440429688,243.5909118652344,238.68182373046875,239.5,226.3468170166016,12207059,0.0,0.0
2017-01-23,ICICIBANK.NS,238.0,238.0,231.9545440673828,234.1363677978516,221.2777557373047,43793368,0.0,0.0
2017-01-24,ICICIBANK.NS,235.0454559326172,235.0454559326172,232.4090881347656,233.7727203369141,220.93405151367188,26520047,0.0,0.0
2017-01-25,ICICIBANK.NS,235.4545440673828,237.0909118652344,232.36363220214844,236.31817626953125,223.3397521972656,41078083,0.0,0.0
2017-01-27,ICICIBANK.NS,239.1363677978516,249.0909118652344,237.0,247.2727203369141,233.69265747070312,89433645,0.0,0.0
2017-01-30,ICICIBANK.NS,248.18182373046875,250.5454559326172,245.18182373046875,246.18182373046875,232.66168212890625,17037472,0.0,0.0
2017-01-31,ICICIBANK.NS,244.36363220214844,249.0909118652344,242.22726440429688,244.5,231.0722198486328,20535165,0.0,0.0
2017-02-01,ICICIBANK.NS,241.68182373046875,257.7272644042969,238.9090881347656,255.4545440673828,241.42514038085935,44647342,0.0,0.0
2017-02-02,ICICIBANK.NS,256.3636474609375,261.3636474609375,255.0454559326172,259.81817626953125,245.54913330078125,28910922,0.0,0.0
2017-02-03,ICICIBANK.NS,259.0454406738281,259.0454406738281,253.4545440673828,255.9545440673828,241.897705078125,20058936,0.0,0.0
2017-02-06,ICICIBANK.NS,257.7727355957031,265.68182373046875,257.7727355957031,263.9090881347656,249.4153289794922,22521926,0.0,0.0
2017-02-07,ICICIBANK.NS,261.81817626953125,266.0909118652344,259.3636474609375,261.9090881347656,247.5252227783203,12829302,0.0,0.0
2017-02-08,ICICIBANK.NS,261.81817626953125,262.2727355957031,257.0,259.81817626953125,245.54913330078125,16662978,0.0,0.0
2017-02-09,ICICIBANK.NS,260.5454406738281,262.5,253.2727203369141,259.0909118652344,244.8617706298828,16631183,0.0,0.0
2017-02-10,ICICIBANK.NS,259.6363525390625,260.1363525390625,254.6363677978516,256.0,241.94065856933597,16771421,0.0,0.0
2017-02-13,ICICIBANK.NS,256.81817626953125,258.2727355957031,254.1363677978516,256.0454406738281,241.9835968017578,13144434,0.0,0.0
2017-02-14,ICICIBANK.NS,257.2727355957031,259.9090881347656,255.72726440429688,258.7727355957031,244.5611114501953,12889195,0.0,0.0
2017-02-15,ICICIBANK.NS,259.2727355957031,260.3636474609375,253.2727203369141,255.22726440429688,241.2103271484375,14420745,0.0,0.0
2017-02-16,ICICIBANK.NS,255.72726440429688,255.86363220214844,248.0454559326172,253.4545440673828,239.5349884033203,20257845,0.0,0.0
2017-02-17,ICICIBANK.NS,254.2727203369141,260.0909118652344,250.7727203369141,257.2727355957031,243.14344787597656,28496342,0.0,0.0
2017-02-20,ICICIBANK.NS,257.31817626953125,260.1363525390625,255.5454559326172,256.68182373046875,242.5850372314453,9947581,0.0,0.0
2017-02-21,ICICIBANK.NS,257.2727355957031,259.81817626953125,255.6363677978516,258.9090881347656,244.68997192382807,11288626,0.0,0.0
2017-02-22,ICICIBANK.NS,261.7272644042969,261.7272644042969,255.5909118652344,260.1363525390625,245.8498687744141,30787289,0.0,0.0
2017-02-23,ICICIBANK.NS,258.81817626953125,262.5,256.4090881347656,258.6363525390625,244.4321746826172,25499159,0.0,0.0
2017-02-27,ICICIBANK.NS,259.0909118652344,259.5909118652344,251.9090881347656,253.5,239.57794189453125,15037984,0.0,0.0
2017-02-28,ICICIBANK.NS,253.5909118652344,254.6363677978516,250.6363677978516,251.22726440429688,237.4300079345703,18179839,0.0,0.0
2017-03-01,ICICIBANK.NS,252.36363220214844,255.4090881347656,252.0454559326172,253.72726440429688,239.7927398681641,19983162,0.0,0.0
2017-03-02,ICICIBANK.NS,256.4090881347656,258.6363525390625,251.81817626953125,253.31817626953125,239.40609741210935,20040929,0.0,0.0
2017-03-03,ICICIBANK.NS,253.2727203369141,253.5454559326172,250.0454559326172,250.86363220214844,237.0863494873047,9256168,0.0,0.0
2017-03-06,ICICIBANK.NS,250.86363220214844,253.9545440673828,250.4545440673828,251.5909118652344,237.7736968994141,12565060,0.0,0.0
2017-03-07,ICICIBANK.NS,251.81817626953125,253.86363220214844,250.0,250.9090881347656,237.1293182373047,9116307,0.0,0.0
2017-03-08,ICICIBANK.NS,251.0909118652344,251.4090881347656,247.36363220214844,249.4545440673828,235.75466918945312,12969749,0.0,0.0
2017-03-09,ICICIBANK.NS,249.0909118652344,250.86363220214844,247.81817626953125,248.6363677978516,234.98138427734372,11647809,0.0,0.0
2017-03-10,ICICIBANK.NS,250.1363677978516,251.36363220214844,244.9090881347656,245.9545440673828,232.4468994140625,15749231,0.0,0.0
2017-03-14,ICICIBANK.NS,255.5454559326172,262.0,255.5454559326172,261.1363525390625,246.7949066162109,43486006,0.0,0.0
2017-03-15,ICICIBANK.NS,259.9090881347656,260.9090881347656,258.2727355957031,259.2272644042969,244.9906463623047,13414846,0.0,0.0
2017-03-16,ICICIBANK.NS,260.5,261.31817626953125,256.7727355957031,258.6363525390625,244.4321746826172,10712223,0.0,0.0
2017-03-17,ICICIBANK.NS,260.0909118652344,260.6363525390625,254.22726440429688,255.0909118652344,241.08148193359372,25016303,0.0,0.0
2017-03-20,ICICIBANK.NS,254.2727203369141,254.2727203369141,249.0909118652344,250.0454559326172,236.3131256103516,12153226,0.0,0.0
2017-03-21,ICICIBANK.NS,250.9090881347656,251.6363677978516,246.4545440673828,247.31817626953125,233.73562622070312,16304076,0.0,0.0
2017-03-22,ICICIBANK.NS,243.5454559326172,244.31817626953125,240.4545440673828,240.9090881347656,227.6785125732422,24534011,0.0,0.0
2017-03-23,ICICIBANK.NS,242.2727203369141,243.86363220214844,240.72726440429688,242.68182373046875,229.3538818359375,13209523,0.0,0.0
2017-03-24,ICICIBANK.NS,245.1363677978516,251.68182373046875,245.1363677978516,249.7727203369141,236.05535888671875,19227304,0.0,0.0
2017-03-27,ICICIBANK.NS,254.5454559326172,254.5454559326172,247.4545440673828,248.31817626953125,234.6807098388672,12341637,0.0,0.0
2017-03-28,ICICIBANK.NS,251.81817626953125,252.31817626953125,250.0909118652344,251.81817626953125,237.9884796142578,13884032,0.0,0.0
2017-03-29,ICICIBANK.NS,253.5909118652344,257.0909118652344,251.5,256.5454406738281,242.4561462402344,18910842,0.0,0.0
2017-03-30,ICICIBANK.NS,255.68182373046875,257.5,254.31817626953125,255.7727203369141,241.72586059570312,16543030,0.0,0.0
2017-03-31,ICICIBANK.NS,254.86363220214844,257.18182373046875,250.6363677978516,251.68182373046875,237.8596343994141,19741901,0.0,0.0
2017-04-03,ICICIBANK.NS,253.4545440673828,261.2727355957031,251.68182373046875,260.6363525390625,246.32237243652344,20449617,0.0,0.0
2017-04-05,ICICIBANK.NS,260.4545593261719,260.4545593261719,257.18182373046875,258.9545593261719,244.7329559326172,10569529,0.0,0.0
2017-04-06,ICICIBANK.NS,256.2727355957031,257.9090881347656,253.86363220214844,255.31817626953125,241.2962646484375,17014957,0.0,0.0
2017-04-07,ICICIBANK.NS,254.6363677978516,257.2727355957031,250.68182373046875,252.1363677978516,238.2891998291016,18994042,0.0,0.0
2017-04-10,ICICIBANK.NS,253.0909118652344,253.6363677978516,251.0,252.4090881347656,238.5469512939453,10395338,0.0,0.0
2017-04-11,ICICIBANK.NS,253.0,258.4090881347656,251.5909118652344,257.8636474609375,243.7019500732422,13734771,0.0,0.0
2017-04-12,ICICIBANK.NS,258.0,259.9545593261719,252.86363220214844,255.2727203369141,241.2532958984375,18252914,0.0,0.0
2017-04-13,ICICIBANK.NS,254.81817626953125,259.81817626953125,254.0,257.0909118652344,242.97164916992188,15178825,0.0,0.0
2017-04-17,ICICIBANK.NS,257.2727355957031,259.7272644042969,255.0,256.7272644042969,242.62796020507807,8250861,0.0,0.0
2017-04-18,ICICIBANK.NS,257.6363525390625,265.0909118652344,256.8636474609375,257.6363525390625,243.48712158203125,19072022,0.0,0.0
2017-04-19,ICICIBANK.NS,257.6363525390625,259.0909118652344,253.5,255.0454559326172,241.03851318359372,15189575,0.0,0.0
2017-04-20,ICICIBANK.NS,249.9545440673828,251.1363677978516,247.0909118652344,247.9545440673828,234.3370361328125,31912290,0.0,0.0
2017-04-21,ICICIBANK.NS,247.86363220214844,248.9090881347656,242.72726440429688,244.68182373046875,231.2440643310547,18165879,0.0,0.0
2017-04-24,ICICIBANK.NS,245.2727203369141,246.68182373046875,241.0909118652344,244.22726440429688,230.814453125,24418208,0.0,0.0
2017-04-25,ICICIBANK.NS,247.2727203369141,248.4545440673828,245.4545440673828,247.72726440429688,234.1222076416016,13685114,0.0,0.0
2017-04-26,ICICIBANK.NS,249.0909118652344,252.68182373046875,248.18182373046875,251.72726440429688,237.90257263183597,15205419,0.0,0.0
2017-04-27,ICICIBANK.NS,251.7727203369141,251.86363220214844,248.5,249.22726440429688,235.53985595703125,14909618,0.0,0.0
2017-04-28,ICICIBANK.NS,248.6363677978516,254.0,248.0909118652344,253.18182373046875,239.2772521972656,9367499,0.0,0.0
2017-05-02,ICICIBANK.NS,254.72726440429688,255.31817626953125,250.0,250.5454559326172,236.78565979003903,16780204,0.0,0.0
2017-05-03,ICICIBANK.NS,250.81817626953125,251.86363220214844,246.5909118652344,247.9545440673828,234.3370361328125,24205196,0.0,0.0
2017-05-04,ICICIBANK.NS,265.0909118652344,272.5,258.0454406738281,270.7272644042969,255.859130859375,122120948,0.0,0.0
2017-05-05,ICICIBANK.NS,272.7272644042969,274.31817626953125,267.68182373046875,271.4090881347656,256.50347900390625,48189321,0.0,0.0
2017-05-08,ICICIBANK.NS,272.7272644042969,280.1363525390625,272.7272644042969,275.4090881347656,260.2837829589844,30347849,0.0,0.0
2017-05-09,ICICIBANK.NS,276.6363525390625,277.5909118652344,271.2727355957031,273.2727355957031,258.2648010253906,15194182,0.0,0.0
2017-05-10,ICICIBANK.NS,273.7272644042969,275.1363525390625,270.31817626953125,271.5,256.58941650390625,15054831,0.0,0.0
2017-05-11,ICICIBANK.NS,274.2727355957031,275.0,272.31817626953125,272.9090881347656,257.921142578125,10261128,0.0,0.0
2017-05-12,ICICIBANK.NS,272.7272644042969,273.2272644042969,266.6363525390625,269.5909118652344,254.78512573242188,16605029,0.0,0.0
2017-05-15,ICICIBANK.NS,272.2727355957031,275.9090881347656,271.0909118652344,274.3636474609375,259.2957763671875,17095696,0.0,0.0
2017-05-16,ICICIBANK.NS,275.31817626953125,278.0909118652344,273.68182373046875,275.1363525390625,260.02606201171875,19569431,0.0,0.0
2017-05-17,ICICIBANK.NS,277.81817626953125,282.0,276.81817626953125,281.5909118652344,266.1261291503906,23363685,0.0,0.0
2017-05-18,ICICIBANK.NS,277.0,284.4090881347656,277.0,279.9545593261719,264.5796203613281,27753950,0.0,0.0
2017-05-19,ICICIBANK.NS,279.9090881347656,284.0,276.0909118652344,279.1363525390625,263.8063049316406,16728969,0.0,0.0
2017-05-22,ICICIBANK.NS,281.4090881347656,283.2272644042969,274.7272644042969,276.2272644042969,261.0570678710937,14850717,0.0,0.0
2017-05-23,ICICIBANK.NS,275.5909118652344,281.5909118652344,275.2727355957031,278.2272644042969,262.9472351074219,29771017,0.0,0.0
2017-05-24,ICICIBANK.NS,278.9090881347656,281.5,275.7272644042969,278.81817626953125,263.5056457519531,20506719,0.0,0.0
2017-05-25,ICICIBANK.NS,278.5,290.7727355957031,278.18182373046875,288.81817626953125,272.9564819335937,41775676,0.0,0.0
2017-05-26,ICICIBANK.NS,288.18182373046875,293.6363525390625,286.8636474609375,292.31817626953125,276.2642517089844,21336089,0.0,0.0
2017-05-29,ICICIBANK.NS,290.2272644042969,291.2727355957031,285.2727355957031,286.2727355957031,270.5508117675781,11266657,0.0,0.0
2017-05-30,ICICIBANK.NS,286.2272644042969,295.0,285.8636474609375,292.18182373046875,276.1353759765625,15573191,0.0,0.0
2017-05-31,ICICIBANK.NS,293.6363525390625,297.6363525390625,289.68182373046875,296.7727355957031,280.47418212890625,128437479,0.0,0.0
2017-06-01,ICICIBANK.NS,295.9090881347656,296.0454406738281,287.9545593261719,291.0,275.0184936523437,19883562,0.0,0.0
2017-06-02,ICICIBANK.NS,292.7272644042969,293.5909118652344,286.9545593261719,289.2272644042969,273.3431091308594,13469524,0.0,0.0
2017-06-05,ICICIBANK.NS,289.5454406738281,292.4090881347656,289.2272644042969,290.68182373046875,274.7178039550781,9831353,0.0,0.0
2017-06-06,ICICIBANK.NS,291.4090881347656,291.8636474609375,288.81817626953125,289.9545593261719,274.0304260253906,10757211,0.0,0.0
2017-06-07,ICICIBANK.NS,291.8636474609375,296.31817626953125,291.5909118652344,295.18182373046875,278.9706420898437,15076040,0.0,0.0
2017-06-08,ICICIBANK.NS,296.2727355957031,297.2727355957031,290.4545593261719,291.0909118652344,275.1044311523437,20130322,0.0,0.0
2017-06-09,ICICIBANK.NS,289.9545593261719,293.7272644042969,287.3636474609375,292.8636474609375,276.77978515625,10190305,0.0,0.0
2017-06-12,ICICIBANK.NS,290.9090881347656,291.5454406738281,286.2272644042969,287.0454406738281,271.2811279296875,10376913,0.0,0.0
2017-06-13,ICICIBANK.NS,286.4090881347656,289.7272644042969,285.3636474609375,286.2272644042969,270.5078430175781,9305516,0.0,0.0
2017-06-14,ICICIBANK.NS,290.0909118652344,293.0909118652344,286.7272644042969,290.0454406738281,274.1163024902344,22264301,0.0,0.0
2017-06-15,ICICIBANK.NS,290.0,290.3636474609375,287.0,287.9545593261719,272.1402893066406,11206355,0.0,0.0
2017-06-16,ICICIBANK.NS,289.5,290.2272644042969,286.9545593261719,287.7272644042969,271.92547607421875,23228635,0.0,0.0
2017-06-19,ICICIBANK.NS,289.0909118652344,292.4545593261719,288.2272644042969,291.4545593261719,275.44805908203125,10719809,0.0,0.0
2017-06-20,ICICIBANK.NS,290.75,295.3999938964844,288.0,292.45001220703125,278.5610046386719,16849368,2.272727,1.1
2017-06-21,ICICIBANK.NS,292.0,292.6499938964844,289.54998779296875,291.1000061035156,277.2751159667969,7142413,0.0,0.0
2017-06-22,ICICIBANK.NS,291.5,293.3500061035156,288.25,289.6000061035156,275.84637451171875,9180870,0.0,0.0
2017-06-23,ICICIBANK.NS,289.54998779296875,293.54998779296875,284.6000061035156,291.8500061035156,277.9895324707031,14937649,0.0,0.0
2017-06-27,ICICIBANK.NS,293.0,293.1000061035156,283.45001220703125,287.8999938964844,274.22711181640625,18053262,0.0,0.0
2017-06-28,ICICIBANK.NS,288.75,293.29998779296875,288.75,290.3500061035156,276.5607604980469,17157094,0.0,0.0
2017-06-29,ICICIBANK.NS,291.5,296.8999938964844,290.1000061035156,293.25,279.3230285644531,34774280,0.0,0.0
2017-06-30,ICICIBANK.NS,292.0,292.0,287.5,290.1499938964844,276.3702697753906,12435467,0.0,0.0
2017-07-03,ICICIBANK.NS,291.3999938964844,292.25,288.75,290.04998779296875,276.2750549316406,6106230,0.0,0.0
2017-07-04,ICICIBANK.NS,292.3999938964844,292.79998779296875,288.6000061035156,289.5,275.7511291503906,8335899,0.0,0.0
2017-07-05,ICICIBANK.NS,290.0,293.75,288.5,292.8500061035156,278.9420166015625,6958589,0.0,0.0
2017-07-06,ICICIBANK.NS,294.0,295.1000061035156,292.3500061035156,293.75,279.79931640625,9967582,0.0,0.0
2017-07-07,ICICIBANK.NS,293.5,293.5,289.20001220703125,289.70001220703125,275.941650390625,8477468,0.0,0.0
2017-07-10,ICICIBANK.NS,291.0,293.25,290.0,291.45001220703125,277.6085510253906,1114874,0.0,0.0
2017-07-11,ICICIBANK.NS,292.54998779296875,292.95001220703125,288.70001220703125,289.6499938964844,275.8939819335937,10893055,0.0,0.0
2017-07-12,ICICIBANK.NS,289.70001220703125,294.6000061035156,288.6000061035156,292.3500061035156,278.4657897949219,8091465,0.0,0.0
2017-07-13,ICICIBANK.NS,295.6000061035156,299.5,295.04998779296875,297.8999938964844,283.752197265625,13747313,0.0,0.0
2017-07-14,ICICIBANK.NS,299.3999938964844,299.3999938964844,294.5,298.25,284.0855407714844,6196683,0.0,0.0
2017-07-17,ICICIBANK.NS,300.0,304.54998779296875,298.79998779296875,303.5,289.08624267578125,12506474,0.0,0.0
2017-07-18,ICICIBANK.NS,301.75,306.0,301.5,303.8999938964844,289.4672546386719,11772154,0.0,0.0
2017-07-19,ICICIBANK.NS,303.0,304.8999938964844,301.3999938964844,302.25,287.89556884765625,10780451,0.0,0.0
2017-07-20,ICICIBANK.NS,302.0,303.8500061035156,299.75,300.6000061035156,286.323974609375,8458004,0.0,0.0
2017-07-21,ICICIBANK.NS,299.5,303.8999938964844,296.20001220703125,302.04998779296875,287.705078125,9705981,0.0,0.0
2017-07-24,ICICIBANK.NS,302.20001220703125,306.6000061035156,301.6000061035156,303.04998779296875,288.6576232910156,15604131,0.0,0.0
2017-07-25,ICICIBANK.NS,306.79998779296875,306.79998779296875,301.79998779296875,304.1499938964844,289.7053527832031,18129742,0.0,0.0
2017-07-26,ICICIBANK.NS,306.79998779296875,311.0,304.54998779296875,310.3500061035156,295.6109313964844,26050717,0.0,0.0
2017-07-27,ICICIBANK.NS,314.45001220703125,314.45001220703125,305.3500061035156,307.20001220703125,292.6105651855469,28535869,0.0,0.0
2017-07-28,ICICIBANK.NS,304.0,304.0,293.8500061035156,296.1499938964844,282.08526611328125,30571846,0.0,0.0
2017-07-31,ICICIBANK.NS,298.8500061035156,306.45001220703125,296.25,302.6000061035156,288.2289733886719,21526493,0.0,0.0
2017-08-01,ICICIBANK.NS,303.8999938964844,305.20001220703125,301.3999938964844,302.6000061035156,288.2289733886719,10722862,0.0,0.0
2017-08-02,ICICIBANK.NS,302.20001220703125,304.45001220703125,299.70001220703125,301.8500061035156,287.5146179199219,8348096,0.0,0.0
2017-08-03,ICICIBANK.NS,301.3500061035156,301.5,294.54998779296875,295.70001220703125,281.6566772460937,14389817,0.0,0.0
2017-08-04,ICICIBANK.NS,295.0,297.5,293.8999938964844,296.25,282.1805419921875,10099985,0.0,0.0
2017-08-07,ICICIBANK.NS,297.25,303.0,296.70001220703125,300.1499938964844,285.89532470703125,11870705,0.0,0.0
2017-08-08,ICICIBANK.NS,299.79998779296875,301.54998779296875,293.8500061035156,295.5,281.4661560058594,10288608,0.0,0.0
2017-08-09,ICICIBANK.NS,294.3999938964844,294.3999938964844,289.8500061035156,290.6000061035156,276.79888916015625,12959158,0.0,0.0
2017-08-10,ICICIBANK.NS,289.0,293.3999938964844,261.54998779296875,288.75,275.0367431640625,17225844,0.0,0.0
2017-08-11,ICICIBANK.NS,283.95001220703125,289.6499938964844,280.29998779296875,286.95001220703125,273.3222351074219,17211539,0.0,0.0
2017-08-14,ICICIBANK.NS,287.54998779296875,292.8500061035156,287.54998779296875,291.79998779296875,277.9419250488281,8428420,0.0,0.0
2017-08-16,ICICIBANK.NS,291.70001220703125,295.79998779296875,287.29998779296875,294.95001220703125,280.9422912597656,8605873,0.0,0.0
2017-08-17,ICICIBANK.NS,297.8500061035156,297.8500061035156,291.29998779296875,293.1499938964844,279.2277526855469,8168684,0.0,0.0
2017-08-18,ICICIBANK.NS,292.0,294.3500061035156,290.79998779296875,293.1499938964844,279.2277526855469,6700778,0.0,0.0
2017-08-21,ICICIBANK.NS,295.25,299.75,292.25,293.5,279.5611877441406,10623264,0.0,0.0
2017-08-22,ICICIBANK.NS,297.0,297.3500061035156,292.1499938964844,293.95001220703125,279.9897766113281,7549155,0.0,0.0
2017-08-23,ICICIBANK.NS,296.0,299.20001220703125,295.29998779296875,298.6000061035156,284.4189758300781,9142592,0.0,0.0
2017-08-24,ICICIBANK.NS,300.0,300.1499938964844,296.6499938964844,297.70001220703125,283.56170654296875,12766567,0.0,0.0
2017-08-28,ICICIBANK.NS,299.70001220703125,302.25,298.1000061035156,300.8999938964844,286.6097106933594,8827300,0.0,0.0
2017-08-29,ICICIBANK.NS,300.0,302.79998779296875,298.1000061035156,299.5,285.2762145996094,12737088,0.0,0.0
2017-08-30,ICICIBANK.NS,301.79998779296875,302.29998779296875,299.3999938964844,300.29998779296875,286.0382080078125,8552010,0.0,0.0
2017-08-31,ICICIBANK.NS,300.8999938964844,300.8999938964844,297.0,298.04998779296875,283.89508056640625,14865124,0.0,0.0
2017-09-01,ICICIBANK.NS,299.70001220703125,299.70001220703125,297.1499938964844,298.29998779296875,284.1331787109375,7472688,0.0,0.0
2017-09-04,ICICIBANK.NS,299.8999938964844,300.0,294.5,297.1000061035156,282.9901733398437,6244661,0.0,0.0
2017-09-05,ICICIBANK.NS,296.70001220703125,299.0,296.70001220703125,297.6000061035156,283.46649169921875,7683590,0.0,0.0
2017-09-06,ICICIBANK.NS,294.8999938964844,296.0,294.29998779296875,295.3500061035156,281.32330322265625,4854030,0.0,0.0
2017-09-07,ICICIBANK.NS,295.54998779296875,298.5,292.1000061035156,292.6499938964844,278.7514953613281,15630577,0.0,0.0
2017-09-08,ICICIBANK.NS,294.79998779296875,294.79998779296875,290.04998779296875,292.0,278.1324462890625,8077662,0.0,0.0
2017-09-11,ICICIBANK.NS,293.0,293.70001220703125,289.04998779296875,290.79998779296875,276.9894104003906,7639794,0.0,0.0
2017-09-12,ICICIBANK.NS,292.6499938964844,293.3999938964844,290.5,291.20001220703125,277.37042236328125,8497603,0.0,0.0
2017-09-13,ICICIBANK.NS,292.1000061035156,293.25,291.20001220703125,292.0,278.1324462890625,8297426,0.0,0.0
2017-09-14,ICICIBANK.NS,291.70001220703125,295.6000061035156,291.70001220703125,293.70001220703125,279.7516784667969,12267908,0.0,0.0
2017-09-15,ICICIBANK.NS,294.45001220703125,295.54998779296875,290.95001220703125,291.6000061035156,277.7513732910156,22632513,0.0,0.0
2017-09-18,ICICIBANK.NS,293.8999938964844,294.3999938964844,292.1499938964844,293.0,279.0848999023437,11181986,0.0,0.0
2017-09-19,ICICIBANK.NS,291.8999938964844,295.5,289.6000061035156,294.6499938964844,280.6565246582031,7558625,0.0,0.0
2017-09-20,ICICIBANK.NS,292.0,292.8500061035156,289.6000061035156,290.54998779296875,276.7512512207031,14617079,0.0,0.0
2017-09-21,ICICIBANK.NS,289.45001220703125,290.3999938964844,283.6499938964844,284.95001220703125,271.417236328125,14496834,0.0,0.0
2017-09-22,ICICIBANK.NS,283.6000061035156,283.95001220703125,275.75,277.1000061035156,263.9400329589844,23451953,0.0,0.0
2017-09-25,ICICIBANK.NS,278.95001220703125,280.70001220703125,275.54998779296875,279.5,266.2260131835937,13358067,0.0,0.0
2017-09-26,ICICIBANK.NS,279.5,284.0,276.75,282.75,269.3217163085937,11325047,0.0,0.0
2017-09-27,ICICIBANK.NS,284.75,284.75,275.3999938964844,276.3999938964844,263.27325439453125,17853590,0.0,0.0
2017-09-28,ICICIBANK.NS,275.95001220703125,277.79998779296875,269.1499938964844,275.95001220703125,262.8446655273437,32223724,0.0,0.0
2017-09-29,ICICIBANK.NS,277.45001220703125,281.6499938964844,275.75,276.6000061035156,263.4637451171875,9980756,0.0,0.0
2017-10-03,ICICIBANK.NS,279.5,280.70001220703125,275.1499938964844,278.3999938964844,265.1782531738281,6752832,0.0,0.0
2017-10-04,ICICIBANK.NS,279.25,279.3999938964844,275.1000061035156,276.1000061035156,262.9875183105469,7417758,0.0,0.0
2017-10-05,ICICIBANK.NS,276.0,277.3999938964844,271.1000061035156,271.79998779296875,258.8916931152344,10975305,0.0,0.0
2017-10-06,ICICIBANK.NS,272.1499938964844,274.45001220703125,270.54998779296875,271.95001220703125,259.03466796875,25447787,0.0,0.0
2017-10-09,ICICIBANK.NS,273.3500061035156,276.29998779296875,271.25,271.75,258.8441162109375,20478222,0.0,0.0
2017-10-10,ICICIBANK.NS,271.8500061035156,273.0,269.1499938964844,269.79998779296875,256.9866943359375,18594444,0.0,0.0
2017-10-11,ICICIBANK.NS,271.1000061035156,272.0,266.20001220703125,267.6000061035156,254.8912506103516,12687990,0.0,0.0
2017-10-12,ICICIBANK.NS,267.6000061035156,267.95001220703125,264.04998779296875,267.54998779296875,254.84353637695312,11831125,0.0,0.0
2017-10-13,ICICIBANK.NS,267.6000061035156,274.6499938964844,267.6000061035156,271.29998779296875,258.4154968261719,14402254,0.0,0.0
2017-10-16,ICICIBANK.NS,274.6000061035156,276.0,270.3500061035156,274.25,261.2253723144531,12848154,0.0,0.0
2017-10-17,ICICIBANK.NS,274.75,276.54998779296875,273.20001220703125,273.8999938964844,260.8919677734375,9183764,0.0,0.0
2017-10-18,ICICIBANK.NS,268.3999938964844,268.3999938964844,262.25,263.1499938964844,250.65249633789065,30669948,0.0,0.0
2017-10-19,ICICIBANK.NS,259.6000061035156,261.0,256.6000061035156,257.8500061035156,245.60423278808597,3822821,0.0,0.0
2017-10-23,ICICIBANK.NS,258.3500061035156,264.45001220703125,256.5,262.54998779296875,250.0810394287109,22939775,0.0,0.0
2017-10-24,ICICIBANK.NS,263.25,268.1499938964844,255.0,266.54998779296875,253.8909912109375,15126641,0.0,0.0
2017-10-25,ICICIBANK.NS,293.20001220703125,310.79998779296875,284.3500061035156,305.70001220703125,291.1817626953125,123615362,0.0,0.0
2017-10-26,ICICIBANK.NS,299.79998779296875,314.6499938964844,295.0,299.25,285.0380859375,43256025,0.0,0.0
2017-10-27,ICICIBANK.NS,291.8999938964844,305.45001220703125,285.5,301.1499938964844,286.84783935546875,36889009,0.0,0.0
2017-10-30,ICICIBANK.NS,298.6000061035156,308.45001220703125,295.25,300.54998779296875,286.2763061523437,38047961,0.0,0.0
2017-10-31,ICICIBANK.NS,300.25,303.25,298.29998779296875,300.1000061035156,285.84771728515625,19050731,0.0,0.0
2017-11-01,ICICIBANK.NS,303.0,318.95001220703125,302.3999938964844,313.3999938964844,298.5160217285156,38829935,0.0,0.0
2017-11-02,ICICIBANK.NS,313.45001220703125,320.3999938964844,311.3999938964844,316.6499938964844,301.6117248535156,27736221,0.0,0.0
2017-11-03,ICICIBANK.NS,317.79998779296875,318.6499938964844,314.04998779296875,315.8999938964844,300.8973693847656,14258432,0.0,0.0
2017-11-06,ICICIBANK.NS,314.79998779296875,320.25,311.6499938964844,316.1000061035156,301.0878601074219,16349376,0.0,0.0
2017-11-07,ICICIBANK.NS,317.1000061035156,317.95001220703125,309.3500061035156,312.45001220703125,297.6112060546875,12752869,0.0,0.0
2017-11-08,ICICIBANK.NS,312.0,314.0,303.8999938964844,305.5,290.9912414550781,11942186,0.0,0.0
2017-11-09,ICICIBANK.NS,306.79998779296875,314.79998779296875,306.79998779296875,311.29998779296875,296.51580810546875,12716330,0.0,0.0
2017-11-10,ICICIBANK.NS,312.5,324.20001220703125,311.04998779296875,318.5,303.3738708496094,21000915,0.0,0.0
2017-11-13,ICICIBANK.NS,317.0,321.79998779296875,313.0,314.25,299.3257141113281,13679015,0.0,0.0
2017-11-14,ICICIBANK.NS,313.29998779296875,317.1000061035156,309.79998779296875,314.1000061035156,299.182861328125,12362405,0.0,0.0
2017-11-15,ICICIBANK.NS,312.95001220703125,319.6000061035156,312.6499938964844,315.5,300.51629638671875,14408468,0.0,0.0
2017-11-16,ICICIBANK.NS,316.1499938964844,320.0,316.0,318.95001220703125,303.8025207519531,8983382,0.0,0.0
2017-11-17,ICICIBANK.NS,324.0,332.3500061035156,323.79998779296875,325.1000061035156,309.660400390625,20440466,0.0,0.0
2017-11-20,ICICIBANK.NS,323.3500061035156,323.8999938964844,317.20001220703125,318.54998779296875,303.4214782714844,13606336,0.0,0.0
2017-11-21,ICICIBANK.NS,318.75,322.20001220703125,317.54998779296875,319.8999938964844,304.7073669433594,13102056,0.0,0.0
2017-11-22,ICICIBANK.NS,319.3999938964844,322.1000061035156,318.04998779296875,318.8999938964844,303.7548828125,9342622,0.0,0.0
2017-11-23,ICICIBANK.NS,319.75,320.5,315.20001220703125,319.45001220703125,304.2787475585937,9998609,0.0,0.0
2017-11-24,ICICIBANK.NS,319.8999938964844,321.04998779296875,315.95001220703125,317.20001220703125,302.1355895996094,7867381,0.0,0.0
2017-11-27,ICICIBANK.NS,315.04998779296875,318.6000061035156,313.5,317.0,301.945068359375,9334428,0.0,0.0
2017-11-28,ICICIBANK.NS,313.1000061035156,315.3500061035156,311.75,313.20001220703125,298.3255615234375,13929413,0.0,0.0
2017-11-29,ICICIBANK.NS,312.6000061035156,316.29998779296875,312.29998779296875,314.8500061035156,299.897216796875,12384876,0.0,0.0
2017-11-30,ICICIBANK.NS,314.95001220703125,315.79998779296875,306.25,307.54998779296875,292.94384765625,23832543,0.0,0.0
2017-12-01,ICICIBANK.NS,309.70001220703125,309.95001220703125,304.3999938964844,305.25,290.7531433105469,6602231,0.0,0.0
2017-12-04,ICICIBANK.NS,307.25,307.5,302.29998779296875,304.25,289.8006286621094,8763567,0.0,0.0
2017-12-05,ICICIBANK.NS,304.79998779296875,307.6000061035156,303.70001220703125,305.25,290.7531433105469,8219441,0.0,0.0
2017-12-06,ICICIBANK.NS,303.79998779296875,305.0,298.1499938964844,299.5,285.2762145996094,6751957,0.0,0.0
2017-12-07,ICICIBANK.NS,301.5,306.75,300.20001220703125,305.79998779296875,291.2769775390625,7414305,0.0,0.0
2017-12-08,ICICIBANK.NS,307.25,311.8999938964844,307.0,310.75,295.991943359375,10732806,0.0,0.0
2017-12-11,ICICIBANK.NS,311.0,312.25,308.25,311.45001220703125,296.65869140625,6829121,0.0,0.0
2017-12-12,ICICIBANK.NS,312.04998779296875,312.3500061035156,306.29998779296875,307.6000061035156,292.9915466308594,11995276,0.0,0.0
2017-12-13,ICICIBANK.NS,308.0,308.3999938964844,300.20001220703125,302.95001220703125,288.5623779296875,14805881,0.0,0.0
2017-12-14,ICICIBANK.NS,303.8500061035156,306.0,301.3500061035156,304.3500061035156,289.89581298828125,11140346,0.0,0.0
2017-12-15,ICICIBANK.NS,310.3999938964844,310.70001220703125,302.54998779296875,303.1499938964844,288.7528686523437,23227021,0.0,0.0
2017-12-18,ICICIBANK.NS,298.0,312.29998779296875,287.0,308.8999938964844,294.22979736328125,16300443,0.0,0.0
2017-12-19,ICICIBANK.NS,309.20001220703125,314.79998779296875,308.5,313.70001220703125,298.8018493652344,13135113,0.0,0.0
2017-12-20,ICICIBANK.NS,314.1000061035156,317.8500061035156,311.5,315.79998779296875,300.80206298828125,14003657,0.0,0.0
2017-12-21,ICICIBANK.NS,315.3999938964844,316.54998779296875,312.1000061035156,315.45001220703125,300.4686889648437,9705688,0.0,0.0
2017-12-22,ICICIBANK.NS,315.0,319.20001220703125,313.79998779296875,316.6000061035156,301.5640563964844,7628532,0.0,0.0
2017-12-26,ICICIBANK.NS,316.25,319.0,313.20001220703125,318.1499938964844,303.0404968261719,7632721,0.0,0.0
2017-12-27,ICICIBANK.NS,315.95001220703125,317.8999938964844,312.1000061035156,312.79998779296875,297.9445495605469,6354635,0.0,0.0
2017-12-28,ICICIBANK.NS,312.79998779296875,319.20001220703125,310.5,315.29998779296875,300.3258361816406,22689602,0.0,0.0
2017-12-29,ICICIBANK.NS,313.8999938964844,315.75,312.5,314.0,299.0876159667969,9637881,0.0,0.0
2018-01-02,ICICIBANK.NS,310.95001220703125,311.70001220703125,307.5,309.70001220703125,294.99176025390625,7046560,0.0,0.0
2018-01-03,ICICIBANK.NS,312.5,316.3500061035156,312.5,315.0,300.0400695800781,8898342,0.0,0.0
2018-01-04,ICICIBANK.NS,314.95001220703125,315.6499938964844,311.5,314.70001220703125,299.7543640136719,6385367,0.0,0.0
2018-01-05,ICICIBANK.NS,314.45001220703125,315.1499938964844,311.6000061035156,312.8999938964844,298.039794921875,6366054,0.0,0.0
2018-01-08,ICICIBANK.NS,313.5,318.20001220703125,312.6000061035156,314.1499938964844,299.23046875,7329648,0.0,0.0
2018-01-09,ICICIBANK.NS,314.79998779296875,315.79998779296875,310.75,312.6000061035156,297.75408935546875,9190909,0.0,0.0
2018-01-10,ICICIBANK.NS,312.54998779296875,312.95001220703125,310.54998779296875,312.0,297.1825866699219,6736971,0.0,0.0
2018-01-11,ICICIBANK.NS,312.5,312.5,308.54998779296875,309.5,294.80126953125,8366713,0.0,0.0
2018-01-12,ICICIBANK.NS,309.6000061035156,318.79998779296875,309.6000061035156,317.70001220703125,302.6118469238281,11699345,0.0,0.0
2018-01-15,ICICIBANK.NS,320.79998779296875,330.70001220703125,320.25,329.29998779296875,313.6610107421875,30242005,0.0,0.0
2018-01-16,ICICIBANK.NS,329.75,340.75,326.54998779296875,334.1000061035156,318.2330017089844,26707100,0.0,0.0
2018-01-17,ICICIBANK.NS,334.04998779296875,344.20001220703125,334.04998779296875,343.25,326.94842529296875,43305353,0.0,0.0
2018-01-18,ICICIBANK.NS,350.0,353.20001220703125,343.0,346.1499938964844,329.710693359375,31504669,0.0,0.0
2018-01-19,ICICIBANK.NS,347.45001220703125,355.0,340.79998779296875,353.6000061035156,336.806884765625,18812611,0.0,0.0
2018-01-22,ICICIBANK.NS,352.3999938964844,352.8999938964844,344.79998779296875,351.5,334.806640625,15269782,0.0,0.0
2018-01-23,ICICIBANK.NS,350.45001220703125,364.4500122070313,350.45001220703125,362.2999877929688,345.0937194824219,22485663,0.0,0.0
2018-01-24,ICICIBANK.NS,357.75,359.20001220703125,351.79998779296875,352.75,335.99725341796875,12815095,0.0,0.0
2018-01-25,ICICIBANK.NS,352.5,364.7999877929688,350.70001220703125,360.7999877929688,343.6649475097656,30183655,0.0,0.0
2018-01-29,ICICIBANK.NS,360.0,365.7000122070313,355.6000061035156,357.6499938964844,340.6645812988281,17855095,0.0,0.0
2018-01-30,ICICIBANK.NS,356.79998779296875,356.79998779296875,350.5,353.25,336.4735107421875,13358981,0.0,0.0
2018-01-31,ICICIBANK.NS,348.8500061035156,353.95001220703125,343.6000061035156,352.95001220703125,336.1877746582031,22638319,0.0,0.0
2018-02-01,ICICIBANK.NS,347.54998779296875,355.8999938964844,343.79998779296875,346.20001220703125,329.75836181640625,29472295,0.0,0.0
2018-02-02,ICICIBANK.NS,342.54998779296875,343.70001220703125,333.70001220703125,335.1000061035156,319.1855163574219,16957983,0.0,0.0
2018-02-05,ICICIBANK.NS,327.6000061035156,334.25,327.04998779296875,329.70001220703125,314.0419616699219,17339547,0.0,0.0
2018-02-06,ICICIBANK.NS,315.25,337.95001220703125,313.0,330.70001220703125,314.99444580078125,18491736,0.0,0.0
2018-02-07,ICICIBANK.NS,335.3500061035156,336.3999938964844,329.8999938964844,332.54998779296875,316.756591796875,11819190,0.0,0.0
2018-02-08,ICICIBANK.NS,332.54998779296875,338.3999938964844,329.5,333.8500061035156,317.9949035644531,10294899,0.0,0.0
2018-02-09,ICICIBANK.NS,325.0,328.6499938964844,322.6499938964844,326.75,311.2320861816406,9493398,0.0,0.0
2018-02-12,ICICIBANK.NS,328.8500061035156,329.20001220703125,323.25,326.25,310.7558288574219,8356351,0.0,0.0
2018-02-14,ICICIBANK.NS,327.0,327.0,316.54998779296875,318.95001220703125,303.8025207519531,15189066,0.0,0.0
2018-02-15,ICICIBANK.NS,322.1499938964844,331.79998779296875,322.1499938964844,328.6499938964844,313.04180908203125,23779772,0.0,0.0
2018-02-16,ICICIBANK.NS,330.3500061035156,334.0,318.79998779296875,321.04998779296875,305.802734375,17585994,0.0,0.0
2018-02-19,ICICIBANK.NS,329.5,329.6000061035156,315.20001220703125,319.75,304.5645446777344,19044107,0.0,0.0
2018-02-20,ICICIBANK.NS,320.5,324.20001220703125,316.29998779296875,317.25,302.1832275390625,16030558,0.0,0.0
2018-02-21,ICICIBANK.NS,319.0,320.70001220703125,315.70001220703125,319.20001220703125,304.0406494140625,9974873,0.0,0.0
2018-02-22,ICICIBANK.NS,317.0,319.29998779296875,313.95001220703125,318.3500061035156,303.23101806640625,25530698,0.0,0.0
2018-02-23,ICICIBANK.NS,319.04998779296875,324.04998779296875,318.3500061035156,322.75,307.4220275878906,7949765,0.0,0.0
2018-02-26,ICICIBANK.NS,325.0,327.79998779296875,323.1499938964844,327.04998779296875,311.5178527832031,7133735,0.0,0.0
2018-02-27,ICICIBANK.NS,327.0,327.04998779296875,319.6499938964844,322.1499938964844,306.8505249023437,9623651,0.0,0.0
2018-02-28,ICICIBANK.NS,315.1499938964844,317.0,311.1000061035156,313.25,298.3731994628906,17481687,0.0,0.0
2018-03-01,ICICIBANK.NS,312.6499938964844,314.0,304.25,304.95001220703125,290.4674377441406,18986889,0.0,0.0
2018-03-05,ICICIBANK.NS,304.45001220703125,306.5,299.29998779296875,303.3500061035156,288.9433288574219,14456193,0.0,0.0
2018-03-06,ICICIBANK.NS,307.3999938964844,307.70001220703125,294.20001220703125,295.04998779296875,281.0375061035156,18951451,0.0,0.0
2018-03-07,ICICIBANK.NS,293.29998779296875,293.79998779296875,285.3500061035156,286.70001220703125,273.0841064453125,31472773,0.0,0.0
2018-03-08,ICICIBANK.NS,290.25,298.0,289.25,296.95001220703125,282.8473205566406,21413552,0.0,0.0
2018-03-09,ICICIBANK.NS,299.0,299.5,290.70001220703125,292.70001220703125,278.79913330078125,12489587,0.0,0.0
2018-03-12,ICICIBANK.NS,295.6000061035156,301.8999938964844,293.75,300.6499938964844,286.3715515136719,12163952,0.0,0.0
2018-03-13,ICICIBANK.NS,300.1000061035156,307.0,299.6000061035156,304.3500061035156,289.89581298828125,15966647,0.0,0.0
2018-03-14,ICICIBANK.NS,303.1499938964844,307.45001220703125,297.79998779296875,306.04998779296875,291.5151062011719,12964285,0.0,0.0
2018-03-15,ICICIBANK.NS,305.75,305.75,300.3999938964844,301.45001220703125,287.1336364746094,13282019,0.0,0.0
2018-03-16,ICICIBANK.NS,301.25,301.8500061035156,297.3999938964844,298.1000061035156,283.9427185058594,28835112,0.0,0.0
2018-03-19,ICICIBANK.NS,298.1000061035156,300.0,291.25,294.54998779296875,280.5612487792969,13601784,0.0,0.0
2018-03-20,ICICIBANK.NS,293.0,297.20001220703125,290.25,292.0,278.1324462890625,10880002,0.0,0.0
2018-03-21,ICICIBANK.NS,295.0,295.04998779296875,287.3500061035156,289.20001220703125,275.46539306640625,13618228,0.0,0.0
2018-03-22,ICICIBANK.NS,289.5,289.6499938964844,280.8999938964844,283.25,269.7979736328125,24593489,0.0,0.0
2018-03-23,ICICIBANK.NS,277.1000061035156,277.8500061035156,273.54998779296875,275.54998779296875,262.4636535644531,31922568,0.0,0.0
2018-03-26,ICICIBANK.NS,276.1000061035156,283.1499938964844,275.95001220703125,281.6499938964844,268.27392578125,24618534,0.0,0.0
2018-03-27,ICICIBANK.NS,284.5,287.29998779296875,281.3999938964844,283.8999938964844,270.41705322265625,22377328,0.0,0.0
2018-03-28,ICICIBANK.NS,283.0,283.29998779296875,277.1000061035156,278.3500061035156,265.1306457519531,27172599,0.0,0.0
2018-04-02,ICICIBANK.NS,273.0,273.8500061035156,258.79998779296875,261.8500061035156,249.41429138183597,73359584,0.0,0.0
2018-04-03,ICICIBANK.NS,261.3999938964844,271.5,261.3999938964844,270.04998779296875,257.2248229980469,40773239,0.0,0.0
2018-04-04,ICICIBANK.NS,267.25,273.29998779296875,265.5,268.6499938964844,255.891357421875,33486876,0.0,0.0
2018-04-05,ICICIBANK.NS,267.79998779296875,280.0,267.70001220703125,278.6499938964844,265.4164123535156,26759108,0.0,0.0
2018-04-06,ICICIBANK.NS,278.3999938964844,282.95001220703125,277.0,280.6499938964844,267.3214111328125,31577015,0.0,0.0
2018-04-09,ICICIBANK.NS,277.75,283.45001220703125,274.3500061035156,280.8500061035156,267.5119323730469,31712527,0.0,0.0
2018-04-10,ICICIBANK.NS,279.45001220703125,294.45001220703125,279.04998779296875,288.79998779296875,275.0843200683594,44741783,0.0,0.0
2018-04-11,ICICIBANK.NS,287.75,287.8999938964844,282.3500061035156,284.54998779296875,271.03619384765625,16811454,0.0,0.0
2018-04-12,ICICIBANK.NS,285.29998779296875,289.8999938964844,283.54998779296875,286.75,273.1317443847656,22954325,0.0,0.0
2018-04-13,ICICIBANK.NS,288.0,291.1000061035156,285.79998779296875,288.25,274.5604858398437,17497198,0.0,0.0
2018-04-16,ICICIBANK.NS,285.0,288.95001220703125,284.1000061035156,287.6000061035156,273.9413452148437,16874313,0.0,0.0
2018-04-17,ICICIBANK.NS,287.6000061035156,293.25,286.79998779296875,291.75,277.894287109375,15406113,0.0,0.0
2018-04-18,ICICIBANK.NS,293.70001220703125,294.8999938964844,289.0,290.04998779296875,276.2750549316406,20755245,0.0,0.0
2018-04-19,ICICIBANK.NS,291.0,291.0,287.29998779296875,289.6000061035156,275.84637451171875,17282341,0.0,0.0
2018-04-20,ICICIBANK.NS,289.25,290.1499938964844,279.70001220703125,282.1499938964844,268.75018310546875,19745690,0.0,0.0
2018-04-23,ICICIBANK.NS,280.0,282.79998779296875,275.25,279.3999938964844,266.1307678222656,11620499,0.0,0.0
2018-04-24,ICICIBANK.NS,279.3500061035156,286.6000061035156,279.3500061035156,284.1000061035156,270.6075744628906,15412234,0.0,0.0
2018-04-25,ICICIBANK.NS,284.04998779296875,285.6499938964844,276.8500061035156,278.8999938964844,265.654541015625,7961352,0.0,0.0
2018-04-26,ICICIBANK.NS,279.79998779296875,280.3999938964844,275.3500061035156,278.8500061035156,265.6069030761719,14112673,0.0,0.0
2018-04-27,ICICIBANK.NS,277.3999938964844,291.70001220703125,276.0,287.8999938964844,274.22711181640625,16488361,0.0,0.0
2018-04-30,ICICIBANK.NS,288.95001220703125,291.0,282.29998779296875,284.20001220703125,270.702880859375,9737559,0.0,0.0
2018-05-02,ICICIBANK.NS,283.6499938964844,283.75,275.54998779296875,276.8999938964844,263.74951171875,14211445,0.0,0.0
2018-05-03,ICICIBANK.NS,277.29998779296875,283.6499938964844,277.29998779296875,281.8999938964844,268.5120544433594,14724116,0.0,0.0
2018-05-04,ICICIBANK.NS,280.45001220703125,285.6000061035156,278.3500061035156,282.8500061035156,269.4170227050781,11861951,0.0,0.0
2018-05-07,ICICIBANK.NS,284.0,293.0,282.8500061035156,289.79998779296875,276.0368957519531,19673100,0.0,0.0
2018-05-08,ICICIBANK.NS,302.0,314.5,300.0,309.29998779296875,294.6107788085937,87176185,0.0,0.0
2018-05-09,ICICIBANK.NS,305.0,309.79998779296875,304.25,306.79998779296875,292.2295227050781,20140490,0.0,0.0
2018-05-10,ICICIBANK.NS,308.45001220703125,312.8999938964844,305.70001220703125,306.8500061035156,292.27716064453125,16239386,0.0,0.0
2018-05-11,ICICIBANK.NS,307.95001220703125,311.8500061035156,307.54998779296875,310.95001220703125,296.18243408203125,16671145,0.0,0.0
2018-05-14,ICICIBANK.NS,310.0,311.0,305.1499938964844,310.1000061035156,295.3727722167969,10425585,0.0,0.0
2018-05-15,ICICIBANK.NS,310.70001220703125,317.5,305.04998779296875,308.25,293.6106262207031,16400700,0.0,0.0
2018-05-16,ICICIBANK.NS,303.8999938964844,304.8999938964844,295.29998779296875,297.25,283.1330871582031,25515791,0.0,0.0
2018-05-17,ICICIBANK.NS,299.0,299.95001220703125,294.04998779296875,296.0,281.9423828125,10668400,0.0,0.0
2018-05-18,ICICIBANK.NS,294.1499938964844,295.29998779296875,284.6000061035156,286.1000061035156,272.5126037597656,17469524,0.0,0.0
2018-05-21,ICICIBANK.NS,289.5,293.0,287.75,289.29998779296875,275.5606384277344,23155638,0.0,0.0
2018-05-22,ICICIBANK.NS,289.5,293.8500061035156,286.8500061035156,290.29998779296875,276.5131530761719,11284988,0.0,0.0
2018-05-23,ICICIBANK.NS,288.8500061035156,298.3999938964844,288.79998779296875,292.04998779296875,278.1800231933594,15887229,0.0,0.0
2018-05-24,ICICIBANK.NS,293.70001220703125,299.0,291.20001220703125,297.70001220703125,283.56170654296875,11489424,0.0,0.0
2018-05-25,ICICIBANK.NS,298.3999938964844,300.95001220703125,294.6000061035156,295.6499938964844,281.6090393066406,13541580,0.0,0.0
2018-05-28,ICICIBANK.NS,293.75,302.29998779296875,293.3500061035156,299.25,285.0380859375,19063427,0.0,0.0
2018-05-29,ICICIBANK.NS,298.75,298.75,288.29998779296875,289.8999938964844,276.1321105957031,12969969,0.0,0.0
2018-05-30,ICICIBANK.NS,285.8999938964844,288.1499938964844,282.75,284.8999938964844,271.3695983886719,25142319,0.0,0.0
2018-05-31,ICICIBANK.NS,285.0,288.95001220703125,279.29998779296875,285.79998779296875,272.226806640625,23698686,0.0,0.0
2018-06-01,ICICIBANK.NS,295.0,299.95001220703125,286.8500061035156,289.29998779296875,275.5606384277344,29675949,0.0,0.0
2018-06-04,ICICIBANK.NS,293.29998779296875,293.29998779296875,285.54998779296875,286.75,273.1317443847656,17188567,0.0,0.0
2018-06-05,ICICIBANK.NS,288.0,288.0,283.1000061035156,284.1000061035156,270.6075744628906,12376050,0.0,0.0
2018-06-06,ICICIBANK.NS,285.70001220703125,286.8999938964844,281.1000061035156,283.8999938964844,270.41705322265625,16873633,0.0,0.0
2018-06-07,ICICIBANK.NS,287.5,293.04998779296875,287.1499938964844,290.8999938964844,277.0846252441406,20297969,0.0,0.0
2018-06-08,ICICIBANK.NS,290.1000061035156,290.8999938964844,285.5,288.25,274.5604858398437,11340014,0.0,0.0
2018-06-11,ICICIBANK.NS,285.3999938964844,290.3500061035156,283.20001220703125,286.3999938964844,272.79833984375,16876061,0.0,0.0
2018-06-12,ICICIBANK.NS,288.54998779296875,289.1499938964844,285.25,287.3999938964844,273.7508544921875,14257648,0.0,0.0
2018-06-13,ICICIBANK.NS,289.0,292.8999938964844,286.3999938964844,290.75,276.9417724609375,10927770,0.0,0.0
2018-06-14,ICICIBANK.NS,290.8500061035156,290.8500061035156,284.1000061035156,284.75,271.22674560546875,11400592,0.0,0.0
2018-06-15,ICICIBANK.NS,287.20001220703125,288.5,280.0,282.5,269.0835876464844,47186222,0.0,0.0
2018-06-18,ICICIBANK.NS,284.0,294.20001220703125,283.3999938964844,293.0,279.0848999023437,27792317,0.0,0.0
2018-06-19,ICICIBANK.NS,295.5,295.5,288.3500061035156,292.79998779296875,278.8943786621094,27176748,0.0,0.0
2018-06-20,ICICIBANK.NS,292.6000061035156,294.6000061035156,291.0,293.20001220703125,279.275390625,20364143,0.0,0.0
2018-06-21,ICICIBANK.NS,294.79998779296875,300.3500061035156,294.54998779296875,297.95001220703125,283.79986572265625,30192796,0.0,0.0
2018-06-22,ICICIBANK.NS,298.20001220703125,302.70001220703125,295.6499938964844,300.6499938964844,286.3715515136719,17490606,0.0,0.0
2018-06-25,ICICIBANK.NS,299.79998779296875,300.5,288.79998779296875,289.70001220703125,275.941650390625,15461874,0.0,0.0
2018-06-26,ICICIBANK.NS,287.54998779296875,289.1000061035156,284.70001220703125,288.1000061035156,274.4176330566406,11614686,0.0,0.0
2018-06-27,ICICIBANK.NS,287.8999938964844,287.8999938964844,274.0,279.04998779296875,265.79742431640625,25318055,0.0,0.0
2018-06-28,ICICIBANK.NS,278.0,278.3999938964844,269.79998779296875,271.3999938964844,258.5107727050781,34197884,0.0,0.0
2018-06-29,ICICIBANK.NS,272.0,276.0,269.6000061035156,275.3999938964844,262.3207702636719,20930477,0.0,0.0
2018-07-02,ICICIBANK.NS,274.0,279.8999938964844,271.0,277.3999938964844,264.2257995605469,69733139,0.0,0.0
2018-07-03,ICICIBANK.NS,275.8999938964844,276.79998779296875,272.20001220703125,272.8999938964844,259.939453125,14020388,0.0,0.0
2018-07-04,ICICIBANK.NS,274.20001220703125,274.8500061035156,271.0,273.25,260.2728576660156,8233522,0.0,0.0
2018-07-05,ICICIBANK.NS,273.0,275.5,270.75,271.54998779296875,258.653564453125,7505990,0.0,0.0
2018-07-06,ICICIBANK.NS,271.1000061035156,271.95001220703125,267.04998779296875,270.04998779296875,257.2248229980469,26025797,0.0,0.0
2018-07-09,ICICIBANK.NS,273.8999938964844,274.70001220703125,270.0,271.20001220703125,258.3202819824219,18374471,0.0,0.0
2018-07-10,ICICIBANK.NS,272.0,275.95001220703125,271.8999938964844,273.3999938964844,260.4156799316406,14450561,0.0,0.0
2018-07-11,ICICIBANK.NS,274.54998779296875,274.8999938964844,267.5,268.75,255.986572265625,12717543,0.0,0.0
2018-07-12,ICICIBANK.NS,270.3999938964844,273.70001220703125,269.04998779296875,272.29998779296875,259.3679504394531,15837704,0.0,0.0
2018-07-13,ICICIBANK.NS,273.0,273.29998779296875,266.04998779296875,267.75,255.03407287597656,19159840,0.0,0.0
2018-07-16,ICICIBANK.NS,265.29998779296875,266.6000061035156,256.5,259.25,246.937744140625,29794402,0.0,0.0
2018-07-17,ICICIBANK.NS,260.25,267.5,260.0,266.45001220703125,253.7958221435547,15128995,0.0,0.0
2018-07-18,ICICIBANK.NS,266.0,267.3500061035156,261.0,262.70001220703125,250.2239227294922,22908592,0.0,0.0
2018-07-19,ICICIBANK.NS,263.95001220703125,264.3500061035156,259.3999938964844,261.20001220703125,248.7951812744141,15145144,0.0,0.0
2018-07-20,ICICIBANK.NS,261.79998779296875,267.70001220703125,261.79998779296875,265.79998779296875,253.17662048339844,13794388,0.0,0.0
2018-07-23,ICICIBANK.NS,265.3500061035156,276.29998779296875,265.3500061035156,275.54998779296875,262.4636535644531,16917863,0.0,0.0
2018-07-24,ICICIBANK.NS,273.6499938964844,277.8999938964844,273.3500061035156,274.3500061035156,261.3205871582031,12012225,0.0,0.0
2018-07-25,ICICIBANK.NS,273.0,276.6000061035156,272.25,274.6499938964844,261.6063537597656,17947377,0.0,0.0
2018-07-26,ICICIBANK.NS,275.0,286.5,273.25,285.6499938964844,272.0839538574219,36630780,0.0,0.0
2018-07-27,ICICIBANK.NS,284.8999938964844,295.1499938964844,282.20001220703125,293.20001220703125,279.275390625,30926969,0.0,0.0
2018-07-30,ICICIBANK.NS,300.0,308.45001220703125,294.25,307.3500061035156,292.7533874511719,56119080,0.0,0.0
2018-07-31,ICICIBANK.NS,304.29998779296875,308.5,302.20001220703125,304.25,289.8006286621094,20824059,0.0,0.0
2018-08-01,ICICIBANK.NS,302.6000061035156,305.6499938964844,296.79998779296875,299.29998779296875,285.0857238769531,15581508,0.0,0.0
2018-08-02,ICICIBANK.NS,295.0,300.75,294.1000061035156,298.54998779296875,284.371337890625,14089168,0.0,0.0
2018-08-03,ICICIBANK.NS,300.0,306.75,297.54998779296875,305.0,290.5150146484375,14478297,0.0,0.0
2018-08-06,ICICIBANK.NS,306.95001220703125,318.0,306.79998779296875,315.1000061035156,300.1353454589844,25849864,0.0,0.0
2018-08-07,ICICIBANK.NS,313.95001220703125,318.1499938964844,310.3999938964844,313.1499938964844,298.2779541015625,20751115,0.0,0.0
2018-08-08,ICICIBANK.NS,313.0,320.0,308.25,318.70001220703125,303.5643920898437,17916047,0.0,0.0
2018-08-09,ICICIBANK.NS,320.25,345.8500061035156,320.25,333.0,317.18524169921875,76423347,0.0,0.0
2018-08-10,ICICIBANK.NS,334.04998779296875,340.29998779296875,325.3500061035156,328.6000061035156,312.9942321777344,36321097,0.0,0.0
2018-08-13,ICICIBANK.NS,324.0,327.45001220703125,322.0,324.8999938964844,309.4698791503906,15332907,0.0,0.0
2018-08-14,ICICIBANK.NS,324.70001220703125,333.5,324.70001220703125,332.45001220703125,316.66131591796875,15314006,0.0,0.0
2018-08-16,ICICIBANK.NS,329.54998779296875,339.20001220703125,328.75,334.29998779296875,318.4234619140625,37463597,0.0,0.0
2018-08-17,ICICIBANK.NS,336.79998779296875,342.20001220703125,335.8500061035156,340.0,323.8527526855469,24090696,0.0,0.0
2018-08-20,ICICIBANK.NS,340.0,342.45001220703125,336.70001220703125,338.45001220703125,322.3764038085937,13032778,0.0,0.0
2018-08-21,ICICIBANK.NS,338.29998779296875,341.8500061035156,334.04998779296875,338.8500061035156,322.75738525390625,16009673,0.0,0.0
2018-08-23,ICICIBANK.NS,336.54998779296875,338.70001220703125,334.75,337.20001220703125,321.1857604980469,18867868,0.0,0.0
2018-08-24,ICICIBANK.NS,334.3999938964844,335.5,327.29998779296875,330.1499938964844,315.875732421875,17805968,1.5,0.0
2018-08-27,ICICIBANK.NS,331.0,342.29998779296875,330.95001220703125,339.8999938964844,325.2041320800781,28083933,0.0,0.0
2018-08-28,ICICIBANK.NS,342.0,343.5,336.29998779296875,338.8999938964844,324.2474060058594,16427306,0.0,0.0
2018-08-29,ICICIBANK.NS,336.3500061035156,342.6499938964844,335.79998779296875,340.6499938964844,325.9217834472656,18868248,0.0,0.0
2018-08-30,ICICIBANK.NS,339.20001220703125,345.45001220703125,337.70001220703125,344.3500061035156,329.4617919921875,22349447,0.0,0.0
2018-08-31,ICICIBANK.NS,343.0,346.79998779296875,338.5,342.6000061035156,327.7874755859375,19809916,0.0,0.0
2018-09-03,ICICIBANK.NS,343.6000061035156,344.0,332.54998779296875,334.1499938964844,319.70281982421875,12859450,0.0,0.0
2018-09-04,ICICIBANK.NS,334.79998779296875,336.45001220703125,327.25,328.5,314.2970886230469,15470215,0.0,0.0
2018-09-05,ICICIBANK.NS,327.0,331.3500061035156,324.6000061035156,329.6499938964844,315.3973083496094,14548867,0.0,0.0
2018-09-06,ICICIBANK.NS,330.0,331.25,325.5,328.6499938964844,314.4405822753906,11322771,0.0,0.0
2018-09-07,ICICIBANK.NS,327.45001220703125,336.3999938964844,322.45001220703125,335.1000061035156,320.6117248535156,16435004,0.0,0.0
2018-09-10,ICICIBANK.NS,331.79998779296875,335.75,330.3999938964844,332.8999938964844,318.5068664550781,16673909,0.0,0.0
2018-09-11,ICICIBANK.NS,333.70001220703125,336.70001220703125,325.1000061035156,326.54998779296875,312.431396484375,13005562,0.0,0.0
2018-09-12,ICICIBANK.NS,327.0,327.04998779296875,318.5,322.8999938964844,308.93914794921875,15263406,0.0,0.0
2018-09-14,ICICIBANK.NS,327.20001220703125,332.0,324.1499938964844,328.3500061035156,314.153564453125,10736693,0.0,0.0
2018-09-17,ICICIBANK.NS,327.29998779296875,327.5,321.3500061035156,325.70001220703125,311.6181640625,7227361,0.0,0.0
2018-09-18,ICICIBANK.NS,324.25,328.04998779296875,317.70001220703125,318.8500061035156,305.0643005371094,14825218,0.0,0.0
2018-09-19,ICICIBANK.NS,320.0,324.70001220703125,317.0,320.95001220703125,307.07354736328125,15942065,0.0,0.0
2018-09-21,ICICIBANK.NS,323.45001220703125,333.70001220703125,308.3500061035156,317.1000061035156,303.38995361328125,34169460,0.0,0.0
2018-09-24,ICICIBANK.NS,316.79998779296875,316.79998779296875,305.54998779296875,308.75,295.4010009765625,24382310,0.0,0.0
2018-09-25,ICICIBANK.NS,307.0,313.5,300.04998779296875,311.1000061035156,297.6493835449219,30472132,0.0,0.0
2018-09-26,ICICIBANK.NS,315.0,315.29998779296875,305.1000061035156,313.1000061035156,299.5628967285156,23224979,0.0,0.0
2018-09-27,ICICIBANK.NS,315.6499938964844,316.0,305.29998779296875,306.6499938964844,293.3917541503906,24888615,0.0,0.0
2018-09-28,ICICIBANK.NS,309.1000061035156,311.6000061035156,301.79998779296875,305.54998779296875,292.3393249511719,26289107,0.0,0.0
2018-10-01,ICICIBANK.NS,306.29998779296875,315.04998779296875,300.54998779296875,314.0,300.42401123046875,21104376,0.0,0.0
2018-10-03,ICICIBANK.NS,311.1000061035156,314.5,302.45001220703125,303.70001220703125,290.5693664550781,19105555,0.0,0.0
2018-10-04,ICICIBANK.NS,299.0,321.25,294.79998779296875,316.5,302.8158874511719,56268976,0.0,0.0
2018-10-05,ICICIBANK.NS,314.6499938964844,321.8500061035156,299.3500061035156,307.29998779296875,294.0136413574219,36131946,0.0,0.0
2018-10-08,ICICIBANK.NS,307.29998779296875,314.04998779296875,298.6000061035156,310.8500061035156,297.41015625,20488368,0.0,0.0
2018-10-09,ICICIBANK.NS,311.45001220703125,311.8999938964844,303.0,306.25,293.0090637207031,14852835,0.0,0.0
2018-10-10,ICICIBANK.NS,307.1000061035156,322.95001220703125,304.5,319.8500061035156,306.0210876464844,23972064,0.0,0.0
2018-10-11,ICICIBANK.NS,310.0,315.45001220703125,304.0,311.70001220703125,298.22344970703125,21691068,0.0,0.0
2018-10-12,ICICIBANK.NS,313.8500061035156,324.25,313.6000061035156,319.3999938964844,305.5904846191406,25930022,0.0,0.0
2018-10-15,ICICIBANK.NS,316.8999938964844,317.8999938964844,309.54998779296875,313.3500061035156,299.8020935058594,23756416,0.0,0.0
2018-10-16,ICICIBANK.NS,313.75,322.95001220703125,313.75,320.6499938964844,306.7864990234375,18042549,0.0,0.0
2018-10-17,ICICIBANK.NS,325.1000061035156,328.1499938964844,311.6499938964844,314.79998779296875,301.1894226074219,20203287,0.0,0.0
2018-10-19,ICICIBANK.NS,312.8500061035156,321.5,310.20001220703125,315.45001220703125,301.811279296875,18322589,0.0,0.0
2018-10-22,ICICIBANK.NS,320.20001220703125,329.8500061035156,316.1000061035156,327.1000061035156,312.9576110839844,33593953,0.0,0.0
2018-10-23,ICICIBANK.NS,323.0,328.6000061035156,318.3500061035156,322.8500061035156,308.8913269042969,21509920,0.0,0.0
2018-10-24,ICICIBANK.NS,328.75,330.0,316.25,322.0,308.078125,33104174,0.0,0.0
2018-10-25,ICICIBANK.NS,318.5,322.04998779296875,311.79998779296875,319.95001220703125,306.11676025390625,26920180,0.0,0.0
2018-10-26,ICICIBANK.NS,319.79998779296875,323.3999938964844,313.0,315.6499938964844,302.0026550292969,22952163,0.0,0.0
2018-10-29,ICICIBANK.NS,329.0,352.95001220703125,328.29998779296875,349.3999938964844,334.2934265136719,80069836,0.0,0.0
2018-10-30,ICICIBANK.NS,347.45001220703125,353.8500061035156,342.8999938964844,345.70001220703125,330.7533874511719,34460428,0.0,0.0
2018-10-31,ICICIBANK.NS,345.5,356.54998779296875,342.29998779296875,355.0,339.6513366699219,31233009,0.0,0.0
2018-11-01,ICICIBANK.NS,357.0,358.45001220703125,351.1000061035156,353.70001220703125,338.4075622558594,22157128,0.0,0.0
2018-11-02,ICICIBANK.NS,354.0,357.79998779296875,351.70001220703125,354.45001220703125,339.1250915527344,26714413,0.0,0.0
2018-11-05,ICICIBANK.NS,351.0,351.8500061035156,348.0,349.6499938964844,334.5326232910156,22873951,0.0,0.0
2018-11-06,ICICIBANK.NS,348.70001220703125,358.29998779296875,347.6499938964844,353.1000061035156,337.8334655761719,21349153,0.0,0.0
2018-11-07,ICICIBANK.NS,356.75,357.0,354.54998779296875,355.8999938964844,340.512451171875,2074764,0.0,0.0
2018-11-09,ICICIBANK.NS,356.8999938964844,358.1000061035156,352.3999938964844,356.8500061035156,341.4213562011719,15130936,0.0,0.0
2018-11-12,ICICIBANK.NS,356.0,358.20001220703125,351.5,352.3500061035156,337.11590576171875,10642857,0.0,0.0
2018-11-13,ICICIBANK.NS,347.79998779296875,361.9500122070313,347.79998779296875,360.8999938964844,345.2962341308594,17684864,0.0,0.0
2018-11-14,ICICIBANK.NS,365.0,369.8999938964844,361.2999877929688,366.6000061035156,350.7497863769531,31774158,0.0,0.0
2018-11-15,ICICIBANK.NS,366.1000061035156,374.8999938964844,362.1000061035156,370.0,354.0027770996094,21967798,0.0,0.0
2018-11-16,ICICIBANK.NS,370.1000061035156,375.2999877929688,365.5499877929688,367.5499877929688,351.65869140625,29972926,0.0,0.0
2018-11-19,ICICIBANK.NS,368.2999877929688,370.7000122070313,360.75,362.3999938964844,346.7313842773437,16002154,0.0,0.0
2018-11-20,ICICIBANK.NS,362.0,365.4500122070313,354.6000061035156,357.8999938964844,342.4259338378906,19591217,0.0,0.0
2018-11-21,ICICIBANK.NS,356.3500061035156,360.2999877929688,353.04998779296875,356.75,341.3256530761719,29323882,0.0,0.0
2018-11-22,ICICIBANK.NS,357.6499938964844,358.5,351.0,352.04998779296875,336.828857421875,12547369,0.0,0.0
2018-11-26,ICICIBANK.NS,354.75,357.8500061035156,350.70001220703125,356.3500061035156,340.9429626464844,20673027,0.0,0.0
2018-11-27,ICICIBANK.NS,355.75,356.1000061035156,351.6000061035156,354.6499938964844,339.31646728515625,17933339,0.0,0.0
2018-11-28,ICICIBANK.NS,356.95001220703125,361.5499877929688,353.25,359.0,343.4783935546875,18163000,0.0,0.0
2018-11-29,ICICIBANK.NS,363.0,366.3999938964844,360.20001220703125,362.2000122070313,346.5400390625,38692771,0.0,0.0
2018-11-30,ICICIBANK.NS,365.0,365.0,353.79998779296875,355.1499938964844,339.7948913574219,21893877,0.0,0.0
2018-12-03,ICICIBANK.NS,358.8999938964844,358.8999938964844,352.1000061035156,355.5,340.12969970703125,23427270,0.0,0.0
2018-12-04,ICICIBANK.NS,353.29998779296875,359.1000061035156,353.29998779296875,357.95001220703125,342.4737854003906,18651442,0.0,0.0
2018-12-05,ICICIBANK.NS,355.29998779296875,356.3500061035156,350.45001220703125,351.3999938964844,336.2070007324219,12068267,0.0,0.0
2018-12-06,ICICIBANK.NS,348.20001220703125,349.95001220703125,343.3500061035156,347.6499938964844,332.619140625,17784829,0.0,0.0
2018-12-07,ICICIBANK.NS,349.6000061035156,353.0,345.29998779296875,352.20001220703125,336.9723815917969,14979672,0.0,0.0
2018-12-10,ICICIBANK.NS,346.5,349.45001220703125,344.25,346.3500061035156,331.37530517578125,14107881,0.0,0.0
2018-12-11,ICICIBANK.NS,337.3999938964844,345.0,336.0,342.79998779296875,327.97882080078125,36885929,0.0,0.0
2018-12-12,ICICIBANK.NS,342.79998779296875,351.70001220703125,339.3999938964844,349.95001220703125,334.8196716308594,24740214,0.0,0.0
2018-12-13,ICICIBANK.NS,352.8999938964844,354.20001220703125,347.6000061035156,349.54998779296875,334.4369506835937,19129928,0.0,0.0
2018-12-14,ICICIBANK.NS,349.20001220703125,354.04998779296875,349.1499938964844,351.8999938964844,336.6853332519531,12104234,0.0,0.0
2018-12-17,ICICIBANK.NS,352.29998779296875,360.5,352.29998779296875,358.45001220703125,342.9521789550781,18378122,0.0,0.0
2018-12-18,ICICIBANK.NS,356.75,362.8999938964844,354.6000061035156,362.25,346.5878601074219,15405953,0.0,0.0
2018-12-19,ICICIBANK.NS,363.0,369.25,361.0,366.5,350.65411376953125,19442031,0.0,0.0
2018-12-20,ICICIBANK.NS,363.0499877929688,365.5,361.1499938964844,362.1499938964844,346.4921569824219,12109613,0.0,0.0
2018-12-21,ICICIBANK.NS,361.0,363.5,352.0,354.20001220703125,338.88592529296875,13555416,0.0,0.0
2018-12-24,ICICIBANK.NS,353.3999938964844,357.1000061035156,351.5,352.75,337.49859619140625,9025217,0.0,0.0
2018-12-26,ICICIBANK.NS,350.6499938964844,356.8999938964844,348.1499938964844,355.8500061035156,340.4645690917969,8695108,0.0,0.0
2018-12-27,ICICIBANK.NS,359.5,360.75,354.8999938964844,355.6499938964844,340.2732238769531,10122458,0.0,0.0
2018-12-28,ICICIBANK.NS,358.29998779296875,362.7999877929688,358.29998779296875,360.75,345.1527099609375,13004606,0.0,0.0
2018-12-31,ICICIBANK.NS,362.7999877929688,363.5,359.5,360.1499938964844,344.5786437988281,7314108,0.0,0.0
2019-01-02,ICICIBANK.NS,361.5,367.8999938964844,360.2999877929688,364.6000061035156,348.8363037109375,18243156,0.0,0.0
2019-01-03,ICICIBANK.NS,365.0,367.2999877929688,362.0499877929688,363.25,347.54461669921875,12884409,0.0,0.0
2019-01-04,ICICIBANK.NS,361.8500061035156,368.7999877929688,358.04998779296875,365.2000122070313,349.41033935546875,22896026,0.0,0.0
2019-01-07,ICICIBANK.NS,367.5,371.0,366.5499877929688,367.7000122070313,351.8021850585937,12719847,0.0,0.0
2019-01-08,ICICIBANK.NS,367.7999877929688,381.7999877929688,366.6000061035156,380.1499938964844,363.71392822265625,21501136,0.0,0.0
2019-01-09,ICICIBANK.NS,381.6499938964844,383.5499877929688,375.6000061035156,382.25,365.72314453125,21730142,0.0,0.0
2019-01-10,ICICIBANK.NS,380.9500122070313,382.1499938964844,376.0499877929688,379.5,363.0920715332031,14497154,0.0,0.0
2019-01-11,ICICIBANK.NS,380.6000061035156,381.2000122070313,375.25,378.5499877929688,362.1831665039063,12537973,0.0,0.0
2019-01-14,ICICIBANK.NS,378.7000122070313,378.7000122070313,372.7000122070313,373.3500061035156,357.2079467773437,14844029,0.0,0.0
2019-01-15,ICICIBANK.NS,373.5499877929688,375.3999938964844,370.6000061035156,372.75,356.6338806152344,12960779,0.0,0.0
2019-01-16,ICICIBANK.NS,372.0499877929688,379.75,372.0499877929688,375.2999877929688,359.0736389160156,15106484,0.0,0.0
2019-01-17,ICICIBANK.NS,376.0,377.9500122070313,372.7999877929688,374.6000061035156,358.4039001464844,13171721,0.0,0.0
2019-01-18,ICICIBANK.NS,374.6000061035156,376.3999938964844,370.3500061035156,372.0,355.9163513183594,12212121,0.0,0.0
2019-01-21,ICICIBANK.NS,373.0,376.1499938964844,370.6000061035156,371.7000122070313,355.6293029785156,8908581,0.0,0.0
2019-01-22,ICICIBANK.NS,370.5499877929688,372.5,366.1000061035156,369.0499877929688,353.09381103515625,14756076,0.0,0.0
2019-01-23,ICICIBANK.NS,368.7999877929688,373.7000122070313,366.4500122070313,367.3999938964844,351.5151672363281,9726450,0.0,0.0
2019-01-24,ICICIBANK.NS,366.6000061035156,368.5,361.75,364.7999877929688,349.02764892578125,17521254,0.0,0.0
2019-01-25,ICICIBANK.NS,362.3500061035156,364.6499938964844,354.54998779296875,357.20001220703125,341.7562255859375,22978238,0.0,0.0
2019-01-28,ICICIBANK.NS,353.20001220703125,354.8999938964844,336.6499938964844,343.54998779296875,328.69635009765625,34362360,0.0,0.0
2019-01-29,ICICIBANK.NS,342.95001220703125,350.1000061035156,341.3500061035156,346.8500061035156,331.85369873046875,20738442,0.0,0.0
2019-01-30,ICICIBANK.NS,351.0,368.6000061035156,351.0,365.8999938964844,350.0800476074219,39400056,0.0,0.0
2019-01-31,ICICIBANK.NS,372.7000122070313,376.6499938964844,354.1000061035156,364.4500122070313,348.6927490234375,85917249,0.0,0.0
2019-02-01,ICICIBANK.NS,364.5,364.8999938964844,348.75,354.6499938964844,339.31646728515625,25605469,0.0,0.0
2019-02-04,ICICIBANK.NS,351.0,356.8999938964844,346.0,354.54998779296875,339.2207336425781,17039321,0.0,0.0
2019-02-05,ICICIBANK.NS,354.6000061035156,356.1000061035156,348.8500061035156,352.6499938964844,337.4029235839844,12197271,0.0,0.0
2019-02-06,ICICIBANK.NS,353.6000061035156,361.8999938964844,353.20001220703125,359.29998779296875,343.76544189453125,15396216,0.0,0.0
2019-02-07,ICICIBANK.NS,359.1000061035156,361.7999877929688,356.5,358.6499938964844,343.1434631347656,10247434,0.0,0.0
2019-02-08,ICICIBANK.NS,356.8999938964844,358.3999938964844,350.75,355.1000061035156,339.7470092773437,9308651,0.0,0.0
2019-02-11,ICICIBANK.NS,354.6000061035156,354.70001220703125,349.04998779296875,350.04998779296875,334.9153137207031,9419635,0.0,0.0
2019-02-12,ICICIBANK.NS,349.0,352.0,343.25,344.29998779296875,329.4139404296875,14924394,0.0,0.0
2019-02-14,ICICIBANK.NS,339.8500061035156,346.8500061035156,336.1499938964844,343.95001220703125,329.0790710449219,15172596,0.0,0.0
2019-02-15,ICICIBANK.NS,344.04998779296875,347.75,340.6000061035156,342.1499938964844,327.3568725585937,20316848,0.0,0.0
2019-02-18,ICICIBANK.NS,342.20001220703125,343.0,337.54998779296875,338.75,324.1039123535156,10601490,0.0,0.0
2019-02-19,ICICIBANK.NS,339.1000061035156,350.3999938964844,339.1000061035156,343.25,328.4093322753906,14384763,0.0,0.0
2019-02-20,ICICIBANK.NS,345.0,347.6000061035156,342.3500061035156,345.20001220703125,330.2750244140625,9474758,0.0,0.0
2019-02-21,ICICIBANK.NS,346.79998779296875,354.95001220703125,346.25,351.29998779296875,336.1112670898437,18631331,0.0,0.0
2019-02-22,ICICIBANK.NS,351.3999938964844,354.1000061035156,351.29998779296875,352.04998779296875,336.828857421875,10997730,0.0,0.0
2019-02-25,ICICIBANK.NS,353.04998779296875,357.45001220703125,353.04998779296875,355.6000061035156,340.2253723144531,10344411,0.0,0.0
2019-02-26,ICICIBANK.NS,350.0,352.70001220703125,346.6000061035156,348.20001220703125,333.1453552246094,18096382,0.0,0.0
2019-02-27,ICICIBANK.NS,351.0,354.70001220703125,343.29998779296875,345.54998779296875,330.6098937988281,17325417,0.0,0.0
2019-02-28,ICICIBANK.NS,348.45001220703125,351.75,345.0,350.1499938964844,335.0110168457031,18347113,0.0,0.0
2019-03-01,ICICIBANK.NS,352.04998779296875,355.0,350.6499938964844,354.25,338.9337463378906,14190221,0.0,0.0
2019-03-05,ICICIBANK.NS,355.0,364.1499938964844,352.79998779296875,363.25,347.54461669921875,17638277,0.0,0.0
2019-03-06,ICICIBANK.NS,365.25,372.8500061035156,365.25,371.9500122070313,355.8685302734375,31436190,0.0,0.0
2019-03-07,ICICIBANK.NS,371.5,374.0,368.5,370.7999877929688,354.7681579589844,15355303,0.0,0.0
2019-03-08,ICICIBANK.NS,369.7999877929688,373.3999938964844,367.6499938964844,370.6000061035156,354.5768127441406,16143455,0.0,0.0
2019-03-11,ICICIBANK.NS,371.7999877929688,378.3999938964844,370.0,375.8500061035156,359.5998229980469,11449587,0.0,0.0
2019-03-12,ICICIBANK.NS,378.0,389.0,377.3500061035156,388.2000122070313,371.4159240722656,37108265,0.0,0.0
2019-03-13,ICICIBANK.NS,387.8999938964844,393.25,384.2999877929688,391.8999938964844,374.9559020996094,19574619,0.0,0.0
2019-03-14,ICICIBANK.NS,392.0,393.0,386.7999877929688,387.8999938964844,371.12884521484375,13182462,0.0,0.0
2019-03-15,ICICIBANK.NS,388.8500061035156,398.25,388.1000061035156,395.2999877929688,378.2088928222656,31466545,0.0,0.0
2019-03-18,ICICIBANK.NS,396.25,399.8999938964844,393.5,398.0499877929688,380.8400268554688,21220626,0.0,0.0
2019-03-19,ICICIBANK.NS,398.3999938964844,400.9500122070313,393.8999938964844,398.3999938964844,381.17486572265625,11670392,0.0,0.0
2019-03-20,ICICIBANK.NS,397.6000061035156,398.1499938964844,392.2000122070313,392.8999938964844,375.9126892089844,14181408,0.0,0.0
2019-03-22,ICICIBANK.NS,394.4500122070313,396.2999877929688,390.0,391.7999877929688,374.8602600097656,17409249,0.0,0.0
2019-03-25,ICICIBANK.NS,387.9500122070313,387.9500122070313,382.5,383.5,366.9190979003906,12345034,0.0,0.0
2019-03-26,ICICIBANK.NS,384.9500122070313,395.5,383.3999938964844,394.1000061035156,377.0608520507813,14063632,0.0,0.0
2019-03-27,ICICIBANK.NS,395.3999938964844,398.4500122070313,390.1499938964844,393.2000122070313,376.1997375488281,17950017,0.0,0.0
2019-03-28,ICICIBANK.NS,392.75,401.8999938964844,392.75,400.5499877929688,383.2319030761719,23117485,0.0,0.0
2019-04-01,ICICIBANK.NS,401.4500122070313,409.5499877929688,395.75,398.25,381.0313720703125,16106604,0.0,0.0
2019-04-02,ICICIBANK.NS,400.0,400.0,393.4500122070313,397.1499938964844,379.9788818359375,13010810,0.0,0.0
2019-04-03,ICICIBANK.NS,399.0,402.7999877929688,390.6499938964844,392.1000061035156,375.1472778320313,12317200,0.0,0.0
2019-04-04,ICICIBANK.NS,394.3999938964844,395.7000122070313,387.2999877929688,388.75,371.9421691894531,14521564,0.0,0.0
2019-04-05,ICICIBANK.NS,389.25,392.5,385.6000061035156,390.5499877929688,373.6642456054688,10853927,0.0,0.0
2019-04-08,ICICIBANK.NS,391.4500122070313,391.4500122070313,385.0,387.1000061035156,370.3634948730469,6305407,0.0,0.0
2019-04-09,ICICIBANK.NS,387.3999938964844,398.3500061035156,387.1499938964844,397.1499938964844,379.9788818359375,13206348,0.0,0.0
2019-04-10,ICICIBANK.NS,395.5499877929688,398.7999877929688,392.7000122070313,394.2000122070313,377.156494140625,14000018,0.0,0.0
2019-04-11,ICICIBANK.NS,394.5,394.5,387.5499877929688,390.0499877929688,373.1858520507813,8704774,0.0,0.0
2019-04-12,ICICIBANK.NS,390.6000061035156,395.5499877929688,388.25,394.6000061035156,377.5391845703125,7035256,0.0,0.0
2019-04-15,ICICIBANK.NS,394.2000122070313,396.9500122070313,391.7999877929688,392.75,375.7691955566406,9770752,0.0,0.0
2019-04-16,ICICIBANK.NS,397.5,408.3999938964844,397.5,407.0,389.403076171875,24487788,0.0,0.0
2019-04-18,ICICIBANK.NS,411.0,411.0,402.6000061035156,404.3999938964844,386.91546630859375,18660434,0.0,0.0
2019-04-22,ICICIBANK.NS,404.25,404.6000061035156,393.7000122070313,394.5,377.4435119628906,10493872,0.0,0.0
2019-04-23,ICICIBANK.NS,396.1000061035156,399.9500122070313,393.6000061035156,396.5,379.3570556640625,10203957,0.0,0.0
2019-04-24,ICICIBANK.NS,397.1000061035156,402.6499938964844,393.4500122070313,401.1000061035156,383.7581787109375,11397163,0.0,0.0
2019-04-25,ICICIBANK.NS,400.8999938964844,402.3999938964844,394.2999877929688,395.3999938964844,378.3045959472656,16524091,0.0,0.0
2019-04-26,ICICIBANK.NS,400.0,408.0,394.25,407.2000122070313,389.5944213867188,14286163,0.0,0.0
2019-04-30,ICICIBANK.NS,407.75,409.7999877929688,403.2999877929688,407.5,389.8814697265625,19375553,0.0,0.0
2019-05-02,ICICIBANK.NS,403.7000122070313,405.0,394.3999938964844,395.5499877929688,378.4481201171875,16572948,0.0,0.0
2019-05-03,ICICIBANK.NS,397.1499938964844,405.2000122070313,394.7000122070313,401.7999877929688,384.4278564453125,24431248,0.0,0.0
2019-05-06,ICICIBANK.NS,396.5,404.8999938964844,394.6499938964844,401.2999877929688,383.9495239257813,20751521,0.0,0.0
2019-05-07,ICICIBANK.NS,398.0,407.3500061035156,384.2999877929688,386.5,369.7894287109375,41519416,0.0,0.0
2019-05-08,ICICIBANK.NS,386.2999877929688,390.0,380.1000061035156,382.2000122070313,365.67529296875,22509400,0.0,0.0
2019-05-09,ICICIBANK.NS,380.9500122070313,385.7000122070313,377.5499877929688,381.3999938964844,364.9098815917969,19739885,0.0,0.0
2019-05-10,ICICIBANK.NS,383.5,389.2000122070313,382.25,385.1000061035156,368.4499206542969,18361701,0.0,0.0
2019-05-13,ICICIBANK.NS,385.0,385.75,375.25,376.2999877929688,360.0303955078125,13828080,0.0,0.0
2019-05-14,ICICIBANK.NS,378.1000061035156,386.75,376.5,380.3999938964844,363.9531555175781,21481226,0.0,0.0
2019-05-15,ICICIBANK.NS,382.3500061035156,384.5,375.7999877929688,377.0499877929688,360.7480163574219,16183425,0.0,0.0
2019-05-16,ICICIBANK.NS,379.0,385.0,377.5499877929688,382.5,365.96234130859375,13430281,0.0,0.0
2019-05-17,ICICIBANK.NS,381.2000122070313,392.0,380.75,389.7000122070313,372.8511047363281,19096980,0.0,0.0
2019-05-20,ICICIBANK.NS,405.25,414.0,402.0,407.7000122070313,390.0728454589844,33350816,0.0,0.0
2019-05-21,ICICIBANK.NS,408.6000061035156,410.7999877929688,397.6000061035156,400.1499938964844,382.8492431640625,18286421,0.0,0.0
2019-05-22,ICICIBANK.NS,403.0,408.3999938964844,401.5499877929688,405.3500061035156,387.8243713378906,15370847,0.0,0.0
2019-05-23,ICICIBANK.NS,414.0,427.9500122070313,407.3999938964844,410.8500061035156,393.0866088867188,43279956,0.0,0.0
2019-05-24,ICICIBANK.NS,415.5,433.5499877929688,412.6499938964844,431.75,413.08294677734375,37708344,0.0,0.0
2019-05-27,ICICIBANK.NS,432.25,438.7999877929688,429.6499938964844,435.5,416.6708068847656,23397222,0.0,0.0
2019-05-28,ICICIBANK.NS,435.0499877929688,439.2000122070313,428.1000061035156,434.2999877929688,415.522705078125,23389724,0.0,0.0
2019-05-29,ICICIBANK.NS,428.6000061035156,430.4500122070313,422.1000061035156,423.2999877929688,404.9983215332031,22132254,0.0,0.0
2019-05-30,ICICIBANK.NS,420.8500061035156,428.0,419.6000061035156,426.2000122070313,407.77294921875,18281037,0.0,0.0
2019-05-31,ICICIBANK.NS,427.0,430.2000122070313,414.2999877929688,423.7000122070313,405.3810729980469,24644955,0.0,0.0
2019-06-03,ICICIBANK.NS,426.0,426.3999938964844,419.6000061035156,422.8999938964844,404.6156311035156,17125380,0.0,0.0
2019-06-04,ICICIBANK.NS,417.7000122070313,422.75,417.5,419.1000061035156,400.97991943359375,14514451,0.0,0.0
2019-06-06,ICICIBANK.NS,417.3999938964844,417.8500061035156,410.3500061035156,411.5499877929688,393.7563171386719,17762399,0.0,0.0
2019-06-07,ICICIBANK.NS,413.5,418.9500122070313,407.8999938964844,416.6000061035156,398.5880126953125,14107696,0.0,0.0
2019-06-10,ICICIBANK.NS,418.8999938964844,422.75,413.0,416.1000061035156,398.109619140625,13074522,0.0,0.0
2019-06-11,ICICIBANK.NS,418.4500122070313,423.7000122070313,413.0499877929688,421.3500061035156,403.1326293945313,10939138,0.0,0.0
2019-06-12,ICICIBANK.NS,422.0,422.0,414.7999877929688,418.0,399.927490234375,11136959,0.0,0.0
2019-06-13,ICICIBANK.NS,416.7000122070313,422.2999877929688,415.2999877929688,419.6000061035156,401.4583129882813,12164077,0.0,0.0
2019-06-14,ICICIBANK.NS,420.2999877929688,422.0,416.1000061035156,417.75,399.6882629394531,8601256,0.0,0.0
2019-06-17,ICICIBANK.NS,418.9500122070313,419.7000122070313,413.1499938964844,414.2000122070313,396.2917785644531,9539802,0.0,0.0
2019-06-18,ICICIBANK.NS,415.4500122070313,426.0499877929688,415.1000061035156,422.1499938964844,403.8980712890625,17761348,0.0,0.0
2019-06-19,ICICIBANK.NS,423.75,426.0,417.3500061035156,419.7999877929688,401.6496276855469,17010384,0.0,0.0
2019-06-20,ICICIBANK.NS,419.75,434.6499938964844,419.0,433.3999938964844,414.66162109375,24315929,0.0,0.0
2019-06-21,ICICIBANK.NS,434.2000122070313,435.2000122070313,428.8500061035156,430.7999877929688,412.174072265625,13909654,0.0,0.0
2019-06-24,ICICIBANK.NS,431.4500122070313,433.7999877929688,428.2000122070313,429.4500122070313,410.8824157714844,8545999,0.0,0.0
2019-06-25,ICICIBANK.NS,427.8999938964844,434.7999877929688,424.6000061035156,433.6499938964844,414.90081787109375,12964387,0.0,0.0
2019-06-26,ICICIBANK.NS,432.5,440.0,432.5,438.6499938964844,419.6846923828125,12261068,0.0,0.0
2019-06-27,ICICIBANK.NS,438.0,443.8999938964844,437.6000061035156,440.9500122070313,421.8852233886719,18787957,0.0,0.0
2019-06-28,ICICIBANK.NS,439.5,440.5,433.6000061035156,437.1000061035156,418.2016906738281,13459208,0.0,0.0
2019-07-01,ICICIBANK.NS,439.5,442.0,437.7000122070313,439.0,420.0195007324219,6871979,0.0,0.0
2019-07-02,ICICIBANK.NS,439.0,440.0,433.6000061035156,436.75,417.8668212890625,7787303,0.0,0.0
2019-07-03,ICICIBANK.NS,437.8999938964844,440.0,434.2000122070313,435.9500122070313,417.1014404296875,10415896,0.0,0.0
2019-07-04,ICICIBANK.NS,438.0,441.3999938964844,434.1000061035156,436.2000122070313,417.340576171875,11810688,0.0,0.0
2019-07-05,ICICIBANK.NS,436.4500122070313,439.8999938964844,433.2000122070313,436.3500061035156,417.4841613769531,12154330,0.0,0.0
2019-07-08,ICICIBANK.NS,434.0,435.3500061035156,422.0,425.8999938964844,407.4859008789063,12184946,0.0,0.0
2019-07-09,ICICIBANK.NS,426.0,429.7999877929688,424.6499938964844,428.5,409.9735107421875,11679067,0.0,0.0
2019-07-10,ICICIBANK.NS,430.0,432.7000122070313,427.2000122070313,430.8999938964844,412.2697448730469,16494282,0.0,0.0
2019-07-11,ICICIBANK.NS,432.6499938964844,432.8999938964844,424.7999877929688,426.5499877929688,408.1078186035156,16535185,0.0,0.0
2019-07-12,ICICIBANK.NS,427.2999877929688,433.0,424.0,427.0499877929688,408.5861511230469,8824728,0.0,0.0
2019-07-15,ICICIBANK.NS,428.3999938964844,428.3999938964844,421.6000061035156,422.2999877929688,404.0415344238281,7825336,0.0,0.0
2019-07-16,ICICIBANK.NS,421.5499877929688,430.5499877929688,421.5499877929688,424.6000061035156,406.2420959472656,12149205,0.0,0.0
2019-07-17,ICICIBANK.NS,424.6000061035156,427.0499877929688,422.5,424.7000122070313,406.33782958984375,10961022,0.0,0.0
2019-07-18,ICICIBANK.NS,425.0,425.5,417.5,418.6499938964844,400.5493774414063,10651654,0.0,0.0
2019-07-19,ICICIBANK.NS,419.8999938964844,420.3500061035156,408.5,410.2999877929688,392.5603942871094,12260757,0.0,0.0
2019-07-22,ICICIBANK.NS,409.75,412.9500122070313,404.25,411.5,394.67041015625,17937246,1.0,0.0
2019-07-23,ICICIBANK.NS,412.7999877929688,416.0,409.75,411.9500122070313,395.1020202636719,14207080,0.0,0.0
2019-07-24,ICICIBANK.NS,411.8500061035156,411.8500061035156,401.7000122070313,408.5,391.7931213378906,16505930,0.0,0.0
2019-07-25,ICICIBANK.NS,409.2000122070313,413.8500061035156,405.2999877929688,409.0,392.2726440429688,16852479,0.0,0.0
2019-07-26,ICICIBANK.NS,410.25,419.3999938964844,408.5499877929688,415.75,398.7466125488281,17493739,0.0,0.0
2019-07-29,ICICIBANK.NS,433.0,435.3500061035156,425.2999877929688,429.3500061035156,411.7903747558594,46754670,0.0,0.0
2019-07-30,ICICIBANK.NS,433.0,438.7000122070313,422.75,425.3500061035156,407.9539794921875,23617273,0.0,0.0
2019-07-31,ICICIBANK.NS,423.8999938964844,430.2000122070313,421.2000122070313,424.6000061035156,407.2346496582031,22329888,0.0,0.0
2019-08-01,ICICIBANK.NS,423.25,426.3500061035156,410.6499938964844,417.0499877929688,399.9933776855469,18269866,0.0,0.0
2019-08-02,ICICIBANK.NS,413.8999938964844,417.8500061035156,405.5,410.6000061035156,393.8072204589844,30939803,0.0,0.0
2019-08-05,ICICIBANK.NS,403.6499938964844,406.6499938964844,395.75,402.6499938964844,386.1823425292969,25033370,0.0,0.0
2019-08-06,ICICIBANK.NS,401.0,411.5,400.8999938964844,410.25,393.4715576171875,30665326,0.0,0.0
2019-08-07,ICICIBANK.NS,409.2999877929688,415.0,406.2999877929688,408.3999938964844,391.6971740722656,20977349,0.0,0.0
2019-08-08,ICICIBANK.NS,411.0,416.6000061035156,404.1499938964844,414.3999938964844,397.4518127441406,19046657,0.0,0.0
2019-08-09,ICICIBANK.NS,416.5,422.3999938964844,414.5,420.1499938964844,402.9666442871094,17664017,0.0,0.0
2019-08-13,ICICIBANK.NS,417.0,421.7000122070313,409.1499938964844,410.25,393.4715576171875,18389104,0.0,0.0
2019-08-14,ICICIBANK.NS,411.8999938964844,422.2000122070313,411.25,417.2999877929688,400.2331848144531,13307755,0.0,0.0
2019-08-16,ICICIBANK.NS,417.7999877929688,420.0,412.1000061035156,418.9500122070313,401.8157348632813,15154141,0.0,0.0
2019-08-19,ICICIBANK.NS,420.1000061035156,427.8999938964844,420.1000061035156,423.3999938964844,406.0837097167969,12304262,0.0,0.0
2019-08-20,ICICIBANK.NS,420.7999877929688,423.2000122070313,412.5,416.8999938964844,399.84954833984375,16181488,0.0,0.0
2019-08-21,ICICIBANK.NS,416.0,418.7000122070313,410.5499877929688,412.0499877929688,395.1979064941406,12868183,0.0,0.0
2019-08-22,ICICIBANK.NS,411.0,412.5,398.0,399.1000061035156,382.7775573730469,18182520,0.0,0.0
2019-08-23,ICICIBANK.NS,389.0,403.5,385.7999877929688,395.3999938964844,379.2288513183594,26883695,0.0,0.0
2019-08-26,ICICIBANK.NS,407.0,414.0,392.8500061035156,411.6499938964844,394.8142700195313,26701988,0.0,0.0
2019-08-27,ICICIBANK.NS,412.7999877929688,420.5,411.25,418.6000061035156,401.4800109863281,28793372,0.0,0.0
2019-08-28,ICICIBANK.NS,418.0,418.25,409.7000122070313,412.9500122070313,396.0611267089844,12154347,0.0,0.0
2019-08-29,ICICIBANK.NS,409.8999938964844,410.7999877929688,399.3500061035156,404.3999938964844,387.86077880859375,30331105,0.0,0.0
2019-08-30,ICICIBANK.NS,406.5,412.8500061035156,402.6499938964844,409.6499938964844,392.8960571289063,18314194,0.0,0.0
2019-09-03,ICICIBANK.NS,405.0499877929688,406.3999938964844,391.0499877929688,392.1499938964844,376.11181640625,20194305,0.0,0.0
2019-09-04,ICICIBANK.NS,391.0,399.6499938964844,389.8999938964844,397.5,381.2429809570313,18614965,0.0,0.0
2019-09-05,ICICIBANK.NS,389.5499877929688,394.0,388.0,389.0,373.0906066894531,25022673,0.0,0.0
2019-09-06,ICICIBANK.NS,391.0,394.5,389.2000122070313,391.3500061035156,375.3445434570313,17564286,0.0,0.0
2019-09-09,ICICIBANK.NS,393.0,400.3999938964844,389.1000061035156,395.4500122070313,379.27685546875,18651819,0.0,0.0
2019-09-11,ICICIBANK.NS,394.8999938964844,399.0,393.3500061035156,394.6000061035156,378.4616088867188,17463978,0.0,0.0
2019-09-12,ICICIBANK.NS,399.6499938964844,407.2000122070313,399.6499938964844,402.7000122070313,386.2303161621094,19577114,0.0,0.0
2019-09-13,ICICIBANK.NS,406.7999877929688,414.8999938964844,400.6499938964844,413.3999938964844,396.49267578125,17775449,0.0,0.0
2019-09-16,ICICIBANK.NS,408.5,415.6499938964844,406.75,412.1499938964844,395.2938232421875,17629622,0.0,0.0
2019-09-17,ICICIBANK.NS,405.8500061035156,411.8999938964844,398.2999877929688,400.6499938964844,384.26416015625,20793363,0.0,0.0
2019-09-18,ICICIBANK.NS,405.4500122070313,405.4500122070313,396.5,399.3500061035156,383.0173034667969,18477377,0.0,0.0
2019-09-19,ICICIBANK.NS,395.7000122070313,395.7000122070313,384.3500061035156,386.6000061035156,370.7887573242188,22647508,0.0,0.0
2019-09-20,ICICIBANK.NS,389.0,424.0,386.6499938964844,417.5,400.4250183105469,75217723,0.0,0.0
2019-09-23,ICICIBANK.NS,435.7999877929688,450.0,428.4500122070313,446.2999877929688,428.0471496582031,57490445,0.0,0.0
2019-09-24,ICICIBANK.NS,441.5,448.6499938964844,433.3500061035156,440.8999938964844,422.8679809570313,26639931,0.0,0.0
2019-09-25,ICICIBANK.NS,439.1000061035156,440.9500122070313,429.6000061035156,434.2000122070313,416.4420471191406,19987241,0.0,0.0
2019-09-26,ICICIBANK.NS,439.0,458.6499938964844,438.5499877929688,451.9500122070313,433.4661254882813,40909369,0.0,0.0
2019-09-27,ICICIBANK.NS,449.5,451.8500061035156,443.2999877929688,449.2000122070313,430.8285827636719,19432963,0.0,0.0
2019-09-30,ICICIBANK.NS,443.2999877929688,445.1499938964844,431.0,433.7000122070313,415.9624938964844,27524660,0.0,0.0
2019-10-01,ICICIBANK.NS,436.9500122070313,443.2000122070313,416.7000122070313,424.6000061035156,407.2346496582031,30623906,0.0,0.0
2019-10-03,ICICIBANK.NS,424.0,434.6000061035156,422.2999877929688,427.2999877929688,409.8242492675781,23275379,0.0,0.0
2019-10-04,ICICIBANK.NS,428.5,429.2999877929688,412.0499877929688,413.8999938964844,396.9722595214844,17952697,0.0,0.0
2019-10-07,ICICIBANK.NS,415.1000061035156,423.5,411.5,416.1000061035156,399.082275390625,21933703,0.0,0.0
2019-10-09,ICICIBANK.NS,420.25,438.3999938964844,417.1000061035156,436.7000122070313,418.83978271484375,34533981,0.0,0.0
2019-10-10,ICICIBANK.NS,430.0,431.5,420.5,423.7000122070313,406.37152099609375,19074005,0.0,0.0
2019-10-11,ICICIBANK.NS,427.9500122070313,433.25,422.1000061035156,428.5499877929688,411.0231018066406,18004922,0.0,0.0
2019-10-14,ICICIBANK.NS,430.0,436.3999938964844,426.0,428.8500061035156,411.3108520507813,17211042,0.0,0.0
2019-10-15,ICICIBANK.NS,430.0,435.4500122070313,428.2000122070313,431.8500061035156,414.1881408691406,14971985,0.0,0.0
2019-10-16,ICICIBANK.NS,434.5,439.5,431.1499938964844,435.2999877929688,417.4969787597656,17833051,0.0,0.0
2019-10-17,ICICIBANK.NS,436.0,443.3500061035156,433.7000122070313,440.6000061035156,422.5802612304688,12452421,0.0,0.0
2019-10-18,ICICIBANK.NS,437.7000122070313,443.7000122070313,435.25,437.7999877929688,419.894775390625,15988455,0.0,0.0
2019-10-22,ICICIBANK.NS,440.5,458.7000122070313,437.5499877929688,451.1499938964844,432.6988525390625,34966169,0.0,0.0
2019-10-23,ICICIBANK.NS,452.0,459.0,448.2000122070313,455.1000061035156,436.48724365234375,25196183,0.0,0.0
2019-10-24,ICICIBANK.NS,457.3999938964844,459.0,451.0,454.75,436.1515502929688,23542540,0.0,0.0
2019-10-25,ICICIBANK.NS,457.7000122070313,470.6499938964844,454.3999938964844,469.1000061035156,449.9147033691406,34397573,0.0,0.0
2019-10-29,ICICIBANK.NS,470.2000122070313,482.0,466.8500061035156,477.3999938964844,457.8752136230469,33686172,0.0,0.0
2019-10-30,ICICIBANK.NS,479.0,479.0,470.0,471.1499938964844,451.8808288574219,22396012,0.0,0.0
2019-10-31,ICICIBANK.NS,475.0,476.75,461.2999877929688,463.0499877929688,444.1121215820313,21198377,0.0,0.0
2019-11-01,ICICIBANK.NS,466.6499938964844,466.9500122070313,460.5,462.25,443.3448486328125,13522994,0.0,0.0
2019-11-04,ICICIBANK.NS,463.0,472.2999877929688,463.0,470.5,451.2574768066406,16254715,0.0,0.0
2019-11-05,ICICIBANK.NS,472.1000061035156,474.0,466.8999938964844,468.3500061035156,449.19537353515625,14952189,0.0,0.0
2019-11-06,ICICIBANK.NS,467.1499938964844,483.8999938964844,464.75,480.7000122070313,461.0402526855469,24922680,0.0,0.0
2019-11-07,ICICIBANK.NS,483.0,483.0,475.6499938964844,478.5499877929688,458.9782104492188,18312032,0.0,0.0
2019-11-08,ICICIBANK.NS,480.75,496.0,480.2999877929688,489.4500122070313,469.4324340820313,52207121,0.0,0.0
2019-11-11,ICICIBANK.NS,488.0,499.0,484.6000061035156,496.7999877929688,476.4817810058594,24766065,0.0,0.0
2019-11-13,ICICIBANK.NS,496.7999877929688,497.5,483.2999877929688,485.75,465.8836975097656,24272664,0.0,0.0
2019-11-14,ICICIBANK.NS,489.75,499.8500061035156,483.75,498.6499938964844,478.2561340332031,35396276,0.0,0.0
2019-11-15,ICICIBANK.NS,497.8500061035156,509.7000122070313,496.0,499.8500061035156,479.4070434570313,42074833,0.0,0.0
2019-11-18,ICICIBANK.NS,498.75,504.4500122070313,496.6499938964844,498.3500061035156,477.9684448242188,22910109,0.0,0.0
2019-11-19,ICICIBANK.NS,497.9500122070313,502.0,489.8500061035156,493.5,473.3167419433594,27939336,0.0,0.0
2019-11-20,ICICIBANK.NS,495.2000122070313,498.0,492.5,495.0,474.7554016113281,22606112,0.0,0.0
2019-11-21,ICICIBANK.NS,498.1000061035156,503.7999877929688,491.25,498.25,477.8724670410156,25745594,0.0,0.0
2019-11-22,ICICIBANK.NS,501.1000061035156,501.75,492.1499938964844,496.7999877929688,476.4817810058594,18462401,0.0,0.0
2019-11-25,ICICIBANK.NS,492.0,500.0,491.5499877929688,497.7999877929688,477.44091796875,25692878,0.0,0.0
2019-11-26,ICICIBANK.NS,501.7999877929688,517.5499877929688,501.0,510.7000122070313,489.8133239746094,286857658,0.0,0.0
2019-11-27,ICICIBANK.NS,513.9000244140625,515.8499755859375,504.2999877929688,505.5,484.8259582519531,29866539,0.0,0.0
2019-11-28,ICICIBANK.NS,509.5499877929688,520.0,508.0,519.1500244140625,497.9178161621094,35706498,0.0,0.0
2019-11-29,ICICIBANK.NS,516.0,516.5,510.2999877929688,512.5999755859375,491.6355590820313,13324549,0.0,0.0
2019-12-02,ICICIBANK.NS,513.4500122070312,514.0,507.25,510.8999938964844,490.005126953125,10130049,0.0,0.0
2019-12-03,ICICIBANK.NS,509.75,511.25,504.6499938964844,509.3500061035156,488.5185546875,12795657,0.0,0.0
2019-12-04,ICICIBANK.NS,510.0,531.3499755859375,509.2999877929688,529.25,507.6045837402344,30992538,0.0,0.0
2019-12-05,ICICIBANK.NS,532.5499877929688,537.5,526.0499877929688,528.0999755859375,506.5016479492188,32354118,0.0,0.0
2019-12-06,ICICIBANK.NS,530.0499877929688,533.5,521.6500244140625,524.7999877929688,503.3366394042969,24868376,0.0,0.0
2019-12-09,ICICIBANK.NS,524.0499877929688,529.2999877929688,522.2000122070312,526.5,504.9671020507813,12980877,0.0,0.0
2019-12-10,ICICIBANK.NS,526.0499877929688,530.25,524.7000122070312,528.7000122070312,507.07708740234375,12021443,0.0,0.0
2019-12-11,ICICIBANK.NS,530.5999755859375,535.2000122070312,527.2000122070312,533.5499877929688,511.728759765625,13768156,0.0,0.0
2019-12-12,ICICIBANK.NS,534.8499755859375,537.0999755859375,529.7999877929688,535.3499755859375,513.4552001953125,12385216,0.0,0.0
2019-12-13,ICICIBANK.NS,537.9000244140625,542.7999877929688,535.7000122070312,537.0499877929688,515.085693359375,17884861,0.0,0.0
2019-12-16,ICICIBANK.NS,539.5,541.4000244140625,536.7000122070312,539.25,517.1957397460938,13070575,0.0,0.0
2019-12-17,ICICIBANK.NS,540.9500122070312,543.0,538.75,541.1500244140625,519.0180053710938,11516163,0.0,0.0
2019-12-18,ICICIBANK.NS,542.0499877929688,542.9000244140625,535.9500122070312,541.4000244140625,519.2577514648438,12906168,0.0,0.0
2019-12-19,ICICIBANK.NS,537.2000122070312,541.2000122070312,533.7000122070312,540.2000122070312,518.1067504882812,12082790,0.0,0.0
2019-12-20,ICICIBANK.NS,540.9500122070312,549.5,539.25,546.0999755859375,523.7655029296875,27691592,0.0,0.0
2019-12-23,ICICIBANK.NS,547.0,548.8499755859375,537.5999755859375,541.2999877929688,519.161865234375,11521942,0.0,0.0
2019-12-24,ICICIBANK.NS,542.0,543.9500122070312,539.2999877929688,541.0999755859375,518.9700317382812,6715007,0.0,0.0
2019-12-26,ICICIBANK.NS,541.0999755859375,542.4000244140625,537.6500244140625,538.75,516.7161254882812,7831074,0.0,0.0
2019-12-27,ICICIBANK.NS,541.0,550.5,538.3499755859375,549.4000244140625,526.9305419921875,11247684,0.0,0.0
2019-12-30,ICICIBANK.NS,549.5999755859375,552.2000122070312,542.5999755859375,543.9500122070312,521.703369140625,13180302,0.0,0.0
2019-12-31,ICICIBANK.NS,543.7999877929688,543.7999877929688,538.0,538.9000244140625,516.8599853515625,12491978,0.0,0.0
2020-01-01,ICICIBANK.NS,539.9000244140625,542.5,535.7000122070312,536.75,514.7979125976562,7642793,0.0,0.0
2020-01-02,ICICIBANK.NS,536.0,541.9000244140625,535.8499755859375,540.5999755859375,518.4904174804688,10264223,0.0,0.0
2020-01-03,ICICIBANK.NS,538.0,540.7999877929688,536.25,538.8499755859375,516.81201171875,9594690,0.0,0.0
2020-01-06,ICICIBANK.NS,537.25,537.25,523.7999877929688,525.7000122070312,504.1998901367188,12534334,0.0,0.0
2020-01-07,ICICIBANK.NS,531.2999877929688,535.5999755859375,521.6500244140625,522.9000244140625,501.514404296875,16101835,0.0,0.0
2020-01-08,ICICIBANK.NS,516.0,527.3499755859375,515.0,525.9500122070312,504.4396057128906,16094310,0.0,0.0
2020-01-09,ICICIBANK.NS,530.7000122070312,547.4000244140625,530.2999877929688,546.2999877929688,523.957275390625,18934019,0.0,0.0
2020-01-10,ICICIBANK.NS,544.9000244140625,546.5,538.5,540.25,518.15478515625,12335407,0.0,0.0
2020-01-13,ICICIBANK.NS,539.4000244140625,546.0499877929688,538.0,538.5999755859375,516.5721435546875,7901800,0.0,0.0
2020-01-14,ICICIBANK.NS,536.2000122070312,538.9500122070312,534.1500244140625,537.5999755859375,515.6131591796875,13939440,0.0,0.0
2020-01-15,ICICIBANK.NS,535.0999755859375,536.9500122070312,530.6500244140625,535.5999755859375,513.6950073242188,12353176,0.0,0.0
2020-01-16,ICICIBANK.NS,533.9000244140625,540.0,533.2000122070312,537.1500244140625,515.1815185546875,11249232,0.0,0.0
2020-01-17,ICICIBANK.NS,534.5,538.0,530.5999755859375,532.0499877929688,510.29010009765625,18312609,0.0,0.0
2020-01-20,ICICIBANK.NS,533.0,544.0,531.0,534.8499755859375,512.9755249023438,19159996,0.0,0.0
2020-01-21,ICICIBANK.NS,532.9500122070312,540.25,530.2000122070312,531.0499877929688,509.3310241699219,13477994,0.0,0.0
2020-01-22,ICICIBANK.NS,531.5,534.9500122070312,520.75,522.8499755859375,501.4663391113281,17527408,0.0,0.0
2020-01-23,ICICIBANK.NS,521.4000244140625,530.25,517.0499877929688,527.7000122070312,506.11810302734375,17061293,0.0,0.0
2020-01-24,ICICIBANK.NS,529.25,537.4000244140625,527.0,533.8499755859375,512.0164794921875,17851868,0.0,0.0
2020-01-27,ICICIBANK.NS,538.5,545.0,531.5,537.25,515.2774047851562,38149166,0.0,0.0
2020-01-28,ICICIBANK.NS,538.0999755859375,540.5999755859375,524.4500122070312,528.2000122070312,506.5976257324219,24009224,0.0,0.0
2020-01-29,ICICIBANK.NS,531.5499877929688,534.7999877929688,525.2999877929688,526.5999755859375,505.0630187988281,16400827,0.0,0.0
2020-01-30,ICICIBANK.NS,527.6500244140625,533.9500122070312,524.1500244140625,532.2000122070312,510.4339599609375,14319317,0.0,0.0
2020-01-31,ICICIBANK.NS,530.0,532.75,522.4000244140625,525.6500244140625,504.1518859863281,16292578,0.0,0.0
2020-02-03,ICICIBANK.NS,504.0,519.1500244140625,502.0,515.5499877929688,494.4649658203125,22531888,0.0,0.0
2020-02-04,ICICIBANK.NS,520.0,534.6500244140625,516.6500244140625,530.7999877929688,509.0912780761719,17781475,0.0,0.0
2020-02-05,ICICIBANK.NS,529.0499877929688,540.4000244140625,525.7000122070312,539.0999755859375,517.0518188476562,18782476,0.0,0.0
2020-02-06,ICICIBANK.NS,540.3499755859375,547.0,536.25,541.5999755859375,519.4495849609375,15296851,0.0,0.0
2020-02-07,ICICIBANK.NS,540.9500122070312,541.75,535.1500244140625,536.4500122070312,514.5101318359375,8297149,0.0,0.0
2020-02-10,ICICIBANK.NS,538.6500244140625,542.25,530.5,533.9500122070312,512.1124267578125,12536053,0.0,0.0
2020-02-11,ICICIBANK.NS,537.7000122070312,544.7999877929688,537.5,539.75,517.6751708984375,11243552,0.0,0.0
2020-02-12,ICICIBANK.NS,545.7999877929688,550.7000122070312,542.7000122070312,549.2999877929688,526.8346557617188,14026335,0.0,0.0
2020-02-13,ICICIBANK.NS,549.0,549.0,538.0,541.0,518.8740234375,9227235,0.0,0.0
2020-02-14,ICICIBANK.NS,541.25,548.6500244140625,536.5499877929688,545.7999877929688,523.4777221679688,14458649,0.0,0.0
2020-02-17,ICICIBANK.NS,543.0,545.3499755859375,537.75,541.5999755859375,519.4495849609375,7793293,0.0,0.0
2020-02-18,ICICIBANK.NS,541.0,544.4000244140625,536.0,541.2000122070312,519.06591796875,15918303,0.0,0.0
2020-02-19,ICICIBANK.NS,543.5,546.5,540.5,544.7999877929688,522.5187377929688,8704234,0.0,0.0
2020-02-20,ICICIBANK.NS,545.5,549.3499755859375,541.7999877929688,547.0,524.6287231445312,13588526,0.0,0.0
2020-02-24,ICICIBANK.NS,539.5,541.8499755859375,527.5499877929688,529.8499755859375,508.1800842285156,16940750,0.0,0.0
2020-02-25,ICICIBANK.NS,532.4500122070312,538.7999877929688,525.2999877929688,530.9500122070312,509.2351379394531,14942960,0.0,0.0
2020-02-26,ICICIBANK.NS,526.8499755859375,529.3499755859375,522.2000122070312,523.7000122070312,502.28167724609375,15743918,0.0,0.0
2020-02-27,ICICIBANK.NS,522.7999877929688,523.2999877929688,512.6500244140625,515.3499755859375,494.2731018066406,26315054,0.0,0.0
2020-02-28,ICICIBANK.NS,501.6000061035156,506.8500061035156,492.2000122070313,497.25,476.9133605957031,32737933,0.0,0.0
2020-03-02,ICICIBANK.NS,508.25,520.5499877929688,498.4500122070313,506.1000061035156,485.40142822265625,28642076,0.0,0.0
2020-03-03,ICICIBANK.NS,509.8500061035156,519.5,508.5,514.75,493.69769287109375,19661945,0.0,0.0
2020-03-04,ICICIBANK.NS,517.5,517.5,497.0499877929688,508.3500061035156,487.5594177246094,21883404,0.0,0.0
2020-03-05,ICICIBANK.NS,509.75,511.1499938964844,500.0,504.5,483.8668823242188,16671516,0.0,0.0
2020-03-06,ICICIBANK.NS,485.0,496.7999877929688,477.2999877929688,486.3500061035156,466.4591979980469,31024353,0.0,0.0
2020-03-09,ICICIBANK.NS,475.0,475.0,442.9500122070313,457.75,439.0289001464844,42027175,0.0,0.0
2020-03-11,ICICIBANK.NS,450.0,471.75,449.6000061035156,465.6499938964844,446.6057434082031,31018779,0.0,0.0
2020-03-12,ICICIBANK.NS,438.0,445.9500122070313,416.0,425.6499938964844,408.2417297363281,50757033,0.0,0.0
2020-03-13,ICICIBANK.NS,401.0,464.75,395.2000122070313,447.2000122070313,428.9103698730469,67104335,0.0,0.0
2020-03-16,ICICIBANK.NS,424.2000122070313,424.2000122070313,397.4500122070313,402.8999938964844,386.422119140625,34833637,0.0,0.0
2020-03-17,ICICIBANK.NS,407.0,408.4500122070313,364.0,367.25,352.23016357421875,47232699,0.0,0.0
2020-03-18,ICICIBANK.NS,369.1000061035156,375.5,342.29998779296875,355.04998779296875,340.52911376953125,61202289,0.0,0.0
2020-03-19,ICICIBANK.NS,336.1000061035156,369.6000061035156,323.0,338.54998779296875,324.7038879394531,57985870,0.0,0.0
2020-03-20,ICICIBANK.NS,328.0,359.79998779296875,323.0,345.70001220703125,331.5614929199219,88640642,0.0,0.0
2020-03-23,ICICIBANK.NS,311.1499938964844,313.70001220703125,280.0,284.0,272.3849182128906,56867949,0.0,0.0
2020-03-24,ICICIBANK.NS,295.29998779296875,305.0,268.29998779296875,296.5,284.3736877441406,67895418,0.0,0.0
2020-03-25,ICICIBANK.NS,284.0,334.1499938964844,281.6000061035156,316.8999938964844,303.9393615722656,66544138,0.0,0.0
2020-03-26,ICICIBANK.NS,322.0,364.3999938964844,314.25,330.25,316.743408203125,76173940,0.0,0.0
2020-03-27,ICICIBANK.NS,355.79998779296875,359.54998779296875,326.0,339.8500061035156,325.9507751464844,72889985,0.0,0.0
2020-03-30,ICICIBANK.NS,330.1000061035156,333.8999938964844,311.1000061035156,313.3999938964844,300.5825500488281,36559880,0.0,0.0
2020-03-31,ICICIBANK.NS,324.70001220703125,334.8500061035156,316.0,323.75,310.5092163085937,46279768,0.0,0.0
2020-04-01,ICICIBANK.NS,319.0,323.75,308.1000061035156,311.1499938964844,298.42449951171875,33141186,0.0,0.0
2020-04-03,ICICIBANK.NS,309.5,309.5,281.5,286.6499938964844,274.926513671875,57326314,0.0,0.0
2020-04-07,ICICIBANK.NS,308.29998779296875,329.6000061035156,296.8500061035156,326.1000061035156,312.7631225585937,57661076,0.0,0.0
2020-04-08,ICICIBANK.NS,322.8500061035156,352.75,315.1000061035156,318.95001220703125,305.9055480957031,73931321,0.0,0.0
2020-04-09,ICICIBANK.NS,332.3999938964844,345.0,322.6499938964844,342.70001220703125,328.6842041015625,52431174,0.0,0.0
2020-04-13,ICICIBANK.NS,341.04998779296875,345.79998779296875,329.25,330.6499938964844,317.1269836425781,30994190,0.0,0.0
2020-04-15,ICICIBANK.NS,342.70001220703125,351.8999938964844,325.0,327.3500061035156,313.9620056152344,49132329,0.0,0.0
2020-04-16,ICICIBANK.NS,325.29998779296875,347.79998779296875,319.3500061035156,342.0,328.0128479003906,56494027,0.0,0.0
2020-04-17,ICICIBANK.NS,362.0,385.5,349.04998779296875,375.5499877929688,360.1907043457031,69006835,0.0,0.0
2020-04-20,ICICIBANK.NS,376.0,378.8999938964844,357.0,361.2999877929688,346.52349853515625,55810736,0.0,0.0
2020-04-21,ICICIBANK.NS,341.0,346.20001220703125,328.0,331.8500061035156,318.2779235839844,50118175,0.0,0.0
2020-04-22,ICICIBANK.NS,326.0,338.0,323.04998779296875,335.95001220703125,322.21026611328125,49115085,0.0,0.0
2020-04-23,ICICIBANK.NS,340.25,354.79998779296875,338.0,352.95001220703125,338.5149841308594,45953398,0.0,0.0
2020-04-24,ICICIBANK.NS,337.8999938964844,343.25,331.5,334.8500061035156,321.1553039550781,38513206,0.0,0.0
2020-04-27,ICICIBANK.NS,339.29998779296875,352.8999938964844,338.0,347.8999938964844,333.6715393066406,38980019,0.0,0.0
2020-04-28,ICICIBANK.NS,353.75,362.8500061035156,350.25,359.8500061035156,345.1327819824219,32933194,0.0,0.0
2020-04-29,ICICIBANK.NS,353.0,376.5,351.6499938964844,370.4500122070313,355.29931640625,39341745,0.0,0.0
2020-04-30,ICICIBANK.NS,382.0,392.9500122070313,374.1499938964844,380.1499938964844,364.6025695800781,45734705,0.0,0.0
2020-05-04,ICICIBANK.NS,359.0,359.0,336.0,338.04998779296875,324.2243957519531,38837299,0.0,0.0
2020-05-05,ICICIBANK.NS,348.0,348.0,329.54998779296875,330.8500061035156,317.3188171386719,45069968,0.0,0.0
2020-05-06,ICICIBANK.NS,331.5,345.54998779296875,325.25,341.3999938964844,327.4373474121094,49952812,0.0,0.0
2020-05-07,ICICIBANK.NS,337.0,342.8999938964844,333.70001220703125,336.75,322.9775390625,27656346,0.0,0.0
2020-05-08,ICICIBANK.NS,344.0,352.5,333.70001220703125,337.70001220703125,323.8887023925781,42968091,0.0,0.0
2020-05-11,ICICIBANK.NS,341.0,343.54998779296875,318.20001220703125,320.1499938964844,307.0564270019531,83665601,0.0,0.0
2020-05-12,ICICIBANK.NS,318.29998779296875,324.3999938964844,308.0,321.20001220703125,308.06353759765625,69072308,0.0,0.0
2020-05-13,ICICIBANK.NS,343.5,348.3999938964844,332.29998779296875,338.04998779296875,324.2243957519531,72816461,0.0,0.0
2020-05-14,ICICIBANK.NS,330.0,334.5,325.6499938964844,327.3999938964844,314.00994873046875,33999095,0.0,0.0
2020-05-15,ICICIBANK.NS,329.29998779296875,330.54998779296875,318.79998779296875,322.70001220703125,309.5021667480469,31828868,0.0,0.0
2020-05-18,ICICIBANK.NS,320.0,320.5,293.25,298.5,286.2919006347656,74034133,0.0,0.0
2020-05-19,ICICIBANK.NS,307.04998779296875,311.5,297.1000061035156,300.29998779296875,288.0182800292969,61827491,0.0,0.0
2020-05-20,ICICIBANK.NS,299.0,308.25,297.5,305.6499938964844,293.14947509765625,42238419,0.0,0.0
2020-05-21,ICICIBANK.NS,306.0,312.79998779296875,302.0,304.3999938964844,291.9505920410156,43075357,0.0,0.0
2020-05-22,ICICIBANK.NS,301.0,307.70001220703125,285.54998779296875,291.04998779296875,279.1466064453125,80358245,0.0,0.0
2020-05-26,ICICIBANK.NS,296.04998779296875,297.8999938964844,290.0,292.70001220703125,280.7290954589844,46681705,0.0,0.0
2020-05-27,ICICIBANK.NS,296.1000061035156,321.95001220703125,294.8500061035156,318.8500061035156,305.8096008300781,80541990,0.0,0.0
2020-05-28,ICICIBANK.NS,322.25,329.75,320.75,326.8500061035156,313.4824523925781,66136408,0.0,0.0
2020-05-29,ICICIBANK.NS,322.8999938964844,334.29998779296875,320.0,331.95001220703125,318.37384033203125,60487477,0.0,0.0
2020-06-01,ICICIBANK.NS,339.0,348.0,336.20001220703125,339.25,325.3753356933594,44024770,0.0,0.0
2020-06-02,ICICIBANK.NS,337.0,350.0,332.5,348.3999938964844,334.15106201171875,47558213,0.0,0.0
2020-06-03,ICICIBANK.NS,357.8999938964844,373.0,353.79998779296875,356.8500061035156,342.25555419921875,69689299,0.0,0.0
2020-06-04,ICICIBANK.NS,357.0,363.0,345.5,347.8500061035156,333.6235656738281,57061575,0.0,0.0
2020-06-05,ICICIBANK.NS,350.0,360.0,347.0,357.20001220703125,342.5912170410156,37251097,0.0,0.0
2020-06-08,ICICIBANK.NS,366.5499877929688,373.75,353.1499938964844,359.79998779296875,345.0848693847656,46827341,0.0,0.0
2020-06-09,ICICIBANK.NS,360.04998779296875,369.3500061035156,345.25,348.54998779296875,334.294921875,47621969,0.0,0.0
2020-06-10,ICICIBANK.NS,348.54998779296875,356.8500061035156,345.29998779296875,353.0,338.5629577636719,36292403,0.0,0.0
2020-06-11,ICICIBANK.NS,352.45001220703125,354.20001220703125,340.1000061035156,341.25,327.29351806640625,36999490,0.0,0.0
2020-06-12,ICICIBANK.NS,324.20001220703125,346.1499938964844,324.1000061035156,344.20001220703125,330.12286376953125,47509067,0.0,0.0
2020-06-15,ICICIBANK.NS,341.20001220703125,342.25,325.5,331.1000061035156,317.55865478515625,43500660,0.0,0.0
2020-06-16,ICICIBANK.NS,342.25,347.8999938964844,326.04998779296875,342.95001220703125,328.9239807128906,57511237,0.0,0.0
2020-06-17,ICICIBANK.NS,338.6000061035156,351.0,336.1000061035156,341.95001220703125,327.96484375,37107002,0.0,0.0
2020-06-18,ICICIBANK.NS,340.0,354.70001220703125,337.20001220703125,352.0,337.6038818359375,39285919,0.0,0.0
2020-06-19,ICICIBANK.NS,351.0,365.4500122070313,349.20001220703125,363.7999877929688,348.9212341308594,51367236,0.0,0.0
2020-06-22,ICICIBANK.NS,367.0,375.25,365.1499938964844,367.5499877929688,352.5179138183594,40133602,0.0,0.0
2020-06-23,ICICIBANK.NS,369.0,378.2999877929688,364.2000122070313,376.1499938964844,360.7661743164063,32493320,0.0,0.0
2020-06-24,ICICIBANK.NS,380.0,380.0,345.0,348.1000061035156,333.8633728027344,57955780,0.0,0.0
2020-06-25,ICICIBANK.NS,345.8999938964844,355.6000061035156,338.5,351.0,336.6447448730469,69902888,0.0,0.0
2020-06-26,ICICIBANK.NS,355.6000061035156,358.5,346.1000061035156,349.1000061035156,334.8224792480469,34596104,0.0,0.0
2020-06-29,ICICIBANK.NS,345.25,345.6000061035156,338.5,343.1000061035156,329.06787109375,27384244,0.0,0.0
2020-06-30,ICICIBANK.NS,347.0,354.45001220703125,346.29998779296875,351.45001220703125,337.0763854980469,47526095,0.0,0.0
2020-07-01,ICICIBANK.NS,354.25,365.75,351.6000061035156,364.0499877929688,349.1609802246094,36922617,0.0,0.0
2020-07-02,ICICIBANK.NS,366.0,370.8999938964844,361.3500061035156,362.8500061035156,348.01007080078125,50964311,0.0,0.0
2020-07-03,ICICIBANK.NS,364.6499938964844,367.1499938964844,359.79998779296875,361.0,346.2357788085937,28779044,0.0,0.0
2020-07-06,ICICIBANK.NS,367.8500061035156,367.8500061035156,360.5,361.8500061035156,347.051025390625,33334074,0.0,0.0
2020-07-07,ICICIBANK.NS,363.0,378.0,362.1000061035156,376.0499877929688,360.6702270507813,46030825,0.0,0.0
2020-07-08,ICICIBANK.NS,377.8999938964844,379.0,367.5499877929688,368.9500122070313,353.8606262207031,46315597,0.0,0.0
2020-07-09,ICICIBANK.NS,373.4500122070313,376.0,365.2999877929688,370.3500061035156,355.2033996582031,35144463,0.0,0.0
2020-07-10,ICICIBANK.NS,364.8999938964844,368.2000122070313,359.0,360.3500061035156,345.61236572265625,27864858,0.0,0.0
2020-07-13,ICICIBANK.NS,364.1000061035156,367.0,352.5,353.6000061035156,339.1384582519531,32379935,0.0,0.0
2020-07-14,ICICIBANK.NS,351.5,352.45001220703125,340.6000061035156,345.54998779296875,331.41766357421875,34031256,0.0,0.0
2020-07-15,ICICIBANK.NS,349.5,356.79998779296875,343.75,345.79998779296875,331.6573791503906,30442553,0.0,0.0
2020-07-16,ICICIBANK.NS,347.95001220703125,348.6000061035156,341.0,344.6499938964844,330.554443359375,35535437,0.0,0.0
2020-07-17,ICICIBANK.NS,346.0,356.0,345.45001220703125,353.79998779296875,339.33026123046875,27511781,0.0,0.0
2020-07-20,ICICIBANK.NS,358.0,366.3500061035156,355.25,363.0,348.15399169921875,36312529,0.0,0.0
2020-07-21,ICICIBANK.NS,371.0,379.8999938964844,370.0499877929688,378.7999877929688,363.3077392578125,45559912,0.0,0.0
2020-07-22,ICICIBANK.NS,386.8999938964844,389.5,375.2999877929688,381.1000061035156,365.5137634277344,45500191,0.0,0.0
2020-07-23,ICICIBANK.NS,382.5499877929688,395.6499938964844,378.8500061035156,392.25,376.2076721191406,37838027,0.0,0.0
2020-07-24,ICICIBANK.NS,388.2999877929688,388.7000122070313,372.1499938964844,381.7999877929688,366.18505859375,52980980,0.0,0.0
2020-07-27,ICICIBANK.NS,385.0,385.7999877929688,356.6000061035156,358.5,343.8380126953125,73275058,0.0,0.0
2020-07-28,ICICIBANK.NS,361.1000061035156,362.75,343.20001220703125,352.1000061035156,337.69976806640625,125939354,0.0,0.0
2020-07-29,ICICIBANK.NS,353.20001220703125,357.6499938964844,348.20001220703125,351.04998779296875,336.6927185058594,50194622,0.0,0.0
2020-07-30,ICICIBANK.NS,353.3999938964844,354.6000061035156,340.3999938964844,344.95001220703125,330.8422546386719,40820253,0.0,0.0
2020-07-31,ICICIBANK.NS,346.45001220703125,353.0,342.04998779296875,346.79998779296875,332.6164855957031,37345191,0.0,0.0
2020-08-03,ICICIBANK.NS,346.79998779296875,349.3500061035156,340.5,343.25,329.2117004394531,32119883,0.0,0.0
2020-08-04,ICICIBANK.NS,347.0,353.20001220703125,344.20001220703125,351.0,336.6447448730469,30811518,0.0,0.0
2020-08-05,ICICIBANK.NS,353.3999938964844,360.0,350.75,352.20001220703125,337.7956848144531,37057881,0.0,0.0
2020-08-06,ICICIBANK.NS,353.45001220703125,363.75,348.6000061035156,358.75,344.0777893066406,48021824,0.0,0.0
2020-08-07,ICICIBANK.NS,359.45001220703125,359.6499938964844,353.1499938964844,357.95001220703125,343.3105163574219,28510964,0.0,0.0
2020-08-10,ICICIBANK.NS,359.5,364.9500122070313,357.3500061035156,363.5499877929688,348.6814270019531,22856010,0.0,0.0
2020-08-11,ICICIBANK.NS,370.0,374.2999877929688,364.0499877929688,367.3500061035156,352.3260803222656,45446107,0.0,0.0
2020-08-12,ICICIBANK.NS,365.75,368.75,363.75,366.8500061035156,351.8465270996094,25706005,0.0,0.0
2020-08-13,ICICIBANK.NS,368.9500122070313,372.3500061035156,366.25,368.0499877929688,352.9974060058594,26257336,0.0,0.0
2020-08-14,ICICIBANK.NS,371.7999877929688,371.7999877929688,354.20001220703125,361.3999938964844,346.619384765625,28893259,0.0,0.0
2020-08-17,ICICIBANK.NS,366.0,366.3500061035156,354.3500061035156,360.20001220703125,345.468505859375,24232497,0.0,0.0
2020-08-18,ICICIBANK.NS,361.8999938964844,370.0,361.6000061035156,369.5499877929688,354.4360656738281,26517363,0.0,0.0
2020-08-19,ICICIBANK.NS,374.0,375.8500061035156,370.3999938964844,374.4500122070313,359.1356811523437,35790233,0.0,0.0
2020-08-20,ICICIBANK.NS,367.0,369.6499938964844,362.6000061035156,367.75,352.709716796875,68444775,0.0,0.0
2020-08-21,ICICIBANK.NS,370.0,373.0,367.0499877929688,371.1499938964844,355.9706420898437,34109928,0.0,0.0
2020-08-24,ICICIBANK.NS,374.8500061035156,381.2000122070313,373.8500061035156,380.3500061035156,364.79437255859375,32907235,0.0,0.0
2020-08-25,ICICIBANK.NS,382.5,389.7999877929688,381.3999938964844,386.3500061035156,370.5490112304688,53072303,0.0,0.0
2020-08-26,ICICIBANK.NS,388.2000122070313,391.6499938964844,384.2000122070313,389.3500061035156,373.4263000488281,37163882,0.0,0.0
2020-08-27,ICICIBANK.NS,389.9500122070313,397.4500122070313,387.6000061035156,392.2000122070313,376.1597595214844,36910405,0.0,0.0
2020-08-28,ICICIBANK.NS,393.8999938964844,411.8999938964844,392.8999938964844,409.7000122070313,392.9440612792969,83472297,0.0,0.0
2020-08-31,ICICIBANK.NS,414.8500061035156,422.0,387.5,394.6000061035156,378.4616088867188,72744175,0.0,0.0
2020-09-01,ICICIBANK.NS,394.7000122070313,399.6499938964844,385.2999877929688,390.9500122070313,374.9609069824219,34872793,0.0,0.0
2020-09-02,ICICIBANK.NS,387.25,394.0,381.1000061035156,392.3999938964844,376.3515625,31295799,0.0,0.0
2020-09-03,ICICIBANK.NS,392.3999938964844,392.5499877929688,381.0499877929688,382.75,367.0962219238281,26135555,0.0,0.0
2020-09-04,ICICIBANK.NS,375.0,379.9500122070313,368.3500061035156,372.5499877929688,357.3134155273437,33118984,0.0,0.0
2020-09-07,ICICIBANK.NS,374.1000061035156,376.8500061035156,369.0,373.3999938964844,358.1286315917969,22323904,0.0,0.0
2020-09-08,ICICIBANK.NS,372.3999938964844,381.2999877929688,369.1499938964844,375.7000122070313,360.3345642089844,32052920,0.0,0.0
2020-09-09,ICICIBANK.NS,370.7999877929688,372.3999938964844,361.8999938964844,367.6000061035156,352.5658569335937,25285238,0.0,0.0
2020-09-10,ICICIBANK.NS,371.7000122070313,375.0,365.4500122070313,370.7000122070313,355.5390625,24852274,0.0,0.0
2020-09-11,ICICIBANK.NS,373.0,373.6499938964844,365.1000061035156,370.5,355.34722900390625,22678353,0.0,0.0
2020-09-14,ICICIBANK.NS,373.5,373.8500061035156,359.3500061035156,363.7000122070313,348.82537841796875,27140598,0.0,0.0
2020-09-15,ICICIBANK.NS,364.0499877929688,372.25,363.7000122070313,371.5499877929688,356.35430908203125,24967618,0.0,0.0
2020-09-16,ICICIBANK.NS,371.3500061035156,376.7000122070313,365.0,374.7000122070313,359.3754577636719,22068622,0.0,0.0
2020-09-17,ICICIBANK.NS,370.0,371.75,367.3999938964844,369.0,353.9085693359375,24084936,0.0,0.0
2020-09-18,ICICIBANK.NS,370.0,374.6499938964844,364.5499877929688,369.5499877929688,354.4360656738281,78166508,0.0,0.0
2020-09-21,ICICIBANK.NS,366.6499938964844,367.3999938964844,348.5,350.70001220703125,336.3570251464844,28932482,0.0,0.0
2020-09-22,ICICIBANK.NS,354.0,356.1499938964844,349.5,354.3999938964844,339.90576171875,28593292,0.0,0.0
2020-09-23,ICICIBANK.NS,356.6000061035156,357.1000061035156,342.45001220703125,351.8500061035156,337.4599914550781,22740143,0.0,0.0
2020-09-24,ICICIBANK.NS,344.95001220703125,346.95001220703125,333.75,335.70001220703125,321.970458984375,25840472,0.0,0.0
2020-09-25,ICICIBANK.NS,339.04998779296875,350.5,336.6000061035156,348.6499938964844,334.3908386230469,23231600,0.0,0.0
2020-09-28,ICICIBANK.NS,351.5,363.9500122070313,349.1000061035156,363.0,348.15399169921875,18495592,0.0,0.0
2020-09-29,ICICIBANK.NS,363.75,363.75,354.25,357.04998779296875,342.44732666015625,17080848,0.0,0.0
2020-09-30,ICICIBANK.NS,356.95001220703125,357.5,349.3500061035156,354.75,340.24139404296875,19565058,0.0,0.0
2020-10-01,ICICIBANK.NS,358.25,371.2000122070313,358.25,369.2000122070313,354.1004333496094,23237122,0.0,0.0
2020-10-05,ICICIBANK.NS,370.75,382.6499938964844,370.75,373.1000061035156,357.8409118652344,26530105,0.0,0.0
2020-10-06,ICICIBANK.NS,377.1000061035156,381.7999877929688,375.1000061035156,380.6000061035156,365.0341796875,18093629,0.0,0.0
2020-10-07,ICICIBANK.NS,379.2999877929688,384.3500061035156,374.1000061035156,382.6499938964844,367.0003356933594,21845743,0.0,0.0
2020-10-08,ICICIBANK.NS,385.0,389.7000122070313,382.6499938964844,387.5,371.6519775390625,21085500,0.0,0.0
2020-10-09,ICICIBANK.NS,390.7000122070313,403.5,386.8999938964844,401.5,385.0793762207031,41641237,0.0,0.0
2020-10-12,ICICIBANK.NS,403.4500122070313,410.0,400.7000122070313,404.0499877929688,387.5251159667969,25742564,0.0,0.0
2020-10-13,ICICIBANK.NS,401.0,401.0,393.5,396.25,380.0440979003906,19922778,0.0,0.0
2020-10-14,ICICIBANK.NS,394.3500061035156,409.25,389.0,406.7999877929688,390.1626281738281,23368177,0.0,0.0
2020-10-15,ICICIBANK.NS,406.8999938964844,409.8999938964844,389.1499938964844,391.0,375.0087890625,34234586,0.0,0.0
2020-10-16,ICICIBANK.NS,394.0,401.2999877929688,390.5,396.1000061035156,379.9002685546875,25339096,0.0,0.0
2020-10-19,ICICIBANK.NS,402.0499877929688,418.75,401.1499938964844,417.1000061035156,400.0413818359375,41072871,0.0,0.0
2020-10-20,ICICIBANK.NS,413.5,416.8999938964844,411.0,414.6000061035156,397.6436462402344,26158669,0.0,0.0
2020-10-21,ICICIBANK.NS,416.0,428.5,410.2999877929688,420.2999877929688,403.1104736328125,43124966,0.0,0.0
2020-10-22,ICICIBANK.NS,416.3999938964844,419.6499938964844,407.6499938964844,412.8999938964844,396.01318359375,33088074,0.0,0.0
2020-10-23,ICICIBANK.NS,417.0,420.5,411.75,416.9500122070313,399.8974914550781,22151463,0.0,0.0
2020-10-26,ICICIBANK.NS,418.0499877929688,419.1499938964844,401.4500122070313,404.4500122070313,387.9087829589844,21712057,0.0,0.0
2020-10-27,ICICIBANK.NS,406.3500061035156,412.3999938964844,393.25,409.9500122070313,393.183837890625,33571163,0.0,0.0
2020-10-28,ICICIBANK.NS,409.8999938964844,409.8999938964844,394.7999877929688,396.0499877929688,379.8522644042969,28145103,0.0,0.0
2020-10-29,ICICIBANK.NS,392.25,402.8999938964844,389.6499938964844,399.8999938964844,383.5447998046875,32615425,0.0,0.0
2020-10-30,ICICIBANK.NS,399.3999938964844,402.7000122070313,388.0499877929688,392.6000061035156,376.54339599609375,27225165,0.0,0.0
2020-11-02,ICICIBANK.NS,417.0,422.7999877929688,407.0,417.4500122070313,400.3770751953125,72698777,0.0,0.0
2020-11-03,ICICIBANK.NS,425.0,446.8999938964844,424.2000122070313,443.8500061035156,425.6973876953125,61813071,0.0,0.0
2020-11-04,ICICIBANK.NS,437.2999877929688,442.0,425.2999877929688,437.0499877929688,419.1754455566406,43426662,0.0,0.0
2020-11-05,ICICIBANK.NS,445.0,446.25,435.6000061035156,438.5,420.566162109375,30129938,0.0,0.0
2020-11-06,ICICIBANK.NS,439.8500061035156,444.8999938964844,436.2000122070313,442.7999877929688,424.6902770996094,27831424,0.0,0.0
2020-11-09,ICICIBANK.NS,450.0,464.6000061035156,449.0,462.7000122070313,443.77642822265625,40995422,0.0,0.0
2020-11-10,ICICIBANK.NS,485.7999877929688,487.0499877929688,473.0,483.8500061035156,464.0614318847656,57535138,0.0,0.0
2020-11-11,ICICIBANK.NS,484.75,490.5499877929688,472.1000061035156,486.5499877929688,466.6509704589844,45609279,0.0,0.0
2020-11-12,ICICIBANK.NS,481.6000061035156,483.5499877929688,471.3500061035156,476.7000122070313,457.203857421875,31071572,0.0,0.0
2020-11-13,ICICIBANK.NS,472.7000122070313,487.1000061035156,467.5499877929688,485.5499877929688,465.6918640136719,34815091,0.0,0.0
2020-11-17,ICICIBANK.NS,490.5,493.0,478.1499938964844,486.3999938964844,466.5071411132813,36127378,0.0,0.0
2020-11-18,ICICIBANK.NS,488.0,499.0,486.25,497.6499938964844,477.2969665527344,29156543,0.0,0.0
2020-11-19,ICICIBANK.NS,490.0,493.3500061035156,475.7999877929688,478.75,459.1700439453125,31896908,0.0,0.0
2020-11-20,ICICIBANK.NS,479.5,483.4500122070313,468.1000061035156,480.2000122070313,460.5607299804688,30089190,0.0,0.0
2020-11-23,ICICIBANK.NS,481.7999877929688,483.3500061035156,466.5,468.25,449.0994262695313,29513544,0.0,0.0
2020-11-24,ICICIBANK.NS,474.0,480.0,471.2000122070313,478.2000122070313,458.6425476074219,23135994,0.0,0.0
2020-11-25,ICICIBANK.NS,485.0,489.9500122070313,471.1000061035156,472.7000122070313,453.3674621582031,34168305,0.0,0.0
2020-11-26,ICICIBANK.NS,475.1000061035156,477.2000122070313,465.7999877929688,475.2999877929688,455.861083984375,28707911,0.0,0.0
2020-11-27,ICICIBANK.NS,476.3999938964844,479.5499877929688,471.2999877929688,473.3500061035156,453.9908752441406,48390771,0.0,0.0
2020-12-01,ICICIBANK.NS,479.7000122070313,488.5,474.2999877929688,485.1000061035156,465.2602844238281,20120049,0.0,0.0
2020-12-02,ICICIBANK.NS,486.3500061035156,487.0,472.2000122070313,480.4500122070313,460.8004455566406,21244707,0.0,0.0
2020-12-03,ICICIBANK.NS,482.1000061035156,485.0,478.8500061035156,481.8500061035156,462.1432495117188,22701738,0.0,0.0
2020-12-04,ICICIBANK.NS,483.7000122070313,504.0,483.0,502.0499877929688,481.51708984375,39547014,0.0,0.0
2020-12-07,ICICIBANK.NS,505.0,515.5999755859375,504.1499938964844,510.4500122070313,489.5735473632813,37778332,0.0,0.0
2020-12-08,ICICIBANK.NS,511.5,512.0,505.3999938964844,508.3999938964844,487.6073913574219,19339943,0.0,0.0
2020-12-09,ICICIBANK.NS,510.0,515.0,506.0499877929688,511.5,490.5806274414063,21272782,0.0,0.0
2020-12-10,ICICIBANK.NS,508.1000061035156,514.4000244140625,498.75,506.9500122070313,486.2166748046875,20419020,0.0,0.0
2020-12-11,ICICIBANK.NS,509.25,516.9000244140625,506.1000061035156,515.4500122070312,494.36907958984375,25335765,0.0,0.0
2020-12-14,ICICIBANK.NS,518.0999755859375,527.7999877929688,518.0999755859375,525.7999877929688,504.2957458496094,26369591,0.0,0.0
2020-12-15,ICICIBANK.NS,524.0,524.25,513.0999755859375,518.0499877929688,496.86273193359375,26969145,0.0,0.0
2020-12-16,ICICIBANK.NS,520.0499877929688,521.7000122070312,511.1000061035156,512.4500122070312,491.4917297363281,24263586,0.0,0.0
2020-12-17,ICICIBANK.NS,514.0,516.5,509.1000061035156,510.3999938964844,489.5255432128906,23883288,0.0,0.0
2020-12-18,ICICIBANK.NS,514.0,518.25,509.1499938964844,517.1500244140625,495.9995422363281,21735833,0.0,0.0
2020-12-21,ICICIBANK.NS,514.5999755859375,514.7000122070312,488.2000122070313,494.5,474.2758483886719,29157759,0.0,0.0
2020-12-22,ICICIBANK.NS,497.2999877929688,501.7999877929688,489.1000061035156,500.2999877929688,479.8386535644531,32328041,0.0,0.0
2020-12-23,ICICIBANK.NS,499.0,505.5,496.5499877929688,503.6000061035156,483.0037231445313,19205951,0.0,0.0
2020-12-24,ICICIBANK.NS,506.75,515.9500122070312,505.1000061035156,513.5499877929688,492.5467529296875,17576807,0.0,0.0
2020-12-28,ICICIBANK.NS,515.9000244140625,521.2000122070312,513.5999755859375,520.0999755859375,498.828857421875,14470472,0.0,0.0
2020-12-29,ICICIBANK.NS,522.5499877929688,530.7999877929688,517.8499755859375,528.7999877929688,507.173095703125,19092649,0.0,0.0
2020-12-30,ICICIBANK.NS,531.6500244140625,533.0,524.5499877929688,528.75,507.1251220703125,21365141,0.0,0.0
2020-12-31,ICICIBANK.NS,530.0999755859375,538.5,526.5,535.0499877929688,513.16748046875,27817770,0.0,0.0
2021-01-01,ICICIBANK.NS,535.5499877929688,537.0,526.0999755859375,527.5,505.9261779785156,13592625,0.0,0.0
2021-01-04,ICICIBANK.NS,532.2999877929688,535.0,524.2999877929688,531.7000122070312,509.9544982910156,16549750,0.0,0.0
2021-01-05,ICICIBANK.NS,526.6500244140625,539.9500122070312,523.0,537.25,515.2774047851562,23311516,0.0,0.0
2021-01-06,ICICIBANK.NS,538.75,550.5999755859375,535.8499755859375,546.7000122070312,524.3409423828125,28178838,0.0,0.0
2021-01-07,ICICIBANK.NS,552.1500244140625,554.4000244140625,539.75,541.0999755859375,518.9700317382812,21138034,0.0,0.0
2021-01-08,ICICIBANK.NS,547.0,547.0999755859375,536.3499755859375,542.0499877929688,519.8811645507812,21937965,0.0,0.0
2021-01-11,ICICIBANK.NS,545.1500244140625,546.0,535.0,544.7000122070312,522.4227905273438,19394393,0.0,0.0
2021-01-12,ICICIBANK.NS,541.0,550.6500244140625,537.0999755859375,548.0,525.5878295898438,16388310,0.0,0.0
2021-01-13,ICICIBANK.NS,551.5,561.0,548.25,556.5,533.7401733398438,21920297,0.0,0.0
2021-01-14,ICICIBANK.NS,554.0499877929688,558.4500122070312,550.5999755859375,553.2999877929688,530.6710815429688,13330898,0.0,0.0
2021-01-15,ICICIBANK.NS,550.0,551.0,541.5,543.0,520.7922973632812,15708956,0.0,0.0
2021-01-18,ICICIBANK.NS,544.5,548.4000244140625,528.9000244140625,533.1500244140625,511.34515380859375,21580313,0.0,0.0
2021-01-19,ICICIBANK.NS,539.0,547.75,533.9000244140625,546.4500122070312,524.1011962890625,20575358,0.0,0.0
2021-01-20,ICICIBANK.NS,546.4500122070312,554.5999755859375,546.0,551.0,528.4651489257812,16097138,0.0,0.0
2021-01-21,ICICIBANK.NS,555.0,561.0,549.7000122070312,552.7000122070312,530.0956420898438,18189277,0.0,0.0
2021-01-22,ICICIBANK.NS,553.0999755859375,553.5,530.5999755859375,533.7999877929688,511.9685668945313,24515997,0.0,0.0
2021-01-25,ICICIBANK.NS,536.5499877929688,542.2999877929688,531.2000122070312,538.0499877929688,516.0447387695312,23415249,0.0,0.0
2021-01-27,ICICIBANK.NS,537.7999877929688,539.2000122070312,519.0999755859375,522.3499755859375,500.9868469238281,28049286,0.0,0.0
2021-01-28,ICICIBANK.NS,514.5999755859375,529.8499755859375,512.0,528.25,506.64556884765625,29836591,0.0,0.0
2021-01-29,ICICIBANK.NS,533.3499755859375,544.9500122070312,529.4500122070312,537.0,515.0376586914062,33172808,0.0,0.0
2021-02-01,ICICIBANK.NS,552.0,609.4500122070312,551.0,603.7999877929688,579.105712890625,69354326,0.0,0.0
2021-02-02,ICICIBANK.NS,613.0,624.0,598.7000122070312,617.3499755859375,592.1015014648438,42362384,0.0,0.0
2021-02-03,ICICIBANK.NS,623.4000244140625,627.5,614.0,622.3499755859375,596.89697265625,27155908,0.0,0.0
2021-02-04,ICICIBANK.NS,618.7999877929688,631.6500244140625,609.0,628.2999877929688,602.6036987304688,29982222,0.0,0.0
2021-02-05,ICICIBANK.NS,628.2999877929688,635.2999877929688,611.0,614.1500244140625,589.032470703125,32015570,0.0,0.0
2021-02-08,ICICIBANK.NS,622.3499755859375,633.9500122070312,622.3499755859375,629.5999755859375,603.8504638671875,18230551,0.0,0.0
2021-02-09,ICICIBANK.NS,631.3499755859375,643.2000122070312,628.5999755859375,633.3499755859375,607.4470825195312,27155615,0.0,0.0
2021-02-10,ICICIBANK.NS,633.3499755859375,638.2000122070312,626.4000244140625,632.1500244140625,606.2962036132812,23967387,0.0,0.0
2021-02-11,ICICIBANK.NS,626.75,633.5999755859375,624.0999755859375,630.6500244140625,604.8576049804688,16072702,0.0,0.0
2021-02-12,ICICIBANK.NS,629.9000244140625,649.9000244140625,629.4000244140625,647.5999755859375,621.1143188476562,19049709,0.0,0.0
2021-02-15,ICICIBANK.NS,655.0,676.7999877929688,652.0,673.9500122070312,646.3868408203125,27155194,0.0,0.0
2021-02-16,ICICIBANK.NS,673.4000244140625,679.4000244140625,649.5499877929688,658.3499755859375,631.4246826171875,24966739,0.0,0.0
2021-02-17,ICICIBANK.NS,654.7999877929688,664.9500122070312,649.3499755859375,657.3499755859375,630.4656372070312,21684753,0.0,0.0
2021-02-18,ICICIBANK.NS,650.0,652.4000244140625,637.5999755859375,644.6500244140625,618.2850341796875,27845347,0.0,0.0
2021-02-19,ICICIBANK.NS,635.5,635.5,619.0,624.0499877929688,598.5275268554688,24055811,0.0,0.0
2021-02-22,ICICIBANK.NS,622.0,629.2999877929688,607.2999877929688,609.8499755859375,584.908203125,27092321,0.0,0.0
2021-02-23,ICICIBANK.NS,614.75,623.0499877929688,609.0499877929688,616.2999877929688,591.094482421875,23534585,0.0,0.0
2021-02-24,ICICIBANK.NS,615.0999755859375,645.0,615.0999755859375,641.0999755859375,614.880126953125,17762047,0.0,0.0
2021-02-25,ICICIBANK.NS,642.7000122070312,648.4000244140625,626.2999877929688,628.0,602.3159790039062,38571809,0.0,0.0
2021-02-26,ICICIBANK.NS,615.0,615.0,590.9000244140625,597.75,573.3031616210938,57349273,0.0,0.0
2021-03-01,ICICIBANK.NS,607.5499877929688,611.8499755859375,600.2000122070312,608.3499755859375,583.4696655273438,21527318,0.0,0.0
2021-03-02,ICICIBANK.NS,610.0,616.5,599.0,610.5,585.5316772460938,24051433,0.0,0.0
2021-03-03,ICICIBANK.NS,618.0,633.75,613.8499755859375,632.0999755859375,606.2482299804688,21036174,0.0,0.0
2021-03-04,ICICIBANK.NS,618.75,630.9000244140625,615.7999877929688,620.75,595.362548828125,25057198,0.0,0.0
2021-03-05,ICICIBANK.NS,613.2000122070312,614.7000122070312,601.5,609.4500122070312,584.5245361328125,26645968,0.0,0.0
2021-03-08,ICICIBANK.NS,611.5999755859375,616.0,601.1500244140625,608.0499877929688,583.181884765625,19632433,0.0,0.0
2021-03-09,ICICIBANK.NS,614.8499755859375,628.3499755859375,612.2999877929688,625.0999755859375,599.5346069335938,23056249,0.0,0.0
2021-03-10,ICICIBANK.NS,628.75,630.5,621.7999877929688,625.5999755859375,600.0140991210938,15838994,0.0,0.0
2021-03-12,ICICIBANK.NS,631.4500122070312,638.0,608.3499755859375,612.8499755859375,587.7855834960938,21757862,0.0,0.0
2021-03-15,ICICIBANK.NS,611.9000244140625,612.8499755859375,590.5999755859375,603.5,578.8180541992188,24347946,0.0,0.0
2021-03-16,ICICIBANK.NS,606.8499755859375,607.0,593.6500244140625,594.9500122070312,570.61767578125,17925629,0.0,0.0
2021-03-17,ICICIBANK.NS,597.5499877929688,603.6500244140625,587.0,589.5,565.3905029296875,20214082,0.0,0.0
2021-03-18,ICICIBANK.NS,594.75,601.4000244140625,575.5,578.5999755859375,554.936279296875,22776537,0.0,0.0
2021-03-19,ICICIBANK.NS,575.2000122070312,588.9000244140625,570.0,586.6500244140625,562.6571044921875,29162618,0.0,0.0
2021-03-22,ICICIBANK.NS,586.8499755859375,586.8499755859375,569.5,573.4500122070312,549.9968872070312,21755401,0.0,0.0
2021-03-23,ICICIBANK.NS,576.0,589.25,574.2999877929688,586.4000244140625,562.4173583984375,29486417,0.0,0.0
2021-03-24,ICICIBANK.NS,580.0,580.5499877929688,565.0,567.5,544.2903442382812,24434219,0.0,0.0
2021-03-25,ICICIBANK.NS,568.0999755859375,579.0,557.0999755859375,571.5499877929688,548.1746215820312,27170186,0.0,0.0
2021-03-26,ICICIBANK.NS,584.5,584.5,574.2999877929688,578.5499877929688,554.8883666992188,20724410,0.0,0.0
2021-03-30,ICICIBANK.NS,582.0,593.0999755859375,582.0,591.4500122070312,567.2608032226562,28011943,0.0,0.0
2021-03-31,ICICIBANK.NS,586.0,589.6500244140625,579.0,582.0999755859375,558.293212890625,20119972,0.0,0.0
2021-04-01,ICICIBANK.NS,587.5499877929688,596.0999755859375,580.2000122070312,594.4000244140625,570.0901489257812,15631940,0.0,0.0
2021-04-05,ICICIBANK.NS,592.0,592.0,563.5,571.25,547.886962890625,23260127,0.0,0.0
2021-04-06,ICICIBANK.NS,574.7000122070312,578.5,564.4000244140625,565.9000244140625,542.7557983398438,23284697,0.0,0.0
2021-04-07,ICICIBANK.NS,566.5499877929688,580.0,559.4000244140625,577.6500244140625,554.0252075195312,23984399,0.0,0.0
2021-04-08,ICICIBANK.NS,582.0,585.8499755859375,573.2999877929688,576.7000122070312,553.1140747070312,19262565,0.0,0.0
2021-04-09,ICICIBANK.NS,573.9500122070312,579.0,565.0,566.2000122070312,543.0435180664062,23239564,0.0,0.0
2021-04-12,ICICIBANK.NS,551.4000244140625,551.9500122070312,531.1500244140625,538.5499877929688,516.5243530273438,26601702,0.0,0.0
2021-04-13,ICICIBANK.NS,541.0,563.7999877929688,537.8499755859375,560.5999755859375,537.6724853515625,25445897,0.0,0.0
2021-04-15,ICICIBANK.NS,565.9500122070312,576.75,554.1500244140625,575.2000122070312,551.6754150390625,37614884,0.0,0.0
2021-04-16,ICICIBANK.NS,574.5999755859375,577.75,564.0999755859375,566.9500122070312,543.7628784179688,24045008,0.0,0.0
2021-04-19,ICICIBANK.NS,550.0,562.2999877929688,534.4000244140625,559.75,536.857177734375,28526176,0.0,0.0
2021-04-20,ICICIBANK.NS,565.2000122070312,572.6500244140625,552.5999755859375,559.0999755859375,536.2337646484375,24425842,0.0,0.0
2021-04-22,ICICIBANK.NS,552.0,580.5999755859375,546.9000244140625,579.2000122070312,555.5118408203125,34942633,0.0,0.0
2021-04-23,ICICIBANK.NS,569.9000244140625,580.5,567.0499877929688,569.9500122070312,546.64013671875,33749097,0.0,0.0
2021-04-26,ICICIBANK.NS,602.0,605.5,588.0,591.0999755859375,566.9249877929688,62584522,0.0,0.0
2021-04-27,ICICIBANK.NS,593.25,601.9500122070312,591.0999755859375,598.75,574.2622680664062,24239685,0.0,0.0
2021-04-28,ICICIBANK.NS,598.0,622.7999877929688,598.0,621.3499755859375,595.9379272460938,33292864,0.0,0.0
2021-04-29,ICICIBANK.NS,622.5499877929688,628.4500122070312,609.0,621.4500122070312,596.033935546875,34537860,0.0,0.0
2021-04-30,ICICIBANK.NS,610.0999755859375,616.3499755859375,598.0999755859375,600.5,575.940673828125,23653258,0.0,0.0
2021-05-03,ICICIBANK.NS,592.5499877929688,598.8499755859375,587.5,596.75,572.3440551757812,18010557,0.0,0.0
2021-05-04,ICICIBANK.NS,596.6500244140625,608.0,589.0,591.5499877929688,567.356689453125,15115127,0.0,0.0
2021-05-05,ICICIBANK.NS,595.2999877929688,604.7999877929688,584.7000122070312,602.7999877929688,578.146484375,17253943,0.0,0.0
2021-05-06,ICICIBANK.NS,602.7999877929688,610.8499755859375,599.25,608.2000122070312,583.3257446289062,16949763,0.0,0.0
2021-05-07,ICICIBANK.NS,612.0,614.7999877929688,603.7000122070312,607.0999755859375,582.270751953125,10941083,0.0,0.0
2021-05-10,ICICIBANK.NS,611.0,617.0,611.0,613.25,588.1692504882812,12060808,0.0,0.0
2021-05-11,ICICIBANK.NS,606.4000244140625,612.9000244140625,603.25,609.8499755859375,584.908203125,13818480,0.0,0.0
2021-05-12,ICICIBANK.NS,603.2000122070312,606.6500244140625,593.2000122070312,594.75,570.42578125,14785569,0.0,0.0
2021-05-14,ICICIBANK.NS,592.0,601.9500122070312,591.0999755859375,597.2999877929688,572.8714599609375,12675754,0.0,0.0
2021-05-17,ICICIBANK.NS,603.25,624.5,601.2000122070312,623.5999755859375,598.095947265625,20453101,0.0,0.0
2021-05-18,ICICIBANK.NS,628.0,635.5,626.0,633.2000122070312,607.3033447265625,19242627,0.0,0.0
2021-05-19,ICICIBANK.NS,627.0999755859375,634.0,623.3499755859375,625.4500122070312,599.8703002929688,13911576,0.0,0.0
2021-05-20,ICICIBANK.NS,628.0499877929688,632.9000244140625,616.6500244140625,618.5999755859375,593.3003540039062,13900762,0.0,0.0
2021-05-21,ICICIBANK.NS,622.2999877929688,643.9500122070312,622.2999877929688,642.4500122070312,616.1749877929688,23975898,0.0,0.0
2021-05-24,ICICIBANK.NS,643.25,653.4500122070312,638.0,647.3499755859375,620.87451171875,20323003,0.0,0.0
2021-05-25,ICICIBANK.NS,650.0999755859375,652.0,642.5,650.2999877929688,623.7039184570312,14884778,0.0,0.0
2021-05-26,ICICIBANK.NS,649.3499755859375,656.6500244140625,643.2999877929688,652.5,625.8139038085938,14487031,0.0,0.0
2021-05-27,ICICIBANK.NS,651.0999755859375,656.5,648.0999755859375,652.25,625.5741577148438,23349546,0.0,0.0
2021-05-28,ICICIBANK.NS,658.0499877929688,660.0,639.25,643.0499877929688,616.7504272460938,14191446,0.0,0.0
2021-05-31,ICICIBANK.NS,643.75,665.0,643.75,662.75,635.6447143554688,21786138,0.0,0.0
2021-06-01,ICICIBANK.NS,664.5499877929688,664.9000244140625,648.3499755859375,650.0999755859375,623.5121459960938,14123196,0.0,0.0
2021-06-02,ICICIBANK.NS,648.5,649.3499755859375,641.0999755859375,648.3499755859375,621.8336791992188,16025108,0.0,0.0
2021-06-03,ICICIBANK.NS,653.4500122070312,653.6500244140625,644.75,650.25,623.656005859375,11805702,0.0,0.0
2021-06-04,ICICIBANK.NS,653.0,654.9000244140625,639.4000244140625,642.7000122070312,616.4147338867188,15111572,0.0,0.0
2021-06-07,ICICIBANK.NS,645.2000122070312,650.0,644.25,648.2000122070312,621.6898803710938,7556341,0.0,0.0
2021-06-08,ICICIBANK.NS,648.0,648.0,637.4000244140625,642.4000244140625,616.1270751953125,11912935,0.0,0.0
2021-06-09,ICICIBANK.NS,644.4000244140625,645.5999755859375,628.7999877929688,636.0999755859375,610.0846557617188,15823094,0.0,0.0
2021-06-10,ICICIBANK.NS,635.4500122070312,642.4000244140625,631.0,640.4000244140625,614.2088012695312,10712418,0.0,0.0
2021-06-11,ICICIBANK.NS,644.0,644.5499877929688,631.5,635.7000122070312,609.7010498046875,9015059,0.0,0.0
2021-06-14,ICICIBANK.NS,635.7000122070312,636.0999755859375,623.3499755859375,635.1500244140625,609.1735229492188,10170497,0.0,0.0
2021-06-15,ICICIBANK.NS,636.3499755859375,646.2000122070312,636.0,645.2999877929688,618.908447265625,11039987,0.0,0.0
2021-06-16,ICICIBANK.NS,644.9000244140625,649.2000122070312,637.5999755859375,640.0999755859375,613.9210205078125,8601339,0.0,0.0
2021-06-17,ICICIBANK.NS,633.0499877929688,637.5499877929688,626.7000122070312,633.0,607.1115112304688,9720060,0.0,0.0
2021-06-18,ICICIBANK.NS,632.5999755859375,636.5999755859375,620.7000122070312,630.4000244140625,604.6178588867188,13820690,0.0,0.0
2021-06-21,ICICIBANK.NS,622.8499755859375,633.0999755859375,616.25,631.25,605.4330444335938,13407446,0.0,0.0
2021-06-22,ICICIBANK.NS,635.0,644.0999755859375,629.5499877929688,630.8499755859375,605.0493774414062,15270093,0.0,0.0
2021-06-23,ICICIBANK.NS,633.75,635.0,623.4500122070312,624.7000122070312,599.1509399414062,10950633,0.0,0.0
2021-06-24,ICICIBANK.NS,627.0,636.2999877929688,624.4500122070312,634.0499877929688,608.1184692382812,12815724,0.0,0.0
2021-06-25,ICICIBANK.NS,636.0999755859375,650.0,636.0999755859375,649.0,622.4571533203125,14785922,0.0,0.0
2021-06-28,ICICIBANK.NS,651.0,653.0,646.1500244140625,650.2999877929688,623.7039184570312,12093491,0.0,0.0
2021-06-29,ICICIBANK.NS,646.2999877929688,648.75,636.4500122070312,640.0999755859375,613.9210205078125,12225470,0.0,0.0
2021-06-30,ICICIBANK.NS,638.2999877929688,640.7999877929688,629.7999877929688,630.9000244140625,605.0973510742188,14276494,0.0,0.0
2021-07-01,ICICIBANK.NS,633.9500122070312,637.4000244140625,630.0499877929688,630.8499755859375,605.0493774414062,10517081,0.0,0.0
2021-07-02,ICICIBANK.NS,632.25,641.3499755859375,632.25,640.25,614.06494140625,10999396,0.0,0.0
2021-07-05,ICICIBANK.NS,642.75,648.5,641.2000122070312,647.8499755859375,621.3541259765625,7358568,0.0,0.0
2021-07-06,ICICIBANK.NS,645.2000122070312,655.0,645.2000122070312,650.2999877929688,623.7039184570312,9209891,0.0,0.0
2021-07-07,ICICIBANK.NS,650.9000244140625,654.75,645.9000244140625,654.0,627.2526245117188,7741559,0.0,0.0
2021-07-08,ICICIBANK.NS,650.5,654.0,638.0999755859375,641.9000244140625,615.6473999023438,10782941,0.0,0.0
2021-07-09,ICICIBANK.NS,639.5,641.1500244140625,633.7999877929688,638.5499877929688,612.4345092773438,7069698,0.0,0.0
2021-07-12,ICICIBANK.NS,646.0,650.25,642.4000244140625,646.25,619.819580078125,6992783,0.0,0.0
2021-07-13,ICICIBANK.NS,655.1500244140625,666.3499755859375,653.0,664.9500122070312,637.7548217773438,19825411,0.0,0.0
2021-07-14,ICICIBANK.NS,662.0,668.0,658.2000122070312,664.3499755859375,637.17919921875,11648541,0.0,0.0
2021-07-15,ICICIBANK.NS,665.0999755859375,669.5999755859375,661.0999755859375,667.4500122070312,640.152587890625,8244429,0.0,0.0
2021-07-16,ICICIBANK.NS,667.4500122070312,667.75,657.7000122070312,660.2999877929688,633.2949829101562,9212875,0.0,0.0
2021-07-19,ICICIBANK.NS,645.6500244140625,656.9000244140625,645.5499877929688,655.9000244140625,629.074951171875,9121737,0.0,0.0
2021-07-20,ICICIBANK.NS,648.6500244140625,651.25,639.0999755859375,641.9000244140625,615.6473999023438,13169127,0.0,0.0
2021-07-22,ICICIBANK.NS,652.5,660.2999877929688,648.2999877929688,655.9500122070312,629.1228637695312,13123569,0.0,0.0
2021-07-23,ICICIBANK.NS,655.9500122070312,677.8499755859375,650.75,676.6500244140625,648.976318359375,19298083,0.0,0.0
2021-07-26,ICICIBANK.NS,680.0,687.75,663.5999755859375,676.75,649.0721435546875,31054759,0.0,0.0
2021-07-27,ICICIBANK.NS,680.1500244140625,685.5999755859375,673.2999877929688,677.4500122070312,649.7435302734375,12598869,0.0,0.0
2021-07-28,ICICIBANK.NS,677.9000244140625,687.0,670.0499877929688,685.0499877929688,657.03271484375,18367497,0.0,0.0
2021-07-29,ICICIBANK.NS,692.5,692.5,683.0999755859375,687.5,661.3132934570312,11043138,2.0,0.0
2021-07-30,ICICIBANK.NS,687.0,687.6500244140625,678.0,682.5,656.503662109375,14536250,0.0,0.0
2021-08-02,ICICIBANK.NS,684.0499877929688,688.0499877929688,677.7000122070312,681.4000244140625,655.445556640625,9348206,0.0,0.0
2021-08-03,ICICIBANK.NS,683.0,691.9000244140625,676.6500244140625,690.4000244140625,664.1028442382812,10162609,0.0,0.0
2021-08-04,ICICIBANK.NS,694.0,717.4000244140625,693.2000122070312,714.6500244140625,687.4291381835938,28730606,0.0,0.0
2021-08-05,ICICIBANK.NS,715.5,716.5,699.0499877929688,702.4500122070312,675.6937866210938,17774554,0.0,0.0
2021-08-06,ICICIBANK.NS,705.0499877929688,706.0,695.7000122070312,697.6500244140625,671.07666015625,14701949,0.0,0.0
2021-08-09,ICICIBANK.NS,697.4000244140625,706.2999877929688,694.3499755859375,702.8499755859375,676.0784912109375,8602980,0.0,0.0
2021-08-10,ICICIBANK.NS,704.0999755859375,708.2999877929688,697.2999877929688,700.9000244140625,674.202880859375,10843554,0.0,0.0
2021-08-11,ICICIBANK.NS,706.25,707.1500244140625,690.0,693.5499877929688,667.1328125,9748084,0.0,0.0
2021-08-12,ICICIBANK.NS,693.5,702.9500122070312,693.2999877929688,701.3499755859375,674.6356811523438,8840339,0.0,0.0
2021-08-13,ICICIBANK.NS,707.0499877929688,709.9000244140625,701.0,704.7999877929688,677.9542236328125,12787590,0.0,0.0
2021-08-16,ICICIBANK.NS,702.4000244140625,707.4000244140625,698.6500244140625,702.6500244140625,675.88623046875,7920846,0.0,0.0
2021-08-17,ICICIBANK.NS,699.7999877929688,702.9000244140625,691.5,701.2000122070312,674.491455078125,8669653,0.0,0.0
2021-08-18,ICICIBANK.NS,700.8499755859375,700.8499755859375,683.5999755859375,688.2999877929688,662.0827026367188,11069373,0.0,0.0
2021-08-20,ICICIBANK.NS,683.8499755859375,684.4000244140625,675.3499755859375,680.7000122070312,654.772216796875,13121808,0.0,0.0
2021-08-23,ICICIBANK.NS,689.9500122070312,689.9500122070312,673.8499755859375,682.7000122070312,656.696044921875,10917371,0.0,0.0
2021-08-24,ICICIBANK.NS,683.25,697.25,680.4000244140625,694.4500122070312,667.99853515625,9821388,0.0,0.0
2021-08-25,ICICIBANK.NS,699.9500122070312,700.4500122070312,687.1500244140625,691.0499877929688,664.7279663085938,9535359,0.0,0.0
2021-08-26,ICICIBANK.NS,692.0499877929688,701.5499877929688,690.0,698.7999877929688,672.1827392578125,10756731,0.0,0.0
2021-08-27,ICICIBANK.NS,696.0999755859375,700.4500122070312,689.0499877929688,699.75,673.0965576171875,9135827,0.0,0.0
2021-08-30,ICICIBANK.NS,704.5,715.0,700.9000244140625,713.6500244140625,686.4671630859375,10797869,0.0,0.0
2021-08-31,ICICIBANK.NS,714.0,719.9000244140625,709.3499755859375,719.0499877929688,691.6614990234375,19760246,0.0,0.0
2021-09-01,ICICIBANK.NS,727.5999755859375,734.7999877929688,717.2000122070312,719.9000244140625,692.4791870117188,13729351,0.0,0.0
2021-09-02,ICICIBANK.NS,722.2999877929688,728.0499877929688,717.5,725.1500244140625,697.5291137695312,8627956,0.0,0.0
2021-09-03,ICICIBANK.NS,724.75,731.7999877929688,721.0999755859375,724.2999877929688,696.7114868164062,8993813,0.0,0.0
2021-09-06,ICICIBANK.NS,725.4000244140625,728.0,720.0,721.1500244140625,693.6815185546875,5329995,0.0,0.0
2021-09-07,ICICIBANK.NS,720.9000244140625,722.4500122070312,711.6500244140625,716.9000244140625,689.5933837890625,6242711,0.0,0.0
2021-09-08,ICICIBANK.NS,716.5,722.75,715.0,720.9500122070312,693.4890747070312,7118011,0.0,0.0
2021-09-09,ICICIBANK.NS,720.7999877929688,723.9000244140625,717.5999755859375,720.25,692.8157958984375,6243422,0.0,0.0
2021-09-13,ICICIBANK.NS,717.9000244140625,717.9000244140625,705.2000122070312,707.4000244140625,680.455322265625,6967906,0.0,0.0
2021-09-14,ICICIBANK.NS,713.25,714.0,706.5,707.4500122070312,680.5033569335938,5241865,0.0,0.0
2021-09-15,ICICIBANK.NS,707.0999755859375,716.0,706.2999877929688,714.3499755859375,687.1404418945312,5936741,0.0,0.0
2021-09-16,ICICIBANK.NS,720.0,729.4000244140625,712.8499755859375,727.2000122070312,699.5010375976562,13557169,0.0,0.0
2021-09-17,ICICIBANK.NS,732.9000244140625,734.4000244140625,714.0,720.1500244140625,692.7196655273438,17075003,0.0,0.0
2021-09-20,ICICIBANK.NS,710.0,720.4000244140625,706.5,710.0,682.9561767578125,7943459,0.0,0.0
2021-09-21,ICICIBANK.NS,711.1500244140625,714.5,694.4000244140625,711.8499755859375,684.7357177734375,10009615,0.0,0.0
2021-09-22,ICICIBANK.NS,715.0,715.0,702.25,703.3499755859375,676.5595092773438,9740470,0.0,0.0
2021-09-23,ICICIBANK.NS,711.0,720.0,707.1500244140625,717.0,689.6895141601562,10412491,0.0,0.0
2021-09-24,ICICIBANK.NS,722.5999755859375,724.5999755859375,716.5499877929688,722.9500122070312,695.4129638671875,11780868,0.0,0.0
2021-09-27,ICICIBANK.NS,724.5,731.75,722.2999877929688,730.0,702.1943359375,7712240,0.0,0.0
2021-09-28,ICICIBANK.NS,734.0999755859375,735.4000244140625,706.5999755859375,717.1500244140625,689.8338623046875,13491800,0.0,0.0
2021-09-29,ICICIBANK.NS,707.3499755859375,711.9500122070312,701.2999877929688,709.5,682.4752197265625,11453404,0.0,0.0
2021-09-30,ICICIBANK.NS,709.5999755859375,713.9000244140625,698.7999877929688,700.8499755859375,674.1547241210938,18487517,0.0,0.0
2021-10-01,ICICIBANK.NS,693.0,694.8499755859375,687.9000244140625,692.3499755859375,665.9783935546875,10935810,0.0,0.0
2021-10-04,ICICIBANK.NS,697.0499877929688,703.3499755859375,694.0499877929688,700.2000122070312,673.5294189453125,8976533,0.0,0.0
2021-10-05,ICICIBANK.NS,693.0,699.0,691.8499755859375,697.0999755859375,670.5474853515625,7497208,0.0,0.0
2021-10-06,ICICIBANK.NS,696.5999755859375,705.0,688.3499755859375,689.5,663.237060546875,13200810,0.0,0.0
2021-10-07,ICICIBANK.NS,697.5499877929688,704.9500122070312,693.4500122070312,702.2000122070312,675.4533081054688,10041549,0.0,0.0
2021-10-08,ICICIBANK.NS,706.0,710.0,698.2999877929688,703.4000244140625,676.6076049804688,9383924,0.0,0.0
2021-10-11,ICICIBANK.NS,702.0,719.4000244140625,700.2999877929688,713.2999877929688,686.1304931640625,9337637,0.0,0.0
2021-10-12,ICICIBANK.NS,706.5,713.0,704.4000244140625,708.5999755859375,681.6094970703125,7376091,0.0,0.0
2021-10-13,ICICIBANK.NS,713.8499755859375,715.9000244140625,707.9500122070312,709.9500122070312,682.9080810546875,6357766,0.0,0.0
2021-10-14,ICICIBANK.NS,710.25,729.7999877929688,709.0499877929688,727.2999877929688,699.5972900390625,8950350,0.0,0.0
2021-10-18,ICICIBANK.NS,739.0,748.9000244140625,732.0499877929688,745.4500122070312,717.055908203125,15345601,0.0,0.0
2021-10-19,ICICIBANK.NS,755.0,755.0,738.75,747.4500122070312,718.9797973632812,11349799,0.0,0.0
2021-10-20,ICICIBANK.NS,746.75,757.4500122070312,741.9000244140625,745.8499755859375,717.440673828125,12762996,0.0,0.0
2021-10-21,ICICIBANK.NS,748.9000244140625,759.8499755859375,737.4000244140625,755.5,726.7230834960938,12166996,0.0,0.0
2021-10-22,ICICIBANK.NS,758.5,765.8499755859375,753.3499755859375,759.2999877929688,730.3782958984375,13248928,0.0,0.0
2021-10-25,ICICIBANK.NS,800.0,867.0,798.4000244140625,841.7000122070312,809.6397705078125,96124084,0.0,0.0
2021-10-26,ICICIBANK.NS,828.7000122070312,841.7000122070312,822.3499755859375,829.4000244140625,797.8082885742188,16925115,0.0,0.0
2021-10-27,ICICIBANK.NS,828.75,849.0,824.2000122070312,835.0,803.1948852539062,22898400,0.0,0.0
2021-10-28,ICICIBANK.NS,830.0999755859375,831.9500122070312,796.25,798.7000122070312,768.277587890625,18750423,0.0,0.0
2021-10-29,ICICIBANK.NS,798.0,808.75,783.9000244140625,802.0499877929688,771.5,15701200,0.0,0.0
2021-11-01,ICICIBANK.NS,807.7000122070312,809.7000122070312,793.0,803.9000244140625,773.279541015625,11406421,0.0,0.0
2021-11-02,ICICIBANK.NS,809.0,810.0,798.0,800.9500122070312,770.4419555664062,9452457,0.0,0.0
2021-11-03,ICICIBANK.NS,806.0,806.0,780.4500122070312,785.9500122070312,756.0132446289062,11839149,0.0,0.0
2021-11-04,ICICIBANK.NS,788.5,789.0,779.0,782.0999755859375,752.3098754882812,3149310,0.0,0.0
2021-11-08,ICICIBANK.NS,793.0,793.0,773.1500244140625,780.1500244140625,750.4342041015625,13967995,0.0,0.0
2021-11-09,ICICIBANK.NS,784.0,788.5999755859375,779.2000122070312,786.5499877929688,756.5904541015625,10084357,0.0,0.0
2021-11-10,ICICIBANK.NS,782.5499877929688,784.2999877929688,773.0999755859375,780.9000244140625,751.1556396484375,9507347,0.0,0.0
2021-11-11,ICICIBANK.NS,776.7000122070312,777.0,766.0999755859375,771.4500122070312,742.0655517578125,9221059,0.0,0.0
2021-11-12,ICICIBANK.NS,772.7000122070312,779.9000244140625,771.2000122070312,776.5999755859375,747.0194702148438,15380106,0.0,0.0
2021-11-15,ICICIBANK.NS,777.0,784.5499877929688,771.5499877929688,773.2999877929688,743.8451538085938,10934583,0.0,0.0
2021-11-16,ICICIBANK.NS,773.2999877929688,775.75,762.0,764.0499877929688,734.9473876953125,12785837,0.0,0.0
2021-11-17,ICICIBANK.NS,760.9000244140625,771.9500122070312,756.2999877929688,761.2999877929688,732.3021240234375,11657214,0.0,0.0
2021-11-18,ICICIBANK.NS,764.9000244140625,767.5,756.4000244140625,762.9000244140625,733.8413696289062,20644385,0.0,0.0
2021-11-22,ICICIBANK.NS,768.2999877929688,770.4500122070312,740.25,752.0,723.3563842773438,20403786,0.0,0.0
2021-11-23,ICICIBANK.NS,740.9500122070312,757.9500122070312,731.2000122070312,751.8499755859375,723.2120971679688,24913042,0.0,0.0
2021-11-24,ICICIBANK.NS,750.25,772.25,746.7000122070312,760.2000122070312,731.244140625,23186419,0.0,0.0
2021-11-25,ICICIBANK.NS,754.9000244140625,754.9500122070312,745.2999877929688,751.0499877929688,722.4425659179688,17749726,0.0,0.0
2021-11-26,ICICIBANK.NS,739.0,742.0499877929688,718.5999755859375,722.2000122070312,694.6914672851562,18987552,0.0,0.0
2021-11-29,ICICIBANK.NS,726.75,727.75,710.5,718.4000244140625,691.0362548828125,15878074,0.0,0.0
2021-11-30,ICICIBANK.NS,716.75,732.2999877929688,711.0999755859375,714.3499755859375,687.1404418945312,23965914,0.0,0.0
2021-12-01,ICICIBANK.NS,716.4000244140625,732.75,715.0,727.7000122070312,699.9820556640625,15214913,0.0,0.0
2021-12-02,ICICIBANK.NS,724.5999755859375,727.0999755859375,715.2000122070312,722.4000244140625,694.8839111328125,21924640,0.0,0.0
2021-12-03,ICICIBANK.NS,720.5,729.5,715.0999755859375,716.2999877929688,689.0162353515625,20130259,0.0,0.0
2021-12-06,ICICIBANK.NS,719.0,726.7999877929688,707.5,709.5499877929688,682.5233154296875,20129080,0.0,0.0
2021-12-07,ICICIBANK.NS,717.0,740.9500122070312,712.0,734.6500244140625,706.6672973632812,30513303,0.0,0.0
2021-12-08,ICICIBANK.NS,747.9000244140625,758.7999877929688,744.0999755859375,753.4000244140625,724.703125,33432411,0.0,0.0
2021-12-09,ICICIBANK.NS,759.0499877929688,763.0,748.4000244140625,755.0,726.2421264648438,16007459,0.0,0.0
2021-12-10,ICICIBANK.NS,756.5,759.7999877929688,751.0499877929688,758.0,729.1278686523438,7627774,0.0,0.0
2021-12-13,ICICIBANK.NS,763.0,769.7000122070312,752.5,754.0,725.2802124023438,16855546,0.0,0.0
2021-12-14,ICICIBANK.NS,751.0499877929688,764.3499755859375,746.2999877929688,758.6500244140625,729.7532348632812,17488089,0.0,0.0
2021-12-15,ICICIBANK.NS,757.5999755859375,759.5,750.9000244140625,752.25,723.596923828125,7358740,0.0,0.0
2021-12-16,ICICIBANK.NS,757.9000244140625,757.9000244140625,738.9500122070312,741.1500244140625,712.9197387695312,14123215,0.0,0.0
2021-12-17,ICICIBANK.NS,742.0,742.0,726.0499877929688,728.2999877929688,700.55908203125,13227787,0.0,0.0
2021-12-20,ICICIBANK.NS,718.0999755859375,720.2000122070312,698.2000122070312,709.9500122070312,682.9080810546875,16900016,0.0,0.0
2021-12-21,ICICIBANK.NS,720.0,728.9500122070312,716.1500244140625,720.3499755859375,692.9119873046875,14563335,0.0,0.0
2021-12-22,ICICIBANK.NS,726.25,734.9500122070312,720.0499877929688,732.7999877929688,704.8877563476562,9843359,0.0,0.0
2021-12-23,ICICIBANK.NS,739.0499877929688,739.5,727.9500122070312,731.2999877929688,703.44482421875,9994049,0.0,0.0
2021-12-24,ICICIBANK.NS,733.9000244140625,733.9000244140625,719.5999755859375,727.0999755859375,699.4048461914062,8800690,0.0,0.0
2021-12-27,ICICIBANK.NS,724.0,738.75,716.0999755859375,736.0,707.9658813476562,7955163,0.0,0.0
2021-12-28,ICICIBANK.NS,740.4000244140625,742.4500122070312,732.5,735.7999877929688,707.7734375,17833655,0.0,0.0
2021-12-29,ICICIBANK.NS,738.0,744.9500122070312,731.9000244140625,735.7000122070312,707.6773071289062,7143073,0.0,0.0
2021-12-30,ICICIBANK.NS,733.2999877929688,740.5,729.0,735.7000122070312,707.6773071289062,14326182,0.0,0.0
2021-12-31,ICICIBANK.NS,736.5499877929688,746.25,736.5499877929688,740.1500244140625,711.9578857421875,6973055,0.0,0.0
2022-01-03,ICICIBANK.NS,743.0499877929688,766.0,743.0,764.7000122070312,735.57275390625,9653095,0.0,0.0
2022-01-04,ICICIBANK.NS,767.9500122070312,778.0,763.5999755859375,772.8499755859375,743.4122314453125,12114437,0.0,0.0
2022-01-05,ICICIBANK.NS,773.0,795.8499755859375,771.2000122070312,788.0499877929688,758.0332641601562,19741360,0.0,0.0
2022-01-06,ICICIBANK.NS,775.0499877929688,792.5,774.0,785.0499877929688,755.1475830078125,13018067,0.0,0.0
2022-01-07,ICICIBANK.NS,792.2000122070312,802.2999877929688,786.25,793.25,763.03515625,12250210,0.0,0.0
2022-01-10,ICICIBANK.NS,800.25,812.7999877929688,799.0,810.75,779.86865234375,10905080,0.0,0.0
2022-01-11,ICICIBANK.NS,809.75,814.7000122070312,801.9000244140625,810.6500244140625,779.7725219726562,9982061,0.0,0.0
2022-01-12,ICICIBANK.NS,818.5999755859375,825.4500122070312,812.0499877929688,823.75,792.37353515625,13034848,0.0,0.0
2022-01-13,ICICIBANK.NS,821.0,828.0,817.4000244140625,824.7000122070312,793.2874145507812,9372244,0.0,0.0
2022-01-14,ICICIBANK.NS,821.0,822.0,811.5999755859375,820.0,788.7662963867188,7552844,0.0,0.0
2022-01-17,ICICIBANK.NS,820.0,828.9000244140625,814.5499877929688,819.2999877929688,788.0929565429688,6722700,0.0,0.0
2022-01-18,ICICIBANK.NS,821.0,836.0,818.2000122070312,823.0999755859375,791.7481689453125,10835146,0.0,0.0
2022-01-19,ICICIBANK.NS,816.0,821.0,803.25,808.5999755859375,777.8004760742188,16416144,0.0,0.0
2022-01-20,ICICIBANK.NS,803.0,812.9500122070312,795.4000244140625,810.25,779.3876953125,13567654,0.0,0.0
2022-01-21,ICICIBANK.NS,803.0,811.3499755859375,795.5,804.5,773.8567504882812,12078277,0.0,0.0
2022-01-24,ICICIBANK.NS,813.0,816.7000122070312,783.2999877929688,798.4500122070312,768.0371704101562,29612316,0.0,0.0
2022-01-25,ICICIBANK.NS,789.0,804.2999877929688,786.0499877929688,801.6500244140625,771.115234375,19513184,0.0,0.0
2022-01-27,ICICIBANK.NS,786.9000244140625,801.5,781.0499877929688,794.6500244140625,764.3818359375,23984679,0.0,0.0
2022-01-28,ICICIBANK.NS,803.75,805.8499755859375,778.5,781.1500244140625,751.3961181640625,14072314,0.0,0.0
2022-01-31,ICICIBANK.NS,788.9500122070312,798.7000122070312,784.0,788.7999877929688,758.7546997070312,14824509,0.0,0.0
2022-02-01,ICICIBANK.NS,802.0499877929688,812.8499755859375,789.2999877929688,810.2999877929688,779.435791015625,20031583,0.0,0.0
2022-02-02,ICICIBANK.NS,815.0,818.7000122070312,808.8499755859375,813.75,782.75439453125,11214375,0.0,0.0
2022-02-03,ICICIBANK.NS,814.0499877929688,818.4000244140625,806.0,808.9500122070312,778.1371459960938,9755335,0.0,0.0
2022-02-04,ICICIBANK.NS,809.7999877929688,812.0,795.7999877929688,805.0499877929688,774.3858642578125,10314067,0.0,0.0
2022-02-07,ICICIBANK.NS,798.0499877929688,805.0,781.4500122070312,786.4000244140625,756.4461669921875,14659368,0.0,0.0
2022-02-08,ICICIBANK.NS,790.0,795.7000122070312,774.2999877929688,792.5,762.3137817382812,14642455,0.0,0.0
2022-02-09,ICICIBANK.NS,797.25,804.25,794.2000122070312,802.7999877929688,772.2214965820312,8855292,0.0,0.0
2022-02-10,ICICIBANK.NS,805.9500122070312,808.7999877929688,796.2999877929688,805.5,774.818603515625,13159771,0.0,0.0
2022-02-11,ICICIBANK.NS,796.8499755859375,797.4000244140625,787.9000244140625,790.7999877929688,760.6785278320312,13138408,0.0,0.0
2022-02-14,ICICIBANK.NS,772.0,773.9500122070312,751.1500244140625,753.7000122070312,724.99169921875,16170656,0.0,0.0
2022-02-15,ICICIBANK.NS,752.9500122070312,778.0,743.2000122070312,776.0499877929688,746.4903564453125,18880659,0.0,0.0
2022-02-16,ICICIBANK.NS,775.7000122070312,777.5499877929688,760.4000244140625,764.0499877929688,734.9473876953125,10549784,0.0,0.0
2022-02-17,ICICIBANK.NS,766.5,767.25,746.2999877929688,750.3499755859375,721.7691650390625,16683808,0.0,0.0
2022-02-18,ICICIBANK.NS,746.8499755859375,756.7999877929688,745.5499877929688,748.9000244140625,720.3745727539062,8945567,0.0,0.0
2022-02-21,ICICIBANK.NS,746.25,762.9000244140625,740.0,754.4500122070312,725.713134765625,10967164,0.0,0.0
2022-02-22,ICICIBANK.NS,738.4000244140625,759.75,737.75,751.2999877929688,722.68310546875,13156371,0.0,0.0
2022-02-23,ICICIBANK.NS,754.5999755859375,756.4000244140625,742.7000122070312,744.5999755859375,716.2382202148438,11624282,0.0,0.0
2022-02-24,ICICIBANK.NS,712.9000244140625,727.0999755859375,702.2999877929688,707.4000244140625,680.455322265625,28023104,0.0,0.0
2022-02-25,ICICIBANK.NS,724.9500122070312,739.2999877929688,720.25,730.0499877929688,702.2425537109375,16935750,0.0,0.0
2022-02-28,ICICIBANK.NS,722.9500122070312,744.75,715.4000244140625,742.7000122070312,714.4107055664062,20547432,0.0,0.0
2022-03-02,ICICIBANK.NS,717.0,724.9500122070312,707.75,714.8499755859375,687.6214599609375,25252492,0.0,0.0
2022-03-03,ICICIBANK.NS,717.5999755859375,721.9500122070312,693.4500122070312,698.2999877929688,671.701904296875,23190595,0.0,0.0
2022-03-04,ICICIBANK.NS,691.0,706.5499877929688,685.0,688.0499877929688,661.84228515625,18697223,0.0,0.0
2022-03-07,ICICIBANK.NS,663.5,667.0,642.1500244140625,653.75,628.8487548828125,27799873,0.0,0.0
2022-03-08,ICICIBANK.NS,643.2999877929688,669.4500122070312,643.0,665.0,639.6702270507812,26716975,0.0,0.0
2022-03-09,ICICIBANK.NS,664.7000122070312,674.5,658.0,667.4500122070312,642.0269775390625,33728639,0.0,0.0
2022-03-10,ICICIBANK.NS,693.9500122070312,701.0,673.6500244140625,676.5999755859375,650.828369140625,35959638,0.0,0.0
2022-03-11,ICICIBANK.NS,674.6500244140625,684.7000122070312,670.5999755859375,677.9000244140625,652.078857421875,20546724,0.0,0.0
2022-03-14,ICICIBANK.NS,678.0999755859375,698.4500122070312,677.25,696.1500244140625,669.6337890625,24648981,0.0,0.0
2022-03-15,ICICIBANK.NS,701.5,708.0999755859375,688.0,697.3499755859375,670.7879638671875,27714580,0.0,0.0
2022-03-16,ICICIBANK.NS,706.9000244140625,711.4000244140625,701.25,708.0,681.0323486328125,14621688,0.0,0.0
2022-03-17,ICICIBANK.NS,717.7999877929688,725.0,716.2000122070312,720.0999755859375,692.67138671875,18329844,0.0,0.0
2022-03-21,ICICIBANK.NS,721.0,722.9000244140625,705.5,710.75,683.6776733398438,12866839,0.0,0.0
2022-03-22,ICICIBANK.NS,708.6500244140625,721.0,699.5,718.2000122070312,690.8438720703125,11761758,0.0,0.0
2022-03-23,ICICIBANK.NS,725.0,726.7999877929688,714.25,718.2999877929688,690.9400634765625,7140403,0.0,0.0
2022-03-24,ICICIBANK.NS,702.4500122070312,712.7000122070312,698.0,704.2000122070312,677.377197265625,17727969,0.0,0.0
2022-03-25,ICICIBANK.NS,705.0,706.0999755859375,696.6500244140625,699.25,672.61572265625,15263007,0.0,0.0
2022-03-28,ICICIBANK.NS,702.0,713.4000244140625,695.6500244140625,710.3499755859375,683.2927856445312,13806166,0.0,0.0
2022-03-29,ICICIBANK.NS,714.2999877929688,716.9500122070312,705.8499755859375,715.2999877929688,688.0542602539062,11489374,0.0,0.0
2022-03-30,ICICIBANK.NS,721.0499877929688,731.75,719.0999755859375,730.9000244140625,703.0601806640625,20154520,0.0,0.0
2022-03-31,ICICIBANK.NS,739.9000244140625,739.9000244140625,727.7999877929688,730.2999877929688,702.4829711914062,16046383,0.0,0.0
2022-04-01,ICICIBANK.NS,725.0,738.2999877929688,723.0999755859375,736.25,708.2063598632812,12658848,0.0,0.0
2022-04-04,ICICIBANK.NS,742.0,749.7999877929688,725.0,746.5999755859375,718.162109375,17192197,0.0,0.0
2022-04-05,ICICIBANK.NS,746.7999877929688,755.4500122070312,738.0,741.7999877929688,713.544921875,12290391,0.0,0.0
2022-04-06,ICICIBANK.NS,732.2999877929688,744.9000244140625,732.0999755859375,741.5999755859375,713.3526000976562,13518142,0.0,0.0
2022-04-07,ICICIBANK.NS,737.0999755859375,757.7999877929688,737.0999755859375,748.5499877929688,720.0377807617188,15087175,0.0,0.0
2022-04-08,ICICIBANK.NS,749.8499755859375,756.0,743.5999755859375,754.2999877929688,725.5687255859375,15480705,0.0,0.0
2022-04-11,ICICIBANK.NS,752.2999877929688,765.4500122070312,751.6500244140625,759.5999755859375,730.6669311523438,13216391,0.0,0.0
2022-04-12,ICICIBANK.NS,757.0,768.9000244140625,750.25,763.8499755859375,734.7550659179688,14020000,0.0,0.0
2022-04-13,ICICIBANK.NS,769.5999755859375,772.5499877929688,760.7000122070312,762.25,733.2160034179688,16119956,0.0,0.0
2022-04-18,ICICIBANK.NS,751.0,762.9000244140625,749.2000122070312,757.7999877929688,728.9354858398438,17651530,0.0,0.0
2022-04-19,ICICIBANK.NS,761.7999877929688,777.9000244140625,757.0,766.2999877929688,737.1116943359375,31088359,0.0,0.0
2022-04-20,ICICIBANK.NS,766.7999877929688,770.0,753.7999877929688,755.5499877929688,726.771240234375,15984202,0.0,0.0
2022-04-21,ICICIBANK.NS,759.0499877929688,764.2000122070312,751.2000122070312,762.3499755859375,733.3121948242188,8953098,0.0,0.0
2022-04-22,ICICIBANK.NS,757.0,758.8499755859375,745.9000244140625,747.6500244140625,719.1721801757812,14411607,0.0,0.0
2022-04-25,ICICIBANK.NS,747.6500244140625,762.2000122070312,744.0,752.2000122070312,723.548828125,35417460,0.0,0.0
2022-04-26,ICICIBANK.NS,768.0,768.5499877929688,751.6500244140625,753.75,725.039794921875,18727514,0.0,0.0
2022-04-27,ICICIBANK.NS,749.0,750.0,732.5499877929688,736.7000122070312,708.6392211914062,21441480,0.0,0.0
2022-04-28,ICICIBANK.NS,739.0999755859375,751.9000244140625,734.6500244140625,747.1500244140625,718.691162109375,18649559,0.0,0.0
2022-04-29,ICICIBANK.NS,750.0999755859375,759.9500122070312,740.0999755859375,743.2999877929688,714.98779296875,19560317,0.0,0.0
2022-05-02,ICICIBANK.NS,732.0,743.7999877929688,731.0999755859375,741.0,712.7754516601562,10903446,0.0,0.0
2022-05-04,ICICIBANK.NS,746.2000122070312,747.0,721.1500244140625,724.25,696.6633911132812,12212165,0.0,0.0
2022-05-05,ICICIBANK.NS,730.7999877929688,743.0,726.5,728.7999877929688,701.0401000976562,9121547,0.0,0.0
2022-05-06,ICICIBANK.NS,716.25,723.0,710.2999877929688,719.25,691.8538818359375,12455025,0.0,0.0
2022-05-09,ICICIBANK.NS,705.2999877929688,720.0,704.4500122070312,710.3499755859375,683.2927856445312,13055889,0.0,0.0
2022-05-10,ICICIBANK.NS,705.0,720.0,705.0,711.2999877929688,684.2066650390625,12797419,0.0,0.0
2022-05-11,ICICIBANK.NS,718.0,719.7999877929688,707.1500244140625,714.2000122070312,686.9962158203125,13516852,0.0,0.0
2022-05-12,ICICIBANK.NS,707.5499877929688,710.7000122070312,693.2999877929688,695.7999877929688,669.2969970703125,16685166,0.0,0.0
2022-05-13,ICICIBANK.NS,702.4000244140625,702.4000244140625,675.0,677.3499755859375,651.5498046875,15717043,0.0,0.0
2022-05-16,ICICIBANK.NS,676.7000122070312,690.9500122070312,675.75,683.0,656.9846801757812,9025623,0.0,0.0
2022-05-17,ICICIBANK.NS,686.0999755859375,712.0,685.1500244140625,710.0,682.9561767578125,12765052,0.0,0.0
2022-05-18,ICICIBANK.NS,712.3499755859375,717.0,706.0999755859375,707.3499755859375,680.4070434570312,11835013,0.0,0.0
2022-05-19,ICICIBANK.NS,693.0999755859375,698.7000122070312,685.5999755859375,690.2999877929688,664.006591796875,16661023,0.0,0.0
2022-05-20,ICICIBANK.NS,694.7999877929688,711.9000244140625,693.7000122070312,709.5499877929688,682.5233154296875,11695528,0.0,0.0
2022-05-23,ICICIBANK.NS,709.5499877929688,725.9500122070312,707.4500122070312,711.0499877929688,683.9661865234375,17438451,0.0,0.0
2022-05-24,ICICIBANK.NS,711.0499877929688,717.3499755859375,706.0499877929688,708.1500244140625,681.1766967773438,13779981,0.0,0.0
2022-05-25,ICICIBANK.NS,712.0499877929688,720.8499755859375,711.5999755859375,713.3499755859375,686.1785888671875,10457589,0.0,0.0
2022-05-26,ICICIBANK.NS,723.0,733.0,715.4500122070312,728.5,700.7515258789062,14028733,0.0,0.0
2022-05-27,ICICIBANK.NS,733.5499877929688,741.2000122070312,731.25,739.7999877929688,711.6211547851562,8110620,0.0,0.0
2022-05-30,ICICIBANK.NS,748.75,751.9500122070312,744.2999877929688,748.5,719.98974609375,7628515,0.0,0.0
2022-05-31,ICICIBANK.NS,741.0,756.7000122070312,740.5,752.8499755859375,724.1740112304688,20272212,0.0,0.0
2022-06-01,ICICIBANK.NS,748.0,755.5999755859375,744.2000122070312,752.6500244140625,723.981689453125,10102092,0.0,0.0
2022-06-02,ICICIBANK.NS,751.0499877929688,751.75,743.2000122070312,749.75,721.192138671875,10949759,0.0,0.0
2022-06-03,ICICIBANK.NS,756.1500244140625,757.0,741.2000122070312,744.2999877929688,715.9496459960938,8563791,0.0,0.0
2022-06-06,ICICIBANK.NS,740.2000122070312,750.9500122070312,739.5999755859375,746.75,718.3064575195312,9107831,0.0,0.0
2022-06-07,ICICIBANK.NS,741.0,742.9500122070312,732.3499755859375,735.25,707.2444458007812,9938912,0.0,0.0
2022-06-08,ICICIBANK.NS,736.5999755859375,741.0,726.4500122070312,729.5,701.7135009765625,9369224,0.0,0.0
2022-06-09,ICICIBANK.NS,725.0,734.0999755859375,722.1500244140625,732.75,704.8396606445312,7444368,0.0,0.0
2022-06-10,ICICIBANK.NS,724.75,728.2999877929688,718.0,720.0,692.5752563476562,7990818,0.0,0.0
2022-06-13,ICICIBANK.NS,702.25,702.2999877929688,682.0999755859375,688.0,661.794189453125,16622521,0.0,0.0
2022-06-14,ICICIBANK.NS,682.4000244140625,694.6500244140625,680.6500244140625,685.5,659.3894653320312,13348598,0.0,0.0
2022-06-15,ICICIBANK.NS,687.5,696.3499755859375,686.0999755859375,687.25,661.0726928710938,9199591,0.0,0.0
2022-06-16,ICICIBANK.NS,700.0,700.0499877929688,676.2999877929688,678.5,652.6560668945312,13237239,0.0,0.0
2022-06-17,ICICIBANK.NS,671.25,692.6500244140625,669.9500122070312,686.8499755859375,660.6879272460938,16335613,0.0,0.0
2022-06-20,ICICIBANK.NS,686.0,687.7999877929688,677.5999755859375,685.9500122070312,659.822265625,10981042,0.0,0.0
2022-06-21,ICICIBANK.NS,690.5499877929688,708.0,688.5999755859375,696.0999755859375,669.5856323242188,13319648,0.0,0.0
2022-06-22,ICICIBANK.NS,694.25,698.9000244140625,685.0999755859375,686.5999755859375,660.4474487304688,6838249,0.0,0.0
2022-06-23,ICICIBANK.NS,690.2000122070312,706.0,687.0,699.1500244140625,672.51953125,14960412,0.0,0.0
2022-06-24,ICICIBANK.NS,710.9000244140625,715.25,706.5499877929688,713.4500122070312,686.2747802734375,10856736,0.0,0.0
2022-06-27,ICICIBANK.NS,728.8499755859375,728.8499755859375,716.0999755859375,717.3499755859375,690.0262451171875,8285225,0.0,0.0
2022-06-28,ICICIBANK.NS,711.0499877929688,717.2999877929688,707.0,710.2999877929688,683.2447509765625,8339931,0.0,0.0
2022-06-29,ICICIBANK.NS,704.9500122070312,706.7000122070312,700.9500122070312,702.75,675.982421875,9570557,0.0,0.0
2022-06-30,ICICIBANK.NS,702.75,711.9000244140625,701.2000122070312,707.2000122070312,680.2628173828125,11970404,0.0,0.0
2022-07-01,ICICIBANK.NS,703.4500122070312,706.75,694.0999755859375,703.9000244140625,677.0885009765625,9884899,0.0,0.0
2022-07-04,ICICIBANK.NS,704.8499755859375,721.0999755859375,704.8499755859375,720.0999755859375,692.67138671875,8303732,0.0,0.0
2022-07-05,ICICIBANK.NS,723.0499877929688,732.1500244140625,718.0999755859375,719.4500122070312,692.0462036132812,11460367,0.0,0.0
2022-07-06,ICICIBANK.NS,723.0,731.9000244140625,722.0,725.9500122070312,698.2986450195312,12163533,0.0,0.0
2022-07-07,ICICIBANK.NS,735.9500122070312,744.0,733.0,742.0,713.7373657226562,10374018,0.0,0.0
2022-07-08,ICICIBANK.NS,751.2999877929688,757.5,744.5499877929688,755.7000122070312,726.9154663085938,9797700,0.0,0.0
2022-07-11,ICICIBANK.NS,755.0,771.5499877929688,755.0,769.5,740.1898803710938,12440573,0.0,0.0
2022-07-12,ICICIBANK.NS,765.3499755859375,767.4500122070312,757.7000122070312,759.9000244140625,730.9555053710938,10219829,0.0,0.0
2022-07-13,ICICIBANK.NS,764.75,764.75,749.9000244140625,753.2000122070312,724.5107421875,8674121,0.0,0.0
2022-07-14,ICICIBANK.NS,750.0,759.5,748.7999877929688,752.4000244140625,723.7412109375,7044542,0.0,0.0
2022-07-15,ICICIBANK.NS,753.25,759.0,744.2000122070312,751.2000122070312,722.5867919921875,6358018,0.0,0.0
2022-07-18,ICICIBANK.NS,759.25,773.1500244140625,757.8499755859375,772.0,742.5946655273438,8045363,0.0,0.0
2022-07-19,ICICIBANK.NS,767.7999877929688,782.0,767.1500244140625,780.6500244140625,750.915283203125,12825591,0.0,0.0
2022-07-20,ICICIBANK.NS,789.5,789.5499877929688,780.2999877929688,783.0999755859375,753.2717895507812,8152179,0.0,0.0
2022-07-21,ICICIBANK.NS,784.9000244140625,788.9500122070312,780.0999755859375,786.0,756.0614013671875,8312338,0.0,0.0
2022-07-22,ICICIBANK.NS,789.0999755859375,803.9000244140625,789.0999755859375,800.0499877929688,769.576171875,12267898,0.0,0.0
2022-07-25,ICICIBANK.NS,803.0,817.7999877929688,797.0999755859375,800.9000244140625,770.3938598632812,21034148,0.0,0.0
2022-07-26,ICICIBANK.NS,801.5999755859375,802.7999877929688,791.6500244140625,796.2999877929688,765.968994140625,7374145,0.0,0.0
2022-07-27,ICICIBANK.NS,795.0,803.7999877929688,794.6500244140625,800.5,770.0090942382812,9536564,0.0,0.0
2022-07-28,ICICIBANK.NS,806.9500122070312,815.5,805.2999877929688,814.5999755859375,783.572021484375,11124518,0.0,0.0
2022-07-29,ICICIBANK.NS,820.6500244140625,823.4000244140625,808.0,818.5999755859375,787.4195556640625,11095993,0.0,0.0
2022-08-01,ICICIBANK.NS,820.7000122070312,825.0,817.2999877929688,823.4000244140625,792.0369262695312,7974903,0.0,0.0
2022-08-02,ICICIBANK.NS,820.0,822.0,812.2000122070312,817.75,786.6019897460938,11106772,0.0,0.0
2022-08-03,ICICIBANK.NS,817.75,828.0,811.5499877929688,824.7999877929688,793.3834838867188,11073975,0.0,0.0
2022-08-04,ICICIBANK.NS,824.0,829.9500122070312,808.3499755859375,820.25,789.0067749023438,11113742,0.0,0.0
2022-08-05,ICICIBANK.NS,823.0999755859375,840.9000244140625,823.0999755859375,838.2000122070312,806.2730712890625,16056522,0.0,0.0
2022-08-08,ICICIBANK.NS,836.5999755859375,842.2999877929688,831.1500244140625,836.9500122070312,809.9019165039062,12142951,5.0,0.0
2022-08-10,ICICIBANK.NS,842.1500244140625,853.0,842.1500244140625,848.75,821.3204956054688,23658553,0.0,0.0
2022-08-11,ICICIBANK.NS,860.0499877929688,866.5,858.0999755859375,859.7000122070312,831.9166870117188,22787391,0.0,0.0
2022-08-12,ICICIBANK.NS,863.9500122070312,877.25,858.5,874.4000244140625,846.1416625976562,10792853,0.0,0.0
2022-08-16,ICICIBANK.NS,881.4500122070312,884.5,876.4000244140625,879.25,850.8348999023438,13804836,0.0,0.0
2022-08-17,ICICIBANK.NS,881.7999877929688,885.5,878.4000244140625,883.25,854.70556640625,9058040,0.0,0.0
2022-08-18,ICICIBANK.NS,880.5499877929688,887.6500244140625,875.0499877929688,885.0999755859375,856.4957885742188,13137856,0.0,0.0
2022-08-19,ICICIBANK.NS,885.0,886.9000244140625,864.2999877929688,870.4000244140625,842.2708740234375,10787199,0.0,0.0
2022-08-22,ICICIBANK.NS,865.5499877929688,867.4000244140625,849.5999755859375,852.25,824.7074584960938,13848023,0.0,0.0
2022-08-23,ICICIBANK.NS,845.3499755859375,868.0,842.7999877929688,863.9000244140625,835.9810180664062,13254855,0.0,0.0
2022-08-24,ICICIBANK.NS,857.0499877929688,875.3499755859375,857.0499877929688,873.2999877929688,845.0771484375,10494109,0.0,0.0
2022-08-25,ICICIBANK.NS,873.2999877929688,881.4500122070312,866.7000122070312,872.3499755859375,844.1578369140625,9827829,0.0,0.0
2022-08-26,ICICIBANK.NS,874.1500244140625,877.5,867.2999877929688,870.8499755859375,842.706298828125,5976725,0.0,0.0
2022-08-29,ICICIBANK.NS,850.0499877929688,861.0,847.0,855.8499755859375,828.1911010742188,7755134,0.0,0.0
2022-08-30,ICICIBANK.NS,860.5,890.75,859.0999755859375,887.2999877929688,858.6246948242188,12544701,0.0,0.0
2022-09-01,ICICIBANK.NS,863.0,885.7000122070312,863.0,874.3499755859375,846.0932006835938,15877583,0.0,0.0
2022-09-02,ICICIBANK.NS,874.0999755859375,881.2999877929688,867.0,872.4000244140625,844.206298828125,8401284,0.0,0.0
2022-09-05,ICICIBANK.NS,871.5499877929688,885.9000244140625,871.5499877929688,882.4500122070312,853.9314575195312,8744999,0.0,0.0
2022-09-06,ICICIBANK.NS,882.5,889.9500122070312,878.0999755859375,883.6500244140625,855.0926513671875,9879326,0.0,0.0
2022-09-07,ICICIBANK.NS,878.5499877929688,882.6500244140625,872.5,876.2000122070312,847.8834838867188,8814960,0.0,0.0
2022-09-08,ICICIBANK.NS,885.5,900.7999877929688,885.5,898.7999877929688,869.7531127929688,12163106,0.0,0.0
2022-09-09,ICICIBANK.NS,910.1500244140624,911.9500122070312,897.7000122070312,901.25,872.1239013671875,9936230,0.0,0.0
2022-09-12,ICICIBANK.NS,905.0499877929688,908.9000244140624,902.7999877929688,907.2000122070312,877.881591796875,6016978,0.0,0.0
2022-09-13,ICICIBANK.NS,913.9500122070312,913.9500122070312,905.2999877929688,910.0,880.5911254882812,10400475,0.0,0.0
2022-09-14,ICICIBANK.NS,898.25,922.25,898.0499877929688,918.0999755859376,888.4292602539062,14712947,0.0,0.0
2022-09-15,ICICIBANK.NS,920.0,936.6500244140624,915.75,917.5999755859376,887.9454956054688,16253099,0.0,0.0
2022-09-16,ICICIBANK.NS,914.9000244140624,917.5999755859376,905.2000122070312,909.0999755859376,879.7200927734375,11966860,0.0,0.0
2022-09-19,ICICIBANK.NS,904.9500122070312,912.5,895.3499755859375,899.2000122070312,870.14013671875,11235656,0.0,0.0
2022-09-20,ICICIBANK.NS,909.2000122070312,922.5,907.3499755859376,916.75,887.1229858398438,12090663,0.0,0.0
2022-09-21,ICICIBANK.NS,912.0,917.0,905.6500244140624,915.25,885.6714477539062,8917640,0.0,0.0
2022-09-22,ICICIBANK.NS,906.0,911.7000122070312,895.2999877929688,903.4000244140624,874.2044067382812,11125669,0.0,0.0
2022-09-23,ICICIBANK.NS,901.7000122070312,904.9000244140624,878.75,882.25,853.7379150390625,15927517,0.0,0.0
2022-09-26,ICICIBANK.NS,870.0,877.9000244140625,859.2000122070312,861.0499877929688,833.2230224609375,14208640,0.0,0.0
2022-09-27,ICICIBANK.NS,864.9500122070312,874.8499755859375,848.5999755859375,852.5499877929688,824.9977416992188,12493809,0.0,0.0
2022-09-28,ICICIBANK.NS,844.0,863.25,844.0,849.5,822.0462646484375,11411458,0.0,0.0
2022-09-29,ICICIBANK.NS,858.0,861.5999755859375,841.0999755859375,843.9000244140625,816.6273193359375,13803629,0.0,0.0
2022-09-30,ICICIBANK.NS,843.9000244140625,867.0499877929688,837.5,862.0,834.1423950195312,13175031,0.0,0.0
2022-10-03,ICICIBANK.NS,859.7000122070312,860.9500122070312,845.7000122070312,848.3499755859375,820.9334716796875,8232026,0.0,0.0
2022-10-04,ICICIBANK.NS,865.0,872.6500244140625,860.0999755859375,867.6500244140625,839.6097412109375,8975095,0.0,0.0
2022-10-06,ICICIBANK.NS,873.0499877929688,891.7000122070312,873.0499877929688,885.4500122070312,856.83447265625,12116698,0.0,0.0
2022-10-07,ICICIBANK.NS,877.2000122070312,884.5,872.7999877929688,882.5499877929688,854.0281982421875,9705750,0.0,0.0
2022-10-10,ICICIBANK.NS,872.0,889.7999877929688,870.7000122070312,881.75,853.254150390625,7357588,0.0,0.0
2022-10-11,ICICIBANK.NS,883.25,883.25,865.4500122070312,870.5999755859375,842.46435546875,11130051,0.0,0.0
2022-10-12,ICICIBANK.NS,867.9500122070312,871.7000122070312,861.5,868.3499755859375,840.287109375,14557532,0.0,0.0
2022-10-13,ICICIBANK.NS,862.3499755859375,865.4500122070312,850.5,853.5999755859375,826.0137329101562,11563124,0.0,0.0
2022-10-14,ICICIBANK.NS,883.7999877929688,883.7999877929688,868.5499877929688,870.25,842.125732421875,8199540,0.0,0.0
2022-10-17,ICICIBANK.NS,872.0,887.5,868.5499877929688,885.2000122070312,856.5926513671875,8936947,0.0,0.0
2022-10-18,ICICIBANK.NS,896.0499877929688,900.7000122070312,891.1500244140625,896.9000244140625,867.9144897460938,8097552,0.0,0.0
2022-10-19,ICICIBANK.NS,900.0499877929688,900.6500244140625,885.5499877929688,892.0999755859375,863.2695922851562,5529462,0.0,0.0
2022-10-20,ICICIBANK.NS,889.7000122070312,893.2999877929688,880.0999755859375,888.6500244140625,859.9310913085938,8107159,0.0,0.0
2022-10-21,ICICIBANK.NS,888.0,910.0,885.7000122070312,907.1500244140624,877.833251953125,17022807,0.0,0.0
2022-10-24,ICICIBANK.NS,925.0,933.5,917.5999755859376,926.2999877929688,896.3643188476562,4390050,0.0,0.0
2022-10-25,ICICIBANK.NS,942.0499877929688,943.25,922.9500122070312,925.0499877929688,895.1546630859375,15838120,0.0,0.0
2022-10-27,ICICIBANK.NS,926.0499877929688,933.7000122070312,920.25,924.4000244140624,894.5257568359375,16080842,0.0,0.0
2022-10-28,ICICIBANK.NS,918.0,927.5,901.0,907.8499755859376,878.5105590820312,9854094,0.0,0.0
2022-10-31,ICICIBANK.NS,912.5999755859376,917.0499877929688,904.5999755859376,908.7000122070312,879.3331909179688,9000840,0.0,0.0
2022-11-01,ICICIBANK.NS,921.0,921.0,899.5499877929688,908.5999755859376,879.236328125,9823761,0.0,0.0
2022-11-02,ICICIBANK.NS,920.5999755859376,920.75,902.3499755859376,904.7000122070312,875.4623413085938,7690974,0.0,0.0
2022-11-03,ICICIBANK.NS,901.0499877929688,913.8499755859376,897.0499877929688,908.6500244140624,879.2847290039062,9022366,0.0,0.0
2022-11-04,ICICIBANK.NS,906.2999877929688,913.4000244140624,900.2000122070312,905.2999877929688,876.04296875,7099336,0.0,0.0
2022-11-07,ICICIBANK.NS,910.25,920.0999755859376,903.4500122070312,917.5,887.8487548828125,11100219,0.0,0.0
2022-11-09,ICICIBANK.NS,920.0,921.9000244140624,905.75,910.5,881.074951171875,11590409,0.0,0.0
2022-11-10,ICICIBANK.NS,907.5499877929688,912.9500122070312,903.9500122070312,910.7000122070312,881.2684936523438,10009741,0.0,0.0
2022-11-11,ICICIBANK.NS,925.9000244140624,928.0,903.5,906.5499877929688,877.2525634765625,17921457,0.0,0.0
2022-11-14,ICICIBANK.NS,905.0,906.5499877929688,891.25,894.9500122070312,866.0275268554688,12641308,0.0,0.0
2022-11-15,ICICIBANK.NS,900.5499877929688,913.6500244140624,898.7999877929688,911.7000122070312,882.2362060546875,15176911,0.0,0.0
2022-11-16,ICICIBANK.NS,912.5499877929688,918.0999755859376,908.0999755859376,913.5999755859376,884.0747680664062,13008311,0.0,0.0
2022-11-17,ICICIBANK.NS,913.0,922.2999877929688,910.3499755859376,919.7999877929688,890.0744018554688,12584194,0.0,0.0
2022-11-18,ICICIBANK.NS,919.7999877929688,922.0,910.5499877929688,920.3499755859376,890.6066284179688,10874061,0.0,0.0
2022-11-21,ICICIBANK.NS,914.0499877929688,924.7999877929688,914.0499877929688,921.4000244140624,891.6226196289062,9245704,0.0,0.0
2022-11-22,ICICIBANK.NS,923.75,926.5,920.4000244140624,923.7000122070312,893.848388671875,11256509,0.0,0.0
2022-11-23,ICICIBANK.NS,927.0,931.8499755859376,923.7000122070312,927.4500122070312,897.4771728515625,10959704,0.0,0.0
2022-11-24,ICICIBANK.NS,927.5499877929688,940.6500244140624,927.5499877929688,938.8499755859376,908.5087280273438,10844395,0.0,0.0
2022-11-25,ICICIBANK.NS,940.2999877929688,942.9000244140624,927.5,930.2999877929688,900.2350463867188,9815055,0.0,0.0
2022-11-28,ICICIBANK.NS,924.0,943.7999877929688,923.9500122070312,937.4000244140624,907.1056518554688,9381474,0.0,0.0
2022-11-29,ICICIBANK.NS,933.5499877929688,949.9000244140624,933.5499877929688,946.75,916.1534423828124,13096845,0.0,0.0
2022-11-30,ICICIBANK.NS,948.0499877929688,958.2000122070312,941.0,952.9000244140624,922.104736328125,20858573,0.0,0.0
2022-12-01,ICICIBANK.NS,956.0,957.0,936.25,940.2000122070312,909.8151245117188,15920653,0.0,0.0
2022-12-02,ICICIBANK.NS,928.25,934.5,926.0999755859376,930.5999755859376,900.525390625,14228874,0.0,0.0
2022-12-05,ICICIBANK.NS,937.0,937.0,928.4000244140624,933.5999755859376,903.4284057617188,10984608,0.0,0.0
2022-12-06,ICICIBANK.NS,925.0,929.75,920.2000122070312,922.6500244140624,892.8323364257812,18220912,0.0,0.0
2022-12-07,ICICIBANK.NS,922.0,933.2000122070312,920.6500244140624,922.1500244140624,892.3484497070312,15675663,0.0,0.0
2022-12-08,ICICIBANK.NS,925.0,933.5499877929688,923.7999877929688,931.9000244140624,901.7833862304688,10136870,0.0,0.0
2022-12-09,ICICIBANK.NS,932.0,934.7999877929688,925.0499877929688,929.9000244140624,899.8480224609375,9575331,0.0,0.0
2022-12-12,ICICIBANK.NS,925.0499877929688,933.9000244140624,925.0499877929688,930.2999877929688,900.2350463867188,8493863,0.0,0.0
2022-12-13,ICICIBANK.NS,929.5,935.9000244140624,927.7999877929688,932.9500122070312,902.7993774414062,10415140,0.0,0.0
2022-12-14,ICICIBANK.NS,936.0,936.0499877929688,920.0,921.75,891.9613037109375,12319827,0.0,0.0
2022-12-15,ICICIBANK.NS,916.0,919.9000244140624,905.0,908.7999877929688,879.4298706054688,8929748,0.0,0.0
2022-12-16,ICICIBANK.NS,905.5,913.7000122070312,899.6500244140625,902.0,872.8496704101562,9157260,0.0,0.0
2022-12-19,ICICIBANK.NS,908.0,910.5999755859376,901.1500244140624,906.4500122070312,877.1558227539062,7015083,0.0,0.0
2022-12-20,ICICIBANK.NS,906.0,912.4500122070312,895.7000122070312,909.7000122070312,880.30078125,6384331,0.0,0.0
2022-12-21,ICICIBANK.NS,910.25,915.8499755859376,887.0,892.25,863.4147338867188,11341147,0.0,0.0
2022-12-22,ICICIBANK.NS,900.5,903.8499755859376,886.3499755859375,890.6500244140625,861.866455078125,9788367,0.0,0.0
2022-12-23,ICICIBANK.NS,883.0499877929688,889.6500244140625,875.2999877929688,878.9000244140625,850.4962158203125,11059215,0.0,0.0
2022-12-26,ICICIBANK.NS,881.0999755859375,897.0,875.25,893.2000122070312,864.3340454101562,6943159,0.0,0.0
2022-12-27,ICICIBANK.NS,897.7000122070312,902.75,888.2000122070312,900.6500244140625,871.5433349609375,4994381,0.0,0.0
2022-12-28,ICICIBANK.NS,896.0,903.9500122070312,895.7999877929688,898.9500122070312,869.8982543945312,8980300,0.0,0.0
2022-12-29,ICICIBANK.NS,897.9000244140625,923.3499755859376,889.3499755859375,908.0499877929688,878.7041015625,11994220,0.0,0.0
2022-12-30,ICICIBANK.NS,908.5,908.5,888.5499877929688,890.8499755859375,862.0599975585938,9688527,0.0,0.0
2023-01-02,ICICIBANK.NS,894.0,907.0,894.0,902.4500122070312,873.2850952148438,4315403,0.0,0.0
2023-01-03,ICICIBANK.NS,898.5,905.9500122070312,896.75,901.3499755859376,872.2206420898438,5846855,0.0,0.0
2023-01-04,ICICIBANK.NS,899.0,907.9000244140624,894.7999877929688,899.0999755859375,870.0433349609375,12454582,0.0,0.0
2023-01-05,ICICIBANK.NS,900.9000244140624,903.0,872.0,879.1500244140625,850.7381591796875,16547196,0.0,0.0
2023-01-06,ICICIBANK.NS,878.9500122070312,878.9500122070312,860.5,870.0999755859375,841.9805297851562,14804613,0.0,0.0
2023-01-09,ICICIBANK.NS,874.25,878.75,862.2999877929688,873.3499755859375,845.12548828125,16811853,0.0,0.0
2023-01-10,ICICIBANK.NS,875.4000244140625,878.4000244140625,856.5999755859375,861.3499755859375,833.5133666992188,13470142,0.0,0.0
2023-01-11,ICICIBANK.NS,862.9000244140625,870.8499755859375,854.8499755859375,866.2999877929688,838.3034057617188,15558460,0.0,0.0
2023-01-12,ICICIBANK.NS,865.5,869.3499755859375,854.9500122070312,860.6500244140625,832.8359985351562,16659001,0.0,0.0
2023-01-13,ICICIBANK.NS,864.7000122070312,874.9000244140625,858.2999877929688,873.4500122070312,845.2223510742188,11223103,0.0,0.0
2023-01-16,ICICIBANK.NS,877.25,877.4500122070312,861.0499877929688,865.25,837.287353515625,8319812,0.0,0.0
2023-01-17,ICICIBANK.NS,866.9500122070312,867.9500122070312,858.0999755859375,865.1500244140625,837.1905517578125,12624859,0.0,0.0
2023-01-18,ICICIBANK.NS,864.4500122070312,872.0,858.6500244140625,869.5,841.3999633789062,11313898,0.0,0.0
2023-01-19,ICICIBANK.NS,868.0,870.5499877929688,862.0,866.1500244140625,838.1583251953125,6694679,0.0,0.0
2023-01-20,ICICIBANK.NS,873.5,876.5,865.5499877929688,870.3499755859375,842.2225341796875,8127162,0.0,0.0
2023-01-23,ICICIBANK.NS,882.0,883.2999877929688,864.5999755859375,871.7000122070312,843.52880859375,16882379,0.0,0.0
2023-01-24,ICICIBANK.NS,879.0,881.7000122070312,868.0,870.75,842.6095581054688,11504090,0.0,0.0
2023-01-25,ICICIBANK.NS,873.2999877929688,876.7999877929688,848.0,855.2999877929688,827.6588134765625,14918485,0.0,0.0
2023-01-27,ICICIBANK.NS,839.1500244140625,843.0,813.0999755859375,817.2000122070312,790.790283203125,39718683,0.0,0.0
2023-01-30,ICICIBANK.NS,800.0,826.25,796.0,823.5,796.8865356445312,36301441,0.0,0.0
2023-01-31,ICICIBANK.NS,826.0,838.2999877929688,814.0999755859375,831.9000244140625,805.01513671875,27291226,0.0,0.0
2023-02-01,ICICIBANK.NS,843.4500122070312,875.2000122070312,823.1500244140625,847.9500122070312,820.5464477539062,39237711,0.0,0.0
2023-02-02,ICICIBANK.NS,828.4000244140625,860.5999755859375,826.0999755859375,857.9000244140625,830.1748657226562,16798190,0.0,0.0
2023-02-03,ICICIBANK.NS,864.6500244140625,872.6500244140625,852.0999755859375,863.7999877929688,835.8841552734375,14914366,0.0,0.0
2023-02-06,ICICIBANK.NS,861.5,867.7999877929688,849.6500244140625,853.7000122070312,826.1105346679688,8463833,0.0,0.0
2023-02-07,ICICIBANK.NS,855.0,856.0,847.2000122070312,852.75,825.1912841796875,9337066,0.0,0.0
2023-02-08,ICICIBANK.NS,852.5,860.7000122070312,851.9000244140625,859.0999755859375,831.3359985351562,8082983,0.0,0.0
2023-02-09,ICICIBANK.NS,858.5,864.9000244140625,851.5999755859375,860.7999877929688,832.9811401367188,6299265,0.0,0.0
2023-02-10,ICICIBANK.NS,855.5499877929688,861.9000244140625,852.0,853.8499755859375,826.2557373046875,8656405,0.0,0.0
2023-02-13,ICICIBANK.NS,853.4000244140625,859.2999877929688,849.3499755859375,850.6500244140625,823.1591796875,9394365,0.0,0.0
2023-02-14,ICICIBANK.NS,853.9000244140625,867.2999877929688,852.0999755859375,865.2999877929688,837.335693359375,13402934,0.0,0.0
2023-02-15,ICICIBANK.NS,866.4000244140625,873.25,860.5999755859375,870.7999877929688,842.657958984375,12070288,0.0,0.0
2023-02-16,ICICIBANK.NS,875.9500122070312,877.7999877929688,864.8499755859375,869.4500122070312,841.3516235351562,10715685,0.0,0.0
2023-02-17,ICICIBANK.NS,867.5499877929688,867.5499877929688,855.1500244140625,862.6500244140625,834.7713623046875,9990618,0.0,0.0
2023-02-20,ICICIBANK.NS,862.6500244140625,866.5499877929688,850.25,852.0999755859375,824.562255859375,9013430,0.0,0.0
2023-02-21,ICICIBANK.NS,854.4000244140625,859.4500122070312,846.8499755859375,854.2000122070312,826.5944213867188,11704445,0.0,0.0
2023-02-22,ICICIBANK.NS,851.25,854.0999755859375,834.75,839.25,812.1276245117188,13880984,0.0,0.0
2023-02-23,ICICIBANK.NS,836.5499877929688,844.4500122070312,833.5499877929688,839.75,812.6114501953125,11743574,0.0,0.0
2023-02-24,ICICIBANK.NS,843.9500122070312,845.5999755859375,835.5499877929688,839.7000122070312,812.56298828125,8246139,0.0,0.0
2023-02-27,ICICIBANK.NS,833.5499877929688,858.2999877929688,833.5499877929688,856.4000244140625,828.723388671875,14422574,0.0,0.0
2023-02-28,ICICIBANK.NS,854.9000244140625,858.0,850.0,854.8499755859375,827.223388671875,19600146,0.0,0.0
2023-03-01,ICICIBANK.NS,864.0,864.0,851.8499755859375,856.2999877929688,828.6265869140625,11015843,0.0,0.0
2023-03-02,ICICIBANK.NS,853.0,861.8499755859375,851.0999755859375,854.0,826.4009399414062,12327141,0.0,0.0
2023-03-03,ICICIBANK.NS,856.75,873.0,849.8499755859375,868.5499877929688,840.480712890625,12823098,0.0,0.0
2023-03-06,ICICIBANK.NS,871.75,876.8499755859375,865.3499755859375,867.75,839.70654296875,13904231,0.0,0.0
2023-03-08,ICICIBANK.NS,866.6500244140625,873.6500244140625,861.5,872.0999755859375,843.9159545898438,16144568,0.0,0.0
2023-03-09,ICICIBANK.NS,867.2000122070312,869.7999877929688,854.1500244140625,855.9500122070312,828.287841796875,10624440,0.0,0.0
2023-03-10,ICICIBANK.NS,844.7000122070312,845.3499755859375,836.25,842.6500244140625,815.417724609375,17273189,0.0,0.0
2023-03-13,ICICIBANK.NS,841.4500122070312,855.2999877929688,823.9500122070312,828.4000244140625,801.6282348632812,16413159,0.0,0.0
2023-03-14,ICICIBANK.NS,827.0,834.4500122070312,818.25,830.3499755859375,803.5151977539062,15456802,0.0,0.0
2023-03-15,ICICIBANK.NS,836.4500122070312,843.9500122070312,822.2000122070312,825.9000244140625,799.2090454101562,12914488,0.0,0.0
2023-03-16,ICICIBANK.NS,829.7000122070312,831.2999877929688,810.2999877929688,823.9000244140625,797.273681640625,14987868,0.0,0.0
2023-03-17,ICICIBANK.NS,831.7999877929688,838.4000244140625,818.6500244140625,836.25,809.2245483398438,11104490,0.0,0.0
2023-03-20,ICICIBANK.NS,837.0,837.7999877929688,825.0,836.4500122070312,809.4180908203125,14838651,0.0,0.0
2023-03-21,ICICIBANK.NS,843.0,854.5,839.0499877929688,852.4000244140625,824.8526611328125,18755854,0.0,0.0
2023-03-22,ICICIBANK.NS,857.6500244140625,862.5499877929688,851.0,860.2000122070312,832.4005126953125,17431520,0.0,0.0
2023-03-23,ICICIBANK.NS,857.0,867.4500122070312,852.7999877929688,855.4500122070312,827.8040161132812,17920621,0.0,0.0
2023-03-24,ICICIBANK.NS,852.5,860.0,849.1500244140625,852.4000244140625,824.8526611328125,17295696,0.0,0.0
2023-03-27,ICICIBANK.NS,854.9500122070312,856.4000244140625,844.0499877929688,848.7000122070312,821.2721557617188,17047675,0.0,0.0
2023-03-28,ICICIBANK.NS,855.5499877929688,858.9000244140625,848.2000122070312,854.75,827.126708984375,24469018,0.0,0.0
2023-03-29,ICICIBANK.NS,857.0499877929688,862.0999755859375,848.0,851.0,823.497802734375,34881515,0.0,0.0
2023-03-31,ICICIBANK.NS,861.9500122070312,881.0,858.5,877.25,848.8994750976562,25739021,0.0,0.0
2023-04-03,ICICIBANK.NS,880.2000122070312,887.0999755859375,868.8499755859375,883.7999877929688,855.23779296875,26416933,0.0,0.0
2023-04-05,ICICIBANK.NS,886.5999755859375,887.75,874.0,884.5999755859375,856.0119018554688,21068934,0.0,0.0
2023-04-06,ICICIBANK.NS,882.0,890.0999755859375,872.7000122070312,875.0,846.7222290039062,26042745,0.0,0.0
2023-04-10,ICICIBANK.NS,880.0499877929688,882.7999877929688,864.4000244140625,868.4500122070312,840.3839111328125,30906205,0.0,0.0
2023-04-11,ICICIBANK.NS,873.7000122070312,885.5999755859375,865.0,881.9000244140625,853.3992919921875,39504022,0.0,0.0
2023-04-12,ICICIBANK.NS,883.4500122070312,892.0,880.2999877929688,890.1500244140625,861.3826293945312,22686032,0.0,0.0
2023-04-13,ICICIBANK.NS,891.0999755859375,901.6500244140624,886.5,899.0,869.9465942382812,34439635,0.0,0.0
2023-04-17,ICICIBANK.NS,917.2999877929688,917.2999877929688,893.1500244140625,901.2999877929688,872.1723022460938,29957514,0.0,0.0
2023-04-18,ICICIBANK.NS,907.9500122070312,907.9500122070312,894.0999755859375,896.8499755859375,867.8660278320312,26699379,0.0,0.0
2023-04-19,ICICIBANK.NS,895.9000244140625,896.9000244140625,887.25,891.9000244140625,863.0760498046875,24377956,0.0,0.0
2023-04-20,ICICIBANK.NS,892.25,899.2999877929688,889.2000122070312,894.4000244140625,865.4953002929688,16999919,0.0,0.0
2023-04-21,ICICIBANK.NS,894.5499877929688,900.7000122070312,882.4000244140625,885.6500244140625,857.028076171875,29578071,0.0,0.0
2023-04-24,ICICIBANK.NS,905.0,906.5,895.0,904.75,875.5108032226562,30881665,0.0,0.0
2023-04-25,ICICIBANK.NS,906.2999877929688,916.0,903.0999755859376,913.4500122070312,883.9296875,41383839,0.0,0.0
2023-04-26,ICICIBANK.NS,911.4500122070312,916.9500122070312,905.75,914.9500122070312,885.3811645507812,30371555,0.0,0.0
2023-04-27,ICICIBANK.NS,909.5,919.9000244140624,908.5499877929688,918.3499755859376,888.6712646484375,25835108,0.0,0.0
2023-04-28,ICICIBANK.NS,915.0999755859376,920.4500122070312,910.25,917.6500244140624,887.993896484375,20381002,0.0,0.0
2023-05-02,ICICIBANK.NS,924.0,925.7999877929688,918.7000122070312,922.0999755859376,892.300048828125,17515017,0.0,0.0
2023-05-03,ICICIBANK.NS,919.5499877929688,923.8499755859376,911.5499877929688,922.8499755859376,893.0257568359375,18715142,0.0,0.0
2023-05-04,ICICIBANK.NS,920.0,923.9000244140624,911.7999877929688,921.7000122070312,891.9130249023438,20485002,0.0,0.0
2023-05-05,ICICIBANK.NS,925.0,942.4500122070312,923.4500122070312,926.9500122070312,896.9932861328125,19002035,0.0,0.0
2023-05-08,ICICIBANK.NS,927.0,941.7000122070312,927.0,937.9000244140624,907.5894775390624,18623913,0.0,0.0
2023-05-09,ICICIBANK.NS,941.0,945.0,931.7999877929688,934.4000244140624,904.20263671875,21507610,0.0,0.0
2023-05-10,ICICIBANK.NS,934.5999755859376,941.0,928.25,936.0499877929688,905.7991943359376,25910923,0.0,0.0
2023-05-11,ICICIBANK.NS,940.0499877929688,947.0,933.8499755859376,939.2000122070312,908.847412109375,20027372,0.0,0.0
2023-05-12,ICICIBANK.NS,939.75,948.0,935.0999755859376,943.9000244140624,913.3955688476562,13873480,0.0,0.0
2023-05-15,ICICIBANK.NS,943.75,949.0,938.2000122070312,945.75,915.185791015625,10453762,0.0,0.0
2023-05-16,ICICIBANK.NS,950.0,952.2000122070312,943.0,946.3499755859376,915.7662963867188,19612293,0.0,0.0
2023-05-17,ICICIBANK.NS,947.2999877929688,948.4000244140624,935.7999877929688,939.3499755859376,908.9926147460938,19273344,0.0,0.0
2023-05-18,ICICIBANK.NS,947.9500122070312,952.25,942.0999755859376,946.5,915.9114990234376,21550141,0.0,0.0
2023-05-19,ICICIBANK.NS,951.4500122070312,956.0,941.5999755859376,954.2999877929688,923.45947265625,15427412,0.0,0.0
2023-05-22,ICICIBANK.NS,951.0499877929688,954.25,946.1500244140624,950.3499755859376,919.6371459960938,15509525,0.0,0.0
2023-05-23,ICICIBANK.NS,952.0,958.8499755859376,945.0,953.4000244140624,922.5885620117188,16579935,0.0,0.0
2023-05-24,ICICIBANK.NS,946.7000122070312,953.8499755859376,938.5,940.6500244140624,910.2505493164062,18049620,0.0,0.0
2023-05-25,ICICIBANK.NS,937.0,941.5999755859376,932.9500122070312,939.8499755859376,909.4763793945312,19328582,0.0,0.0
2023-05-26,ICICIBANK.NS,939.7999877929688,952.4500122070312,935.5499877929688,950.7000122070312,919.9757690429688,10957182,0.0,0.0
2023-05-29,ICICIBANK.NS,953.8499755859376,957.5999755859376,946.7999877929688,948.1500244140624,917.5082397460938,12108079,0.0,0.0
2023-05-30,ICICIBANK.NS,945.3499755859376,952.2999877929688,944.6500244140624,949.9500122070312,919.2500610351562,18483624,0.0,0.0
2023-05-31,ICICIBANK.NS,949.5,952.0,940.5,949.1500244140624,918.4758911132812,27254425,0.0,0.0
2023-06-01,ICICIBANK.NS,954.25,954.25,932.7999877929688,936.0999755859376,905.8475952148438,21650700,0.0,0.0
2023-06-02,ICICIBANK.NS,943.0,944.6500244140624,935.0499877929688,938.1500244140624,907.8313598632812,12494376,0.0,0.0
2023-06-05,ICICIBANK.NS,943.0,951.7999877929688,943.0,946.75,916.1534423828124,10751684,0.0,0.0
2023-06-06,ICICIBANK.NS,946.5,947.7999877929688,938.0999755859376,942.0999755859376,911.6536865234376,11894330,0.0,0.0
2023-06-07,ICICIBANK.NS,944.3499755859376,945.8499755859376,933.7999877929688,940.2000122070312,909.8151245117188,16486469,0.0,0.0
2023-06-08,ICICIBANK.NS,936.5999755859376,950.5,935.2000122070312,937.9000244140624,907.5894775390624,17608140,0.0,0.0
2023-06-09,ICICIBANK.NS,941.4000244140624,944.0,936.2000122070312,938.0499877929688,907.734619140625,12253128,0.0,0.0
2023-06-12,ICICIBANK.NS,938.0,943.5,933.2999877929688,935.9500122070312,905.7024536132812,10520125,0.0,0.0
2023-06-13,ICICIBANK.NS,935.9000244140624,946.25,934.0999755859376,943.5499877929688,913.056884765625,13528776,0.0,0.0
2023-06-14,ICICIBANK.NS,946.0499877929688,946.9500122070312,936.25,939.7999877929688,909.4280395507812,13489262,0.0,0.0
2023-06-15,ICICIBANK.NS,940.7000122070312,942.9500122070312,924.3499755859376,926.5999755859376,896.6546020507812,19366819,0.0,0.0
2023-06-16,ICICIBANK.NS,929.2999877929688,937.75,927.0,934.2000122070312,904.009033203125,11249387,0.0,0.0
2023-06-19,ICICIBANK.NS,933.5,933.9500122070312,918.7000122070312,923.1500244140624,893.316162109375,19351375,0.0,0.0
2023-06-20,ICICIBANK.NS,920.9500122070312,928.5499877929688,914.7999877929688,925.5499877929688,895.6386108398438,15212286,0.0,0.0
2023-06-21,ICICIBANK.NS,928.0,928.4000244140624,920.0,924.7000122070312,894.8160400390625,9210553,0.0,0.0
2023-06-22,ICICIBANK.NS,924.4000244140624,935.5499877929688,920.7000122070312,925.75,895.8321533203125,27291569,0.0,0.0
2023-06-23,ICICIBANK.NS,926.0499877929688,931.9000244140624,919.0,923.5,893.6548461914062,8767733,0.0,0.0
2023-06-26,ICICIBANK.NS,927.0999755859376,931.7999877929688,923.2000122070312,927.4500122070312,897.4771728515625,11749040,0.0,0.0
2023-06-27,ICICIBANK.NS,930.0,939.9500122070312,922.2000122070312,936.0999755859376,905.8475952148438,13422726,0.0,0.0
2023-06-28,ICICIBANK.NS,944.0,944.0,934.2999877929688,937.4500122070312,907.1539916992188,25708001,0.0,0.0
2023-06-30,ICICIBANK.NS,940.5,942.2000122070312,930.6500244140624,934.5999755859376,904.3960571289062,13843218,0.0,0.0
2023-07-03,ICICIBANK.NS,937.0,945.75,936.5,942.5499877929688,912.089111328125,12350359,0.0,0.0
2023-07-04,ICICIBANK.NS,947.25,951.2999877929688,942.0,944.7000122070312,914.169677734375,14041699,0.0,0.0
2023-07-05,ICICIBANK.NS,942.0499877929688,964.75,941.0,958.0,927.0398559570312,13817767,0.0,0.0
2023-07-06,ICICIBANK.NS,954.7000122070312,963.9000244140624,954.0,959.4000244140624,928.3946533203124,16334427,0.0,0.0
2023-07-07,ICICIBANK.NS,953.0,955.0499877929688,943.7999877929688,946.4000244140624,915.8147583007812,8593807,0.0,0.0
2023-07-10,ICICIBANK.NS,946.0,952.9000244140624,941.3499755859376,948.4000244140624,917.7501220703124,12069184,0.0,0.0
2023-07-11,ICICIBANK.NS,948.4000244140624,952.7000122070312,941.9000244140624,944.9500122070312,914.41162109375,16977595,0.0,0.0
2023-07-12,ICICIBANK.NS,948.4000244140624,951.1500244140624,941.25,944.4000244140624,913.8794555664062,21511161,0.0,0.0
2023-07-13,ICICIBANK.NS,947.7000122070312,959.25,942.2000122070312,955.7000122070312,924.814208984375,23222286,0.0,0.0
2023-07-14,ICICIBANK.NS,959.75,965.0,951.3499755859376,960.0499877929688,929.0236206054688,12871569,0.0,0.0
2023-07-17,ICICIBANK.NS,962.9000244140624,973.7999877929688,952.8499755859376,968.7000122070312,937.3941650390624,16290763,0.0,0.0
2023-07-18,ICICIBANK.NS,978.0,987.9500122070312,971.1500244140624,975.4500122070312,943.9259643554688,29709508,0.0,0.0
2023-07-19,ICICIBANK.NS,980.0,980.0,967.5499877929688,973.4500122070312,941.9905395507812,15994261,0.0,0.0
2023-07-20,ICICIBANK.NS,976.0499877929688,998.1500244140624,972.0999755859376,995.5999755859376,963.4247436523438,26487838,0.0,0.0
2023-07-21,ICICIBANK.NS,995.2999877929688,1001.4500122070312,988.7999877929688,997.0,964.7794189453124,16903003,0.0,0.0
2023-07-24,ICICIBANK.NS,1004.9500122070312,1008.7000122070312,990.0999755859376,992.0,959.9410400390624,21687719,0.0,0.0
2023-07-25,ICICIBANK.NS,999.0,999.0,988.25,994.7000122070312,962.5538330078124,29325327,0.0,0.0
2023-07-26,ICICIBANK.NS,993.0999755859376,997.75,990.0,996.4500122070312,964.247314453125,12780537,0.0,0.0
2023-07-27,ICICIBANK.NS,1002.5499877929688,1006.5,987.2000122070312,990.25,958.2476806640624,25932395,0.0,0.0
2023-07-28,ICICIBANK.NS,988.0,998.7000122070312,977.0499877929688,996.2000122070312,964.00537109375,12584130,0.0,0.0
2023-07-31,ICICIBANK.NS,996.0,999.4000244140624,988.5999755859376,998.2999877929688,966.0374755859376,14303116,0.0,0.0
2023-08-01,ICICIBANK.NS,1001.6500244140624,1003.7000122070312,990.4500122070312,994.5499877929688,962.40869140625,15508569,0.0,0.0
2023-08-02,ICICIBANK.NS,985.25,994.0999755859376,977.5,986.9500122070312,955.0543212890624,15787996,0.0,0.0
2023-08-03,ICICIBANK.NS,976.5499877929688,983.0,960.0499877929688,965.0,933.813720703125,30994707,0.0,0.0
2023-08-04,ICICIBANK.NS,968.6500244140624,976.0,961.25,970.5,939.1359252929688,20582882,0.0,0.0
2023-08-07,ICICIBANK.NS,970.9500122070312,981.5,968.2000122070312,975.6500244140624,944.1195068359376,16686062,0.0,0.0
2023-08-08,ICICIBANK.NS,975.75,986.5999755859376,972.2999877929688,979.9000244140624,948.2321166992188,23784778,0.0,0.0
2023-08-09,ICICIBANK.NS,974.9500122070312,975.2999877929688,963.5999755859376,972.7000122070312,949.0126342773438,19317331,8.0,0.0
2023-08-10,ICICIBANK.NS,971.5499877929688,973.6500244140624,959.4500122070312,964.0999755859376,940.6220703125,24858441,0.0,0.0
2023-08-11,ICICIBANK.NS,963.4000244140624,963.5,950.0,952.8499755859376,929.64599609375,17162177,0.0,0.0
2023-08-14,ICICIBANK.NS,949.0,962.9000244140624,946.0,959.5499877929688,936.1828002929688,19026691,0.0,0.0
2023-08-16,ICICIBANK.NS,954.4500122070312,959.7999877929688,946.5999755859376,956.5,933.2071533203124,17930805,0.0,0.0
2023-08-17,ICICIBANK.NS,956.9500122070312,957.7999877929688,946.4500122070312,951.6500244140624,928.4752807617188,27077611,0.0,0.0
2023-08-18,ICICIBANK.NS,947.9000244140624,955.0,946.0,950.6500244140624,927.4996337890624,13257508,0.0,0.0
2023-08-21,ICICIBANK.NS,950.7000122070312,959.2999877929688,948.4000244140624,955.2000122070312,931.9388427734376,13358017,0.0,0.0
2023-08-22,ICICIBANK.NS,956.4000244140624,956.9500122070312,949.2999877929688,952.0,928.8167724609376,16872719,0.0,0.0
2023-08-23,ICICIBANK.NS,954.0,968.0499877929688,949.8499755859376,966.8499755859376,943.3051147460938,14707331,0.0,0.0
2023-08-24,ICICIBANK.NS,972.5,982.4000244140624,966.75,968.9500122070312,945.35400390625,28389740,0.0,0.0
2023-08-25,ICICIBANK.NS,962.9500122070312,972.5999755859376,960.2000122070312,970.4000244140624,946.7686767578124,10275758,0.0,0.0
2023-08-28,ICICIBANK.NS,969.9500122070312,975.0,965.0499877929688,970.5499877929688,946.9149780273438,10481574,0.0,0.0
2023-08-29,ICICIBANK.NS,973.2999877929688,977.25,965.6500244140624,967.75,944.1831665039062,13209913,0.0,0.0
2023-08-30,ICICIBANK.NS,970.4500122070312,975.9000244140624,955.4000244140624,958.9000244140624,935.5487670898438,13936165,0.0,0.0
2023-08-31,ICICIBANK.NS,960.0,966.2000122070312,954.0499877929688,958.75,935.40234375,36675400,0.0,0.0
2023-09-01,ICICIBANK.NS,956.9000244140624,973.0499877929688,952.7999877929688,968.7000122070312,945.110107421875,16268147,0.0,0.0
2023-09-04,ICICIBANK.NS,968.7000122070312,969.0499877929688,960.5499877929688,967.3499755859376,943.7929077148438,9512956,0.0,0.0
2023-09-05,ICICIBANK.NS,964.0999755859376,970.0,962.25,968.4000244140624,944.8173828125,16623486,0.0,0.0
2023-09-06,ICICIBANK.NS,962.5499877929688,969.5,950.7999877929688,957.5,934.182861328125,30802100,0.0,0.0
2023-09-07,ICICIBANK.NS,957.4000244140624,969.5,954.7000122070312,965.6500244140624,942.1343383789062,13462347,0.0,0.0
2023-09-08,ICICIBANK.NS,967.5,975.0,961.25,970.5499877929688,946.9149780273438,13086915,0.0,0.0
2023-09-11,ICICIBANK.NS,974.9500122070312,982.0,969.3499755859376,978.25,954.4274291992188,7894110,0.0,0.0
2023-09-12,ICICIBANK.NS,990.0999755859376,995.1500244140624,982.6500244140624,990.5,966.379150390625,20959591,0.0,0.0
2023-09-13,ICICIBANK.NS,989.7999877929688,994.8499755859376,980.5499877929688,989.7999877929688,965.6961669921876,21997553,0.0,0.0
2023-09-14,ICICIBANK.NS,992.2999877929688,992.9000244140624,982.25,987.7000122070312,963.6473999023438,11464188,0.0,0.0
2023-09-15,ICICIBANK.NS,990.3499755859376,997.5,988.5999755859376,992.4500122070312,968.28173828125,13307980,0.0,0.0
2023-09-18,ICICIBANK.NS,990.0999755859376,996.25,987.2999877929688,990.2000122070312,966.0864868164062,16713222,0.0,0.0
2023-09-20,ICICIBANK.NS,981.5499877929688,996.0,980.6500244140624,987.1500244140624,963.1107788085938,25741856,0.0,0.0
2023-09-21,ICICIBANK.NS,979.9500122070312,982.5,957.4500122070312,959.2999877929688,935.93896484375,19742813,0.0,0.0
2023-09-22,ICICIBANK.NS,956.5,960.9000244140624,947.4000244140624,950.2999877929688,927.1581420898438,12701888,0.0,0.0
2023-09-25,ICICIBANK.NS,950.2999877929688,961.2000122070312,941.5,956.3499755859376,933.060791015625,8997098,0.0,0.0
2023-09-26,ICICIBANK.NS,958.9500122070312,958.9500122070312,947.0999755859376,948.7000122070312,925.5971069335938,10521409,0.0,0.0
2023-09-27,ICICIBANK.NS,946.2999877929688,946.5,934.4000244140624,943.0999755859376,920.1334228515624,15152973,0.0,0.0
2023-09-28,ICICIBANK.NS,945.5,947.25,934.75,942.5999755859376,919.6456909179688,25991282,0.0,0.0
2023-09-29,ICICIBANK.NS,946.7000122070312,956.0,943.7000122070312,951.9000244140624,928.7191772460938,10447334,0.0,0.0
2023-10-03,ICICIBANK.NS,951.5999755859376,951.5999755859376,939.0,940.2999877929688,917.401611328125,11131636,0.0,0.0
2023-10-04,ICICIBANK.NS,935.0,935.5,925.0,930.0499877929688,907.4012451171876,17334739,0.0,0.0
2023-10-05,ICICIBANK.NS,935.2000122070312,943.9500122070312,934.5499877929688,940.8499755859376,917.9381713867188,10478856,0.0,0.0
2023-10-06,ICICIBANK.NS,946.0,946.5499877929688,938.0,945.2000122070312,922.182373046875,6355755,0.0,0.0
2023-10-09,ICICIBANK.NS,940.25,942.0499877929688,936.2999877929688,938.5999755859376,915.7431030273438,6725306,0.0,0.0
2023-10-10,ICICIBANK.NS,940.4000244140624,957.5,940.3499755859376,951.2000122070312,928.0362548828124,11452715,0.0,0.0
2023-10-11,ICICIBANK.NS,954.9000244140624,962.0499877929688,950.75,953.0999755859376,929.8899536132812,12233117,0.0,0.0
2023-10-12,ICICIBANK.NS,952.8499755859376,960.0999755859376,948.4000244140624,954.25,931.011962890625,7836818,0.0,0.0
2023-10-13,ICICIBANK.NS,949.9500122070312,957.4000244140624,944.5499877929688,951.2999877929688,928.1337280273438,6650442,0.0,0.0
2023-10-16,ICICIBANK.NS,948.5,954.8499755859376,946.1500244140624,951.4000244140624,928.2313842773438,5763024,0.0,0.0
2023-10-17,ICICIBANK.NS,955.4000244140624,960.9500122070312,951.5,953.9000244140624,930.6704711914062,7747527,0.0,0.0
2023-10-18,ICICIBANK.NS,949.2000122070312,950.6500244140624,939.0999755859376,943.75,920.7677001953124,12000153,0.0,0.0
2023-10-19,ICICIBANK.NS,936.0,945.0,934.0,935.75,912.9624633789062,8612676,0.0,0.0
2023-10-20,ICICIBANK.NS,932.0,940.0,930.0,932.75,910.0355224609376,6586576,0.0,0.0
2023-10-23,ICICIBANK.NS,942.0,944.7999877929688,925.4000244140624,929.9500122070312,907.3037109375,11856890,0.0,0.0
2023-10-25,ICICIBANK.NS,926.0499877929688,933.7999877929688,911.4000244140624,916.0999755859376,893.7909545898438,12593434,0.0,0.0
2023-10-26,ICICIBANK.NS,914.2999877929688,916.5999755859376,899.0,908.6500244140624,886.5224609375,21693345,0.0,0.0
2023-10-27,ICICIBANK.NS,916.0,918.1500244140624,911.2999877929688,912.75,890.5225830078125,8645505,0.0,0.0
2023-10-30,ICICIBANK.NS,909.0999755859376,926.2999877929688,908.2000122070312,924.9000244140624,902.376708984375,7687791,0.0,0.0
2023-10-31,ICICIBANK.NS,929.2999877929688,931.0,914.0999755859376,915.3499755859376,893.0592041015625,17211107,0.0,0.0
2023-11-01,ICICIBANK.NS,913.7999877929688,917.5999755859376,909.2999877929688,914.0499877929688,891.7908325195312,12927203,0.0,0.0
2023-11-02,ICICIBANK.NS,920.0499877929688,924.7999877929688,912.7999877929688,919.9500122070312,897.5472412109375,9747311,0.0,0.0
2023-11-03,ICICIBANK.NS,928.5499877929688,934.5,926.7999877929688,933.7999877929688,911.0599365234376,7146961,0.0,0.0
2023-11-06,ICICIBANK.NS,941.0,947.75,937.4000244140624,945.4500122070312,922.4262084960938,10338367,0.0,0.0
2023-11-07,ICICIBANK.NS,943.5999755859376,950.4500122070312,930.4500122070312,948.0999755859376,925.0116577148438,15704942,0.0,0.0
2023-11-08,ICICIBANK.NS,948.4500122070312,948.4500122070312,934.0999755859376,935.75,912.9624633789062,17606074,0.0,0.0
2023-11-09,ICICIBANK.NS,934.0,942.3499755859376,933.0,937.3499755859376,914.5234375,9406117,0.0,0.0
2023-11-10,ICICIBANK.NS,934.9000244140624,941.4500122070312,932.4000244140624,938.5999755859376,915.7431030273438,9560455,0.0,0.0
2023-11-13,ICICIBANK.NS,940.9000244140624,940.9000244140624,932.0,934.4500122070312,911.6941528320312,11470096,0.0,0.0
2023-11-15,ICICIBANK.NS,944.4000244140624,944.4000244140624,938.75,941.0999755859376,918.1821899414062,19492138,0.0,0.0
2023-11-16,ICICIBANK.NS,939.0,946.2000122070312,934.0,936.0,913.2063598632812,19706373,0.0,0.0
2023-11-17,ICICIBANK.NS,926.5499877929688,938.4000244140624,920.1500244140624,921.8499755859376,899.4009399414062,10956653,0.0,0.0
2023-11-20,ICICIBANK.NS,922.0,926.75,917.5,921.4500122070312,899.0107421875,10562301,0.0,0.0
2023-11-21,ICICIBANK.NS,924.4000244140624,928.0499877929688,922.0,926.0999755859376,903.5474243164062,8989572,0.0,0.0
2023-11-22,ICICIBANK.NS,923.25,925.2000122070312,914.75,922.75,900.279052734375,12197979,0.0,0.0
2023-11-23,ICICIBANK.NS,923.0,925.3499755859376,918.5,923.0,900.52294921875,5534614,0.0,0.0
2023-11-24,ICICIBANK.NS,921.5,930.4000244140624,920.2000122070312,929.4000244140624,906.76708984375,7452002,0.0,0.0
2023-11-28,ICICIBANK.NS,928.9000244140624,931.0499877929688,921.7000122070312,925.5,902.9620971679688,14231987,0.0,0.0
2023-11-29,ICICIBANK.NS,930.9000244140624,941.0999755859376,926.0,939.5999755859376,916.7186889648438,11680078,0.0,0.0
2023-11-30,ICICIBANK.NS,938.9500122070312,940.8499755859376,928.2000122070312,934.9500122070312,912.1819458007812,23950292,0.0,0.0
2023-12-01,ICICIBANK.NS,935.9500122070312,952.0,933.0,946.7000122070312,923.6458129882812,16986046,0.0,0.0
2023-12-04,ICICIBANK.NS,963.7000122070312,994.8499755859376,961.4000244140624,991.2000122070312,967.0621337890624,33131257,0.0,0.0
2023-12-05,ICICIBANK.NS,1002.5,1015.75,995.0499877929688,1013.4500122070312,988.7703857421876,31378461,0.0,0.0
2023-12-06,ICICIBANK.NS,1014.0,1016.25,1000.25,1003.25,978.8186645507812,18786590,0.0,0.0
2023-12-07,ICICIBANK.NS,996.3499755859376,1002.2000122070312,988.1500244140624,999.0,974.6721801757812,11841945,0.0,0.0
2023-12-08,ICICIBANK.NS,994.5,1012.8499755859376,993.25,1010.8499755859376,986.2335815429688,16116363,0.0,0.0
2023-12-11,ICICIBANK.NS,1007.0999755859376,1020.0,1004.6500244140624,1017.0999755859376,992.3314208984376,11714606,0.0,0.0
2023-12-12,ICICIBANK.NS,1017.0999755859376,1021.0,1008.5999755859376,1015.7000122070312,990.9654541015624,12380856,0.0,0.0
2023-12-13,ICICIBANK.NS,1014.7999877929688,1020.7000122070312,1009.2000122070312,1013.9000244140624,989.2093505859376,15887040,0.0,0.0
2023-12-14,ICICIBANK.NS,1022.25,1040.0,1021.25,1033.6500244140625,1008.4783325195312,16317672,0.0,0.0
2023-12-15,ICICIBANK.NS,1043.6500244140625,1043.699951171875,1025.699951171875,1037.4000244140625,1012.1370849609376,14306067,0.0,0.0
2023-12-18,ICICIBANK.NS,1029.949951171875,1029.949951171875,1018.0,1021.4500122070312,996.5755004882812,8592711,0.0,0.0
2023-12-19,ICICIBANK.NS,1025.5,1025.5,1012.5999755859376,1015.4500122070312,990.7216186523438,10094256,0.0,0.0
2023-12-20,ICICIBANK.NS,1022.0,1022.0,1002.0,1006.6500244140624,982.1359252929688,16490281,0.0,0.0
2023-12-21,ICICIBANK.NS,996.5499877929688,1010.9000244140624,989.2000122070312,1004.4000244140624,979.940673828125,18064916,0.0,0.0
2023-12-22,ICICIBANK.NS,1002.9500122070312,1009.5499877929688,991.5999755859376,994.2999877929688,970.0866088867188,20881976,0.0,0.0
2023-12-26,ICICIBANK.NS,994.9000244140624,997.5,989.9000244140624,995.0999755859376,970.8671875,14339699,0.0,0.0
2023-12-27,ICICIBANK.NS,997.9500122070312,1004.9000244140624,992.0,1002.25,977.8430786132812,12996468,0.0,0.0
2023-12-28,ICICIBANK.NS,1008.0,1011.7000122070312,999.0999755859376,1005.9000244140624,981.4041748046876,24915990,0.0,0.0
2023-12-29,ICICIBANK.NS,1004.0499877929688,1008.5499877929688,993.7000122070312,996.5999755859376,972.33056640625,12280140,0.0,0.0
2024-01-01,ICICIBANK.NS,991.5499877929688,1004.8499755859376,991.0,999.4000244140624,975.0624389648438,7683792,0.0,0.0
2024-01-02,ICICIBANK.NS,997.0,997.6500244140624,980.25,982.25,958.330078125,16263825,0.0,0.0
2024-01-03,ICICIBANK.NS,984.7000122070312,988.0,975.0999755859376,984.0499877929688,960.0862426757812,16826752,0.0,0.0
2024-01-04,ICICIBANK.NS,986.4000244140624,989.1500244140624,981.9000244140624,987.1500244140624,963.1107788085938,22789140,0.0,0.0
2024-01-05,ICICIBANK.NS,988.0,998.2999877929688,983.7999877929688,993.7000122070312,969.501220703125,14875499,0.0,0.0
2024-01-08,ICICIBANK.NS,994.0,998.2000122070312,980.2999877929688,982.0,958.086181640625,8393164,0.0,0.0
2024-01-09,ICICIBANK.NS,986.25,995.0,975.4000244140624,979.75,955.8909301757812,14660414,0.0,0.0
2024-01-10,ICICIBANK.NS,974.2999877929688,994.9500122070312,974.2999877929688,993.0499877929688,968.8670654296876,9409181,0.0,0.0
2024-01-11,ICICIBANK.NS,995.2999877929688,998.5,986.8499755859376,991.1500244140624,967.0133666992188,6451345,0.0,0.0
2024-01-12,ICICIBANK.NS,994.7999877929688,1008.7000122070312,991.75,1003.5,979.0626220703124,12255743,0.0,0.0
2024-01-15,ICICIBANK.NS,1003.5,1011.6500244140624,999.25,1009.8499755859376,985.2579345703124,12388044,0.0,0.0
2024-01-16,ICICIBANK.NS,1006.0999755859376,1015.7999877929688,1004.5999755859376,1009.0499877929688,984.4774780273438,11505126,0.0,0.0
2024-01-17,ICICIBANK.NS,987.9000244140624,1007.7999877929688,976.75,981.75,957.84228515625,41914771,0.0,0.0
2024-01-18,ICICIBANK.NS,973.9500122070312,994.2999877929688,970.1500244140624,986.3499755859376,962.3302001953124,17902484,0.0,0.0
2024-01-19,ICICIBANK.NS,991.2999877929688,1010.9000244140624,987.5499877929688,999.2000122070312,974.8673095703124,23271148,0.0,0.0
2024-01-23,ICICIBANK.NS,1059.0999755859375,1059.4000244140625,1021.2000122070312,1029.050048828125,1003.9904174804688,50797448,0.0,0.0
2024-01-24,ICICIBANK.NS,1029.449951171875,1035.949951171875,996.6500244140624,999.2000122070312,974.8673095703124,34578943,0.0,0.0
2024-01-25,ICICIBANK.NS,998.4000244140624,1015.0999755859376,988.1500244140624,1009.9500122070312,985.3555297851562,28315035,0.0,0.0
2024-01-29,ICICIBANK.NS,1020.0,1032.0,1010.0,1016.4000244140624,991.6484375,14078922,0.0,0.0
2024-01-30,ICICIBANK.NS,1014.9500122070312,1023.8499755859376,1008.0,1016.9000244140624,992.1363525390624,16085742,0.0,0.0
2024-01-31,ICICIBANK.NS,1016.7999877929688,1039.0,1003.25,1028.1500244140625,1003.1123657226562,25627447,0.0,0.0
2024-02-01,ICICIBANK.NS,1033.949951171875,1033.949951171875,1017.4000244140624,1025.1500244140625,1000.1854248046876,13058880,0.0,0.0
2024-02-02,ICICIBANK.NS,1037.0999755859375,1050.0,1021.6500244140624,1024.0,999.0633544921876,14774650,0.0,0.0
2024-02-05,ICICIBANK.NS,1022.5,1026.449951171875,1012.0999755859376,1023.5,998.5755615234376,12948430,0.0,0.0
2024-02-06,ICICIBANK.NS,1023.5499877929688,1034.9000244140625,1016.7000122070312,1026.4000244140625,1001.4049682617188,12886927,0.0,0.0
2024-02-07,ICICIBANK.NS,1028.0,1031.550048828125,1013.0,1022.1500244140624,997.2584228515624,16410895,0.0,0.0
2024-02-08,ICICIBANK.NS,1024.0999755859375,1028.25,985.25,989.2999877929688,965.2083740234376,20565502,0.0,0.0
2024-02-09,ICICIBANK.NS,988.8499755859376,1013.75,985.5,1010.7000122070312,986.0872802734376,12799837,0.0,0.0
2024-02-12,ICICIBANK.NS,1010.4000244140624,1012.2000122070312,985.25,996.0999755859376,971.8427734375,8050066,0.0,0.0
2024-02-13,ICICIBANK.NS,1006.0,1027.050048828125,1000.2999877929688,1019.7999877929688,994.9656372070312,18706292,0.0,0.0
2024-02-14,ICICIBANK.NS,1009.5499877929688,1035.699951171875,1007.5499877929688,1022.7000122070312,997.7950439453124,17878720,0.0,0.0
2024-02-15,ICICIBANK.NS,1022.8499755859376,1026.6500244140625,1006.5999755859376,1016.6500244140624,991.892333984375,10069878,0.0,0.0
2024-02-16,ICICIBANK.NS,1023.2000122070312,1026.199951171875,1016.9000244140624,1023.25,998.3316650390624,7159395,0.0,0.0
2024-02-19,ICICIBANK.NS,1023.3499755859376,1046.0,1023.3499755859376,1043.75,1018.3323974609376,9388255,0.0,0.0
2024-02-20,ICICIBANK.NS,1041.050048828125,1052.6500244140625,1033.25,1048.75,1023.2106323242188,11293528,0.0,0.0
2024-02-21,ICICIBANK.NS,1056.800048828125,1064.0,1048.0,1051.949951171875,1026.3326416015625,15946325,0.0,0.0
2024-02-22,ICICIBANK.NS,1056.0,1066.0,1040.300048828125,1062.699951171875,1036.8209228515625,13432573,0.0,0.0
2024-02-23,ICICIBANK.NS,1070.0,1070.0,1057.6500244140625,1061.300048828125,1035.4552001953125,13142759,0.0,0.0
2024-02-26,ICICIBANK.NS,1053.0999755859375,1062.300048828125,1050.5,1054.199951171875,1028.52783203125,7875941,0.0,0.0
2024-02-27,ICICIBANK.NS,1050.75,1066.199951171875,1046.5,1060.199951171875,1034.3818359375,10580973,0.0,0.0
2024-02-28,ICICIBANK.NS,1063.0,1064.8499755859375,1042.1500244140625,1046.199951171875,1020.72265625,7730332,0.0,0.0
2024-02-29,ICICIBANK.NS,1043.050048828125,1060.699951171875,1038.5,1052.199951171875,1026.57666015625,20944844,0.0,0.0
2024-03-01,ICICIBANK.NS,1055.0,1089.949951171875,1054.0,1086.9000244140625,1060.431640625,14909562,0.0,0.0
2024-03-04,ICICIBANK.NS,1081.0,1095.0,1080.0999755859375,1092.3499755859375,1065.748779296875,11424581,0.0,0.0
2024-03-05,ICICIBANK.NS,1086.199951171875,1099.5,1076.5,1088.050048828125,1061.5537109375,9222544,0.0,0.0
2024-03-06,ICICIBANK.NS,1080.300048828125,1113.550048828125,1080.300048828125,1097.0999755859375,1070.3831787109375,21796484,0.0,0.0
2024-03-07,ICICIBANK.NS,1094.949951171875,1095.0,1082.699951171875,1087.949951171875,1061.4560546875,9963926,0.0,0.0
2024-03-11,ICICIBANK.NS,1087.949951171875,1087.949951171875,1076.75,1078.699951171875,1052.43115234375,13310362,0.0,0.0
2024-03-12,ICICIBANK.NS,1077.050048828125,1094.800048828125,1055.6500244140625,1076.8499755859375,1050.6263427734375,21785435,0.0,0.0
2024-03-13,ICICIBANK.NS,1077.1500244140625,1089.6500244140625,1073.1500244140625,1083.949951171875,1057.5533447265625,24855870,0.0,0.0
2024-03-14,ICICIBANK.NS,1080.0,1097.0999755859375,1075.050048828125,1083.5999755859375,1057.2119140625,14231421,0.0,0.0
2024-03-15,ICICIBANK.NS,1072.0,1086.25,1070.0,1080.3499755859375,1054.0411376953125,66192734,0.0,0.0
2024-03-18,ICICIBANK.NS,1075.050048828125,1084.800048828125,1060.050048828125,1081.199951171875,1054.8704833984375,8769440,0.0,0.0
2024-03-19,ICICIBANK.NS,1078.449951171875,1088.75,1075.25,1083.949951171875,1057.5533447265625,16708715,0.0,0.0
2024-03-20,ICICIBANK.NS,1080.0,1090.0,1067.5,1084.5,1058.090087890625,18725251,0.0,0.0
2024-03-21,ICICIBANK.NS,1092.0,1100.0,1079.1500244140625,1081.800048828125,1055.455810546875,19992607,0.0,0.0
2024-03-22,ICICIBANK.NS,1081.1500244140625,1093.699951171875,1078.699951171875,1090.300048828125,1063.7489013671875,17214415,0.0,0.0
2024-03-26,ICICIBANK.NS,1081.0,1089.1500244140625,1076.949951171875,1083.699951171875,1057.3094482421875,13367635,0.0,0.0
2024-03-27,ICICIBANK.NS,1083.699951171875,1092.5,1079.550048828125,1083.75,1057.3583984375,26907245,0.0,0.0
2024-03-28,ICICIBANK.NS,1085.0,1105.050048828125,1085.0,1093.300048828125,1066.67578125,22070566,0.0,0.0
2024-04-01,ICICIBANK.NS,1096.050048828125,1102.949951171875,1094.449951171875,1099.6500244140625,1072.8712158203125,10848191,0.0,0.0
2024-04-02,ICICIBANK.NS,1094.449951171875,1094.449951171875,1079.25,1081.199951171875,1054.8704833984375,14380396,0.0,0.0
2024-04-03,ICICIBANK.NS,1075.0,1083.6500244140625,1072.25,1077.199951171875,1050.9676513671875,15477184,0.0,0.0
2024-04-04,ICICIBANK.NS,1084.75,1085.800048828125,1063.449951171875,1078.8499755859375,1052.57763671875,21419689,0.0,0.0
2024-04-05,ICICIBANK.NS,1070.0,1086.0,1067.449951171875,1083.4000244140625,1057.0169677734375,15340637,0.0,0.0
2024-04-08,ICICIBANK.NS,1078.3499755859375,1091.75,1076.300048828125,1087.1500244140625,1060.675537109375,8023461,0.0,0.0
2024-04-09,ICICIBANK.NS,1091.949951171875,1115.25,1088.300048828125,1107.050048828125,1080.0909423828125,12298463,0.0,0.0
2024-04-10,ICICIBANK.NS,1110.949951171875,1116.550048828125,1105.1500244140625,1109.4000244140625,1082.3837890625,10598000,0.0,0.0
2024-04-12,ICICIBANK.NS,1103.5,1111.8499755859375,1095.800048828125,1104.4000244140625,1077.5054931640625,12216657,0.0,0.0
2024-04-15,ICICIBANK.NS,1100.199951171875,1106.1500244140625,1076.5999755859375,1078.3499755859375,1052.08984375,10526597,0.0,0.0
2024-04-16,ICICIBANK.NS,1070.550048828125,1074.5999755859375,1062.699951171875,1067.050048828125,1041.0650634765625,11278092,0.0,0.0
2024-04-18,ICICIBANK.NS,1074.0,1078.050048828125,1050.449951171875,1055.449951171875,1029.74755859375,16564216,0.0,0.0
2024-04-19,ICICIBANK.NS,1052.949951171875,1072.0,1048.0999755859375,1067.25,1041.26025390625,11284433,0.0,0.0
2024-04-22,ICICIBANK.NS,1078.800048828125,1088.699951171875,1070.3499755859375,1086.6500244140625,1060.1878662109375,10346714,0.0,0.0
2024-04-23,ICICIBANK.NS,1100.0,1100.0,1082.699951171875,1090.25,1063.7000732421875,9848215,0.0,0.0
2024-04-24,ICICIBANK.NS,1092.25,1098.4000244140625,1089.0,1096.75,1070.041748046875,5461309,0.0,0.0
2024-04-25,ICICIBANK.NS,1090.0,1125.6500244140625,1089.949951171875,1113.75,1086.6278076171875,19905338,0.0,0.0
2024-04-26,ICICIBANK.NS,1112.1500244140625,1120.0,1102.75,1107.9000244140625,1080.9202880859375,14190059,0.0,0.0
2024-04-29,ICICIBANK.NS,1108.0,1163.449951171875,1107.9000244140625,1160.1500244140625,1131.8978271484375,28578063,0.0,0.0
2024-04-30,ICICIBANK.NS,1159.949951171875,1169.550048828125,1146.75,1150.4000244140625,1122.38525390625,29568491,0.0,0.0
2024-05-02,ICICIBANK.NS,1143.0,1155.5,1133.25,1139.449951171875,1111.701904296875,25118334,0.0,0.0
2024-05-03,ICICIBANK.NS,1141.300048828125,1157.4000244140625,1135.449951171875,1142.050048828125,1114.23876953125,19933604,0.0,0.0
2024-05-06,ICICIBANK.NS,1141.550048828125,1158.449951171875,1138.0999755859375,1146.300048828125,1118.3851318359375,14970524,0.0,0.0
2024-05-07,ICICIBANK.NS,1147.949951171875,1152.75,1126.300048828125,1131.9000244140625,1104.3358154296875,15097728,0.0,0.0
2024-05-08,ICICIBANK.NS,1126.550048828125,1132.0,1116.050048828125,1123.0,1095.652587890625,19913090,0.0,0.0
2024-05-09,ICICIBANK.NS,1120.550048828125,1128.8499755859375,1110.0,1115.699951171875,1088.5302734375,12229853,0.0,0.0
2024-05-10,ICICIBANK.NS,1118.0,1128.9000244140625,1112.050048828125,1117.050048828125,1089.847412109375,8573656,0.0,0.0
2024-05-13,ICICIBANK.NS,1112.4000244140625,1130.6500244140625,1106.699951171875,1128.0,1100.53076171875,9707983,0.0,0.0
2024-05-14,ICICIBANK.NS,1125.9000244140625,1127.9000244140625,1118.550048828125,1120.550048828125,1093.26220703125,8944262,0.0,0.0
2024-05-15,ICICIBANK.NS,1122.0999755859375,1127.800048828125,1113.5,1124.3499755859375,1096.9696044921875,10743423,0.0,0.0
2024-05-16,ICICIBANK.NS,1133.0,1136.550048828125,1112.800048828125,1131.050048828125,1103.506591796875,14265565,0.0,0.0
2024-05-17,ICICIBANK.NS,1131.050048828125,1144.0,1120.5999755859375,1130.5,1102.9698486328125,8641784,0.0,0.0
2024-05-21,ICICIBANK.NS,1122.199951171875,1133.800048828125,1116.25,1120.949951171875,1093.65234375,10452900,0.0,0.0
2024-05-22,ICICIBANK.NS,1125.0,1125.9000244140625,1098.0999755859375,1111.0999755859375,1084.042236328125,17527411,0.0,0.0
2024-05-23,ICICIBANK.NS,1115.550048828125,1137.0,1111.4000244140625,1134.5,1106.8724365234375,13787687,0.0,0.0
2024-05-24,ICICIBANK.NS,1130.0,1135.0,1124.1500244140625,1131.949951171875,1104.384521484375,6312670,0.0,0.0
2024-05-27,ICICIBANK.NS,1131.9000244140625,1147.800048828125,1121.550048828125,1129.800048828125,1102.2869873046875,11599857,0.0,0.0
2024-05-28,ICICIBANK.NS,1132.5,1135.199951171875,1125.0,1126.949951171875,1099.5062255859375,9311718,0.0,0.0
2024-05-29,ICICIBANK.NS,1115.050048828125,1123.550048828125,1098.5,1102.0,1075.1639404296875,19268547,0.0,0.0
2024-05-30,ICICIBANK.NS,1097.0,1121.0,1096.9000244140625,1113.699951171875,1086.5789794921875,15255387,0.0,0.0
2024-05-31,ICICIBANK.NS,1118.0,1130.5999755859375,1111.25,1121.050048828125,1093.7501220703125,26197718,0.0,0.0
2024-06-03,ICICIBANK.NS,1170.0,1173.0,1136.300048828125,1160.0,1131.75146484375,25699977,0.0,0.0
2024-06-04,ICICIBANK.NS,1157.9000244140625,1159.4000244140625,1053.550048828125,1071.449951171875,1045.3577880859375,43476837,0.0,0.0
2024-06-05,ICICIBANK.NS,1085.0,1123.25,1051.050048828125,1108.6500244140625,1081.6519775390625,42172104,0.0,0.0
2024-06-06,ICICIBANK.NS,1118.0,1118.0,1096.5999755859375,1110.4000244140625,1083.359375,18574162,0.0,0.0
2024-06-07,ICICIBANK.NS,1110.4000244140625,1128.300048828125,1103.5999755859375,1121.699951171875,1094.3841552734375,17197635,0.0,0.0
2024-06-10,ICICIBANK.NS,1116.0,1133.199951171875,1115.0999755859375,1123.800048828125,1096.4329833984375,10851455,0.0,0.0
2024-06-11,ICICIBANK.NS,1119.75,1129.050048828125,1111.0,1118.199951171875,1090.969482421875,12250002,0.0,0.0
2024-06-12,ICICIBANK.NS,1121.0,1133.4000244140625,1112.0,1119.550048828125,1092.28662109375,16096514,0.0,0.0
2024-06-13,ICICIBANK.NS,1122.199951171875,1123.199951171875,1105.0,1107.3499755859375,1080.383544921875,12494254,0.0,0.0
2024-06-14,ICICIBANK.NS,1114.0,1114.0,1099.449951171875,1105.6500244140625,1078.7249755859375,11377979,0.0,0.0
2024-06-18,ICICIBANK.NS,1113.949951171875,1135.050048828125,1101.199951171875,1122.8499755859375,1095.506103515625,18306176,0.0,0.0
2024-06-19,ICICIBANK.NS,1127.949951171875,1165.550048828125,1126.1500244140625,1144.449951171875,1116.580078125,34309514,0.0,0.0
2024-06-20,ICICIBANK.NS,1154.050048828125,1160.0,1135.5,1156.800048828125,1128.62939453125,15475933,0.0,0.0
2024-06-21,ICICIBANK.NS,1163.550048828125,1169.9000244140625,1150.6500244140625,1158.6500244140625,1130.434326171875,69259425,0.0,0.0
2024-06-24,ICICIBANK.NS,1154.6500244140625,1175.6500244140625,1152.6500244140625,1170.0999755859375,1141.60546875,12210295,0.0,0.0
2024-06-25,ICICIBANK.NS,1170.25,1206.0,1167.6500244140625,1197.949951171875,1168.7772216796875,27309845,0.0,0.0
2024-06-26,ICICIBANK.NS,1202.0,1222.8499755859375,1193.8499755859375,1218.0,1188.339111328125,25403461,0.0,0.0
2024-06-27,ICICIBANK.NS,1228.3499755859375,1235.0,1209.0999755859375,1219.9000244140625,1190.1927490234375,20516632,0.0,0.0
2024-06-28,ICICIBANK.NS,1227.0,1227.0,1196.3499755859375,1199.5999755859375,1170.38720703125,12507092,0.0,0.0
2024-07-01,ICICIBANK.NS,1199.5999755859375,1215.3499755859375,1192.050048828125,1211.8499755859375,1182.3387451171875,8636894,0.0,0.0
2024-07-02,ICICIBANK.NS,1217.0,1217.0,1185.550048828125,1190.5999755859375,1161.606201171875,16153925,0.0,0.0
2024-07-03,ICICIBANK.NS,1196.8499755859375,1215.8499755859375,1179.449951171875,1201.5999755859375,1172.33837890625,22330897,0.0,0.0
2024-07-04,ICICIBANK.NS,1229.0,1234.949951171875,1214.300048828125,1233.0,1202.9737548828125,15275791,0.0,0.0
2024-07-05,ICICIBANK.NS,1225.0,1242.5999755859375,1220.8499755859375,1233.4000244140625,1203.364013671875,9535575,0.0,0.0
2024-07-08,ICICIBANK.NS,1228.9000244140625,1239.5,1216.9000244140625,1235.050048828125,1204.973876953125,6617190,0.0,0.0
2024-07-09,ICICIBANK.NS,1234.949951171875,1250.199951171875,1229.300048828125,1248.25,1217.8524169921875,13366874,0.0,0.0
2024-07-10,ICICIBANK.NS,1252.75,1252.75,1236.3499755859375,1243.199951171875,1212.92529296875,18226503,0.0,0.0
2024-07-11,ICICIBANK.NS,1246.3499755859375,1257.800048828125,1225.050048828125,1238.449951171875,1208.291015625,11307116,0.0,0.0
2024-07-12,ICICIBANK.NS,1235.9000244140625,1252.9000244140625,1230.0999755859375,1232.9000244140625,1202.876220703125,12208290,0.0,0.0
2024-07-15,ICICIBANK.NS,1233.0999755859375,1238.449951171875,1224.050048828125,1229.949951171875,1199.998046875,15612671,0.0,0.0
2024-07-16,ICICIBANK.NS,1230.0,1245.0,1229.0,1239.9000244140625,1209.7056884765625,12320605,0.0,0.0
2024-07-18,ICICIBANK.NS,1234.9000244140625,1256.449951171875,1231.699951171875,1250.300048828125,1219.8526611328125,10999632,0.0,0.0
2024-07-19,ICICIBANK.NS,1244.0,1250.5,1240.25,1248.6500244140625,1218.24267578125,7958817,0.0,0.0
2024-07-22,ICICIBANK.NS,1240.0,1245.300048828125,1232.9000244140625,1241.1500244140625,1210.9254150390625,9958965,0.0,0.0
2024-07-23,ICICIBANK.NS,1241.1500244140625,1248.6500244140625,1212.5,1226.75,1196.8759765625,19369832,0.0,0.0
2024-07-24,ICICIBANK.NS,1225.0,1233.6500244140625,1202.050048828125,1223.0,1193.21728515625,20122521,0.0,0.0
2024-07-25,ICICIBANK.NS,1205.5,1218.25,1190.5999755859375,1197.9000244140625,1168.728515625,14154461,0.0,0.0
2024-07-26,ICICIBANK.NS,1190.0,1220.0,1185.949951171875,1207.199951171875,1177.802001953125,19309265,0.0,0.0
2024-07-29,ICICIBANK.NS,1215.1500244140625,1242.75,1204.1500244140625,1212.699951171875,1183.1680908203125,28458261,0.0,0.0
2024-07-30,ICICIBANK.NS,1213.0,1230.8499755859375,1204.4000244140625,1209.449951171875,1179.9971923828125,23972277,0.0,0.0
2024-07-31,ICICIBANK.NS,1219.0,1224.6500244140625,1211.0,1214.9000244140625,1185.3145751953125,22297629,0.0,0.0
2024-08-01,ICICIBANK.NS,1212.5,1222.6500244140625,1206.9000244140625,1210.0999755859375,1180.63134765625,8725046,0.0,0.0
2024-08-02,ICICIBANK.NS,1197.0,1201.6500244140625,1190.0999755859375,1196.550048828125,1167.411376953125,10735395,0.0,0.0
2024-08-05,ICICIBANK.NS,1182.0,1188.9000244140625,1167.0,1172.5999755859375,1144.0445556640625,14306771,0.0,0.0
2024-08-06,ICICIBANK.NS,1175.0,1187.699951171875,1161.5,1166.8499755859375,1138.4346923828125,13575619,0.0,0.0
2024-08-07,ICICIBANK.NS,1178.949951171875,1179.800048828125,1161.5999755859375,1172.449951171875,1143.898193359375,15753644,0.0,0.0
2024-08-08,ICICIBANK.NS,1166.949951171875,1174.4000244140625,1158.9000244140625,1164.5999755859375,1136.2393798828125,10806438,0.0,0.0
2024-08-09,ICICIBANK.NS,1176.550048828125,1180.949951171875,1169.0,1171.5999755859375,1143.0689697265625,8687307,0.0,0.0
2024-08-12,ICICIBANK.NS,1171.0,1178.25,1156.0,1172.800048828125,1154.09033203125,10860455,10.0,0.0
2024-08-13,ICICIBANK.NS,1183.199951171875,1189.25,1163.5999755859375,1168.3499755859375,1149.7113037109375,13117927,0.0,0.0
2024-08-14,ICICIBANK.NS,1167.0,1170.050048828125,1153.0,1161.6500244140625,1143.1181640625,13431801,0.0,0.0
2024-08-16,ICICIBANK.NS,1170.0,1193.0,1165.6500244140625,1187.25,1168.3096923828125,10961370,0.0,0.0
2024-08-19,ICICIBANK.NS,1191.0,1195.75,1173.300048828125,1175.9000244140625,1157.140869140625,6686394,0.0,0.0
2024-08-20,ICICIBANK.NS,1174.199951171875,1189.800048828125,1170.0,1179.449951171875,1160.6341552734375,10427061,0.0,0.0
2024-08-21,ICICIBANK.NS,1177.0,1178.6500244140625,1165.0999755859375,1174.8499755859375,1156.1075439453125,17234142,0.0,0.0
2024-08-22,ICICIBANK.NS,1182.0,1192.5999755859375,1176.5999755859375,1191.0999755859375,1172.098388671875,8564142,0.0,0.0
2024-08-23,ICICIBANK.NS,1193.0,1205.0,1188.550048828125,1203.5,1184.300537109375,7518309,0.0,0.0
2024-08-26,ICICIBANK.NS,1205.550048828125,1214.949951171875,1201.050048828125,1213.300048828125,1193.9442138671875,10920226,0.0,0.0
2024-08-27,ICICIBANK.NS,1213.300048828125,1232.5,1208.9000244140625,1226.3499755859375,1206.7860107421875,16295325,0.0,0.0
2024-08-28,ICICIBANK.NS,1222.6500244140625,1226.4000244140625,1217.300048828125,1223.8499755859375,1204.325927734375,12291305,0.0,0.0
2024-08-29,ICICIBANK.NS,1218.949951171875,1235.0,1217.0,1221.9000244140625,1202.4071044921875,10806748,0.0,0.0
2024-08-30,ICICIBANK.NS,1230.0,1235.550048828125,1218.9000244140625,1229.199951171875,1209.5904541015625,21211148,0.0,0.0
2024-09-02,ICICIBANK.NS,1239.0,1239.199951171875,1222.5,1229.949951171875,1210.3284912109375,12516759,0.0,0.0
2024-09-03,ICICIBANK.NS,1227.199951171875,1250.949951171875,1220.4000244140625,1247.699951171875,1227.79541015625,19114907,0.0,0.0
2024-09-04,ICICIBANK.NS,1239.8499755859375,1243.699951171875,1232.800048828125,1236.3499755859375,1216.62646484375,13505843,0.0,0.0
2024-09-05,ICICIBANK.NS,1238.0,1244.8499755859375,1231.300048828125,1235.949951171875,1216.23291015625,9142811,0.0,0.0
2024-09-06,ICICIBANK.NS,1225.949951171875,1233.9000244140625,1205.0,1208.1500244140625,1188.8763427734375,10170479,0.0,0.0
2024-09-09,ICICIBANK.NS,1202.9000244140625,1238.300048828125,1200.449951171875,1235.0,1215.2979736328125,13863250,0.0,0.0
2024-09-10,ICICIBANK.NS,1236.949951171875,1241.3499755859375,1227.0,1237.300048828125,1217.5614013671875,15545130,0.0,0.0
2024-09-11,ICICIBANK.NS,1231.5,1239.300048828125,1226.4000244140625,1236.3499755859375,1216.62646484375,11993242,0.0,0.0
2024-09-12,ICICIBANK.NS,1238.0,1257.0,1226.3499755859375,1252.1500244140625,1232.174560546875,15376442,0.0,0.0
2024-09-13,ICICIBANK.NS,1252.0,1255.949951171875,1242.050048828125,1250.3499755859375,1230.403076171875,9877288,0.0,0.0
2024-09-16,ICICIBANK.NS,1251.0,1265.5999755859375,1244.699951171875,1262.8499755859375,1242.7037353515625,8973335,0.0,0.0
2024-09-17,ICICIBANK.NS,1259.949951171875,1272.25,1258.4000244140625,1268.0999755859375,1247.8699951171875,11513121,0.0,0.0
2024-09-18,ICICIBANK.NS,1262.0,1295.3499755859375,1262.0,1288.3499755859375,1267.796875,12466597,0.0,0.0
2024-09-19,ICICIBANK.NS,1288.3499755859375,1300.0,1285.3499755859375,1292.0,1271.388671875,13172268,0.0,0.0
2024-09-20,ICICIBANK.NS,1295.0,1362.3499755859375,1291.550048828125,1338.449951171875,1317.09765625,73257767,0.0,0.0
2024-09-23,ICICIBANK.NS,1331.0,1331.800048828125,1308.5,1321.9000244140625,1300.8116455078125,11380409,0.0,0.0
2024-09-24,ICICIBANK.NS,1321.0,1331.4000244140625,1315.449951171875,1318.5999755859375,1297.5643310546875,13886037,0.0,0.0
2024-09-25,ICICIBANK.NS,1310.75,1327.75,1310.0999755859375,1323.8499755859375,1302.7305908203125,8728019,0.0,0.0
2024-09-26,ICICIBANK.NS,1320.0,1333.3499755859375,1316.9000244140625,1329.050048828125,1307.84765625,11100869,0.0,0.0
2024-09-27,ICICIBANK.NS,1333.0,1333.0,1303.8499755859375,1306.5999755859375,1285.7557373046875,17117379,0.0,0.0
2024-09-30,ICICIBANK.NS,1292.0999755859375,1296.800048828125,1270.9000244140625,1273.0,1252.69189453125,12622212,0.0,0.0
2024-10-01,ICICIBANK.NS,1269.800048828125,1280.25,1267.5999755859375,1274.4000244140625,1254.069580078125,10972413,0.0,0.0
2024-10-03,ICICIBANK.NS,1253.5999755859375,1265.75,1248.1500244140625,1256.3499755859375,1236.307373046875,17648551,0.0,0.0
2024-10-04,ICICIBANK.NS,1247.0999755859375,1264.4000244140625,1236.199951171875,1239.75,1219.97216796875,13488887,0.0,0.0
2024-10-07,ICICIBANK.NS,1241.550048828125,1262.949951171875,1225.0,1233.9000244140625,1214.215576171875,20667247,0.0,0.0
2024-10-08,ICICIBANK.NS,1241.0,1247.800048828125,1229.75,1236.5999755859375,1216.8724365234375,12219259,0.0,0.0
2024-10-09,ICICIBANK.NS,1243.050048828125,1265.0999755859375,1232.6500244140625,1244.1500244140625,1224.302001953125,14765997,0.0,0.0
2024-10-10,ICICIBANK.NS,1246.75,1254.699951171875,1238.0,1243.5,1223.6624755859375,9118195,0.0,0.0
2024-10-11,ICICIBANK.NS,1237.0,1240.800048828125,1222.0,1223.0,1203.489501953125,8472512,0.0,0.0
2024-10-14,ICICIBANK.NS,1221.0,1237.9000244140625,1217.4000244140625,1231.75,1212.099853515625,11833929,0.0,0.0
2024-10-15,ICICIBANK.NS,1238.949951171875,1258.300048828125,1235.4000244140625,1255.5,1235.470947265625,11657338,0.0,0.0
2024-10-16,ICICIBANK.NS,1248.5,1254.949951171875,1241.5999755859375,1243.1500244140625,1223.3179931640625,7869727,0.0,0.0
2024-10-17,ICICIBANK.NS,1249.449951171875,1256.949951171875,1224.4000244140625,1231.25,1211.60791015625,8459497,0.0,0.0
2024-10-18,ICICIBANK.NS,1227.949951171875,1268.9000244140625,1225.25,1264.5,1244.327392578125,11018126,0.0,0.0
2024-10-21,ICICIBANK.NS,1264.5,1272.3499755859375,1250.550048828125,1259.050048828125,1238.9644775390625,7742775,0.0,0.0
2024-10-22,ICICIBANK.NS,1266.5999755859375,1284.9000244140625,1259.75,1267.5,1247.279541015625,20090801,0.0,0.0
2024-10-23,ICICIBANK.NS,1261.0,1267.949951171875,1243.050048828125,1251.5999755859375,1231.6331787109375,14055447,0.0,0.0
2024-10-24,ICICIBANK.NS,1250.25,1260.449951171875,1241.050048828125,1252.75,1232.764892578125,12223031,0.0,0.0
2024-10-25,ICICIBANK.NS,1247.25,1268.9000244140625,1234.199951171875,1255.449951171875,1235.4217529296875,13546055,0.0,0.0
2024-10-28,ICICIBANK.NS,1285.5,1307.800048828125,1280.5999755859375,1292.8499755859375,1272.2252197265625,24096412,0.0,0.0
2024-10-29,ICICIBANK.NS,1301.3499755859375,1335.3499755859375,1299.25,1331.8499755859375,1310.6029052734375,20656117,0.0,0.0
2024-10-30,ICICIBANK.NS,1324.0,1330.9000244140625,1305.5999755859375,1312.1500244140625,1291.21728515625,15055031,0.0,0.0
2024-10-31,ICICIBANK.NS,1307.25,1318.949951171875,1288.550048828125,1292.25,1271.6346435546875,23497314,0.0,0.0
2024-11-01,ICICIBANK.NS,1289.949951171875,1296.199951171875,1286.25,1291.800048828125,1271.19189453125,1007022,0.0,0.0
2024-11-04,ICICIBANK.NS,1290.0999755859375,1291.800048828125,1270.050048828125,1277.199951171875,1256.82470703125,14309121,0.0,0.0
2024-11-05,ICICIBANK.NS,1273.0,1301.300048828125,1263.0999755859375,1296.699951171875,1276.013671875,16431920,0.0,0.0
2024-11-06,ICICIBANK.NS,1300.25,1315.0,1292.699951171875,1302.3499755859375,1281.5736083984375,12037405,0.0,0.0
2024-11-07,ICICIBANK.NS,1297.1500244140625,1302.800048828125,1275.25,1278.699951171875,1258.30078125,9909035,0.0,0.0
2024-11-08,ICICIBANK.NS,1270.0,1275.0,1252.699951171875,1258.8499755859375,1238.7674560546875,11195808,0.0,0.0
2024-11-11,ICICIBANK.NS,1262.0,1275.9000244140625,1246.6500244140625,1269.300048828125,1249.0509033203125,8387780,0.0,0.0
2024-11-12,ICICIBANK.NS,1276.1500244140625,1295.0,1264.5,1270.5999755859375,1250.330078125,13486168,0.0,0.0
2024-11-13,ICICIBANK.NS,1270.5999755859375,1276.25,1250.0,1253.699951171875,1233.6995849609375,12260404,0.0,0.0
2024-11-14,ICICIBANK.NS,1253.75,1267.699951171875,1243.050048828125,1256.949951171875,1236.897705078125,9506892,0.0,0.0
2024-11-18,ICICIBANK.NS,1260.0,1262.5999755859375,1249.4000244140625,1253.449951171875,1233.45361328125,6195554,0.0,0.0
2024-11-19,ICICIBANK.NS,1257.050048828125,1261.0,1240.8499755859375,1249.0999755859375,1229.173095703125,11537317,0.0,0.0
2024-11-21,ICICIBANK.NS,1248.550048828125,1256.9000244140625,1232.550048828125,1250.550048828125,1230.5999755859375,9593870,0.0,0.0
2024-11-22,ICICIBANK.NS,1258.0,1281.4000244140625,1256.0,1278.050048828125,1257.6612548828125,11604338,0.0,0.0
2024-11-25,ICICIBANK.NS,1296.0,1311.199951171875,1290.0,1300.949951171875,1280.1959228515625,22717581,0.0,0.0
2024-11-26,ICICIBANK.NS,1310.5999755859375,1314.25,1302.449951171875,1304.949951171875,1284.132080078125,7646955,0.0,0.0
2024-11-27,ICICIBANK.NS,1298.5,1310.8499755859375,1297.8499755859375,1300.699951171875,1279.9498291015625,21938082,0.0,0.0
2024-11-28,ICICIBANK.NS,1301.050048828125,1310.5,1282.300048828125,1286.3499755859375,1265.8287353515625,22803745,0.0,0.0
2024-11-29,ICICIBANK.NS,1283.0999755859375,1303.25,1283.0999755859375,1300.0999755859375,1279.3594970703125,11397228,0.0,0.0
2024-12-02,ICICIBANK.NS,1299.9000244140625,1310.550048828125,1289.1500244140625,1304.6500244140625,1283.8369140625,9626400,0.0,0.0
2024-12-03,ICICIBANK.NS,1303.949951171875,1312.800048828125,1296.0999755859375,1308.4000244140625,1287.527099609375,11509276,0.0,0.0
2024-12-04,ICICIBANK.NS,1302.5999755859375,1320.0,1301.699951171875,1316.050048828125,1295.0550537109375,11570281,0.0,0.0
2024-12-05,ICICIBANK.NS,1316.25,1342.9000244140625,1308.5999755859375,1336.5,1315.1788330078125,19210697,0.0,0.0
2024-12-06,ICICIBANK.NS,1342.5,1347.0999755859375,1326.699951171875,1328.75,1307.552490234375,8942672,0.0,0.0
2024-12-09,ICICIBANK.NS,1322.0999755859375,1329.050048828125,1320.25,1322.300048828125,1301.205322265625,8000764,0.0,0.0
2024-12-10,ICICIBANK.NS,1319.0,1332.0,1315.25,1330.449951171875,1309.2252197265625,8218214,0.0,0.0
2024-12-11,ICICIBANK.NS,1324.699951171875,1331.25,1316.0,1327.5,1306.3223876953125,8138066,0.0,0.0
2024-12-12,ICICIBANK.NS,1321.550048828125,1338.75,1321.550048828125,1329.25,1308.04443359375,9076896,0.0,0.0
2024-12-13,ICICIBANK.NS,1325.3499755859375,1347.1500244140625,1313.5,1344.9000244140625,1323.44482421875,13536684,0.0,0.0
2024-12-16,ICICIBANK.NS,1344.9000244140625,1350.449951171875,1340.050048828125,1346.0999755859375,1324.6256103515625,9071006,0.0,0.0
2024-12-17,ICICIBANK.NS,1342.0,1348.0999755859375,1326.050048828125,1333.75,1312.47265625,9879257,0.0,0.0
2024-12-18,ICICIBANK.NS,1325.25,1334.949951171875,1307.449951171875,1314.1500244140625,1293.1854248046875,8510595,0.0,0.0
2024-12-19,ICICIBANK.NS,1286.0,1303.0,1284.449951171875,1286.9000244140625,1266.3701171875,11517304,0.0,0.0
2024-12-20,ICICIBANK.NS,1283.949951171875,1297.75,1272.4000244140625,1288.4000244140625,1267.84619140625,58491181,0.0,0.0
2024-12-23,ICICIBANK.NS,1294.6500244140625,1307.0,1287.050048828125,1296.800048828125,1276.1121826171875,6827512,0.0,0.0
2024-12-24,ICICIBANK.NS,1296.800048828125,1304.5,1290.25,1297.25,1276.5550537109375,7138516,0.0,0.0
2024-12-26,ICICIBANK.NS,1307.0,1312.75,1289.199951171875,1297.3499755859375,1276.6533203125,7338444,0.0,0.0
2024-12-27,ICICIBANK.NS,1298.550048828125,1315.949951171875,1298.550048828125,1307.550048828125,1286.6907958984375,4756066,0.0,0.0
2024-12-30,ICICIBANK.NS,1304.949951171875,1326.5,1289.449951171875,1294.6500244140625,1273.9964599609375,14207425,0.0,0.0
2024-12-31,ICICIBANK.NS,1286.9000244140625,1289.949951171875,1280.0999755859375,1281.6500244140625,1261.203857421875,8449607,0.0,0.0
2025-01-01,ICICIBANK.NS,1281.6500244140625,1293.0,1267.0999755859375,1283.6500244140625,1263.1719970703125,4705399,0.0,0.0
2025-01-02,ICICIBANK.NS,1285.0999755859375,1293.4000244140625,1278.4000244140625,1290.5999755859375,1270.0111083984375,7433222,0.0,0.0
2025-01-03,ICICIBANK.NS,1286.199951171875,1288.0,1262.25,1265.050048828125,1244.86865234375,11194997,0.0,0.0
2025-01-06,ICICIBANK.NS,1268.050048828125,1277.75,1257.0,1264.0999755859375,1243.933837890625,7504047,0.0,0.0
2025-01-07,ICICIBANK.NS,1266.5,1288.949951171875,1266.5,1279.25,1258.8421630859375,7539758,0.0,0.0
2025-01-08,ICICIBANK.NS,1280.550048828125,1285.0,1252.3499755859375,1263.75,1243.58935546875,7566309,0.0,0.0
2025-01-09,ICICIBANK.NS,1258.0,1264.75,1248.0999755859375,1262.4000244140625,1242.260986328125,8684920,0.0,0.0
2025-01-10,ICICIBANK.NS,1259.0,1264.949951171875,1243.0999755859375,1249.8499755859375,1229.9111328125,7854524,0.0,0.0
2025-01-13,ICICIBANK.NS,1234.9000244140625,1243.949951171875,1224.9000244140625,1229.75,1210.1318359375,9669336,0.0,0.0
2025-01-14,ICICIBANK.NS,1233.3499755859375,1244.8499755859375,1227.449951171875,1240.300048828125,1220.5135498046875,10342698,0.0,0.0
2025-01-15,ICICIBANK.NS,1234.0,1244.4000244140625,1230.0,1238.25,1218.49609375,5355382,0.0,0.0
2025-01-16,ICICIBANK.NS,1245.0999755859375,1255.5,1239.6500244140625,1249.0999755859375,1229.173095703125,11895924,0.0,0.0
2025-01-17,ICICIBANK.NS,1243.3499755859375,1249.0,1218.0,1225.449951171875,1205.9002685546875,9790533,0.0,0.0
2025-01-20,ICICIBANK.NS,1223.9000244140625,1241.75,1215.25,1232.949951171875,1213.28076171875,7676418,0.0,0.0
2025-01-21,ICICIBANK.NS,1236.949951171875,1238.949951171875,1192.699951171875,1196.1500244140625,1177.0677490234375,20520898,0.0,0.0
2025-01-22,ICICIBANK.NS,1201.0,1207.5,1191.800048828125,1200.449951171875,1181.299072265625,10377123,0.0,0.0
2025-01-23,ICICIBANK.NS,1197.25,1207.9000244140625,1186.0,1201.75,1182.5784912109375,8770650,0.0,0.0
2025-01-24,ICICIBANK.NS,1203.0999755859375,1218.0,1202.0,1209.199951171875,1189.90966796875,9216792,0.0,0.0
2025-01-27,ICICIBANK.NS,1195.0,1234.6500244140625,1193.0999755859375,1227.949951171875,1208.3604736328125,16164687,0.0,0.0
2025-01-28,ICICIBANK.NS,1247.3499755859375,1264.0,1236.0,1246.9000244140625,1227.0081787109375,18066499,0.0,0.0
2025-01-29,ICICIBANK.NS,1252.0,1255.800048828125,1243.050048828125,1251.6500244140625,1231.6824951171875,7666777,0.0,0.0
2025-01-30,ICICIBANK.NS,1250.0,1259.8499755859375,1239.5,1255.5999755859375,1235.5693359375,11921041,0.0,0.0
2025-01-31,ICICIBANK.NS,1254.5,1256.0,1239.0999755859375,1252.800048828125,1232.814208984375,10195417,0.0,0.0
2025-02-01,ICICIBANK.NS,1251.1500244140625,1261.3499755859375,1233.800048828125,1255.550048828125,1235.520263671875,3011914,0.0,0.0
2025-02-03,ICICIBANK.NS,1246.8499755859375,1260.0,1237.800048828125,1253.0,1233.0108642578125,6176831,0.0,0.0
2025-02-04,ICICIBANK.NS,1262.800048828125,1280.5,1260.0,1268.199951171875,1247.9683837890625,14839077,0.0,0.0
2025-02-05,ICICIBANK.NS,1270.199951171875,1277.75,1265.1500244140625,1267.699951171875,1247.476318359375,6840709,0.0,0.0
2025-02-06,ICICIBANK.NS,1275.0,1279.0,1263.199951171875,1272.4000244140625,1252.101318359375,8396554,0.0,0.0
2025-02-07,ICICIBANK.NS,1272.0,1275.0,1249.550048828125,1256.9000244140625,1236.8487548828125,7382039,0.0,0.0
2025-02-10,ICICIBANK.NS,1257.199951171875,1265.0,1249.3499755859375,1262.5999755859375,1242.4576416015625,5740361,0.0,0.0
2025-02-11,ICICIBANK.NS,1255.8499755859375,1261.8499755859375,1248.4000244140625,1252.75,1232.764892578125,6586627,0.0,0.0
2025-02-12,ICICIBANK.NS,1257.199951171875,1269.75,1244.6500244140625,1251.800048828125,1231.8299560546875,8809352,0.0,0.0
2025-02-13,ICICIBANK.NS,1252.550048828125,1266.0,1245.9000244140625,1248.9000244140625,1228.976318359375,7263785,0.0,0.0
2025-02-14,ICICIBANK.NS,1252.0999755859375,1263.5,1244.449951171875,1260.0999755859375,1239.99755859375,10368438,0.0,0.0
2025-02-17,ICICIBANK.NS,1251.1500244140625,1258.1500244140625,1233.25,1251.1500244140625,1231.1904296875,8386151,0.0,0.0
2025-02-18,ICICIBANK.NS,1252.9000244140625,1257.5999755859375,1237.050048828125,1243.050048828125,1223.2196044921875,8135042,0.0,0.0
2025-02-19,ICICIBANK.NS,1234.8499755859375,1264.449951171875,1230.25,1261.6500244140625,1241.52294921875,10683412,0.0,0.0
2025-02-20,ICICIBANK.NS,1255.3499755859375,1264.0,1246.75,1249.949951171875,1230.009521484375,8398849,0.0,0.0
2025-02-21,ICICIBANK.NS,1241.0999755859375,1244.699951171875,1224.550048828125,1232.949951171875,1213.28076171875,7786428,0.0,0.0
2025-02-24,ICICIBANK.NS,1226.699951171875,1231.9000244140625,1210.25,1218.3499755859375,1198.9136962890625,11522480,0.0,0.0
2025-02-25,ICICIBANK.NS,1226.5999755859375,1231.6500244140625,1221.0,1224.1500244140625,1204.6212158203125,11059417,0.0,0.0
2025-02-27,ICICIBANK.NS,1225.1500244140625,1234.8499755859375,1218.449951171875,1222.449951171875,1202.9482421875,12008162,0.0,0.0
2025-02-28,ICICIBANK.NS,1216.0,1225.0,1200.0999755859375,1204.0999755859375,1184.8909912109375,20215075,0.0,0.0
2025-03-03,ICICIBANK.NS,1210.5,1217.0,1204.1500244140625,1206.199951171875,1186.9573974609375,8158881,0.0,0.0
2025-03-04,ICICIBANK.NS,1207.1500244140625,1216.6500244140625,1206.25,1210.4000244140625,1191.0904541015625,9574490,0.0,0.0
2025-03-05,ICICIBANK.NS,1217.0,1225.949951171875,1211.300048828125,1215.699951171875,1196.305908203125,9052846,0.0,0.0
2025-03-06,ICICIBANK.NS,1227.949951171875,1227.949951171875,1209.0,1218.050048828125,1198.6185302734375,11949475,0.0,0.0
2025-03-07,ICICIBANK.NS,1211.0999755859375,1217.8499755859375,1206.300048828125,1214.550048828125,1195.17431640625,6620284,0.0,0.0
2025-03-10,ICICIBANK.NS,1208.0,1225.800048828125,1208.0,1214.8499755859375,1195.469482421875,7363437,0.0,0.0
2025-03-11,ICICIBANK.NS,1217.199951171875,1248.0,1217.199951171875,1245.4000244140625,1225.5321044921875,10927950,0.0,0.0
2025-03-12,ICICIBANK.NS,1246.949951171875,1251.949951171875,1235.300048828125,1243.949951171875,1224.105224609375,11548372,0.0,0.0
2025-03-13,ICICIBANK.NS,1251.050048828125,1255.5999755859375,1245.300048828125,1250.050048828125,1230.10791015625,8132940,0.0,0.0
2025-03-17,ICICIBANK.NS,1257.050048828125,1273.949951171875,1254.75,1269.0,1248.7557373046875,11164812,0.0,0.0
2025-03-19,ICICIBANK.NS,1305.5999755859375,1318.300048828125,1302.1500244140625,1313.0999755859375,1292.1519775390625,11278014,0.0,0.0
2025-03-20,ICICIBANK.NS,1320.0,1324.25,1311.050048828125,1321.699951171875,1300.6148681640625,10886735,0.0,0.0
2025-03-21,ICICIBANK.NS,1316.0,1349.0,1311.5999755859375,1343.0999755859375,1321.673583984375,60494318,0.0,0.0
2025-03-24,ICICIBANK.NS,1355.949951171875,1373.0,1345.050048828125,1358.1500244140625,1336.4835205078125,9352280,0.0,0.0
2025-03-25,ICICIBANK.NS,1359.0,1363.800048828125,1330.050048828125,1343.699951171875,1322.263916015625,16419207,0.0,0.0
2025-03-26,ICICIBANK.NS,1344.050048828125,1358.0,1331.5,1335.9000244140625,1314.58837890625,10859639,0.0,0.0
2025-03-27,ICICIBANK.NS,1333.1500244140625,1351.5,1333.1500244140625,1336.6500244140625,1315.326416015625,15109614,0.0,0.0
2025-03-28,ICICIBANK.NS,1336.0,1357.949951171875,1327.199951171875,1348.3499755859375,1326.8397216796875,8266544,0.0,0.0
2025-04-01,ICICIBANK.NS,1340.0,1352.3499755859375,1315.4000244140625,1318.449951171875,1297.416748046875,14288024,0.0,0.0
2025-04-02,ICICIBANK.NS,1322.1500244140625,1337.949951171875,1322.1500244140625,1331.25,1310.0125732421875,8042214,0.0,0.0
2025-04-03,ICICIBANK.NS,1321.949951171875,1333.0,1321.25,1329.550048828125,1308.3397216796875,4591008,0.0,0.0
2025-04-04,ICICIBANK.NS,1329.550048828125,1338.550048828125,1322.0999755859375,1335.300048828125,1313.998046875,8648542,0.0,0.0
2025-04-07,ICICIBANK.NS,1295.25,1325.0,1265.0,1287.550048828125,1267.009765625,19185012,0.0,0.0
2025-04-08,ICICIBANK.NS,1299.8499755859375,1310.050048828125,1287.3499755859375,1299.9000244140625,1279.1627197265625,13085762,0.0,0.0
2025-04-09,ICICIBANK.NS,1304.949951171875,1305.0999755859375,1284.5,1300.800048828125,1280.04833984375,13005622,0.0,0.0
2025-04-11,ICICIBANK.NS,1305.0999755859375,1325.0,1305.0999755859375,1311.6500244140625,1290.7252197265625,13064247,0.0,0.0
2025-04-15,ICICIBANK.NS,1351.0,1354.300048828125,1336.199951171875,1350.199951171875,1328.66015625,15202603,0.0,0.0
2025-04-16,ICICIBANK.NS,1357.0,1359.699951171875,1342.9000244140625,1356.4000244140625,1334.7613525390625,14039073,0.0,0.0
2025-04-17,ICICIBANK.NS,1362.0,1408.9000244140625,1360.0999755859375,1406.699951171875,1384.2587890625,17490424,0.0,0.0
2025-04-21,ICICIBANK.NS,1436.0,1436.0,1404.699951171875,1409.800048828125,1387.3095703125,16882426,0.0,0.0
2025-04-22,ICICIBANK.NS,1412.800048828125,1418.800048828125,1398.9000244140625,1416.5,1393.902587890625,16135274,0.0,0.0
2025-04-23,ICICIBANK.NS,1429.0,1429.9000244140625,1411.300048828125,1424.4000244140625,1401.676513671875,13990764,0.0,0.0
2025-04-24,ICICIBANK.NS,1416.300048828125,1421.199951171875,1398.800048828125,1402.699951171875,1380.3226318359375,15678099,0.0,0.0
2025-04-25,ICICIBANK.NS,1410.0,1414.800048828125,1388.4000244140625,1404.800048828125,1382.38916015625,11705093,0.0,0.0
2025-04-28,ICICIBANK.NS,1405.5999755859375,1435.0,1403.800048828125,1428.800048828125,1406.00634765625,10948561,0.0,0.0
2025-04-29,ICICIBANK.NS,1428.800048828125,1438.300048828125,1422.5999755859375,1429.800048828125,1406.9903564453125,10786910,0.0,0.0
2025-04-30,ICICIBANK.NS,1433.0,1433.699951171875,1400.0,1427.0,1404.235107421875,14192027,0.0,0.0
2025-05-02,ICICIBANK.NS,1426.9000244140625,1446.5999755859375,1424.5999755859375,1430.0999755859375,1407.2855224609375,8842434,0.0,0.0
2025-05-05,ICICIBANK.NS,1440.0,1446.800048828125,1426.0,1429.4000244140625,1406.5968017578125,4565705,0.0,0.0
2025-05-06,ICICIBANK.NS,1429.0,1433.699951171875,1420.4000244140625,1431.5999755859375,1408.7615966796875,6301690,0.0,0.0
2025-05-07,ICICIBANK.NS,1425.0,1442.0,1421.0,1435.4000244140625,1412.5010986328125,10480453,0.0,0.0
2025-05-08,ICICIBANK.NS,1438.5999755859375,1448.9000244140625,1426.0999755859375,1435.5,1412.5994873046875,15306490,0.0,0.0
2025-05-09,ICICIBANK.NS,1415.199951171875,1419.9000244140625,1387.0,1388.9000244140625,1366.742919921875,13491197,0.0,0.0
2025-05-12,ICICIBANK.NS,1409.4000244140625,1453.0,1404.0,1448.5,1425.39208984375,9925445,0.0,0.0
2025-05-13,ICICIBANK.NS,1440.0999755859375,1447.9000244140625,1427.4000244140625,1430.5999755859375,1407.777587890625,12475424,0.0,0.0
2025-05-14,ICICIBANK.NS,1429.9000244140625,1440.699951171875,1417.300048828125,1426.199951171875,1403.44775390625,8026837,0.0,0.0
2025-05-15,ICICIBANK.NS,1425.9000244140625,1456.5,1415.5,1450.800048828125,1427.6553955078125,18209264,0.0,0.0
2025-05-16,ICICIBANK.NS,1453.300048828125,1458.699951171875,1447.0,1454.0,1430.8043212890625,6439208,0.0,0.0
2025-05-19,ICICIBANK.NS,1446.5,1459.699951171875,1443.800048828125,1449.0,1425.8841552734375,6005334,0.0,0.0
2025-05-20,ICICIBANK.NS,1450.199951171875,1459.0,1435.5,1438.199951171875,1415.25634765625,11352383,0.0,0.0
2025-05-21,ICICIBANK.NS,1442.9000244140625,1451.300048828125,1438.5,1444.699951171875,1421.6527099609375,5510460,0.0,0.0
2025-05-22,ICICIBANK.NS,1441.0999755859375,1445.300048828125,1427.800048828125,1442.0999755859375,1419.0941162109375,7245933,0.0,0.0
2025-05-23,ICICIBANK.NS,1442.199951171875,1451.800048828125,1434.4000244140625,1449.800048828125,1426.67138671875,5203706,0.0,0.0
2025-05-26,ICICIBANK.NS,1458.0,1471.5999755859375,1455.0,1460.5999755859375,1437.2989501953125,5608725,0.0,0.0
2025-05-27,ICICIBANK.NS,1452.5,1463.0,1435.699951171875,1446.4000244140625,1423.3255615234375,14842959,0.0,0.0
2025-05-28,ICICIBANK.NS,1447.5999755859375,1458.0,1442.5,1453.800048828125,1430.6075439453125,8618343,0.0,0.0
2025-05-29,ICICIBANK.NS,1456.5999755859375,1462.9000244140625,1445.0,1456.5,1433.264404296875,15545514,0.0,0.0
2025-05-30,ICICIBANK.NS,1459.9000244140625,1460.9000244140625,1444.300048828125,1445.800048828125,1422.7352294921875,11803975,0.0,0.0
2025-06-02,ICICIBANK.NS,1442.0,1460.0,1432.800048828125,1450.5,1427.3602294921875,9458990,0.0,0.0
2025-06-03,ICICIBANK.NS,1454.9000244140625,1455.0,1432.0,1437.9000244140625,1414.961181640625,11167345,0.0,0.0
2025-06-04,ICICIBANK.NS,1437.4000244140625,1440.0999755859375,1426.4000244140625,1431.0,1408.1712646484375,8025388,0.0,0.0
2025-06-05,ICICIBANK.NS,1430.9000244140625,1459.0,1427.300048828125,1454.800048828125,1431.591552734375,11385668,0.0,0.0
2025-06-06,ICICIBANK.NS,1448.5999755859375,1461.4000244140625,1442.0999755859375,1459.699951171875,1436.413330078125,11580994,0.0,0.0
2025-06-09,ICICIBANK.NS,1465.0,1466.800048828125,1433.4000244140625,1434.800048828125,1411.9107666015625,11022031,0.0,0.0
2025-06-10,ICICIBANK.NS,1439.0,1441.699951171875,1416.5,1422.9000244140625,1400.200439453125,12905272,0.0,0.0
2025-06-11,ICICIBANK.NS,1421.800048828125,1434.5,1418.5999755859375,1431.0,1408.1712646484375,7136877,0.0,0.0
2025-06-12,ICICIBANK.NS,1430.5,1436.5,1420.0,1425.199951171875,1402.4637451171875,7953247,0.0,0.0
2025-06-13,ICICIBANK.NS,1403.5999755859375,1421.5,1403.5999755859375,1416.0999755859375,1393.5089111328125,7573103,0.0,0.0
2025-06-16,ICICIBANK.NS,1416.5999755859375,1429.0,1414.199951171875,1426.9000244140625,1404.13671875,5451137,0.0,0.0
2025-06-17,ICICIBANK.NS,1426.9000244140625,1429.800048828125,1417.800048828125,1423.199951171875,1400.49560546875,6970098,0.0,0.0
2025-06-18,ICICIBANK.NS,1417.0,1432.0,1410.199951171875,1412.5999755859375,1390.064697265625,6751745,0.0,0.0
2025-06-19,ICICIBANK.NS,1408.0,1414.699951171875,1404.699951171875,1411.300048828125,1388.78564453125,8849883,0.0,0.0
2025-06-20,ICICIBANK.NS,1411.300048828125,1433.300048828125,1410.199951171875,1427.0999755859375,1404.33349609375,12408178,0.0,0.0
2025-06-23,ICICIBANK.NS,1417.0,1423.199951171875,1411.9000244140625,1420.0999755859375,1397.4451904296875,5514384,0.0,0.0
2025-06-24,ICICIBANK.NS,1427.699951171875,1435.9000244140625,1416.5,1424.0999755859375,1401.38134765625,11188438,0.0,0.0
2025-06-25,ICICIBANK.NS,1422.0,1428.9000244140625,1415.300048828125,1425.800048828125,1403.05419921875,7527388,0.0,0.0
2025-06-26,ICICIBANK.NS,1424.800048828125,1447.5,1421.699951171875,1439.0999755859375,1416.1419677734375,13617435,0.0,0.0
2025-06-27,ICICIBANK.NS,1438.9000244140625,1466.0,1437.0999755859375,1462.199951171875,1438.8734130859375,22532899,0.0,0.0
2025-06-30,ICICIBANK.NS,1461.800048828125,1461.9000244140625,1442.300048828125,1445.800048828125,1422.7352294921875,6325073,0.0,0.0
2025-07-01,ICICIBANK.NS,1445.699951171875,1447.5999755859375,1429.5999755859375,1432.0,1409.1552734375,7761449,0.0,0.0
2025-07-02,ICICIBANK.NS,1432.199951171875,1451.0,1422.5999755859375,1427.800048828125,1405.0223388671875,13372280,0.0,0.0
2025-07-03,ICICIBANK.NS,1432.0999755859375,1446.0999755859375,1423.699951171875,1425.9000244140625,1403.152587890625,10177738,0.0,0.0
2025-07-04,ICICIBANK.NS,1427.0,1444.4000244140625,1421.0999755859375,1442.800048828125,1419.7830810546875,5066503,0.0,0.0
2025-07-07,ICICIBANK.NS,1437.0,1440.9000244140625,1429.5999755859375,1435.699951171875,1412.796142578125,5177477,0.0,0.0
2025-07-08,ICICIBANK.NS,1432.0,1445.0,1430.0,1442.0,1418.9957275390625,5315847,0.0,0.0
2025-07-09,ICICIBANK.NS,1436.199951171875,1438.699951171875,1426.5999755859375,1431.9000244140625,1409.0570068359375,8827347,0.0,0.0
2025-07-10,ICICIBANK.NS,1436.800048828125,1439.0,1422.0999755859375,1424.0999755859375,1401.38134765625,7795964,0.0,0.0
2025-07-11,ICICIBANK.NS,1422.0,1428.0,1414.5999755859375,1421.9000244140625,1399.2164306640625,7158015,0.0,0.0
2025-07-14,ICICIBANK.NS,1424.9000244140625,1424.9000244140625,1416.0999755859375,1423.0,1400.2989501953125,5846154,0.0,0.0
2025-07-15,ICICIBANK.NS,1421.0999755859375,1433.800048828125,1419.0,1430.800048828125,1407.9744873046875,6041457,0.0,0.0
2025-07-16,ICICIBANK.NS,1426.0,1429.199951171875,1419.0999755859375,1426.4000244140625,1403.6446533203125,5649093,0.0,0.0
2025-07-17,ICICIBANK.NS,1421.0,1423.199951171875,1409.5,1418.699951171875,1396.0675048828125,12927394,0.0,0.0
2025-07-18,ICICIBANK.NS,1415.800048828125,1429.0,1408.5,1425.800048828125,1403.05419921875,11297246,0.0,0.0
2025-07-21,ICICIBANK.NS,1448.0,1467.699951171875,1437.0,1465.800048828125,1442.4161376953125,13867136,0.0,0.0
2025-07-22,ICICIBANK.NS,1474.0999755859375,1482.0,1469.699951171875,1473.5999755859375,1450.0916748046875,8930165,0.0,0.0
2025-07-23,ICICIBANK.NS,1482.9000244140625,1490.0,1472.5999755859375,1488.5999755859375,1464.852294921875,11974174,0.0,0.0
2025-07-24,ICICIBANK.NS,1487.699951171875,1488.699951171875,1478.0999755859375,1483.4000244140625,1459.7353515625,6700578,0.0,0.0
2025-07-25,ICICIBANK.NS,1500.0,1500.0,1473.5999755859375,1477.0999755859375,1453.5357666015625,8696077,0.0,0.0
2025-07-28,ICICIBANK.NS,1477.0999755859375,1493.800048828125,1477.0999755859375,1488.4000244140625,1464.6556396484375,7507479,0.0,0.0
2025-07-29,ICICIBANK.NS,1479.9000244140625,1489.800048828125,1475.4000244140625,1486.199951171875,1462.4906005859375,9776027,0.0,0.0
2025-07-30,ICICIBANK.NS,1487.699951171875,1488.5,1477.300048828125,1482.4000244140625,1458.7513427734375,7238625,0.0,0.0
2025-07-31,ICICIBANK.NS,1469.9000244140625,1494.5,1464.0,1481.4000244140625,1457.767333984375,12406146,0.0,0.0
2025-08-01,ICICIBANK.NS,1480.4000244140625,1485.0999755859375,1469.800048828125,1471.5999755859375,1448.12353515625,4416771,0.0,0.0
2025-08-04,ICICIBANK.NS,1476.800048828125,1478.800048828125,1461.300048828125,1463.199951171875,1439.8575439453125,6140054,0.0,0.0
2025-08-05,ICICIBANK.NS,1453.0,1461.5,1441.0,1444.4000244140625,1421.357421875,14799343,0.0,0.0
2025-08-06,ICICIBANK.NS,1442.300048828125,1454.0,1441.5999755859375,1443.5999755859375,1420.5703125,7805252,0.0,0.0
2025-08-07,ICICIBANK.NS,1441.0999755859375,1447.9000244140625,1429.0999755859375,1440.300048828125,1417.322998046875,7432535,0.0,0.0
2025-08-08,ICICIBANK.NS,1445.9000244140625,1447.5999755859375,1432.0,1435.9000244140625,1412.9931640625,5415511,0.0,0.0
2025-08-11,ICICIBANK.NS,1427.9000244140625,1438.4000244140625,1420.4000244140625,1436.5999755859375,1413.681884765625,8492484,0.0,0.0
2025-08-12,ICICIBANK.NS,1431.0,1433.800048828125,1420.0999755859375,1422.0,1410.112060546875,5913947,11.0,0.0
2025-08-13,ICICIBANK.NS,1424.5999755859375,1427.699951171875,1415.199951171875,1420.800048828125,1408.922119140625,9009465,0.0,0.0
2025-08-14,ICICIBANK.NS,1412.0,1431.0999755859375,1412.0,1427.300048828125,1415.3677978515625,7577793,0.0,0.0
2025-08-18,ICICIBANK.NS,1450.0,1452.4000244140625,1431.0,1434.5999755859375,1422.606689453125,6908844,0.0,0.0
2025-08-19,ICICIBANK.NS,1431.0999755859375,1438.5,1426.300048828125,1436.300048828125,1424.29248046875,6709554,0.0,0.0
2025-08-20,ICICIBANK.NS,1432.5999755859375,1435.9000244140625,1423.0,1430.5999755859375,1418.64013671875,5817858,0.0,0.0
2025-08-21,ICICIBANK.NS,1440.0999755859375,1447.800048828125,1436.4000244140625,1446.0,1433.911376953125,6238645,0.0,0.0
2025-08-22,ICICIBANK.NS,1444.300048828125,1446.0,1429.4000244140625,1436.4000244140625,1424.3917236328125,6657207,0.0,0.0
2025-08-25,ICICIBANK.NS,1435.9000244140625,1435.9000244140625,1424.0,1433.199951171875,1421.2183837890625,6738427,0.0,0.0
2025-08-26,ICICIBANK.NS,1427.9000244140625,1427.9000244140625,1413.0999755859375,1416.5999755859375,1404.7572021484375,8720155,0.0,0.0
2025-08-28,ICICIBANK.NS,1408.0,1411.800048828125,1396.300048828125,1399.0999755859375,1387.4034423828125,12990789,0.0,0.0
2025-08-29,ICICIBANK.NS,1392.0999755859375,1405.0,1392.0999755859375,1397.800048828125,1386.1143798828125,8519507,0.0,0.0
2025-09-01,ICICIBANK.NS,1398.0999755859375,1412.4000244140625,1398.0999755859375,1411.0,1399.2039794921875,4927348,0.0,0.0
2025-09-02,ICICIBANK.NS,1413.9000244140625,1413.9000244140625,1390.0,1394.199951171875,1382.54443359375,7163073,0.0,0.0
2025-09-03,ICICIBANK.NS,1389.0,1400.0,1384.199951171875,1397.0,1385.321044921875,9813382,0.0,0.0
2025-09-04,ICICIBANK.NS,1409.9000244140625,1415.0999755859375,1401.9000244140625,1405.5,1393.75,10564859,0.0,0.0
2025-09-05,ICICIBANK.NS,1411.0,1411.5,1387.699951171875,1402.800048828125,1391.0726318359375,6621077,0.0,0.0
2025-09-08,ICICIBANK.NS,1402.199951171875,1410.5999755859375,1397.5999755859375,1402.699951171875,1390.973388671875,5880943,0.0,0.0
2025-09-09,ICICIBANK.NS,1399.0,1407.5,1395.199951171875,1403.699951171875,1391.9649658203125,6470679,0.0,0.0
2025-09-10,ICICIBANK.NS,1410.0,1413.699951171875,1402.0999755859375,1403.9000244140625,1392.163330078125,7452347,0.0,0.0
2025-09-11,ICICIBANK.NS,1398.0,1408.0,1396.0,1401.5999755859375,1389.882568359375,10192026,0.0,0.0
2025-09-12,ICICIBANK.NS,1405.0999755859375,1419.699951171875,1400.0999755859375,1417.699951171875,1405.847900390625,7770038,0.0,0.0
2025-09-15,ICICIBANK.NS,1422.0,1426.800048828125,1416.300048828125,1419.4000244140625,1407.5338134765625,5845637,0.0,0.0
2025-09-16,ICICIBANK.NS,1414.0,1424.9000244140625,1413.699951171875,1421.5999755859375,1409.71533203125,8213151,0.0,0.0
2025-09-17,ICICIBANK.NS,1420.0999755859375,1426.0999755859375,1416.4000244140625,1419.199951171875,1407.33544921875,7484283,0.0,0.0
2025-09-18,ICICIBANK.NS,1431.0999755859375,1432.800048828125,1415.300048828125,1421.699951171875,1409.814453125,8130537,0.0,0.0
2025-09-19,ICICIBANK.NS,1416.0999755859375,1418.0,1400.199951171875,1402.199951171875,1390.4775390625,13457344,0.0,0.0
2025-09-22,ICICIBANK.NS,1403.9000244140625,1409.9000244140625,1397.199951171875,1401.5,1389.783447265625,8847948,0.0,0.0
2025-09-23,ICICIBANK.NS,1391.0,1403.300048828125,1391.0,1394.300048828125,1382.6436767578125,12827524,0.0,0.0
2025-09-24,ICICIBANK.NS,1386.4000244140625,1390.9000244140625,1376.5,1382.699951171875,1371.1405029296875,9735678,0.0,0.0
2025-09-25,ICICIBANK.NS,1377.0,1391.5,1371.800048828125,1375.800048828125,1364.29833984375,21613389,0.0,0.0
2025-09-26,ICICIBANK.NS,1368.0,1372.699951171875,1357.0,1359.5999755859375,1348.233642578125,18342280,0.0,0.0
2025-09-29,ICICIBANK.NS,1359.5999755859375,1366.5,1346.199951171875,1348.0999755859375,1336.829833984375,20563163,0.0,0.0
2025-09-30,ICICIBANK.NS,1353.699951171875,1356.5999755859375,1342.5999755859375,1348.0,1336.730712890625,20166871,0.0,0.0
2025-10-01,ICICIBANK.NS,1348.0,1379.4000244140625,1347.0999755859375,1372.0,1360.530029296875,20952632,0.0,0.0
2025-10-03,ICICIBANK.NS,1371.9000244140625,1371.9000244140625,1361.300048828125,1365.199951171875,1353.786865234375,12163695,0.0,0.0
2025-10-06,ICICIBANK.NS,1371.0,1372.5999755859375,1359.0999755859375,1363.4000244140625,1352.001953125,14314283,0.0,0.0
2025-10-07,ICICIBANK.NS,1363.5999755859375,1383.0999755859375,1363.5999755859375,1375.9000244140625,1364.3974609375,16126464,0.0,0.0
2025-10-08,ICICIBANK.NS,1372.300048828125,1381.5999755859375,1364.300048828125,1370.300048828125,1358.8443603515625,8100832,0.0,0.0
2025-10-09,ICICIBANK.NS,1369.800048828125,1378.699951171875,1365.0999755859375,1376.199951171875,1364.69482421875,7909575,0.0,0.0
2025-10-10,ICICIBANK.NS,1370.300048828125,1385.0,1370.300048828125,1380.300048828125,1368.7607421875,7673816,0.0,0.0
2025-10-13,ICICIBANK.NS,1373.0999755859375,1386.4000244140625,1373.0999755859375,1379.4000244140625,1367.8681640625,8923018,0.0,0.0
2025-10-14,ICICIBANK.NS,1389.0,1389.0,1375.0999755859375,1384.0999755859375,1372.52880859375,10610855,0.0,0.0
2025-10-15,ICICIBANK.NS,1386.5,1400.4000244140625,1385.5,1398.4000244140625,1386.7093505859375,8988550,0.0,0.0
2025-10-16,ICICIBANK.NS,1401.0,1418.9000244140625,1399.4000244140625,1417.300048828125,1405.451416015625,12185032,0.0,0.0
2025-10-17,ICICIBANK.NS,1412.0,1439.5999755859375,1410.9000244140625,1436.5999755859375,1424.5899658203125,17037215,0.0,0.0
2025-10-20,ICICIBANK.NS,1442.0,1445.0,1389.199951171875,1390.300048828125,1378.6771240234375,23330227,0.0,0.0
2025-10-21,ICICIBANK.NS,1384.5,1387.5999755859375,1375.9000244140625,1382.0,1370.4464111328125,3415560,0.0,0.0
2025-10-23,ICICIBANK.NS,1385.0,1389.800048828125,1360.0999755859375,1363.699951171875,1352.2994384765625,21124942,0.0,0.0
2025-10-24,ICICIBANK.NS,1368.0999755859375,1381.5999755859375,1368.0999755859375,1377.699951171875,1366.182373046875,10570263,0.0,0.0
2025-10-27,ICICIBANK.NS,1382.0999755859375,1386.800048828125,1374.0,1377.5999755859375,1366.083251953125,11499836,0.0,0.0
2025-10-28,ICICIBANK.NS,1373.0,1375.800048828125,1356.199951171875,1363.0999755859375,1351.7044677734375,26477914,0.0,0.0
2025-10-29,ICICIBANK.NS,1364.5999755859375,1371.699951171875,1358.4000244140625,1370.4000244140625,1358.9434814453125,16129382,0.0,0.0
2025-10-30,ICICIBANK.NS,1362.4000244140625,1370.199951171875,1361.300048828125,1362.4000244140625,1351.0103759765625,9324401,0.0,0.0
2025-10-31,ICICIBANK.NS,1357.0,1362.0,1343.300048828125,1345.300048828125,1334.0533447265625,15926798,0.0,0.0
2025-11-03,ICICIBANK.NS,1340.5,1351.5999755859375,1337.9000244140625,1346.4000244140625,1335.14404296875,11071450,0.0,0.0
2025-11-04,ICICIBANK.NS,1342.5999755859375,1349.800048828125,1333.199951171875,1336.9000244140625,1325.7235107421875,15211183,0.0,0.0
2025-11-06,ICICIBANK.NS,1330.0,1342.199951171875,1317.4000244140625,1320.4000244140625,1309.3614501953125,24221853,0.0,0.0
2025-11-07,ICICIBANK.NS,1320.4000244140625,1344.300048828125,1318.5999755859375,1343.0,1331.7724609375,7719245,0.0,0.0
2025-11-10,ICICIBANK.NS,1342.9000244140625,1349.5999755859375,1341.0,1348.0,1336.730712890625,8542340,0.0,0.0
2025-11-11,ICICIBANK.NS,1349.0,1360.4000244140625,1346.199951171875,1358.300048828125,1346.944580078125,8305184,0.0,0.0
2025-11-12,ICICIBANK.NS,1370.0,1370.0,1355.4000244140625,1358.9000244140625,1347.53955078125,9736761,0.0,0.0
2025-11-13,ICICIBANK.NS,1358.9000244140625,1390.4000244140625,1358.5,1385.9000244140625,1374.3138427734375,18296626,0.0,0.0
2025-11-14,ICICIBANK.NS,1374.0,1381.199951171875,1363.199951171875,1373.0,1361.521728515625,9694498,0.0,0.0
2025-11-17,ICICIBANK.NS,1375.0999755859375,1382.5,1373.5999755859375,1379.0,1367.4715576171875,7660717,0.0,0.0
2025-11-18,ICICIBANK.NS,1380.199951171875,1382.800048828125,1369.0999755859375,1373.4000244140625,1361.9183349609375,9529560,0.0,0.0
2025-11-19,ICICIBANK.NS,1373.5,1384.0,1371.5999755859375,1383.0999755859375,1371.5372314453125,10393918,0.0,0.0
2025-11-20,ICICIBANK.NS,1380.0999755859375,1388.300048828125,1375.4000244140625,1383.0,1371.4381103515625,10131863,0.0,0.0
2025-11-21,ICICIBANK.NS,1373.0,1376.0,1364.5999755859375,1369.5,1358.0509033203125,11483595,0.0,0.0
2025-11-24,ICICIBANK.NS,1373.300048828125,1377.0,1361.5,1368.4000244140625,1356.960205078125,15896003,0.0,0.0
2025-11-25,ICICIBANK.NS,1365.0,1376.9000244140625,1354.300048828125,1357.800048828125,1346.4488525390625,12235000,0.0,0.0
2025-11-26,ICICIBANK.NS,1360.0,1377.0,1359.9000244140625,1375.0,1363.5050048828125,9659004,0.0,0.0
2025-11-27,ICICIBANK.NS,1379.0,1394.0,1375.699951171875,1392.199951171875,1380.5611572265625,15158741,0.0,0.0
2025-11-28,ICICIBANK.NS,1392.0,1398.5,1385.5999755859375,1388.800048828125,1377.189697265625,7683986,0.0,0.0
2025-12-01,ICICIBANK.NS,1394.0,1400.0,1385.4000244140625,1390.0999755859375,1378.478759765625,8867593,0.0,0.0
2025-12-02,ICICIBANK.NS,1381.800048828125,1381.800048828125,1370.5999755859375,1373.0,1361.521728515625,12126396,0.0,0.0
2025-12-03,ICICIBANK.NS,1367.0,1394.199951171875,1367.0,1391.5,1379.8670654296875,7955933,0.0,0.0
2025-12-04,ICICIBANK.NS,1387.0,1391.5999755859375,1379.9000244140625,1386.699951171875,1375.1070556640625,7373909,0.0,0.0
2025-12-05,ICICIBANK.NS,1381.0,1395.300048828125,1381.0,1392.5,1380.858642578125,4942638,0.0,0.0
2025-12-08,ICICIBANK.NS,1387.0,1394.9000244140625,1383.300048828125,1389.5999755859375,1377.98291015625,7826227,0.0,0.0
2025-12-09,ICICIBANK.NS,1379.9000244140625,1384.300048828125,1373.4000244140625,1375.199951171875,1363.7032470703125,10492030,0.0,0.0
2025-12-10,ICICIBANK.NS,1377.9000244140625,1379.4000244140625,1357.9000244140625,1363.5999755859375,1352.2001953125,8725381,0.0,0.0
2025-12-11,ICICIBANK.NS,1363.699951171875,1366.5999755859375,1352.800048828125,1360.0,1348.63037109375,6734750,0.0,0.0
2025-12-12,ICICIBANK.NS,1368.0,1370.699951171875,1363.300048828125,1366.0,1354.5802001953125,3890885,0.0,0.0
2025-12-15,ICICIBANK.NS,1356.0999755859375,1370.0,1356.0999755859375,1365.199951171875,1353.786865234375,5342530,0.0,0.0
2025-12-16,ICICIBANK.NS,1364.0,1368.699951171875,1355.5,1366.0,1354.5802001953125,12359741,0.0,0.0
2025-12-17,ICICIBANK.NS,1365.0,1365.0,1343.0999755859375,1352.4000244140625,1341.0938720703125,9440391,0.0,0.0
2025-12-18,ICICIBANK.NS,1346.300048828125,1369.5,1345.5,1356.800048828125,1345.4571533203125,7314573,0.0,0.0
2025-12-19,ICICIBANK.NS,1354.0,1360.4000244140625,1350.800048828125,1354.0999755859375,1342.7796630859375,14318512,0.0,0.0
2025-12-22,ICICIBANK.NS,1358.0,1371.300048828125,1354.800048828125,1368.5,1357.059326171875,9375294,0.0,0.0
2025-12-23,ICICIBANK.NS,1361.0999755859375,1365.0,1357.0,1363.0,1351.605224609375,9105467,0.0,0.0
2025-12-24,ICICIBANK.NS,1363.800048828125,1368.199951171875,1357.5999755859375,1359.800048828125,1348.43212890625,8955140,0.0,0.0
2025-12-26,ICICIBANK.NS,1356.5,1362.0,1348.5,1350.4000244140625,1339.110595703125,2812144,0.0,0.0
2025-12-29,ICICIBANK.NS,1352.0999755859375,1355.699951171875,1341.5,1343.300048828125,1332.070068359375,6057201,0.0,0.0
2025-12-30,ICICIBANK.NS,1343.300048828125,1347.0999755859375,1338.0999755859375,1342.5,1331.276611328125,18621277,0.0,0.0
2025-12-31,ICICIBANK.NS,1342.800048828125,1350.0,1339.5,1342.9000244140625,1331.67333984375,6150634,0.0,0.0
2026-01-01,ICICIBANK.NS,1343.9000244140625,1348.4000244140625,1336.0,1338.0,1326.8143310546875,4179311,0.0,0.0
2026-01-02,ICICIBANK.NS,1338.0,1356.9000244140625,1336.300048828125,1355.4000244140625,1344.06884765625,8226205,0.0,0.0
2026-01-05,ICICIBANK.NS,1354.199951171875,1375.5,1352.5999755859375,1371.5,1360.0341796875,6920565,0.0,0.0
2026-01-06,ICICIBANK.NS,1372.0,1413.5999755859375,1366.0,1411.199951171875,1399.4022216796875,17260416,0.0,0.0
2026-01-07,ICICIBANK.NS,1408.0,1429.9000244140625,1404.199951171875,1427.699951171875,1415.7642822265625,15813795,0.0,0.0
2026-01-08,ICICIBANK.NS,1429.0,1442.199951171875,1423.300048828125,1435.0,1423.00341796875,14861699,0.0,0.0
2026-01-09,ICICIBANK.NS,1427.0999755859375,1429.5,1401.5,1404.300048828125,1392.56005859375,12555636,0.0,0.0
2026-01-12,ICICIBANK.NS,1399.9000244140625,1424.300048828125,1391.699951171875,1413.0999755859375,1401.286376953125,10923811,0.0,0.0
2026-01-13,ICICIBANK.NS,1420.0,1441.800048828125,1411.0999755859375,1437.0,1424.9866943359375,14295581,0.0,0.0
2026-01-14,ICICIBANK.NS,1425.5999755859375,1443.9000244140625,1414.9000244140625,1418.4000244140625,1406.5421142578125,13832255,0.0,0.0
2026-01-16,ICICIBANK.NS,1417.9000244140625,1429.0,1400.199951171875,1410.800048828125,1399.0057373046875,12530886,0.0,0.0
2026-01-19,ICICIBANK.NS,1399.9000244140625,1400.0,1360.0,1380.5999755859375,1369.05810546875,23302883,0.0,0.0
2026-01-20,ICICIBANK.NS,1374.699951171875,1387.800048828125,1371.5,1375.800048828125,1364.29833984375,15012785,0.0,0.0
2026-01-21,ICICIBANK.NS,1367.5,1371.5,1339.5,1349.0,1337.7222900390625,21766068,0.0,0.0
2026-01-22,ICICIBANK.NS,1355.0999755859375,1358.0,1338.0,1345.5,1334.2515869140625,17179765,0.0,0.0
2026-01-23,ICICIBANK.NS,1340.5,1355.199951171875,1335.699951171875,1343.4000244140625,1332.169189453125,14056524,0.0,0.0
2026-01-27,ICICIBANK.NS,1340.0,1369.0999755859375,1328.5999755859375,1361.4000244140625,1350.0186767578125,25263634,0.0,0.0
2026-01-28,ICICIBANK.NS,1362.5999755859375,1380.4000244140625,1362.5999755859375,1367.699951171875,1356.2659912109375,13242696,0.0,0.0
2026-01-29,ICICIBANK.NS,1359.0,1387.699951171875,1354.4000244140625,1383.5999755859375,1372.0330810546875,23118234,0.0,0.0
2026-01-30,ICICIBANK.NS,1368.199951171875,1381.9000244140625,1353.199951171875,1355.0,1343.672119140625,24013717,0.0,0.0
2026-02-02,ICICIBANK.NS,1329.9000244140625,1354.4000244140625,1329.0999755859375,1352.800048828125,1341.4906005859375,12800245,0.0,0.0
2026-02-03,ICICIBANK.NS,1412.0,1417.0,1373.4000244140625,1389.699951171875,1378.08203125,24896698,0.0,0.0
2026-02-04,ICICIBANK.NS,1387.0,1414.0,1386.9000244140625,1408.4000244140625,1396.625732421875,11080683,0.0,0.0
2026-02-05,ICICIBANK.NS,1414.0,1414.0,1393.199951171875,1396.5,1384.8251953125,8982761,0.0,0.0
2026-02-06,ICICIBANK.NS,1396.699951171875,1410.5,1394.699951171875,1406.0999755859375,1394.344970703125,10851190,0.0,0.0
2026-02-09,ICICIBANK.NS,1413.5,1414.0,1388.800048828125,1396.300048828125,1384.626953125,7889742,0.0,0.0
2026-02-10,ICICIBANK.NS,1401.0,1409.5,1395.5,1406.5,1394.7415771484375,16497628,0.0,0.0
2026-02-11,ICICIBANK.NS,1407.4000244140625,1413.0,1400.4000244140625,1406.0999755859375,1394.344970703125,8551341,0.0,0.0
2026-02-12,ICICIBANK.NS,1406.0999755859375,1433.0,1405.300048828125,1430.0,1418.045166015625,19646265,0.0,0.0
2026-02-13,ICICIBANK.NS,1425.300048828125,1434.4000244140625,1410.699951171875,1414.5999755859375,1402.77392578125,12228083,0.0,0.0
2026-02-16,ICICIBANK.NS,1404.0,1414.0,1400.5,1411.5999755859375,1399.7989501953125,5000042,0.0,0.0
2026-02-17,ICICIBANK.NS,1406.199951171875,1413.5999755859375,1393.5999755859375,1407.5,1395.7332763671875,11756187,0.0,0.0
2026-02-18,ICICIBANK.NS,1410.0999755859375,1412.300048828125,1398.9000244140625,1408.199951171875,1396.4273681640625,4758071,0.0,0.0
2026-02-19,ICICIBANK.NS,1408.5,1412.300048828125,1384.800048828125,1388.800048828125,1377.189697265625,14323091,0.0,0.0
2026-02-20,ICICIBANK.NS,1388.5,1403.699951171875,1384.0,1394.5,1382.8419189453125,10337877,0.0,0.0
2026-02-23,ICICIBANK.NS,1400.0,1408.300048828125,1395.300048828125,1399.4000244140625,1387.7010498046875,10728445,0.0,0.0
2026-02-24,ICICIBANK.NS,1400.9000244140625,1400.9000244140625,1382.300048828125,1384.800048828125,1373.2230224609375,18274784,0.0,0.0
2026-02-25,ICICIBANK.NS,1391.800048828125,1407.4000244140625,1388.199951171875,1400.5,1388.791748046875,16297015,0.0,0.0
2026-02-26,ICICIBANK.NS,1405.0999755859375,1410.0,1392.0999755859375,1404.9000244140625,1393.155029296875,27288792,0.0,0.0
2026-02-27,ICICIBANK.NS,1400.0,1402.199951171875,1376.699951171875,1378.9000244140625,1367.3724365234375,15096898,0.0,0.0
2026-03-02,ICICIBANK.NS,1355.0,1379.199951171875,1355.0,1374.0,1362.5133056640625,16928683,0.0,0.0
2026-03-04,ICICIBANK.NS,1326.0,1376.0,1326.0,1365.4000244140625,1353.9852294921875,20009132,0.0,0.0
2026-03-05,ICICIBANK.NS,1368.9000244140625,1370.800048828125,1347.5999755859375,1357.5999755859375,1346.2503662109375,17590491,0.0,0.0
2026-03-06,ICICIBANK.NS,1339.0,1357.5999755859375,1310.4000244140625,1313.4000244140625,1302.419921875,22778852,0.0,0.0
2026-03-09,ICICIBANK.NS,1272.699951171875,1282.699951171875,1251.0999755859375,1278.4000244140625,1267.7125244140625,16116652,0.0,0.0
2026-03-10,ICICIBANK.NS,1287.5999755859375,1315.0,1285.5999755859375,1311.9000244140625,1300.9324951171875,19136143,0.0,0.0
2026-03-11,ICICIBANK.NS,1300.0,1306.5,1290.9000244140625,1294.5999755859375,1283.777099609375,13224259,0.0,0.0
2026-03-12,ICICIBANK.NS,1275.699951171875,1280.5,1258.300048828125,1266.5,1255.9119873046875,19676187,0.0,0.0
2026-03-13,ICICIBANK.NS,1251.9000244140625,1262.300048828125,1248.699951171875,1254.800048828125,1244.3099365234375,17344394,0.0,0.0
2026-03-16,ICICIBANK.NS,1255.0,1276.800048828125,1240.0999755859375,1272.9000244140625,1262.258544921875,22740688,0.0,0.0
2026-03-17,ICICIBANK.NS,1278.9000244140625,1294.4000244140625,1273.0,1288.699951171875,1277.9263916015625,22303102,0.0,0.0
2026-03-18,ICICIBANK.NS,1286.0,1297.0999755859375,1270.800048828125,1289.300048828125,1278.521484375,12961135,0.0,0.0
2026-03-19,ICICIBANK.NS,1267.5999755859375,1285.9000244140625,1243.699951171875,1250.0999755859375,1239.6490478515625,14422899,0.0,0.0
2026-03-20,ICICIBANK.NS,1258.4000244140625,1274.0,1241.699951171875,1245.4000244140625,1234.9884033203125,16421006,0.0,0.0
2026-03-23,ICICIBANK.NS,1226.5999755859375,1234.9000244140625,1218.0999755859375,1222.699951171875,1212.4781494140625,17049534,0.0,0.0
2026-03-24,ICICIBANK.NS,1237.0999755859375,1253.9000244140625,1223.699951171875,1251.199951171875,1240.7398681640625,20617782,0.0,0.0
2026-03-25,ICICIBANK.NS,1258.9000244140625,1272.9000244140625,1254.4000244140625,1259.699951171875,1249.1688232421875,17290030,0.0,0.0
2026-03-27,ICICIBANK.NS,1256.0,1260.9000244140625,1230.0999755859375,1233.800048828125,1223.4854736328125,23630905,0.0,0.0
2026-03-30,ICICIBANK.NS,1216.5,1222.5999755859375,1200.4000244140625,1205.9000244140625,1195.8187255859375,23952775,0.0,0.0
2026-04-01,ICICIBANK.NS,1228.0999755859375,1234.0,1210.0,1212.699951171875,1202.561767578125,25472333,0.0,0.0
2026-04-02,ICICIBANK.NS,1196.0,1222.0999755859375,1187.5999755859375,1215.800048828125,1205.635986328125,20851722,0.0,0.0
2026-04-06,ICICIBANK.NS,1213.0,1234.4000244140625,1200.5,1231.4000244140625,1221.10546875,10058414,0.0,0.0
2026-04-07,ICICIBANK.NS,1229.0,1250.4000244140625,1216.5999755859375,1245.5,1235.0875244140625,25600557,0.0,0.0
2026-04-08,ICICIBANK.NS,1310.0,1333.5,1292.4000244140625,1309.199951171875,1298.2550048828125,25148651,0.0,0.0
2026-04-09,ICICIBANK.NS,1299.9000244140625,1308.0,1275.9000244140625,1281.300048828125,1270.58837890625,22923062,0.0,0.0
2026-04-10,ICICIBANK.NS,1289.0,1324.0,1288.5,1321.9000244140625,1310.848876953125,18174755,0.0,0.0
2026-04-13,ICICIBANK.NS,1304.9000244140625,1357.0,1296.699951171875,1351.0999755859375,1339.8046875,30572141,0.0,0.0
2026-04-15,ICICIBANK.NS,1358.0,1364.800048828125,1338.0,1348.0999755859375,1336.829833984375,23827473,0.0,0.0
2026-04-16,ICICIBANK.NS,1352.0,1366.9000244140625,1340.199951171875,1345.5,1334.2515869140625,24017236,0.0,0.0
2026-04-17,ICICIBANK.NS,1347.0,1352.9000244140625,1334.0,1346.800048828125,1335.540771484375,18151993,0.0,0.0
2026-04-20,ICICIBANK.NS,1364.699951171875,1376.4000244140625,1353.0,1356.199951171875,1344.862060546875,21551520,0.0,0.0
2026-04-21,ICICIBANK.NS,1368.0,1393.0999755859375,1360.0,1388.4000244140625,1376.79296875,23312455,0.0,0.0
2026-04-22,ICICIBANK.NS,1380.0,1380.0999755859375,1365.0,1367.5999755859375,1356.166748046875,13613487,0.0,0.0
2026-04-23,ICICIBANK.NS,1348.4000244140625,1354.0,1343.5,1348.0,1336.730712890625,20111792,0.0,0.0
2026-04-24,ICICIBANK.NS,1336.300048828125,1348.800048828125,1324.0,1326.199951171875,1315.1129150390625,14056743,0.0,0.0
2026-04-27,ICICIBANK.NS,1327.9000244140625,1335.9000244140625,1310.9000244140625,1314.0999755859375,1303.114013671875,15385625,0.0,0.0
2026-04-28,ICICIBANK.NS,1314.300048828125,1317.699951171875,1286.699951171875,1292.0,1281.1988525390625,16774778,0.0,0.0
2026-04-29,ICICIBANK.NS,1294.699951171875,1296.800048828125,1276.199951171875,1281.0,1270.290771484375,11716030,0.0,0.0
2026-04-30,ICICIBANK.NS,1261.0,1272.199951171875,1259.0,1263.4000244140625,1252.8380126953125,17740110,0.0,0.0
2026-05-04,ICICIBANK.NS,1264.300048828125,1282.199951171875,1264.300048828125,1270.800048828125,1260.1761474609375,14597051,0.0,0.0
2026-05-05,ICICIBANK.NS,1264.0,1266.699951171875,1245.5,1251.300048828125,1240.839111328125,24447935,0.0,0.0
2026-05-06,ICICIBANK.NS,1262.0,1282.800048828125,1252.0999755859375,1279.5,1268.8033447265625,22909586,0.0,0.0
2026-05-07,ICICIBANK.NS,1284.699951171875,1294.0,1273.199951171875,1279.0,1268.3074951171875,25028552,0.0,0.0
2026-05-08,ICICIBANK.NS,1279.5999755859375,1279.5999755859375,1261.199951171875,1264.800048828125,1254.226318359375,11137424,0.0,0.0
2026-05-11,ICICIBANK.NS,1259.4000244140625,1275.699951171875,1252.0,1266.4000244140625,1255.8128662109375,18980488,0.0,0.0
2026-05-12,ICICIBANK.NS,1256.0,1259.9000244140625,1236.300048828125,1240.300048828125,1229.93115234375,21110708,0.0,0.0
2026-05-13,ICICIBANK.NS,1238.300048828125,1249.199951171875,1227.199951171875,1235.5999755859375,1225.2703857421875,19490295,0.0,0.0
2026-05-14,ICICIBANK.NS,1239.0999755859375,1256.699951171875,1236.0,1246.0,1235.5833740234375,16535600,0.0,0.0
2026-05-15,ICICIBANK.NS,1246.5999755859375,1258.0,1242.0,1244.5,1234.095947265625,11745614,0.0,0.0
2026-05-18,ICICIBANK.NS,1235.5,1253.699951171875,1232.0,1251.0999755859375,1240.6407470703125,13918850,0.0,0.0
2026-05-19,ICICIBANK.NS,1251.0999755859375,1256.300048828125,1229.800048828125,1240.800048828125,1230.4268798828125,38929053,0.0,0.0
2026-05-20,ICICIBANK.NS,1230.0,1239.699951171875,1223.300048828125,1237.300048828125,1226.9561767578125,14953103,0.0,0.0
2026-05-21,ICICIBANK.NS,1245.300048828125,1248.300048828125,1234.4000244140625,1242.800048828125,1232.41015625,14394386,0.0,0.0
2026-05-22,ICICIBANK.NS,1242.0,1270.800048828125,1242.0,1264.300048828125,1253.73046875,11601085,0.0,0.0
2026-05-25,ICICIBANK.NS,1271.0,1293.5,1270.9000244140625,1291.800048828125,1281.0006103515625,13853923,0.0,0.0
2026-05-26,ICICIBANK.NS,1290.0,1301.800048828125,1276.199951171875,1279.0999755859375,1268.4066162109375,18400405,0.0,0.0
2026-05-27,ICICIBANK.NS,1286.0,1293.4000244140625,1266.699951171875,1272.699951171875,1262.0601806640625,18366272,0.0,0.0
2026-05-29,ICICIBANK.NS,1275.0999755859375,1287.800048828125,1247.9000244140625,1256.4000244140625,1245.896484375,31007884,0.0,0.0
2026-06-01,ICICIBANK.NS,1257.0999755859375,1261.9000244140625,1235.9000244140625,1239.699951171875,1229.3360595703125,9911975,0.0,0.0
2026-06-02,ICICIBANK.NS,1233.0,1237.699951171875,1220.699951171875,1226.5999755859375,1216.3455810546875,17920892,0.0,0.0
2026-06-03,ICICIBANK.NS,1219.9000244140625,1248.300048828125,1213.699951171875,1242.0,1231.6168212890625,13934754,0.0,0.0
2026-06-04,ICICIBANK.NS,1232.199951171875,1262.300048828125,1232.199951171875,1251.699951171875,1241.2357177734375,19461560,0.0,0.0
2026-06-05,ICICIBANK.NS,1257.0,1265.0,1250.0,1262.0999755859375,1251.548828125,10166393,0.0,0.0
2026-06-08,ICICIBANK.NS,1246.4000244140625,1254.0,1243.0999755859375,1250.199951171875,1239.748291015625,10714196,0.0,0.0
2026-06-09,ICICIBANK.NS,1255.0,1279.9000244140625,1252.699951171875,1275.0,1264.3409423828125,22368579,0.0,0.0
2026-06-10,ICICIBANK.NS,1271.300048828125,1306.0,1271.300048828125,1293.300048828125,1282.488037109375,25951584,0.0,0.0
2026-06-11,ICICIBANK.NS,1286.5,1333.0,1286.5,1317.0,1305.9898681640625,35919374,0.0,0.0
2026-06-12,ICICIBANK.NS,1330.0,1344.300048828125,1318.699951171875,1340.800048828125,1329.5909423828125,18339846,0.0,0.0
2026-06-15,ICICIBANK.NS,1354.5999755859375,1362.699951171875,1325.300048828125,1327.5999755859375,1316.501220703125,16172921,0.0,0.0
2026-06-16,ICICIBANK.NS,1331.9000244140625,1337.300048828125,1326.300048828125,1334.300048828125,1323.145263671875,13069159,0.0,0.0
2026-06-17,ICICIBANK.NS,1342.0,1346.0,1333.4000244140625,1336.800048828125,1325.6243896484375,8026424,0.0,0.0
2026-06-18,ICICIBANK.NS,1333.5999755859375,1346.9000244140625,1331.4000244140625,1342.300048828125,1331.078369140625,13467985,0.0,0.0
2026-06-19,ICICIBANK.NS,1340.5,1352.300048828125,1332.0,1346.5,1335.2431640625,9057322,0.0,0.0
2026-06-22,ICICIBANK.NS,1353.0,1362.699951171875,1348.4000244140625,1352.4000244140625,1341.0938720703125,4814845,0.0,0.0
2026-06-23,ICICIBANK.NS,1358.0,1369.0999755859375,1331.5,1338.300048828125,1327.11181640625,11884879,0.0,0.0
2026-06-24,ICICIBANK.NS,1340.5999755859375,1377.5999755859375,1340.5999755859375,1373.5999755859375,1362.11669921875,16440708,0.0,0.0
2026-06-25,ICICIBANK.NS,1381.9000244140625,1404.0,1380.0999755859375,1387.5,1375.9005126953125,17173209,0.0,0.0
2026-06-29,ICICIBANK.NS,1390.0,1402.0,1383.199951171875,1387.5999755859375,1375.9996337890625,13249405,0.0,0.0
2026-06-30,ICICIBANK.NS,1402.0,1402.0,1366.0999755859375,1375.199951171875,1363.7032470703125,18398057,0.0,0.0
