Date,Ticker,Open,High,Low,Close,Adj Close,Volume,Dividends,Stock Splits
2016-01-04,NTPC.NS,119.375,122.5,119.04166412353516,119.41666412353516,80.88277435302734,1660154,0.0,0.0
2016-01-05,NTPC.NS,120.58333587646484,121.375,118.33333587646484,118.54166412353516,80.29012298583984,2183413,0.0,0.0
2016-01-06,NTPC.NS,118.33333587646484,119.08333587646484,116.70833587646484,117.875,79.83857727050781,2555581,0.0,0.0
2016-01-07,NTPC.NS,117.41666412353516,117.41666412353516,114.20833587646484,114.875,77.806640625,4397205,0.0,0.0
2016-01-08,NTPC.NS,115.16666412353516,116.83333587646484,114.25,116.29166412353516,78.76615905761719,5000222,0.0,0.0
2016-01-11,NTPC.NS,114.375,119.125,114.375,118.0,79.92324829101562,9595707,0.0,0.0
2016-01-12,NTPC.NS,119.58333587646484,121.58333587646484,118.95833587646484,121.0,81.9552001953125,5331380,0.0,0.0
2016-01-13,NTPC.NS,121.58333587646484,122.45833587646484,117.75,120.20833587646484,81.41899108886719,6335397,0.0,0.0
2016-01-14,NTPC.NS,119.08333587646484,120.5,116.91666412353516,119.33333587646484,80.8263168334961,2617408,0.0,0.0
2016-01-15,NTPC.NS,119.91666412353516,120.41666412353516,113.04166412353516,113.70833587646484,77.01641845703125,5813482,0.0,0.0
2016-01-18,NTPC.NS,113.25,115.45833587646484,111.04166412353516,112.16666412353516,75.97224426269531,7094769,0.0,0.0
2016-01-19,NTPC.NS,112.83333587646484,115.125,112.0,112.625,76.28266906738281,3276105,0.0,0.0
2016-01-20,NTPC.NS,111.91666412353516,112.33333587646484,109.0,110.16666412353516,74.61759948730469,4893918,0.0,0.0
2016-01-21,NTPC.NS,110.75,112.75,110.25,110.83333587646484,75.06914520263672,3672420,0.0,0.0
2016-01-22,NTPC.NS,112.54166412353516,116.08333587646484,111.79166412353516,115.125,77.97594451904297,4081641,0.0,0.0
2016-01-25,NTPC.NS,116.25,116.41666412353516,113.625,114.95833587646484,77.86309051513672,3248101,0.0,0.0
2016-01-27,NTPC.NS,116.5,120.5,115.375,119.79166412353516,81.13675689697266,6462206,0.0,0.0
2016-01-28,NTPC.NS,119.25,121.125,119.25,120.20833587646484,81.41899108886719,10947943,0.0,0.0
2016-01-29,NTPC.NS,120.0,122.25,117.0,118.70833587646484,80.40299987792969,9604422,0.0,0.0
2016-02-01,NTPC.NS,118.33333587646484,120.125,116.5,116.875,79.1612777709961,4772776,0.0,0.0
2016-02-02,NTPC.NS,116.66666412353516,117.08333587646484,110.625,111.70833587646484,75.66181182861328,5540090,0.0,0.0
2016-02-03,NTPC.NS,109.625,111.5,106.04166412353516,107.20833587646484,72.61387634277344,5409084,0.0,0.0
2016-02-04,NTPC.NS,108.33333587646484,109.25,103.83333587646484,104.91666412353516,71.06168365478516,8947989,0.0,0.0
2016-02-05,NTPC.NS,104.125,105.5,103.33333587646484,104.0,71.34752655029297,2917293,1.333333,0.0
2016-02-08,NTPC.NS,104.0,104.91666412353516,102.29166412353516,102.70833587646484,70.46142578125,2578603,0.0,0.0
2016-02-09,NTPC.NS,101.0,105.41666412353516,101.0,104.875,71.94782257080078,2829949,0.0,0.0
2016-02-10,NTPC.NS,104.16666412353516,105.16666412353516,103.08333587646484,103.95833587646484,71.3189697265625,3106880,0.0,0.0
2016-02-11,NTPC.NS,103.95833587646484,104.125,100.20833587646484,100.79166412353516,69.14649963378906,2946543,0.0,0.0
2016-02-12,NTPC.NS,100.83333587646484,104.79166412353516,100.125,103.29166412353516,70.86160278320312,4086475,0.0,0.0
2016-02-15,NTPC.NS,104.33333587646484,106.04166412353516,102.875,104.0,71.34752655029297,4458290,0.0,0.0
2016-02-16,NTPC.NS,105.625,109.25,103.5,106.45833587646484,73.03404235839844,6067938,0.0,0.0
2016-02-17,NTPC.NS,106.95833587646484,108.29166412353516,104.83333587646484,106.66666412353516,73.17696380615234,4187010,0.0,0.0
2016-02-18,NTPC.NS,107.875,108.54166412353516,104.375,106.25,72.89112091064453,2623275,0.0,0.0
2016-02-19,NTPC.NS,106.20833587646484,108.91666412353516,105.83333587646484,108.16666412353516,74.20600128173828,1806504,0.0,0.0
2016-02-22,NTPC.NS,110.70833587646484,110.70833587646484,105.04166412353516,105.83333587646484,72.60529327392578,2703391,0.0,0.0
2016-02-23,NTPC.NS,102.70833587646484,104.16666412353516,102.25,103.16666412353516,70.77583312988281,11574602,0.0,0.0
2016-02-24,NTPC.NS,101.5,101.83333587646484,98.58333587646484,98.875,67.83162689208984,21683338,0.0,0.0
2016-02-25,NTPC.NS,97.58333587646484,99.29166412353516,97.41666412353516,98.75,67.745849609375,40502397,0.0,0.0
2016-02-26,NTPC.NS,99.16666412353516,101.66666412353516,98.41666412353516,101.29166412353516,69.4895248413086,8436524,0.0,0.0
2016-02-29,NTPC.NS,101.58333587646484,101.58333587646484,98.125,99.58333587646484,68.31755828857422,6291750,0.0,0.0
2016-03-01,NTPC.NS,100.0,102.5,99.41666412353516,102.375,70.23271942138672,4792212,0.0,0.0
2016-03-02,NTPC.NS,103.08333587646484,106.45833587646484,101.91666412353516,105.66666412353516,72.49092102050781,7180521,0.0,0.0
2016-03-03,NTPC.NS,106.66666412353516,107.375,104.95833587646484,105.33333587646484,72.26226043701172,4161891,0.0,0.0
2016-03-04,NTPC.NS,106.25,106.375,103.33333587646484,105.04166412353516,72.0621566772461,7395987,0.0,0.0
2016-03-08,NTPC.NS,105.0,106.66666412353516,103.75,106.29166412353516,72.9197006225586,4202145,0.0,0.0
2016-03-09,NTPC.NS,106.08333587646484,106.41666412353516,105.08333587646484,105.45833587646484,72.34800720214844,4332384,0.0,0.0
2016-03-10,NTPC.NS,105.5,106.66666412353516,105.33333587646484,105.66666412353516,72.49092102050781,4072078,0.0,0.0
2016-03-11,NTPC.NS,105.66666412353516,107.29166412353516,104.70833587646484,105.33333587646484,72.26226043701172,2484648,0.0,0.0
2016-03-14,NTPC.NS,105.625,106.5,105.04166412353516,106.16666412353516,72.83395385742188,2195317,0.0,0.0
2016-03-15,NTPC.NS,106.41666412353516,106.58333587646484,105.0,106.08333587646484,72.77676391601562,2454310,0.0,0.0
2016-03-16,NTPC.NS,106.41666412353516,106.79166412353516,105.54166412353516,106.29166412353516,72.9197006225586,6045006,0.0,0.0
2016-03-17,NTPC.NS,106.16666412353516,106.875,105.0,105.70833587646484,72.51950073242188,5303053,0.0,0.0
2016-03-18,NTPC.NS,105.41666412353516,106.58333587646484,105.29166412353516,106.20833587646484,72.862548828125,6395342,0.0,0.0
2016-03-21,NTPC.NS,106.20833587646484,107.25,105.25,105.95833587646484,72.69102478027344,3162202,0.0,0.0
2016-03-22,NTPC.NS,106.33333587646484,107.33333587646484,105.66666412353516,106.875,73.31987762451172,4386978,0.0,0.0
2016-03-23,NTPC.NS,106.875,106.91666412353516,105.70833587646484,106.125,72.80534362792969,2682230,0.0,0.0
2016-03-28,NTPC.NS,106.66666412353516,108.54166412353516,106.04166412353516,107.625,73.83442687988281,6322756,0.0,0.0
2016-03-29,NTPC.NS,108.04166412353516,108.375,105.70833587646484,106.08333587646484,72.77676391601562,5982391,0.0,0.0
2016-03-30,NTPC.NS,106.66666412353516,108.625,105.91666412353516,108.25,74.26319122314453,4581528,0.0,0.0
2016-03-31,NTPC.NS,108.16666412353516,109.875,106.95833587646484,107.375,73.66289520263672,12576144,0.0,0.0
2016-04-01,NTPC.NS,107.25,109.16666412353516,106.91666412353516,108.29166412353516,74.29176330566406,6204711,0.0,0.0
2016-04-04,NTPC.NS,108.41666412353516,109.75,108.25,109.25,74.94918823242188,2727397,0.0,0.0
2016-04-05,NTPC.NS,109.25,109.875,105.45833587646484,105.70833587646484,72.51950073242188,4594977,0.0,0.0
2016-04-06,NTPC.NS,106.5,106.5,104.875,105.16666412353516,72.14791870117188,4536128,0.0,0.0
2016-04-07,NTPC.NS,105.25,105.70833587646484,104.20833587646484,105.45833587646484,72.34800720214844,9263898,0.0,0.0
2016-04-08,NTPC.NS,106.41666412353516,110.41666412353516,105.58333587646484,109.625,75.20648956298828,9962676,0.0,0.0
2016-04-11,NTPC.NS,109.625,112.5,109.375,112.16666412353516,76.95015716552734,4473735,0.0,0.0
2016-04-12,NTPC.NS,112.25,113.58333587646484,110.79166412353516,112.91666412353516,77.46466827392578,4394954,0.0,0.0
2016-04-13,NTPC.NS,113.75,114.875,113.54166412353516,114.29166412353516,78.40797424316406,4541049,0.0,0.0
2016-04-18,NTPC.NS,116.16666412353516,116.58333587646484,113.33333587646484,116.25,79.75144958496094,5881213,0.0,0.0
2016-04-20,NTPC.NS,116.25,118.125,115.91666412353516,117.75,80.7804946899414,3941576,0.0,0.0
2016-04-21,NTPC.NS,118.125,118.83333587646484,117.20833587646484,117.625,80.69477081298828,5878872,0.0,0.0
2016-04-22,NTPC.NS,117.0,120.0,116.70833587646484,119.70833587646484,82.12399291992188,5904096,0.0,0.0
2016-04-25,NTPC.NS,119.83333587646484,119.875,115.04166412353516,116.95833587646484,80.23741149902344,3757774,0.0,0.0
2016-04-26,NTPC.NS,116.16666412353516,118.0,115.83333587646484,116.83333587646484,80.15164947509766,6118725,0.0,0.0
2016-04-27,NTPC.NS,117.08333587646484,117.70833587646484,116.5,117.25,80.43749237060547,2213048,0.0,0.0
2016-04-28,NTPC.NS,117.375,117.875,114.0,114.29166412353516,78.40797424316406,7582244,0.0,0.0
2016-04-29,NTPC.NS,114.91666412353516,117.125,113.41666412353516,116.08333587646484,79.63711547851562,4812152,0.0,0.0
2016-05-02,NTPC.NS,116.08333587646484,116.91666412353516,112.33333587646484,115.45833587646484,79.20834350585938,2710262,0.0,0.0
2016-05-03,NTPC.NS,115.16666412353516,117.91666412353516,112.875,113.79166412353516,78.06494903564453,5122599,0.0,0.0
2016-05-04,NTPC.NS,113.58333587646484,116.125,113.58333587646484,115.66666412353516,79.35128021240234,7557462,0.0,0.0
2016-05-05,NTPC.NS,116.16666412353516,117.29166412353516,115.70833587646484,116.41666412353516,79.86579132080078,4772552,0.0,0.0
2016-05-06,NTPC.NS,116.45833587646484,117.04166412353516,114.875,116.66666412353516,80.03730010986328,3943374,0.0,0.0
2016-05-09,NTPC.NS,116.66666412353516,120.66666412353516,116.66666412353516,119.33333587646484,81.8667221069336,8002119,0.0,0.0
2016-05-10,NTPC.NS,119.5,119.5,116.75,117.20833587646484,80.40890502929688,5002198,0.0,0.0
2016-05-11,NTPC.NS,117.20833587646484,119.66666412353516,116.16666412353516,117.91666412353516,80.89485168457031,5366452,0.0,0.0
2016-05-12,NTPC.NS,117.54166412353516,119.0,116.66666412353516,117.875,80.86626434326172,2931638,0.0,0.0
2016-05-13,NTPC.NS,117.08333587646484,118.08333587646484,116.75,117.5,80.60901641845703,3152124,0.0,0.0
2016-05-16,NTPC.NS,117.5,117.83333587646484,115.91666412353516,116.75,80.09447479248047,6137539,0.0,0.0
2016-05-17,NTPC.NS,117.08333587646484,118.0,113.45833587646484,114.16666412353516,78.32221984863281,8913270,0.0,0.0
2016-05-18,NTPC.NS,114.08333587646484,115.04166412353516,112.95833587646484,113.41666412353516,77.80769348144531,6099468,0.0,0.0
2016-05-19,NTPC.NS,113.16666412353516,113.33333587646484,111.16666412353516,112.79166412353516,77.37892150878906,5504425,0.0,0.0
2016-05-20,NTPC.NS,112.79166412353516,114.5,112.75,114.08333587646484,78.26504516601562,5662137,0.0,0.0
2016-05-23,NTPC.NS,114.375,115.0,112.75,113.08333587646484,77.57903289794922,2955597,0.0,0.0
2016-05-24,NTPC.NS,113.41666412353516,116.91666412353516,113.33333587646484,115.41666412353516,79.17975616455078,5846558,0.0,0.0
2016-05-25,NTPC.NS,115.91666412353516,118.33333587646484,115.875,118.20833587646484,81.0949478149414,2999689,0.0,0.0
2016-05-26,NTPC.NS,117.58333587646484,118.75,116.125,117.66666412353516,80.72332000732422,9645368,0.0,0.0
2016-05-27,NTPC.NS,117.91666412353516,118.08333587646484,116.16666412353516,116.75,80.09447479248047,3192600,0.0,0.0
2016-05-30,NTPC.NS,116.95833587646484,121.5,114.70833587646484,119.66666412353516,82.09542083740234,11452723,0.0,0.0
2016-05-31,NTPC.NS,120.08333587646484,123.29166412353516,116.58333587646484,119.29166412353516,81.83815002441406,49654994,0.0,0.0
2016-06-01,NTPC.NS,119.08333587646484,121.0,117.95833587646484,120.5,82.6670913696289,5578209,0.0,0.0
2016-06-02,NTPC.NS,120.25,121.625,120.0,120.79166412353516,82.86719512939453,3890110,0.0,0.0
2016-06-03,NTPC.NS,120.83333587646484,124.41666412353516,120.79166412353516,123.0,84.38218688964844,5230866,0.0,0.0
2016-06-06,NTPC.NS,123.33333587646484,123.625,122.0,122.58333587646484,84.09632873535156,3080890,0.0,0.0
2016-06-07,NTPC.NS,122.91666412353516,124.33333587646484,122.54166412353516,123.70833587646484,84.86811828613281,4160961,0.0,0.0
2016-06-08,NTPC.NS,124.0,124.70833587646484,122.66666412353516,123.45833587646484,84.69661712646484,3645885,0.0,0.0
2016-06-09,NTPC.NS,123.58333587646484,126.91666412353516,123.54166412353516,125.875,86.35452270507812,7092262,0.0,0.0
2016-06-10,NTPC.NS,125.83333587646484,127.29166412353516,125.04166412353516,126.25,86.61180877685547,2818471,0.0,0.0
2016-06-13,NTPC.NS,125.0,125.54166412353516,123.45833587646484,123.95833587646484,85.03963470458984,1383117,0.0,0.0
2016-06-14,NTPC.NS,123.625,124.29166412353516,122.58333587646484,123.54166412353516,84.7537841796875,2696526,0.0,0.0
2016-06-15,NTPC.NS,123.79166412353516,129.1666717529297,123.79166412353516,128.4583282470703,88.12679290771484,4583678,0.0,0.0
2016-06-16,NTPC.NS,128.4583282470703,128.75,125.08333587646484,126.5,86.78329467773438,3753651,0.0,0.0
2016-06-17,NTPC.NS,126.75,127.625,125.95833587646484,126.91666412353516,87.06915283203125,3636291,0.0,0.0
2016-06-20,NTPC.NS,125.625,129.125,125.625,128.7083282470703,88.29830169677734,2779868,0.0,0.0
2016-06-21,NTPC.NS,128.4166717529297,128.8333282470703,125.95833587646484,126.5,86.78329467773438,3185960,0.0,0.0
2016-06-22,NTPC.NS,126.66666412353516,127.79166412353516,125.16666412353516,127.16666412353516,87.24065399169922,2958055,0.0,0.0
2016-06-23,NTPC.NS,123.33333587646484,124.91666412353516,121.95833587646484,124.25,85.23973083496094,7649942,0.0,0.0
2016-06-24,NTPC.NS,121.625,124.95833587646484,119.375,124.33333587646484,85.2968978881836,3570870,0.0,0.0
2016-06-27,NTPC.NS,122.5,126.16666412353516,122.5,124.33333587646484,85.2968978881836,2847684,0.0,0.0
2016-06-28,NTPC.NS,125.5,125.54166412353516,122.625,123.33333587646484,84.61087036132812,3265359,0.0,0.0
2016-06-29,NTPC.NS,123.33333587646484,127.08333587646484,123.33333587646484,126.75,86.95481872558594,3666712,0.0,0.0
2016-06-30,NTPC.NS,127.04166412353516,130.8333282470703,126.95833587646484,130.25,89.3559341430664,9291400,0.0,0.0
2016-07-01,NTPC.NS,129.4166717529297,131.3333282470703,129.1666717529297,130.625,89.61321258544922,3022617,0.0,0.0
2016-07-04,NTPC.NS,130.0,131.6666717529297,128.5416717529297,129.9583282470703,89.15583038330078,3504501,0.0,0.0
2016-07-05,NTPC.NS,129.9166717529297,129.9166717529297,126.875,127.16666412353516,87.24065399169922,3307670,0.0,0.0
2016-07-07,NTPC.NS,127.16666412353516,128.4583282470703,125.0,127.41666412353516,87.41216278076172,6193146,0.0,0.0
2016-07-08,NTPC.NS,126.875,128.7083282470703,125.54166412353516,128.1666717529297,87.92669677734375,1792663,0.0,0.0
2016-07-11,NTPC.NS,129.25,132.25,129.25,131.375,90.12771606445312,3684830,0.0,0.0
2016-07-12,NTPC.NS,131.4166717529297,132.7916717529297,131.125,131.9166717529297,90.49932098388672,2558658,0.0,0.0
2016-07-13,NTPC.NS,132.5833282470703,132.8333282470703,130.5,131.375,90.12771606445312,3752023,0.0,0.0
2016-07-14,NTPC.NS,130.625,132.6666717529297,130.625,132.25,90.72798919677734,3467246,0.0,0.0
2016-07-15,NTPC.NS,119.04166412353516,130.625,119.04166412353516,130.2083282470703,89.32734680175781,24967578,0.0,0.0
2016-07-18,NTPC.NS,130.0,130.6666717529297,128.875,129.6666717529297,88.95574951171875,3678940,0.0,0.0
2016-07-19,NTPC.NS,129.5833282470703,130.5,128.9583282470703,130.1666717529297,89.29876708984375,3266539,0.0,0.0
2016-07-20,NTPC.NS,130.1666717529297,131.6666717529297,129.5416717529297,131.125,89.95620727539062,3747645,0.0,0.0
2016-07-21,NTPC.NS,131.6666717529297,131.7916717529297,128.6666717529297,129.0833282470703,88.55557250976562,3602185,0.0,0.0
2016-07-22,NTPC.NS,129.1666717529297,130.9166717529297,128.4166717529297,130.5,89.52742767333984,4439348,0.0,0.0
2016-07-25,NTPC.NS,130.0,131.6666717529297,130.0,131.25,90.0419692993164,2762284,0.0,0.0
2016-07-26,NTPC.NS,131.5,132.375,130.9166717529297,131.75,90.38497161865234,2391322,0.0,0.0
2016-07-27,NTPC.NS,132.4166717529297,133.6666717529297,130.9166717529297,132.5416717529297,90.92808532714844,3822085,0.0,0.0
2016-07-28,NTPC.NS,132.5833282470703,133.3333282470703,130.25,132.1666717529297,90.67081451416016,9605690,0.0,0.0
2016-07-29,NTPC.NS,131.7916717529297,133.3333282470703,130.875,131.9583282470703,90.52789306640624,3023502,0.0,0.0
2016-08-01,NTPC.NS,132.1666717529297,133.3333282470703,131.2083282470703,132.8333282470703,91.12818145751952,4640031,0.0,0.0
2016-08-02,NTPC.NS,133.25,134.0,132.0833282470703,132.7916717529297,91.099609375,2760872,0.0,0.0
2016-08-03,NTPC.NS,132.4166717529297,132.7916717529297,130.5833282470703,131.25,90.0419692993164,3387386,0.0,0.0
2016-08-04,NTPC.NS,131.125,132.9166717529297,131.125,132.5416717529297,90.92808532714844,3007062,0.0,0.0
2016-08-05,NTPC.NS,133.3333282470703,135.8333282470703,132.5416717529297,134.5416717529297,92.30016326904295,3142065,0.0,0.0
2016-08-08,NTPC.NS,135.0416717529297,135.0416717529297,132.4166717529297,133.2083282470703,91.3854522705078,2541385,0.0,0.0
2016-08-09,NTPC.NS,132.9583282470703,135.2083282470703,132.625,133.2083282470703,91.3854522705078,3574959,0.0,0.0
2016-08-10,NTPC.NS,133.8333282470703,134.6666717529297,130.625,131.5833282470703,90.27064514160156,3919809,0.0,0.0
2016-08-11,NTPC.NS,132.5,133.3333282470703,131.0,132.9583282470703,91.21393585205078,2147083,0.0,0.0
2016-08-16,NTPC.NS,133.5416717529297,135.1666717529297,133.0833282470703,134.4583282470703,92.24298095703124,5136718,0.0,0.0
2016-08-17,NTPC.NS,133.7916717529297,135.0,133.4166717529297,134.625,92.35731506347656,1653793,0.0,0.0
2016-08-18,NTPC.NS,134.7916717529297,140.625,134.6666717529297,139.0,95.35873413085938,8815767,0.0,0.0
2016-08-19,NTPC.NS,139.7083282470703,141.6666717529297,138.2083282470703,138.9583282470703,95.33013916015624,5195581,0.0,0.0
2016-08-22,NTPC.NS,139.9166717529297,140.6666717529297,135.25,136.375,93.55789184570312,8943697,0.0,0.0
2016-08-23,NTPC.NS,136.0,136.3333282470703,131.4583282470703,132.5,90.89950561523438,7852124,0.0,0.0
2016-08-24,NTPC.NS,132.2916717529297,136.2916717529297,131.75,134.4166717529297,92.21440887451172,6789516,0.0,0.0
2016-08-25,NTPC.NS,133.9166717529297,134.5833282470703,131.75,132.2083282470703,90.69942474365234,8434987,0.0,0.0
2016-08-26,NTPC.NS,132.4166717529297,133.1666717529297,131.0416717529297,131.5833282470703,90.27064514160156,3957362,0.0,0.0
2016-08-29,NTPC.NS,131.6666717529297,133.3333282470703,130.6666717529297,132.9583282470703,91.21393585205078,1646781,0.0,0.0
2016-08-30,NTPC.NS,133.3333282470703,135.25,132.375,134.7916717529297,92.4716796875,2913315,0.0,0.0
2016-08-31,NTPC.NS,133.5833282470703,135.2083282470703,132.125,132.7083282470703,91.0424346923828,11099280,0.0,0.0
2016-09-01,NTPC.NS,133.0833282470703,133.875,131.6666717529297,132.2916717529297,90.75660705566406,3383041,0.0,0.0
2016-09-02,NTPC.NS,132.6666717529297,134.0,131.4583282470703,133.3333282470703,91.4712142944336,4700020,0.0,0.0
2016-09-06,NTPC.NS,133.75,136.6666717529297,133.75,136.2916717529297,93.50072479248048,5273948,0.0,0.0
2016-09-07,NTPC.NS,136.0,136.3333282470703,133.7916717529297,134.375,92.18582916259766,3051766,0.0,0.0
2016-09-08,NTPC.NS,132.5833282470703,135.0,132.5416717529297,133.125,92.33032989501952,2926024,1.458333,0.0
2016-09-09,NTPC.NS,133.3333282470703,134.0833282470703,132.0,132.3333282470703,91.78123474121094,2551233,0.0,0.0
2016-09-12,NTPC.NS,130.6666717529297,131.8333282470703,126.875,127.375,88.34233856201172,3768448,0.0,0.0
2016-09-14,NTPC.NS,126.66666412353516,130.5,126.66666412353516,129.75,89.98954010009766,3852837,0.0,0.0
2016-09-15,NTPC.NS,130.3333282470703,130.8333282470703,126.95833587646484,127.83333587646484,88.66023254394531,3226718,0.0,0.0
2016-09-16,NTPC.NS,128.7916717529297,130.7916717529297,127.0,127.54166412353516,88.45793914794922,7863216,0.0,0.0
2016-09-19,NTPC.NS,128.0833282470703,130.0,127.375,129.2916717529297,89.67166137695312,2220804,0.0,0.0
2016-09-20,NTPC.NS,129.0833282470703,129.1666717529297,127.5,127.83333587646484,88.66023254394531,3677742,0.0,0.0
2016-09-21,NTPC.NS,127.66666412353516,129.5,127.66666412353516,128.3333282470703,89.00701141357422,3328227,0.0,0.0
2016-09-22,NTPC.NS,130.625,131.0833282470703,129.1666717529297,130.8333282470703,90.74090576171876,2877253,0.0,0.0
2016-09-23,NTPC.NS,131.0,131.6666717529297,130.25,130.75,90.68311309814452,4637128,0.0,0.0
2016-09-26,NTPC.NS,129.5833282470703,130.4166717529297,126.08333587646484,126.79166412353516,87.937744140625,5557129,0.0,0.0
2016-09-27,NTPC.NS,126.70833587646484,127.79166412353516,125.83333587646484,126.83333587646484,87.96665954589844,2940974,0.0,0.0
2016-09-28,NTPC.NS,127.08333587646484,128.0,126.79166412353516,127.25,88.2556381225586,2364836,0.0,0.0
2016-09-29,NTPC.NS,127.75,128.125,123.54166412353516,124.54166412353516,86.37724304199219,9046064,0.0,0.0
2016-09-30,NTPC.NS,124.33333587646484,126.54166412353516,122.75,123.33333587646484,85.5392074584961,3917944,0.0,0.0
2016-10-03,NTPC.NS,123.95833587646484,126.375,123.75,125.5,87.04193878173828,2458561,0.0,0.0
2016-10-04,NTPC.NS,125.66666412353516,127.375,125.375,126.875,87.99555969238281,3592586,0.0,0.0
2016-10-05,NTPC.NS,127.70833587646484,128.1666717529297,125.29166412353516,127.04166412353516,88.11115264892578,3460152,0.0,0.0
2016-10-06,NTPC.NS,127.66666412353516,128.2083282470703,123.75,124.125,86.0882568359375,5083105,0.0,0.0
2016-10-07,NTPC.NS,124.16666412353516,125.125,123.08333587646484,123.58333587646484,85.71257781982422,2824920,0.0,0.0
2016-10-10,NTPC.NS,124.0,124.54166412353516,121.58333587646484,122.20833587646484,84.75894927978516,5757795,0.0,0.0
2016-10-13,NTPC.NS,122.5,122.5,119.41666412353516,120.625,83.66081237792969,7622096,0.0,0.0
2016-10-14,NTPC.NS,121.08333587646484,121.33333587646484,119.58333587646484,120.83333587646484,83.8052978515625,3912372,0.0,0.0
2016-10-17,NTPC.NS,122.5,123.83333587646484,121.75,122.91666412353516,85.25023651123047,9453096,0.0,0.0
2016-10-18,NTPC.NS,123.33333587646484,124.0,122.625,123.33333587646484,85.5392074584961,10349815,0.0,0.0
2016-10-19,NTPC.NS,123.70833587646484,125.16666412353516,123.04166412353516,124.20833587646484,86.14605712890625,8062418,0.0,0.0
2016-10-20,NTPC.NS,124.79166412353516,124.91666412353516,123.625,124.16666412353516,86.11714935302734,3200011,0.0,0.0
2016-10-21,NTPC.NS,123.66666412353516,125.0,123.66666412353516,124.58333587646484,86.40614318847656,1824866,0.0,0.0
2016-10-24,NTPC.NS,124.875,126.66666412353516,124.75,126.125,87.47538757324219,1329955,0.0,0.0
2016-10-25,NTPC.NS,125.5,127.125,124.625,126.66666412353516,87.85105895996094,2033961,0.0,0.0
2016-10-26,NTPC.NS,126.20833587646484,127.41666412353516,125.91666412353516,126.54166412353516,87.76436614990234,1938522,0.0,0.0
2016-10-27,NTPC.NS,126.41666412353516,127.33333587646484,125.41666412353516,126.41666412353516,87.67766571044922,3302029,0.0,0.0
2016-10-28,NTPC.NS,126.58333587646484,129.125,125.20833587646484,126.875,87.99555969238281,7337786,0.0,0.0
2016-11-01,NTPC.NS,126.41666412353516,130.4583282470703,125.58333587646484,129.1666717529297,89.5849838256836,4078814,0.0,0.0
2016-11-02,NTPC.NS,128.2916717529297,131.3333282470703,127.625,130.4166717529297,90.4519271850586,8157837,0.0,0.0
2016-11-03,NTPC.NS,130.6666717529297,131.0833282470703,127.08333587646484,127.54166412353516,88.45793914794922,4332021,0.0,0.0
2016-11-04,NTPC.NS,128.0,129.5833282470703,127.33333587646484,127.91666412353516,88.718017578125,2394276,0.0,0.0
2016-11-07,NTPC.NS,128.4583282470703,130.75,127.79166412353516,129.25,89.64276123046875,4567302,0.0,0.0
2016-11-08,NTPC.NS,129.5,130.5,127.95833587646484,128.4583282470703,89.09369659423828,4490103,0.0,0.0
2016-11-09,NTPC.NS,123.08333587646484,130.0,121.33333587646484,128.4166717529297,89.06481170654297,8218180,0.0,0.0
2016-11-10,NTPC.NS,129.5833282470703,130.2916717529297,128.375,129.0,89.46936798095703,4426790,0.0,0.0
2016-11-11,NTPC.NS,128.3333282470703,128.3333282470703,125.66666412353516,126.41666412353516,87.67766571044922,3641463,0.0,0.0
2016-11-15,NTPC.NS,126.16666412353516,127.125,124.16666412353516,125.125,86.78181457519531,4077310,0.0,0.0
2016-11-16,NTPC.NS,126.08333587646484,126.5,124.375,125.125,86.78181457519531,3384367,0.0,0.0
2016-11-17,NTPC.NS,125.0,127.25,124.33333587646484,126.5,87.73545837402344,6488716,0.0,0.0
2016-11-18,NTPC.NS,127.25,133.3333282470703,126.79166412353516,132.5416717529297,91.9257354736328,13243760,0.0,0.0
2016-11-21,NTPC.NS,132.5,133.2083282470703,128.7083282470703,129.0833282470703,89.52718353271484,9888339,0.0,0.0
2016-11-22,NTPC.NS,130.0,130.0833282470703,125.875,128.4166717529297,89.06481170654297,10578529,0.0,0.0
2016-11-23,NTPC.NS,128.6666717529297,134.1666717529297,125.79166412353516,133.2083282470703,92.38813018798828,10153308,0.0,0.0
2016-11-24,NTPC.NS,132.3333282470703,133.3333282470703,129.2916717529297,130.8333282470703,90.74090576171876,5111353,0.0,0.0
2016-11-25,NTPC.NS,131.625,135.375,129.5833282470703,134.5833282470703,93.34176635742188,5798672,0.0,0.0
2016-11-28,NTPC.NS,133.4166717529297,137.4583282470703,133.4166717529297,136.9583282470703,94.98894500732422,4603195,0.0,0.0
2016-11-29,NTPC.NS,137.0833282470703,137.6666717529297,135.1666717529297,135.8333282470703,94.2087173461914,6154771,0.0,0.0
2016-11-30,NTPC.NS,136.0,136.6666717529297,134.7916717529297,135.9583282470703,94.29539489746094,9674742,0.0,0.0
2016-12-01,NTPC.NS,135.9583282470703,137.4583282470703,134.2916717529297,134.9166717529297,93.5729522705078,3768108,0.0,0.0
2016-12-02,NTPC.NS,134.9583282470703,135.7916717529297,133.1666717529297,134.7083282470703,93.42845153808594,3513333,0.0,0.0
2016-12-05,NTPC.NS,133.7916717529297,136.0,133.7916717529297,135.375,93.89083862304688,3422251,0.0,0.0
2016-12-06,NTPC.NS,135.8333282470703,137.9583282470703,135.25,135.9166717529297,94.26651000976562,5353840,0.0,0.0
2016-12-07,NTPC.NS,136.5416717529297,138.1666717529297,135.4166717529297,135.9583282470703,94.29539489746094,3689476,0.0,0.0
2016-12-08,NTPC.NS,136.625,137.625,134.4166717529297,135.875,94.23760986328124,4154828,0.0,0.0
2016-12-09,NTPC.NS,136.2083282470703,137.0,134.25,136.7083282470703,94.8155746459961,2481586,0.0,0.0
2016-12-12,NTPC.NS,136.5833282470703,140.0,136.2916717529297,137.875,95.624755859375,3724072,0.0,0.0
2016-12-13,NTPC.NS,138.625,139.1666717529297,135.875,137.3333282470703,95.24905395507812,3550705,0.0,0.0
2016-12-14,NTPC.NS,137.5833282470703,138.6666717529297,135.875,136.2916717529297,94.52660369873048,3354277,0.0,0.0
2016-12-15,NTPC.NS,135.5833282470703,137.125,133.125,133.5,92.59040069580078,3354172,0.0,0.0
2016-12-16,NTPC.NS,133.7083282470703,135.1666717529297,132.9583282470703,133.3333282470703,92.47481536865234,4329195,0.0,0.0
2016-12-19,NTPC.NS,134.1666717529297,134.375,132.7083282470703,133.25,92.41699981689452,3143113,0.0,0.0
2016-12-20,NTPC.NS,134.0833282470703,135.4166717529297,133.75,134.875,93.54405212402344,2882146,0.0,0.0
2016-12-21,NTPC.NS,135.2916717529297,137.4166717529297,134.2083282470703,136.375,94.58438110351562,3838824,0.0,0.0
2016-12-22,NTPC.NS,136.125,136.75,133.3333282470703,133.75,92.76380920410156,2898685,0.0,0.0
2016-12-23,NTPC.NS,133.4166717529297,134.875,131.5833282470703,134.2083282470703,93.08165740966795,3019249,0.0,0.0
2016-12-26,NTPC.NS,133.4166717529297,135.125,132.7916717529297,133.2916717529297,92.44590759277344,2883518,0.0,0.0
2016-12-27,NTPC.NS,133.25,134.5416717529297,132.9166717529297,133.6666717529297,92.70598602294922,3137931,0.0,0.0
2016-12-28,NTPC.NS,133.6666717529297,135.25,133.3333282470703,133.9583282470703,92.90828704833984,2598544,0.0,0.0
2016-12-29,NTPC.NS,133.75,136.875,133.75,136.2916717529297,94.52660369873048,5976016,0.0,0.0
2016-12-30,NTPC.NS,136.0,137.875,135.8333282470703,137.2916717529297,95.2201690673828,4244060,0.0,0.0
2017-01-02,NTPC.NS,137.5416717529297,139.2916717529297,137.0,137.3333282470703,95.24905395507812,3152186,0.0,0.0
2017-01-03,NTPC.NS,137.4166717529297,138.5416717529297,136.875,137.875,95.624755859375,2448501,0.0,0.0
2017-01-04,NTPC.NS,137.5416717529297,139.5833282470703,136.9583282470703,137.375,95.27794647216795,3729337,0.0,0.0
2017-01-05,NTPC.NS,136.7083282470703,138.5833282470703,136.7083282470703,137.5,95.3646469116211,6652960,0.0,0.0
2017-01-06,NTPC.NS,137.5416717529297,138.5833282470703,136.3333282470703,136.6666717529297,94.78668975830078,4947444,0.0,0.0
2017-01-09,NTPC.NS,136.6666717529297,136.9166717529297,134.25,135.875,94.23760986328124,4569656,0.0,0.0
2017-01-10,NTPC.NS,136.125,136.5,134.75,135.25,93.80413818359376,2423820,0.0,0.0
2017-01-11,NTPC.NS,135.8333282470703,137.3333282470703,134.875,137.0833282470703,95.0756378173828,2763603,0.0,0.0
2017-01-12,NTPC.NS,137.5,145.2916717529297,137.0833282470703,144.75,100.39295196533205,12138549,0.0,0.0
2017-01-13,NTPC.NS,145.75,145.8333282470703,142.2083282470703,142.5,98.83246612548828,6432948,0.0,0.0
2017-01-16,NTPC.NS,141.125,144.2916717529297,140.8333282470703,142.2083282470703,98.63015747070312,5560533,0.0,0.0
2017-01-17,NTPC.NS,142.75,146.8333282470703,141.875,146.4166717529297,101.54888916015624,7873125,0.0,0.0
2017-01-18,NTPC.NS,146.6666717529297,146.875,143.3333282470703,143.9583282470703,99.84390258789062,6211531,0.0,0.0
2017-01-19,NTPC.NS,144.1666717529297,145.8333282470703,143.125,145.125,100.65304565429688,7877224,0.0,0.0
2017-01-20,NTPC.NS,144.75,145.0833282470703,141.5,142.0416717529297,98.51457214355467,4372642,0.0,0.0
2017-01-23,NTPC.NS,141.6666717529297,143.7083282470703,141.0,141.3333282470703,98.02328491210938,4522695,0.0,0.0
2017-01-24,NTPC.NS,141.4166717529297,145.1666717529297,141.4166717529297,143.625,99.61270141601562,7209640,0.0,0.0
2017-01-25,NTPC.NS,143.7916717529297,144.5833282470703,142.0416717529297,142.7916717529297,99.03475189208984,13115185,0.0,0.0
2017-01-27,NTPC.NS,142.9166717529297,148.5416717529297,142.8333282470703,147.9166717529297,102.58924865722656,6091371,0.0,0.0
2017-01-30,NTPC.NS,147.375,148.25,145.4166717529297,146.4166717529297,101.54888916015624,5516523,0.0,0.0
2017-01-31,NTPC.NS,146.6666717529297,148.0833282470703,143.125,143.625,99.61270141601562,7441196,0.0,0.0
2017-02-01,NTPC.NS,143.875,144.4166717529297,141.0833282470703,142.4166717529297,98.774658203125,10397133,0.0,0.0
2017-02-02,NTPC.NS,143.9166717529297,146.6666717529297,143.125,143.7916717529297,99.72830200195312,7142464,0.0,0.0
2017-02-03,NTPC.NS,143.75,144.7083282470703,142.875,143.2916717529297,99.38153076171876,4129434,0.0,0.0
2017-02-06,NTPC.NS,143.75,145.75,143.4166717529297,144.6666717529297,100.3351821899414,6082885,0.0,0.0
2017-02-07,NTPC.NS,144.0,146.25,143.625,144.1666717529297,99.9883804321289,6618921,0.0,0.0
2017-02-08,NTPC.NS,145.3333282470703,146.0416717529297,141.875,143.25,99.35262298583984,10220055,0.0,0.0
2017-02-09,NTPC.NS,143.25,144.9583282470703,139.5,140.1666717529297,97.21414947509766,7504140,0.0,0.0
2017-02-10,NTPC.NS,141.0416717529297,143.0416717529297,140.5416717529297,141.9583282470703,98.4567642211914,4783242,0.0,0.0
2017-02-13,NTPC.NS,142.4583282470703,144.25,142.4583282470703,143.75,99.69940185546876,7380872,0.0,0.0
2017-02-14,NTPC.NS,144.0833282470703,144.0833282470703,141.5833282470703,142.375,98.7457504272461,5174097,0.0,0.0
2017-02-15,NTPC.NS,140.625,142.1666717529297,140.25,140.875,99.22115325927734,4591172,2.175,0.0
2017-02-16,NTPC.NS,141.25,142.375,140.9166717529297,141.9166717529297,99.954833984375,4049570,0.0,0.0
2017-02-17,NTPC.NS,142.25,142.4583282470703,140.7083282470703,141.4583282470703,99.63204193115234,3268471,0.0,0.0
2017-02-20,NTPC.NS,141.6666717529297,143.8333282470703,141.25,143.1666717529297,100.8352279663086,7358422,0.0,0.0
2017-02-21,NTPC.NS,143.2916717529297,144.2083282470703,142.125,143.75,101.24610137939452,2167004,0.0,0.0
2017-02-22,NTPC.NS,144.875,145.0,138.2916717529297,138.9166717529297,97.84187316894533,8138626,0.0,0.0
2017-02-23,NTPC.NS,139.5,139.5,136.7083282470703,137.9166717529297,97.13756561279295,8046589,0.0,0.0
2017-02-27,NTPC.NS,138.4583282470703,138.7083282470703,136.3333282470703,137.8333282470703,97.078857421875,8850588,0.0,0.0
2017-02-28,NTPC.NS,138.3333282470703,138.4583282470703,135.2083282470703,135.7916717529297,95.64089965820312,16850186,0.0,0.0
2017-03-01,NTPC.NS,136.2083282470703,136.9166717529297,132.5,133.2916717529297,93.88006591796876,11781903,0.0,0.0
2017-03-02,NTPC.NS,134.0833282470703,134.0833282470703,129.375,129.9583282470703,91.53231811523438,16388160,0.0,0.0
2017-03-03,NTPC.NS,129.9583282470703,131.0,128.9166717529297,130.0833282470703,91.62039184570312,9776836,0.0,0.0
2017-03-06,NTPC.NS,130.75,132.5,130.0833282470703,132.0,92.97032928466795,5028422,0.0,0.0
2017-03-07,NTPC.NS,133.3333282470703,133.375,130.8333282470703,131.1666717529297,92.38338470458984,4820226,0.0,0.0
2017-03-08,NTPC.NS,131.3333282470703,132.125,130.2083282470703,130.9166717529297,92.2073211669922,3653134,0.0,0.0
2017-03-09,NTPC.NS,130.5416717529297,132.7083282470703,129.6666717529297,131.9166717529297,92.91163635253906,5600349,0.0,0.0
2017-03-10,NTPC.NS,131.9583282470703,132.875,130.3333282470703,130.9166717529297,92.2073211669922,2902393,0.0,0.0
2017-03-14,NTPC.NS,133.7083282470703,134.125,131.75,133.0,93.67464447021484,5506806,0.0,0.0
2017-03-15,NTPC.NS,132.9166717529297,133.3333282470703,131.9166717529297,132.2083282470703,93.11705780029295,3038296,0.0,0.0
2017-03-16,NTPC.NS,132.875,134.5833282470703,132.5416717529297,134.375,94.64307403564452,3935551,0.0,0.0
2017-03-17,NTPC.NS,134.75,134.875,132.2916717529297,133.2916717529297,93.88006591796876,7716466,0.0,0.0
2017-03-20,NTPC.NS,132.5833282470703,134.875,132.5833282470703,134.5,94.73112487792967,2691794,0.0,0.0
2017-03-21,NTPC.NS,134.5416717529297,135.4583282470703,133.3333282470703,135.125,95.17131805419922,3637201,0.0,0.0
2017-03-22,NTPC.NS,134.4166717529297,135.0,133.5416717529297,133.9583282470703,94.3496322631836,2992011,0.0,0.0
2017-03-23,NTPC.NS,134.5,137.3333282470703,134.25,137.0,96.49191284179688,6384273,0.0,0.0
2017-03-24,NTPC.NS,137.375,137.9583282470703,136.25,137.1666717529297,96.60930633544922,4581844,0.0,0.0
2017-03-27,NTPC.NS,136.6666717529297,137.4583282470703,135.8333282470703,136.125,95.87564849853516,3264932,0.0,0.0
2017-03-28,NTPC.NS,136.75,137.7916717529297,136.5833282470703,137.4166717529297,96.78536987304688,1686946,0.0,0.0
2017-03-29,NTPC.NS,138.2916717529297,138.2916717529297,136.1666717529297,136.625,96.2278289794922,4597850,0.0,0.0
2017-03-30,NTPC.NS,136.7083282470703,137.9166717529297,135.5,135.9166717529297,95.72892761230467,9615726,0.0,0.0
2017-03-31,NTPC.NS,136.3333282470703,138.9583282470703,135.9166717529297,138.3333282470703,97.43102264404295,3814359,0.0,0.0
2017-04-03,NTPC.NS,138.3333282470703,139.4166717529297,136.7083282470703,137.2083282470703,96.638671875,3542816,0.0,0.0
2017-04-05,NTPC.NS,138.25,140.0,137.25,138.75,97.72450256347656,6131202,0.0,0.0
2017-04-06,NTPC.NS,138.75,140.0416717529297,137.5,139.75,98.42879486083984,5319375,0.0,0.0
2017-04-07,NTPC.NS,139.1666717529297,141.0833282470703,138.3333282470703,140.2083282470703,98.75162506103516,7405474,0.0,0.0
2017-04-10,NTPC.NS,140.0416717529297,140.7916717529297,137.7083282470703,138.9583282470703,97.87122344970705,2686148,0.0,0.0
2017-04-11,NTPC.NS,139.2083282470703,139.9166717529297,136.0833282470703,139.1666717529297,98.01795196533205,17414233,0.0,0.0
2017-04-12,NTPC.NS,139.5,140.2083282470703,136.9166717529297,137.4583282470703,96.81475830078124,8425531,0.0,0.0
2017-04-13,NTPC.NS,137.5,137.875,136.8333282470703,137.2083282470703,96.638671875,4090750,0.0,0.0
2017-04-17,NTPC.NS,137.25,137.5,132.0,132.75,93.4985580444336,9580728,0.0,0.0
2017-04-18,NTPC.NS,133.75,136.2083282470703,133.3333282470703,134.75,94.90718841552734,5073410,0.0,0.0
2017-04-19,NTPC.NS,134.75,138.25,134.25,137.4166717529297,96.78536987304688,5434806,0.0,0.0
2017-04-20,NTPC.NS,137.3333282470703,137.4166717529297,136.0,136.4166717529297,96.0810775756836,2381107,0.0,0.0
2017-04-21,NTPC.NS,136.7083282470703,139.5833282470703,136.625,139.3333282470703,98.13533020019533,9538297,0.0,0.0
2017-04-24,NTPC.NS,139.3333282470703,140.375,138.125,138.7916717529297,97.75383758544922,2517796,0.0,0.0
2017-04-25,NTPC.NS,139.125,139.1666717529297,136.2916717529297,137.875,97.10823059082033,3704083,0.0,0.0
2017-04-26,NTPC.NS,137.875,138.7083282470703,137.0,138.0,97.19622039794922,4119194,0.0,0.0
2017-04-27,NTPC.NS,137.7083282470703,138.7083282470703,135.8333282470703,136.75,96.31583404541016,4868335,0.0,0.0
2017-04-28,NTPC.NS,136.6666717529297,137.6666717529297,136.1666717529297,137.0833282470703,96.55061340332033,3063996,0.0,0.0
2017-05-02,NTPC.NS,137.2083282470703,138.0,134.4166717529297,135.0833282470703,95.14198303222656,4025983,0.0,0.0
2017-05-03,NTPC.NS,135.8333282470703,137.125,134.4583282470703,135.0833282470703,95.14198303222656,3870368,0.0,0.0
2017-05-04,NTPC.NS,135.5,136.125,135.125,135.5416717529297,95.46478271484376,3344888,0.0,0.0
2017-05-05,NTPC.NS,135.2916717529297,135.3333282470703,132.875,133.0833282470703,93.73332977294922,2507920,0.0,0.0
2017-05-08,NTPC.NS,132.8333282470703,134.4583282470703,132.8333282470703,133.8333282470703,94.2615737915039,3692730,0.0,0.0
2017-05-09,NTPC.NS,134.4583282470703,134.625,133.2083282470703,134.375,94.64307403564452,3186598,0.0,0.0
2017-05-10,NTPC.NS,134.4583282470703,135.7916717529297,134.3333282470703,135.1666717529297,95.20066833496094,2730601,0.0,0.0
2017-05-11,NTPC.NS,135.25,135.375,133.125,133.5416717529297,94.05613708496094,4567666,0.0,0.0
2017-05-12,NTPC.NS,133.375,134.6666717529297,131.6666717529297,132.375,93.23444366455078,2748128,0.0,0.0
2017-05-15,NTPC.NS,132.5,133.3333282470703,131.5,133.125,93.7626953125,2060881,0.0,0.0
2017-05-16,NTPC.NS,133.125,134.0833282470703,132.8333282470703,133.2916717529297,93.88006591796876,5617327,0.0,0.0
2017-05-17,NTPC.NS,133.75,134.8333282470703,132.0833282470703,132.4166717529297,93.2638168334961,8423958,0.0,0.0
2017-05-18,NTPC.NS,131.6666717529297,132.7916717529297,131.0833282470703,131.5,92.61815643310548,6185143,0.0,0.0
2017-05-19,NTPC.NS,132.8333282470703,133.9166717529297,131.75,132.5833282470703,93.38117218017578,2852978,0.0,0.0
2017-05-22,NTPC.NS,132.75,133.5416717529297,131.4583282470703,131.8333282470703,92.85292053222656,3324104,0.0,0.0
2017-05-23,NTPC.NS,131.6666717529297,132.0,129.25,130.7916717529297,92.1192855834961,2820800,0.0,0.0
2017-05-24,NTPC.NS,130.9166717529297,132.375,129.6666717529297,130.375,91.82579040527344,2830014,0.0,0.0
2017-05-25,NTPC.NS,130.5416717529297,130.9583282470703,129.0,130.2916717529297,91.7671127319336,5992188,0.0,0.0
2017-05-26,NTPC.NS,130.2083282470703,130.5,129.5833282470703,130.0,91.5616683959961,3186957,0.0,0.0
2017-05-29,NTPC.NS,130.75,131.5,127.625,130.4166717529297,91.85514831542967,8203143,0.0,0.0
2017-05-30,NTPC.NS,130.4166717529297,136.25,130.3333282470703,134.375,94.64307403564452,5871019,0.0,0.0
2017-05-31,NTPC.NS,133.4166717529297,135.5833282470703,133.1666717529297,133.5,94.02681732177734,6385513,0.0,0.0
2017-06-01,NTPC.NS,133.5,134.6666717529297,132.9583282470703,133.875,94.29092407226562,2350266,0.0,0.0
2017-06-02,NTPC.NS,134.125,136.1666717529297,134.0,135.5,95.43545532226562,5955807,0.0,0.0
2017-06-05,NTPC.NS,135.2083282470703,135.9166717529297,134.5833282470703,135.5,95.43545532226562,2986412,0.0,0.0
2017-06-06,NTPC.NS,135.8333282470703,135.8333282470703,131.4583282470703,131.75,92.79424285888672,5236093,0.0,0.0
2017-06-07,NTPC.NS,131.4166717529297,132.0833282470703,130.7916717529297,131.5416717529297,92.64751434326172,10697568,0.0,0.0
2017-06-08,NTPC.NS,131.75,131.9166717529297,130.6666717529297,131.5416717529297,92.64751434326172,1812870,0.0,0.0
2017-06-09,NTPC.NS,131.6666717529297,132.9583282470703,130.2916717529297,131.5,92.61815643310548,2940114,0.0,0.0
2017-06-12,NTPC.NS,131.6666717529297,132.3333282470703,129.8333282470703,131.625,92.7061996459961,3738913,0.0,0.0
2017-06-13,NTPC.NS,131.875,133.5833282470703,131.75,133.3333282470703,93.90943145751952,4090297,0.0,0.0
2017-06-14,NTPC.NS,133.5833282470703,133.5833282470703,132.0,133.2916717529297,93.88006591796876,2630623,0.0,0.0
2017-06-15,NTPC.NS,132.9583282470703,135.4166717529297,131.875,132.5416717529297,93.3518295288086,6250599,0.0,0.0
2017-06-16,NTPC.NS,132.5416717529297,134.375,132.5416717529297,133.8333282470703,94.2615737915039,5082594,0.0,0.0
2017-06-19,NTPC.NS,134.25,134.75,132.7916717529297,134.125,94.46700286865234,3415876,0.0,0.0
2017-06-20,NTPC.NS,133.5416717529297,134.0,132.2083282470703,132.4583282470703,93.29312896728516,2603080,0.0,0.0
2017-06-21,NTPC.NS,132.7083282470703,134.1666717529297,131.5,133.1666717529297,93.7920379638672,4094097,0.0,0.0
2017-06-22,NTPC.NS,133.375,134.0,131.9166717529297,132.4583282470703,93.29312896728516,5139614,0.0,0.0
2017-06-23,NTPC.NS,132.4166717529297,134.0833282470703,131.0416717529297,131.5416717529297,92.64751434326172,4643132,0.0,0.0
2017-06-27,NTPC.NS,131.25,132.3333282470703,129.1666717529297,131.5833282470703,92.67684936523438,3746638,0.0,0.0
2017-06-28,NTPC.NS,131.5833282470703,133.4166717529297,131.0416717529297,133.0416717529297,93.70399475097656,5058873,0.0,0.0
2017-06-29,NTPC.NS,132.5,133.25,131.5416717529297,132.2083282470703,93.11705780029295,10103880,0.0,0.0
2017-06-30,NTPC.NS,131.9166717529297,133.2083282470703,130.875,132.4583282470703,93.29312896728516,6122950,0.0,0.0
2017-07-03,NTPC.NS,132.4166717529297,132.4166717529297,129.4166717529297,130.625,92.00189208984376,8945122,0.0,0.0
2017-07-04,NTPC.NS,132.5833282470703,133.125,131.5,131.7083282470703,92.76487731933594,5282948,0.0,0.0
2017-07-05,NTPC.NS,131.8333282470703,133.4166717529297,131.5,132.5,93.32250213623048,5059808,0.0,0.0
2017-07-06,NTPC.NS,131.75,132.2083282470703,130.8333282470703,131.7083282470703,92.76487731933594,5379126,0.0,0.0
2017-07-07,NTPC.NS,131.5833282470703,133.0,131.3333282470703,132.5416717529297,93.3518295288086,4768952,0.0,0.0
2017-07-10,NTPC.NS,133.6666717529297,134.0833282470703,131.6666717529297,133.375,93.93875885009766,1170691,0.0,0.0
2017-07-11,NTPC.NS,133.375,137.25,133.25,136.0833282470703,95.8462905883789,5956020,0.0,0.0
2017-07-12,NTPC.NS,136.1666717529297,137.0,135.5833282470703,136.7083282470703,96.2864990234375,4097499,0.0,0.0
2017-07-13,NTPC.NS,137.5,138.5,136.25,136.5833282470703,96.1984405517578,3014683,0.0,0.0
2017-07-14,NTPC.NS,136.6666717529297,140.25,136.125,139.4166717529297,98.19403839111328,4127641,0.0,0.0
2017-07-17,NTPC.NS,140.6666717529297,140.8333282470703,139.5416717529297,140.4583282470703,98.92769622802734,4854055,0.0,0.0
2017-07-18,NTPC.NS,139.8333282470703,143.2083282470703,138.5,139.625,98.34076690673828,4280904,0.0,0.0
2017-07-19,NTPC.NS,140.0833282470703,142.1666717529297,139.0,139.8333282470703,98.48751068115234,4443198,0.0,0.0
2017-07-20,NTPC.NS,139.9166717529297,140.6666717529297,137.375,137.875,97.10823059082033,3079837,0.0,0.0
2017-07-21,NTPC.NS,137.8333282470703,138.8333282470703,134.9166717529297,137.3333282470703,96.7267074584961,4679146,0.0,0.0
2017-07-24,NTPC.NS,136.75,138.75,136.5,136.7083282470703,96.2864990234375,4095321,0.0,0.0
2017-07-25,NTPC.NS,136.75,138.0833282470703,136.375,136.5833282470703,96.1984405517578,5238774,0.0,0.0
2017-07-26,NTPC.NS,136.6666717529297,139.2916717529297,136.6666717529297,138.625,97.63643646240234,4710169,0.0,0.0
2017-07-27,NTPC.NS,139.1666717529297,139.3333282470703,136.875,137.8333282470703,97.078857421875,13313542,0.0,0.0
2017-07-28,NTPC.NS,137.4166717529297,138.2083282470703,134.8333282470703,136.5833282470703,96.1984405517578,5825488,0.0,0.0
2017-07-31,NTPC.NS,138.0833282470703,138.9583282470703,134.9583282470703,136.8333282470703,96.37452697753906,11319219,0.0,0.0
2017-08-01,NTPC.NS,137.1666717529297,138.3333282470703,135.9166717529297,137.6666717529297,96.96149444580078,7131372,0.0,0.0
2017-08-02,NTPC.NS,138.2083282470703,144.125,138.2083282470703,143.2083282470703,100.86458587646484,22272063,0.0,0.0
2017-08-03,NTPC.NS,143.3333282470703,145.2083282470703,141.7083282470703,143.7916717529297,101.2754364013672,7242470,0.0,0.0
2017-08-04,NTPC.NS,143.625,148.5,141.3333282470703,147.7916717529297,104.09270477294922,9251462,0.0,0.0
2017-08-07,NTPC.NS,147.75,149.2916717529297,144.8333282470703,145.375,102.390625,4356682,0.0,0.0
2017-08-08,NTPC.NS,143.5833282470703,144.7083282470703,141.1666717529297,142.625,100.4537124633789,4508409,0.0,0.0
2017-08-09,NTPC.NS,142.5,146.125,142.0833282470703,144.7083282470703,101.92105865478516,3248853,0.0,0.0
2017-08-10,NTPC.NS,144.7083282470703,145.2083282470703,141.1666717529297,143.875,101.33412170410156,2957564,0.0,0.0
2017-08-11,NTPC.NS,141.25,144.0,139.5416717529297,140.7083282470703,99.10376739501952,6021926,0.0,0.0
2017-08-14,NTPC.NS,141.6666717529297,144.6666717529297,140.5833282470703,143.125,100.805908203125,4955436,0.0,0.0
2017-08-16,NTPC.NS,142.9166717529297,144.5833282470703,141.375,141.75,99.83745574951172,6909514,0.0,0.0
2017-08-17,NTPC.NS,142.5,147.875,141.0833282470703,147.3333282470703,103.76990509033205,6198212,0.0,0.0
2017-08-18,NTPC.NS,147.8333282470703,148.875,143.875,144.5,101.7743148803711,9086977,0.0,0.0
2017-08-21,NTPC.NS,144.3333282470703,145.9166717529297,143.0416717529297,143.3333282470703,100.95262908935548,4958263,0.0,0.0
2017-08-22,NTPC.NS,144.8333282470703,144.875,139.3333282470703,139.75,98.42879486083984,5514501,0.0,0.0
2017-08-23,NTPC.NS,140.0,142.5833282470703,139.6666717529297,141.875,99.92549896240234,5016500,0.0,0.0
2017-08-24,NTPC.NS,142.5,143.0,140.2083282470703,140.8333282470703,99.19182586669922,5959692,0.0,0.0
2017-08-28,NTPC.NS,141.4166717529297,145.0,141.4166717529297,144.4166717529297,101.71563720703124,6243884,0.0,0.0
2017-08-29,NTPC.NS,138.5416717529297,140.75,138.4166717529297,140.3333282470703,98.83965301513672,26027901,0.0,0.0
2017-08-30,NTPC.NS,138.3333282470703,142.7916717529297,138.125,139.9583282470703,98.57555389404295,24858153,0.0,0.0
2017-08-31,NTPC.NS,136.6666717529297,141.0,136.4583282470703,140.625,99.04511260986328,100020078,0.0,0.0
2017-09-01,NTPC.NS,139.5416717529297,140.75,138.9583282470703,140.2083282470703,98.75162506103516,6407655,0.0,0.0
2017-09-04,NTPC.NS,139.1666717529297,141.0,139.0416717529297,140.2083282470703,98.75162506103516,5787289,0.0,0.0
2017-09-05,NTPC.NS,140.3333282470703,141.4583282470703,139.625,141.25,99.48529815673828,3431329,0.0,0.0
2017-09-06,NTPC.NS,140.7916717529297,141.875,140.625,141.625,99.74940490722656,2789814,0.0,0.0
2017-09-07,NTPC.NS,140.0,142.25,139.875,141.75,101.12871551513672,5341582,1.808333,0.0
2017-09-08,NTPC.NS,141.0,141.75,138.7916717529297,139.7916717529297,99.7315902709961,3959727,0.0,0.0
2017-09-11,NTPC.NS,139.5833282470703,142.75,138.9583282470703,142.125,101.39624786376952,13794789,0.0,0.0
2017-09-12,NTPC.NS,142.0416717529297,143.2083282470703,141.0416717529297,141.9583282470703,101.27733612060548,4997685,0.0,0.0
2017-09-13,NTPC.NS,141.4166717529297,142.8333282470703,140.5,140.7916717529297,100.44500732421876,5065327,0.0,0.0
2017-09-14,NTPC.NS,140.7916717529297,141.6666717529297,140.0833282470703,140.5416717529297,100.26663970947266,7281802,0.0,0.0
2017-09-15,NTPC.NS,140.0,140.1666717529297,139.0833282470703,139.4583282470703,99.4937515258789,6626685,0.0,0.0
2017-09-18,NTPC.NS,140.0,141.9583282470703,139.75,140.0,99.88020324707033,3664866,0.0,0.0
2017-09-19,NTPC.NS,140.0,141.3333282470703,139.0416717529297,140.8333282470703,100.47472381591795,2329150,0.0,0.0
2017-09-20,NTPC.NS,140.8333282470703,141.1666717529297,138.875,139.8333282470703,99.76129150390624,4668108,0.0,0.0
2017-09-21,NTPC.NS,139.25,140.4166717529297,139.2083282470703,140.1666717529297,99.99911499023438,3728936,0.0,0.0
2017-09-22,NTPC.NS,139.5416717529297,140.0,137.125,138.3333282470703,98.69115447998048,6742154,0.0,0.0
2017-09-25,NTPC.NS,139.1666717529297,139.9166717529297,137.3333282470703,138.5416717529297,98.83979034423828,5028435,0.0,0.0
2017-09-26,NTPC.NS,139.0833282470703,139.5416717529297,136.7916717529297,139.125,99.25596618652344,4261666,0.0,0.0
2017-09-27,NTPC.NS,139.375,139.5416717529297,137.0833282470703,137.5,98.09661102294922,3760716,0.0,0.0
2017-09-28,NTPC.NS,137.5,138.75,136.75,138.375,98.72086334228516,6199570,0.0,0.0
2017-09-29,NTPC.NS,138.75,139.9583282470703,137.7083282470703,139.5416717529297,99.55320739746094,4245489,0.0,0.0
2017-10-03,NTPC.NS,140.0,140.7916717529297,139.6666717529297,140.3333282470703,100.11801147460938,5038693,0.0,0.0
2017-10-04,NTPC.NS,140.3333282470703,141.0,139.3333282470703,140.0416717529297,99.90991973876952,6354854,0.0,0.0
2017-10-05,NTPC.NS,139.875,143.0,139.8333282470703,142.5833282470703,101.72323608398438,13895436,0.0,0.0
2017-10-06,NTPC.NS,142.7083282470703,148.3333282470703,142.625,146.7083282470703,104.66613006591795,18944218,0.0,0.0
2017-10-09,NTPC.NS,145.7916717529297,148.0,145.125,145.75,103.98242950439452,6961627,0.0,0.0
2017-10-10,NTPC.NS,145.75,146.5416717529297,145.25,146.25,104.33914184570312,5929921,0.0,0.0
2017-10-11,NTPC.NS,146.75,147.7083282470703,145.2083282470703,145.7083282470703,103.95267486572266,5036053,0.0,0.0
2017-10-12,NTPC.NS,145.8333282470703,149.0833282470703,145.8333282470703,147.25,105.05255889892578,19542392,0.0,0.0
2017-10-13,NTPC.NS,148.3333282470703,148.6666717529297,145.6666717529297,146.5416717529297,104.54723358154295,6797923,0.0,0.0
2017-10-16,NTPC.NS,146.6666717529297,147.625,145.75,146.2083282470703,104.30941009521484,2658920,0.0,0.0
2017-10-17,NTPC.NS,146.4166717529297,147.0833282470703,144.7916717529297,146.5833282470703,104.57694244384766,23635226,0.0,0.0
2017-10-18,NTPC.NS,146.9166717529297,150.0,145.8333282470703,148.375,105.8551788330078,8205376,0.0,0.0
2017-10-19,NTPC.NS,148.6666717529297,148.75,145.1666717529297,145.875,104.07161712646484,556915,0.0,0.0
2017-10-23,NTPC.NS,145.875,148.25,144.7083282470703,147.4583282470703,105.20118713378906,6443756,0.0,0.0
2017-10-24,NTPC.NS,147.5,152.4166717529297,146.875,151.375,107.9954605102539,14176243,0.0,0.0
2017-10-25,NTPC.NS,151.5833282470703,154.4583282470703,151.5,152.7916717529297,109.00617980957033,10983906,0.0,0.0
2017-10-26,NTPC.NS,152.7083282470703,154.25,152.0833282470703,153.875,109.7790298461914,11019600,0.0,0.0
2017-10-27,NTPC.NS,153.75,156.6666717529297,151.0416717529297,151.625,108.17383575439452,7227376,0.0,0.0
2017-10-30,NTPC.NS,151.75,152.625,151.75,152.1666717529297,108.56028747558594,5224491,0.0,0.0
2017-10-31,NTPC.NS,152.5,152.6666717529297,150.0833282470703,151.0416717529297,107.7576675415039,9992200,0.0,0.0
2017-11-01,NTPC.NS,151.0,153.75,150.0416717529297,150.625,107.4604034423828,9539526,0.0,0.0
2017-11-02,NTPC.NS,147.5833282470703,150.7083282470703,147.4166717529297,150.2083282470703,107.16313934326172,7958055,0.0,0.0
2017-11-03,NTPC.NS,149.1666717529297,153.25,149.1666717529297,151.625,108.17383575439452,10815914,0.0,0.0
2017-11-06,NTPC.NS,151.5833282470703,151.5833282470703,148.875,149.375,106.56861114501952,4282537,0.0,0.0
2017-11-07,NTPC.NS,149.75,150.6666717529297,147.625,148.6666717529297,106.06329345703124,10390363,0.0,0.0
2017-11-08,NTPC.NS,148.25,149.3333282470703,146.5416717529297,146.9583282470703,104.84447479248048,7184114,0.0,0.0
2017-11-09,NTPC.NS,147.125,149.7916717529297,147.125,148.375,105.8551788330078,5041654,0.0,0.0
2017-11-10,NTPC.NS,148.2083282470703,148.6666717529297,146.2916717529297,147.125,104.96339416503906,6573186,0.0,0.0
2017-11-13,NTPC.NS,148.375,149.125,146.875,147.4583282470703,105.20118713378906,5605167,0.0,0.0
2017-11-14,NTPC.NS,147.9166717529297,151.5416717529297,146.875,147.5416717529297,105.26065063476562,11136588,0.0,0.0
2017-11-15,NTPC.NS,147.0416717529297,147.4583282470703,144.625,145.1666717529297,103.56626892089844,8244417,0.0,0.0
2017-11-16,NTPC.NS,146.25,148.6666717529297,145.0833282470703,147.0416717529297,104.90394592285156,8639272,0.0,0.0
2017-11-17,NTPC.NS,148.4166717529297,150.0416717529297,146.75,147.9583282470703,105.55792999267578,8639323,0.0,0.0
2017-11-20,NTPC.NS,147.625,150.9583282470703,147.625,150.375,107.28203582763672,5624824,0.0,0.0
2017-11-21,NTPC.NS,150.6666717529297,154.8333282470703,150.5,152.4583282470703,108.76834869384766,12956512,0.0,0.0
2017-11-22,NTPC.NS,153.375,154.1666717529297,150.9583282470703,151.5416717529297,108.11438751220705,7199913,0.0,0.0
2017-11-23,NTPC.NS,151.5833282470703,152.0833282470703,149.125,150.3333282470703,107.2523193359375,6313909,0.0,0.0
2017-11-24,NTPC.NS,150.0,151.4583282470703,149.25,150.25,107.19286346435548,4985976,0.0,0.0
2017-11-27,NTPC.NS,150.0,155.7083282470703,149.6666717529297,155.2916717529297,110.7897491455078,12239492,0.0,0.0
2017-11-28,NTPC.NS,154.9583282470703,154.9583282470703,151.9583282470703,152.3333282470703,108.6791763305664,21490923,0.0,0.0
2017-11-29,NTPC.NS,153.1666717529297,153.6666717529297,151.3333282470703,151.6666717529297,108.20355224609376,14803374,0.0,0.0
2017-11-30,NTPC.NS,150.8333282470703,152.5416717529297,149.9583282470703,150.9583282470703,107.69818878173828,21081258,0.0,0.0
2017-12-01,NTPC.NS,152.3333282470703,153.0833282470703,150.4166717529297,151.0833282470703,107.78738403320312,5247830,0.0,0.0
2017-12-04,NTPC.NS,151.5833282470703,151.875,149.7083282470703,150.1666717529297,107.1333999633789,10381372,0.0,0.0
2017-12-05,NTPC.NS,149.625,149.625,146.9166717529297,147.5833282470703,105.2903823852539,9543513,0.0,0.0
2017-12-06,NTPC.NS,146.7083282470703,148.125,145.5833282470703,146.375,104.42832946777344,10349719,0.0,0.0
2017-12-07,NTPC.NS,147.5,151.2083282470703,145.9166717529297,150.25,107.19286346435548,13097042,0.0,0.0
2017-12-08,NTPC.NS,148.4166717529297,151.375,148.375,150.3333282470703,107.2523193359375,13832593,0.0,0.0
2017-12-11,NTPC.NS,151.3333282470703,151.6666717529297,148.0833282470703,148.625,106.03352355957033,8522901,0.0,0.0
2017-12-12,NTPC.NS,148.0833282470703,148.2083282470703,145.75,146.5833282470703,104.57694244384766,9448897,0.0,0.0
2017-12-13,NTPC.NS,147.25,147.5,146.125,146.7083282470703,104.66613006591795,8234570,0.0,0.0
2017-12-14,NTPC.NS,146.75,148.25,144.625,147.75,105.40928649902344,8551278,0.0,0.0
2017-12-15,NTPC.NS,148.4166717529297,148.8333282470703,146.75,147.875,105.49846649169922,6455800,0.0,0.0
2017-12-18,NTPC.NS,146.1666717529297,148.5416717529297,144.875,148.125,105.67683410644533,6610290,0.0,0.0
2017-12-19,NTPC.NS,148.2083282470703,150.2916717529297,147.4583282470703,150.0416717529297,107.0442352294922,7419950,0.0,0.0
2017-12-20,NTPC.NS,150.1666717529297,150.3333282470703,148.0833282470703,148.7083282470703,106.09298706054688,5873828,0.0,0.0
2017-12-21,NTPC.NS,149.0416717529297,150.2916717529297,148.75,150.0833282470703,107.0739517211914,6576799,0.0,0.0
2017-12-22,NTPC.NS,149.5833282470703,150.5416717529297,149.3333282470703,149.7916717529297,106.86587524414062,3793356,0.0,0.0
2017-12-26,NTPC.NS,150.4166717529297,150.4166717529297,147.4166717529297,148.7083282470703,106.09298706054688,11741056,0.0,0.0
2017-12-27,NTPC.NS,148.7083282470703,150.25,147.1666717529297,147.9166717529297,105.52819061279295,7842159,0.0,0.0
2017-12-28,NTPC.NS,148.25,148.9166717529297,146.2916717529297,146.7916717529297,104.72557830810548,17995456,0.0,0.0
2017-12-29,NTPC.NS,147.4583282470703,148.5416717529297,146.5,147.5,105.23094177246094,8900653,0.0,0.0
2018-01-02,NTPC.NS,147.3333282470703,149.375,147.125,149.0833282470703,106.36053466796876,10171537,0.0,0.0
2018-01-03,NTPC.NS,149.5833282470703,150.25,147.2916717529297,147.5416717529297,105.26065063476562,12409998,0.0,0.0
2018-01-04,NTPC.NS,147.875,148.25,147.125,147.5833282470703,105.2903823852539,8712321,0.0,0.0
2018-01-05,NTPC.NS,147.75,148.5416717529297,147.0833282470703,147.9166717529297,105.52819061279295,12431070,0.0,0.0
2018-01-08,NTPC.NS,148.0,148.75,147.4166717529297,148.0416717529297,105.61737823486328,7290126,0.0,0.0
2018-01-09,NTPC.NS,148.25,148.6666717529297,146.4583282470703,147.25,105.05255889892578,7868696,0.0,0.0
2018-01-10,NTPC.NS,146.8333282470703,147.3333282470703,144.5,144.9583282470703,103.41763305664062,9836607,0.0,0.0
2018-01-11,NTPC.NS,145.0,145.75,144.1666717529297,144.5833282470703,103.15009307861328,6643371,0.0,0.0
2018-01-12,NTPC.NS,144.75,145.0833282470703,143.1666717529297,143.75,102.55555725097656,8369301,0.0,0.0
2018-01-15,NTPC.NS,144.1666717529297,146.1666717529297,143.1666717529297,144.125,102.8230972290039,5463837,0.0,0.0
2018-01-16,NTPC.NS,144.6666717529297,145.5,142.1666717529297,144.375,103.00146484375,10138000,0.0,0.0
2018-01-17,NTPC.NS,144.3333282470703,145.7083282470703,142.375,145.2083282470703,103.59596252441406,7596332,0.0,0.0
2018-01-18,NTPC.NS,145.7083282470703,145.7083282470703,143.0416717529297,143.4583282470703,102.34746551513672,8280381,0.0,0.0
2018-01-19,NTPC.NS,143.375,144.5416717529297,141.8333282470703,143.9583282470703,102.70421600341795,3836697,0.0,0.0
2018-01-22,NTPC.NS,144.1666717529297,144.4166717529297,142.875,143.6666717529297,102.4961166381836,5422626,0.0,0.0
2018-01-23,NTPC.NS,143.4166717529297,146.875,143.4166717529297,143.9166717529297,102.67446899414062,6478592,0.0,0.0
2018-01-24,NTPC.NS,143.875,145.5833282470703,143.0,145.0,103.44734954833984,11677422,0.0,0.0
2018-01-25,NTPC.NS,144.625,146.25,142.8333282470703,143.2916717529297,102.22859191894533,13565392,0.0,0.0
2018-01-29,NTPC.NS,143.3333282470703,143.9583282470703,142.0833282470703,142.5416717529297,101.69351196289062,12918822,0.0,0.0
2018-01-30,NTPC.NS,142.5416717529297,143.75,141.5,141.9166717529297,101.24762725830078,9204885,0.0,0.0
2018-01-31,NTPC.NS,141.6666717529297,142.4583282470703,140.625,141.875,101.21788787841795,7820538,0.0,0.0
2018-02-01,NTPC.NS,141.0416717529297,141.5,139.5,140.875,100.5044403076172,11024756,0.0,0.0
2018-02-02,NTPC.NS,139.5833282470703,140.4583282470703,137.3333282470703,137.6666717529297,98.21554565429688,4803742,0.0,0.0
2018-02-05,NTPC.NS,135.0,139.5,135.0,138.5416717529297,98.83979034423828,7129994,0.0,0.0
2018-02-06,NTPC.NS,135.0,138.3333282470703,134.375,137.75,98.27501678466795,4853142,0.0,0.0
2018-02-07,NTPC.NS,137.0833282470703,138.5416717529297,132.375,137.875,100.0159912109375,11374195,2.275,0.0
2018-02-08,NTPC.NS,137.875,138.125,135.8333282470703,136.4166717529297,98.95808410644533,7486767,0.0,0.0
2018-02-09,NTPC.NS,135.375,136.7083282470703,133.75,136.0416717529297,98.68605041503906,4518222,0.0,0.0
2018-02-12,NTPC.NS,136.5,137.75,135.0833282470703,137.4166717529297,99.68347930908205,10466476,0.0,0.0
2018-02-14,NTPC.NS,137.5,138.0833282470703,135.125,135.7916717529297,98.50470733642578,4921964,0.0,0.0
2018-02-15,NTPC.NS,136.2083282470703,136.9583282470703,135.5416717529297,136.0,98.65583038330078,2581964,0.0,0.0
2018-02-16,NTPC.NS,136.25,136.5,135.0416717529297,135.6666717529297,98.41402435302734,7340724,0.0,0.0
2018-02-19,NTPC.NS,136.125,136.375,134.5416717529297,135.75,98.47447967529295,2634882,0.0,0.0
2018-02-20,NTPC.NS,135.2916717529297,137.5833282470703,135.0833282470703,136.8333282470703,99.26033020019533,6225978,0.0,0.0
2018-02-21,NTPC.NS,137.5,137.5,134.5833282470703,135.25,98.11177825927734,9316350,0.0,0.0
2018-02-22,NTPC.NS,134.9166717529297,135.25,133.4583282470703,133.9583282470703,97.17478942871094,5934736,0.0,0.0
2018-02-23,NTPC.NS,134.2083282470703,136.6666717529297,134.0416717529297,136.2916717529297,98.86741638183594,4571212,0.0,0.0
2018-02-26,NTPC.NS,136.3333282470703,136.375,134.5833282470703,135.7916717529297,98.50470733642578,3486711,0.0,0.0
2018-02-27,NTPC.NS,136.6666717529297,138.3333282470703,135.4583282470703,137.9583282470703,100.076416015625,3844933,0.0,0.0
2018-02-28,NTPC.NS,136.6666717529297,137.6666717529297,135.4583282470703,136.0416717529297,98.68605041503906,5257828,0.0,0.0
2018-03-01,NTPC.NS,136.4166717529297,136.4583282470703,135.0,135.8333282470703,98.53491973876952,2576112,0.0,0.0
2018-03-05,NTPC.NS,134.5833282470703,137.5833282470703,133.375,136.0833282470703,98.71627807617188,3945470,0.0,0.0
2018-03-06,NTPC.NS,136.9166717529297,137.4583282470703,135.1666717529297,136.125,98.74651336669922,6137704,0.0,0.0
2018-03-07,NTPC.NS,135.8333282470703,137.25,134.9166717529297,136.25,98.8371810913086,3130801,0.0,0.0
2018-03-08,NTPC.NS,136.6666717529297,138.3333282470703,135.2083282470703,137.75,99.9253158569336,5446693,0.0,0.0
2018-03-09,NTPC.NS,137.5833282470703,137.75,135.4583282470703,137.0,99.38123321533205,4485285,0.0,0.0
2018-03-12,NTPC.NS,137.3333282470703,143.9583282470703,136.75,142.625,103.4616470336914,3493401,0.0,0.0
2018-03-13,NTPC.NS,141.1666717529297,142.2916717529297,139.4166717529297,141.1666717529297,102.40379333496094,3752316,0.0,0.0
2018-03-14,NTPC.NS,141.0833282470703,141.7916717529297,140.125,141.4166717529297,102.58512878417967,4448883,0.0,0.0
2018-03-15,NTPC.NS,140.8333282470703,141.7916717529297,139.4166717529297,141.5833282470703,102.70601654052734,4383296,0.0,0.0
2018-03-16,NTPC.NS,139.8333282470703,141.2083282470703,136.375,137.375,99.65325164794922,14854449,0.0,0.0
2018-03-19,NTPC.NS,137.5,139.9166717529297,136.375,139.1666717529297,100.95297241210938,6026004,0.0,0.0
2018-03-20,NTPC.NS,138.6666717529297,139.4166717529297,137.2083282470703,138.6666717529297,100.59025573730467,3780434,0.0,0.0
2018-03-21,NTPC.NS,139.5833282470703,142.375,138.0416717529297,141.9583282470703,102.9780502319336,6866022,0.0,0.0
2018-03-22,NTPC.NS,140.8333282470703,142.6666717529297,140.4166717529297,142.4583282470703,103.34075927734376,4472313,0.0,0.0
2018-03-23,NTPC.NS,140.75,143.1666717529297,140.25,141.7083282470703,102.79669952392578,10827793,0.0,0.0
2018-03-26,NTPC.NS,141.625,142.5,140.625,141.5416717529297,102.67581176757812,6600055,0.0,0.0
2018-03-27,NTPC.NS,141.875,142.9166717529297,140.375,142.5416717529297,103.40121459960938,4195293,0.0,0.0
2018-03-28,NTPC.NS,142.25,142.5,138.7083282470703,141.4166717529297,102.58512878417967,10138818,0.0,0.0
2018-04-02,NTPC.NS,141.5833282470703,142.375,140.0833282470703,142.0,103.00829315185548,3367125,0.0,0.0
2018-04-03,NTPC.NS,142.3333282470703,143.25,140.5,141.125,102.37355041503906,4460793,0.0,0.0
2018-04-04,NTPC.NS,140.9583282470703,141.125,137.9166717529297,138.7916717529297,100.6809310913086,3998232,0.0,0.0
2018-04-05,NTPC.NS,139.1666717529297,141.4583282470703,139.0,140.7916717529297,102.13177490234376,3916746,0.0,0.0
2018-04-06,NTPC.NS,140.3333282470703,141.6666717529297,139.2916717529297,141.2083282470703,102.43399810791016,3134724,0.0,0.0
2018-04-09,NTPC.NS,140.8333282470703,142.0416717529297,140.375,141.375,102.5549087524414,3930802,0.0,0.0
2018-04-10,NTPC.NS,141.5833282470703,142.0,140.125,140.3333282470703,101.79926300048828,2607237,0.0,0.0
2018-04-11,NTPC.NS,141.0833282470703,142.1666717529297,139.75,140.4166717529297,101.85972595214844,6787894,0.0,0.0
2018-04-12,NTPC.NS,140.0833282470703,141.5416717529297,139.4583282470703,141.25,102.4642562866211,6867020,0.0,0.0
2018-04-13,NTPC.NS,141.3333282470703,143.0833282470703,140.9583282470703,142.4583282470703,103.34075927734376,3483164,0.0,0.0
2018-04-16,NTPC.NS,141.3333282470703,145.75,141.3333282470703,145.0833282470703,105.24496459960938,3694548,0.0,0.0
2018-04-17,NTPC.NS,145.375,148.1666717529297,145.0833282470703,147.4583282470703,106.96781158447266,6699236,0.0,0.0
2018-04-18,NTPC.NS,147.0833282470703,150.0,146.9583282470703,148.7916717529297,107.93505096435548,4948994,0.0,0.0
2018-04-19,NTPC.NS,149.1666717529297,149.6666717529297,147.5,147.9583282470703,107.3305206298828,3141238,0.0,0.0
2018-04-20,NTPC.NS,148.2916717529297,148.2916717529297,144.375,145.2916717529297,105.3960952758789,3495886,0.0,0.0
2018-04-23,NTPC.NS,145.0416717529297,146.25,144.2916717529297,144.6666717529297,104.94271850585938,3569025,0.0,0.0
2018-04-24,NTPC.NS,144.625,145.5416717529297,143.4166717529297,144.0416717529297,104.48934173583984,2003576,0.0,0.0
2018-04-25,NTPC.NS,144.0,144.0416717529297,141.25,143.2083282470703,103.8848114013672,5424140,0.0,0.0
2018-04-26,NTPC.NS,143.875,144.875,141.2916717529297,143.3333282470703,103.97550201416016,5347538,0.0,0.0
2018-04-27,NTPC.NS,143.8333282470703,143.9583282470703,141.1666717529297,142.2916717529297,103.21988677978516,9327048,0.0,0.0
2018-04-30,NTPC.NS,142.6666717529297,144.2916717529297,141.5,143.4583282470703,104.06616973876952,2290147,0.0,0.0
2018-05-02,NTPC.NS,143.9583282470703,143.9583282470703,141.5,142.0,103.00829315185548,2610385,0.0,0.0
2018-05-03,NTPC.NS,142.2916717529297,146.8333282470703,141.7083282470703,145.25,105.36589813232422,3549040,0.0,0.0
2018-05-04,NTPC.NS,145.1666717529297,145.1666717529297,142.1666717529297,142.4166717529297,103.31055450439452,3371295,0.0,0.0
2018-05-07,NTPC.NS,142.625,143.5833282470703,141.6666717529297,142.0833282470703,103.06874084472656,5823535,0.0,0.0
2018-05-08,NTPC.NS,142.5416717529297,143.3333282470703,141.875,142.8333282470703,103.61279296875,3453937,0.0,0.0
2018-05-09,NTPC.NS,142.125,143.6666717529297,141.5833282470703,142.0,103.00829315185548,10928712,0.0,0.0
2018-05-10,NTPC.NS,142.8333282470703,143.0833282470703,139.875,140.4166717529297,101.85972595214844,9844190,0.0,0.0
2018-05-11,NTPC.NS,140.0,141.875,139.0833282470703,139.5416717529297,101.22499084472656,15561708,0.0,0.0
2018-05-14,NTPC.NS,139.5833282470703,144.0833282470703,138.25,143.0416717529297,103.76392364501952,7046984,0.0,0.0
2018-05-15,NTPC.NS,141.875,144.9583282470703,141.0833282470703,141.75,102.8269500732422,5782708,0.0,0.0
2018-05-16,NTPC.NS,142.125,143.0833282470703,140.4166717529297,141.6666717529297,102.76649475097656,3899072,0.0,0.0
2018-05-17,NTPC.NS,141.75,142.5833282470703,138.8333282470703,139.25,101.0134048461914,6783446,0.0,0.0
2018-05-18,NTPC.NS,138.75,140.0833282470703,138.125,138.8333282470703,100.71114349365234,5496430,0.0,0.0
2018-05-21,NTPC.NS,138.3333282470703,139.3333282470703,135.5833282470703,137.0,99.38123321533205,3879174,0.0,0.0
2018-05-22,NTPC.NS,136.875,139.9583282470703,136.6666717529297,137.625,99.83462524414062,4612272,0.0,0.0
2018-05-23,NTPC.NS,137.3333282470703,139.9583282470703,137.125,138.7916717529297,100.6809310913086,3475720,0.0,0.0
2018-05-24,NTPC.NS,138.875,139.8333282470703,136.875,137.5416717529297,99.77415466308594,2379879,0.0,0.0
2018-05-25,NTPC.NS,137.8333282470703,140.0833282470703,137.4166717529297,137.75,99.9253158569336,7705690,0.0,0.0
2018-05-28,NTPC.NS,138.375,141.5416717529297,137.9583282470703,139.75,101.3761215209961,11540245,0.0,0.0
2018-05-29,NTPC.NS,140.7083282470703,141.1666717529297,137.25,138.2916717529297,100.31825256347656,7141778,0.0,0.0
2018-05-30,NTPC.NS,137.0833282470703,140.2916717529297,137.0,137.75,99.9253158569336,5414080,0.0,0.0
2018-05-31,NTPC.NS,137.9166717529297,142.0416717529297,136.75,139.625,101.2854461669922,29432894,0.0,0.0
2018-06-01,NTPC.NS,139.5833282470703,139.5833282470703,136.4166717529297,136.9583282470703,99.35099792480467,2975864,0.0,0.0
2018-06-04,NTPC.NS,137.3333282470703,137.8333282470703,134.875,135.0416717529297,97.96063995361328,5021538,0.0,0.0
2018-06-05,NTPC.NS,134.5833282470703,135.4583282470703,133.3333282470703,134.4166717529297,97.50727081298828,2369418,0.0,0.0
2018-06-06,NTPC.NS,134.5,135.875,133.5416717529297,135.4166717529297,98.23268127441406,3647491,0.0,0.0
2018-06-07,NTPC.NS,135.0,136.25,134.8333282470703,135.4166717529297,98.23268127441406,4624826,0.0,0.0
2018-06-08,NTPC.NS,135.2083282470703,135.4166717529297,134.0,134.5416717529297,97.59795379638672,2199740,0.0,0.0
2018-06-11,NTPC.NS,134.5833282470703,135.5,134.375,134.7916717529297,97.779296875,4838494,0.0,0.0
2018-06-12,NTPC.NS,135.0,135.4583282470703,134.0833282470703,134.4166717529297,97.50727081298828,3082809,0.0,0.0
2018-06-13,NTPC.NS,134.5833282470703,134.7083282470703,133.3333282470703,133.5416717529297,96.87250518798828,6527995,0.0,0.0
2018-06-14,NTPC.NS,133.5,133.5,131.6666717529297,132.0,95.7541961669922,6200254,0.0,0.0
2018-06-15,NTPC.NS,132.0833282470703,132.25,128.7916717529297,130.0416717529297,94.3335952758789,10800649,0.0,0.0
2018-06-18,NTPC.NS,130.2916717529297,131.5,129.9166717529297,130.8333282470703,94.90787506103516,2289944,0.0,0.0
2018-06-19,NTPC.NS,131.125,131.125,128.4583282470703,130.125,94.39404296875,5222522,0.0,0.0
2018-06-20,NTPC.NS,130.6666717529297,131.4166717529297,129.9166717529297,130.875,94.9380874633789,7262452,0.0,0.0
2018-06-21,NTPC.NS,131.4166717529297,131.4166717529297,129.0833282470703,129.375,93.84998321533205,9600354,0.0,0.0
2018-06-22,NTPC.NS,129.1666717529297,131.8333282470703,128.0833282470703,131.0833282470703,95.08922576904295,5141889,0.0,0.0
2018-06-25,NTPC.NS,130.875,131.4166717529297,127.79166412353516,128.875,93.48727416992188,8198617,0.0,0.0
2018-06-26,NTPC.NS,128.7083282470703,130.25,127.95833587646484,129.6666717529297,94.06156158447266,6173371,0.0,0.0
2018-06-27,NTPC.NS,130.375,130.375,126.33333587646484,128.1666717529297,92.97345733642578,7083915,0.0,0.0
2018-06-28,NTPC.NS,127.5,131.5833282470703,124.58333587646484,130.3333282470703,94.545166015625,15010362,0.0,0.0
2018-06-29,NTPC.NS,129.4583282470703,134.0833282470703,128.0,133.0416717529297,96.50983428955078,6659236,0.0,0.0
2018-07-02,NTPC.NS,132.5,132.625,126.16666412353516,127.95833587646484,92.8223114013672,15954402,0.0,0.0
2018-07-03,NTPC.NS,128.3333282470703,129.5416717529297,126.33333587646484,129.1666717529297,93.69886779785156,7506727,0.0,0.0
2018-07-04,NTPC.NS,129.125,129.875,127.08333587646484,127.41666412353516,92.42937469482422,11418056,0.0,0.0
2018-07-05,NTPC.NS,127.375,127.91666412353516,126.41666412353516,126.79166412353516,91.97600555419922,4155312,0.0,0.0
2018-07-06,NTPC.NS,127.0,127.04166412353516,124.875,125.125,90.76698303222656,10642270,0.0,0.0
2018-07-09,NTPC.NS,125.25,126.58333587646484,125.20833587646484,126.04166412353516,91.43195343017578,5759994,0.0,0.0
2018-07-10,NTPC.NS,126.66666412353516,128.5416717529297,126.08333587646484,128.25,93.0338897705078,3890373,0.0,0.0
2018-07-11,NTPC.NS,127.33333587646484,128.125,126.45833587646484,127.25,92.3084945678711,4037034,0.0,0.0
2018-07-12,NTPC.NS,128.3333282470703,128.9166717529297,127.04166412353516,128.375,93.12457275390624,3424965,0.0,0.0
2018-07-13,NTPC.NS,128.5,129.5833282470703,126.58333587646484,127.45833587646484,92.45960998535156,3615536,0.0,0.0
2018-07-16,NTPC.NS,127.5,130.8333282470703,126.70833587646484,129.6666717529297,94.06156158447266,4117044,0.0,0.0
2018-07-17,NTPC.NS,129.1666717529297,130.0,127.54166412353516,129.4166717529297,93.88021087646484,2670880,0.0,0.0
2018-07-18,NTPC.NS,129.9583282470703,130.0833282470703,127.33333587646484,129.375,93.84998321533205,2892637,0.0,0.0
2018-07-19,NTPC.NS,129.1666717529297,129.875,127.875,128.7916717529297,93.42683410644533,3163729,0.0,0.0
2018-07-20,NTPC.NS,128.3333282470703,130.0,128.3333282470703,129.7083282470703,94.09178924560548,3659896,0.0,0.0
2018-07-23,NTPC.NS,129.4166717529297,133.0,129.4166717529297,131.7916717529297,95.6030502319336,6286406,0.0,0.0
2018-07-24,NTPC.NS,131.6666717529297,132.4583282470703,130.3333282470703,131.2083282470703,95.1798858642578,4224482,0.0,0.0
2018-07-25,NTPC.NS,130.0,130.9583282470703,124.875,125.83333587646484,91.2808074951172,15232765,0.0,0.0
2018-07-26,NTPC.NS,126.20833587646484,128.2083282470703,125.0,127.79166412353516,92.70140838623048,17803995,0.0,0.0
2018-07-27,NTPC.NS,127.5,129.375,126.75,129.125,93.66862487792967,5766367,0.0,0.0
2018-07-30,NTPC.NS,130.8333282470703,131.1666717529297,128.375,129.9166717529297,94.24292755126952,9747265,0.0,0.0
2018-07-31,NTPC.NS,129.875,132.3333282470703,128.5416717529297,129.0416717529297,93.60819244384766,9065227,0.0,0.0
2018-08-01,NTPC.NS,129.0,130.0,127.29166412353516,129.4583282470703,93.9104232788086,4903117,0.0,0.0
2018-08-02,NTPC.NS,128.9166717529297,129.7916717529297,128.4583282470703,129.5,93.94065856933594,3895179,0.0,0.0
2018-08-03,NTPC.NS,129.875,130.9166717529297,129.5,130.375,94.5753936767578,3276529,0.0,0.0
2018-08-06,NTPC.NS,130.75,131.6666717529297,130.0,130.625,94.75674438476562,2395237,0.0,0.0
2018-08-07,NTPC.NS,130.8333282470703,133.25,130.2916717529297,132.375,96.0262222290039,4450873,0.0,0.0
2018-08-08,NTPC.NS,132.9166717529297,133.125,131.3333282470703,131.875,95.66351318359376,4151246,0.0,0.0
2018-08-09,NTPC.NS,132.0,134.4583282470703,130.6666717529297,133.9166717529297,97.1445541381836,4915016,0.0,0.0
2018-08-10,NTPC.NS,134.1666717529297,134.5416717529297,131.875,132.9583282470703,96.4493637084961,4518788,0.0,0.0
2018-08-13,NTPC.NS,132.5,132.5416717529297,130.4583282470703,131.6666717529297,95.51238250732422,2702390,0.0,0.0
2018-08-14,NTPC.NS,131.5,132.2916717529297,130.4166717529297,130.75,94.84741973876952,2030044,0.0,0.0
2018-08-16,NTPC.NS,130.75,132.5,130.125,132.125,95.84485626220705,2153881,0.0,0.0
2018-08-17,NTPC.NS,132.5,133.5416717529297,131.375,131.6666717529297,95.51238250732422,4672155,0.0,0.0
2018-08-20,NTPC.NS,131.9166717529297,133.4166717529297,131.6666717529297,132.125,95.84485626220705,3448567,0.0,0.0
2018-08-21,NTPC.NS,133.0,134.75,131.3333282470703,134.0416717529297,97.23523712158205,5279408,0.0,0.0
2018-08-23,NTPC.NS,134.3333282470703,137.5,133.4166717529297,136.9583282470703,99.35099792480467,7704134,0.0,0.0
2018-08-24,NTPC.NS,137.1666717529297,139.7083282470703,136.375,136.9166717529297,99.32080841064452,5436786,0.0,0.0
2018-08-27,NTPC.NS,137.4166717529297,139.0416717529297,136.6666717529297,138.4583282470703,100.43911743164062,2630486,0.0,0.0
2018-08-28,NTPC.NS,138.875,145.4583282470703,138.625,140.25,101.73882293701172,8727238,0.0,0.0
2018-08-29,NTPC.NS,141.2083282470703,141.2083282470703,137.9166717529297,138.375,100.37866973876952,3769664,0.0,0.0
2018-08-30,NTPC.NS,137.9583282470703,142.2916717529297,137.9583282470703,141.4166717529297,102.58512878417967,13384598,0.0,0.0
2018-08-31,NTPC.NS,141.2083282470703,143.9166717529297,140.8333282470703,142.9166717529297,103.67326354980467,8445506,0.0,0.0
2018-09-03,NTPC.NS,143.75,144.0,139.5,141.25,102.4642562866211,4592967,0.0,0.0
2018-09-04,NTPC.NS,141.25,142.0833282470703,139.5,140.0833282470703,101.61792755126952,3016566,0.0,0.0
2018-09-05,NTPC.NS,139.75,142.0,138.75,139.9583282470703,101.52723693847656,2837060,0.0,0.0
2018-09-06,NTPC.NS,138.3333282470703,142.25,138.0416717529297,140.75,103.57545471191406,7658860,1.991667,0.0
2018-09-07,NTPC.NS,142.0833282470703,142.125,138.25,141.2916717529297,103.97404479980467,3585828,0.0,0.0
2018-09-10,NTPC.NS,141.5833282470703,142.7916717529297,140.125,141.0,103.7594223022461,5871138,0.0,0.0
2018-09-11,NTPC.NS,140.875,143.125,140.625,141.4583282470703,104.09671020507812,9709410,0.0,0.0
2018-09-12,NTPC.NS,142.0,143.0,139.0416717529297,141.6666717529297,104.2500228881836,7109565,0.0,0.0
2018-09-14,NTPC.NS,142.0,145.9166717529297,142.0,145.7916717529297,107.28553771972656,7340733,0.0,0.0
2018-09-17,NTPC.NS,145.8333282470703,146.1666717529297,142.5833282470703,143.5416717529297,105.62979888916016,2792490,0.0,0.0
2018-09-18,NTPC.NS,144.3333282470703,145.375,140.9166717529297,141.4166717529297,104.0660400390625,3646318,0.0,0.0
2018-09-19,NTPC.NS,142.5,143.2916717529297,140.0,140.9583282470703,103.72874450683594,5092003,0.0,0.0
2018-09-21,NTPC.NS,141.0,144.8333282470703,139.0416717529297,140.2083282470703,103.17684936523438,9597428,0.0,0.0
2018-09-24,NTPC.NS,140.1666717529297,142.3333282470703,138.5833282470703,139.9166717529297,102.96221160888672,6216532,0.0,0.0
2018-09-25,NTPC.NS,140.9583282470703,142.0833282470703,137.0,141.6666717529297,104.2500228881836,6496965,0.0,0.0
2018-09-26,NTPC.NS,143.0,143.0,138.3333282470703,139.8333282470703,102.90088653564452,3591889,0.0,0.0
2018-09-27,NTPC.NS,140.125,141.6666717529297,138.75,139.9583282470703,102.9928741455078,6718629,0.0,0.0
2018-09-28,NTPC.NS,139.9583282470703,141.4166717529297,138.3333282470703,139.0416717529297,102.31832885742188,5444684,0.0,0.0
2018-10-01,NTPC.NS,139.5833282470703,141.9166717529297,138.4583282470703,141.3333282470703,104.00471496582033,4950123,0.0,0.0
2018-10-03,NTPC.NS,140.6666717529297,140.7083282470703,138.4166717529297,139.4583282470703,102.62492370605467,5780126,0.0,0.0
2018-10-04,NTPC.NS,138.6666717529297,140.5,137.2916717529297,139.0,102.28766632080078,6563494,0.0,0.0
2018-10-05,NTPC.NS,138.8333282470703,139.9166717529297,133.7916717529297,135.75,99.8960418701172,13292940,0.0,0.0
2018-10-08,NTPC.NS,134.5,137.4166717529297,132.875,136.2083282470703,100.23330688476562,4637569,0.0,0.0
2018-10-09,NTPC.NS,137.3333282470703,137.5,134.0833282470703,134.75,99.16014862060548,5756458,0.0,0.0
2018-10-10,NTPC.NS,134.75,138.875,134.375,136.9583282470703,100.78521728515624,3411681,0.0,0.0
2018-10-11,NTPC.NS,135.0,138.0833282470703,134.4166717529297,135.9583282470703,100.04933166503906,3668989,0.0,0.0
2018-10-12,NTPC.NS,136.5833282470703,137.7916717529297,135.875,136.8333282470703,100.6932373046875,4147903,0.0,0.0
2018-10-15,NTPC.NS,136.875,137.9583282470703,136.4166717529297,137.2083282470703,100.9691925048828,2191491,0.0,0.0
2018-10-16,NTPC.NS,137.2083282470703,137.7916717529297,135.0833282470703,136.625,100.53995513916016,3857880,0.0,0.0
2018-10-17,NTPC.NS,137.125,138.0833282470703,135.1666717529297,135.75,99.8960418701172,5369029,0.0,0.0
2018-10-19,NTPC.NS,135.5,137.7083282470703,133.5833282470703,134.5416717529297,99.00686645507812,6202959,0.0,0.0
2018-10-22,NTPC.NS,135.875,139.9166717529297,135.0833282470703,137.375,101.09183502197266,6407974,0.0,0.0
2018-10-23,NTPC.NS,136.7916717529297,138.3333282470703,135.4583282470703,137.5,101.18383026123048,7316558,0.0,0.0
2018-10-24,NTPC.NS,138.3333282470703,138.9583282470703,133.0833282470703,135.875,99.98802185058594,12856915,0.0,0.0
2018-10-25,NTPC.NS,135.4166717529297,137.4583282470703,131.0833282470703,135.25,99.52811431884766,94631476,0.0,0.0
2018-10-26,NTPC.NS,132.4583282470703,133.5416717529297,129.0,132.75,97.68839263916016,9339921,0.0,0.0
2018-10-29,NTPC.NS,132.9583282470703,133.2916717529297,131.0833282470703,132.4583282470703,97.47374725341795,6963919,0.0,0.0
2018-10-30,NTPC.NS,132.5833282470703,134.2083282470703,130.7083282470703,132.8333282470703,97.74971771240234,3257071,0.0,0.0
2018-10-31,NTPC.NS,133.3333282470703,134.0833282470703,129.375,133.0416717529297,97.9030303955078,6069514,0.0,0.0
2018-11-01,NTPC.NS,133.125,133.5416717529297,130.625,130.8333282470703,96.2779541015625,2992327,0.0,0.0
2018-11-02,NTPC.NS,131.5833282470703,132.7916717529297,130.0416717529297,131.6666717529297,96.89118194580078,11487762,0.0,0.0
2018-11-05,NTPC.NS,131.25,131.25,126.41666412353516,127.91666412353516,94.13162994384766,18263054,0.0,0.0
2018-11-06,NTPC.NS,128.2916717529297,128.9166717529297,126.95833587646484,128.4583282470703,94.5302276611328,6223800,0.0,0.0
2018-11-07,NTPC.NS,129.1666717529297,129.2083282470703,128.75,129.0416717529297,94.95950317382812,212175,0.0,0.0
2018-11-09,NTPC.NS,129.625,129.6666717529297,127.91666412353516,128.7083282470703,94.7142105102539,8098182,0.0,0.0
2018-11-12,NTPC.NS,128.5833282470703,129.5416717529297,127.08333587646484,127.33333587646484,93.70235443115234,3916333,0.0,0.0
2018-11-13,NTPC.NS,127.08333587646484,131.5,126.95833587646484,130.6666717529297,96.15530395507812,7903864,0.0,0.0
2018-11-14,NTPC.NS,130.8333282470703,133.8333282470703,130.3333282470703,131.125,96.49258422851562,3853852,0.0,0.0
2018-11-15,NTPC.NS,131.625,132.625,127.83333587646484,128.1666717529297,94.31561279296876,4538966,0.0,0.0
2018-11-16,NTPC.NS,127.66666412353516,129.5833282470703,127.5,128.375,94.46890258789062,5166086,0.0,0.0
2018-11-19,NTPC.NS,128.3333282470703,128.75,126.58333587646484,127.45833587646484,93.79434204101562,6879644,0.0,0.0
2018-11-20,NTPC.NS,127.0,127.58333587646484,123.75,124.29166412353516,91.46405029296876,4600113,0.0,0.0
2018-11-21,NTPC.NS,124.29166412353516,124.875,122.625,123.20833587646484,90.66683959960938,7625524,0.0,0.0
2018-11-22,NTPC.NS,123.125,123.66666412353516,121.33333587646484,121.66666412353516,89.53236389160156,3684871,0.0,0.0
2018-11-26,NTPC.NS,122.0,122.45833587646484,118.08333587646484,120.58333587646484,88.73516845703125,6534517,0.0,0.0
2018-11-27,NTPC.NS,120.41666412353516,122.33333587646484,119.375,121.45833587646484,89.3790512084961,4866687,0.0,0.0
2018-11-28,NTPC.NS,122.45833587646484,122.95833587646484,118.33333587646484,119.54166412353516,87.9686050415039,17823474,0.0,0.0
2018-11-29,NTPC.NS,119.875,121.45833587646484,117.375,118.54166412353516,87.23271942138672,30727317,0.0,0.0
2018-11-30,NTPC.NS,118.33333587646484,118.83333587646484,114.625,116.91666412353516,86.03691101074219,29840662,0.0,0.0
2018-12-03,NTPC.NS,116.95833587646484,121.375,116.66666412353516,120.75,88.85779571533203,12013041,0.0,0.0
2018-12-04,NTPC.NS,120.625,120.625,118.33333587646484,119.33333587646484,87.81529235839844,6785000,0.0,0.0
2018-12-05,NTPC.NS,119.125,120.75,116.0,117.54166412353516,86.49684143066406,8833965,0.0,0.0
2018-12-06,NTPC.NS,117.25,118.5,115.16666412353516,116.5,85.73030090332031,5460772,0.0,0.0
2018-12-07,NTPC.NS,116.66666412353516,117.58333587646484,113.79166412353516,114.875,84.53449249267578,13240540,0.0,0.0
2018-12-10,NTPC.NS,113.25,116.04166412353516,112.25,113.5,83.52265167236328,34436070,0.0,0.0
2018-12-11,NTPC.NS,111.70833587646484,115.04166412353516,111.70833587646484,114.45833587646484,84.22789001464844,13406569,0.0,0.0
2018-12-12,NTPC.NS,114.95833587646484,118.0,114.08333587646484,117.25,86.28221893310547,12274362,0.0,0.0
2018-12-13,NTPC.NS,117.79166412353516,118.33333587646484,116.45833587646484,117.54166412353516,86.49684143066406,10636545,0.0,0.0
2018-12-14,NTPC.NS,117.5,120.125,116.33333587646484,119.58333587646484,87.99927520751953,13732576,0.0,0.0
2018-12-17,NTPC.NS,125.0,126.125,120.625,121.75,89.59369659423828,21749589,0.0,0.0
2018-12-18,NTPC.NS,121.66666412353516,123.66666412353516,121.04166412353516,123.08333587646484,90.57485961914062,13037010,0.0,0.0
2018-12-19,NTPC.NS,123.625,125.25,122.70833587646484,124.83333587646484,91.8626480102539,8182075,0.0,0.0
2018-12-20,NTPC.NS,123.83333587646484,124.95833587646484,122.20833587646484,124.41666412353516,91.55603790283205,13909968,0.0,0.0
2018-12-21,NTPC.NS,124.58333587646484,126.16666412353516,123.54166412353516,125.45833587646484,92.32258605957033,18956932,0.0,0.0
2018-12-24,NTPC.NS,125.0,125.45833587646484,121.0,122.0,89.77764129638672,8506178,0.0,0.0
2018-12-26,NTPC.NS,121.83333587646484,123.625,120.20833587646484,121.29166412353516,89.25640869140625,10358386,0.0,0.0
2018-12-27,NTPC.NS,122.25,124.79166412353516,120.16666412353516,123.58333587646484,90.94279479980467,32905857,0.0,0.0
2018-12-28,NTPC.NS,122.875,126.33333587646484,122.08333587646484,124.875,91.893310546875,11010662,0.0,0.0
2018-12-31,NTPC.NS,124.83333587646484,125.04166412353516,123.41666412353516,124.20833587646484,91.40272521972656,5010889,0.0,0.0
2019-01-02,NTPC.NS,123.29166412353516,123.91666412353516,121.79166412353516,122.5,90.1456069946289,5201079,0.0,0.0
2019-01-03,NTPC.NS,122.5,122.83333587646484,119.04166412353516,119.5,87.93793487548828,7035283,0.0,0.0
2019-01-04,NTPC.NS,119.95833587646484,121.91666412353516,118.54166412353516,121.45833587646484,89.3790512084961,7988112,0.0,0.0
2019-01-07,NTPC.NS,121.875,124.75,121.79166412353516,123.83333587646484,91.12677764892578,14121843,0.0,0.0
2019-01-08,NTPC.NS,123.33333587646484,124.58333587646484,121.66666412353516,122.45833587646484,90.11492919921876,6656692,0.0,0.0
2019-01-09,NTPC.NS,122.5,123.70833587646484,121.16666412353516,122.125,89.86963653564453,4636543,0.0,0.0
2019-01-10,NTPC.NS,122.45833587646484,124.625,122.29166412353516,123.41666412353516,90.82015991210938,15340801,0.0,0.0
2019-01-11,NTPC.NS,123.33333587646484,125.25,122.66666412353516,123.33333587646484,90.7588348388672,13579929,0.0,0.0
2019-01-14,NTPC.NS,123.33333587646484,123.625,121.0,121.29166412353516,89.25640869140625,5010679,0.0,0.0
2019-01-15,NTPC.NS,121.66666412353516,122.04166412353516,120.125,121.5,89.40970611572266,14730974,0.0,0.0
2019-01-16,NTPC.NS,121.91666412353516,123.75,121.41666412353516,121.95833587646484,89.74698638916016,5679378,0.0,0.0
2019-01-17,NTPC.NS,122.41666412353516,123.04166412353516,120.20833587646484,120.75,88.85779571533203,7529166,0.0,0.0
2019-01-18,NTPC.NS,121.08333587646484,122.0,120.0,120.25,88.4898681640625,3100312,0.0,0.0
2019-01-21,NTPC.NS,122.08333587646484,122.29166412353516,118.875,119.5,87.93793487548828,13187677,0.0,0.0
2019-01-22,NTPC.NS,119.91666412353516,119.91666412353516,118.33333587646484,119.0,87.56999969482422,7074433,0.0,0.0
2019-01-23,NTPC.NS,119.08333587646484,119.66666412353516,116.91666412353516,117.29166412353516,86.3128662109375,5323552,0.0,0.0
2019-01-24,NTPC.NS,117.29166412353516,118.41666412353516,115.91666412353516,116.70833587646484,85.88360595703125,4250377,0.0,0.0
2019-01-25,NTPC.NS,117.08333587646484,118.25,115.04166412353516,115.25,84.81044006347656,5463236,0.0,0.0
2019-01-28,NTPC.NS,115.41666412353516,116.25,113.875,115.5,84.99443054199219,7303346,0.0,0.0
2019-01-29,NTPC.NS,115.5,116.16666412353516,114.5,115.41666412353516,84.93309020996094,9728281,0.0,0.0
2019-01-30,NTPC.NS,116.16666412353516,117.0,115.08333587646484,115.58333587646484,85.05574798583984,13777792,0.0,0.0
2019-01-31,NTPC.NS,117.08333587646484,117.66666412353516,115.83333587646484,116.41666412353516,85.66897583007812,44034840,0.0,0.0
2019-02-01,NTPC.NS,116.66666412353516,117.08333587646484,115.66666412353516,116.79166412353516,85.94493865966797,7099405,0.0,0.0
2019-02-04,NTPC.NS,116.75,117.0,113.95833587646484,114.375,84.16654968261719,6716304,0.0,0.0
2019-02-05,NTPC.NS,114.16666412353516,115.33333587646484,113.5,115.04166412353516,84.65714263916016,8526399,0.0,0.0
2019-02-06,NTPC.NS,113.16666412353516,114.79166412353516,112.5,114.25,86.31287384033203,12810810,2.983333,0.0
2019-02-07,NTPC.NS,114.16666412353516,115.0,112.58333587646484,113.29166412353516,85.58888244628906,5193513,0.0,0.0
2019-02-08,NTPC.NS,112.83333587646484,114.5,109.625,110.04166412353516,83.13359832763672,5597162,0.0,0.0
2019-02-11,NTPC.NS,109.95833587646484,111.08333587646484,107.16666412353516,108.625,82.06332397460938,13126864,0.0,0.0
2019-02-12,NTPC.NS,108.375,111.625,108.33333587646484,111.04166412353516,83.88906860351562,14900754,0.0,0.0
2019-02-14,NTPC.NS,109.16666412353516,111.08333587646484,106.75,109.375,82.62995147705078,37913966,0.0,0.0
2019-02-15,NTPC.NS,110.0,114.5,110.0,113.54166412353516,85.77774810791016,25855830,0.0,0.0
2019-02-18,NTPC.NS,113.16666412353516,117.0,112.45833587646484,114.54166412353516,86.5332260131836,13001166,0.0,0.0
2019-02-19,NTPC.NS,114.25,114.91666412353516,110.375,111.41666412353516,84.17237091064453,9029095,0.0,0.0
2019-02-20,NTPC.NS,111.83333587646484,115.75,110.25,114.33333587646484,86.37584686279297,14955330,0.0,0.0
2019-02-21,NTPC.NS,114.83333587646484,115.41666412353516,112.91666412353516,113.70833587646484,85.9036636352539,4719134,0.0,0.0
2019-02-22,NTPC.NS,113.95833587646484,116.875,112.5,116.41666412353516,87.94974517822266,11678731,0.0,0.0
2019-02-25,NTPC.NS,116.33333587646484,117.5,113.54166412353516,116.95833587646484,88.35896301269531,27557787,0.0,0.0
2019-02-26,NTPC.NS,114.33333587646484,117.66666412353516,113.58333587646484,117.125,88.4848861694336,15501729,0.0,0.0
2019-02-27,NTPC.NS,116.08333587646484,119.125,115.125,115.625,87.3516616821289,18258775,0.0,0.0
2019-02-28,NTPC.NS,116.83333587646484,118.91666412353516,115.25,117.70833587646484,88.92556762695312,50183582,0.0,0.0
2019-03-01,NTPC.NS,118.08333587646484,119.79166412353516,118.04166412353516,119.16666412353516,90.02729797363281,6789074,0.0,0.0
2019-03-05,NTPC.NS,119.16666412353516,123.5,119.16666412353516,122.5,92.54553985595705,12988303,0.0,0.0
2019-03-06,NTPC.NS,123.08333587646484,124.58333587646484,122.58333587646484,124.125,93.77317810058594,10313295,0.0,0.0
2019-03-07,NTPC.NS,124.25,125.5,121.25,121.83333587646484,92.04190063476562,8337421,0.0,0.0
2019-03-08,NTPC.NS,122.91666412353516,129.0,121.125,126.83333587646484,95.81928253173828,34663172,0.0,0.0
2019-03-11,NTPC.NS,127.5,133.5833282470703,124.58333587646484,126.16666412353516,95.31560516357422,30007645,0.0,0.0
2019-03-12,NTPC.NS,125.66666412353516,130.2916717529297,125.16666412353516,126.04166412353516,95.22118377685548,23315044,0.0,0.0
2019-03-13,NTPC.NS,125.83333587646484,125.875,120.83333587646484,123.5,93.30101013183594,20943115,0.0,0.0
2019-03-14,NTPC.NS,124.08333587646484,129.0833282470703,123.41666412353516,128.0416717529297,96.7321319580078,14675396,0.0,0.0
2019-03-15,NTPC.NS,128.8333282470703,132.7083282470703,127.20833587646484,131.7083282470703,99.50218200683594,20356743,0.0,0.0
2019-03-18,NTPC.NS,131.5416717529297,134.0,129.7916717529297,132.2916717529297,99.94290161132812,19289406,0.0,0.0
2019-03-19,NTPC.NS,133.9499969482422,137.3000030517578,130.39999389648438,134.89999389648438,101.91342163085938,25950621,0.0,1.2
2019-03-20,NTPC.NS,135.8000030517578,136.0,128.10000610351562,129.25,97.64498901367188,28098992,0.0,0.0
2019-03-22,NTPC.NS,131.0,136.1999969482422,129.6999969482422,134.64999389648438,101.72453308105467,53779933,0.0,0.0
2019-03-25,NTPC.NS,133.85000610351562,137.5,133.75,135.35000610351562,102.25338745117188,31535535,0.0,0.0
2019-03-26,NTPC.NS,136.0,142.0,136.0,140.8000030517578,106.37071228027344,23510777,0.0,0.0
2019-03-27,NTPC.NS,140.89999389648438,140.89999389648438,136.1999969482422,137.0,103.49992370605467,20849776,0.0,0.0
2019-03-28,NTPC.NS,137.5,139.35000610351562,135.10000610351562,135.75,102.55555725097656,41232946,0.0,0.0
2019-04-01,NTPC.NS,136.39999389648438,137.5,133.5500030517578,135.10000610351562,102.06452941894533,26716877,0.0,0.0
2019-04-02,NTPC.NS,136.0500030517578,136.6999969482422,134.0,135.14999389648438,102.10227966308594,14343829,0.0,0.0
2019-04-03,NTPC.NS,135.9499969482422,137.5,134.0,134.8000030517578,101.83788299560548,12596804,0.0,0.0
2019-04-04,NTPC.NS,134.8000030517578,136.8000030517578,134.4499969482422,135.64999389648438,102.4800262451172,12939086,0.0,0.0
2019-04-05,NTPC.NS,135.5500030517578,136.4499969482422,134.39999389648438,134.8000030517578,101.83788299560548,7742848,0.0,0.0
2019-04-08,NTPC.NS,134.89999389648438,136.8000030517578,134.5500030517578,135.5500030517578,102.40447998046876,13409083,0.0,0.0
2019-04-09,NTPC.NS,135.5,136.4499969482422,135.0500030517578,135.89999389648438,102.66887664794922,7506763,0.0,0.0
2019-04-10,NTPC.NS,136.25,137.0,134.3000030517578,134.60000610351562,101.6867904663086,9502300,0.0,0.0
2019-04-11,NTPC.NS,134.9499969482422,136.39999389648438,134.39999389648438,135.9499969482422,102.70664978027344,8703097,0.0,0.0
2019-04-12,NTPC.NS,136.0,136.5,135.1999969482422,135.9499969482422,102.70664978027344,7212573,0.0,0.0
2019-04-15,NTPC.NS,136.25,138.3000030517578,135.39999389648438,136.75,103.31104278564452,11013801,0.0,0.0
2019-04-16,NTPC.NS,137.39999389648438,138.14999389648438,136.5,137.5500030517578,103.9154281616211,7469500,0.0,0.0
2019-04-18,NTPC.NS,137.5,137.85000610351562,135.0500030517578,135.35000610351562,102.25338745117188,6634192,0.0,0.0
2019-04-22,NTPC.NS,135.10000610351562,136.39999389648438,134.35000610351562,136.0,102.74446105957033,5541225,0.0,0.0
2019-04-23,NTPC.NS,136.0,136.10000610351562,133.25,133.64999389648438,100.96907043457033,8790522,0.0,0.0
2019-04-24,NTPC.NS,133.64999389648438,134.4499969482422,132.3000030517578,133.9499969482422,101.19572448730467,9255095,0.0,0.0
2019-04-25,NTPC.NS,134.0,135.35000610351562,132.3000030517578,132.89999389648438,100.40245819091795,29354749,0.0,0.0
2019-04-26,NTPC.NS,133.4499969482422,135.10000610351562,133.35000610351562,134.10000610351562,101.3090591430664,4789673,0.0,0.0
2019-04-30,NTPC.NS,134.25,134.8000030517578,131.4499969482422,134.0500030517578,101.27127838134766,7527996,0.0,0.0
2019-05-02,NTPC.NS,133.3000030517578,133.89999389648438,132.10000610351562,133.10000610351562,100.5535659790039,6401386,0.0,0.0
2019-05-03,NTPC.NS,133.10000610351562,136.64999389648438,133.0,135.4499969482422,102.32892608642578,9226969,0.0,0.0
2019-05-06,NTPC.NS,135.0,135.60000610351562,133.6999969482422,135.0,101.98895263671876,6080575,0.0,0.0
2019-05-07,NTPC.NS,135.4499969482422,136.1999969482422,133.60000610351562,134.10000610351562,101.3090591430664,9137799,0.0,0.0
2019-05-08,NTPC.NS,133.85000610351562,134.0,130.1999969482422,130.8000030517578,98.8159637451172,8742473,0.0,0.0
2019-05-09,NTPC.NS,130.75,130.8000030517578,126.4000015258789,127.6999969482422,96.47401428222656,14395488,0.0,0.0
2019-05-10,NTPC.NS,128.4499969482422,128.75,126.25,127.0,95.9451675415039,9724014,0.0,0.0
2019-05-13,NTPC.NS,126.9000015258789,127.0,123.0,123.5500030517578,93.33878326416016,11507204,0.0,0.0
2019-05-14,NTPC.NS,123.6999969482422,126.5,122.4000015258789,125.5999984741211,94.88748931884766,6908544,0.0,0.0
2019-05-15,NTPC.NS,126.3000030517578,126.9000015258789,123.0,123.9499969482422,93.64098358154295,9384447,0.0,0.0
2019-05-16,NTPC.NS,124.8499984741211,126.3499984741211,123.25,125.75,95.00082397460938,6519422,0.0,0.0
2019-05-17,NTPC.NS,124.75,126.5999984741211,124.0,125.5,94.81198120117188,10003051,0.0,0.0
2019-05-20,NTPC.NS,128.1999969482422,130.10000610351562,125.5999984741211,129.25,97.64498901367188,12330905,0.0,0.0
2019-05-21,NTPC.NS,129.6999969482422,129.75,127.75,128.60000610351562,97.15393829345705,8095621,0.0,0.0
2019-05-22,NTPC.NS,128.60000610351562,130.4499969482422,127.4000015258789,129.60000610351562,97.90941619873048,9540723,0.0,0.0
2019-05-23,NTPC.NS,130.60000610351562,133.4499969482422,129.35000610351562,129.85000610351562,98.0982894897461,11017547,0.0,0.0
2019-05-24,NTPC.NS,130.5,131.0,128.5500030517578,129.14999389648438,97.56944274902344,9371443,0.0,0.0
2019-05-27,NTPC.NS,132.39999389648438,136.60000610351562,130.14999389648438,133.1999969482422,100.62911224365234,19948676,0.0,0.0
2019-05-28,NTPC.NS,133.9499969482422,134.75,131.6999969482422,132.60000610351562,100.17581939697266,15628186,0.0,0.0
2019-05-29,NTPC.NS,132.0,133.25,130.1999969482422,130.89999389648438,98.89151763916016,5397986,0.0,0.0
2019-05-30,NTPC.NS,131.0500030517578,135.60000610351562,131.0500030517578,135.10000610351562,102.06452941894533,30257040,0.0,0.0
2019-05-31,NTPC.NS,135.25,136.0500030517578,132.3000030517578,133.25,100.66687774658205,11325445,0.0,0.0
2019-06-03,NTPC.NS,134.39999389648438,134.8000030517578,132.6999969482422,133.10000610351562,100.5535659790039,7302092,0.0,0.0
2019-06-04,NTPC.NS,133.14999389648438,136.35000610351562,133.14999389648438,135.0500030517578,102.02674865722656,10439893,0.0,0.0
2019-06-06,NTPC.NS,135.14999389648438,137.0,132.8000030517578,136.5500030517578,103.1599349975586,12191883,0.0,0.0
2019-06-07,NTPC.NS,137.0,137.5,134.5,135.14999389648438,102.10227966308594,9310029,0.0,0.0
2019-06-10,NTPC.NS,135.1999969482422,137.10000610351562,134.35000610351562,135.0,101.98895263671876,7295669,0.0,0.0
2019-06-11,NTPC.NS,135.39999389648438,136.64999389648438,133.75,135.3000030517578,102.21560668945312,4554162,0.0,0.0
2019-06-12,NTPC.NS,135.0,135.6999969482422,133.3000030517578,134.39999389648438,101.53567504882812,3660802,0.0,0.0
2019-06-13,NTPC.NS,134.5,135.85000610351562,133.3000030517578,134.89999389648438,101.91342163085938,5113806,0.0,0.0
2019-06-14,NTPC.NS,134.9499969482422,135.5,132.39999389648438,132.75,100.28915405273438,4761596,0.0,0.0
2019-06-17,NTPC.NS,133.4499969482422,133.85000610351562,131.39999389648438,132.25,99.91140747070312,3655275,0.0,0.0
2019-06-18,NTPC.NS,132.60000610351562,133.35000610351562,131.89999389648438,132.39999389648438,100.02474212646484,5172138,0.0,0.0
2019-06-19,NTPC.NS,132.5,135.25,132.5,134.64999389648438,101.72453308105467,5278372,0.0,0.0
2019-06-20,NTPC.NS,134.60000610351562,135.25,133.60000610351562,134.5500030517578,101.64901733398438,6963441,0.0,0.0
2019-06-21,NTPC.NS,134.85000610351562,135.1999969482422,134.0500030517578,134.5500030517578,101.64901733398438,9456244,0.0,0.0
2019-06-24,NTPC.NS,134.6999969482422,136.0,133.75,135.60000610351562,102.44225311279295,5918107,0.0,0.0
2019-06-25,NTPC.NS,135.9499969482422,139.6999969482422,135.14999389648438,138.4499969482422,104.59535217285156,18761799,0.0,0.0
2019-06-26,NTPC.NS,139.5,141.89999389648438,139.3000030517578,140.0500030517578,105.80410766601562,24643824,0.0,0.0
2019-06-27,NTPC.NS,141.0500030517578,142.0,139.0500030517578,140.14999389648438,105.87965393066406,38789825,0.0,0.0
2019-06-28,NTPC.NS,140.10000610351562,141.85000610351562,139.5,141.35000610351562,106.7862319946289,10648757,0.0,0.0
2019-07-01,NTPC.NS,142.1999969482422,145.85000610351562,138.64999389648438,142.5500030517578,107.69281005859376,31289422,0.0,0.0
2019-07-02,NTPC.NS,143.0,144.39999389648438,142.5500030517578,142.9499969482422,107.99497985839844,8847109,0.0,0.0
2019-07-03,NTPC.NS,143.85000610351562,144.39999389648438,142.64999389648438,143.25,108.22162628173828,6947927,0.0,0.0
2019-07-04,NTPC.NS,144.4499969482422,144.4499969482422,142.35000610351562,143.4499969482422,108.37272644042967,5792826,0.0,0.0
2019-07-05,NTPC.NS,142.8000030517578,143.8000030517578,135.39999389648438,136.5,103.1221694946289,21459265,0.0,0.0
2019-07-08,NTPC.NS,136.60000610351562,136.60000610351562,128.5500030517578,129.60000610351562,97.90941619873048,20404790,0.0,0.0
2019-07-09,NTPC.NS,128.4499969482422,132.0,127.5999984741211,129.5500030517578,97.87165069580078,19374808,0.0,0.0
2019-07-10,NTPC.NS,129.0,131.0,128.64999389648438,129.0500030517578,97.493896484375,9141198,0.0,0.0
2019-07-11,NTPC.NS,130.25,130.89999389648438,128.60000610351562,128.9499969482422,97.41835021972656,6669919,0.0,0.0
2019-07-12,NTPC.NS,129.85000610351562,132.4499969482422,126.4499969482422,127.8000030517578,96.54954528808594,21467991,0.0,0.0
2019-07-15,NTPC.NS,128.0,128.9499969482422,127.3000030517578,127.9499969482422,96.66287231445312,5852788,0.0,0.0
2019-07-16,NTPC.NS,128.8000030517578,131.39999389648438,128.0,130.9499969482422,98.92929077148438,11313969,0.0,0.0
2019-07-17,NTPC.NS,131.60000610351562,132.14999389648438,128.6999969482422,129.10000610351562,97.53166961669922,10958942,0.0,0.0
2019-07-18,NTPC.NS,130.10000610351562,130.9499969482422,126.4000015258789,127.0500030517578,95.98297119140624,18049102,0.0,0.0
2019-07-19,NTPC.NS,127.9499969482422,131.0,126.0500030517578,129.89999389648438,98.13603973388672,33840376,0.0,0.0
2019-07-22,NTPC.NS,130.5,132.64999389648438,127.6500015258789,130.85000610351562,98.85375213623048,15870663,0.0,0.0
2019-07-23,NTPC.NS,131.4499969482422,133.4499969482422,130.5,133.0500030517578,100.51578521728516,9840729,0.0,0.0
2019-07-24,NTPC.NS,133.5500030517578,133.5500030517578,130.6999969482422,131.85000610351562,99.6092300415039,10421947,0.0,0.0
2019-07-25,NTPC.NS,132.0,132.85000610351562,128.39999389648438,129.75,98.02272033691406,29337351,0.0,0.0
2019-07-26,NTPC.NS,130.39999389648438,130.39999389648438,128.25,128.8000030517578,97.3050308227539,11411885,0.0,0.0
2019-07-29,NTPC.NS,128.0,128.8000030517578,126.75,127.3000030517578,96.17181396484376,22168687,0.0,0.0
2019-07-30,NTPC.NS,126.6500015258789,128.64999389648438,126.0999984741211,127.1999969482422,96.09626770019533,16228044,0.0,0.0
2019-07-31,NTPC.NS,126.1999969482422,127.3499984741211,125.5,126.5500030517578,95.60520935058594,14557889,0.0,0.0
2019-08-01,NTPC.NS,126.4000015258789,127.75,125.1500015258789,126.8499984741211,95.83185577392578,11138203,0.0,0.0
2019-08-02,NTPC.NS,126.1999969482422,126.9000015258789,122.4499969482422,123.0999984741211,92.99881744384766,21851409,0.0,0.0
2019-08-05,NTPC.NS,122.4000015258789,123.4499969482422,120.4499969482422,121.0,91.4123306274414,8713907,0.0,0.0
2019-08-06,NTPC.NS,120.0,124.9000015258789,119.75,123.3499984741211,93.18770599365234,13232442,0.0,0.0
2019-08-07,NTPC.NS,123.0,124.9499969482422,122.0999984741211,123.0500030517578,92.96105194091795,13132981,0.0,0.0
2019-08-08,NTPC.NS,123.1500015258789,125.1500015258789,122.1999969482422,124.6500015258789,94.16980743408205,8227791,0.0,0.0
2019-08-09,NTPC.NS,124.5999984741211,126.6500015258789,123.1500015258789,123.9000015258789,93.60319519042967,10566552,0.0,0.0
2019-08-13,NTPC.NS,123.0,123.0,114.75,117.1500015258789,90.3263168334961,25954194,2.5,0.0
2019-08-14,NTPC.NS,117.25,119.0,116.5500030517578,117.5999984741211,90.6732940673828,8641527,0.0,0.0
2019-08-16,NTPC.NS,117.4000015258789,119.3000030517578,116.5999984741211,117.8000030517578,90.82749938964844,10992249,0.0,0.0
2019-08-19,NTPC.NS,118.3499984741211,120.4499969482422,117.5999984741211,118.9000015258789,91.6756362915039,9653434,0.0,0.0
2019-08-20,NTPC.NS,119.0,120.25,117.3499984741211,117.9499969482422,90.94314575195312,7758935,0.0,0.0
2019-08-21,NTPC.NS,118.0,119.5999984741211,117.4499969482422,117.9000015258789,90.90459442138672,12842739,0.0,0.0
2019-08-22,NTPC.NS,118.0,118.4000015258789,113.8499984741211,114.75,88.47583770751953,16991585,0.0,0.0
2019-08-23,NTPC.NS,115.0,118.9499969482422,114.0999984741211,118.5,91.3672103881836,9284204,0.0,0.0
2019-08-26,NTPC.NS,119.0,120.5999984741211,117.6999969482422,120.0500030517578,92.56230926513672,11965007,0.0,0.0
2019-08-27,NTPC.NS,120.1500015258789,125.4000015258789,120.1500015258789,123.1999969482422,94.99107360839844,22238086,0.0,0.0
2019-08-28,NTPC.NS,123.8000030517578,124.6999969482422,119.4499969482422,119.9000015258789,92.44664764404295,11905383,0.0,0.0
2019-08-29,NTPC.NS,118.75,124.1500015258789,117.9000015258789,123.0999984741211,94.9139404296875,38336134,0.0,0.0
2019-08-30,NTPC.NS,122.9000015258789,123.6500015258789,115.5999984741211,121.6500015258789,93.79596710205078,18833819,0.0,0.0
2019-09-03,NTPC.NS,121.9499969482422,121.9499969482422,117.1500015258789,117.6500015258789,90.71183013916016,7635093,0.0,0.0
2019-09-04,NTPC.NS,118.0,119.9000015258789,116.6500015258789,119.4499969482422,92.09968566894533,7299231,0.0,0.0
2019-09-05,NTPC.NS,119.8499984741211,129.64999389648438,119.8499984741211,123.4499969482422,95.18380737304688,19432303,0.0,0.0
2019-09-06,NTPC.NS,123.4499969482422,127.8000030517578,123.3000030517578,127.0,97.92097473144533,11891983,0.0,0.0
2019-09-09,NTPC.NS,127.3000030517578,127.9499969482422,125.1999969482422,126.3499984741211,97.4197998046875,5303272,0.0,0.0
2019-09-11,NTPC.NS,126.5,127.5500030517578,123.8499984741211,124.5,95.99339294433594,5473674,0.0,0.0
2019-09-12,NTPC.NS,124.0,124.75,121.5999984741211,122.25,94.25858306884766,8444053,0.0,0.0
2019-09-13,NTPC.NS,122.3499984741211,124.3000030517578,121.25,124.0500030517578,95.64644622802734,7509999,0.0,0.0
2019-09-16,NTPC.NS,123.3499984741211,124.1500015258789,121.8499984741211,123.25,95.02959442138672,5593727,0.0,0.0
2019-09-17,NTPC.NS,122.8499984741211,123.1500015258789,120.5500030517578,120.9000015258789,93.21768951416016,5663425,0.0,0.0
2019-09-18,NTPC.NS,121.5500030517578,122.8499984741211,119.6500015258789,122.5,94.45134735107422,8627190,0.0,0.0
2019-09-19,NTPC.NS,122.9499969482422,122.9499969482422,120.0999984741211,121.6999969482422,93.83452606201172,6031946,0.0,0.0
2019-09-20,NTPC.NS,121.0500030517578,125.4000015258789,118.5,119.8499984741211,92.4081039428711,34008081,0.0,0.0
2019-09-23,NTPC.NS,121.0999984741211,121.5999984741211,114.0500030517578,116.0500030517578,89.47818756103516,33355557,0.0,0.0
2019-09-24,NTPC.NS,116.3000030517578,116.8000030517578,114.3499984741211,115.1500015258789,88.78424835205078,20864605,0.0,0.0
2019-09-25,NTPC.NS,115.5999984741211,118.5999984741211,115.0500030517578,116.9000015258789,90.1335678100586,18851203,0.0,0.0
2019-09-26,NTPC.NS,117.25,118.6999969482422,115.9499969482422,116.5500030517578,89.86371612548828,21458595,0.0,0.0
2019-09-27,NTPC.NS,117.9000015258789,119.0999984741211,116.3000030517578,117.0500030517578,90.24921417236328,9325734,0.0,0.0
2019-09-30,NTPC.NS,117.0999984741211,118.1999969482422,115.75,117.5,90.59617614746094,12045142,0.0,0.0
2019-10-01,NTPC.NS,118.0,118.9000015258789,116.25,117.0500030517578,90.24921417236328,9718865,0.0,0.0
2019-10-03,NTPC.NS,117.5500030517578,117.5500030517578,114.5999984741211,116.75,90.01793670654297,10477900,0.0,0.0
2019-10-04,NTPC.NS,117.3000030517578,120.5,116.5,117.4000015258789,90.5190887451172,20289650,0.0,0.0
2019-10-07,NTPC.NS,117.4499969482422,117.9499969482422,114.6999969482422,115.9499969482422,89.40108489990234,14111765,0.0,0.0
2019-10-09,NTPC.NS,116.0,118.0,115.4000015258789,117.25,90.40342712402344,8413122,0.0,0.0
2019-10-10,NTPC.NS,117.1999969482422,117.5,116.3499984741211,117.25,90.40342712402344,6885340,0.0,0.0
2019-10-11,NTPC.NS,117.1999969482422,118.3499984741211,115.9000015258789,116.6999969482422,89.97935485839844,9176578,0.0,0.0
2019-10-14,NTPC.NS,116.5500030517578,118.1500015258789,116.1999969482422,117.75,90.7889404296875,12146203,0.0,0.0
2019-10-15,NTPC.NS,117.0,119.8000030517578,117.0,119.4000015258789,92.06114196777344,7630007,0.0,0.0
2019-10-16,NTPC.NS,118.8000030517578,119.8000030517578,116.9000015258789,117.4000015258789,90.5190887451172,10206387,0.0,0.0
2019-10-17,NTPC.NS,117.6999969482422,119.1999969482422,116.9499969482422,118.6999969482422,91.52141571044922,10163035,0.0,0.0
2019-10-18,NTPC.NS,118.8000030517578,121.5,118.4000015258789,121.0500030517578,93.33336639404295,16961782,0.0,0.0
2019-10-22,NTPC.NS,121.6500015258789,121.6500015258789,119.9499969482422,120.9000015258789,93.21768951416016,12091476,0.0,0.0
2019-10-23,NTPC.NS,120.25,121.6999969482422,120.25,121.0500030517578,93.33336639404295,6580501,0.0,0.0
2019-10-24,NTPC.NS,122.0,122.0,119.1999969482422,120.1999969482422,92.67796325683594,8009018,0.0,0.0
2019-10-25,NTPC.NS,120.8499984741211,120.8499984741211,118.1999969482422,118.5,91.3672103881836,8505881,0.0,0.0
2019-10-29,NTPC.NS,118.6999969482422,120.3499984741211,117.5999984741211,119.9000015258789,92.44664764404295,8581053,0.0,0.0
2019-10-30,NTPC.NS,121.0,121.75,119.25,120.9499969482422,93.25623321533205,12119474,0.0,0.0
2019-10-31,NTPC.NS,121.5,124.1999969482422,120.8000030517578,122.4000015258789,94.37423706054688,16511583,0.0,0.0
2019-11-01,NTPC.NS,123.0,123.1999969482422,121.0999984741211,121.5,93.68030548095705,4170369,0.0,0.0
2019-11-04,NTPC.NS,121.6500015258789,122.5999984741211,119.9000015258789,120.5500030517578,92.94783782958984,7894331,0.0,0.0
2019-11-05,NTPC.NS,120.1999969482422,121.5,119.5500030517578,120.5999984741211,92.98638153076172,6156847,0.0,0.0
2019-11-06,NTPC.NS,120.0999984741211,121.75,119.9499969482422,120.6500015258789,93.02493286132812,5317553,0.0,0.0
2019-11-07,NTPC.NS,121.1500015258789,121.1999969482422,119.0999984741211,119.5500030517578,92.17681121826172,6794239,0.0,0.0
2019-11-08,NTPC.NS,119.0999984741211,119.3499984741211,117.0,117.4000015258789,90.5190887451172,9771715,0.0,0.0
2019-11-11,NTPC.NS,118.9499969482422,121.75,117.75,118.25,91.1744613647461,22943443,0.0,0.0
2019-11-13,NTPC.NS,117.9000015258789,119.25,117.5500030517578,118.3000030517578,91.2130126953125,12220298,0.0,0.0
2019-11-14,NTPC.NS,118.5,119.1500015258789,117.5500030517578,118.5500030517578,91.40575408935548,5208393,0.0,0.0
2019-11-15,NTPC.NS,118.5500030517578,118.8499984741211,116.9499969482422,117.3499984741211,90.48052215576172,4650424,0.0,0.0
2019-11-18,NTPC.NS,117.0500030517578,117.8499984741211,116.8000030517578,117.4499969482422,90.5576171875,4727251,0.0,0.0
2019-11-19,NTPC.NS,117.75,118.3000030517578,116.8000030517578,117.3499984741211,90.48052215576172,7577320,0.0,0.0
2019-11-20,NTPC.NS,117.3000030517578,117.5999984741211,116.0500030517578,117.0500030517578,90.24921417236328,10033434,0.0,0.0
2019-11-21,NTPC.NS,117.4000015258789,117.4000015258789,114.8000030517578,115.3000030517578,88.89991760253906,15099980,0.0,0.0
2019-11-22,NTPC.NS,116.9499969482422,119.1999969482422,116.9499969482422,117.8000030517578,90.82749938964844,13934099,0.0,0.0
2019-11-25,NTPC.NS,118.0,118.4000015258789,117.0999984741211,118.0999984741211,91.05879974365234,10863475,0.0,0.0
2019-11-26,NTPC.NS,118.0999984741211,118.9000015258789,116.1999969482422,116.6500015258789,89.94080352783203,14426269,0.0,0.0
2019-11-27,NTPC.NS,116.8000030517578,117.3000030517578,115.4499969482422,115.75,89.24687194824219,5455521,0.0,0.0
2019-11-28,NTPC.NS,116.1500015258789,116.25,115.0500030517578,115.5500030517578,89.0926742553711,10014250,0.0,0.0
2019-11-29,NTPC.NS,116.0,117.5999984741211,115.5,116.3499984741211,89.70950317382812,7014266,0.0,0.0
2019-12-02,NTPC.NS,115.75,116.3000030517578,115.0999984741211,115.3000030517578,88.89991760253906,6609154,0.0,0.0
2019-12-03,NTPC.NS,115.0999984741211,115.8000030517578,114.4000015258789,114.5500030517578,88.32164764404297,6614178,0.0,0.0
2019-12-04,NTPC.NS,115.0500030517578,115.3000030517578,114.0,114.8000030517578,88.51438903808594,4444594,0.0,0.0
2019-12-05,NTPC.NS,114.75,115.25,113.8499984741211,114.0999984741211,87.97468566894531,2537275,0.0,0.0
2019-12-06,NTPC.NS,114.6999969482422,114.6999969482422,112.1999969482422,112.6500015258789,86.85668182373047,3836996,0.0,0.0
2019-12-09,NTPC.NS,113.1999969482422,113.1999969482422,111.5,112.6999969482422,86.89523315429688,7866941,0.0,0.0
2019-12-10,NTPC.NS,112.5,113.1500015258789,109.6999969482422,110.0,84.81344604492188,18958648,0.0,0.0
2019-12-11,NTPC.NS,110.5,113.8000030517578,110.0999984741211,113.0,87.12653350830078,8746687,0.0,0.0
2019-12-12,NTPC.NS,113.5500030517578,114.9499969482422,113.1999969482422,114.4499969482422,88.2445297241211,3850652,0.0,0.0
2019-12-13,NTPC.NS,115.0500030517578,116.1500015258789,114.5,115.6500015258789,89.16976928710938,4293299,0.0,0.0
2019-12-16,NTPC.NS,116.1999969482422,116.3000030517578,114.5999984741211,114.9499969482422,88.63004302978516,3659151,0.0,0.0
2019-12-17,NTPC.NS,114.9499969482422,115.9499969482422,113.5999984741211,115.5500030517578,89.0926742553711,6241009,0.0,0.0
2019-12-18,NTPC.NS,115.0,116.25,113.8000030517578,114.1500015258789,88.01322937011719,8626400,0.0,0.0
2019-12-19,NTPC.NS,114.0,114.4000015258789,112.8499984741211,114.0500030517578,87.93614196777344,5995825,0.0,0.0
2019-12-20,NTPC.NS,114.0500030517578,115.4000015258789,113.8000030517578,114.6999969482422,88.43728637695312,5813877,0.0,0.0
2019-12-23,NTPC.NS,114.1999969482422,115.4000015258789,113.8000030517578,114.5999984741211,88.36019897460938,13980109,0.0,0.0
2019-12-24,NTPC.NS,114.5,115.8000030517578,114.5,115.1999969482422,88.82280731201172,7929835,0.0,0.0
2019-12-26,NTPC.NS,115.1500015258789,118.3000030517578,114.0,116.4000015258789,89.748046875,12763347,0.0,0.0
2019-12-27,NTPC.NS,116.3000030517578,117.1999969482422,115.75,116.8499984741211,90.09500122070312,4474934,0.0,0.0
2019-12-30,NTPC.NS,116.8499984741211,117.6500015258789,116.3499984741211,116.5500030517578,89.86371612548828,4193724,0.0,0.0
2019-12-31,NTPC.NS,116.5500030517578,119.6999969482422,116.3499984741211,119.0500030517578,91.79127502441406,12438719,0.0,0.0
2020-01-01,NTPC.NS,119.0500030517578,122.0,118.25,121.5500030517578,93.7188720703125,9953746,0.0,0.0
2020-01-02,NTPC.NS,121.5,122.1500015258789,120.5999984741211,121.4000015258789,93.60321044921876,8731299,0.0,0.0
2020-01-03,NTPC.NS,121.0,121.3499984741211,119.0999984741211,119.3499984741211,92.0225830078125,7392962,0.0,0.0
2020-01-06,NTPC.NS,119.0,119.1500015258789,116.5,118.9000015258789,91.6756362915039,6596841,0.0,0.0
2020-01-07,NTPC.NS,119.25,121.5500030517578,119.25,120.5500030517578,92.94783782958984,8959942,0.0,0.0
2020-01-08,NTPC.NS,119.6999969482422,120.75,117.5500030517578,119.9499969482422,92.48521423339844,6372683,0.0,0.0
2020-01-09,NTPC.NS,120.5,121.1999969482422,118.9000015258789,119.3499984741211,92.0225830078125,8309627,0.0,0.0
2020-01-10,NTPC.NS,119.9499969482422,121.8000030517578,119.0500030517578,120.3000030517578,92.75506591796876,5588344,0.0,0.0
2020-01-13,NTPC.NS,120.4000015258789,122.0,120.0999984741211,121.75,93.87306213378906,3534313,0.0,0.0
2020-01-14,NTPC.NS,121.75,124.0,121.3499984741211,123.5,95.2223663330078,8631692,0.0,0.0
2020-01-15,NTPC.NS,123.0,125.0,122.3499984741211,123.8499984741211,95.49224853515624,6537916,0.0,0.0
2020-01-16,NTPC.NS,123.4000015258789,123.4000015258789,120.9499969482422,121.4499969482422,93.64175415039062,8806007,0.0,0.0
2020-01-17,NTPC.NS,121.4499969482422,121.6999969482422,120.5999984741211,121.1999969482422,93.44900512695312,6811534,0.0,0.0
2020-01-20,NTPC.NS,121.0,121.75,117.8000030517578,118.25,91.1744613647461,10655638,0.0,0.0
2020-01-21,NTPC.NS,118.4000015258789,119.5500030517578,116.9499969482422,117.1500015258789,90.3263168334961,5150830,0.0,0.0
2020-01-22,NTPC.NS,114.9499969482422,115.75,111.5,112.1500015258789,86.47116088867188,19388739,0.0,0.0
2020-01-23,NTPC.NS,112.5999984741211,114.4499969482422,112.3000030517578,113.5,87.5120620727539,22793170,0.0,0.0
2020-01-24,NTPC.NS,114.0,116.3000030517578,113.5500030517578,114.75,88.47583770751953,9898052,0.0,0.0
2020-01-27,NTPC.NS,115.0,115.3000030517578,112.5999984741211,113.1500015258789,87.24219512939453,5597365,0.0,0.0
2020-01-28,NTPC.NS,113.75,113.75,110.9000015258789,112.0500030517578,86.39405059814453,12128081,0.0,0.0
2020-01-29,NTPC.NS,112.0999984741211,114.9000015258789,111.75,113.1999969482422,87.28075408935547,18501507,0.0,0.0
2020-01-30,NTPC.NS,113.4499969482422,114.8000030517578,112.0500030517578,113.6500015258789,87.62772369384766,18545239,0.0,0.0
2020-01-31,NTPC.NS,113.75,115.25,111.5,112.8499984741211,87.01089477539062,64518347,0.0,0.0
2020-02-03,NTPC.NS,109.4499969482422,111.6500015258789,107.1999969482422,110.25,85.0062026977539,14889516,0.0,0.0
2020-02-04,NTPC.NS,110.3499984741211,112.3000030517578,110.25,112.0,86.35551452636719,9743806,0.0,0.0
2020-02-05,NTPC.NS,111.3000030517578,112.5999984741211,110.5,111.1999969482422,85.73867797851562,10671590,0.0,0.0
2020-02-06,NTPC.NS,110.5,112.5,110.5,112.0,86.35551452636719,11852617,0.0,0.0
2020-02-07,NTPC.NS,112.4000015258789,116.25,112.3000030517578,115.5999984741211,89.13121032714844,18446803,0.0,0.0
2020-02-10,NTPC.NS,115.8000030517578,115.9000015258789,112.0500030517578,113.5,87.5120620727539,31637511,0.0,0.0
2020-02-11,NTPC.NS,114.5,117.5500030517578,114.0999984741211,116.8499984741211,90.09500122070312,20937033,0.0,0.0
2020-02-12,NTPC.NS,117.0,118.9000015258789,116.4000015258789,116.8000030517578,90.05646514892578,13679292,0.0,0.0
2020-02-13,NTPC.NS,116.8000030517578,117.0999984741211,114.6999969482422,115.1500015258789,88.78424835205078,20903696,0.0,0.0
2020-02-14,NTPC.NS,114.8000030517578,115.5,111.9000015258789,112.6999969482422,86.89523315429688,23827224,0.0,0.0
2020-02-17,NTPC.NS,113.0999984741211,113.75,109.1999969482422,110.3000030517578,85.0447769165039,22137354,0.0,0.0
2020-02-18,NTPC.NS,109.5999984741211,110.9000015258789,103.8000030517578,109.5999984741211,84.50503540039062,34458578,0.0,0.0
2020-02-19,NTPC.NS,112.3000030517578,113.75,110.4000015258789,112.0500030517578,86.39405059814453,17935374,0.0,0.0
2020-02-20,NTPC.NS,111.6999969482422,112.4000015258789,110.9499969482422,111.3499984741211,85.85433959960938,19663654,0.0,0.0
2020-02-24,NTPC.NS,110.75,110.75,108.8499984741211,109.6999969482422,84.58212280273438,11370193,0.0,0.0
2020-02-25,NTPC.NS,110.9000015258789,112.4499969482422,109.6500015258789,110.0999984741211,84.89054870605469,10775289,0.0,0.0
2020-02-26,NTPC.NS,110.0,111.5500030517578,108.25,109.0999984741211,84.11952209472656,14998071,0.0,0.0
2020-02-27,NTPC.NS,109.1999969482422,110.3000030517578,106.6500015258789,109.0500030517578,84.0809555053711,22610691,0.0,0.0
2020-02-28,NTPC.NS,106.6500015258789,110.1999969482422,105.3499984741211,106.5500030517578,82.15338897705078,25696761,0.0,0.0
2020-03-02,NTPC.NS,109.3499984741211,110.0,102.6999969482422,103.9000015258789,80.11016082763672,15614944,0.0,0.0
2020-03-03,NTPC.NS,104.6500015258789,109.9499969482422,104.3000030517578,108.9000015258789,83.96532440185547,17194661,0.0,0.0
2020-03-04,NTPC.NS,108.6500015258789,111.0,107.5,107.9499969482422,83.23284912109375,17095867,0.0,0.0
2020-03-05,NTPC.NS,108.0999984741211,109.6500015258789,107.0500030517578,107.8499984741211,83.1557388305664,11579256,0.0,0.0
2020-03-06,NTPC.NS,104.75,107.1999969482422,102.9000015258789,105.1500015258789,81.0739517211914,13533444,0.0,0.0
2020-03-09,NTPC.NS,104.0,104.4000015258789,99.5500030517578,102.9000015258789,79.33912658691406,47383195,0.0,0.0
2020-03-11,NTPC.NS,103.0,104.8000030517578,101.5,103.0500030517578,79.45478820800781,28434577,0.0,0.0
2020-03-12,NTPC.NS,99.0,100.0,93.25,94.3499984741211,72.74681854248047,47225243,0.0,0.0
2020-03-13,NTPC.NS,90.0,100.75,81.25,98.0500030517578,75.59962463378906,49533058,0.0,0.0
2020-03-16,NTPC.NS,96.0,96.0,88.25,90.8000030517578,70.0096435546875,34649740,0.0,0.0
2020-03-17,NTPC.NS,91.0,95.9000015258789,86.3499984741211,88.0999984741211,67.9278564453125,21241388,0.0,0.0
2020-03-18,NTPC.NS,89.0,90.3499984741211,74.9000015258789,80.55000305175781,62.1065788269043,88654467,0.0,0.0
2020-03-19,NTPC.NS,78.55000305175781,84.94999694824219,75.05000305175781,78.3499984741211,60.41030502319336,33846928,0.0,0.0
2020-03-20,NTPC.NS,78.5,82.3499984741211,76.3499984741211,81.25,62.64629364013672,58499591,0.0,0.0
2020-03-23,NTPC.NS,74.9000015258789,80.0,73.19999694824219,76.4000015258789,58.90679550170898,37653540,0.0,0.0
2020-03-24,NTPC.NS,78.0999984741211,79.5999984741211,75.05000305175781,77.55000305175781,59.79347229003906,13742927,0.0,0.0
2020-03-25,NTPC.NS,78.0,80.5,75.30000305175781,79.69999694824219,61.45119094848633,16472741,0.0,0.0
2020-03-26,NTPC.NS,82.0,82.19999694824219,76.4000015258789,79.6500015258789,61.80035781860352,39959613,0.5,0.0
2020-03-27,NTPC.NS,82.5,84.4000015258789,80.25,83.0,64.39961242675781,39345541,0.0,0.0
2020-03-30,NTPC.NS,79.9000015258789,83.5,79.19999694824219,81.75,63.42975616455078,17043895,0.0,0.0
2020-03-31,NTPC.NS,82.75,84.80000305175781,81.1500015258789,84.19999694824219,65.3306884765625,28293281,0.0,0.0
2020-04-01,NTPC.NS,84.30000305175781,84.3499984741211,80.5999984741211,81.0,62.84780502319336,14355207,0.0,0.0
2020-04-03,NTPC.NS,82.05000305175781,82.0999984741211,78.8499984741211,79.55000305175781,61.722774505615234,18310156,0.0,0.0
2020-04-07,NTPC.NS,81.5999984741211,82.05000305175781,80.0999984741211,81.55000305175781,63.27455520629883,47686619,0.0,0.0
2020-04-08,NTPC.NS,81.55000305175781,86.80000305175781,80.30000305175781,85.19999694824219,66.1065902709961,38072700,0.0,0.0
2020-04-09,NTPC.NS,88.3499984741211,88.3499984741211,85.30000305175781,87.0999984741211,67.5807876586914,9322342,0.0,0.0
2020-04-13,NTPC.NS,87.0999984741211,89.1500015258789,84.75,88.6500015258789,68.78343200683594,33266662,0.0,0.0
2020-04-15,NTPC.NS,88.94999694824219,94.1999969482422,88.69999694824219,89.9000015258789,69.7533187866211,24127975,0.0,0.0
2020-04-16,NTPC.NS,87.25,96.3000030517578,87.0,95.0999984741211,73.7879867553711,20876392,0.0,0.0
2020-04-17,NTPC.NS,101.0,101.0,95.0,95.5,74.09835052490234,16969641,0.0,0.0
2020-04-20,NTPC.NS,97.0,99.3000030517578,93.4000015258789,98.9000015258789,76.73640441894531,17639066,0.0,0.0
2020-04-21,NTPC.NS,96.5,98.4000015258789,95.5500030517578,97.3000030517578,75.49496459960938,15085097,0.0,0.0
2020-04-22,NTPC.NS,97.3000030517578,98.6500015258789,94.9000015258789,97.5999984741211,75.72773742675781,10342633,0.0,0.0
2020-04-23,NTPC.NS,97.4499969482422,97.6999969482422,94.5500030517578,95.1999969482422,73.86558532714844,14078729,0.0,0.0
2020-04-24,NTPC.NS,94.75,96.3499984741211,91.9499969482422,93.4000015258789,72.46895599365234,10148964,0.0,0.0
2020-04-27,NTPC.NS,94.4000015258789,94.4000015258789,91.9000015258789,92.3499984741211,71.65426635742188,22675928,0.0,0.0
2020-04-28,NTPC.NS,92.1500015258789,92.9000015258789,88.6500015258789,90.3499984741211,70.10247039794922,19815445,0.0,0.0
2020-04-29,NTPC.NS,91.4499969482422,92.3499984741211,89.75,90.1999969482422,69.986083984375,21550996,0.0,0.0
2020-04-30,NTPC.NS,91.3499984741211,97.0,90.4000015258789,95.0500030517578,73.74919891357422,15151435,0.0,0.0
2020-05-04,NTPC.NS,91.0500030517578,93.6500015258789,90.5,91.4499969482422,70.95597076416016,10305663,0.0,0.0
2020-05-05,NTPC.NS,92.1999969482422,94.9499969482422,91.3499984741211,92.5999984741211,71.8482437133789,10628539,0.0,0.0
2020-05-06,NTPC.NS,92.9499969482422,95.4499969482422,92.1999969482422,94.6999969482422,73.47761535644531,10232281,0.0,0.0
2020-05-07,NTPC.NS,94.0999984741211,94.4000015258789,90.1500015258789,90.4499969482422,70.18006896972656,8449705,0.0,0.0
2020-05-08,NTPC.NS,91.0,92.4499969482422,85.75,87.0,67.50320434570312,28174665,0.0,0.0
2020-05-11,NTPC.NS,88.19999694824219,89.44999694824219,85.8499984741211,86.6500015258789,67.23163604736328,12243824,0.0,0.0
2020-05-12,NTPC.NS,86.5,93.25,85.6500015258789,91.6500015258789,71.11112213134766,18124894,0.0,0.0
2020-05-13,NTPC.NS,94.9499969482422,98.5,92.6500015258789,93.0500030517578,72.19740295410156,19037031,0.0,0.0
2020-05-14,NTPC.NS,93.3000030517578,93.5,87.5,89.3499984741211,69.32657623291016,39115884,0.0,0.0
2020-05-15,NTPC.NS,90.0,91.8000030517578,89.19999694824219,90.8499984741211,70.49042510986328,16925981,0.0,0.0
2020-05-18,NTPC.NS,90.5,90.5,87.8499984741211,88.9000015258789,68.97740936279297,11368562,0.0,0.0
2020-05-19,NTPC.NS,89.5999984741211,91.9000015258789,88.19999694824219,91.0500030517578,70.64559936523438,12262118,0.0,0.0
2020-05-20,NTPC.NS,89.9000015258789,93.4000015258789,89.30000305175781,92.9000015258789,72.08101654052734,10126022,0.0,0.0
2020-05-21,NTPC.NS,92.1500015258789,92.6500015258789,89.80000305175781,90.25,70.02487182617188,20143324,0.0,0.0
2020-05-22,NTPC.NS,89.9000015258789,91.1999969482422,88.3499984741211,90.9499969482422,70.56800079345703,9392095,0.0,0.0
2020-05-26,NTPC.NS,90.1500015258789,93.4000015258789,90.1500015258789,93.0,72.15859985351562,12350762,0.0,0.0
2020-05-27,NTPC.NS,93.0,95.1999969482422,91.1500015258789,94.6999969482422,73.47761535644531,11684730,0.0,0.0
2020-05-28,NTPC.NS,95.25,96.5,94.5,95.6999969482422,74.25352478027344,12156645,0.0,0.0
2020-05-29,NTPC.NS,94.6999969482422,98.8499984741211,94.3000030517578,97.8499984741211,75.92171478271484,19891080,0.0,0.0
2020-06-01,NTPC.NS,98.4000015258789,99.6500015258789,97.1500015258789,97.9000015258789,75.96051025390625,10106253,0.0,0.0
2020-06-02,NTPC.NS,98.75,98.9499969482422,96.0500030517578,96.75,75.06822204589844,18170659,0.0,0.0
2020-06-03,NTPC.NS,97.75,97.8000030517578,94.4000015258789,94.6999969482422,73.47761535644531,23102350,0.0,0.0
2020-06-04,NTPC.NS,94.1500015258789,95.5,92.75,95.1500015258789,73.8267822265625,12827335,0.0,0.0
2020-06-05,NTPC.NS,95.0,98.1999969482422,94.1500015258789,97.9499969482422,75.99929809570312,11744302,0.0,0.0
2020-06-08,NTPC.NS,98.9499969482422,100.1999969482422,97.75,98.5500030517578,76.46485137939453,14168383,0.0,0.0
2020-06-09,NTPC.NS,99.0,99.6999969482422,97.1999969482422,98.0,76.03810119628906,14232434,0.0,0.0
2020-06-10,NTPC.NS,98.1500015258789,100.1500015258789,97.25,98.1500015258789,76.15448760986328,12104423,0.0,0.0
2020-06-11,NTPC.NS,98.1500015258789,99.6999969482422,96.8000030517578,98.0500030517578,76.0768814086914,10258905,0.0,0.0
2020-06-12,NTPC.NS,94.5,97.9499969482422,94.3000030517578,96.9000015258789,75.18461608886719,10925477,0.0,0.0
2020-06-15,NTPC.NS,96.6999969482422,96.9499969482422,92.5999984741211,93.1999969482422,72.31378173828125,10980359,0.0,0.0
2020-06-16,NTPC.NS,94.9499969482422,95.0999984741211,92.25,92.8000030517578,72.00342559814453,8757035,0.0,0.0
2020-06-17,NTPC.NS,92.9499969482422,93.0999984741211,90.8499984741211,91.5,70.99475860595703,17081311,0.0,0.0
2020-06-18,NTPC.NS,91.8000030517578,94.3000030517578,89.9000015258789,92.6999969482422,71.92582702636719,16520026,0.0,0.0
2020-06-19,NTPC.NS,93.0500030517578,94.0500030517578,92.4000015258789,93.0,72.15859985351562,13836691,0.0,0.0
2020-06-22,NTPC.NS,94.0999984741211,95.8499984741211,93.3499984741211,95.3000030517578,73.94317626953125,18868376,0.0,0.0
2020-06-23,NTPC.NS,95.0999984741211,101.1500015258789,95.0,100.75,78.17180633544922,20331626,0.0,0.0
2020-06-24,NTPC.NS,102.0,103.8000030517578,96.75,97.0500030517578,75.3010025024414,24055051,0.0,0.0
2020-06-25,NTPC.NS,97.0500030517578,98.5500030517578,94.3499984741211,96.0999984741211,74.56388092041016,69278017,0.0,0.0
2020-06-26,NTPC.NS,96.4000015258789,97.4000015258789,95.5500030517578,97.0,75.26219940185547,15572219,0.0,0.0
2020-06-29,NTPC.NS,97.6500015258789,98.0500030517578,94.4499969482422,94.9000015258789,73.63280487060547,18130595,0.0,0.0
2020-06-30,NTPC.NS,97.0,97.75,95.1999969482422,95.8000030517578,74.33113098144531,18496305,0.0,0.0
2020-07-01,NTPC.NS,94.6999969482422,94.6999969482422,92.3000030517578,93.5999984741211,72.62413024902344,21639137,0.0,0.0
2020-07-02,NTPC.NS,94.5,94.5,93.1500015258789,93.4000015258789,72.46895599365234,14333457,0.0,0.0
2020-07-03,NTPC.NS,93.5999984741211,95.3499984741211,92.75,94.5,73.32245635986328,15274841,0.0,0.0
2020-07-06,NTPC.NS,95.9000015258789,96.4000015258789,94.8499984741211,95.1999969482422,73.86558532714844,11830916,0.0,0.0
2020-07-07,NTPC.NS,95.4000015258789,95.4499969482422,92.25,92.5500030517578,71.8094711303711,18786009,0.0,0.0
2020-07-08,NTPC.NS,92.8499984741211,92.8499984741211,90.8499984741211,91.0,70.60679626464844,26256635,0.0,0.0
2020-07-09,NTPC.NS,91.3000030517578,92.0,90.8000030517578,91.1999969482422,70.76197814941406,11910945,0.0,0.0
2020-07-10,NTPC.NS,91.1999969482422,91.3000030517578,89.75,90.4000015258789,70.14126586914062,12213053,0.0,0.0
2020-07-13,NTPC.NS,91.0500030517578,92.8499984741211,89.5,89.9000015258789,69.7533187866211,17508551,0.0,0.0
2020-07-14,NTPC.NS,89.80000305175781,89.9000015258789,87.4000015258789,87.6500015258789,68.00753021240234,14240946,0.0,0.0
2020-07-15,NTPC.NS,88.30000305175781,89.75,87.75,88.05000305175781,68.31790924072266,11582839,0.0,0.0
2020-07-16,NTPC.NS,88.19999694824219,88.4000015258789,85.8499984741211,86.75,67.30924224853516,10152592,0.0,0.0
2020-07-17,NTPC.NS,87.19999694824219,88.6500015258789,87.0,88.30000305175781,68.51188659667969,12238969,0.0,0.0
2020-07-20,NTPC.NS,88.9000015258789,88.9000015258789,87.0,87.1500015258789,67.61961364746094,12349129,0.0,0.0
2020-07-21,NTPC.NS,88.0,88.6500015258789,86.80000305175781,88.3499984741211,68.55067443847656,20118152,0.0,0.0
2020-07-22,NTPC.NS,88.75,92.5999984741211,88.69999694824219,90.3499984741211,70.10247039794922,31321718,0.0,0.0
2020-07-23,NTPC.NS,90.9000015258789,91.5999984741211,90.25,90.5500030517578,70.25764465332031,11161294,0.0,0.0
2020-07-24,NTPC.NS,90.3000030517578,90.5,88.55000305175781,89.4000015258789,69.36537170410156,11352904,0.0,0.0
2020-07-27,NTPC.NS,89.55000305175781,89.5999984741211,87.25,87.6500015258789,68.00753021240234,10071266,0.0,0.0
2020-07-28,NTPC.NS,87.9000015258789,88.80000305175781,86.9000015258789,88.55000305175781,68.70585632324219,13888285,0.0,0.0
2020-07-29,NTPC.NS,88.5,89.6500015258789,87.9000015258789,88.1500015258789,68.3955078125,10732504,0.0,0.0
2020-07-30,NTPC.NS,88.55000305175781,89.0,86.0999984741211,86.5999984741211,67.19284057617188,10668042,0.0,0.0
2020-07-31,NTPC.NS,86.9000015258789,87.5999984741211,86.30000305175781,87.0,67.50320434570312,7906179,0.0,0.0
2020-08-03,NTPC.NS,87.19999694824219,87.19999694824219,85.0,85.5999984741211,66.41694641113281,14158505,0.0,0.0
2020-08-04,NTPC.NS,86.5,87.0,85.3499984741211,85.5999984741211,66.41694641113281,19621505,0.0,0.0
2020-08-05,NTPC.NS,85.9000015258789,86.5999984741211,85.4000015258789,85.9000015258789,66.64972686767578,9478990,0.0,0.0
2020-08-06,NTPC.NS,86.5,87.44999694824219,85.5999984741211,86.1500015258789,66.84369659423828,12208873,0.0,0.0
2020-08-07,NTPC.NS,86.19999694824219,86.69999694824219,85.3499984741211,85.80000305175781,66.57213592529297,10339288,0.0,0.0
2020-08-10,NTPC.NS,86.80000305175781,88.69999694824219,86.1500015258789,88.19999694824219,68.43429565429688,12215464,0.0,0.0
2020-08-11,NTPC.NS,89.0,89.5999984741211,87.80000305175781,88.25,68.47308349609375,11180265,0.0,0.0
2020-08-12,NTPC.NS,88.0,89.1500015258789,87.05000305175781,88.69999694824219,68.82223510742188,14803880,0.0,0.0
2020-08-13,NTPC.NS,87.4000015258789,87.5,86.5,87.25,69.78199005126953,13723113,2.65,0.0
2020-08-14,NTPC.NS,87.3499984741211,89.8499984741211,86.69999694824219,88.4000015258789,70.70175170898438,25402282,0.0,0.0
2020-08-17,NTPC.NS,89.4000015258789,96.5,89.4000015258789,95.3000030517578,76.22032165527344,115111358,0.0,0.0
2020-08-18,NTPC.NS,96.1999969482422,97.8000030517578,94.0500030517578,95.0500030517578,76.02037811279297,52023697,0.0,0.0
2020-08-19,NTPC.NS,96.0,96.5,94.25,94.6500015258789,75.70046997070312,21840924,0.0,0.0
2020-08-20,NTPC.NS,94.5999984741211,101.9000015258789,94.25,101.0999984741211,80.859130859375,112338263,0.0,0.0
2020-08-21,NTPC.NS,102.6999969482422,107.8499984741211,101.5999984741211,105.9499969482422,84.73812103271484,107862545,0.0,0.0
2020-08-24,NTPC.NS,107.0999984741211,108.0,103.75,105.4000015258789,84.29824829101562,49154455,0.0,0.0
2020-08-25,NTPC.NS,106.0,107.4000015258789,103.1999969482422,103.8000030517578,83.0185775756836,50940674,0.0,0.0
2020-08-26,NTPC.NS,104.5999984741211,104.5999984741211,101.5999984741211,102.8000030517578,82.21878814697266,30828711,0.0,0.0
2020-08-27,NTPC.NS,103.1999969482422,103.9000015258789,102.0,102.5999984741211,82.05882263183594,19363725,0.0,0.0
2020-08-28,NTPC.NS,103.1500015258789,104.25,101.25,101.5500030517578,81.21903991699219,21358972,0.0,0.0
2020-08-31,NTPC.NS,102.5999984741211,102.6999969482422,95.5,96.4000015258789,77.10009765625,40298594,0.0,0.0
2020-09-01,NTPC.NS,97.5,101.1500015258789,96.5,99.8000030517578,79.81940460205078,44304572,0.0,0.0
2020-09-02,NTPC.NS,99.8000030517578,100.5,98.3000030517578,98.9499969482422,79.13957214355469,20904846,0.0,0.0
2020-09-03,NTPC.NS,99.0,99.6999969482422,96.9000015258789,97.6999969482422,78.13982391357422,19004282,0.0,0.0
2020-09-04,NTPC.NS,96.0500030517578,97.4499969482422,94.0,94.6999969482422,75.74044799804688,27339411,0.0,0.0
2020-09-07,NTPC.NS,94.8000030517578,96.0,92.0500030517578,92.4000015258789,73.90092468261719,28474893,0.0,0.0
2020-09-08,NTPC.NS,93.25,93.25,90.3000030517578,90.6500015258789,72.50128173828125,31186005,0.0,0.0
2020-09-09,NTPC.NS,90.0999984741211,91.25,88.5,90.4000015258789,72.30132293701172,28307198,0.0,0.0
2020-09-10,NTPC.NS,91.0,91.5,89.25,90.5500030517578,72.42131042480469,27263673,0.0,0.0
2020-09-11,NTPC.NS,90.1999969482422,90.9000015258789,89.44999694824219,90.0999984741211,72.06140899658203,18190992,0.0,0.0
2020-09-14,NTPC.NS,90.4000015258789,91.9499969482422,89.75,90.8499984741211,72.66124725341797,22533738,0.0,0.0
2020-09-15,NTPC.NS,90.9000015258789,92.75,90.5500030517578,91.0999984741211,72.86119842529297,26866105,0.0,0.0
2020-09-16,NTPC.NS,91.5999984741211,91.5999984741211,89.30000305175781,89.6500015258789,71.70149993896484,20778500,0.0,0.0
2020-09-17,NTPC.NS,89.05000305175781,89.44999694824219,88.30000305175781,88.6500015258789,70.90169525146484,21804215,0.0,0.0
2020-09-18,NTPC.NS,89.05000305175781,91.0999984741211,88.69999694824219,90.5500030517578,72.42131042480469,44757908,0.0,0.0
2020-09-21,NTPC.NS,91.1500015258789,91.3499984741211,87.3499984741211,88.30000305175781,70.62178039550781,17714694,0.0,0.0
2020-09-22,NTPC.NS,88.30000305175781,89.55000305175781,85.30000305175781,87.69999694824219,70.14189147949219,25113194,0.0,0.0
2020-09-23,NTPC.NS,87.6500015258789,88.1500015258789,84.19999694824219,85.0999984741211,68.06244659423828,24107408,0.0,0.0
2020-09-24,NTPC.NS,84.0999984741211,85.6500015258789,82.1500015258789,82.6500015258789,66.10293579101562,17724521,0.0,0.0
2020-09-25,NTPC.NS,83.3499984741211,85.1500015258789,82.3499984741211,84.80000305175781,67.82249450683594,15999517,0.0,0.0
2020-09-28,NTPC.NS,85.5999984741211,88.25,85.0999984741211,87.5,69.9819564819336,22735756,0.0,0.0
2020-09-29,NTPC.NS,88.5,88.9000015258789,84.6500015258789,85.1500015258789,68.1024169921875,21328822,0.0,0.0
2020-09-30,NTPC.NS,85.5999984741211,85.8499984741211,83.4000015258789,85.0999984741211,68.06244659423828,18475452,0.0,0.0
2020-10-01,NTPC.NS,85.80000305175781,85.80000305175781,84.5,84.9000015258789,67.90247344970703,18244405,0.0,0.0
2020-10-05,NTPC.NS,85.0,85.44999694824219,83.80000305175781,84.44999694824219,67.54257202148438,15677842,0.0,0.0
2020-10-06,NTPC.NS,84.44999694824219,84.6500015258789,83.6500015258789,84.1500015258789,67.30262756347656,13094249,0.0,0.0
2020-10-07,NTPC.NS,84.19999694824219,84.25,82.25,82.80000305175781,66.22291564941406,19056844,0.0,0.0
2020-10-08,NTPC.NS,83.0999984741211,83.3499984741211,82.3499984741211,82.5999984741211,66.06295776367188,11961568,0.0,0.0
2020-10-09,NTPC.NS,82.8499984741211,83.1500015258789,81.6500015258789,82.9000015258789,66.30289459228516,18016087,0.0,0.0
2020-10-12,NTPC.NS,83.6500015258789,84.55000305175781,82.4000015258789,82.75,66.18292236328125,11714109,0.0,0.0
2020-10-13,NTPC.NS,82.80000305175781,83.4000015258789,82.4000015258789,82.6500015258789,66.10293579101562,11503196,0.0,0.0
2020-10-14,NTPC.NS,82.80000305175781,83.05000305175781,78.0999984741211,79.0999984741211,63.26365280151367,47114322,0.0,0.0
2020-10-15,NTPC.NS,79.0999984741211,80.5,78.5,79.0,63.18368911743164,20107413,0.0,0.0
2020-10-16,NTPC.NS,79.0,80.5,78.44999694824219,80.30000305175781,64.22341918945312,16578267,0.0,0.0
2020-10-19,NTPC.NS,80.94999694824219,83.1500015258789,80.5,81.6500015258789,65.30314636230469,21839955,0.0,0.0
2020-10-20,NTPC.NS,81.6500015258789,81.94999694824219,80.30000305175781,80.6500015258789,64.50335693359375,14238188,0.0,0.0
2020-10-21,NTPC.NS,81.44999694824219,83.80000305175781,80.6500015258789,82.30000305175781,65.8230209350586,38563701,0.0,0.0
2020-10-22,NTPC.NS,82.30000305175781,85.9000015258789,81.4000015258789,84.6500015258789,67.70252227783203,34256481,0.0,0.0
2020-10-23,NTPC.NS,86.0,86.5999984741211,84.5,86.25,68.98219299316406,46258872,0.0,0.0
2020-10-26,NTPC.NS,87.0999984741211,88.0,84.30000305175781,85.94999694824219,68.74225616455078,34724632,0.0,0.0
2020-10-27,NTPC.NS,88.80000305175781,90.05000305175781,87.05000305175781,89.44999694824219,71.54153442382812,95412168,0.0,0.0
2020-10-28,NTPC.NS,89.44999694824219,90.6500015258789,87.5,88.0999984741211,70.4618148803711,44763206,0.0,0.0
2020-10-29,NTPC.NS,87.0,88.5,86.0,86.5,69.18215942382812,41912944,0.0,0.0
2020-10-30,NTPC.NS,86.9000015258789,88.75,86.30000305175781,87.5999984741211,70.0619125366211,40735912,0.0,0.0
2020-11-02,NTPC.NS,88.30000305175781,89.5999984741211,87.94999694824219,89.19999694824219,71.34159088134766,31922062,0.0,0.0
2020-11-03,NTPC.NS,91.4499969482422,92.0,83.05000305175781,85.94999694824219,68.74225616455078,118128168,0.0,0.0
2020-11-04,NTPC.NS,86.1500015258789,87.0999984741211,84.5,85.0999984741211,68.06244659423828,47519427,0.0,0.0
2020-11-05,NTPC.NS,85.8499984741211,87.0,85.5999984741211,86.80000305175781,69.42208099365234,41267817,0.0,0.0
2020-11-06,NTPC.NS,87.19999694824219,88.75,86.9000015258789,87.30000305175781,69.82196807861328,46143960,0.0,0.0
2020-11-09,NTPC.NS,88.6500015258789,89.8499984741211,87.69999694824219,89.44999694824219,71.54153442382812,42703600,0.0,0.0
2020-11-10,NTPC.NS,89.80000305175781,91.75,89.55000305175781,91.5,73.18111419677734,43483223,0.0,0.0
2020-11-11,NTPC.NS,92.0,93.5,91.6999969482422,92.9000015258789,74.30082702636719,51801855,0.0,0.0
2020-11-12,NTPC.NS,92.4000015258789,92.5999984741211,90.4000015258789,90.8000030517578,72.62126159667969,33374610,0.0,0.0
2020-11-13,NTPC.NS,90.0,92.3499984741211,89.19999694824219,91.4499969482422,73.14112854003906,24025139,0.0,0.0
2020-11-17,NTPC.NS,91.75,92.4000015258789,88.25,88.69999694824219,70.94168853759766,55324429,0.0,0.0
2020-11-18,NTPC.NS,88.69999694824219,89.55000305175781,88.0999984741211,88.30000305175781,70.62178039550781,37574681,0.0,0.0
2020-11-19,NTPC.NS,88.4000015258789,91.9000015258789,88.0,89.80000305175781,71.82147216796875,55196018,0.0,0.0
2020-11-20,NTPC.NS,90.25,92.0999984741211,89.9000015258789,91.8000030517578,73.4210433959961,47670803,0.0,0.0
2020-11-23,NTPC.NS,92.9000015258789,94.4000015258789,92.0,93.6500015258789,74.90067291259766,54262598,0.0,0.0
2020-11-24,NTPC.NS,94.25,94.8000030517578,93.75,94.1500015258789,75.30055236816406,35713773,0.0,0.0
2020-11-25,NTPC.NS,94.4499969482422,94.9000015258789,92.8499984741211,93.9499969482422,75.1406021118164,32464332,0.0,0.0
2020-11-26,NTPC.NS,93.9499969482422,94.8000030517578,93.4000015258789,94.0999984741211,75.26058197021484,30825401,0.0,0.0
2020-11-27,NTPC.NS,95.75,97.0500030517578,91.8000030517578,94.6999969482422,75.74044799804688,216981706,0.0,0.0
2020-12-01,NTPC.NS,94.6999969482422,96.1999969482422,93.4499969482422,93.75,74.98065185546875,35330973,0.0,0.0
2020-12-02,NTPC.NS,94.6500015258789,95.1999969482422,93.8000030517578,94.8000030517578,75.82044219970703,27650080,0.0,0.0
2020-12-03,NTPC.NS,95.8499984741211,99.1500015258789,95.3000030517578,98.5500030517578,78.81967163085938,43841111,0.0,0.0
2020-12-04,NTPC.NS,99.1999969482422,99.8000030517578,97.5,98.5500030517578,78.81967163085938,34813873,0.0,0.0
2020-12-07,NTPC.NS,99.0,101.1500015258789,98.6999969482422,99.75,79.77941131591797,27049393,0.0,0.0
2020-12-08,NTPC.NS,100.5500030517578,100.8499984741211,97.8000030517578,98.1999969482422,78.53971862792969,30386160,0.0,0.0
2020-12-09,NTPC.NS,99.25,99.9000015258789,97.9000015258789,98.3000030517578,78.61971282958984,24061383,0.0,0.0
2020-12-10,NTPC.NS,98.4000015258789,99.3499984741211,96.5,97.1500015258789,77.699951171875,25985382,0.0,0.0
2020-12-11,NTPC.NS,97.9000015258789,102.9000015258789,97.6500015258789,102.4000015258789,81.89886474609375,63463638,0.0,0.0
2020-12-14,NTPC.NS,103.4499969482422,105.3499984741211,103.0,104.5999984741211,83.65840911865234,45802433,0.0,0.0
2020-12-15,NTPC.NS,105.0999984741211,106.4000015258789,102.8499984741211,105.8499984741211,84.65815734863281,52215593,0.0,0.0
2020-12-16,NTPC.NS,106.9499969482422,107.25,104.5500030517578,104.9000015258789,83.8983383178711,25184934,0.0,0.0
2020-12-17,NTPC.NS,105.6500015258789,105.6500015258789,104.0,104.4499969482422,83.53843688964844,16840984,0.0,0.0
2020-12-18,NTPC.NS,104.5500030517578,104.8000030517578,102.8499984741211,103.75,82.97857666015625,33596568,0.0,0.0
2020-12-21,NTPC.NS,103.6999969482422,103.9499969482422,94.75,97.5,77.97987365722656,34210970,0.0,0.0
2020-12-22,NTPC.NS,97.3499984741211,99.8000030517578,96.5,98.9000015258789,79.09957885742188,29181188,0.0,0.0
2020-12-23,NTPC.NS,99.0500030517578,99.4000015258789,97.8000030517578,98.5500030517578,78.81967163085938,17602151,0.0,0.0
2020-12-24,NTPC.NS,99.3000030517578,101.5,99.0,99.9499969482422,79.93937683105469,23052394,0.0,0.0
2020-12-28,NTPC.NS,100.8499984741211,101.5500030517578,100.0,100.4499969482422,80.33926391601562,15454893,0.0,0.0
2020-12-29,NTPC.NS,100.5,101.0500030517578,97.9499969482422,98.5999984741211,78.8596420288086,23647197,0.0,0.0
2020-12-30,NTPC.NS,99.0,99.6500015258789,98.1999969482422,99.0999984741211,79.2595443725586,30281285,0.0,0.0
2020-12-31,NTPC.NS,98.0999984741211,100.25,98.0,99.3499984741211,79.45948791503906,50363279,0.0,0.0
2021-01-01,NTPC.NS,99.9499969482422,100.1999969482422,98.8000030517578,99.0500030517578,79.21955871582031,13493039,0.0,0.0
2021-01-04,NTPC.NS,99.75,100.0,98.5,99.0500030517578,79.21955871582031,22325584,0.0,0.0
2021-01-05,NTPC.NS,98.4000015258789,98.4000015258789,97.0,97.5999984741211,78.05985260009766,23510160,0.0,0.0
2021-01-06,NTPC.NS,98.0,99.0,97.25,97.8499984741211,78.25979614257812,21952878,0.0,0.0
2021-01-07,NTPC.NS,98.0999984741211,98.5,96.8499984741211,97.0,77.57998657226562,24999580,0.0,0.0
2021-01-08,NTPC.NS,97.5999984741211,100.5,97.3499984741211,100.1500015258789,80.09932708740234,43240591,0.0,0.0
2021-01-11,NTPC.NS,100.75,101.25,98.6999969482422,99.0,79.1795654296875,22036573,0.0,0.0
2021-01-12,NTPC.NS,99.0,101.0,98.3000030517578,100.1500015258789,80.09932708740234,24262426,0.0,0.0
2021-01-13,NTPC.NS,100.25,104.3499984741211,100.1500015258789,102.5500030517578,82.01881408691406,49236964,0.0,0.0
2021-01-14,NTPC.NS,103.6999969482422,103.8499984741211,101.6999969482422,102.1999969482422,81.73890686035156,29301114,0.0,0.0
2021-01-15,NTPC.NS,102.5,103.5999984741211,99.9000015258789,100.4499969482422,80.33926391601562,24067229,0.0,0.0
2021-01-18,NTPC.NS,100.4499969482422,100.9000015258789,96.8000030517578,97.5500030517578,78.01985931396484,23613664,0.0,0.0
2021-01-19,NTPC.NS,98.0,100.8499984741211,97.5500030517578,99.6500015258789,79.69943237304688,22934496,0.0,0.0
2021-01-20,NTPC.NS,99.5999984741211,99.6999969482422,98.0,98.3000030517578,78.61971282958984,25599184,0.0,0.0
2021-01-21,NTPC.NS,98.6999969482422,99.1500015258789,95.5999984741211,96.0999984741211,76.86015319824219,22667011,0.0,0.0
2021-01-22,NTPC.NS,96.3000030517578,96.5,92.9000015258789,94.0500030517578,75.22057342529297,26029669,0.0,0.0
2021-01-25,NTPC.NS,95.0500030517578,95.3000030517578,92.6999969482422,93.1999969482422,74.54075622558594,18599824,0.0,0.0
2021-01-27,NTPC.NS,93.0,93.0999984741211,90.8000030517578,91.3000030517578,73.02116394042969,22812859,0.0,0.0
2021-01-28,NTPC.NS,90.8000030517578,92.6500015258789,90.3499984741211,91.5999984741211,73.2610855102539,32227832,0.0,0.0
2021-01-29,NTPC.NS,92.0,92.5999984741211,88.1500015258789,88.94999694824219,71.14163970947266,36962884,0.0,0.0
2021-02-01,NTPC.NS,89.3499984741211,92.4000015258789,88.4000015258789,92.0,73.58099365234375,29033297,0.0,0.0
2021-02-02,NTPC.NS,92.9000015258789,95.3499984741211,92.9000015258789,94.1500015258789,75.30055236816406,29279584,0.0,0.0
2021-02-03,NTPC.NS,95.0999984741211,98.0999984741211,94.3000030517578,96.9499969482422,77.53998565673828,31420256,0.0,0.0
2021-02-04,NTPC.NS,97.3000030517578,100.1999969482422,97.0,99.0500030517578,79.21955871582031,39264443,0.0,0.0
2021-02-05,NTPC.NS,100.4000015258789,102.0,98.1500015258789,99.5,79.57945251464844,54911202,0.0,0.0
2021-02-08,NTPC.NS,96.1999969482422,100.9499969482422,96.0999984741211,100.3000030517578,80.21930694580078,53737961,0.0,0.0
2021-02-09,NTPC.NS,100.4000015258789,101.1999969482422,99.5,99.9499969482422,79.93937683105469,28074809,0.0,0.0
2021-02-10,NTPC.NS,100.0,100.5,98.6500015258789,99.8499984741211,79.85938262939453,19070866,0.0,0.0
2021-02-11,NTPC.NS,97.9000015258789,97.9000015258789,96.25,97.3000030517578,80.23045349121094,18452535,3.0,0.0
2021-02-12,NTPC.NS,97.8000030517578,97.9000015258789,94.8000030517578,95.9499969482422,79.11727142333984,21660998,0.0,0.0
2021-02-15,NTPC.NS,96.4499969482422,96.6999969482422,95.0,95.1999969482422,78.49885559082031,12574055,0.0,0.0
2021-02-16,NTPC.NS,95.8499984741211,99.1500015258789,95.5,98.0,80.80765533447266,32865663,0.0,0.0
2021-02-17,NTPC.NS,97.8499984741211,100.1500015258789,97.0,99.3499984741211,81.92080688476562,28774857,0.0,0.0
2021-02-18,NTPC.NS,99.6999969482422,104.25,99.5500030517578,103.4000015258789,85.26030731201172,50705280,0.0,0.0
2021-02-19,NTPC.NS,103.6500015258789,106.75,101.4000015258789,104.1999969482422,85.91996002197266,61069583,0.0,0.0
2021-02-22,NTPC.NS,104.3000030517578,106.3000030517578,101.4000015258789,102.0500030517578,84.14715576171875,30636415,0.0,0.0
2021-02-23,NTPC.NS,102.1500015258789,104.1500015258789,100.5500030517578,103.4000015258789,85.26030731201172,31233104,0.0,0.0
2021-02-24,NTPC.NS,104.5,104.6999969482422,102.0999984741211,103.1999969482422,85.09539794921875,16153025,0.0,0.0
2021-02-25,NTPC.NS,103.5999984741211,110.1999969482422,103.0,108.0,89.0533218383789,68361756,0.0,0.0
2021-02-26,NTPC.NS,107.0999984741211,110.9499969482422,104.8000030517578,107.3000030517578,88.47613525390625,67331805,0.0,0.0
2021-03-01,NTPC.NS,109.5,109.8000030517578,107.1500015258789,108.4499969482422,89.42436981201172,27205189,0.0,0.0
2021-03-02,NTPC.NS,108.4499969482422,113.6999969482422,107.9000015258789,112.5500030517578,92.80511474609376,53649872,0.0,0.0
2021-03-03,NTPC.NS,114.4499969482422,114.6999969482422,112.0,112.6999969482422,92.92877960205078,31702057,0.0,0.0
2021-03-04,NTPC.NS,111.5,113.0,110.5,110.8000030517578,91.36211395263672,28057179,0.0,0.0
2021-03-05,NTPC.NS,111.0,112.3499984741211,108.4000015258789,108.6999969482422,89.6305160522461,24778407,0.0,0.0
2021-03-08,NTPC.NS,110.6500015258789,113.3000030517578,109.5,110.5500030517578,91.15597534179688,28163362,0.0,0.0
2021-03-09,NTPC.NS,111.4000015258789,111.8499984741211,107.4499969482422,109.5,90.2901611328125,20611697,0.0,0.0
2021-03-10,NTPC.NS,110.3499984741211,110.5999984741211,108.9499969482422,109.6500015258789,90.4138641357422,13207045,0.0,0.0
2021-03-12,NTPC.NS,111.0,112.0999984741211,108.5999984741211,109.0999984741211,89.9603500366211,21763020,0.0,0.0
2021-03-15,NTPC.NS,109.9499969482422,111.0,107.6999969482422,110.5,91.11473846435548,20350674,0.0,0.0
2021-03-16,NTPC.NS,110.5500030517578,111.4499969482422,109.3000030517578,109.5500030517578,90.33141326904295,15360040,0.0,0.0
2021-03-17,NTPC.NS,109.6999969482422,109.9000015258789,106.1500015258789,106.5500030517578,87.85771179199219,18850429,0.0,0.0
2021-03-18,NTPC.NS,107.4000015258789,108.25,103.1999969482422,103.8000030517578,85.59014129638672,20023557,0.0,0.0
2021-03-19,NTPC.NS,102.3499984741211,109.5500030517578,102.0,108.5,89.46561431884766,72249183,0.0,0.0
2021-03-22,NTPC.NS,108.8000030517578,110.5500030517578,106.8499984741211,109.8499984741211,90.57876586914062,31980425,0.0,0.0
2021-03-23,NTPC.NS,110.0,110.1999969482422,108.0999984741211,108.6500015258789,89.58930969238281,14060206,0.0,0.0
2021-03-24,NTPC.NS,108.0,109.4000015258789,105.5999984741211,106.0,87.4041748046875,15196366,0.0,0.0
2021-03-25,NTPC.NS,106.0,106.5,102.6500015258789,103.0,84.93048858642578,22543755,0.0,0.0
2021-03-26,NTPC.NS,105.75,105.75,103.6999969482422,104.1999969482422,85.91996002197266,17402475,0.0,0.0
2021-03-30,NTPC.NS,105.8499984741211,108.6999969482422,104.5999984741211,107.6999969482422,88.80594635009766,36129962,0.0,0.0
2021-03-31,NTPC.NS,107.6999969482422,109.0,106.0999984741211,106.5500030517578,87.85771179199219,23063667,0.0,0.0
2021-04-01,NTPC.NS,107.5,108.75,106.9499969482422,107.9000015258789,88.97086334228516,13753303,0.0,0.0
2021-04-05,NTPC.NS,107.4000015258789,107.8000030517578,103.75,106.3000030517578,87.65155029296875,15666099,0.0,0.0
2021-04-06,NTPC.NS,107.75,108.0999984741211,105.8000030517578,106.0500030517578,87.44541931152344,17393454,0.0,0.0
2021-04-07,NTPC.NS,106.9000015258789,107.3499984741211,105.25,105.4499969482422,86.95067596435547,15692013,0.0,0.0
2021-04-08,NTPC.NS,106.0,106.4499969482422,104.6999969482422,105.0,86.57962036132812,11394998,0.0,0.0
2021-04-09,NTPC.NS,105.9499969482422,105.9499969482422,102.4000015258789,102.8000030517578,84.76557159423828,19751417,0.0,0.0
2021-04-12,NTPC.NS,101.5,101.5,98.0500030517578,99.0500030517578,81.67344665527344,20221362,0.0,0.0
2021-04-13,NTPC.NS,99.5999984741211,101.1500015258789,99.25,100.5999984741211,82.95153045654297,19192856,0.0,0.0
2021-04-15,NTPC.NS,101.1999969482422,103.0,99.3000030517578,101.3499984741211,83.56993865966797,13865351,0.0,0.0
2021-04-16,NTPC.NS,101.9000015258789,102.9000015258789,100.5,102.4499969482422,84.47698211669922,14654851,0.0,0.0
2021-04-19,NTPC.NS,100.0,100.4000015258789,98.6500015258789,99.0500030517578,81.67344665527344,11652043,0.0,0.0
2021-04-20,NTPC.NS,99.1999969482422,100.9000015258789,98.1500015258789,99.0500030517578,81.67344665527344,16528675,0.0,0.0
2021-04-22,NTPC.NS,98.0500030517578,99.75,97.0500030517578,98.9499969482422,81.59099578857422,18614270,0.0,0.0
2021-04-23,NTPC.NS,98.0,103.0,98.0,102.5500030517578,84.55943298339844,29484794,0.0,0.0
2021-04-26,NTPC.NS,103.9499969482422,103.9499969482422,100.8499984741211,102.4000015258789,84.43574523925781,24369413,0.0,0.0
2021-04-27,NTPC.NS,102.0500030517578,103.5500030517578,101.6999969482422,102.0500030517578,84.14715576171875,17763436,0.0,0.0
2021-04-28,NTPC.NS,102.8499984741211,103.9499969482422,102.1500015258789,103.5999984741211,85.42521667480469,15160578,0.0,0.0
2021-04-29,NTPC.NS,104.5999984741211,105.0,102.6500015258789,103.0500030517578,84.97171020507812,11588556,0.0,0.0
2021-04-30,NTPC.NS,102.25,105.6500015258789,102.0500030517578,102.4499969482422,84.47698211669922,15321193,0.0,0.0
2021-05-03,NTPC.NS,101.4000015258789,104.5999984741211,101.0500030517578,104.25,85.96118927001953,12186212,0.0,0.0
2021-05-04,NTPC.NS,104.3000030517578,106.0500030517578,103.5,103.75,85.54890441894531,12992684,0.0,0.0
2021-05-05,NTPC.NS,104.75,105.6500015258789,102.8000030517578,103.9000015258789,85.67259979248047,14956169,0.0,0.0
2021-05-06,NTPC.NS,105.0,105.0999984741211,102.6500015258789,103.0500030517578,84.97171020507812,13547274,0.0,0.0
2021-05-07,NTPC.NS,104.0,105.5,103.3499984741211,105.0500030517578,86.620849609375,13229291,0.0,0.0
2021-05-10,NTPC.NS,106.0,108.0,105.5999984741211,107.6999969482422,88.80594635009766,23980945,0.0,0.0
2021-05-11,NTPC.NS,108.0,113.4000015258789,106.6999969482422,112.6999969482422,92.92877960205078,45613487,0.0,0.0
2021-05-12,NTPC.NS,114.1999969482422,116.75,111.75,113.3000030517578,93.4235382080078,62158914,0.0,0.0
2021-05-14,NTPC.NS,113.9499969482422,113.9499969482422,110.1500015258789,111.4000015258789,91.85685729980467,16227312,0.0,0.0
2021-05-17,NTPC.NS,111.1999969482422,112.25,109.9499969482422,111.5500030517578,91.98053741455078,12832920,0.0,0.0
2021-05-18,NTPC.NS,112.5999984741211,114.1999969482422,111.75,112.0999984741211,92.4340362548828,14892142,0.0,0.0
2021-05-19,NTPC.NS,113.1500015258789,113.1500015258789,110.9499969482422,111.9499969482422,92.31035614013672,12610425,0.0,0.0
2021-05-20,NTPC.NS,112.0,112.75,110.9000015258789,111.75,92.1454620361328,10303689,0.0,0.0
2021-05-21,NTPC.NS,112.3000030517578,113.1500015258789,111.25,112.8499984741211,93.05248260498048,12171685,0.0,0.0
2021-05-24,NTPC.NS,112.3499984741211,113.9499969482422,112.0500030517578,112.9000015258789,93.0937042236328,11341268,0.0,0.0
2021-05-25,NTPC.NS,113.9000015258789,114.8499984741211,113.0500030517578,113.3000030517578,93.4235382080078,15289982,0.0,0.0
2021-05-26,NTPC.NS,114.0,114.0,110.9000015258789,111.0999984741211,91.60948181152344,17466748,0.0,0.0
2021-05-27,NTPC.NS,111.5999984741211,111.6500015258789,109.3000030517578,110.3000030517578,90.9498291015625,34169451,0.0,0.0
2021-05-28,NTPC.NS,110.3000030517578,111.0,108.3499984741211,108.9499969482422,89.83666229248047,13383166,0.0,0.0
2021-05-31,NTPC.NS,108.9499969482422,111.3499984741211,107.8000030517578,110.5,91.11473846435548,14754293,0.0,0.0
2021-06-01,NTPC.NS,110.9499969482422,111.4499969482422,109.5,110.1999969482422,90.86735534667967,10271211,0.0,0.0
2021-06-02,NTPC.NS,110.0999984741211,111.3499984741211,110.0500030517578,111.1500015258789,91.65069580078124,6492771,0.0,0.0
2021-06-03,NTPC.NS,111.5999984741211,112.1999969482422,110.4499969482422,111.8000030517578,92.18667602539062,12140851,0.0,0.0
2021-06-04,NTPC.NS,111.5,113.0,111.0500030517578,111.75,92.1454620361328,8930671,0.0,0.0
2021-06-07,NTPC.NS,112.1500015258789,116.75,112.0,116.4000015258789,95.9796905517578,28407410,0.0,0.0
2021-06-08,NTPC.NS,117.5,118.5,116.0,116.1999969482422,95.81477355957033,43191813,0.0,0.0
2021-06-09,NTPC.NS,116.5,121.0,115.8000030517578,118.0999984741211,97.38145446777344,49807823,0.0,0.0
2021-06-10,NTPC.NS,119.3499984741211,119.9000015258789,117.3000030517578,118.5,97.71128845214844,22144392,0.0,0.0
2021-06-11,NTPC.NS,118.9000015258789,119.5500030517578,117.5500030517578,118.8000030517578,97.95865631103516,13871562,0.0,0.0
2021-06-14,NTPC.NS,118.8000030517578,118.9000015258789,116.25,118.1999969482422,97.46392059326172,14179055,0.0,0.0
2021-06-15,NTPC.NS,118.1999969482422,118.9499969482422,117.5999984741211,117.8000030517578,97.13409423828124,8148417,0.0,0.0
2021-06-16,NTPC.NS,117.8000030517578,120.5999984741211,116.8499984741211,119.8000030517578,98.7832260131836,21585917,0.0,0.0
2021-06-17,NTPC.NS,118.1999969482422,120.5999984741211,116.9499969482422,117.4000015258789,96.80426025390624,14466025,0.0,0.0
2021-06-18,NTPC.NS,117.4000015258789,118.1500015258789,112.9000015258789,113.5500030517578,93.62967681884766,43927941,0.0,0.0
2021-06-21,NTPC.NS,113.25,118.4499969482422,113.0500030517578,118.0,97.29898834228516,34597018,0.0,0.0
2021-06-22,NTPC.NS,118.5,118.9000015258789,116.9499969482422,118.3000030517578,97.54637145996094,16712010,0.0,0.0
2021-06-23,NTPC.NS,118.8499984741211,118.8499984741211,116.9499969482422,117.25,96.6805648803711,12590251,0.0,0.0
2021-06-24,NTPC.NS,117.1999969482422,118.5,115.6999969482422,118.0,97.29898834228516,14046692,0.0,0.0
2021-06-25,NTPC.NS,119.0999984741211,119.0999984741211,115.6999969482422,116.0500030517578,95.69110107421876,12768348,0.0,0.0
2021-06-28,NTPC.NS,116.9000015258789,117.8499984741211,116.0,116.1500015258789,95.77355194091795,10709748,0.0,0.0
2021-06-29,NTPC.NS,116.25,118.5500030517578,115.4000015258789,117.5999984741211,96.96918487548828,33488455,0.0,0.0
2021-06-30,NTPC.NS,117.8499984741211,118.4499969482422,116.1500015258789,116.4000015258789,95.9796905517578,16739618,0.0,0.0
2021-07-01,NTPC.NS,116.8000030517578,117.8000030517578,115.6999969482422,117.3499984741211,96.76303100585938,12479506,0.0,0.0
2021-07-02,NTPC.NS,117.5500030517578,119.0500030517578,117.0,117.5,96.88671875,17215972,0.0,0.0
2021-07-05,NTPC.NS,117.9000015258789,119.0999984741211,117.25,118.5999984741211,97.79373931884766,16409169,0.0,0.0
2021-07-06,NTPC.NS,118.0999984741211,118.9499969482422,117.0500030517578,117.6500015258789,97.0103988647461,14979094,0.0,0.0
2021-07-07,NTPC.NS,117.0500030517578,118.1999969482422,116.8499984741211,117.4499969482422,96.84549713134766,14545289,0.0,0.0
2021-07-08,NTPC.NS,117.3499984741211,118.6999969482422,117.1999969482422,117.4499969482422,96.84549713134766,12037089,0.0,0.0
2021-07-09,NTPC.NS,117.0,118.4000015258789,116.25,117.8000030517578,97.13409423828124,9585144,0.0,0.0
2021-07-12,NTPC.NS,118.0,118.75,117.1500015258789,117.8499984741211,97.17530059814452,7651672,0.0,0.0
2021-07-13,NTPC.NS,118.1500015258789,122.0,118.0999984741211,119.9000015258789,98.8656768798828,30663035,0.0,0.0
2021-07-14,NTPC.NS,119.9499969482422,120.9499969482422,119.8000030517578,120.75,99.5665512084961,9539611,0.0,0.0
2021-07-15,NTPC.NS,120.75,121.1999969482422,119.1999969482422,120.3000030517578,99.19550323486328,11278872,0.0,0.0
2021-07-16,NTPC.NS,120.1500015258789,120.8000030517578,118.3000030517578,119.0999984741211,98.20602416992188,17198632,0.0,0.0
2021-07-19,NTPC.NS,119.0999984741211,121.8499984741211,118.5,121.4000015258789,100.1025390625,14364285,0.0,0.0
2021-07-20,NTPC.NS,122.0,122.0,118.1999969482422,118.4499969482422,97.67005920410156,11360716,0.0,0.0
2021-07-22,NTPC.NS,118.75,119.6999969482422,118.5500030517578,119.1999969482422,98.2884750366211,9520328,0.0,0.0
2021-07-23,NTPC.NS,119.4000015258789,120.0999984741211,118.3000030517578,118.5,97.71128845214844,10442400,0.0,0.0
2021-07-26,NTPC.NS,118.1999969482422,120.0,118.0500030517578,119.3499984741211,98.41214752197266,5370055,0.0,0.0
2021-07-27,NTPC.NS,119.3000030517578,119.5999984741211,118.1999969482422,118.8499984741211,97.99988555908205,5280342,0.0,0.0
2021-07-28,NTPC.NS,119.5500030517578,119.5500030517578,115.8000030517578,116.8000030517578,96.30951690673828,11010096,0.0,0.0
2021-07-29,NTPC.NS,117.6999969482422,118.25,115.25,116.75,96.26829528808594,11897018,0.0,0.0
2021-07-30,NTPC.NS,116.9499969482422,119.9499969482422,116.25,118.1999969482422,97.46392059326172,14546264,0.0,0.0
2021-08-02,NTPC.NS,118.5999984741211,118.75,117.0,117.75,97.09286499023438,11742555,0.0,0.0
2021-08-03,NTPC.NS,118.5,118.5,116.5,117.6500015258789,97.0103988647461,21122697,0.0,0.0
2021-08-04,NTPC.NS,118.0500030517578,118.8499984741211,116.5500030517578,117.8499984741211,97.17530059814452,9432176,0.0,0.0
2021-08-05,NTPC.NS,117.0500030517578,117.8000030517578,115.9499969482422,116.5,96.06214141845705,11045322,0.0,0.0
2021-08-06,NTPC.NS,116.5,118.6999969482422,116.4499969482422,117.6500015258789,97.0103988647461,8434733,0.0,0.0
2021-08-09,NTPC.NS,118.5,119.0999984741211,116.5500030517578,116.6999969482422,96.22705841064452,7816050,0.0,0.0
2021-08-10,NTPC.NS,116.9000015258789,117.1999969482422,113.6500015258789,114.3499984741211,94.28932189941406,9774255,0.0,0.0
2021-08-11,NTPC.NS,114.6999969482422,117.3000030517578,114.5500030517578,116.9499969482422,96.43319702148438,8056886,0.0,0.0
2021-08-12,NTPC.NS,116.9499969482422,119.4000015258789,116.5,119.1500015258789,98.24726104736328,8640167,0.0,0.0
2021-08-13,NTPC.NS,119.4499969482422,119.4499969482422,117.1999969482422,118.25,97.50514221191406,9744939,0.0,0.0
2021-08-16,NTPC.NS,118.25,119.4000015258789,118.0999984741211,118.8499984741211,97.99988555908205,8768804,0.0,0.0
2021-08-17,NTPC.NS,119.3499984741211,119.5,116.1999969482422,117.4000015258789,96.80426025390624,8758578,0.0,0.0
2021-08-18,NTPC.NS,117.4000015258789,118.9000015258789,116.0999984741211,116.5500030517578,96.1033935546875,9357721,0.0,0.0
2021-08-20,NTPC.NS,116.3000030517578,117.0,113.4499969482422,114.1500015258789,94.12442016601562,11684504,0.0,0.0
2021-08-23,NTPC.NS,115.5,115.75,112.1999969482422,113.4000015258789,93.5059814453125,6271685,0.0,0.0
2021-08-24,NTPC.NS,114.1999969482422,116.3000030517578,113.6500015258789,113.9499969482422,93.95950317382812,11791078,0.0,0.0
2021-08-25,NTPC.NS,114.6999969482422,115.25,113.8000030517578,114.0,94.00072479248048,9491958,0.0,0.0
2021-08-26,NTPC.NS,114.0999984741211,114.5,111.9499969482422,112.75,92.97000885009766,11668986,0.0,0.0
2021-08-27,NTPC.NS,112.6999969482422,114.0999984741211,112.0999984741211,113.4000015258789,93.5059814453125,8095717,0.0,0.0
2021-08-30,NTPC.NS,113.25,115.5,113.25,114.9499969482422,94.7840576171875,9915170,0.0,0.0
2021-08-31,NTPC.NS,115.25,116.3499984741211,114.6999969482422,115.9499969482422,95.60863494873048,11386659,0.0,0.0
2021-09-01,NTPC.NS,116.0,116.6999969482422,114.75,115.4000015258789,95.15512084960938,7508413,0.0,0.0
2021-09-02,NTPC.NS,115.0999984741211,116.6999969482422,115.0,116.5,96.06214141845705,5700524,0.0,0.0
2021-09-03,NTPC.NS,117.0,117.9000015258789,116.5,117.0,96.47443389892578,9364904,0.0,0.0
2021-09-06,NTPC.NS,117.6500015258789,117.6500015258789,115.9000015258789,116.4499969482422,96.02091979980467,7005043,0.0,0.0
2021-09-07,NTPC.NS,116.6999969482422,116.9000015258789,115.25,115.8499984741211,95.5261688232422,7723357,0.0,0.0
2021-09-08,NTPC.NS,113.8499984741211,114.5999984741211,112.4000015258789,114.0500030517578,96.67046356201172,10508654,3.15,0.0
2021-09-09,NTPC.NS,113.9499969482422,114.75,113.5,114.5500030517578,97.09426879882812,5757417,0.0,0.0
2021-09-13,NTPC.NS,114.6500015258789,115.5,114.1500015258789,115.0,97.47570037841795,6322443,0.0,0.0
2021-09-14,NTPC.NS,115.25,116.1500015258789,114.8000030517578,115.9000015258789,98.23854064941406,7369292,0.0,0.0
2021-09-15,NTPC.NS,116.0,124.8499984741211,116.0,124.1999969482422,105.27374267578124,48721413,0.0,0.0
2021-09-16,NTPC.NS,124.5,125.6999969482422,123.0,124.0,105.1042251586914,17684303,0.0,0.0
2021-09-17,NTPC.NS,124.1500015258789,124.6999969482422,121.5500030517578,123.75,104.892333984375,15763396,0.0,0.0
2021-09-20,NTPC.NS,122.5,123.9499969482422,121.8000030517578,122.6999969482422,104.0023193359375,7431359,0.0,0.0
2021-09-21,NTPC.NS,122.3000030517578,125.4000015258789,122.0999984741211,124.0999984741211,105.18898010253906,8629222,0.0,0.0
2021-09-22,NTPC.NS,124.5999984741211,127.0,124.0,124.4000015258789,105.44326782226562,11698183,0.0,0.0
2021-09-23,NTPC.NS,124.8000030517578,127.0,124.6500015258789,126.1999969482422,106.9689712524414,11053966,0.0,0.0
2021-09-24,NTPC.NS,126.5,126.6999969482422,123.9499969482422,124.25,105.3161163330078,8598140,0.0,0.0
2021-09-27,NTPC.NS,125.3000030517578,127.8000030517578,124.5,126.8499984741211,107.51992797851562,8490460,0.0,0.0
2021-09-28,NTPC.NS,127.5,133.64999389648438,127.3499984741211,131.9499969482422,111.84273529052734,35900138,0.0,0.0
2021-09-29,NTPC.NS,131.39999389648438,144.25,130.60000610351562,140.64999389648438,119.2170181274414,75859390,0.0,0.0
2021-09-30,NTPC.NS,141.75,143.1999969482422,139.10000610351562,141.85000610351562,120.2341537475586,34614825,0.0,0.0
2021-10-01,NTPC.NS,140.9499969482422,144.35000610351562,137.6999969482422,139.89999389648438,118.58129119873048,22452069,0.0,0.0
2021-10-04,NTPC.NS,143.4499969482422,149.35000610351562,140.5,145.5500030517578,123.37032318115234,58612212,0.0,0.0
2021-10-05,NTPC.NS,145.5500030517578,147.85000610351562,144.1999969482422,145.39999389648438,123.24317932128906,24390676,0.0,0.0
2021-10-06,NTPC.NS,146.4499969482422,147.3000030517578,142.8000030517578,143.3000030517578,121.46320343017578,14421296,0.0,0.0
2021-10-07,NTPC.NS,144.1999969482422,145.64999389648438,142.25,142.8000030517578,121.03939819335938,10035682,0.0,0.0
2021-10-08,NTPC.NS,143.5500030517578,143.89999389648438,140.3000030517578,141.10000610351562,119.59844970703124,10686586,0.0,0.0
2021-10-11,NTPC.NS,142.0,146.75,141.4499969482422,144.8000030517578,122.7345962524414,17449923,0.0,0.0
2021-10-12,NTPC.NS,146.0,146.25,143.8000030517578,144.5500030517578,122.52272033691406,16030831,0.0,0.0
2021-10-13,NTPC.NS,145.5,147.25,144.6999969482422,146.35000610351562,124.04840850830078,19100941,0.0,0.0
2021-10-14,NTPC.NS,147.5,150.60000610351562,146.85000610351562,149.39999389648438,126.63359832763672,29263867,0.0,0.0
2021-10-18,NTPC.NS,151.25,151.6999969482422,148.6999969482422,149.5500030517578,126.76078033447266,25346029,0.0,0.0
2021-10-19,NTPC.NS,150.9499969482422,152.10000610351562,148.10000610351562,149.64999389648438,126.84555053710938,20234486,0.0,0.0
2021-10-20,NTPC.NS,150.64999389648438,150.64999389648438,145.3000030517578,146.25,123.96365356445312,16129487,0.0,0.0
2021-10-21,NTPC.NS,147.6999969482422,148.5500030517578,145.89999389648438,147.89999389648438,125.36221313476562,20818539,0.0,0.0
2021-10-22,NTPC.NS,147.85000610351562,148.10000610351562,144.0,144.89999389648438,122.81937408447266,11379569,0.0,0.0
2021-10-25,NTPC.NS,144.6999969482422,146.25,143.14999389648438,143.89999389648438,121.97174072265624,14079380,0.0,0.0
2021-10-26,NTPC.NS,145.3000030517578,145.64999389648438,142.4499969482422,143.1999969482422,121.37843322753906,16224116,0.0,0.0
2021-10-27,NTPC.NS,144.0,144.5500030517578,140.85000610351562,141.3000030517578,119.76795959472656,15072448,0.0,0.0
2021-10-28,NTPC.NS,141.3000030517578,141.85000610351562,136.3000030517578,137.35000610351562,116.4198989868164,19999659,0.0,0.0
2021-10-29,NTPC.NS,131.0,136.89999389648438,128.5500030517578,132.64999389648438,112.43608856201172,29217522,0.0,0.0
2021-11-01,NTPC.NS,133.1999969482422,135.3000030517578,130.89999389648438,134.3000030517578,113.83464813232422,10043407,0.0,0.0
2021-11-02,NTPC.NS,135.0,140.8000030517578,135.0,136.64999389648438,115.8265609741211,21525811,0.0,0.0
2021-11-03,NTPC.NS,137.9499969482422,138.9499969482422,135.5500030517578,136.75,115.91130828857422,9808728,0.0,0.0
2021-11-04,NTPC.NS,138.3000030517578,138.3000030517578,136.9499969482422,137.14999389648438,116.25035095214844,1026849,0.0,0.0
2021-11-08,NTPC.NS,138.6999969482422,140.60000610351562,136.5500030517578,140.3000030517578,118.92035675048828,12765483,0.0,0.0
2021-11-09,NTPC.NS,140.75,141.39999389648438,138.0500030517578,138.5,117.39461517333984,9556650,0.0,0.0
2021-11-10,NTPC.NS,138.1999969482422,138.25,136.75,137.39999389648438,116.46227264404295,5479056,0.0,0.0
2021-11-11,NTPC.NS,137.5,137.75,134.35000610351562,136.64999389648438,115.8265609741211,11418813,0.0,0.0
2021-11-12,NTPC.NS,138.1999969482422,138.1999969482422,134.64999389648438,136.4499969482422,115.6570281982422,9306659,0.0,0.0
2021-11-15,NTPC.NS,137.3000030517578,137.64999389648438,136.0,137.14999389648438,116.25035095214844,3991733,0.0,0.0
2021-11-16,NTPC.NS,137.6999969482422,137.8000030517578,134.0,134.3000030517578,113.83464813232422,5762128,0.0,0.0
2021-11-17,NTPC.NS,134.0,138.0,134.0,136.4499969482422,115.6570281982422,15264066,0.0,0.0
2021-11-18,NTPC.NS,136.60000610351562,137.60000610351562,134.75,135.3000030517578,114.6822738647461,9942974,0.0,0.0
2021-11-22,NTPC.NS,135.0,136.89999389648438,129.6999969482422,130.14999389648438,110.3170394897461,15990636,0.0,0.0
2021-11-23,NTPC.NS,130.0500030517578,133.75,128.14999389648438,133.5,113.15657043457033,11510010,0.0,0.0
2021-11-24,NTPC.NS,134.5,137.3000030517578,133.5500030517578,135.35000610351562,114.72464752197266,7570759,0.0,0.0
2021-11-25,NTPC.NS,135.5,136.6999969482422,132.3000030517578,135.1999969482422,114.59750366210938,13919886,0.0,0.0
2021-11-26,NTPC.NS,133.1999969482422,134.0500030517578,128.0,128.85000610351562,109.21515655517578,13323593,0.0,0.0
2021-11-29,NTPC.NS,127.8000030517578,129.35000610351562,125.0500030517578,126.5,107.22325897216795,16077669,0.0,0.0
2021-11-30,NTPC.NS,127.8000030517578,129.4499969482422,124.6999969482422,127.25,107.8589859008789,22883512,0.0,0.0
2021-12-01,NTPC.NS,130.0,132.9499969482422,125.8499984741211,127.6999969482422,108.24039459228516,17010938,0.0,0.0
2021-12-02,NTPC.NS,127.6999969482422,130.3000030517578,126.5999984741211,128.6999969482422,109.0880126953125,12916313,0.0,0.0
2021-12-03,NTPC.NS,128.6999969482422,130.25,126.4000015258789,127.0,107.64705657958984,12827354,0.0,0.0
2021-12-06,NTPC.NS,127.0,127.5999984741211,124.0,124.3499984741211,105.40088653564452,8158812,0.0,0.0
2021-12-07,NTPC.NS,125.0999984741211,126.4000015258789,124.0,125.3499984741211,106.24850463867188,8701301,0.0,0.0
2021-12-08,NTPC.NS,124.8499984741211,127.6500015258789,124.8499984741211,127.25,107.8589859008789,12093435,0.0,0.0
2021-12-09,NTPC.NS,127.25,127.6500015258789,125.6500015258789,126.0500030517578,106.84183502197266,11518172,0.0,0.0
2021-12-10,NTPC.NS,126.0999984741211,126.6999969482422,124.4000015258789,126.1500015258789,106.92660522460938,8389566,0.0,0.0
2021-12-13,NTPC.NS,127.5999984741211,128.60000610351562,125.5,125.8000030517578,106.62993621826172,13223189,0.0,0.0
2021-12-14,NTPC.NS,125.0,127.4499969482422,125.0,126.3499984741211,107.09612274169922,11649242,0.0,0.0
2021-12-15,NTPC.NS,126.1500015258789,128.4499969482422,125.9000015258789,126.6999969482422,107.3927993774414,11916145,0.0,0.0
2021-12-16,NTPC.NS,127.5500030517578,128.1999969482422,126.25,127.4000015258789,107.98612213134766,10758513,0.0,0.0
2021-12-17,NTPC.NS,127.4000015258789,127.6999969482422,124.0999984741211,125.5500030517578,106.4180145263672,13041775,0.0,0.0
2021-12-20,NTPC.NS,124.5,125.4499969482422,119.0999984741211,121.75,103.19709777832033,14185935,0.0,0.0
2021-12-21,NTPC.NS,123.5500030517578,124.6999969482422,120.8499984741211,122.1999969482422,103.57850646972656,10168470,0.0,0.0
2021-12-22,NTPC.NS,123.0500030517578,123.9000015258789,121.6500015258789,122.5500030517578,103.87518310546876,7885198,0.0,0.0
2021-12-23,NTPC.NS,123.0999984741211,125.4000015258789,122.8000030517578,124.5500030517578,105.5704116821289,9836979,0.0,0.0
2021-12-24,NTPC.NS,124.8000030517578,125.0,120.9000015258789,121.25,102.77328491210938,8509575,0.0,0.0
2021-12-27,NTPC.NS,121.25,122.1500015258789,120.5999984741211,121.8499984741211,103.2818603515625,5097217,0.0,0.0
2021-12-28,NTPC.NS,122.0,124.5999984741211,121.9499969482422,124.0999984741211,105.18898010253906,6511374,0.0,0.0
2021-12-29,NTPC.NS,124.5999984741211,124.75,122.1999969482422,123.1500015258789,104.3837432861328,8960770,0.0,0.0
2021-12-30,NTPC.NS,123.25,127.8499984741211,122.25,126.9000015258789,107.56231689453124,32394253,0.0,0.0
2021-12-31,NTPC.NS,126.8000030517578,126.8000030517578,124.0,124.4000015258789,105.44326782226562,9155163,0.0,0.0
2022-01-03,NTPC.NS,125.4000015258789,126.5500030517578,124.6999969482422,126.0,106.79946899414062,9034081,0.0,0.0
2022-01-04,NTPC.NS,127.0,133.3000030517578,126.75,132.89999389648438,112.64798736572266,33986738,0.0,0.0
2022-01-05,NTPC.NS,132.60000610351562,132.85000610351562,130.6999969482422,132.0,111.88514709472656,16122852,0.0,0.0
2022-01-06,NTPC.NS,132.35000610351562,132.35000610351562,129.3000030517578,130.89999389648438,110.95277404785156,8037648,0.0,0.0
2022-01-07,NTPC.NS,131.3000030517578,132.1999969482422,129.4499969482422,131.35000610351562,111.3342056274414,8820039,0.0,0.0
2022-01-10,NTPC.NS,131.9499969482422,132.3000030517578,130.75,131.85000610351562,111.75800323486328,7324926,0.0,0.0
2022-01-11,NTPC.NS,132.14999389648438,134.0,131.0,132.3000030517578,112.1394271850586,11971883,0.0,0.0
2022-01-12,NTPC.NS,133.35000610351562,134.1999969482422,132.35000610351562,133.85000610351562,113.45323944091795,10439580,0.0,0.0
2022-01-13,NTPC.NS,134.39999389648438,136.64999389648438,133.5,134.9499969482422,114.38560485839844,15114699,0.0,0.0
2022-01-14,NTPC.NS,134.39999389648438,136.14999389648438,133.3000030517578,135.35000610351562,114.72464752197266,9344382,0.0,0.0
2022-01-17,NTPC.NS,134.64999389648438,137.35000610351562,134.4499969482422,136.60000610351562,115.7841796875,9803141,0.0,0.0
2022-01-18,NTPC.NS,136.60000610351562,137.75,134.39999389648438,135.0,114.42797088623048,6473378,0.0,0.0
2022-01-19,NTPC.NS,134.10000610351562,135.3000030517578,132.9499969482422,134.8000030517578,114.25846862792967,21136414,0.0,0.0
2022-01-20,NTPC.NS,134.5,136.35000610351562,134.14999389648438,134.89999389648438,114.34322357177734,8466412,0.0,0.0
2022-01-21,NTPC.NS,134.0500030517578,136.10000610351562,132.5500030517578,134.10000610351562,113.66515350341795,12437749,0.0,0.0
2022-01-24,NTPC.NS,133.0,135.25,131.0,132.60000610351562,112.39369201660156,14284658,0.0,0.0
2022-01-25,NTPC.NS,131.1999969482422,135.64999389648438,131.0500030517578,135.3000030517578,114.6822738647461,10007486,0.0,0.0
2022-01-27,NTPC.NS,134.1999969482422,136.0,133.14999389648438,135.0,114.42797088623048,18760325,0.0,0.0
2022-01-28,NTPC.NS,140.0,144.0,138.0,140.14999389648438,118.79319763183594,34009553,0.0,0.0
2022-01-31,NTPC.NS,142.0,143.39999389648438,138.5500030517578,142.0500030517578,120.40367126464844,27928927,0.0,0.0
2022-02-01,NTPC.NS,144.0,144.14999389648438,140.4499969482422,141.14999389648438,119.64080810546876,17413984,0.0,0.0
2022-02-02,NTPC.NS,142.0,142.75,140.75,141.14999389648438,119.64080810546876,10783943,0.0,0.0
2022-02-03,NTPC.NS,137.5,138.60000610351562,136.3000030517578,136.64999389648438,119.20466613769533,9571728,4.0,0.0
2022-02-04,NTPC.NS,137.0,137.4499969482422,133.89999389648438,134.1999969482422,117.06741333007812,7213085,0.0,0.0
2022-02-07,NTPC.NS,134.1999969482422,136.35000610351562,134.1999969482422,135.14999389648438,117.89613342285156,10562489,0.0,0.0
2022-02-08,NTPC.NS,135.4499969482422,135.64999389648438,132.8000030517578,135.0,117.76527404785156,8721631,0.0,0.0
2022-02-09,NTPC.NS,135.3000030517578,135.60000610351562,133.85000610351562,135.0500030517578,117.80891418457033,5144026,0.0,0.0
2022-02-10,NTPC.NS,135.14999389648438,136.85000610351562,134.3000030517578,136.4499969482422,119.03018188476562,6081460,0.0,0.0
2022-02-11,NTPC.NS,134.4499969482422,137.6999969482422,134.4499969482422,137.14999389648438,119.64080810546876,8426925,0.0,0.0
2022-02-14,NTPC.NS,134.6999969482422,136.4499969482422,131.8000030517578,132.5,115.58447265625,7705072,0.0,0.0
2022-02-15,NTPC.NS,132.10000610351562,135.8000030517578,130.64999389648438,135.35000610351562,118.07062530517578,12674466,0.0,0.0
2022-02-16,NTPC.NS,134.89999389648438,136.6999969482422,132.85000610351562,133.1999969482422,116.1950912475586,12946623,0.0,0.0
2022-02-17,NTPC.NS,134.5,134.89999389648438,132.4499969482422,132.75,115.80255889892578,5811964,0.0,0.0
2022-02-18,NTPC.NS,132.75,134.10000610351562,131.89999389648438,132.35000610351562,115.45362091064452,6760078,0.0,0.0
2022-02-21,NTPC.NS,132.39999389648438,134.14999389648438,131.14999389648438,131.9499969482422,115.10466003417967,12212740,0.0,0.0
2022-02-22,NTPC.NS,131.0500030517578,132.5,127.9000015258789,132.10000610351562,115.23554229736328,13578566,0.0,0.0
2022-02-23,NTPC.NS,132.0,133.4499969482422,129.85000610351562,130.1999969482422,113.57809448242188,9263264,0.0,0.0
2022-02-24,NTPC.NS,127.0,129.0,123.6500015258789,124.4000015258789,108.51854705810548,18045779,0.0,0.0
2022-02-25,NTPC.NS,125.0,131.0,125.0,130.35000610351562,113.7089385986328,10424521,0.0,0.0
2022-02-28,NTPC.NS,128.9499969482422,133.9499969482422,128.8000030517578,133.5,116.45679473876952,13262687,0.0,0.0
2022-03-02,NTPC.NS,132.8000030517578,135.0,130.4499969482422,130.9499969482422,114.23233795166016,12587947,0.0,0.0
2022-03-03,NTPC.NS,132.10000610351562,133.4499969482422,130.25,132.10000610351562,115.23554229736328,15628119,0.0,0.0
2022-03-04,NTPC.NS,132.0,133.35000610351562,129.75,130.1999969482422,113.57809448242188,15883138,0.0,0.0
2022-03-07,NTPC.NS,129.0,130.5,126.9000015258789,130.0500030517578,113.44723510742188,14985637,0.0,0.0
2022-03-08,NTPC.NS,130.5,135.8000030517578,130.5,133.75,116.67489624023438,28572640,0.0,0.0
2022-03-09,NTPC.NS,133.9499969482422,133.9499969482422,131.10000610351562,131.5,114.71212005615234,14286413,0.0,0.0
2022-03-10,NTPC.NS,132.89999389648438,135.0,131.9499969482422,132.9499969482422,115.9770050048828,13101323,0.0,0.0
2022-03-11,NTPC.NS,132.89999389648438,133.39999389648438,131.5,131.9499969482422,115.10466003417967,8669803,0.0,0.0
2022-03-14,NTPC.NS,131.9499969482422,132.89999389648438,130.75,132.14999389648438,115.27913665771484,5670284,0.0,0.0
2022-03-15,NTPC.NS,131.3000030517578,132.9499969482422,130.64999389648438,131.0500030517578,114.31958770751952,6895190,0.0,0.0
2022-03-16,NTPC.NS,132.39999389648438,133.0,131.5500030517578,132.75,115.80255889892578,5561866,0.0,0.0
2022-03-17,NTPC.NS,133.5,134.3000030517578,131.89999389648438,132.89999389648438,115.93338012695312,13995384,0.0,0.0
2022-03-21,NTPC.NS,132.89999389648438,133.39999389648438,131.6999969482422,132.89999389648438,115.93338012695312,9172207,0.0,0.0
2022-03-22,NTPC.NS,133.3000030517578,134.14999389648438,131.75,132.85000610351562,115.88978576660156,10343712,0.0,0.0
2022-03-23,NTPC.NS,132.89999389648438,133.75,132.1999969482422,133.4499969482422,116.41317749023438,11892811,0.0,0.0
2022-03-24,NTPC.NS,133.5,135.6999969482422,133.35000610351562,135.39999389648438,118.11422729492188,11276181,0.0,0.0
2022-03-25,NTPC.NS,136.0,136.14999389648438,134.1999969482422,134.75,117.5472183227539,7266868,0.0,0.0
2022-03-28,NTPC.NS,135.5,135.5,133.8000030517578,134.8000030517578,117.59082794189452,7778682,0.0,0.0
2022-03-29,NTPC.NS,135.0,135.3000030517578,133.89999389648438,134.35000610351562,117.19825744628906,5116935,0.0,0.0
2022-03-30,NTPC.NS,135.0,135.9499969482422,133.4499969482422,135.3000030517578,118.0270004272461,24047012,0.0,0.0
2022-03-31,NTPC.NS,134.3000030517578,135.60000610351562,134.3000030517578,135.0,117.76527404785156,11615450,0.0,0.0
2022-04-01,NTPC.NS,138.0,143.4499969482422,136.8000030517578,142.9499969482422,124.7003402709961,32589741,0.0,0.0
2022-04-04,NTPC.NS,141.85000610351562,146.0,141.5,144.3000030517578,125.87801361083984,15437496,0.0,0.0
2022-04-05,NTPC.NS,145.39999389648438,150.60000610351562,144.75,149.10000610351562,130.06524658203125,23958626,0.0,0.0
2022-04-06,NTPC.NS,150.35000610351562,155.3000030517578,148.3000030517578,153.0,133.46734619140625,52737388,0.0,0.0
2022-04-07,NTPC.NS,152.9499969482422,158.0,152.1999969482422,153.5,133.90354919433594,37738903,0.0,0.0
2022-04-08,NTPC.NS,154.89999389648438,154.89999389648438,151.1999969482422,152.0500030517578,132.63865661621094,17585569,0.0,0.0
2022-04-11,NTPC.NS,152.4499969482422,154.60000610351562,151.85000610351562,153.10000610351562,133.55459594726562,15583159,0.0,0.0
2022-04-12,NTPC.NS,152.6999969482422,153.60000610351562,150.85000610351562,152.60000610351562,133.11842346191406,11306524,0.0,0.0
2022-04-13,NTPC.NS,153.0500030517578,156.1999969482422,152.75,153.9499969482422,134.29608154296875,19454061,0.0,0.0
2022-04-18,NTPC.NS,154.89999389648438,163.75,154.5,163.1999969482422,142.3651580810547,82098517,0.0,0.0
2022-04-19,NTPC.NS,164.89999389648438,166.35000610351562,159.5,160.64999389648438,140.1407012939453,38522118,0.0,0.0
2022-04-20,NTPC.NS,162.14999389648438,163.1999969482422,159.0,160.5,140.0098419189453,20047692,0.0,0.0
2022-04-21,NTPC.NS,161.60000610351562,163.39999389648438,160.35000610351562,162.6999969482422,141.92901611328125,21966151,0.0,0.0
2022-04-22,NTPC.NS,161.25,163.0,159.85000610351562,160.4499969482422,139.96621704101562,9922564,0.0,0.0
2022-04-25,NTPC.NS,158.60000610351562,160.89999389648438,155.39999389648438,156.10000610351562,136.17160034179688,12008027,0.0,0.0
2022-04-26,NTPC.NS,157.60000610351562,158.4499969482422,156.0,157.0,136.95668029785156,11735823,0.0,0.0
2022-04-27,NTPC.NS,156.8000030517578,159.60000610351562,155.1999969482422,155.64999389648438,135.779052734375,17873048,0.0,0.0
2022-04-28,NTPC.NS,158.0,160.10000610351562,155.25,159.6999969482422,139.31199645996094,29123808,0.0,0.0
2022-04-29,NTPC.NS,160.39999389648438,161.0,155.6999969482422,156.1999969482422,136.25880432128906,28941216,0.0,0.0
2022-05-02,NTPC.NS,154.60000610351562,158.35000610351562,153.0,157.5,137.39283752441406,13368198,0.0,0.0
2022-05-04,NTPC.NS,158.0,161.89999389648438,157.3000030517578,158.64999389648438,138.39602661132812,24511385,0.0,0.0
2022-05-05,NTPC.NS,159.60000610351562,160.75,157.0,158.39999389648438,138.17794799804688,33396072,0.0,0.0
2022-05-06,NTPC.NS,156.4499969482422,160.35000610351562,156.0500030517578,159.0,138.70135498046875,22604305,0.0,0.0
2022-05-09,NTPC.NS,158.9499969482422,159.8000030517578,155.9499969482422,159.0,138.70135498046875,22958742,0.0,0.0
2022-05-10,NTPC.NS,158.9499969482422,161.25,154.5,155.4499969482422,135.60455322265625,20322427,0.0,0.0
2022-05-11,NTPC.NS,154.0500030517578,156.9499969482422,150.0500030517578,152.5500030517578,133.07479858398438,13794764,0.0,0.0
2022-05-12,NTPC.NS,151.10000610351562,153.0,148.0,148.5500030517578,129.58544921875,11818556,0.0,0.0
2022-05-13,NTPC.NS,150.0,150.0,143.5,144.14999389648438,125.74714660644533,22913410,0.0,0.0
2022-05-16,NTPC.NS,143.39999389648438,148.89999389648438,141.64999389648438,148.25,129.32373046875,16286682,0.0,0.0
2022-05-17,NTPC.NS,147.5,150.75,146.3000030517578,150.5,131.28648376464844,13925542,0.0,0.0
2022-05-18,NTPC.NS,150.5,150.89999389648438,147.1999969482422,148.5,129.5418243408203,17611218,0.0,0.0
2022-05-19,NTPC.NS,147.5,148.5500030517578,145.75,148.0,129.10565185546875,11701170,0.0,0.0
2022-05-20,NTPC.NS,150.9499969482422,150.9499969482422,147.64999389648438,149.60000610351562,130.50140380859375,17841739,0.0,0.0
2022-05-23,NTPC.NS,154.39999389648438,155.35000610351562,148.39999389648438,150.14999389648438,130.98117065429688,26055890,0.0,0.0
2022-05-24,NTPC.NS,150.14999389648438,151.85000610351562,146.3000030517578,146.89999389648438,128.1460723876953,16581141,0.0,0.0
2022-05-25,NTPC.NS,148.39999389648438,153.14999389648438,147.39999389648438,152.64999389648438,133.16200256347656,19926619,0.0,0.0
2022-05-26,NTPC.NS,153.14999389648438,155.10000610351562,150.60000610351562,154.14999389648438,134.47052001953125,22698086,0.0,0.0
2022-05-27,NTPC.NS,155.0,155.0,149.5,150.4499969482422,131.2428741455078,10245727,0.0,0.0
2022-05-30,NTPC.NS,150.0500030517578,152.5,148.8000030517578,150.89999389648438,131.63543701171875,12513990,0.0,0.0
2022-05-31,NTPC.NS,151.10000610351562,158.0,150.35000610351562,156.0,136.08436584472656,124665699,0.0,0.0
2022-06-01,NTPC.NS,156.4499969482422,160.1999969482422,156.25,156.8000030517578,136.78221130371094,16084988,0.0,0.0
2022-06-02,NTPC.NS,155.5,159.3000030517578,154.25,159.0500030517578,138.74496459960938,17646975,0.0,0.0
2022-06-03,NTPC.NS,159.0,159.4499969482422,154.6999969482422,155.0,135.2119903564453,14063328,0.0,0.0
2022-06-06,NTPC.NS,155.8000030517578,158.64999389648438,154.60000610351562,155.1999969482422,135.38648986816406,18485464,0.0,0.0
2022-06-07,NTPC.NS,155.1999969482422,157.6999969482422,153.5,157.25,137.1747589111328,14911957,0.0,0.0
2022-06-08,NTPC.NS,156.10000610351562,159.75,156.10000610351562,157.0500030517578,137.00030517578125,16416591,0.0,0.0
2022-06-09,NTPC.NS,155.3000030517578,158.0,154.6999969482422,155.14999389648438,135.3428497314453,13821409,0.0,0.0
2022-06-10,NTPC.NS,154.10000610351562,156.60000610351562,154.0,155.25,135.43011474609375,7908849,0.0,0.0
2022-06-13,NTPC.NS,154.0,154.89999389648438,147.75,148.89999389648438,129.8907470703125,19208167,0.0,0.0
2022-06-14,NTPC.NS,148.89999389648438,152.4499969482422,148.89999389648438,151.39999389648438,132.07162475585938,17034328,0.0,0.0
2022-06-15,NTPC.NS,152.5500030517578,153.6999969482422,147.5500030517578,148.14999389648438,129.2364959716797,15172295,0.0,0.0
2022-06-16,NTPC.NS,150.10000610351562,150.14999389648438,142.0,142.9499969482422,124.7003402709961,18494040,0.0,0.0
2022-06-17,NTPC.NS,141.10000610351562,144.4499969482422,139.5500030517578,140.4499969482422,122.51952362060548,21387729,0.0,0.0
2022-06-20,NTPC.NS,140.4499969482422,141.39999389648438,135.0,137.25,119.72805786132812,16578770,0.0,0.0
2022-06-21,NTPC.NS,138.1999969482422,141.25,137.75,139.9499969482422,122.08336639404295,51398446,0.0,0.0
2022-06-22,NTPC.NS,139.9499969482422,139.9499969482422,136.5500030517578,137.64999389648438,120.07698822021484,8317317,0.0,0.0
2022-06-23,NTPC.NS,137.89999389648438,139.14999389648438,135.64999389648438,136.5,119.07380676269533,11257409,0.0,0.0
2022-06-24,NTPC.NS,137.89999389648438,137.89999389648438,134.9499969482422,136.60000610351562,119.1610336303711,21879039,0.0,0.0
2022-06-27,NTPC.NS,137.25,139.0500030517578,136.75,138.5,120.81846618652344,12872030,0.0,0.0
2022-06-28,NTPC.NS,138.5,139.3000030517578,137.14999389648438,138.60000610351562,120.90570068359376,14272044,0.0,0.0
2022-06-29,NTPC.NS,137.8000030517578,143.10000610351562,136.8000030517578,141.75,123.65355682373048,53487394,0.0,0.0
2022-06-30,NTPC.NS,142.3000030517578,143.9499969482422,141.14999389648438,142.89999389648438,124.65673828125,19270932,0.0,0.0
2022-07-01,NTPC.NS,142.0,143.1999969482422,139.75,140.64999389648438,122.69400024414062,9592229,0.0,0.0
2022-07-04,NTPC.NS,139.35000610351562,142.1999969482422,139.35000610351562,141.39999389648438,123.3482437133789,17526429,0.0,0.0
2022-07-05,NTPC.NS,141.39999389648438,144.25,140.1999969482422,140.85000610351562,122.86846923828124,11370649,0.0,0.0
2022-07-06,NTPC.NS,141.5,142.0,136.10000610351562,138.9499969482422,121.2110366821289,15929985,0.0,0.0
2022-07-07,NTPC.NS,140.0,142.75,139.5,140.4499969482422,122.51952362060548,18144208,0.0,0.0
2022-07-08,NTPC.NS,141.0,144.1999969482422,141.0,143.6999969482422,125.35458374023438,15375888,0.0,0.0
2022-07-11,NTPC.NS,144.0,147.0,143.60000610351562,144.8000030517578,126.31417846679688,16779135,0.0,0.0
2022-07-12,NTPC.NS,144.0500030517578,148.10000610351562,144.0500030517578,147.10000610351562,128.320556640625,19138561,0.0,0.0
2022-07-13,NTPC.NS,147.75,149.35000610351562,147.5,148.60000610351562,129.62905883789062,13644449,0.0,0.0
2022-07-14,NTPC.NS,149.0,149.3000030517578,147.0,148.3000030517578,129.3673553466797,9775869,0.0,0.0
2022-07-15,NTPC.NS,148.4499969482422,150.14999389648438,148.14999389648438,149.75,130.6322479248047,11518139,0.0,0.0
2022-07-18,NTPC.NS,151.39999389648438,151.5500030517578,149.3000030517578,149.8000030517578,130.6758575439453,8286352,0.0,0.0
2022-07-19,NTPC.NS,149.8000030517578,151.1999969482422,149.25,150.75,131.5045928955078,6798359,0.0,0.0
2022-07-20,NTPC.NS,152.10000610351562,152.25,150.14999389648438,150.5500030517578,131.3301239013672,7271345,0.0,0.0
2022-07-21,NTPC.NS,151.0,151.25,150.0,150.85000610351562,131.59181213378906,7521568,0.0,0.0
2022-07-22,NTPC.NS,151.0,151.39999389648438,148.14999389648438,148.9499969482422,129.9343719482422,6800124,0.0,0.0
2022-07-25,NTPC.NS,149.1999969482422,150.4499969482422,147.35000610351562,150.10000610351562,130.9375762939453,7996687,0.0,0.0
2022-07-26,NTPC.NS,150.0,150.9499969482422,149.14999389648438,150.0,130.85032653808594,5774871,0.0,0.0
2022-07-27,NTPC.NS,149.5500030517578,150.5500030517578,149.0500030517578,149.6999969482422,130.588623046875,5403197,0.0,0.0
2022-07-28,NTPC.NS,150.0500030517578,150.9499969482422,149.0500030517578,150.35000610351562,131.15565490722656,6030744,0.0,0.0
2022-07-29,NTPC.NS,150.9499969482422,154.4499969482422,150.4499969482422,152.9499969482422,133.42373657226562,11771461,0.0,0.0
2022-08-01,NTPC.NS,152.89999389648438,157.6999969482422,151.0,156.5,136.52052307128906,14221965,0.0,0.0
2022-08-02,NTPC.NS,157.10000610351562,160.10000610351562,156.5500030517578,159.5500030517578,139.18112182617188,18278835,0.0,0.0
2022-08-03,NTPC.NS,160.0500030517578,160.9499969482422,157.1999969482422,159.64999389648438,139.2683563232422,10147608,0.0,0.0
2022-08-04,NTPC.NS,159.6999969482422,160.5,153.0500030517578,154.6999969482422,134.95030212402344,15754128,0.0,0.0
2022-08-05,NTPC.NS,154.39999389648438,157.14999389648438,153.0,155.60000610351562,135.7354278564453,33864055,0.0,0.0
2022-08-08,NTPC.NS,155.5,160.0,154.9499969482422,159.39999389648438,139.05027770996094,16964235,0.0,0.0
2022-08-10,NTPC.NS,156.89999389648438,157.14999389648438,155.0,155.75,138.472412109375,14055597,3.0,0.0
2022-08-11,NTPC.NS,156.1999969482422,156.85000610351562,152.85000610351562,153.64999389648438,136.60533142089844,15810624,0.0,0.0
2022-08-12,NTPC.NS,153.6999969482422,159.0,152.60000610351562,158.5,140.91732788085938,17998843,0.0,0.0
2022-08-16,NTPC.NS,159.0,159.8000030517578,156.9499969482422,158.75,141.13961791992188,8309725,0.0,0.0
2022-08-17,NTPC.NS,159.0,163.64999389648438,159.0,161.4499969482422,143.54006958007812,19674110,0.0,0.0
2022-08-18,NTPC.NS,161.4499969482422,162.64999389648438,159.89999389648438,160.8000030517578,142.96218872070312,9585888,0.0,0.0
2022-08-19,NTPC.NS,161.0500030517578,161.64999389648438,157.14999389648438,157.75,140.25051879882812,9599472,0.0,0.0
2022-08-22,NTPC.NS,157.3000030517578,158.9499969482422,156.0,156.5,139.13919067382812,11400211,0.0,0.0
2022-08-23,NTPC.NS,156.4499969482422,159.1999969482422,155.64999389648438,158.64999389648438,141.0507049560547,14362373,0.0,0.0
2022-08-24,NTPC.NS,158.89999389648438,163.0,158.0,160.8000030517578,142.96218872070312,20602844,0.0,0.0
2022-08-25,NTPC.NS,161.35000610351562,161.9499969482422,158.4499969482422,158.89999389648438,141.27297973632812,12889454,0.0,0.0
2022-08-26,NTPC.NS,159.0,164.6999969482422,158.89999389648438,163.39999389648438,145.27374267578125,30724938,0.0,0.0
2022-08-29,NTPC.NS,161.8000030517578,163.39999389648438,160.6999969482422,160.9499969482422,143.09555053710938,10928330,0.0,0.0
2022-08-30,NTPC.NS,161.8000030517578,165.4499969482422,161.5500030517578,164.0,145.8072052001953,24663153,0.0,0.0
2022-09-01,NTPC.NS,161.5,164.25,160.3000030517578,160.6999969482422,142.87327575683594,14554158,0.0,0.0
2022-09-02,NTPC.NS,163.0,166.39999389648438,161.25,161.8000030517578,143.8512420654297,25106698,0.0,0.0
2022-09-05,NTPC.NS,162.60000610351562,165.10000610351562,162.1999969482422,164.5,146.25173950195312,15226001,0.0,0.0
2022-09-06,NTPC.NS,165.8000030517578,168.85000610351562,164.8000030517578,168.4499969482422,149.76358032226562,27866331,0.0,0.0
2022-09-07,NTPC.NS,168.5,170.14999389648438,166.64999389648438,167.3000030517578,148.7411346435547,19415892,0.0,0.0
2022-09-08,NTPC.NS,168.0,169.1999969482422,165.9499969482422,166.8000030517578,148.29660034179688,11595205,0.0,0.0
2022-09-09,NTPC.NS,167.64999389648438,169.35000610351562,165.9499969482422,166.60000610351562,148.11878967285156,16415150,0.0,0.0
2022-09-12,NTPC.NS,167.4499969482422,168.10000610351562,165.5,166.39999389648438,147.94094848632812,15469466,0.0,0.0
2022-09-13,NTPC.NS,166.9499969482422,168.9499969482422,165.64999389648438,167.39999389648438,148.83004760742188,15644741,0.0,0.0
2022-09-14,NTPC.NS,165.0,173.0500030517578,165.0,172.35000610351562,153.23094177246094,38751148,0.0,0.0
2022-09-15,NTPC.NS,174.39999389648438,176.14999389648438,172.64999389648438,175.10000610351562,155.67588806152344,29483891,0.0,0.0
2022-09-16,NTPC.NS,173.9499969482422,174.6999969482422,171.3000030517578,172.8000030517578,153.63099670410156,26126152,0.0,0.0
2022-09-19,NTPC.NS,173.5,174.10000610351562,170.5500030517578,171.0,152.0306854248047,13304030,0.0,0.0
2022-09-20,NTPC.NS,171.89999389648438,173.14999389648438,170.89999389648438,171.89999389648438,152.83082580566406,15395199,0.0,0.0
2022-09-21,NTPC.NS,171.0,172.0500030517578,168.14999389648438,168.60000610351562,149.89691162109375,7370283,0.0,0.0
2022-09-22,NTPC.NS,167.0,169.64999389648438,166.85000610351562,168.64999389648438,149.94139099121094,7447846,0.0,0.0
2022-09-23,NTPC.NS,167.14999389648438,168.5,162.64999389648438,163.9499969482422,145.76275634765625,12264388,0.0,0.0
2022-09-26,NTPC.NS,162.4499969482422,163.85000610351562,156.60000610351562,158.60000610351562,141.00624084472656,21951865,0.0,0.0
2022-09-27,NTPC.NS,159.39999389648438,161.64999389648438,157.5,159.0,141.36184692382812,8367800,0.0,0.0
2022-09-28,NTPC.NS,157.8000030517578,159.4499969482422,155.0,157.9499969482422,140.4283447265625,14261815,0.0,0.0
2022-09-29,NTPC.NS,158.75,161.6999969482422,158.0,159.5500030517578,141.8508758544922,17623352,0.0,0.0
2022-09-30,NTPC.NS,160.0,161.5500030517578,157.39999389648438,159.64999389648438,141.9397430419922,12015533,0.0,0.0
2022-10-03,NTPC.NS,159.85000610351562,164.10000610351562,158.9499969482422,160.35000610351562,142.56211853027344,10528629,0.0,0.0
2022-10-04,NTPC.NS,161.9499969482422,164.0,161.35000610351562,162.5500030517578,144.51808166503906,9013773,0.0,0.0
2022-10-06,NTPC.NS,164.25,165.10000610351562,162.39999389648438,162.89999389648438,144.82923889160156,6456408,0.0,0.0
2022-10-07,NTPC.NS,163.10000610351562,164.85000610351562,161.35000610351562,164.3000030517578,146.07391357421875,8825983,0.0,0.0
2022-10-10,NTPC.NS,162.6999969482422,165.60000610351562,161.85000610351562,163.9499969482422,145.76275634765625,10484521,0.0,0.0
2022-10-11,NTPC.NS,164.39999389648438,164.39999389648438,160.3000030517578,161.0500030517578,143.18446350097656,13805741,0.0,0.0
2022-10-12,NTPC.NS,161.89999389648438,165.3000030517578,161.14999389648438,165.0,146.6962890625,12496248,0.0,0.0
2022-10-13,NTPC.NS,164.85000610351562,166.8000030517578,164.25,164.75,146.47396850585938,9447511,0.0,0.0
2022-10-14,NTPC.NS,166.25,167.5,164.85000610351562,165.10000610351562,146.78518676757812,9588164,0.0,0.0
2022-10-17,NTPC.NS,165.10000610351562,169.0500030517578,164.0,168.4499969482422,149.76358032226562,13426449,0.0,0.0
2022-10-18,NTPC.NS,168.9499969482422,169.4499969482422,166.39999389648438,166.9499969482422,148.42994689941406,20635735,0.0,0.0
2022-10-19,NTPC.NS,166.5,168.10000610351562,163.85000610351562,164.0500030517578,145.85165405273438,6947654,0.0,0.0
2022-10-20,NTPC.NS,164.0,167.89999389648438,161.5,166.9499969482422,148.42994689941406,12020720,0.0,0.0
2022-10-21,NTPC.NS,167.5,168.4499969482422,164.5,165.0500030517578,146.74072265625,7414335,0.0,0.0
2022-10-24,NTPC.NS,166.9499969482422,167.9499969482422,166.25,166.9499969482422,148.42994689941406,685185,0.0,0.0
2022-10-25,NTPC.NS,167.4499969482422,169.6999969482422,165.4499969482422,169.35000610351562,150.56369018554688,8131380,0.0,0.0
2022-10-27,NTPC.NS,169.89999389648438,171.5,167.5500030517578,170.64999389648438,151.71951293945312,16225577,0.0,0.0
2022-10-28,NTPC.NS,170.64999389648438,174.6999969482422,169.89999389648438,174.0500030517578,154.74234008789062,16185760,0.0,0.0
2022-10-31,NTPC.NS,169.89999389648438,174.0,169.0500030517578,173.10000610351562,153.8977508544922,24233760,0.0,0.0
2022-11-01,NTPC.NS,174.0,182.9499969482422,173.5,181.8000030517578,161.6326141357422,41101936,0.0,0.0
2022-11-02,NTPC.NS,181.8999938964844,182.6999969482422,180.0,180.9499969482422,160.87692260742188,22146420,0.0,0.0
2022-11-03,NTPC.NS,179.35000610351562,181.8500061035156,177.25,178.14999389648438,158.3875274658203,16719953,0.0,0.0
2022-11-04,NTPC.NS,179.0500030517578,179.5,176.35000610351562,176.9499969482422,157.3206329345703,14881752,0.0,0.0
2022-11-07,NTPC.NS,177.85000610351562,179.5,174.85000610351562,175.85000610351562,156.34266662597656,12799401,0.0,0.0
2022-11-09,NTPC.NS,177.75,177.75,172.25,173.39999389648438,154.16445922851562,14929008,0.0,0.0
2022-11-10,NTPC.NS,173.5,174.1999969482422,170.5500030517578,172.10000610351562,153.00868225097656,10668583,0.0,0.0
2022-11-11,NTPC.NS,173.0,173.60000610351562,169.64999389648438,171.4499969482422,152.43077087402344,16963169,0.0,0.0
2022-11-14,NTPC.NS,172.35000610351562,173.39999389648438,171.10000610351562,171.4499969482422,152.43077087402344,10224241,0.0,0.0
2022-11-15,NTPC.NS,172.3000030517578,174.14999389648438,171.39999389648438,172.10000610351562,153.00868225097656,13899999,0.0,0.0
2022-11-16,NTPC.NS,172.10000610351562,172.9499969482422,169.14999389648438,169.9499969482422,151.09715270996094,9781274,0.0,0.0
2022-11-17,NTPC.NS,169.9499969482422,170.8000030517578,167.5,168.3000030517578,149.63021850585938,12778124,0.0,0.0
2022-11-18,NTPC.NS,168.5500030517578,169.0500030517578,165.10000610351562,165.85000610351562,147.45201110839844,11134908,0.0,0.0
2022-11-21,NTPC.NS,165.0,166.1999969482422,164.14999389648438,164.39999389648438,146.16282653808594,12788632,0.0,0.0
2022-11-22,NTPC.NS,165.25,167.5,164.85000610351562,167.0500030517578,148.5188446044922,15198091,0.0,0.0
2022-11-23,NTPC.NS,167.85000610351562,168.25,166.25,168.0500030517578,149.40794372558594,12004998,0.0,0.0
2022-11-24,NTPC.NS,168.6999969482422,170.0,167.60000610351562,169.5,150.6970977783203,10986350,0.0,0.0
2022-11-25,NTPC.NS,170.25,171.25,168.60000610351562,169.75,150.91934204101562,12358833,0.0,0.0
2022-11-28,NTPC.NS,170.0,171.89999389648438,169.39999389648438,170.39999389648438,151.4972381591797,5471921,0.0,0.0
2022-11-29,NTPC.NS,171.0,171.60000610351562,169.0500030517578,170.14999389648438,151.2749786376953,7693168,0.0,0.0
2022-11-30,NTPC.NS,170.10000610351562,172.85000610351562,169.75,172.1999969482422,153.0975341796875,9133076,0.0,0.0
2022-12-01,NTPC.NS,173.5,173.64999389648438,170.85000610351562,172.1999969482422,153.0975341796875,9214914,0.0,0.0
2022-12-02,NTPC.NS,172.39999389648438,172.85000610351562,171.14999389648438,172.14999389648438,153.0531005859375,6376672,0.0,0.0
2022-12-05,NTPC.NS,173.0500030517578,175.64999389648438,171.39999389648438,175.14999389648438,155.72030639648438,9861212,0.0,0.0
2022-12-06,NTPC.NS,175.60000610351562,176.0,173.85000610351562,175.1999969482422,155.7647705078125,7008295,0.0,0.0
2022-12-07,NTPC.NS,174.10000610351562,175.0,171.3000030517578,171.85000610351562,152.78639221191406,7718718,0.0,0.0
2022-12-08,NTPC.NS,171.85000610351562,172.4499969482422,170.0,170.35000610351562,151.45278930664062,4225180,0.0,0.0
2022-12-09,NTPC.NS,171.1999969482422,171.75,168.0,169.5,150.6970977783203,6174919,0.0,0.0
2022-12-12,NTPC.NS,170.0,170.0,167.5500030517578,168.89999389648438,150.16363525390625,7153044,0.0,0.0
2022-12-13,NTPC.NS,169.75,170.0,168.0500030517578,169.1999969482422,150.4303436279297,5166993,0.0,0.0
2022-12-14,NTPC.NS,169.9499969482422,173.6999969482422,169.4499969482422,171.60000610351562,152.56417846679688,8562333,0.0,0.0
2022-12-15,NTPC.NS,172.0,174.0500030517578,171.6999969482422,172.10000610351562,153.00868225097656,10644546,0.0,0.0
2022-12-16,NTPC.NS,171.89999389648438,173.10000610351562,169.0500030517578,169.8000030517578,150.9637908935547,9433166,0.0,0.0
2022-12-19,NTPC.NS,169.8000030517578,172.25,169.5,171.8000030517578,152.7419891357422,7706855,0.0,0.0
2022-12-20,NTPC.NS,171.14999389648438,171.4499969482422,168.5500030517578,169.75,150.91934204101562,7387632,0.0,0.0
2022-12-21,NTPC.NS,170.0,171.0500030517578,166.60000610351562,167.9499969482422,149.31903076171875,8454254,0.0,0.0
2022-12-22,NTPC.NS,168.5,168.64999389648438,164.5500030517578,165.89999389648438,147.4964599609375,6979001,0.0,0.0
2022-12-23,NTPC.NS,164.3000030517578,166.35000610351562,162.35000610351562,163.0,144.91812133789062,5313321,0.0,0.0
2022-12-26,NTPC.NS,162.0,167.75,161.89999389648438,165.64999389648438,147.274169921875,8321609,0.0,0.0
2022-12-27,NTPC.NS,167.0,168.1999969482422,164.5500030517578,165.1999969482422,146.87408447265625,9244387,0.0,0.0
2022-12-28,NTPC.NS,165.0,167.60000610351562,164.8000030517578,165.85000610351562,147.45201110839844,9652984,0.0,0.0
2022-12-29,NTPC.NS,165.0,167.39999389648438,164.0,166.75,148.2521514892578,19571340,0.0,0.0
2022-12-30,NTPC.NS,166.75,167.8000030517578,166.0,166.4499969482422,147.98541259765625,8626291,0.0,0.0
2023-01-02,NTPC.NS,167.0500030517578,168.5500030517578,166.39999389648438,168.0,149.3634796142578,7322962,0.0,0.0
2023-01-03,NTPC.NS,168.0,169.1999969482422,166.8000030517578,167.60000610351562,149.00784301757812,9629995,0.0,0.0
2023-01-04,NTPC.NS,167.85000610351562,168.5,164.6999969482422,166.60000610351562,148.11878967285156,11995082,0.0,0.0
2023-01-05,NTPC.NS,168.0,170.35000610351562,167.14999389648438,169.89999389648438,151.05270385742188,18887530,0.0,0.0
2023-01-06,NTPC.NS,170.4499969482422,172.14999389648438,168.5500030517578,169.0,150.25254821777344,13216749,0.0,0.0
2023-01-09,NTPC.NS,170.25,171.0,169.4499969482422,170.39999389648438,151.4972381591797,6012344,0.0,0.0
2023-01-10,NTPC.NS,170.39999389648438,170.6999969482422,167.14999389648438,167.9499969482422,149.31903076171875,7557693,0.0,0.0
2023-01-11,NTPC.NS,168.4499969482422,168.8000030517578,165.5,166.0500030517578,147.62979125976562,8463293,0.0,0.0
2023-01-12,NTPC.NS,166.89999389648438,167.1999969482422,165.5500030517578,165.9499969482422,147.5408935546875,7628932,0.0,0.0
2023-01-13,NTPC.NS,166.1999969482422,168.14999389648438,165.5,167.8000030517578,149.1856689453125,5090393,0.0,0.0
2023-01-16,NTPC.NS,168.64999389648438,168.64999389648438,164.64999389648438,165.9499969482422,147.5408935546875,10321015,0.0,0.0
2023-01-17,NTPC.NS,166.60000610351562,168.1999969482422,165.8000030517578,167.6999969482422,149.0967559814453,13015434,0.0,0.0
2023-01-18,NTPC.NS,167.5,169.6999969482422,167.10000610351562,169.4499969482422,150.65261840820312,5536057,0.0,0.0
2023-01-19,NTPC.NS,170.39999389648438,170.39999389648438,167.3000030517578,168.6999969482422,149.9857940673828,6812613,0.0,0.0
2023-01-20,NTPC.NS,169.89999389648438,169.89999389648438,167.64999389648438,168.6999969482422,149.9857940673828,8545359,0.0,0.0
2023-01-23,NTPC.NS,169.39999389648438,169.5,166.0,166.85000610351562,148.341064453125,7787735,0.0,0.0
2023-01-24,NTPC.NS,167.1999969482422,167.5500030517578,165.39999389648438,166.0500030517578,147.62979125976562,7033092,0.0,0.0
2023-01-25,NTPC.NS,166.0,166.60000610351562,164.39999389648438,165.89999389648438,147.4964599609375,9257370,0.0,0.0
2023-01-27,NTPC.NS,166.25,167.0500030517578,164.0,166.3000030517578,147.85206604003906,13756671,0.0,0.0
2023-01-30,NTPC.NS,167.60000610351562,172.25,167.10000610351562,168.85000610351562,150.11920166015625,30768122,0.0,0.0
2023-01-31,NTPC.NS,169.85000610351562,172.64999389648438,167.35000610351562,171.14999389648438,152.16404724121094,24990701,0.0,0.0
2023-02-01,NTPC.NS,172.25,173.8000030517578,167.1999969482422,170.0,151.14158630371094,13878016,0.0,0.0
2023-02-02,NTPC.NS,170.0,170.85000610351562,165.5,166.89999389648438,148.38546752929688,19898080,0.0,0.0
2023-02-03,NTPC.NS,164.5,166.4499969482422,162.5500030517578,165.5500030517578,151.03118896484375,11730514,4.25,0.0
2023-02-06,NTPC.NS,164.5,166.85000610351562,164.0500030517578,166.0500030517578,151.48733520507812,7588936,0.0,0.0
2023-02-07,NTPC.NS,166.5,167.6999969482422,164.3000030517578,165.25,150.7574920654297,8699758,0.0,0.0
2023-02-08,NTPC.NS,165.60000610351562,165.75,164.10000610351562,165.5,150.98556518554688,8839686,0.0,0.0
2023-02-09,NTPC.NS,165.9499969482422,166.64999389648438,164.64999389648438,166.0,151.4416961669922,5507650,0.0,0.0
2023-02-10,NTPC.NS,165.10000610351562,165.8000030517578,164.10000610351562,165.0,150.5294189453125,9468345,0.0,0.0
2023-02-13,NTPC.NS,165.10000610351562,168.1999969482422,164.8000030517578,167.85000610351562,153.12945556640625,9829152,0.0,0.0
2023-02-14,NTPC.NS,168.5,168.5,164.85000610351562,166.0500030517578,151.48733520507812,12916373,0.0,0.0
2023-02-15,NTPC.NS,166.0,166.5,164.1999969482422,165.8000030517578,151.25924682617188,11855678,0.0,0.0
2023-02-16,NTPC.NS,166.0,167.6999969482422,165.60000610351562,167.39999389648438,152.71893310546875,7923121,0.0,0.0
2023-02-17,NTPC.NS,167.0,169.64999389648438,166.4499969482422,168.0500030517578,153.31195068359375,10182025,0.0,0.0
2023-02-20,NTPC.NS,167.6999969482422,170.0,167.25,167.89999389648438,153.175048828125,6679716,0.0,0.0
2023-02-21,NTPC.NS,169.0500030517578,174.25,169.0500030517578,173.25,158.05589294433594,26883881,0.0,0.0
2023-02-22,NTPC.NS,172.9499969482422,173.1999969482422,168.5,170.5,155.5470428466797,12225021,0.0,0.0
2023-02-23,NTPC.NS,170.9499969482422,171.64999389648438,169.0,169.60000610351562,154.7259979248047,11184381,0.0,0.0
2023-02-24,NTPC.NS,170.25,171.1999969482422,169.39999389648438,171.0,156.00320434570312,8338893,0.0,0.0
2023-02-27,NTPC.NS,171.14999389648438,173.5,170.5,172.39999389648438,157.2804412841797,17669762,0.0,0.0
2023-02-28,NTPC.NS,172.8000030517578,173.0,169.85000610351562,170.5,155.5470428466797,19044910,0.0,0.0
2023-03-01,NTPC.NS,170.9499969482422,173.0500030517578,169.9499969482422,172.25,157.1435546875,9318790,0.0,0.0
2023-03-02,NTPC.NS,172.1999969482422,172.1999969482422,170.25,170.8000030517578,155.8207550048828,7725981,0.0,0.0
2023-03-03,NTPC.NS,172.0,175.0,171.5,172.60000610351562,157.46286010742188,12962719,0.0,0.0
2023-03-06,NTPC.NS,172.89999389648438,177.5,172.6999969482422,176.8000030517578,161.29454040527344,12402804,0.0,0.0
2023-03-08,NTPC.NS,175.6999969482422,179.14999389648438,175.4499969482422,178.85000610351562,163.16476440429688,22099710,0.0,0.0
2023-03-09,NTPC.NS,178.39999389648438,182.1999969482422,178.0,179.4499969482422,163.71214294433594,18874546,0.0,0.0
2023-03-10,NTPC.NS,178.0,181.0,177.8000030517578,180.75,164.8981170654297,12399692,0.0,0.0
2023-03-13,NTPC.NS,181.3000030517578,181.5500030517578,179.4499969482422,179.6999969482422,163.94020080566406,13669178,0.0,0.0
2023-03-14,NTPC.NS,178.64999389648438,181.0,177.1999969482422,177.89999389648438,162.2980499267578,9217542,0.0,0.0
2023-03-15,NTPC.NS,179.4499969482422,179.5500030517578,177.75,178.1999969482422,162.57176208496094,8548173,0.0,0.0
2023-03-16,NTPC.NS,178.1999969482422,180.0,176.9499969482422,179.60000610351562,163.84898376464844,9405016,0.0,0.0
2023-03-17,NTPC.NS,181.6999969482422,181.6999969482422,175.89999389648438,176.9499969482422,161.43138122558594,47276890,0.0,0.0
2023-03-20,NTPC.NS,177.5500030517578,177.5500030517578,174.9499969482422,176.0,160.56471252441406,5627841,0.0,0.0
2023-03-21,NTPC.NS,176.85000610351562,177.5500030517578,175.3000030517578,177.10000610351562,161.5682373046875,12894327,0.0,0.0
2023-03-22,NTPC.NS,177.8000030517578,177.8000030517578,173.8000030517578,174.35000610351562,159.0594024658203,7893205,0.0,0.0
2023-03-23,NTPC.NS,174.0500030517578,175.85000610351562,173.6999969482422,174.60000610351562,159.2874755859375,5759884,0.0,0.0
2023-03-24,NTPC.NS,175.1999969482422,175.1999969482422,172.35000610351562,172.6999969482422,157.55410766601562,4977283,0.0,0.0
2023-03-27,NTPC.NS,172.64999389648438,173.9499969482422,170.6999969482422,171.25,156.23129272460938,12077986,0.0,0.0
2023-03-28,NTPC.NS,171.35000610351562,173.0,170.5,172.0,156.91551208496094,8750986,0.0,0.0
2023-03-29,NTPC.NS,172.64999389648438,175.39999389648438,171.6999969482422,174.0,158.7401123046875,20272070,0.0,0.0
2023-03-31,NTPC.NS,174.8000030517578,177.25,174.60000610351562,175.10000610351562,159.74365234375,8125121,0.0,0.0
2023-04-03,NTPC.NS,175.60000610351562,178.10000610351562,175.4499969482422,177.8000030517578,162.20684814453125,9098662,0.0,0.0
2023-04-05,NTPC.NS,178.3000030517578,178.3000030517578,175.14999389648438,175.89999389648438,160.47348022460938,10829323,0.0,0.0
2023-04-06,NTPC.NS,176.39999389648438,176.60000610351562,174.85000610351562,175.1999969482422,159.83485412597656,7159274,0.0,0.0
2023-04-10,NTPC.NS,175.85000610351562,178.0,175.1999969482422,177.60000610351562,162.02438354492188,10968456,0.0,0.0
2023-04-11,NTPC.NS,178.10000610351562,179.75,176.5500030517578,178.10000610351562,162.4805450439453,9208605,0.0,0.0
2023-04-12,NTPC.NS,178.0,178.3000030517578,175.3000030517578,175.8000030517578,160.38223266601562,7591360,0.0,0.0
2023-04-13,NTPC.NS,176.0,176.10000610351562,172.3000030517578,173.0500030517578,157.87344360351562,9944382,0.0,0.0
2023-04-17,NTPC.NS,172.35000610351562,173.9499969482422,169.25,169.60000610351562,154.7259979248047,17401126,0.0,0.0
2023-04-18,NTPC.NS,170.0,170.75,169.0,170.10000610351562,155.18214416503906,16199789,0.0,0.0
2023-04-19,NTPC.NS,168.75,169.9499969482422,166.8000030517578,167.10000610351562,152.4452362060547,16314641,0.0,0.0
2023-04-20,NTPC.NS,167.10000610351562,170.1999969482422,166.8000030517578,169.6999969482422,154.8172149658203,15498083,0.0,0.0
2023-04-21,NTPC.NS,169.64999389648438,169.9499969482422,168.39999389648438,169.6999969482422,154.8172149658203,6672391,0.0,0.0
2023-04-24,NTPC.NS,168.5,171.25,168.1999969482422,170.9499969482422,155.95758056640625,8088991,0.0,0.0
2023-04-25,NTPC.NS,171.3000030517578,172.4499969482422,170.35000610351562,171.10000610351562,156.0944366455078,9175412,0.0,0.0
2023-04-26,NTPC.NS,171.10000610351562,171.6999969482422,169.5,169.85000610351562,154.95407104492188,9032416,0.0,0.0
2023-04-27,NTPC.NS,170.0,171.35000610351562,168.8000030517578,170.9499969482422,155.95758056640625,9054900,0.0,0.0
2023-04-28,NTPC.NS,171.89999389648438,172.5,169.60000610351562,172.0,156.91551208496094,21552892,0.0,0.0
2023-05-02,NTPC.NS,172.64999389648438,176.0,172.5500030517578,175.60000610351562,160.19979858398438,8893428,0.0,0.0
2023-05-03,NTPC.NS,175.60000610351562,178.64999389648438,175.10000610351562,176.35000610351562,160.88400268554688,11194149,0.0,0.0
2023-05-04,NTPC.NS,176.4499969482422,177.4499969482422,174.8000030517578,176.35000610351562,160.88400268554688,4671155,0.0,0.0
2023-05-05,NTPC.NS,176.35000610351562,176.39999389648438,173.0,174.25,158.96815490722656,5958697,0.0,0.0
2023-05-08,NTPC.NS,174.8000030517578,177.5500030517578,174.5,177.0500030517578,161.5226287841797,6287186,0.0,0.0
2023-05-09,NTPC.NS,177.1999969482422,178.64999389648438,175.1999969482422,176.0,160.56471252441406,7918748,0.0,0.0
2023-05-10,NTPC.NS,176.0,177.35000610351562,174.9499969482422,177.0500030517578,161.5226287841797,6231734,0.0,0.0
2023-05-11,NTPC.NS,177.60000610351562,180.0,176.9499969482422,179.5500030517578,163.80337524414062,12125975,0.0,0.0
2023-05-12,NTPC.NS,179.10000610351562,179.25,174.5,174.9499969482422,159.60678100585938,8920297,0.0,0.0
2023-05-15,NTPC.NS,174.0,176.75,173.85000610351562,175.9499969482422,160.51910400390625,7980565,0.0,0.0
2023-05-16,NTPC.NS,176.89999389648438,178.0,175.5,177.4499969482422,161.88754272460938,7874923,0.0,0.0
2023-05-17,NTPC.NS,177.4499969482422,177.85000610351562,175.0500030517578,176.0,160.56471252441406,6639494,0.0,0.0
2023-05-18,NTPC.NS,177.0,177.6999969482422,174.64999389648438,175.10000610351562,159.74365234375,6921939,0.0,0.0
2023-05-19,NTPC.NS,175.0,175.35000610351562,172.9499969482422,173.3000030517578,158.10147094726562,6657753,0.0,0.0
2023-05-22,NTPC.NS,173.3000030517578,177.0500030517578,173.14999389648438,174.10000610351562,158.8313446044922,13339834,0.0,0.0
2023-05-23,NTPC.NS,174.9499969482422,175.64999389648438,172.8000030517578,174.14999389648438,158.87696838378906,8359389,0.0,0.0
2023-05-24,NTPC.NS,174.0,175.3000030517578,173.4499969482422,174.9499969482422,159.60678100585938,8507023,0.0,0.0
2023-05-25,NTPC.NS,174.9499969482422,175.5500030517578,173.39999389648438,174.5,159.19627380371094,7986243,0.0,0.0
2023-05-26,NTPC.NS,175.0,177.25,174.10000610351562,174.5,159.19627380371094,6926193,0.0,0.0
2023-05-29,NTPC.NS,174.9499969482422,177.8000030517578,174.8000030517578,176.3000030517578,160.83840942382812,9943211,0.0,0.0
2023-05-30,NTPC.NS,177.0,178.0,175.60000610351562,176.8000030517578,161.29454040527344,9727639,0.0,0.0
2023-05-31,NTPC.NS,177.0,177.0,171.9499969482422,173.85000610351562,158.603271484375,41785992,0.0,0.0
2023-06-01,NTPC.NS,173.60000610351562,174.6999969482422,171.85000610351562,174.39999389648438,159.1050262451172,11602551,0.0,0.0
2023-06-02,NTPC.NS,175.89999389648438,175.89999389648438,173.39999389648438,174.5500030517578,159.2418975830078,7262018,0.0,0.0
2023-06-05,NTPC.NS,175.8000030517578,176.1999969482422,173.5500030517578,174.10000610351562,158.8313446044922,12239684,0.0,0.0
2023-06-06,NTPC.NS,174.5,175.75,173.5500030517578,175.39999389648438,160.01731872558594,4889564,0.0,0.0
2023-06-07,NTPC.NS,175.9499969482422,178.0,175.39999389648438,177.35000610351562,161.7963409423828,6270083,0.0,0.0
2023-06-08,NTPC.NS,178.75,184.3500061035156,178.10000610351562,182.0500030517578,166.08412170410156,27382635,0.0,0.0
2023-06-09,NTPC.NS,184.0,184.25,180.5500030517578,182.8000030517578,166.76832580566406,10235269,0.0,0.0
2023-06-12,NTPC.NS,182.8000030517578,186.4499969482422,182.6499938964844,185.6999969482422,169.4139862060547,17450400,0.0,0.0
2023-06-13,NTPC.NS,186.0,186.6499938964844,185.0,185.3500061035156,169.09471130371094,8332566,0.0,0.0
2023-06-14,NTPC.NS,185.3500061035156,188.3999938964844,185.3500061035156,187.1999969482422,170.782470703125,15061573,0.0,0.0
2023-06-15,NTPC.NS,187.0,187.3000030517578,185.3500061035156,186.6999969482422,170.32627868652344,9840499,0.0,0.0
2023-06-16,NTPC.NS,186.8999938964844,188.6999969482422,186.0500030517578,188.1999969482422,171.6947479248047,8562558,0.0,0.0
2023-06-19,NTPC.NS,188.1999969482422,188.1999969482422,185.1999969482422,185.8500061035156,169.5508575439453,5363723,0.0,0.0
2023-06-20,NTPC.NS,186.0,188.0,184.5500030517578,187.5,171.05613708496094,6035600,0.0,0.0
2023-06-21,NTPC.NS,187.5,188.6999969482422,186.5,187.5,171.05613708496094,5906854,0.0,0.0
2023-06-22,NTPC.NS,187.5,187.9499969482422,183.3500061035156,184.5,168.31927490234375,6683123,0.0,0.0
2023-06-23,NTPC.NS,184.5500030517578,187.5,183.75,186.6999969482422,170.32627868652344,15255365,0.0,0.0
2023-06-26,NTPC.NS,187.3999938964844,187.3999938964844,184.4499969482422,184.8999938964844,168.68414306640625,7231775,0.0,0.0
2023-06-27,NTPC.NS,184.8999938964844,186.9499969482422,184.8000030517578,186.0500030517578,169.73330688476562,6787438,0.0,0.0
2023-06-28,NTPC.NS,186.0500030517578,190.6000061035156,185.3000030517578,189.1000061035156,172.51585388183594,32476741,0.0,0.0
2023-06-30,NTPC.NS,188.1000061035156,191.6499938964844,188.0,189.1499938964844,172.56143188476562,9579059,0.0,0.0
2023-07-03,NTPC.NS,190.0,192.6000061035156,188.6999969482422,191.25,174.47726440429688,7352149,0.0,0.0
2023-07-04,NTPC.NS,191.1000061035156,194.8000030517578,189.0,194.0500030517578,177.03172302246094,13258826,0.0,0.0
2023-07-05,NTPC.NS,194.0,194.75,192.3500061035156,193.3999938964844,176.43873596191406,6558910,0.0,0.0
2023-07-06,NTPC.NS,193.5,197.1499938964844,192.75,196.75,179.4949493408203,16276609,0.0,0.0
2023-07-07,NTPC.NS,196.75,197.75,192.1499938964844,192.6000061035156,175.70887756347656,12652336,0.0,0.0
2023-07-10,NTPC.NS,192.6499938964844,193.3500061035156,189.8000030517578,191.5500030517578,174.75094604492188,10238356,0.0,0.0
2023-07-11,NTPC.NS,192.6499938964844,192.9499969482422,190.8000030517578,192.3999938964844,175.5264129638672,11236383,0.0,0.0
2023-07-12,NTPC.NS,193.75,194.75,190.25,190.8000030517578,174.0667266845703,9191559,0.0,0.0
2023-07-13,NTPC.NS,191.8000030517578,191.8000030517578,186.9499969482422,187.8999938964844,171.4210662841797,10612659,0.0,0.0
2023-07-14,NTPC.NS,187.9499969482422,188.3500061035156,184.75,187.4499969482422,171.0105438232422,12369394,0.0,0.0
2023-07-17,NTPC.NS,188.4499969482422,188.9499969482422,185.8000030517578,186.5,170.14385986328125,9058800,0.0,0.0
2023-07-18,NTPC.NS,187.0,189.1499938964844,186.3000030517578,187.3500061035156,170.91932678222656,7177677,0.0,0.0
2023-07-19,NTPC.NS,191.0,196.6000061035156,190.1999969482422,192.5500030517578,175.6632537841797,31761232,0.0,0.0
2023-07-20,NTPC.NS,192.6999969482422,194.25,191.8500061035156,192.8999938964844,175.98255920410156,8936996,0.0,0.0
2023-07-21,NTPC.NS,192.8000030517578,196.3500061035156,192.1000061035156,195.1000061035156,177.9896240234375,11031250,0.0,0.0
2023-07-24,NTPC.NS,195.5,197.0,192.9499969482422,195.8999938964844,178.71946716308594,9981788,0.0,0.0
2023-07-25,NTPC.NS,196.5,201.3500061035156,195.8999938964844,200.6499938964844,183.0528717041016,18028061,0.0,0.0
2023-07-26,NTPC.NS,201.5,202.1499938964844,200.0,201.6000061035156,183.9195709228516,13857423,0.0,0.0
2023-07-27,NTPC.NS,201.75,203.0,200.6000061035156,201.9499969482422,184.2388458251953,16013422,0.0,0.0
2023-07-28,NTPC.NS,201.8500061035156,210.4499969482422,199.5,210.0,191.58290100097656,39630520,0.0,0.0
2023-07-31,NTPC.NS,212.1999969482422,218.9499969482422,209.6499938964844,218.3500061035156,199.20057678222656,43494779,0.0,0.0
2023-08-01,NTPC.NS,219.5500030517578,226.6499938964844,218.8500061035156,225.1499938964844,205.4042205810547,63510580,0.0,0.0
2023-08-02,NTPC.NS,225.0500030517578,225.1499938964844,216.8500061035156,219.1000061035156,199.88482666015625,22647784,0.0,0.0
2023-08-03,NTPC.NS,219.1000061035156,223.6000061035156,217.9499969482422,220.1000061035156,200.79708862304688,29868065,0.0,0.0
2023-08-04,NTPC.NS,221.6999969482422,222.1999969482422,217.6000061035156,217.9499969482422,198.83566284179688,12879897,0.0,0.0
2023-08-07,NTPC.NS,219.6999969482422,221.3500061035156,217.6499938964844,217.9499969482422,198.83566284179688,12929354,0.0,0.0
2023-08-08,NTPC.NS,220.3000030517578,220.3999938964844,214.0,217.5500030517578,198.4707489013672,15314866,0.0,0.0
2023-08-09,NTPC.NS,218.4499969482422,219.6999969482422,216.4499969482422,218.6999969482422,199.5198974609375,12554174,0.0,0.0
2023-08-10,NTPC.NS,219.1999969482422,220.8500061035156,216.5,217.3999938964844,198.33387756347656,10970619,0.0,0.0
2023-08-11,NTPC.NS,214.8999938964844,216.5,212.6499938964844,213.0,197.038818359375,7970536,3.0,0.0
2023-08-14,NTPC.NS,213.3000030517578,214.0,211.8000030517578,213.0,197.038818359375,9283695,0.0,0.0
2023-08-16,NTPC.NS,212.9499969482422,217.9499969482422,212.0500030517578,217.4499969482422,201.1553192138672,9687712,0.0,0.0
2023-08-17,NTPC.NS,219.4499969482422,219.8000030517578,215.1499938964844,215.75,199.58273315429688,11865239,0.0,0.0
2023-08-18,NTPC.NS,215.8000030517578,216.6499938964844,213.3000030517578,215.1499938964844,199.02767944335935,14101163,0.0,0.0
2023-08-21,NTPC.NS,217.1999969482422,219.5500030517578,215.6999969482422,218.8000030517578,202.40419006347656,13336739,0.0,0.0
2023-08-22,NTPC.NS,219.25,222.3000030517578,218.8500061035156,221.6999969482422,205.0868682861328,16930149,0.0,0.0
2023-08-23,NTPC.NS,222.8999938964844,222.8999938964844,221.0500030517578,221.6999969482422,205.0868682861328,13507905,0.0,0.0
2023-08-24,NTPC.NS,222.0,222.3999938964844,219.6499938964844,220.8500061035156,204.3005523681641,11182959,0.0,0.0
2023-08-25,NTPC.NS,221.8500061035156,221.8500061035156,217.1999969482422,217.8999938964844,201.57162475585935,7413549,0.0,0.0
2023-08-28,NTPC.NS,217.8999938964844,219.3000030517578,217.1999969482422,218.6999969482422,202.31167602539065,4851793,0.0,0.0
2023-08-29,NTPC.NS,219.1999969482422,221.75,218.25,221.1000061035156,204.5318298339844,8799235,0.0,0.0
2023-08-30,NTPC.NS,222.0,222.0,219.75,220.3999938964844,203.8842620849609,5490930,0.0,0.0
2023-08-31,NTPC.NS,221.6499938964844,221.6499938964844,218.75,220.3000030517578,203.79177856445312,18532999,0.0,0.0
2023-09-01,NTPC.NS,217.8500061035156,231.6499938964844,216.1499938964844,230.6999969482422,213.41244506835935,29859815,0.0,0.0
2023-09-04,NTPC.NS,233.6999969482422,236.5,230.5,235.8000030517578,218.13026428222656,21895573,0.0,0.0
2023-09-05,NTPC.NS,236.8999938964844,236.8999938964844,231.6999969482422,234.6000061035156,217.0202178955078,13952922,0.0,0.0
2023-09-06,NTPC.NS,235.5,235.8500061035156,228.3999938964844,231.8999938964844,214.5225372314453,14623019,0.0,0.0
2023-09-07,NTPC.NS,233.0,238.0,229.3500061035156,234.1000061035156,216.55767822265625,30334731,0.0,0.0
2023-09-08,NTPC.NS,236.0,243.6000061035156,235.0,240.25,222.246826171875,28856420,0.0,0.0
2023-09-11,NTPC.NS,243.6000061035156,243.8999938964844,238.1499938964844,243.1000061035156,224.88327026367188,22493483,0.0,0.0
2023-09-12,NTPC.NS,244.1999969482422,244.9499969482422,234.1000061035156,235.1000061035156,217.48275756835935,21174310,0.0,0.0
2023-09-13,NTPC.NS,236.1000061035156,238.4499969482422,233.1499938964844,237.1499938964844,219.37913513183597,9151928,0.0,0.0
2023-09-14,NTPC.NS,237.9499969482422,239.1999969482422,235.9499969482422,237.9499969482422,220.11917114257807,7568464,0.0,0.0
2023-09-15,NTPC.NS,235.6000061035156,239.3000030517578,235.6000061035156,236.1999969482422,218.50030517578125,14098284,0.0,0.0
2023-09-18,NTPC.NS,237.0,242.1499938964844,236.0500030517578,241.1999969482422,223.12564086914065,11163399,0.0,0.0
2023-09-20,NTPC.NS,241.5,246.0,240.3500061035156,241.75,223.63442993164065,18936709,0.0,0.0
2023-09-21,NTPC.NS,240.0500030517578,242.8999938964844,237.1000061035156,238.9499969482422,221.04421997070312,10134737,0.0,0.0
2023-09-22,NTPC.NS,238.6000061035156,239.3000030517578,236.0,237.9499969482422,220.11917114257807,7209300,0.0,0.0
2023-09-25,NTPC.NS,239.1499938964844,240.25,237.1499938964844,239.6499938964844,221.6917724609375,8027642,0.0,0.0
2023-09-26,NTPC.NS,239.75,243.1999969482422,239.0500030517578,240.1999969482422,222.20057678222656,10681642,0.0,0.0
2023-09-27,NTPC.NS,239.8999938964844,240.5,237.8500061035156,239.3000030517578,221.36801147460935,9679279,0.0,0.0
2023-09-28,NTPC.NS,239.6000061035156,241.1999969482422,235.6499938964844,237.0500030517578,219.28662109375,32887087,0.0,0.0
2023-09-29,NTPC.NS,239.5500030517578,251.5,239.5,245.5500030517578,227.149658203125,35038887,0.0,0.0
2023-10-03,NTPC.NS,244.3500061035156,246.6999969482422,240.5500030517578,241.1999969482422,223.12564086914065,14885044,0.0,0.0
2023-10-04,NTPC.NS,241.0,241.0,231.5,235.1499938964844,217.52899169921875,25424437,0.0,0.0
2023-10-05,NTPC.NS,237.25,237.3999938964844,232.0500030517578,233.8500061035156,216.326416015625,22472389,0.0,0.0
2023-10-06,NTPC.NS,234.25,237.5,233.6499938964844,235.5500030517578,217.89903259277344,8825123,0.0,0.0
2023-10-09,NTPC.NS,233.8500061035156,236.3000030517578,230.5,234.6999969482422,217.1127014160156,10659145,0.0,0.0
2023-10-10,NTPC.NS,234.8999938964844,236.8500061035156,233.75,235.8999938964844,218.22280883789065,11665907,0.0,0.0
2023-10-11,NTPC.NS,236.25,239.6999969482422,236.0,238.6999969482422,220.8129425048828,14313043,0.0,0.0
2023-10-12,NTPC.NS,238.9499969482422,242.75,238.6000061035156,241.6000061035156,223.4956512451172,13170027,0.0,0.0
2023-10-13,NTPC.NS,240.5500030517578,243.8000030517578,239.6000061035156,242.0500030517578,223.9119415283203,11880728,0.0,0.0
2023-10-16,NTPC.NS,242.8500061035156,245.0,241.0,243.4499969482422,225.20704650878903,6936948,0.0,0.0
2023-10-17,NTPC.NS,244.8500061035156,247.1999969482422,243.3000030517578,245.9499969482422,227.51968383789065,10084205,0.0,0.0
2023-10-18,NTPC.NS,245.8999938964844,246.8000030517578,241.6000061035156,242.0,223.8656768798828,6987265,0.0,0.0
2023-10-19,NTPC.NS,240.1999969482422,241.8000030517578,238.5,239.5,221.5530242919922,11485237,0.0,0.0
2023-10-20,NTPC.NS,238.9499969482422,242.1499938964844,237.5500030517578,241.0,222.9406280517578,9040953,0.0,0.0
2023-10-23,NTPC.NS,240.8000030517578,240.8999938964844,235.0,236.5500030517578,218.82408142089844,7058625,0.0,0.0
2023-10-25,NTPC.NS,236.0,236.3000030517578,228.3500061035156,232.0500030517578,214.6613006591797,23949207,0.0,0.0
2023-10-26,NTPC.NS,230.8500061035156,233.3000030517578,227.75,231.6499938964844,214.2912750244141,17410264,0.0,0.0
2023-10-27,NTPC.NS,232.0,238.4499969482422,232.0,236.6000061035156,218.870361328125,10519462,0.0,0.0
2023-10-30,NTPC.NS,237.4499969482422,238.3999938964844,230.6499938964844,234.6000061035156,217.0202178955078,8812268,0.0,0.0
2023-10-31,NTPC.NS,234.5,237.1999969482422,233.5500030517578,235.8000030517578,218.13026428222656,6583581,0.0,0.0
2023-11-01,NTPC.NS,236.6999969482422,236.6999969482422,232.1000061035156,232.6000061035156,215.17007446289065,6718059,0.0,0.0
2023-11-02,NTPC.NS,234.1999969482422,235.6999969482422,233.75,235.25,217.62152099609372,6057787,0.0,0.0
2023-11-03,NTPC.NS,233.3000030517578,235.25,233.3000030517578,234.3500061035156,218.88238525390625,6825146,2.25,0.0
2023-11-06,NTPC.NS,235.3500061035156,237.1999969482422,234.5500030517578,235.8500061035156,220.28338623046875,5338605,0.0,0.0
2023-11-07,NTPC.NS,236.3000030517578,239.5500030517578,235.1999969482422,239.1499938964844,223.36558532714844,7002346,0.0,0.0
2023-11-08,NTPC.NS,239.8500061035156,240.8999938964844,235.9499969482422,236.6999969482422,221.07730102539065,9777991,0.0,0.0
2023-11-09,NTPC.NS,237.1999969482422,239.6999969482422,236.0,237.9499969482422,222.2447662353516,13987058,0.0,0.0
2023-11-10,NTPC.NS,237.8500061035156,243.25,235.8000030517578,242.75,226.7279815673828,9589671,0.0,0.0
2023-11-13,NTPC.NS,244.9499969482422,250.6000061035156,243.3000030517578,245.6999969482422,229.48326110839844,18792969,0.0,0.0
2023-11-15,NTPC.NS,248.9499969482422,248.9499969482422,245.9499969482422,247.3000030517578,230.97764587402344,10965645,0.0,0.0
2023-11-16,NTPC.NS,248.8000030517578,254.25,247.6499938964844,252.3500061035156,235.69436645507807,22145147,0.0,0.0
2023-11-17,NTPC.NS,253.0,253.1000061035156,251.0,251.6000061035156,234.9938507080078,5618928,0.0,0.0
2023-11-20,NTPC.NS,251.0,255.3999938964844,250.3000030517578,251.0500030517578,234.48016357421875,6283832,0.0,0.0
2023-11-21,NTPC.NS,252.6000061035156,252.8000030517578,247.3000030517578,250.0,233.49945068359372,6851869,0.0,0.0
2023-11-22,NTPC.NS,250.8000030517578,254.0,249.3500061035156,253.6499938964844,236.9085235595703,5275418,0.0,0.0
2023-11-23,NTPC.NS,254.0,255.6999969482422,251.6999969482422,252.75,236.06797790527344,8200025,0.0,0.0
2023-11-24,NTPC.NS,253.3000030517578,256.8500061035156,253.0,253.8999938964844,237.14205932617188,7149443,0.0,0.0
2023-11-28,NTPC.NS,254.8500061035156,258.29998779296875,253.6499938964844,257.54998779296875,240.5511474609375,6151585,0.0,0.0
2023-11-29,NTPC.NS,259.54998779296875,259.54998779296875,256.1000061035156,258.3999938964844,241.34503173828125,8637363,0.0,0.0
2023-11-30,NTPC.NS,257.95001220703125,261.6499938964844,256.0,261.29998779296875,244.0536346435547,21687673,0.0,0.0
2023-12-01,NTPC.NS,262.3500061035156,275.45001220703125,261.75,268.95001220703125,251.19873046875,29121320,0.0,0.0
2023-12-04,NTPC.NS,276.0,279.0,273.25,274.79998779296875,256.66259765625,20464526,0.0,0.0
2023-12-05,NTPC.NS,275.20001220703125,286.54998779296875,272.79998779296875,285.45001220703125,266.60968017578125,18883076,0.0,0.0
2023-12-06,NTPC.NS,288.0,288.25,278.95001220703125,281.1000061035156,262.5467834472656,13415314,0.0,0.0
2023-12-07,NTPC.NS,281.8500061035156,288.25,281.29998779296875,283.79998779296875,265.0685729980469,25133786,0.0,0.0
2023-12-08,NTPC.NS,286.45001220703125,291.8999938964844,281.0,285.04998779296875,266.236083984375,20815064,0.0,0.0
2023-12-11,NTPC.NS,286.04998779296875,288.5,284.3999938964844,287.29998779296875,268.3375549316406,8071675,0.0,0.0
2023-12-12,NTPC.NS,287.45001220703125,288.6000061035156,280.8500061035156,283.3999938964844,264.69500732421875,8640883,0.0,0.0
2023-12-13,NTPC.NS,284.75,294.8999938964844,284.5,294.04998779296875,274.6420288085937,23629670,0.0,0.0
2023-12-14,NTPC.NS,297.75,298.5,293.6000061035156,295.3999938964844,275.9029541015625,24900443,0.0,0.0
2023-12-15,NTPC.NS,298.0,307.0,295.0,305.1000061035156,284.9627380371094,28843558,0.0,0.0
2023-12-18,NTPC.NS,306.0,306.54998779296875,301.75,303.20001220703125,283.1882019042969,13307504,0.0,0.0
2023-12-19,NTPC.NS,305.0,312.5,302.5,309.6499938964844,289.21246337890625,15650536,0.0,0.0
2023-12-20,NTPC.NS,312.5,313.3500061035156,295.1499938964844,297.6499938964844,278.00445556640625,23497233,0.0,0.0
2023-12-21,NTPC.NS,295.79998779296875,303.1499938964844,293.20001220703125,301.95001220703125,282.02069091796875,17868637,0.0,0.0
2023-12-22,NTPC.NS,304.0,308.95001220703125,299.6000061035156,302.79998779296875,282.8145446777344,15207726,0.0,0.0
2023-12-26,NTPC.NS,306.45001220703125,310.70001220703125,304.6000061035156,309.6000061035156,289.16571044921875,9917180,0.0,0.0
2023-12-27,NTPC.NS,311.6000061035156,312.25,303.54998779296875,306.04998779296875,285.8500061035156,12630732,0.0,0.0
2023-12-28,NTPC.NS,309.1000061035156,315.5,307.75,313.8999938964844,293.1818542480469,37591916,0.0,0.0
2023-12-29,NTPC.NS,314.3500061035156,314.3500061035156,308.1499938964844,311.1499938964844,290.6134338378906,12682889,0.0,0.0
2024-01-01,NTPC.NS,312.0,313.29998779296875,307.79998779296875,309.75,289.3058166503906,8024960,0.0,0.0
2024-01-02,NTPC.NS,310.79998779296875,310.79998779296875,302.04998779296875,306.0,285.8033752441406,13506040,0.0,0.0
2024-01-03,NTPC.NS,307.20001220703125,308.0,303.29998779296875,306.20001220703125,285.9901733398437,14259987,0.0,0.0
2024-01-04,NTPC.NS,310.8999938964844,321.75,308.6000061035156,317.1000061035156,296.17071533203125,40057506,0.0,0.0
2024-01-05,NTPC.NS,322.8999938964844,325.6499938964844,312.70001220703125,314.95001220703125,294.1626281738281,27456415,0.0,0.0
2024-01-08,NTPC.NS,316.45001220703125,318.3500061035156,312.6000061035156,316.45001220703125,295.5635986328125,10136462,0.0,0.0
2024-01-09,NTPC.NS,317.8500061035156,321.45001220703125,316.04998779296875,319.75,298.6458740234375,12229517,0.0,0.0
2024-01-10,NTPC.NS,319.6499938964844,319.75,308.0,313.3500061035156,292.66827392578125,14455000,0.0,0.0
2024-01-11,NTPC.NS,314.95001220703125,317.29998779296875,312.3500061035156,312.8999938964844,292.2479248046875,10316319,0.0,0.0
2024-01-12,NTPC.NS,315.20001220703125,315.29998779296875,309.70001220703125,312.6499938964844,292.014404296875,12341629,0.0,0.0
2024-01-15,NTPC.NS,314.8999938964844,318.0,309.6000061035156,317.29998779296875,296.3575134277344,9706124,0.0,0.0
2024-01-16,NTPC.NS,317.25,317.25,310.1499938964844,311.5,290.9403686523437,10162832,0.0,0.0
2024-01-17,NTPC.NS,309.75,314.1000061035156,307.1000061035156,309.29998779296875,288.885498046875,13502940,0.0,0.0
2024-01-18,NTPC.NS,308.95001220703125,311.29998779296875,296.54998779296875,299.29998779296875,279.54559326171875,32481018,0.0,0.0
2024-01-19,NTPC.NS,303.79998779296875,309.45001220703125,301.70001220703125,308.45001220703125,288.0916442871094,28651237,0.0,0.0
2024-01-23,NTPC.NS,313.45001220703125,315.29998779296875,300.29998779296875,302.6000061035156,282.6277770996094,21652362,0.0,0.0
2024-01-24,NTPC.NS,302.95001220703125,310.70001220703125,298.25,308.8500061035156,288.4651794433594,23922028,0.0,0.0
2024-01-25,NTPC.NS,310.0,317.20001220703125,309.20001220703125,314.75,293.9757995605469,32525422,0.0,0.0
2024-01-29,NTPC.NS,317.79998779296875,325.75,316.1499938964844,324.54998779296875,303.12896728515625,24694773,0.0,0.0
2024-01-30,NTPC.NS,321.8500061035156,323.95001220703125,314.5,315.45001220703125,294.6296081542969,20918448,0.0,0.0
2024-01-31,NTPC.NS,318.54998779296875,320.0,312.6000061035156,317.5,296.5443420410156,20931224,0.0,0.0
2024-02-01,NTPC.NS,320.04998779296875,326.95001220703125,317.1000061035156,322.0,300.7473449707031,24020951,0.0,0.0
2024-02-02,NTPC.NS,324.0,333.70001220703125,323.1000061035156,332.5,310.5542907714844,32346639,0.0,0.0
2024-02-05,NTPC.NS,338.0,341.04998779296875,333.04998779296875,336.1000061035156,313.91668701171875,19651482,0.0,0.0
2024-02-06,NTPC.NS,336.0,336.0,329.0,334.20001220703125,315.1898803710937,12024661,3.25,0.0
2024-02-07,NTPC.NS,337.8999938964844,337.8999938964844,329.6499938964844,330.70001220703125,311.88897705078125,8080437,0.0,0.0
2024-02-08,NTPC.NS,333.95001220703125,335.25,328.0,330.8999938964844,312.07763671875,17754869,0.0,0.0
2024-02-09,NTPC.NS,332.95001220703125,335.0,319.6000061035156,324.8999938964844,306.4189147949219,18304439,0.0,0.0
2024-02-12,NTPC.NS,326.1499938964844,326.70001220703125,314.5,316.1499938964844,298.1665954589844,11714289,0.0,0.0
2024-02-13,NTPC.NS,318.54998779296875,323.95001220703125,315.8999938964844,321.54998779296875,303.2593994140625,15426888,0.0,0.0
2024-02-14,NTPC.NS,320.8999938964844,329.3500061035156,318.3500061035156,328.0,309.3424987792969,14085723,0.0,0.0
2024-02-15,NTPC.NS,331.0,340.8999938964844,330.1499938964844,339.25,319.95263671875,21973316,0.0,0.0
2024-02-16,NTPC.NS,341.8999938964844,342.95001220703125,336.79998779296875,337.75,318.5379333496094,20307449,0.0,0.0
2024-02-19,NTPC.NS,340.3999938964844,341.8999938964844,337.5,338.75,319.4810485839844,8496898,0.0,0.0
2024-02-20,NTPC.NS,340.6000061035156,346.5,337.79998779296875,345.70001220703125,326.0357360839844,19340526,0.0,0.0
2024-02-21,NTPC.NS,347.0,348.04998779296875,334.70001220703125,336.1000061035156,316.9818420410156,17751633,0.0,0.0
2024-02-22,NTPC.NS,339.0,340.25,330.6000061035156,339.54998779296875,320.23553466796875,16083122,0.0,0.0
2024-02-23,NTPC.NS,340.0,340.0,334.8500061035156,337.75,318.5379333496094,9665454,0.0,0.0
2024-02-26,NTPC.NS,338.0,338.5,334.54998779296875,337.6000061035156,318.396484375,7711995,0.0,0.0
2024-02-27,NTPC.NS,336.1000061035156,338.0,334.1000061035156,336.1000061035156,316.9818420410156,8882923,0.0,0.0
2024-02-28,NTPC.NS,335.70001220703125,336.5,331.79998779296875,333.29998779296875,314.3410339355469,12977628,0.0,0.0
2024-02-29,NTPC.NS,333.29998779296875,336.0,330.6000061035156,335.6000061035156,316.5102233886719,13149469,0.0,0.0
2024-03-01,NTPC.NS,335.6000061035156,344.3500061035156,335.0,343.5,323.9608459472656,13027254,0.0,0.0
2024-03-04,NTPC.NS,348.0,358.29998779296875,345.75,353.8500061035156,333.7221374511719,38075510,0.0,0.0
2024-03-05,NTPC.NS,354.8999938964844,359.95001220703125,353.54998779296875,358.25,337.8718566894531,15918221,0.0,0.0
2024-03-06,NTPC.NS,359.45001220703125,359.45001220703125,345.0,351.95001220703125,331.9302062988281,13120921,0.0,0.0
2024-03-07,NTPC.NS,352.0,353.8999938964844,349.70001220703125,352.20001220703125,332.1659851074219,9172926,0.0,0.0
2024-03-11,NTPC.NS,352.25,353.1499938964844,346.70001220703125,347.95001220703125,328.1577453613281,10664917,0.0,0.0
2024-03-12,NTPC.NS,348.0,349.45001220703125,342.54998779296875,344.75,325.1397399902344,9637912,0.0,0.0
2024-03-13,NTPC.NS,343.8500061035156,344.5,319.5,322.5,304.1553955078125,23722232,0.0,0.0
2024-03-14,NTPC.NS,321.04998779296875,326.95001220703125,316.5,321.8500061035156,303.5423583984375,20859127,0.0,0.0
2024-03-15,NTPC.NS,322.6499938964844,326.04998779296875,305.75,316.29998779296875,298.3080139160156,43285007,0.0,0.0
2024-03-18,NTPC.NS,317.1000061035156,322.8999938964844,314.95001220703125,317.1499938964844,299.1097106933594,13690352,0.0,0.0
2024-03-19,NTPC.NS,314.29998779296875,317.8999938964844,310.1000061035156,313.45001220703125,295.62017822265625,13388060,0.0,0.0
2024-03-20,NTPC.NS,316.0,317.45001220703125,308.29998779296875,313.6499938964844,295.8088073730469,10026655,0.0,0.0
2024-03-21,NTPC.NS,317.25,326.3500061035156,317.0,325.0,306.51318359375,23370426,0.0,0.0
2024-03-22,NTPC.NS,324.5,327.25,321.1499938964844,324.75,306.27740478515625,14709219,0.0,0.0
2024-03-26,NTPC.NS,320.1000061035156,330.29998779296875,320.1000061035156,329.1000061035156,310.3800048828125,11208959,0.0,0.0
2024-03-27,NTPC.NS,332.0,334.1000061035156,326.29998779296875,331.6000061035156,312.73779296875,45209520,0.0,0.0
2024-03-28,NTPC.NS,331.8999938964844,340.0,330.29998779296875,335.79998779296875,316.6988525390625,19868037,0.0,0.0
2024-04-01,NTPC.NS,339.0,344.3999938964844,336.1499938964844,342.3500061035156,322.87628173828125,8580656,0.0,0.0
2024-04-02,NTPC.NS,343.0,345.6000061035156,340.75,344.79998779296875,325.1868896484375,9745257,0.0,0.0
2024-04-03,NTPC.NS,344.3500061035156,354.1000061035156,342.0,351.25,331.2700500488281,21679943,0.0,0.0
2024-04-04,NTPC.NS,355.0,362.7000122070313,352.6499938964844,354.6499938964844,334.47662353515625,28962927,0.0,0.0
2024-04-05,NTPC.NS,356.3999938964844,358.20001220703125,351.54998779296875,354.54998779296875,334.3822937011719,11208130,0.0,0.0
2024-04-08,NTPC.NS,355.6000061035156,366.0,353.25,363.5,342.8232116699219,11447140,0.0,0.0
2024-04-09,NTPC.NS,365.0,366.8999938964844,360.3500061035156,362.8999938964844,342.25732421875,10010148,0.0,0.0
2024-04-10,NTPC.NS,364.1000061035156,368.3500061035156,361.3500061035156,362.5,341.880126953125,12886638,0.0,0.0
2024-04-12,NTPC.NS,362.5,374.5,361.0,361.75,341.1727905273437,30924494,0.0,0.0
2024-04-15,NTPC.NS,355.5,366.0,352.79998779296875,361.1499938964844,340.6068725585937,18126999,0.0,0.0
2024-04-16,NTPC.NS,361.0,361.9500122070313,354.6000061035156,359.25,338.8149719238281,15328939,0.0,0.0
2024-04-18,NTPC.NS,359.54998779296875,361.25,349.20001220703125,351.1499938964844,331.1756591796875,22966560,0.0,0.0
2024-04-19,NTPC.NS,343.1000061035156,352.3999938964844,343.0,350.54998779296875,330.6098327636719,12867942,0.0,0.0
2024-04-22,NTPC.NS,355.0,355.0,341.8999938964844,342.8999938964844,323.3949584960937,37382916,0.0,0.0
2024-04-23,NTPC.NS,346.0,348.6499938964844,344.0,347.1499938964844,327.4032287597656,14651106,0.0,0.0
2024-04-24,NTPC.NS,349.79998779296875,353.1499938964844,347.29998779296875,351.6499938964844,331.6472473144531,11132307,0.0,0.0
2024-04-25,NTPC.NS,351.0,360.6000061035156,349.1000061035156,359.20001220703125,338.767822265625,19865014,0.0,0.0
2024-04-26,NTPC.NS,360.7000122070313,361.3999938964844,355.0,356.0,335.74981689453125,10986589,0.0,0.0
2024-04-29,NTPC.NS,359.70001220703125,363.6499938964844,356.95001220703125,363.0,342.35162353515625,13652173,0.0,0.0
2024-04-30,NTPC.NS,364.9500122070313,365.4500122070313,359.29998779296875,363.2000122070313,342.540283203125,14566548,0.0,0.0
2024-05-02,NTPC.NS,363.2000122070313,372.6000061035156,363.2000122070313,369.0499877929688,348.0575256347656,27892188,0.0,0.0
2024-05-03,NTPC.NS,372.2999877929688,380.3999938964844,360.3500061035156,364.9500122070313,344.19073486328125,26844664,0.0,0.0
2024-05-06,NTPC.NS,367.7999877929688,368.8500061035156,354.3999938964844,356.79998779296875,336.5043640136719,15319437,0.0,0.0
2024-05-07,NTPC.NS,358.25,358.45001220703125,346.8500061035156,349.1499938964844,329.2894897460937,10028071,0.0,0.0
2024-05-08,NTPC.NS,345.20001220703125,358.5,345.20001220703125,355.45001220703125,335.2311096191406,9595776,0.0,0.0
2024-05-09,NTPC.NS,356.5,358.0,344.8500061035156,346.04998779296875,326.3657531738281,9043486,0.0,0.0
2024-05-10,NTPC.NS,347.6499938964844,356.3500061035156,347.54998779296875,355.5,335.2782592773437,11699095,0.0,0.0
2024-05-13,NTPC.NS,355.5,356.0,346.5,350.8999938964844,330.9399108886719,10691781,0.0,0.0
2024-05-14,NTPC.NS,350.54998779296875,357.25,350.29998779296875,355.79998779296875,335.5611877441406,10891985,0.0,0.0
2024-05-15,NTPC.NS,357.5,363.5,356.6499938964844,361.3500061035156,340.7955017089844,8538183,0.0,0.0
2024-05-16,NTPC.NS,363.8500061035156,363.8500061035156,353.04998779296875,361.4500122070313,340.8898620605469,13114162,0.0,0.0
2024-05-17,NTPC.NS,362.4500122070313,366.5,360.3500061035156,365.4500122070313,344.662353515625,8509179,0.0,0.0
2024-05-21,NTPC.NS,367.0,374.1000061035156,365.3500061035156,372.0,350.8396911621094,10939593,0.0,0.0
2024-05-22,NTPC.NS,375.0,377.3500061035156,370.6000061035156,373.8500061035156,352.58447265625,14001806,0.0,0.0
2024-05-23,NTPC.NS,375.0499877929688,375.6000061035156,369.5,372.2999877929688,351.12261962890625,15370357,0.0,0.0
2024-05-24,NTPC.NS,373.0,378.1499938964844,368.7000122070313,374.9500122070313,353.62188720703125,13317821,0.0,0.0
2024-05-27,NTPC.NS,379.9500122070313,380.5,368.0,369.6499938964844,348.6233825683594,21891930,0.0,0.0
2024-05-28,NTPC.NS,372.6000061035156,373.25,364.1000061035156,365.3999938964844,344.6151123046875,10200096,0.0,0.0
2024-05-29,NTPC.NS,361.5,366.3500061035156,360.0,364.6000061035156,343.8606262207031,18146672,0.0,0.0
2024-05-30,NTPC.NS,364.0,364.7999877929688,357.1499938964844,359.70001220703125,339.2393798828125,14425073,0.0,0.0
2024-05-31,NTPC.NS,363.4500122070313,366.6499938964844,355.5,359.0,338.5791931152344,30515612,0.0,0.0
2024-06-03,NTPC.NS,385.0,393.2000122070313,373.4500122070313,391.7999877929688,369.513427734375,39261174,0.0,0.0
2024-06-04,NTPC.NS,391.8999938964844,391.8999938964844,313.95001220703125,331.25,312.4076538085937,84042244,0.0,0.0
2024-06-05,NTPC.NS,340.0,342.25,315.29998779296875,341.0,321.6030578613281,46418629,0.0,0.0
2024-06-06,NTPC.NS,347.79998779296875,359.75,345.0,349.75,329.8553161621094,33171039,0.0,0.0
2024-06-07,NTPC.NS,352.0,362.0,347.70001220703125,360.6000061035156,340.08819580078125,23930193,0.0,0.0
2024-06-10,NTPC.NS,365.0,370.1000061035156,361.7999877929688,364.8999938964844,344.1435241699219,16072588,0.0,0.0
2024-06-11,NTPC.NS,368.75,371.9500122070313,364.8999938964844,367.3999938964844,346.5013427734375,11235777,0.0,0.0
2024-06-12,NTPC.NS,369.5499877929688,374.0,365.3999938964844,371.2999877929688,350.17950439453125,12134524,0.0,0.0
2024-06-13,NTPC.NS,376.3999938964844,376.3999938964844,367.9500122070313,369.9500122070313,348.9063415527344,11243702,0.0,0.0
2024-06-14,NTPC.NS,370.0,370.8500061035156,366.1000061035156,368.4500122070313,347.4916687011719,10298434,0.0,0.0
2024-06-18,NTPC.NS,371.7999877929688,372.25,368.7000122070313,369.6499938964844,348.6233825683594,10228382,0.0,0.0
2024-06-19,NTPC.NS,369.7999877929688,370.8999938964844,361.5499877929688,362.5,341.880126953125,8337334,0.0,0.0
2024-06-20,NTPC.NS,362.5,364.8999938964844,357.04998779296875,357.6499938964844,337.3059997558594,14338604,0.0,0.0
2024-06-21,NTPC.NS,359.95001220703125,362.9500122070313,356.75,359.79998779296875,339.3336486816406,17931844,0.0,0.0
2024-06-24,NTPC.NS,357.6000061035156,364.6499938964844,355.54998779296875,362.75,342.11590576171875,9335598,0.0,0.0
2024-06-25,NTPC.NS,364.25,364.7000122070313,357.75,360.8500061035156,340.3239440917969,14983828,0.0,0.0
2024-06-26,NTPC.NS,363.0,366.8999938964844,359.6499938964844,365.0499877929688,344.2850341796875,15918394,0.0,0.0
2024-06-27,NTPC.NS,365.0499877929688,381.1000061035156,364.1000061035156,377.1499938964844,355.69677734375,55378829,0.0,0.0
2024-06-28,NTPC.NS,377.9500122070313,389.5,376.7000122070313,378.3500061035156,356.8285217285156,25141039,0.0,0.0
2024-07-01,NTPC.NS,381.75,382.0,367.7999877929688,369.75,348.7176818847656,23389211,0.0,0.0
2024-07-02,NTPC.NS,372.6000061035156,372.6000061035156,365.1499938964844,370.3999938964844,349.3307189941406,13702830,0.0,0.0
2024-07-03,NTPC.NS,370.5499877929688,374.25,368.6499938964844,372.6499938964844,351.4527282714844,9207317,0.0,0.0
2024-07-04,NTPC.NS,373.8999938964844,380.8500061035156,371.75,372.9500122070313,351.7357177734375,14916930,0.0,0.0
2024-07-05,NTPC.NS,374.3500061035156,381.25,371.0,379.7999877929688,358.1960144042969,15946104,0.0,0.0
2024-07-08,NTPC.NS,380.8500061035156,381.25,376.1499938964844,377.4500122070313,355.9797058105469,8898299,0.0,0.0
2024-07-09,NTPC.NS,379.2000122070313,380.25,375.0499877929688,377.0499877929688,355.6024475097656,8355819,0.0,0.0
2024-07-10,NTPC.NS,378.7999877929688,383.7999877929688,370.0,381.3999938964844,359.7049865722656,17715196,0.0,0.0
2024-07-11,NTPC.NS,382.3999938964844,383.2999877929688,374.6000061035156,377.1000061035156,355.649658203125,19873143,0.0,0.0
2024-07-12,NTPC.NS,378.9500122070313,379.3999938964844,372.0,377.1499938964844,355.69677734375,16151583,0.0,0.0
2024-07-15,NTPC.NS,378.6000061035156,388.9500122070313,376.8999938964844,385.6499938964844,363.7132873535156,22951140,0.0,0.0
2024-07-16,NTPC.NS,386.6499938964844,388.75,380.0,380.4500122070313,358.8090515136719,11893034,0.0,0.0
2024-07-18,NTPC.NS,382.8999938964844,382.8999938964844,374.2000122070313,377.75,356.2626342773437,15709153,0.0,0.0
2024-07-19,NTPC.NS,377.75,378.0,362.8999938964844,364.6499938964844,343.90777587890625,13330099,0.0,0.0
2024-07-22,NTPC.NS,364.75,377.25,362.3500061035156,373.5,352.25439453125,18715538,0.0,0.0
2024-07-23,NTPC.NS,376.7000122070313,385.6499938964844,361.5499877929688,382.4500122070313,360.6953125,49882257,0.0,0.0
2024-07-24,NTPC.NS,384.1000061035156,395.0,381.7000122070313,392.6000061035156,370.2679138183594,36868466,0.0,0.0
2024-07-25,NTPC.NS,390.9500122070313,396.2999877929688,386.25,392.1499938964844,369.8435363769531,25973101,0.0,0.0
2024-07-26,NTPC.NS,394.9500122070313,399.5,389.7000122070313,396.2999877929688,373.7574462890625,20381410,0.0,0.0
2024-07-29,NTPC.NS,404.0,408.2999877929688,392.6499938964844,393.8999938964844,371.4940185546875,27751449,0.0,0.0
2024-07-30,NTPC.NS,397.0,412.7000122070313,397.0,406.9500122070313,383.80169677734375,34447139,0.0,0.0
2024-07-31,NTPC.NS,409.5,417.3999938964844,408.5499877929688,416.0,392.33685302734375,29727771,0.0,0.0
2024-08-01,NTPC.NS,419.8999938964844,424.3500061035156,415.6000061035156,423.4500122070313,399.3630981445313,28803487,0.0,0.0
2024-08-02,NTPC.NS,416.25,426.2999877929688,413.3500061035156,419.7000122070313,395.826416015625,24233263,0.0,0.0
2024-08-05,NTPC.NS,407.6499938964844,415.6499938964844,404.6499938964844,413.25,389.7433166503906,42489503,0.0,0.0
2024-08-06,NTPC.NS,413.25,424.9500122070313,413.25,415.0,391.3937683105469,18230579,0.0,0.0
2024-08-07,NTPC.NS,421.0,421.0,415.0,416.2999877929688,395.7188415527344,15556736,3.25,0.0
2024-08-08,NTPC.NS,416.3500061035156,417.0,405.7999877929688,407.7000122070313,387.54400634765625,16447385,0.0,0.0
2024-08-09,NTPC.NS,413.7999877929688,416.3500061035156,408.2000122070313,410.6499938964844,390.3481750488281,10954753,0.0,0.0
2024-08-12,NTPC.NS,410.0,410.0,400.1000061035156,400.8500061035156,381.03265380859375,26254763,0.0,0.0
2024-08-13,NTPC.NS,403.0,404.5,395.0,396.2000122070313,376.612548828125,11355664,0.0,0.0
2024-08-14,NTPC.NS,398.8999938964844,400.0,393.6499938964844,396.3500061035156,376.755126953125,9424614,0.0,0.0
2024-08-16,NTPC.NS,398.0499877929688,400.9500122070313,393.2999877929688,398.0499877929688,378.37103271484375,13844122,0.0,0.0
2024-08-19,NTPC.NS,402.2999877929688,407.5,401.4500122070313,403.1000061035156,383.1714477539063,10677045,0.0,0.0
2024-08-20,NTPC.NS,404.5499877929688,408.2000122070313,403.1000061035156,406.25,386.1657104492188,10126083,0.0,0.0
2024-08-21,NTPC.NS,407.5,409.7000122070313,405.2000122070313,408.9500122070313,388.7322387695313,9726854,0.0,0.0
2024-08-22,NTPC.NS,409.7999877929688,410.0499877929688,402.25,403.3500061035156,383.4090576171875,10445288,0.0,0.0
2024-08-23,NTPC.NS,403.3500061035156,405.8999938964844,399.5499877929688,401.9500122070313,382.0782775878906,11513586,0.0,0.0
2024-08-26,NTPC.NS,402.4500122070313,415.9500122070313,401.9500122070313,414.8500061035156,394.3404846191406,13772637,0.0,0.0
2024-08-27,NTPC.NS,415.5,416.2000122070313,409.1000061035156,409.6499938964844,389.3976135253906,8441188,0.0,0.0
2024-08-28,NTPC.NS,410.0499877929688,414.3999938964844,407.3500061035156,409.0499877929688,388.8272705078125,15884745,0.0,0.0
2024-08-29,NTPC.NS,409.0499877929688,412.6000061035156,403.75,409.8999938964844,389.6352233886719,19014705,0.0,0.0
2024-08-30,NTPC.NS,412.7000122070313,419.2000122070313,411.5,416.2000122070313,395.6238098144531,22633988,0.0,0.0
2024-09-02,NTPC.NS,417.7999877929688,419.1000061035156,407.7000122070313,410.0,389.7302856445313,11107165,0.0,0.0
2024-09-03,NTPC.NS,410.5,411.5499877929688,405.6000061035156,406.3999938964844,386.3082885742188,7538160,0.0,0.0
2024-09-04,NTPC.NS,400.0,408.25,399.8999938964844,405.1000061035156,385.0725708007813,11052003,0.0,0.0
2024-09-05,NTPC.NS,405.3500061035156,408.3999938964844,401.8500061035156,403.25,383.3140258789063,14246871,0.0,0.0
2024-09-06,NTPC.NS,403.25,404.6499938964844,392.7000122070313,394.7999877929688,375.2817687988281,17956121,0.0,0.0
2024-09-09,NTPC.NS,391.2000122070313,392.75,385.2999877929688,389.8500061035156,370.5765075683594,12293356,0.0,0.0
2024-09-10,NTPC.NS,390.1000061035156,399.3999938964844,389.75,396.2999877929688,376.7075805664063,15852309,0.0,0.0
2024-09-11,NTPC.NS,399.0,399.2999877929688,387.5,389.6499938964844,370.3863525390625,11492592,0.0,0.0
2024-09-12,NTPC.NS,391.0,406.25,390.6499938964844,404.8500061035156,384.83489990234375,24028069,0.0,0.0
2024-09-13,NTPC.NS,404.8500061035156,407.2999877929688,399.3500061035156,401.3999938964844,381.5554809570313,12017217,0.0,0.0
2024-09-16,NTPC.NS,402.4500122070313,412.0,402.0,411.1000061035156,390.7759094238281,11479712,0.0,0.0
2024-09-17,NTPC.NS,411.8500061035156,417.6499938964844,410.1000061035156,416.2999877929688,395.7188415527344,14432501,0.0,0.0
2024-09-18,NTPC.NS,418.5,419.75,413.0,414.1499938964844,393.6751098632813,10303840,0.0,0.0
2024-09-19,NTPC.NS,424.0,431.8500061035156,420.5499877929688,423.9500122070313,402.9906311035156,59601773,0.0,0.0
2024-09-20,NTPC.NS,428.0499877929688,429.8500061035156,416.5499877929688,423.9500122070313,402.9906311035156,36084164,0.0,0.0
2024-09-23,NTPC.NS,427.5,430.5,425.0,428.3500061035156,407.173095703125,14139629,0.0,0.0
2024-09-24,NTPC.NS,431.4500122070313,431.4500122070313,427.0,428.1000061035156,406.93548583984375,12539885,0.0,0.0
2024-09-25,NTPC.NS,428.1000061035156,437.0,425.6499938964844,436.1000061035156,414.5399475097656,19443168,0.0,0.0
2024-09-26,NTPC.NS,437.9500122070313,437.9500122070313,430.5499877929688,434.6000061035156,413.1141052246094,20041825,0.0,0.0
2024-09-27,NTPC.NS,436.0,442.5,433.5,436.8999938964844,415.3003540039063,53885913,0.0,0.0
2024-09-30,NTPC.NS,436.8999938964844,448.4500122070313,433.6000061035156,443.2000122070313,421.2889709472656,20903229,0.0,0.0
2024-10-01,NTPC.NS,446.0,447.75,438.7999877929688,440.1000061035156,418.34222412109375,15984996,0.0,0.0
2024-10-03,NTPC.NS,432.0,442.5,432.0,435.3500061035156,413.8270263671875,13563784,0.0,0.0
2024-10-04,NTPC.NS,432.8999938964844,439.3500061035156,426.2999877929688,430.4500122070313,409.1692810058594,18347292,0.0,0.0
2024-10-07,NTPC.NS,430.6000061035156,433.0,409.0499877929688,415.4500122070313,394.9109191894531,23431004,0.0,0.0
2024-10-08,NTPC.NS,414.0,427.7000122070313,411.2999877929688,420.9500122070313,400.138916015625,18706355,0.0,0.0
2024-10-09,NTPC.NS,424.4500122070313,424.75,417.0,418.4500122070313,397.7625122070313,13916492,0.0,0.0
2024-10-10,NTPC.NS,420.7000122070313,429.8999938964844,420.5,422.7000122070313,401.8024597167969,15866037,0.0,0.0
2024-10-11,NTPC.NS,423.9500122070313,426.6499938964844,419.6000061035156,422.5,401.6122741699219,8639087,0.0,0.0
2024-10-14,NTPC.NS,424.6000061035156,426.0,420.0,424.5,403.5133972167969,8483177,0.0,0.0
2024-10-15,NTPC.NS,426.6499938964844,427.2000122070313,423.5499877929688,426.6000061035156,405.5096130371094,9365964,0.0,0.0
2024-10-16,NTPC.NS,425.2999877929688,429.3999938964844,421.25,424.25,403.2757873535156,6219440,0.0,0.0
2024-10-17,NTPC.NS,423.6499938964844,425.6000061035156,416.6000061035156,417.75,397.09716796875,11968387,0.0,0.0
2024-10-18,NTPC.NS,417.7000122070313,425.9500122070313,414.4500122070313,424.9500122070313,403.9412231445313,8828971,0.0,0.0
2024-10-21,NTPC.NS,426.0499877929688,428.75,419.1000061035156,425.0,403.98870849609375,9139781,0.0,0.0
2024-10-22,NTPC.NS,422.8500061035156,426.2999877929688,413.4500122070313,415.75,395.196044921875,14242323,0.0,0.0
2024-10-23,NTPC.NS,414.0,414.75,401.7000122070313,408.2999877929688,388.11431884765625,22522821,0.0,0.0
2024-10-24,NTPC.NS,409.25,415.25,406.7999877929688,411.8999938964844,391.5363464355469,9400171,0.0,0.0
2024-10-25,NTPC.NS,402.5,407.5,391.6000061035156,398.8999938964844,379.1790771484375,19642277,0.0,0.0
2024-10-28,NTPC.NS,398.8999938964844,406.5,397.7999877929688,403.8999938964844,383.9318542480469,11716022,0.0,0.0
2024-10-29,NTPC.NS,409.0,414.2999877929688,404.4500122070313,412.1499938964844,391.7740173339844,20284308,0.0,0.0
2024-10-30,NTPC.NS,414.1499938964844,414.7999877929688,405.7999877929688,408.5,388.304443359375,12264297,0.0,0.0
2024-10-31,NTPC.NS,409.0,410.6499938964844,403.5,408.1499938964844,390.3607177734375,12204072,2.5,0.0
2024-11-01,NTPC.NS,412.0,415.4500122070313,410.3500061035156,411.3500061035156,393.4212646484375,2145479,0.0,0.0
2024-11-04,NTPC.NS,413.8500061035156,414.2999877929688,393.7000122070313,400.9500122070313,383.4745788574219,13866505,0.0,0.0
2024-11-05,NTPC.NS,400.0,404.1000061035156,397.1499938964844,403.1000061035156,385.5308532714844,6665326,0.0,0.0
2024-11-06,NTPC.NS,406.7000122070313,410.7999877929688,403.1499938964844,408.8999938964844,391.07806396484375,9700643,0.0,0.0
2024-11-07,NTPC.NS,410.8999938964844,410.8999938964844,402.0,403.7999877929688,386.2003173828125,7589295,0.0,0.0
2024-11-08,NTPC.NS,403.1499938964844,404.2000122070313,395.5499877929688,397.6499938964844,380.3183898925781,7536509,0.0,0.0
2024-11-11,NTPC.NS,398.1499938964844,400.8999938964844,391.7999877929688,392.5499877929688,375.4406127929688,12243693,0.0,0.0
2024-11-12,NTPC.NS,393.1499938964844,394.7999877929688,379.0499877929688,380.2999877929688,363.72454833984375,10549517,0.0,0.0
2024-11-13,NTPC.NS,384.0,387.6000061035156,379.3500061035156,381.3500061035156,364.7288208007813,20602407,0.0,0.0
2024-11-14,NTPC.NS,380.0499877929688,385.2000122070313,371.3500061035156,372.5,356.2645568847656,15086601,0.0,0.0
2024-11-18,NTPC.NS,380.0,380.0,362.6499938964844,366.7000122070313,350.7173767089844,16383636,0.0,0.0
2024-11-19,NTPC.NS,368.0,378.5,365.0499877929688,366.7000122070313,350.7173767089844,17055094,0.0,0.0
2024-11-21,NTPC.NS,363.7000122070313,364.3500061035156,354.79998779296875,356.1499938964844,340.6271667480469,21276150,0.0,0.0
2024-11-22,NTPC.NS,357.04998779296875,367.1000061035156,355.70001220703125,365.4500122070313,349.5218200683594,15949254,0.0,0.0
2024-11-25,NTPC.NS,374.0,377.2000122070313,367.5,368.3999938964844,352.34326171875,18388844,0.0,0.0
2024-11-26,NTPC.NS,370.0,370.3999938964844,360.25,361.6499938964844,345.887451171875,11222231,0.0,0.0
2024-11-27,NTPC.NS,363.7999877929688,371.6000061035156,361.3500061035156,369.2999877929688,353.2040100097656,14225274,0.0,0.0
2024-11-28,NTPC.NS,369.7000122070313,371.8500061035156,359.6000061035156,362.0499877929688,346.2699890136719,16837860,0.0,0.0
2024-11-29,NTPC.NS,363.25,365.3999938964844,360.20001220703125,363.6499938964844,347.8002624511719,14280017,0.0,0.0
2024-12-02,NTPC.NS,363.6499938964844,363.8999938964844,357.0,358.20001220703125,342.5878295898437,12510350,0.0,0.0
2024-12-03,NTPC.NS,359.0,370.0,358.20001220703125,367.4500122070313,351.4346618652344,14205760,0.0,0.0
2024-12-04,NTPC.NS,368.9500122070313,375.1499938964844,368.0,372.75,356.5036926269531,22035954,0.0,0.0
2024-12-05,NTPC.NS,372.75,373.9500122070313,364.3999938964844,369.1499938964844,353.060546875,18758283,0.0,0.0
2024-12-06,NTPC.NS,369.4500122070313,371.2000122070313,368.0499877929688,369.5,353.39532470703125,9736086,0.0,0.0
2024-12-09,NTPC.NS,370.8999938964844,373.2999877929688,367.75,369.8500061035156,353.73004150390625,10878679,0.0,0.0
2024-12-10,NTPC.NS,369.0,371.2000122070313,366.3999938964844,369.1499938964844,353.060546875,7913822,0.0,0.0
2024-12-11,NTPC.NS,369.25,370.75,364.7000122070313,365.5,349.5696716308594,9998662,0.0,0.0
2024-12-12,NTPC.NS,366.0,367.0,353.0,355.6000061035156,340.10113525390625,22538216,0.0,0.0
2024-12-13,NTPC.NS,355.75,358.29998779296875,348.04998779296875,357.1499938964844,341.58355712890625,14269143,0.0,0.0
2024-12-16,NTPC.NS,357.1499938964844,358.8999938964844,351.70001220703125,352.8999938964844,337.518798828125,12168143,0.0,0.0
2024-12-17,NTPC.NS,352.0,353.8500061035156,347.25,349.04998779296875,333.8365783691406,15646176,0.0,0.0
2024-12-18,NTPC.NS,349.54998779296875,351.0,340.0,341.75,326.85479736328125,14672392,0.0,0.0
2024-12-19,NTPC.NS,337.0,340.6000061035156,335.04998779296875,337.3999938964844,322.6943664550781,14513129,0.0,0.0
2024-12-20,NTPC.NS,337.79998779296875,343.8999938964844,331.0,333.25,318.7252502441406,20375797,0.0,0.0
2024-12-23,NTPC.NS,335.8999938964844,338.25,330.5,333.6499938964844,319.1078491210937,8884187,0.0,0.0
2024-12-24,NTPC.NS,335.1000061035156,336.8500061035156,331.75,335.29998779296875,320.6859130859375,7755462,0.0,0.0
2024-12-26,NTPC.NS,335.29998779296875,337.3999938964844,332.25,334.6499938964844,320.06427001953125,9030212,0.0,0.0
2024-12-27,NTPC.NS,336.6499938964844,340.0,334.20001220703125,335.0,320.3990173339844,9090597,0.0,0.0
2024-12-30,NTPC.NS,335.0,336.79998779296875,327.3999938964844,331.3999938964844,316.9559020996094,36657549,0.0,0.0
2024-12-31,NTPC.NS,330.1000061035156,334.6000061035156,326.20001220703125,333.3500061035156,318.8209228515625,8580998,0.0,0.0
2025-01-01,NTPC.NS,333.0,334.6499938964844,328.79998779296875,333.6499938964844,319.1078491210937,7843971,0.0,0.0
2025-01-02,NTPC.NS,333.6499938964844,338.6000061035156,330.0,338.0,323.26824951171875,16543382,0.0,0.0
2025-01-03,NTPC.NS,338.04998779296875,344.5,337.04998779296875,339.8500061035156,325.0376281738281,8689629,0.0,0.0
2025-01-06,NTPC.NS,341.70001220703125,341.70001220703125,326.45001220703125,327.5,313.2259216308594,10538077,0.0,0.0
2025-01-07,NTPC.NS,327.0,330.3500061035156,325.1000061035156,328.6000061035156,314.2779541015625,13891401,0.0,0.0
2025-01-08,NTPC.NS,330.5,330.5,321.8500061035156,325.3999938964844,311.2174072265625,8993608,0.0,0.0
2025-01-09,NTPC.NS,324.04998779296875,325.95001220703125,319.79998779296875,320.3500061035156,306.3875427246094,12403467,0.0,0.0
2025-01-10,NTPC.NS,320.3500061035156,321.0,307.6000061035156,308.25,294.8148803710937,15941143,0.0,0.0
2025-01-13,NTPC.NS,301.1000061035156,309.95001220703125,296.8500061035156,298.20001220703125,285.20294189453125,29630336,0.0,0.0
2025-01-14,NTPC.NS,300.45001220703125,312.70001220703125,300.20001220703125,310.3999938964844,296.8711853027344,22732888,0.0,0.0
2025-01-15,NTPC.NS,312.54998779296875,324.29998779296875,312.54998779296875,321.3500061035156,307.34393310546875,21894626,0.0,0.0
2025-01-16,NTPC.NS,324.70001220703125,327.29998779296875,321.6499938964844,325.5,311.3130798339844,14865186,0.0,0.0
2025-01-17,NTPC.NS,325.29998779296875,329.0,323.3500061035156,326.1499938964844,311.9347229003906,7129232,0.0,0.0
2025-01-20,NTPC.NS,326.20001220703125,337.0,324.54998779296875,336.04998779296875,321.4032287597656,17991880,0.0,0.0
2025-01-21,NTPC.NS,337.79998779296875,338.25,323.79998779296875,324.29998779296875,310.16534423828125,12774630,0.0,0.0
2025-01-22,NTPC.NS,327.0,327.0,317.3500061035156,322.3999938964844,308.34814453125,11068145,0.0,0.0
2025-01-23,NTPC.NS,321.0,325.1000061035156,319.54998779296875,323.6499938964844,309.543701171875,6477347,0.0,0.0
2025-01-24,NTPC.NS,324.79998779296875,329.8999938964844,322.1000061035156,323.6499938964844,309.543701171875,7492600,0.0,0.0
2025-01-27,NTPC.NS,323.6499938964844,325.04998779296875,315.0,322.20001220703125,308.15692138671875,13803855,0.0,0.0
2025-01-28,NTPC.NS,322.5,323.8500061035156,308.1499938964844,318.25,304.3790588378906,22008929,0.0,0.0
2025-01-29,NTPC.NS,320.0,322.8999938964844,313.29998779296875,321.25,307.248291015625,16056888,0.0,0.0
2025-01-30,NTPC.NS,322.25,326.79998779296875,321.1499938964844,323.0,308.92205810546875,10375720,0.0,0.0
2025-01-31,NTPC.NS,322.45001220703125,326.25,317.54998779296875,324.0,312.2955627441406,13195557,2.5,0.0
2025-02-01,NTPC.NS,326.04998779296875,330.79998779296875,316.75,317.70001220703125,306.2231750488281,10097627,0.0,0.0
2025-02-03,NTPC.NS,310.1000061035156,314.04998779296875,304.0,311.25,300.00616455078125,15881217,0.0,0.0
2025-02-04,NTPC.NS,314.8500061035156,320.45001220703125,310.29998779296875,319.1000061035156,307.57257080078125,12141064,0.0,0.0
2025-02-05,NTPC.NS,321.0,323.04998779296875,318.3999938964844,319.6000061035156,308.0545349121094,12226722,0.0,0.0
2025-02-06,NTPC.NS,322.6000061035156,322.70001220703125,311.3999938964844,312.79998779296875,301.50018310546875,13384442,0.0,0.0
2025-02-07,NTPC.NS,313.5,319.25,312.1000061035156,316.95001220703125,305.5002746582031,8937447,0.0,0.0
2025-02-10,NTPC.NS,316.5,316.8500061035156,309.0,310.5,299.28326416015625,6806132,0.0,0.0
2025-02-11,NTPC.NS,312.3500061035156,312.3500061035156,304.1499938964844,305.6000061035156,294.5602722167969,13241830,0.0,0.0
2025-02-12,NTPC.NS,306.20001220703125,307.5,300.0,306.25,295.1867980957031,7616083,0.0,0.0
2025-02-13,NTPC.NS,306.1499938964844,308.6000061035156,303.1000061035156,306.70001220703125,295.6205749511719,9086906,0.0,0.0
2025-02-14,NTPC.NS,306.8500061035156,308.25,298.3500061035156,300.3500061035156,289.4999084472656,7446248,0.0,0.0
2025-02-17,NTPC.NS,297.5,303.20001220703125,292.79998779296875,302.3500061035156,291.4276733398437,6464173,0.0,0.0
2025-02-18,NTPC.NS,301.1499938964844,312.3999938964844,297.5,311.20001220703125,299.9580078125,15793327,0.0,0.0
2025-02-19,NTPC.NS,311.20001220703125,316.3500061035156,310.6000061035156,314.79998779296875,303.4279479980469,13079903,0.0,0.0
2025-02-20,NTPC.NS,312.54998779296875,327.1499938964844,311.5,325.1499938964844,313.404052734375,22888146,0.0,0.0
2025-02-21,NTPC.NS,323.29998779296875,329.75,321.54998779296875,326.25,314.4642944335937,10809296,0.0,0.0
2025-02-24,NTPC.NS,322.1000061035156,325.3999938964844,319.45001220703125,320.1000061035156,308.5364685058594,6034113,0.0,0.0
2025-02-25,NTPC.NS,320.1000061035156,321.5,315.75,318.70001220703125,307.18707275390625,10686112,0.0,0.0
2025-02-27,NTPC.NS,315.3500061035156,319.29998779296875,314.5,315.70001220703125,304.2954406738281,7302366,0.0,0.0
2025-02-28,NTPC.NS,314.0,315.6499938964844,306.54998779296875,311.45001220703125,300.198974609375,21127180,0.0,0.0
2025-03-03,NTPC.NS,311.29998779296875,317.79998779296875,307.70001220703125,314.3999938964844,303.0423583984375,9779703,0.0,0.0
2025-03-04,NTPC.NS,311.29998779296875,314.8999938964844,308.0,313.75,302.4158630371094,8734999,0.0,0.0
2025-03-05,NTPC.NS,313.54998779296875,327.29998779296875,313.5,326.20001220703125,314.4161071777344,10493615,0.0,0.0
2025-03-06,NTPC.NS,329.0,338.79998779296875,323.20001220703125,337.8999938964844,325.69342041015625,26294903,0.0,0.0
2025-03-07,NTPC.NS,335.8500061035156,338.75,328.70001220703125,329.54998779296875,317.6451110839844,8992315,0.0,0.0
2025-03-10,NTPC.NS,329.45001220703125,334.95001220703125,326.29998779296875,329.3999938964844,317.50048828125,11383132,0.0,0.0
2025-03-11,NTPC.NS,327.0,333.25,323.70001220703125,330.29998779296875,318.36798095703125,10299324,0.0,0.0
2025-03-12,NTPC.NS,331.0,334.79998779296875,326.3999938964844,330.1499938964844,318.223388671875,6984859,0.0,0.0
2025-03-13,NTPC.NS,332.0,334.54998779296875,328.45001220703125,331.8999938964844,319.9101867675781,8965150,0.0,0.0
2025-03-17,NTPC.NS,332.95001220703125,334.5,330.5,331.6499938964844,319.66925048828125,4353561,0.0,0.0
2025-03-19,NTPC.NS,339.0,343.8999938964844,336.3500061035156,341.29998779296875,328.9706420898437,30582397,0.0,0.0
2025-03-20,NTPC.NS,344.70001220703125,344.70001220703125,340.29998779296875,341.75,329.4043884277344,15002119,0.0,0.0
2025-03-21,NTPC.NS,342.0,353.8500061035156,341.75,351.29998779296875,338.6093444824219,36406837,0.0,0.0
2025-03-24,NTPC.NS,357.0,368.0,353.6499938964844,366.9500122070313,353.69403076171875,24588471,0.0,0.0
2025-03-25,NTPC.NS,369.0,371.4500122070313,364.1499938964844,366.9500122070313,353.69403076171875,23189083,0.0,0.0
2025-03-26,NTPC.NS,366.9500122070313,369.0,353.29998779296875,354.6499938964844,341.8383178710937,18668095,0.0,0.0
2025-03-27,NTPC.NS,353.8999938964844,364.4500122070313,351.0,360.6499938964844,347.6216125488281,37930538,0.0,0.0
2025-03-28,NTPC.NS,362.0,364.2999877929688,356.45001220703125,357.6000061035156,344.6817932128906,11327077,0.0,0.0
2025-04-01,NTPC.NS,352.3500061035156,362.8999938964844,350.8500061035156,352.1499938964844,339.4286499023437,18736320,0.0,0.0
2025-04-02,NTPC.NS,352.1499938964844,353.45001220703125,347.04998779296875,351.75,339.04315185546875,13593404,0.0,0.0
2025-04-03,NTPC.NS,351.75,361.3500061035156,351.75,358.8999938964844,345.934814453125,10317410,0.0,0.0
2025-04-04,NTPC.NS,358.8500061035156,358.8500061035156,348.54998779296875,350.3999938964844,337.7419128417969,10872963,0.0,0.0
2025-04-07,NTPC.NS,328.0,351.3999938964844,324.0,349.79998779296875,337.16357421875,18025165,0.0,0.0
2025-04-08,NTPC.NS,356.8500061035156,358.25,350.0,352.95001220703125,340.1998291015625,17506712,0.0,0.0
2025-04-09,NTPC.NS,354.0,354.79998779296875,348.20001220703125,349.3500061035156,336.7298278808594,7462119,0.0,0.0
2025-04-11,NTPC.NS,351.0,361.5,351.0,360.1000061035156,347.09149169921875,11246077,0.0,0.0
2025-04-15,NTPC.NS,367.0,368.4500122070313,361.5499877929688,362.5,349.4047546386719,17497327,0.0,0.0
2025-04-16,NTPC.NS,362.5,363.0,357.8999938964844,359.29998779296875,346.32037353515625,11541484,0.0,0.0
2025-04-17,NTPC.NS,359.25,365.4500122070313,357.25,364.0,350.8506164550781,12288196,0.0,0.0
2025-04-21,NTPC.NS,365.7999877929688,368.2000122070313,361.7999877929688,364.5499877929688,351.3807373046875,7375594,0.0,0.0
2025-04-22,NTPC.NS,367.0499877929688,367.0499877929688,359.70001220703125,360.25,347.2360534667969,12077119,0.0,0.0
2025-04-23,NTPC.NS,362.9500122070313,364.25,357.8999938964844,363.7999877929688,350.65777587890625,9719205,0.0,0.0
2025-04-24,NTPC.NS,363.75,366.4500122070313,361.6000061035156,363.2000122070313,350.0794982910156,7491123,0.0,0.0
2025-04-25,NTPC.NS,363.2000122070313,365.7999877929688,351.1000061035156,356.45001220703125,343.5733337402344,9785640,0.0,0.0
2025-04-28,NTPC.NS,353.70001220703125,362.8999938964844,353.70001220703125,361.5,348.4409484863281,5315840,0.0,0.0
2025-04-29,NTPC.NS,364.0,364.3500061035156,354.1000061035156,356.95001220703125,344.0552978515625,9472828,0.0,0.0
2025-04-30,NTPC.NS,357.0,361.0,352.0,354.54998779296875,341.741943359375,16739088,0.0,0.0
2025-05-02,NTPC.NS,354.54998779296875,358.0,347.6000061035156,348.70001220703125,336.1033020019531,8221620,0.0,0.0
2025-05-05,NTPC.NS,351.0,352.0,345.54998779296875,348.6000061035156,336.0069274902344,9492646,0.0,0.0
2025-05-06,NTPC.NS,349.0,349.5,340.0,341.79998779296875,329.4525146484375,8904223,0.0,0.0
2025-05-07,NTPC.NS,338.0,343.70001220703125,337.0,342.04998779296875,329.69354248046875,8465490,0.0,0.0
2025-05-08,NTPC.NS,341.04998779296875,343.1000061035156,338.3999938964844,340.0,327.7176208496094,14286109,0.0,0.0
2025-05-09,NTPC.NS,334.20001220703125,338.75,330.6000061035156,334.75,322.6572570800781,11322011,0.0,0.0
2025-05-12,NTPC.NS,340.3999938964844,349.20001220703125,338.1000061035156,348.54998779296875,335.9587097167969,7978210,0.0,0.0
2025-05-13,NTPC.NS,348.6000061035156,349.79998779296875,340.5,341.5,329.16339111328125,14738980,0.0,0.0
2025-05-14,NTPC.NS,342.45001220703125,343.8500061035156,337.75,338.54998779296875,326.3199462890625,22485535,0.0,0.0
2025-05-15,NTPC.NS,339.5,343.75,332.6499938964844,341.95001220703125,329.59716796875,43307763,0.0,0.0
2025-05-16,NTPC.NS,343.0,347.6000061035156,342.0,343.1000061035156,330.7055969238281,6920351,0.0,0.0
2025-05-19,NTPC.NS,343.1000061035156,347.70001220703125,342.3999938964844,345.1499938964844,332.6815490722656,6218209,0.0,0.0
2025-05-20,NTPC.NS,346.8999938964844,349.70001220703125,341.54998779296875,342.6000061035156,330.22369384765625,9986143,0.0,0.0
2025-05-21,NTPC.NS,342.54998779296875,347.3999938964844,339.8500061035156,346.1499938964844,333.6454162597656,5930972,0.0,0.0
2025-05-22,NTPC.NS,346.1499938964844,347.0,338.25,341.3999938964844,329.0670166015625,8717514,0.0,0.0
2025-05-23,NTPC.NS,342.0,344.95001220703125,340.1499938964844,344.6000061035156,332.1514587402344,4045937,0.0,0.0
2025-05-26,NTPC.NS,351.0,351.20001220703125,342.54998779296875,343.5,331.0911560058594,16655082,0.0,0.0
2025-05-27,NTPC.NS,344.0,344.5,336.79998779296875,338.54998779296875,326.3199462890625,24937330,0.0,0.0
2025-05-28,NTPC.NS,338.6000061035156,340.70001220703125,337.1000061035156,340.04998779296875,327.7657775878906,10985957,0.0,0.0
2025-05-29,NTPC.NS,341.0,342.25,338.04998779296875,339.3500061035156,327.0910949707031,15884093,0.0,0.0
2025-05-30,NTPC.NS,337.5,340.75,332.8500061035156,333.8999938964844,321.83795166015625,19143010,0.0,0.0
2025-06-02,NTPC.NS,333.8999938964844,334.79998779296875,330.29998779296875,332.54998779296875,320.53668212890625,29479727,0.0,0.0
2025-06-03,NTPC.NS,333.0,334.75,327.0,328.25,316.3920593261719,14081719,0.0,0.0
2025-06-04,NTPC.NS,329.0,329.95001220703125,324.8500061035156,329.25,317.3559265136719,15654279,0.0,0.0
2025-06-05,NTPC.NS,329.20001220703125,331.6000061035156,327.6000061035156,328.6499938964844,316.777587890625,16270360,0.0,0.0
2025-06-06,NTPC.NS,329.6499938964844,333.5,329.04998779296875,332.8500061035156,320.8258972167969,11402511,0.0,0.0
2025-06-09,NTPC.NS,333.8999938964844,337.54998779296875,332.75,337.1000061035156,324.92236328125,19416373,0.0,0.0
2025-06-10,NTPC.NS,338.79998779296875,340.8999938964844,336.79998779296875,339.20001220703125,326.9465026855469,12061248,0.0,0.0
2025-06-11,NTPC.NS,341.0,342.6000061035156,337.45001220703125,338.1000061035156,325.8862609863281,10807496,0.0,0.0
2025-06-12,NTPC.NS,338.1499938964844,341.6499938964844,332.6499938964844,333.70001220703125,321.64520263671875,11881618,0.0,0.0
2025-06-13,NTPC.NS,326.79998779296875,332.8999938964844,326.6000061035156,331.95001220703125,319.9584045410156,11711773,0.0,0.0
2025-06-16,NTPC.NS,332.0,334.6499938964844,330.6000061035156,333.70001220703125,321.64520263671875,8065112,0.0,0.0
2025-06-17,NTPC.NS,334.0,336.8999938964844,333.1000061035156,335.20001220703125,323.0909729003906,6796992,0.0,0.0
2025-06-18,NTPC.NS,335.20001220703125,335.8999938964844,330.75,332.3999938964844,320.39215087890625,17835507,0.0,0.0
2025-06-19,NTPC.NS,332.3999938964844,333.1499938964844,328.54998779296875,330.04998779296875,318.12701416015625,11610604,0.0,0.0
2025-06-20,NTPC.NS,330.0,336.0,329.70001220703125,335.20001220703125,323.0909729003906,16592862,0.0,0.0
2025-06-23,NTPC.NS,333.70001220703125,335.70001220703125,330.3500061035156,332.6000061035156,320.5849304199219,8277787,0.0,0.0
2025-06-24,NTPC.NS,331.0,331.70001220703125,321.3500061035156,329.95001220703125,318.0306396484375,100814893,0.0,0.0
2025-06-25,NTPC.NS,331.5,333.70001220703125,329.3999938964844,330.8500061035156,318.8981628417969,17963666,0.0,0.0
2025-06-26,NTPC.NS,332.3999938964844,337.79998779296875,331.29998779296875,337.1499938964844,324.9705505371094,13754087,0.0,0.0
2025-06-27,NTPC.NS,338.95001220703125,341.29998779296875,334.45001220703125,338.29998779296875,326.0790100097656,50845169,0.0,0.0
2025-06-30,NTPC.NS,335.75,337.25,333.6499938964844,334.8999938964844,322.8017883300781,11858890,0.0,0.0
2025-07-01,NTPC.NS,335.25,335.25,332.1499938964844,332.6000061035156,320.5849304199219,8903292,0.0,0.0
2025-07-02,NTPC.NS,332.6499938964844,335.6499938964844,331.29998779296875,333.75,321.693359375,11326880,0.0,0.0
2025-07-03,NTPC.NS,334.6000061035156,336.3500061035156,331.0,334.6000061035156,322.5126647949219,15786429,0.0,0.0
2025-07-04,NTPC.NS,335.70001220703125,336.0,332.25,335.5,323.380126953125,5899185,0.0,0.0
2025-07-07,NTPC.NS,335.5,339.0,333.75,337.45001220703125,325.2597351074219,9454556,0.0,0.0
2025-07-08,NTPC.NS,338.20001220703125,343.8999938964844,337.0,343.20001220703125,330.8020324707031,12092302,0.0,0.0
2025-07-09,NTPC.NS,343.25,345.6000061035156,342.79998779296875,344.0,331.5731201171875,9079872,0.0,0.0
2025-07-10,NTPC.NS,344.0,345.0,341.20001220703125,341.45001220703125,329.115234375,6426072,0.0,0.0
2025-07-11,NTPC.NS,340.5,344.0,339.5,342.70001220703125,330.320068359375,17234194,0.0,0.0
2025-07-14,NTPC.NS,343.04998779296875,345.0,339.95001220703125,342.1000061035156,329.7417297363281,11516965,0.0,0.0
2025-07-15,NTPC.NS,343.1499938964844,344.1000061035156,340.95001220703125,342.0,329.6453552246094,8450777,0.0,0.0
2025-07-16,NTPC.NS,342.0,343.79998779296875,340.79998779296875,342.45001220703125,330.0791015625,6001484,0.0,0.0
2025-07-17,NTPC.NS,344.20001220703125,344.5,342.0,342.6499938964844,330.2718811035156,7562006,0.0,0.0
2025-07-18,NTPC.NS,343.0,343.8999938964844,340.6499938964844,342.1000061035156,329.7417297363281,6370338,0.0,0.0
2025-07-21,NTPC.NS,342.1000061035156,342.79998779296875,339.29998779296875,341.54998779296875,329.21160888671875,4463318,0.0,0.0
2025-07-22,NTPC.NS,341.54998779296875,342.6000061035156,340.04998779296875,340.8500061035156,328.5368957519531,4728372,0.0,0.0
2025-07-23,NTPC.NS,341.79998779296875,344.0,340.95001220703125,343.04998779296875,330.6573791503906,5058422,0.0,0.0
2025-07-24,NTPC.NS,343.6000061035156,343.6000061035156,336.5,338.8999938964844,326.6573486328125,9098453,0.0,0.0
2025-07-25,NTPC.NS,338.8999938964844,339.8999938964844,332.54998779296875,333.20001220703125,321.16326904296875,7790739,0.0,0.0
2025-07-28,NTPC.NS,333.45001220703125,336.6000061035156,330.3500061035156,332.95001220703125,320.9222717285156,4605823,0.0,0.0
2025-07-29,NTPC.NS,332.0,335.5,328.5,334.6000061035156,322.5126647949219,7551356,0.0,0.0
2025-07-30,NTPC.NS,335.0,342.29998779296875,332.5,338.79998779296875,326.5609436035156,12537358,0.0,0.0
2025-07-31,NTPC.NS,336.04998779296875,340.1000061035156,333.0,334.25,322.1753234863281,8935384,0.0,0.0
2025-08-01,NTPC.NS,333.0,334.75,330.20001220703125,330.8999938964844,318.9463195800781,7107542,0.0,0.0
2025-08-04,NTPC.NS,330.8999938964844,333.29998779296875,327.20001220703125,332.0,320.006591796875,8193399,0.0,0.0
2025-08-05,NTPC.NS,332.45001220703125,334.3500061035156,331.29998779296875,333.6000061035156,321.5487976074219,9855535,0.0,0.0
2025-08-06,NTPC.NS,333.6000061035156,335.3999938964844,331.6000061035156,332.1000061035156,320.1029663085937,13872826,0.0,0.0
2025-08-07,NTPC.NS,332.1000061035156,332.45001220703125,328.6499938964844,329.75,317.837890625,8731389,0.0,0.0
2025-08-08,NTPC.NS,330.0,337.5,329.6499938964844,334.75,322.6572570800781,11247218,0.0,0.0
2025-08-11,NTPC.NS,335.0,339.1000061035156,333.95001220703125,336.1499938964844,324.0066833496094,11993280,0.0,0.0
2025-08-12,NTPC.NS,336.25,341.8500061035156,335.75,340.1000061035156,327.81402587890625,7221182,0.0,0.0
2025-08-13,NTPC.NS,340.29998779296875,343.0,339.1499938964844,339.95001220703125,327.66943359375,5417151,0.0,0.0
2025-08-14,NTPC.NS,339.95001220703125,340.45001220703125,336.29998779296875,339.3500061035156,327.0910949707031,5689423,0.0,0.0
2025-08-18,NTPC.NS,341.45001220703125,341.79998779296875,335.45001220703125,336.04998779296875,323.9103088378906,6511340,0.0,0.0
2025-08-19,NTPC.NS,338.8999938964844,340.6499938964844,334.1499938964844,335.04998779296875,322.9463806152344,10316115,0.0,0.0
2025-08-20,NTPC.NS,337.79998779296875,343.3999938964844,336.5,342.0,329.6453552246094,10824544,0.0,0.0
2025-08-21,NTPC.NS,342.3500061035156,344.3500061035156,336.8999938964844,338.79998779296875,326.5609436035156,11135121,0.0,0.0
2025-08-22,NTPC.NS,338.5,338.8999938964844,335.5,337.0,324.8259582519531,8534844,0.0,0.0
2025-08-25,NTPC.NS,337.04998779296875,341.3999938964844,337.04998779296875,337.8500061035156,325.645263671875,7142387,0.0,0.0
2025-08-26,NTPC.NS,336.1499938964844,337.3999938964844,331.75,333.20001220703125,321.16326904296875,13113388,0.0,0.0
2025-08-28,NTPC.NS,331.25,332.8999938964844,328.70001220703125,330.79998779296875,318.84991455078125,10486948,0.0,0.0
2025-08-29,NTPC.NS,331.0,331.5,327.0,327.54998779296875,315.71728515625,11813425,0.0,0.0
2025-09-01,NTPC.NS,328.0,331.6000061035156,328.0,330.70001220703125,318.7535400390625,6897558,0.0,0.0
2025-09-02,NTPC.NS,331.1000061035156,338.25,331.1000061035156,336.29998779296875,324.1512451171875,9224639,0.0,0.0
2025-09-03,NTPC.NS,336.5,338.0,333.5,334.25,322.1753234863281,10778333,0.0,0.0
2025-09-04,NTPC.NS,333.5,334.8999938964844,329.29998779296875,330.04998779296875,321.34771728515625,7934237,3.35,0.0
2025-09-05,NTPC.NS,330.04998779296875,331.79998779296875,325.95001220703125,328.70001220703125,320.0333557128906,5678244,0.0,0.0
2025-09-08,NTPC.NS,328.75,330.95001220703125,326.3500061035156,326.70001220703125,318.0860290527344,5239184,0.0,0.0
2025-09-09,NTPC.NS,327.6000061035156,328.1499938964844,323.6499938964844,324.1000061035156,315.5546264648437,9735495,0.0,0.0
2025-09-10,NTPC.NS,325.5,328.04998779296875,325.1499938964844,325.6499938964844,317.063720703125,6509477,0.0,0.0
2025-09-11,NTPC.NS,326.45001220703125,333.5,326.0,331.04998779296875,322.32135009765625,10309925,0.0,0.0
2025-09-12,NTPC.NS,332.0,333.5,328.3999938964844,331.70001220703125,322.9542541503906,5257048,0.0,0.0
2025-09-15,NTPC.NS,331.0,333.79998779296875,330.6499938964844,331.1000061035156,322.3700866699219,6566824,0.0,0.0
2025-09-16,NTPC.NS,331.20001220703125,335.79998779296875,331.20001220703125,335.04998779296875,326.2158508300781,8784889,0.0,0.0
2025-09-17,NTPC.NS,335.5,337.45001220703125,334.54998779296875,336.3999938964844,327.5303039550781,7936518,0.0,0.0
2025-09-18,NTPC.NS,337.0,337.6000061035156,334.1000061035156,336.95001220703125,328.0658264160156,6497322,0.0,0.0
2025-09-19,NTPC.NS,336.95001220703125,339.5,336.45001220703125,338.6499938964844,329.7209777832031,10646331,0.0,0.0
2025-09-22,NTPC.NS,339.1499938964844,340.3500061035156,336.8500061035156,339.20001220703125,330.2565002441406,6966213,0.0,0.0
2025-09-23,NTPC.NS,339.45001220703125,344.1000061035156,338.1000061035156,343.0,333.9562683105469,10738268,0.0,0.0
2025-09-24,NTPC.NS,343.29998779296875,350.3999938964844,342.25,347.6000061035156,338.4349670410156,14653575,0.0,0.0
2025-09-25,NTPC.NS,349.29998779296875,350.79998779296875,340.0,340.5,331.5221862792969,13228081,0.0,0.0
2025-09-26,NTPC.NS,340.5,340.75,336.45001220703125,337.8999938964844,328.9907531738281,6337702,0.0,0.0
2025-09-29,NTPC.NS,339.1000061035156,343.75,338.0,340.95001220703125,331.9603271484375,16922231,0.0,0.0
2025-09-30,NTPC.NS,341.1000061035156,343.04998779296875,339.1499938964844,340.45001220703125,331.4735107421875,8308029,0.0,0.0
2025-10-01,NTPC.NS,340.29998779296875,343.04998779296875,338.04998779296875,340.25,331.2787780761719,6022078,0.0,0.0
2025-10-03,NTPC.NS,340.25,343.5,338.75,342.0,332.982666015625,8506827,0.0,0.0
2025-10-06,NTPC.NS,340.6000061035156,341.79998779296875,335.6499938964844,339.1000061035156,330.1591186523437,8436245,0.0,0.0
2025-10-07,NTPC.NS,339.1000061035156,341.3999938964844,336.8500061035156,338.0,329.0881042480469,16130172,0.0,0.0
2025-10-08,NTPC.NS,339.25,339.25,332.29998779296875,333.79998779296875,324.99884033203125,13223442,0.0,0.0
2025-10-09,NTPC.NS,333.79998779296875,336.3999938964844,331.20001220703125,335.8500061035156,326.9947814941406,6824759,0.0,0.0
2025-10-10,NTPC.NS,336.0,341.95001220703125,335.95001220703125,339.70001220703125,330.7432861328125,8970962,0.0,0.0
2025-10-13,NTPC.NS,337.95001220703125,342.1000061035156,336.20001220703125,341.70001220703125,332.6905822753906,6663149,0.0,0.0
2025-10-14,NTPC.NS,342.0,343.0,335.20001220703125,336.6499938964844,327.7737121582031,7545848,0.0,0.0
2025-10-15,NTPC.NS,336.95001220703125,341.75,336.75,339.25,330.30517578125,8121744,0.0,0.0
2025-10-16,NTPC.NS,340.20001220703125,342.6000061035156,339.6499938964844,341.5,332.495849609375,6788416,0.0,0.0
2025-10-17,NTPC.NS,341.5,344.20001220703125,340.1499938964844,341.0,332.009033203125,7032129,0.0,0.0
2025-10-20,NTPC.NS,341.3999938964844,344.45001220703125,340.29998779296875,341.95001220703125,332.9339599609375,6896835,0.0,0.0
2025-10-21,NTPC.NS,342.95001220703125,343.5,341.04998779296875,342.0,332.982666015625,346988,0.0,0.0
2025-10-23,NTPC.NS,343.79998779296875,345.20001220703125,341.04998779296875,342.6499938964844,333.6155090332031,8710859,0.0,0.0
2025-10-24,NTPC.NS,342.45001220703125,343.25,338.1499938964844,339.6000061035156,330.6459350585937,7584711,0.0,0.0
2025-10-27,NTPC.NS,340.70001220703125,342.8999938964844,340.45001220703125,341.75,332.7392272949219,6752390,0.0,0.0
2025-10-28,NTPC.NS,342.3999938964844,342.8999938964844,337.29998779296875,339.1499938964844,330.20782470703125,13186584,0.0,0.0
2025-10-29,NTPC.NS,339.25,350.0,339.1499938964844,347.5,338.3376159667969,15423201,0.0,0.0
2025-10-30,NTPC.NS,349.0,349.0,343.45001220703125,345.1499938964844,336.049560546875,6721032,0.0,0.0
2025-10-31,NTPC.NS,345.0,345.0,335.6000061035156,336.95001220703125,328.0658264160156,18651312,0.0,0.0
2025-11-03,NTPC.NS,336.8500061035156,337.5,333.3999938964844,335.20001220703125,326.3619689941406,10242245,0.0,0.0
2025-11-04,NTPC.NS,335.3999938964844,336.0,329.70001220703125,330.6000061035156,321.8832397460937,11887651,0.0,0.0
2025-11-06,NTPC.NS,332.04998779296875,332.95001220703125,324.6000061035156,326.6499938964844,318.037353515625,11587302,0.0,0.0
2025-11-07,NTPC.NS,324.3999938964844,327.1000061035156,320.8500061035156,326.1000061035156,320.19757080078125,8578167,2.75,0.0
2025-11-10,NTPC.NS,326.1000061035156,328.25,324.0,325.45001220703125,319.559326171875,5246998,0.0,0.0
2025-11-11,NTPC.NS,325.95001220703125,327.45001220703125,322.8500061035156,326.6499938964844,320.7375793457031,6103758,0.0,0.0
2025-11-12,NTPC.NS,327.5,328.25,325.54998779296875,327.1499938964844,321.2285461425781,6850550,0.0,0.0
2025-11-13,NTPC.NS,327.1499938964844,329.95001220703125,325.54998779296875,326.95001220703125,321.0321960449219,7276001,0.0,0.0
2025-11-14,NTPC.NS,327.0,329.8999938964844,326.20001220703125,328.45001220703125,322.5050354003906,9169855,0.0,0.0
2025-11-17,NTPC.NS,329.0,331.45001220703125,328.54998779296875,330.20001220703125,324.2233581542969,6283156,0.0,0.0
2025-11-18,NTPC.NS,329.04998779296875,329.75,327.1499938964844,328.45001220703125,322.5050354003906,6776200,0.0,0.0
2025-11-19,NTPC.NS,328.95001220703125,328.95001220703125,325.04998779296875,326.6000061035156,320.6885070800781,6935056,0.0,0.0
2025-11-20,NTPC.NS,328.0,330.0,326.20001220703125,326.6000061035156,320.6885070800781,5155775,0.0,0.0
2025-11-21,NTPC.NS,326.8500061035156,328.3999938964844,325.0,326.6499938964844,320.7375793457031,6142545,0.0,0.0
2025-11-24,NTPC.NS,326.70001220703125,327.1000061035156,322.04998779296875,323.45001220703125,317.5955505371094,13719726,0.0,0.0
2025-11-25,NTPC.NS,323.45001220703125,325.6000061035156,322.5,323.70001220703125,317.84100341796875,8074651,0.0,0.0
2025-11-26,NTPC.NS,324.29998779296875,327.79998779296875,324.0,326.1000061035156,320.19757080078125,7101095,0.0,0.0
2025-11-27,NTPC.NS,327.1499938964844,328.75,325.0,327.3500061035156,321.4249267578125,6755179,0.0,0.0
2025-11-28,NTPC.NS,328.0,328.1499938964844,324.25,326.45001220703125,320.5412292480469,8930988,0.0,0.0
2025-12-01,NTPC.NS,327.1000061035156,328.25,325.45001220703125,327.1000061035156,321.179443359375,6936186,0.0,0.0
2025-12-02,NTPC.NS,327.45001220703125,329.95001220703125,326.75,328.6000061035156,322.6523132324219,5806943,0.0,0.0
2025-12-03,NTPC.NS,329.0,329.0,321.29998779296875,322.95001220703125,317.1045837402344,8546132,0.0,0.0
2025-12-04,NTPC.NS,322.8999938964844,324.29998779296875,321.1000061035156,322.95001220703125,317.1045837402344,5965357,0.0,0.0
2025-12-05,NTPC.NS,322.25,324.1499938964844,320.95001220703125,323.29998779296875,317.4482116699219,6574010,0.0,0.0
2025-12-08,NTPC.NS,323.20001220703125,323.20001220703125,317.8500061035156,319.5,313.7170104980469,7906928,0.0,0.0
2025-12-09,NTPC.NS,317.45001220703125,321.3999938964844,315.54998779296875,319.8500061035156,314.0606689453125,7152584,0.0,0.0
2025-12-10,NTPC.NS,319.8500061035156,323.70001220703125,319.5,321.6000061035156,315.77899169921875,5484712,0.0,0.0
2025-12-11,NTPC.NS,321.6499938964844,323.45001220703125,319.1499938964844,322.6000061035156,316.7608947753906,6317942,0.0,0.0
2025-12-12,NTPC.NS,322.8999938964844,325.95001220703125,322.8999938964844,325.04998779296875,319.1665344238281,4261023,0.0,0.0
2025-12-15,NTPC.NS,323.04998779296875,325.29998779296875,321.54998779296875,323.95001220703125,318.0864562988281,10219819,0.0,0.0
2025-12-16,NTPC.NS,322.04998779296875,323.79998779296875,319.04998779296875,321.0,315.1898803710937,5241263,0.0,0.0
2025-12-17,NTPC.NS,320.0,322.3999938964844,319.54998779296875,321.25,315.4353332519531,5043027,0.0,0.0
2025-12-18,NTPC.NS,322.0,322.1499938964844,317.0,318.5,312.735107421875,5554193,0.0,0.0
2025-12-19,NTPC.NS,318.95001220703125,320.6000061035156,317.5,319.8999938964844,314.1097717285156,10833662,0.0,0.0
2025-12-22,NTPC.NS,319.95001220703125,323.6499938964844,319.5,320.70001220703125,314.89532470703125,8925871,0.0,0.0
2025-12-23,NTPC.NS,321.04998779296875,324.75,320.25,323.25,317.3991394042969,6024641,0.0,0.0
2025-12-24,NTPC.NS,323.8999938964844,326.6499938964844,322.25,322.54998779296875,316.7117919921875,5678004,0.0,0.0
2025-12-26,NTPC.NS,322.54998779296875,325.75,322.29998779296875,324.1000061035156,318.2337646484375,4174183,0.0,0.0
2025-12-29,NTPC.NS,324.1000061035156,325.79998779296875,323.04998779296875,325.5,319.6084289550781,14043845,0.0,0.0
2025-12-30,NTPC.NS,325.0,325.54998779296875,323.3500061035156,324.8999938964844,319.019287109375,8035909,0.0,0.0
2025-12-31,NTPC.NS,324.75,330.6499938964844,324.70001220703125,329.54998779296875,323.5850830078125,8497983,0.0,0.0
2026-01-01,NTPC.NS,329.79998779296875,336.8999938964844,329.6000061035156,336.29998779296875,330.2129211425781,10357315,0.0,0.0
2026-01-02,NTPC.NS,336.79998779296875,353.0,335.95001220703125,352.1000061035156,345.7269592285156,23128940,0.0,0.0
2026-01-05,NTPC.NS,350.3500061035156,354.79998779296875,348.3999938964844,350.6000061035156,344.2541198730469,18248271,0.0,0.0
2026-01-06,NTPC.NS,349.8999938964844,354.1000061035156,346.1499938964844,350.79998779296875,344.4504699707031,8641743,0.0,0.0
2026-01-07,NTPC.NS,349.54998779296875,351.3500061035156,346.29998779296875,348.8500061035156,342.5357971191406,7165806,0.0,0.0
2026-01-08,NTPC.NS,346.75,349.79998779296875,342.20001220703125,344.3999938964844,338.16632080078125,8805975,0.0,0.0
2026-01-09,NTPC.NS,344.3999938964844,344.3999938964844,334.3999938964844,336.0,329.9183654785156,10161744,0.0,0.0
2026-01-12,NTPC.NS,336.75,340.6499938964844,333.70001220703125,337.45001220703125,331.3421325683594,9406174,0.0,0.0
2026-01-13,NTPC.NS,337.45001220703125,339.25,335.04998779296875,337.8999938964844,331.7839660644531,5583379,0.0,0.0
2026-01-14,NTPC.NS,338.8999938964844,350.5,337.45001220703125,349.1000061035156,342.78125,20389924,0.0,0.0
2026-01-16,NTPC.NS,352.6499938964844,354.04998779296875,345.3999938964844,346.3500061035156,340.0810241699219,14275582,0.0,0.0
2026-01-19,NTPC.NS,343.5,347.95001220703125,342.04998779296875,343.3500061035156,337.1353454589844,9974363,0.0,0.0
2026-01-20,NTPC.NS,343.0,348.29998779296875,337.70001220703125,338.75,332.6185913085937,7718407,0.0,0.0
2026-01-21,NTPC.NS,338.79998779296875,341.6000061035156,336.79998779296875,338.70001220703125,332.5694885253906,6948955,0.0,0.0
2026-01-22,NTPC.NS,338.70001220703125,343.20001220703125,337.1000061035156,342.45001220703125,336.2516174316406,5885972,0.0,0.0
2026-01-23,NTPC.NS,343.95001220703125,345.45001220703125,336.1000061035156,336.70001220703125,330.605712890625,10084314,0.0,0.0
2026-01-27,NTPC.NS,340.5,346.5,337.04998779296875,344.70001220703125,338.4609069824219,12203590,0.0,0.0
2026-01-28,NTPC.NS,344.70001220703125,353.25,344.70001220703125,348.04998779296875,341.750244140625,13566973,0.0,0.0
2026-01-29,NTPC.NS,350.0,360.5,347.29998779296875,358.1499938964844,351.6674499511719,20624409,0.0,0.0
2026-01-30,NTPC.NS,359.0,359.3500061035156,351.1000061035156,356.0,349.5563659667969,22641103,0.0,0.0
2026-02-02,NTPC.NS,344.95001220703125,352.75,337.75,350.3500061035156,344.00860595703125,12622760,0.0,0.0
2026-02-03,NTPC.NS,365.9500122070313,365.9500122070313,353.79998779296875,358.54998779296875,352.0602111816406,11559806,0.0,0.0
2026-02-04,NTPC.NS,359.45001220703125,368.5499877929688,357.6000061035156,367.25,360.6027221679688,15515053,0.0,0.0
2026-02-05,NTPC.NS,369.75,370.7000122070313,365.0,367.0,360.3572692871094,18789794,0.0,0.0
2026-02-06,NTPC.NS,361.7999877929688,365.9500122070313,361.0,365.0499877929688,361.1487121582031,7328789,2.75,0.0
2026-02-09,NTPC.NS,366.5499877929688,368.6000061035156,361.0,361.8999938964844,358.0323791503906,7983235,0.0,0.0
2026-02-10,NTPC.NS,361.8999938964844,368.1499938964844,361.25,366.8999938964844,362.97894287109375,8319282,0.0,0.0
2026-02-11,NTPC.NS,369.0,369.0,366.0,368.4500122070313,364.5123901367188,5782448,0.0,0.0
2026-02-12,NTPC.NS,370.0,372.0,366.8500061035156,368.25,364.31451416015625,6763353,0.0,0.0
2026-02-13,NTPC.NS,367.5499877929688,368.0,362.3999938964844,363.0,359.1206359863281,7111972,0.0,0.0
2026-02-16,NTPC.NS,362.6000061035156,369.6499938964844,362.5,369.1000061035156,365.1554260253906,6292850,0.0,0.0
2026-02-17,NTPC.NS,368.75,369.5,366.0499877929688,368.3999938964844,364.462890625,4442793,0.0,0.0
2026-02-18,NTPC.NS,368.4500122070313,370.7000122070313,367.3999938964844,368.3999938964844,364.462890625,4871319,0.0,0.0
2026-02-19,NTPC.NS,367.0,370.8999938964844,362.2000122070313,363.2000122070313,359.3184814453125,5375352,0.0,0.0
2026-02-20,NTPC.NS,362.7999877929688,373.6499938964844,362.7000122070313,372.9500122070313,368.96429443359375,16736731,0.0,0.0
2026-02-23,NTPC.NS,374.0,376.5,372.1499938964844,375.4500122070313,371.4375915527344,16135451,0.0,0.0
2026-02-24,NTPC.NS,374.9500122070313,385.0,373.5499877929688,382.75,378.6595458984375,20774629,0.0,0.0
2026-02-25,NTPC.NS,382.75,388.5499877929688,382.7000122070313,384.8999938964844,380.78656005859375,12750016,0.0,0.0
2026-02-26,NTPC.NS,385.0,385.8500061035156,378.3999938964844,381.8999938964844,377.8186340332031,10721570,0.0,0.0
2026-02-27,NTPC.NS,381.0,385.2000122070313,380.1499938964844,381.8999938964844,377.8186340332031,11548959,0.0,0.0
2026-03-02,NTPC.NS,365.0,378.9500122070313,365.0,377.5499877929688,373.5151062011719,14732253,0.0,0.0
2026-03-04,NTPC.NS,370.75,373.8500061035156,364.1000061035156,365.7999877929688,361.89068603515625,11433169,0.0,0.0
2026-03-05,NTPC.NS,366.9500122070313,379.8999938964844,366.6000061035156,378.0499877929688,374.009765625,16158714,0.0,0.0
2026-03-06,NTPC.NS,377.0,385.5499877929688,374.6499938964844,380.6000061035156,376.5325317382813,14940896,0.0,0.0
2026-03-09,NTPC.NS,373.0,379.0,371.3999938964844,376.25,372.22900390625,11286578,0.0,0.0
2026-03-10,NTPC.NS,385.0,385.4500122070313,374.8500061035156,377.2999877929688,373.2677917480469,10875834,0.0,0.0
2026-03-11,NTPC.NS,377.5,383.8999938964844,376.4500122070313,379.8999938964844,375.8399963378906,9963701,0.0,0.0
2026-03-12,NTPC.NS,379.0,392.3999938964844,375.6499938964844,390.5499877929688,386.3761901855469,23847146,0.0,0.0
2026-03-13,NTPC.NS,391.8500061035156,394.5,383.2000122070313,384.4500122070313,380.3414001464844,27107369,0.0,0.0
2026-03-16,NTPC.NS,384.5,388.25,375.4500122070313,382.3999938964844,378.3132934570313,16793109,0.0,0.0
2026-03-17,NTPC.NS,382.8999938964844,385.8999938964844,378.2999877929688,383.3500061035156,379.2531433105469,9720902,0.0,0.0
2026-03-18,NTPC.NS,385.0,386.3500061035156,377.6000061035156,378.5,374.4549865722656,10681498,0.0,0.0
2026-03-19,NTPC.NS,373.5,380.75,373.1000061035156,374.0499877929688,370.0525207519531,10568326,0.0,0.0
2026-03-20,NTPC.NS,375.8500061035156,383.2999877929688,375.5,380.9500122070313,376.8788146972656,20930288,0.0,0.0
2026-03-23,NTPC.NS,377.1000061035156,379.5,369.2999877929688,372.3999938964844,368.420166015625,13148432,0.0,0.0
2026-03-24,NTPC.NS,378.0,378.1499938964844,371.0,375.5499877929688,371.5364990234375,9339144,0.0,0.0
2026-03-25,NTPC.NS,376.0,380.9500122070313,375.6000061035156,378.3999938964844,374.3560485839844,9266292,0.0,0.0
2026-03-27,NTPC.NS,379.8999938964844,379.8999938964844,374.6499938964844,375.6499938964844,371.6354370117188,20263654,0.0,0.0
2026-03-30,NTPC.NS,374.0,377.9500122070313,369.6499938964844,370.6499938964844,366.6888732910156,17974103,0.0,0.0
2026-04-01,NTPC.NS,381.2999877929688,381.8999938964844,361.4500122070313,364.6499938964844,360.75299072265625,15449629,0.0,0.0
2026-04-02,NTPC.NS,359.95001220703125,361.2999877929688,352.0,359.6499938964844,355.8064270019531,16551512,0.0,0.0
2026-04-06,NTPC.NS,358.79998779296875,366.75,355.70001220703125,366.1000061035156,362.1875,11534034,0.0,0.0
2026-04-07,NTPC.NS,364.8500061035156,369.7999877929688,362.25,368.8500061035156,364.9081115722656,12603971,0.0,0.0
2026-04-08,NTPC.NS,373.5,375.5499877929688,368.25,374.1499938964844,370.1514587402344,19491331,0.0,0.0
2026-04-09,NTPC.NS,376.9500122070313,384.2000122070313,376.5,378.6499938964844,374.6033630371094,18503665,0.0,0.0
2026-04-10,NTPC.NS,381.2000122070313,384.4500122070313,372.0499877929688,380.1499938964844,376.08734130859375,14953758,0.0,0.0
2026-04-13,NTPC.NS,374.3500061035156,388.0,374.3500061035156,386.25,382.1221618652344,15240045,0.0,0.0
2026-04-15,NTPC.NS,390.25,393.9500122070313,387.1000061035156,392.6000061035156,388.404296875,7722460,0.0,0.0
2026-04-16,NTPC.NS,397.0,397.25,387.7999877929688,390.7999877929688,386.6235046386719,9896906,0.0,0.0
2026-04-17,NTPC.NS,393.0,396.25,388.4500122070313,393.6000061035156,389.39361572265625,15320653,0.0,0.0
2026-04-20,NTPC.NS,393.0,400.8500061035156,390.6499938964844,398.0,393.74658203125,9895187,0.0,0.0
2026-04-21,NTPC.NS,398.6000061035156,402.7000122070313,395.7000122070313,396.2000122070313,391.9658203125,9493644,0.0,0.0
2026-04-22,NTPC.NS,398.0,407.25,393.2000122070313,405.3999938964844,401.0674743652344,16411131,0.0,0.0
2026-04-23,NTPC.NS,404.0,405.8999938964844,400.3999938964844,402.25,397.951171875,9144699,0.0,0.0
2026-04-24,NTPC.NS,404.75,405.25,399.2000122070313,401.8500061035156,397.5554504394531,6266676,0.0,0.0
2026-04-27,NTPC.NS,403.8999938964844,414.3999938964844,402.6000061035156,410.2000122070313,405.8161926269531,13001752,0.0,0.0
2026-04-28,NTPC.NS,414.0,414.2000122070313,405.9500122070313,406.8500061035156,402.50201416015625,7726655,0.0,0.0
2026-04-29,NTPC.NS,409.5,410.0,399.6499938964844,401.2999877929688,397.0112915039063,11920835,0.0,0.0
2026-04-30,NTPC.NS,400.0,400.2999877929688,393.1499938964844,399.1499938964844,394.88427734375,7706357,0.0,0.0
2026-05-04,NTPC.NS,400.0,404.7999877929688,397.25,400.0499877929688,395.774658203125,6333200,0.0,0.0
2026-05-05,NTPC.NS,398.2999877929688,400.5,394.5499877929688,398.6499938964844,394.3896179199219,6791514,0.0,0.0
2026-05-06,NTPC.NS,400.0,403.0,391.6499938964844,394.8500061035156,390.6302490234375,11120409,0.0,0.0
2026-05-07,NTPC.NS,396.75,403.5,393.1499938964844,400.3500061035156,396.0714721679688,9700378,0.0,0.0
2026-05-08,NTPC.NS,398.0,405.1000061035156,397.1499938964844,402.1499938964844,397.8522338867188,4740939,0.0,0.0
2026-05-11,NTPC.NS,401.8999938964844,405.0,391.0,392.9500122070313,388.7505493164063,10088836,0.0,0.0
2026-05-12,NTPC.NS,392.2000122070313,399.8500061035156,391.25,392.7000122070313,388.5032348632813,10247516,0.0,0.0
2026-05-13,NTPC.NS,392.0,394.0499877929688,385.7999877929688,390.4500122070313,386.27728271484375,12322076,0.0,0.0
2026-05-14,NTPC.NS,393.7000122070313,398.5499877929688,391.2000122070313,396.2999877929688,392.0647277832031,7363948,0.0,0.0
2026-05-15,NTPC.NS,396.0,398.0,392.5,395.25,391.0259704589844,7107857,0.0,0.0
2026-05-18,NTPC.NS,393.0,393.8500061035156,384.8999938964844,388.2999877929688,384.1502380371094,7632596,0.0,0.0
2026-05-19,NTPC.NS,386.7000122070313,392.75,386.0499877929688,389.3999938964844,385.2384643554688,6693518,0.0,0.0
2026-05-20,NTPC.NS,386.1000061035156,393.3500061035156,384.0,392.4500122070313,388.2558898925781,5386249,0.0,0.0
2026-05-21,NTPC.NS,393.5,395.5499877929688,387.8500061035156,388.7999877929688,384.6448974609375,10596954,0.0,0.0
2026-05-22,NTPC.NS,389.9500122070313,391.5,387.4500122070313,388.6499938964844,384.4964904785156,11755213,0.0,0.0
2026-05-25,NTPC.NS,391.9500122070313,392.7999877929688,386.4500122070313,390.0499877929688,385.8815307617188,10489850,0.0,0.0
2026-05-26,NTPC.NS,390.75,392.25,389.0,389.7000122070313,385.5352783203125,9062218,0.0,0.0
2026-05-27,NTPC.NS,390.3500061035156,403.1000061035156,390.3500061035156,398.1499938964844,393.89495849609375,14418621,0.0,0.0
2026-05-29,NTPC.NS,400.0,401.6499938964844,385.1000061035156,386.8999938964844,382.7651977539063,17003143,0.0,0.0
2026-06-01,NTPC.NS,386.8999938964844,389.0,376.5,378.7000122070313,374.6528625488281,18408900,0.0,0.0
2026-06-02,NTPC.NS,375.9500122070313,377.5,363.0499877929688,367.3999938964844,363.4736022949219,17496468,0.0,0.0
2026-06-03,NTPC.NS,368.0499877929688,371.5,363.7000122070313,366.7999877929688,362.8800048828125,10825715,0.0,0.0
2026-06-04,NTPC.NS,366.7999877929688,368.7999877929688,364.3500061035156,366.3999938964844,362.4842834472656,14363519,0.0,0.0
2026-06-05,NTPC.NS,365.9500122070313,368.5,358.6499938964844,361.6499938964844,357.7850341796875,10277061,0.0,0.0
2026-06-08,NTPC.NS,358.95001220703125,365.3500061035156,355.1499938964844,362.3999938964844,358.52703857421875,14933986,0.0,0.0
2026-06-09,NTPC.NS,362.7999877929688,363.7000122070313,355.0,355.6499938964844,351.8491516113281,14246656,0.0,0.0
2026-06-10,NTPC.NS,359.0,359.0,351.1000061035156,351.6499938964844,347.89190673828125,14939921,0.0,0.0
2026-06-11,NTPC.NS,352.0,353.3500061035156,348.79998779296875,351.8500061035156,348.0897827148437,15079402,0.0,0.0
2026-06-12,NTPC.NS,357.0,357.0,349.70001220703125,353.8999938964844,350.11785888671875,8740239,0.0,0.0
2026-06-15,NTPC.NS,357.3999938964844,358.0,346.95001220703125,348.1000061035156,344.3798522949219,17190759,0.0,0.0
2026-06-16,NTPC.NS,349.75,356.20001220703125,348.5,355.54998779296875,351.7502136230469,14555184,0.0,0.0
2026-06-17,NTPC.NS,355.54998779296875,356.04998779296875,352.04998779296875,355.54998779296875,351.7502136230469,9299676,0.0,0.0
2026-06-18,NTPC.NS,357.0,363.5499877929688,354.04998779296875,361.9500122070313,358.08184814453125,12260776,0.0,0.0
2026-06-19,NTPC.NS,361.9500122070313,368.0,359.95001220703125,365.7999877929688,361.89068603515625,17465450,0.0,0.0
2026-06-22,NTPC.NS,365.7999877929688,368.5,364.0499877929688,367.0499877929688,363.1273193359375,11946682,0.0,0.0
2026-06-23,NTPC.NS,367.8500061035156,369.25,361.8999938964844,364.6000061035156,360.7035217285156,11696171,0.0,0.0
2026-06-24,NTPC.NS,362.8500061035156,364.0499877929688,355.5,357.04998779296875,353.23419189453125,12770898,0.0,0.0
2026-06-25,NTPC.NS,356.45001220703125,359.0,351.45001220703125,352.04998779296875,348.2876281738281,19767157,0.0,0.0
2026-06-29,NTPC.NS,352.0,357.8999938964844,351.54998779296875,356.1000061035156,352.2943725585937,49895302,0.0,0.0
2026-06-30,NTPC.NS,354.75,358.3500061035156,352.8999938964844,356.6499938964844,352.8384704589844,10291360,0.0,0.0
