Date,Ticker,Open,High,Low,Close,Adj Close,Volume,Dividends,Stock Splits
2016-01-04,TCS.NS,1205.074951171875,1207.0,1183.0250244140625,1184.800048828125,917.4401245117188,1870184,0.0,0.0
2016-01-05,TCS.NS,1192.5,1193.300048828125,1170.5,1174.4749755859375,909.44482421875,2678020,0.0,0.0
2016-01-06,TCS.NS,1175.0999755859375,1193.074951171875,1175.0999755859375,1190.800048828125,922.0859375,2653228,0.0,0.0
2016-01-07,TCS.NS,1185.0,1191.449951171875,1180.0,1185.625,918.078857421875,3199580,0.0,0.0
2016-01-08,TCS.NS,1192.5,1203.675048828125,1186.25,1198.800048828125,928.2803344726562,1907544,0.0,0.0
2016-01-11,TCS.NS,1191.25,1192.0,1174.425048828125,1181.175048828125,914.6329345703124,2930228,0.0,0.0
2016-01-12,TCS.NS,1181.3499755859375,1182.5,1150.800048828125,1163.5250244140625,900.9658813476562,3482594,0.0,0.0
2016-01-13,TCS.NS,1158.5,1163.5,1127.550048828125,1139.5999755859375,882.4398803710938,4746092,0.0,0.0
2016-01-14,TCS.NS,1136.5,1149.449951171875,1125.0,1139.4000244140625,882.2848510742188,2742052,0.0,0.0
2016-01-15,TCS.NS,1144.425048828125,1145.8499755859375,1127.5,1130.550048828125,875.4321899414062,3269408,0.0,0.0
2016-01-18,TCS.NS,1131.0,1145.949951171875,1130.0,1138.824951171875,881.8394775390625,2213922,0.0,0.0
2016-01-19,TCS.NS,1138.5,1150.0,1134.1500244140625,1139.6500244140625,882.478515625,967910,0.0,0.0
2016-01-20,TCS.NS,1136.9000244140625,1142.5,1121.5,1140.050048828125,882.788330078125,1615954,0.0,0.0
2016-01-21,TCS.NS,1142.5,1144.949951171875,1122.875,1127.25,874.9873046875,2675536,2.75,0.0
2016-01-22,TCS.NS,1136.5,1151.0250244140625,1130.0,1147.875,890.9967651367188,1343178,0.0,0.0
2016-01-25,TCS.NS,1150.949951171875,1169.5,1145.75,1152.324951171875,894.4509887695312,1397560,0.0,0.0
2016-01-27,TCS.NS,1151.0,1164.9749755859375,1140.949951171875,1159.875,900.3109130859375,1626986,0.0,0.0
2016-01-28,TCS.NS,1157.75,1174.449951171875,1154.0250244140625,1165.5999755859375,904.7550659179688,3106660,0.0,0.0
2016-01-29,TCS.NS,1179.3499755859375,1200.0,1167.5250244140625,1195.6500244140625,928.080078125,2235744,0.0,0.0
2016-02-01,TCS.NS,1195.550048828125,1206.4749755859375,1179.5,1201.3499755859375,932.5045776367188,1495274,0.0,0.0
2016-02-02,TCS.NS,1204.5,1216.5,1189.8499755859375,1199.050048828125,930.7196044921876,1475588,0.0,0.0
2016-02-03,TCS.NS,1193.75,1214.949951171875,1180.1500244140625,1208.1500244140625,937.7826538085938,1308692,0.0,0.0
2016-02-04,TCS.NS,1210.949951171875,1220.0,1201.0,1210.0250244140625,939.2383422851562,1250046,0.0,0.0
2016-02-05,TCS.NS,1204.050048828125,1219.9749755859375,1204.050048828125,1210.9749755859375,939.9760131835938,1402996,0.0,0.0
2016-02-08,TCS.NS,1200.0,1206.0250244140625,1173.5,1181.4749755859375,917.0772094726562,1063658,0.0,0.0
2016-02-09,TCS.NS,1166.800048828125,1166.800048828125,1127.800048828125,1140.699951171875,885.4270629882812,2489610,0.0,0.0
2016-02-10,TCS.NS,1137.5,1144.949951171875,1129.050048828125,1134.4000244140625,880.5372924804688,1890732,0.0,0.0
2016-02-11,TCS.NS,1140.0,1144.5,1085.824951171875,1098.9749755859375,853.039794921875,1962408,0.0,0.0
2016-02-12,TCS.NS,1100.0,1121.699951171875,1082.0,1113.300048828125,864.1590576171875,2172568,0.0,0.0
2016-02-15,TCS.NS,1125.0,1153.425048828125,1120.0,1134.574951171875,880.6729736328125,2479712,0.0,0.0
2016-02-16,TCS.NS,1133.0,1141.0,1121.5,1132.7750244140625,879.2758178710938,1588702,0.0,0.0
2016-02-17,TCS.NS,1132.5,1139.824951171875,1123.199951171875,1137.7750244140625,883.1568603515625,1585178,0.0,0.0
2016-02-18,TCS.NS,1142.5,1159.875,1139.0,1157.925048828125,898.7977294921875,1529140,0.0,0.0
2016-02-19,TCS.NS,1153.675048828125,1163.5,1152.7249755859375,1159.824951171875,900.2720336914062,879012,0.0,0.0
2016-02-22,TCS.NS,1160.125,1171.5,1152.5,1157.949951171875,898.8167114257812,1324884,0.0,0.0
2016-02-23,TCS.NS,1155.125,1159.949951171875,1128.375,1132.0,878.6742553710938,1306852,0.0,0.0
2016-02-24,TCS.NS,1131.2249755859375,1131.2249755859375,1100.5999755859375,1105.4749755859375,858.0847778320312,1659328,0.0,0.0
2016-02-25,TCS.NS,1109.9000244140625,1114.0,1092.824951171875,1106.425048828125,858.8224487304688,1830556,0.0,0.0
2016-02-26,TCS.NS,1114.8499755859375,1128.449951171875,1099.800048828125,1105.25,857.91064453125,1537536,0.0,0.0
2016-02-29,TCS.NS,1118.5,1118.5,1057.5,1088.4000244140625,844.8313598632812,2191718,0.0,0.0
2016-03-01,TCS.NS,1096.5,1142.550048828125,1081.0,1138.324951171875,883.5836181640625,1999760,0.0,0.0
2016-03-02,TCS.NS,1152.5,1165.0,1128.125,1159.425048828125,899.9619750976562,1527486,0.0,0.0
2016-03-03,TCS.NS,1168.0,1195.5,1150.5,1186.574951171875,921.0361938476562,2648284,0.0,0.0
2016-03-04,TCS.NS,1190.0,1190.0,1174.7750244140625,1178.7750244140625,914.9818115234376,1512966,0.0,0.0
2016-03-08,TCS.NS,1171.050048828125,1183.5,1152.0999755859375,1177.1500244140625,913.7200317382812,1268152,0.0,0.0
2016-03-09,TCS.NS,1170.5,1184.699951171875,1147.574951171875,1178.625,914.864990234375,2017784,0.0,0.0
2016-03-10,TCS.NS,1178.0250244140625,1179.925048828125,1157.4749755859375,1174.1500244140625,911.391845703125,1661666,0.0,0.0
2016-03-11,TCS.NS,1170.0,1195.425048828125,1167.5,1182.625,917.9703369140624,1530528,0.0,0.0
2016-03-14,TCS.NS,1181.0,1199.0,1170.0,1177.5,913.99169921875,1636742,0.0,0.0
2016-03-15,TCS.NS,1174.5250244140625,1181.75,1160.050048828125,1164.949951171875,904.250244140625,1623356,0.0,0.0
2016-03-16,TCS.NS,1157.5,1166.0,1153.449951171875,1163.5250244140625,903.1444091796876,1918246,0.0,0.0
2016-03-17,TCS.NS,1167.0,1180.9000244140625,1166.0,1176.0250244140625,912.846923828125,2221088,0.0,0.0
2016-03-18,TCS.NS,1180.0,1215.0,1180.0,1212.925048828125,941.4892578125,3204070,0.0,0.0
2016-03-21,TCS.NS,1213.0,1227.4749755859375,1210.0,1223.125,949.4066772460938,2336982,0.0,0.0
2016-03-22,TCS.NS,1221.0,1242.5,1218.25,1236.550048828125,959.8275146484376,1951984,0.0,0.0
2016-03-23,TCS.NS,1243.949951171875,1243.949951171875,1228.6500244140625,1236.9000244140625,960.0988159179688,2278434,0.0,0.0
2016-03-28,TCS.NS,1245.5,1258.574951171875,1230.7750244140625,1236.699951171875,959.9439086914062,3320882,0.0,0.0
2016-03-29,TCS.NS,1239.0,1243.4749755859375,1227.5,1234.699951171875,958.3912353515624,1838796,0.0,0.0
2016-03-30,TCS.NS,1235.449951171875,1252.5,1230.0,1244.75,966.1927490234376,2136504,0.0,0.0
2016-03-31,TCS.NS,1239.1500244140625,1275.0,1236.074951171875,1260.1500244140625,978.1461181640624,4363964,0.0,0.0
2016-04-01,TCS.NS,1252.5,1260.425048828125,1217.050048828125,1226.949951171875,952.3755493164062,3041400,0.0,0.0
2016-04-04,TCS.NS,1228.0,1244.0,1223.5,1235.625,959.109375,1752352,0.0,0.0
2016-04-05,TCS.NS,1235.4000244140625,1242.449951171875,1221.0250244140625,1231.375,955.8103637695312,1491794,0.0,0.0
2016-04-06,TCS.NS,1235.0,1244.5,1229.675048828125,1240.949951171875,963.2429809570312,1763150,0.0,0.0
2016-04-07,TCS.NS,1240.0,1242.3499755859375,1228.5,1235.4000244140625,958.934814453125,2390942,0.0,0.0
2016-04-08,TCS.NS,1233.0,1236.8499755859375,1213.5,1216.0250244140625,943.8958740234376,1399500,0.0,0.0
2016-04-11,TCS.NS,1216.5,1258.5,1206.5,1253.324951171875,972.8482055664062,2400648,0.0,0.0
2016-04-12,TCS.NS,1249.0,1262.5,1244.050048828125,1259.074951171875,977.3114624023438,1303628,0.0,0.0
2016-04-13,TCS.NS,1265.0,1272.5,1256.25,1263.0999755859375,980.4358520507812,1601468,0.0,0.0
2016-04-18,TCS.NS,1226.5,1276.75,1220.0,1259.875,977.9326171875,7121504,0.0,0.0
2016-04-20,TCS.NS,1267.449951171875,1267.449951171875,1220.0,1225.175048828125,950.9978637695312,6405024,0.0,0.0
2016-04-21,TCS.NS,1225.5,1233.699951171875,1206.0999755859375,1212.199951171875,940.926513671875,2525724,0.0,0.0
2016-04-22,TCS.NS,1209.5,1217.699951171875,1202.0999755859375,1208.5250244140625,938.0740966796876,1964126,0.0,0.0
2016-04-25,TCS.NS,1201.1500244140625,1228.5250244140625,1201.1500244140625,1225.625,951.3469848632812,2267654,0.0,0.0
2016-04-26,TCS.NS,1224.5,1246.75,1221.0,1244.9000244140625,966.308837890625,2554368,0.0,0.0
2016-04-27,TCS.NS,1240.0,1257.300048828125,1237.949951171875,1255.550048828125,974.5755615234376,1848670,0.0,0.0
2016-04-28,TCS.NS,1250.6500244140625,1270.0,1249.050048828125,1263.875,981.0375366210938,4992744,0.0,0.0
2016-04-29,TCS.NS,1258.5,1271.0,1255.0,1267.75,984.0451049804688,2372178,0.0,0.0
2016-05-02,TCS.NS,1264.5,1265.0,1250.0,1263.3499755859375,980.6297607421876,1116692,0.0,0.0
2016-05-03,TCS.NS,1262.5,1265.0,1236.0,1239.050048828125,961.7680053710938,2153118,0.0,0.0
2016-05-04,TCS.NS,1236.949951171875,1247.0250244140625,1228.5,1239.0,961.72900390625,1364892,0.0,0.0
2016-05-05,TCS.NS,1239.0,1244.9749755859375,1231.7750244140625,1235.1500244140625,958.740478515625,1246566,0.0,0.0
2016-05-06,TCS.NS,1232.5,1242.1500244140625,1215.5,1236.699951171875,959.9439086914062,885598,0.0,0.0
2016-05-09,TCS.NS,1236.699951171875,1259.0,1228.199951171875,1256.2750244140625,975.1382446289062,1821276,0.0,0.0
2016-05-10,TCS.NS,1257.5,1266.9749755859375,1248.0,1261.449951171875,979.1550903320312,1158534,0.0,0.0
2016-05-11,TCS.NS,1250.0,1262.800048828125,1245.0,1259.1500244140625,977.369873046875,1598716,0.0,0.0
2016-05-12,TCS.NS,1260.2750244140625,1284.949951171875,1260.2750244140625,1283.0999755859375,995.9605102539062,1513082,0.0,0.0
2016-05-13,TCS.NS,1282.5,1283.0,1255.074951171875,1261.699951171875,979.3490600585938,1621730,0.0,0.0
2016-05-16,TCS.NS,1269.0,1282.4000244140625,1261.25,1275.574951171875,990.1192626953124,1111526,0.0,0.0
2016-05-17,TCS.NS,1282.0999755859375,1295.625,1276.0,1285.0999755859375,997.512451171875,1756698,0.0,0.0
2016-05-18,TCS.NS,1282.925048828125,1282.925048828125,1263.0250244140625,1275.550048828125,990.099853515625,1500740,0.0,0.0
2016-05-19,TCS.NS,1277.5,1280.0,1263.050048828125,1278.4749755859375,992.3703002929688,1038792,0.0,0.0
2016-05-20,TCS.NS,1271.1500244140625,1282.9000244140625,1261.4000244140625,1264.6500244140625,981.6387329101562,1230918,0.0,0.0
2016-05-23,TCS.NS,1272.0,1272.949951171875,1240.0999755859375,1245.7249755859375,966.94921875,1533016,0.0,0.0
2016-05-24,TCS.NS,1242.0,1244.125,1229.800048828125,1233.8499755859375,957.7314453125,1339158,0.0,0.0
2016-05-25,TCS.NS,1240.5,1266.4749755859375,1240.5,1263.2249755859375,980.532958984375,1548678,0.0,0.0
2016-05-26,TCS.NS,1265.0,1282.449951171875,1252.550048828125,1274.3499755859375,989.1683959960938,1943248,0.0,0.0
2016-05-27,TCS.NS,1276.574951171875,1289.925048828125,1275.300048828125,1286.324951171875,998.4631958007812,1104676,0.0,0.0
2016-05-30,TCS.NS,1291.5,1320.9749755859375,1291.0,1318.199951171875,1023.2050170898438,1349464,0.0,0.0
2016-05-31,TCS.NS,1320.0,1323.5,1281.0,1284.699951171875,997.2022094726562,3722608,0.0,0.0
2016-06-01,TCS.NS,1285.5999755859375,1322.5,1285.5,1316.7750244140625,1022.0987548828124,1911942,0.0,0.0
2016-06-02,TCS.NS,1300.0,1327.1500244140625,1300.0,1325.074951171875,1028.5416259765625,1408756,0.0,0.0
2016-06-03,TCS.NS,1325.699951171875,1329.0,1310.25,1314.7750244140625,1020.546875,1554922,0.0,0.0
2016-06-06,TCS.NS,1310.25,1319.5,1301.5999755859375,1306.25,1024.4482421875,1322026,13.5,0.0
2016-06-07,TCS.NS,1307.0,1319.5,1306.5,1315.574951171875,1031.7613525390625,1202194,0.0,0.0
2016-06-08,TCS.NS,1308.625,1314.2750244140625,1302.75,1306.550048828125,1024.68359375,938266,0.0,0.0
2016-06-09,TCS.NS,1311.199951171875,1311.199951171875,1277.5999755859375,1288.625,1010.6256103515624,1562138,0.0,0.0
2016-06-10,TCS.NS,1283.0,1301.625,1276.5999755859375,1277.875,1002.1950073242188,1396832,0.0,0.0
2016-06-13,TCS.NS,1270.0,1276.675048828125,1259.0,1273.5,998.763671875,1029978,0.0,0.0
2016-06-14,TCS.NS,1279.4749755859375,1279.4749755859375,1259.125,1267.425048828125,993.999755859375,977570,0.0,0.0
2016-06-15,TCS.NS,1265.0,1282.449951171875,1261.0,1278.425048828125,1002.6263427734376,1270844,0.0,0.0
2016-06-16,TCS.NS,1272.7750244140625,1282.3499755859375,1258.2249755859375,1279.1500244140625,1003.194580078125,1145070,0.0,0.0
2016-06-17,TCS.NS,1279.5,1305.0,1279.5,1301.300048828125,1020.566650390625,1878988,0.0,0.0
2016-06-20,TCS.NS,1301.300048828125,1334.0,1295.9000244140625,1329.6500244140625,1042.80029296875,1872838,0.0,0.0
2016-06-21,TCS.NS,1331.75,1332.5,1320.699951171875,1325.5999755859375,1039.624267578125,1027690,0.0,0.0
2016-06-22,TCS.NS,1325.0,1338.8499755859375,1315.875,1333.824951171875,1046.074951171875,1761712,0.0,0.0
2016-06-23,TCS.NS,1327.5,1329.75,1312.6500244140625,1322.675048828125,1037.3302001953125,1397014,0.0,0.0
2016-06-24,TCS.NS,1282.574951171875,1296.5999755859375,1257.074951171875,1286.9749755859375,1009.3318481445312,3766586,0.0,0.0
2016-06-27,TCS.NS,1273.5,1273.5,1241.324951171875,1247.925048828125,978.7062377929688,4272566,0.0,0.0
2016-06-28,TCS.NS,1247.925048828125,1251.449951171875,1229.199951171875,1231.9749755859375,966.1971435546876,4499524,0.0,0.0
2016-06-29,TCS.NS,1237.5,1256.25,1232.6500244140625,1251.449951171875,981.470703125,2531264,0.0,0.0
2016-06-30,TCS.NS,1261.0,1281.449951171875,1250.175048828125,1276.550048828125,1001.1559448242188,5121812,0.0,0.0
2016-07-01,TCS.NS,1281.0,1282.300048828125,1247.175048828125,1250.425048828125,980.6665649414062,2197296,0.0,0.0
2016-07-04,TCS.NS,1258.0,1262.925048828125,1241.0,1247.0999755859375,978.0592651367188,1883484,0.0,0.0
2016-07-05,TCS.NS,1247.0999755859375,1248.5250244140625,1238.574951171875,1242.6500244140625,974.5689086914062,1559748,0.0,0.0
2016-07-07,TCS.NS,1243.8499755859375,1245.925048828125,1212.5,1214.9000244140625,952.8056030273438,3316800,0.0,0.0
2016-07-08,TCS.NS,1217.5,1221.0250244140625,1201.75,1213.300048828125,951.55078125,2456356,0.0,0.0
2016-07-11,TCS.NS,1215.0,1235.9000244140625,1213.5,1232.074951171875,966.275146484375,1543632,0.0,0.0
2016-07-12,TCS.NS,1235.8499755859375,1237.5,1217.925048828125,1232.4749755859375,966.5892944335938,1465536,0.0,0.0
2016-07-13,TCS.NS,1239.0,1249.625,1225.625,1246.550048828125,977.6277465820312,2102300,0.0,0.0
2016-07-14,TCS.NS,1243.0,1264.5,1235.5,1260.949951171875,988.9212646484376,2699988,0.0,0.0
2016-07-15,TCS.NS,1258.5,1263.9000244140625,1213.2750244140625,1222.675048828125,958.9031982421876,8336366,0.0,0.0
2016-07-18,TCS.NS,1223.5,1234.5,1215.300048828125,1216.7249755859375,954.2366943359376,2598850,0.0,0.0
2016-07-19,TCS.NS,1213.75,1236.4000244140625,1213.75,1233.0999755859375,967.0791625976562,2362896,0.0,0.0
2016-07-20,TCS.NS,1225.0,1251.25,1224.074951171875,1247.4749755859375,978.3532104492188,2815252,0.0,0.0
2016-07-21,TCS.NS,1244.75,1259.75,1232.2249755859375,1253.0250244140625,982.7060546875,2527148,0.0,0.0
2016-07-22,TCS.NS,1249.449951171875,1262.0,1246.0,1257.550048828125,986.2548217773438,1517216,0.0,0.0
2016-07-25,TCS.NS,1256.0,1281.5999755859375,1252.9000244140625,1279.4749755859375,1006.0498046875,1688796,3.25,0.0
2016-07-26,TCS.NS,1279.4749755859375,1284.0,1266.5,1276.300048828125,1003.5535278320312,2311290,0.0,0.0
2016-07-27,TCS.NS,1277.5,1290.199951171875,1272.5,1288.7750244140625,1013.3623657226562,1750510,0.0,0.0
2016-07-28,TCS.NS,1290.25,1314.7750244140625,1288.5250244140625,1309.625,1029.7567138671875,4632080,0.0,0.0
2016-07-29,TCS.NS,1307.0,1317.449951171875,1299.5,1309.6500244140625,1029.7763671875,2488084,0.0,0.0
2016-08-01,TCS.NS,1316.0,1362.5,1316.0,1354.125,1064.7470703125,3961704,0.0,0.0
2016-08-02,TCS.NS,1351.449951171875,1357.8499755859375,1344.9000244140625,1349.5999755859375,1061.1890869140625,2578162,0.0,0.0
2016-08-03,TCS.NS,1343.0,1349.5,1324.5250244140625,1328.1500244140625,1044.3231201171875,2294702,0.0,0.0
2016-08-04,TCS.NS,1335.0,1341.4749755859375,1318.125,1326.0,1042.632080078125,1415416,0.0,0.0
2016-08-05,TCS.NS,1336.949951171875,1342.1500244140625,1316.0,1324.550048828125,1041.4920654296875,1868484,0.0,0.0
2016-08-08,TCS.NS,1320.0,1334.0,1314.5250244140625,1324.75,1041.64990234375,2058244,0.0,0.0
2016-08-09,TCS.NS,1329.0,1329.9000244140625,1289.425048828125,1325.0999755859375,1041.924560546875,2261914,0.0,0.0
2016-08-10,TCS.NS,1325.5,1341.0,1324.0,1337.699951171875,1051.83203125,2062078,0.0,0.0
2016-08-11,TCS.NS,1332.7750244140625,1357.5,1332.7750244140625,1354.949951171875,1065.395263671875,2233138,0.0,0.0
2016-08-16,TCS.NS,1369.0,1370.0,1336.925048828125,1345.8499755859375,1058.239990234375,3183754,0.0,0.0
2016-08-17,TCS.NS,1349.5,1349.5,1309.0,1312.2750244140625,1031.8404541015625,1848566,0.0,0.0
2016-08-18,TCS.NS,1317.5,1328.7750244140625,1315.050048828125,1319.2750244140625,1037.3441162109375,1292064,0.0,0.0
2016-08-19,TCS.NS,1320.0,1323.2249755859375,1300.0,1301.75,1023.564453125,2416244,0.0,0.0
2016-08-22,TCS.NS,1294.0,1297.2249755859375,1268.1500244140625,1274.3499755859375,1002.0202026367188,2265274,0.0,0.0
2016-08-23,TCS.NS,1272.4749755859375,1302.4749755859375,1270.0999755859375,1300.5250244140625,1022.600830078125,1503374,0.0,0.0
2016-08-24,TCS.NS,1294.9000244140625,1301.0,1284.5250244140625,1286.0250244140625,1011.2000122070312,1116878,0.0,0.0
2016-08-25,TCS.NS,1290.0,1294.8499755859375,1263.0,1275.5250244140625,1002.943603515625,1939690,0.0,0.0
2016-08-26,TCS.NS,1279.9000244140625,1286.2750244140625,1258.5999755859375,1262.4749755859375,992.6828002929688,1250314,0.0,0.0
2016-08-29,TCS.NS,1267.4749755859375,1267.4749755859375,1233.375,1250.2750244140625,983.0899047851562,1488728,0.0,0.0
2016-08-30,TCS.NS,1255.0,1274.9000244140625,1250.625,1272.074951171875,1000.231201171875,1444026,0.0,0.0
2016-08-31,TCS.NS,1275.0,1275.0,1250.425048828125,1255.6500244140625,987.3161010742188,3231668,0.0,0.0
2016-09-01,TCS.NS,1262.449951171875,1267.4749755859375,1243.5250244140625,1253.75,985.8221435546876,1345736,0.0,0.0
2016-09-02,TCS.NS,1256.0,1259.699951171875,1248.0250244140625,1257.4000244140625,988.6922607421876,1742330,0.0,0.0
2016-09-06,TCS.NS,1259.949951171875,1260.074951171875,1240.0,1242.0250244140625,976.6029052734376,2239066,0.0,0.0
2016-09-07,TCS.NS,1249.8499755859375,1249.8499755859375,1211.5,1220.2750244140625,959.5010375976562,3854040,0.0,0.0
2016-09-08,TCS.NS,1180.0,1180.0,1142.375,1161.050048828125,912.932373046875,7021516,0.0,0.0
2016-09-09,TCS.NS,1164.8499755859375,1183.324951171875,1160.0250244140625,1176.2249755859375,924.864501953125,2742438,0.0,0.0
2016-09-12,TCS.NS,1168.5,1181.9749755859375,1162.0,1179.5250244140625,927.458984375,2024454,0.0,0.0
2016-09-14,TCS.NS,1181.0,1188.800048828125,1155.0,1164.2249755859375,915.4288940429688,2069858,0.0,0.0
2016-09-15,TCS.NS,1169.9749755859375,1171.050048828125,1158.375,1163.4749755859375,914.839111328125,2818964,0.0,0.0
2016-09-16,TCS.NS,1168.3499755859375,1188.0,1160.0,1180.8499755859375,928.5013427734376,4358004,0.0,0.0
2016-09-19,TCS.NS,1182.5,1213.5,1175.0,1205.7249755859375,948.0601806640624,2802546,0.0,0.0
2016-09-20,TCS.NS,1205.5,1208.449951171875,1192.699951171875,1203.25,946.1140747070312,1184552,0.0,0.0
2016-09-21,TCS.NS,1203.8499755859375,1212.0,1200.3499755859375,1206.699951171875,948.8265380859376,1678020,0.0,0.0
2016-09-22,TCS.NS,1212.625,1214.0,1185.550048828125,1189.0,934.9092407226562,2857574,0.0,0.0
2016-09-23,TCS.NS,1191.0,1201.925048828125,1185.574951171875,1199.050048828125,942.8119506835938,1800726,0.0,0.0
2016-09-26,TCS.NS,1200.550048828125,1209.550048828125,1197.5,1200.550048828125,943.9912719726562,1753476,0.0,0.0
2016-09-27,TCS.NS,1200.550048828125,1224.0,1200.550048828125,1218.050048828125,957.7515869140624,2038792,0.0,0.0
2016-09-28,TCS.NS,1215.5,1218.75,1207.5999755859375,1211.5250244140625,952.6206665039062,1731328,0.0,0.0
2016-09-29,TCS.NS,1217.5,1228.25,1209.800048828125,1218.9000244140625,958.4197998046876,3603958,0.0,0.0
2016-09-30,TCS.NS,1218.5250244140625,1224.9000244140625,1211.550048828125,1215.4000244140625,955.6673583984376,2175364,0.0,0.0
2016-10-03,TCS.NS,1225.0,1228.824951171875,1200.550048828125,1205.8499755859375,948.1582641601562,1818880,0.0,0.0
2016-10-04,TCS.NS,1210.0,1212.5250244140625,1199.0,1202.574951171875,945.5833129882812,1780718,0.0,0.0
2016-10-05,TCS.NS,1204.0,1207.699951171875,1188.050048828125,1193.175048828125,938.1923828125,1176354,0.0,0.0
2016-10-06,TCS.NS,1197.5,1201.199951171875,1186.375,1194.375,939.1359252929688,2267572,0.0,0.0
2016-10-07,TCS.NS,1194.0,1194.0,1179.0999755859375,1183.9000244140625,930.8991088867188,1816512,0.0,0.0
2016-10-10,TCS.NS,1184.949951171875,1193.449951171875,1177.5250244140625,1190.1500244140625,935.8137817382812,1202142,0.0,0.0
2016-10-13,TCS.NS,1181.6500244140625,1184.949951171875,1160.449951171875,1164.449951171875,915.6057739257812,5173334,0.0,0.0
2016-10-14,TCS.NS,1157.5,1193.5,1145.5,1183.0999755859375,930.2699584960938,7741214,0.0,0.0
2016-10-17,TCS.NS,1184.449951171875,1187.9000244140625,1172.199951171875,1181.2249755859375,928.7958984375,2728346,0.0,0.0
2016-10-18,TCS.NS,1188.0,1207.8499755859375,1177.4000244140625,1200.0999755859375,943.6373901367188,2128632,0.0,0.0
2016-10-19,TCS.NS,1200.5,1205.0,1185.1500244140625,1197.550048828125,941.63232421875,1985058,0.0,0.0
2016-10-20,TCS.NS,1198.449951171875,1204.675048828125,1193.0,1200.574951171875,944.0107421875,1265854,0.0,0.0
2016-10-21,TCS.NS,1200.0,1215.949951171875,1199.125,1214.324951171875,954.8224487304688,1259660,0.0,0.0
2016-10-24,TCS.NS,1214.0999755859375,1217.449951171875,1201.2750244140625,1213.8499755859375,957.0100708007812,1253190,3.25,0.0
2016-10-25,TCS.NS,1202.5,1207.300048828125,1190.5,1199.2249755859375,945.4796752929688,1772466,0.0,0.0
2016-10-26,TCS.NS,1199.300048828125,1201.375,1186.25,1198.125,944.6127319335938,1437130,0.0,0.0
2016-10-27,TCS.NS,1189.8499755859375,1214.75,1182.75,1209.050048828125,953.22607421875,2941602,0.0,0.0
2016-10-28,TCS.NS,1205.0,1207.550048828125,1194.0,1199.3499755859375,945.5782470703124,1752102,0.0,0.0
2016-11-01,TCS.NS,1199.8499755859375,1199.8499755859375,1167.074951171875,1175.0,926.380615234375,2934776,0.0,0.0
2016-11-02,TCS.NS,1170.5,1172.0,1147.5,1152.0250244140625,908.266845703125,2325076,0.0,0.0
2016-11-03,TCS.NS,1147.0,1167.5,1142.25,1159.7249755859375,914.33740234375,1463310,0.0,0.0
2016-11-04,TCS.NS,1160.0,1168.074951171875,1147.0,1165.2750244140625,918.713134765625,1183752,0.0,0.0
2016-11-07,TCS.NS,1168.949951171875,1172.449951171875,1130.0250244140625,1138.5250244140625,897.623046875,2048052,0.0,0.0
2016-11-08,TCS.NS,1140.2249755859375,1153.5,1130.0,1141.5999755859375,900.0475463867188,1933634,0.0,0.0
2016-11-09,TCS.NS,1090.0,1137.5,1071.425048828125,1084.925048828125,855.3645629882812,4500226,0.0,0.0
2016-11-10,TCS.NS,1102.4000244140625,1108.75,1070.4000244140625,1077.7249755859375,849.68798828125,2172426,0.0,0.0
2016-11-11,TCS.NS,1073.5250244140625,1073.5250244140625,1043.0999755859375,1050.574951171875,828.28271484375,2398424,0.0,0.0
2016-11-15,TCS.NS,1058.449951171875,1078.7750244140625,1025.949951171875,1060.6500244140625,836.2258911132812,6290324,0.0,0.0
2016-11-16,TCS.NS,1072.550048828125,1104.449951171875,1069.0,1094.800048828125,863.14990234375,4019958,0.0,0.0
2016-11-17,TCS.NS,1092.5,1104.300048828125,1065.074951171875,1068.5999755859375,842.4937744140625,2504688,0.0,0.0
2016-11-18,TCS.NS,1071.0,1075.0,1052.0999755859375,1062.550048828125,837.7239990234375,2140534,0.0,0.0
2016-11-21,TCS.NS,1063.0999755859375,1070.0,1052.5,1066.449951171875,840.798583984375,1793366,0.0,0.0
2016-11-22,TCS.NS,1066.0,1088.7249755859375,1061.0250244140625,1067.5,841.6265869140625,1318860,0.0,0.0
2016-11-23,TCS.NS,1074.5,1081.4749755859375,1063.5999755859375,1078.175048828125,850.0426635742188,1275808,0.0,0.0
2016-11-24,TCS.NS,1077.449951171875,1103.800048828125,1068.5,1094.2249755859375,862.6967163085938,3026234,0.0,0.0
2016-11-25,TCS.NS,1106.0,1153.625,1096.0999755859375,1150.175048828125,906.8084716796876,4276148,0.0,0.0
2016-11-28,TCS.NS,1147.0,1159.7249755859375,1125.949951171875,1141.300048828125,899.8109130859375,1924296,0.0,0.0
2016-11-29,TCS.NS,1137.5,1146.0,1126.2750244140625,1129.925048828125,890.8429565429688,1442296,0.0,0.0
2016-11-30,TCS.NS,1132.5,1147.375,1121.1500244140625,1138.0250244140625,897.2291870117188,3445832,0.0,0.0
2016-12-01,TCS.NS,1138.5,1145.0,1127.0250244140625,1131.7249755859375,892.261962890625,1123052,0.0,0.0
2016-12-02,TCS.NS,1129.0,1135.4000244140625,1102.5999755859375,1110.925048828125,875.8634033203125,1998032,0.0,0.0
2016-12-05,TCS.NS,1114.5,1118.925048828125,1085.0,1093.0,861.7308959960938,2249526,0.0,0.0
2016-12-06,TCS.NS,1095.0,1101.9749755859375,1084.949951171875,1091.175048828125,860.2920532226562,1593444,0.0,0.0
2016-12-07,TCS.NS,1091.0999755859375,1092.2249755859375,1072.824951171875,1077.2750244140625,849.333251953125,2065706,0.0,0.0
2016-12-08,TCS.NS,1080.25,1099.5,1080.0,1097.875,865.5744018554688,3239546,0.0,0.0
2016-12-09,TCS.NS,1102.5,1109.949951171875,1086.6500244140625,1097.625,865.37744140625,1588718,0.0,0.0
2016-12-12,TCS.NS,1097.4000244140625,1108.800048828125,1081.5,1104.0999755859375,870.482177734375,1311758,0.0,0.0
2016-12-13,TCS.NS,1109.0,1109.0,1091.5,1100.1500244140625,867.3681030273438,2147534,0.0,0.0
2016-12-14,TCS.NS,1107.0,1112.3499755859375,1094.5,1103.800048828125,870.2459106445312,1870366,0.0,0.0
2016-12-15,TCS.NS,1101.0,1136.050048828125,1101.0,1129.6500244140625,890.6259765625,4295410,0.0,0.0
2016-12-16,TCS.NS,1138.5,1145.0,1126.0,1141.324951171875,899.830810546875,1987230,0.0,0.0
2016-12-19,TCS.NS,1140.0,1148.8499755859375,1130.6500244140625,1144.449951171875,902.2944946289062,1334210,0.0,0.0
2016-12-20,TCS.NS,1146.0,1172.5,1143.5250244140625,1169.6500244140625,922.1627197265624,2922760,0.0,0.0
2016-12-21,TCS.NS,1171.9000244140625,1171.9000244140625,1152.800048828125,1156.800048828125,912.0314331054688,2034902,0.0,0.0
2016-12-22,TCS.NS,1153.0,1162.5,1143.0999755859375,1153.8499755859375,909.705810546875,1868300,0.0,0.0
2016-12-23,TCS.NS,1150.0,1158.875,1139.4000244140625,1144.050048828125,901.9790649414062,1118954,0.0,0.0
2016-12-26,TCS.NS,1133.0,1150.800048828125,1133.0,1146.550048828125,903.9501953125,897408,0.0,0.0
2016-12-27,TCS.NS,1140.75,1165.0,1140.75,1161.699951171875,915.8945922851562,1294692,0.0,0.0
2016-12-28,TCS.NS,1163.3499755859375,1174.949951171875,1151.574951171875,1156.699951171875,911.952392578125,1350418,0.0,0.0
2016-12-29,TCS.NS,1151.5,1179.949951171875,1151.5,1175.8499755859375,927.0507202148438,1963516,0.0,0.0
2016-12-30,TCS.NS,1177.449951171875,1189.300048828125,1172.824951171875,1182.7750244140625,932.5103149414062,1405748,0.0,0.0
2017-01-02,TCS.NS,1183.300048828125,1187.550048828125,1176.199951171875,1180.675048828125,930.8548583984376,823132,0.0,0.0
2017-01-03,TCS.NS,1180.625,1185.8499755859375,1171.6500244140625,1184.125,933.5745239257812,1475324,0.0,0.0
2017-01-04,TCS.NS,1184.8499755859375,1194.425048828125,1179.1500244140625,1189.75,938.009765625,1420066,0.0,0.0
2017-01-05,TCS.NS,1192.0,1194.9749755859375,1160.199951171875,1167.199951171875,920.2307739257812,2216404,0.0,0.0
2017-01-06,TCS.NS,1160.5,1164.675048828125,1128.550048828125,1140.699951171875,899.3378295898438,3009896,0.0,0.0
2017-01-09,TCS.NS,1137.5,1155.6500244140625,1128.5,1151.8499755859375,908.1286010742188,1854578,0.0,0.0
2017-01-10,TCS.NS,1152.0,1164.9000244140625,1145.75,1157.675048828125,912.7213745117188,1533914,0.0,0.0
2017-01-11,TCS.NS,1157.5,1164.800048828125,1140.0999755859375,1162.199951171875,916.28857421875,1931296,0.0,0.0
2017-01-12,TCS.NS,1162.199951171875,1180.0,1152.0,1172.175048828125,924.1531982421876,2570374,0.0,0.0
2017-01-13,TCS.NS,1174.0,1178.9749755859375,1118.925048828125,1124.6500244140625,886.68408203125,10235580,0.0,0.0
2017-01-16,TCS.NS,1125.0,1136.949951171875,1114.0,1129.2750244140625,890.33056640625,3364808,0.0,0.0
2017-01-17,TCS.NS,1127.449951171875,1143.9000244140625,1126.4000244140625,1139.375,898.2931518554688,3009956,0.0,0.0
2017-01-18,TCS.NS,1139.0,1149.0,1132.7249755859375,1147.550048828125,904.7387084960938,3136574,0.0,0.0
2017-01-19,TCS.NS,1147.5,1147.574951171875,1141.4749755859375,1145.5,903.1224365234376,2251676,0.0,0.0
2017-01-20,TCS.NS,1143.5,1150.0,1132.5,1142.675048828125,900.8950805664062,2037246,0.0,0.0
2017-01-23,TCS.NS,1132.5,1156.75,1129.9000244140625,1153.3499755859375,911.9051513671876,2318546,3.25,0.0
2017-01-24,TCS.NS,1152.0,1161.5,1145.0,1159.175048828125,916.5107421875,2282638,0.0,0.0
2017-01-25,TCS.NS,1161.300048828125,1180.0,1159.0250244140625,1176.5,930.2088012695312,4111648,0.0,0.0
2017-01-27,TCS.NS,1172.5250244140625,1189.375,1172.5250244140625,1178.9000244140625,932.1064453125,2871658,0.0,0.0
2017-01-30,TCS.NS,1170.5,1175.9749755859375,1159.074951171875,1166.449951171875,922.2626342773438,2577956,0.0,0.0
2017-01-31,TCS.NS,1160.0,1166.0250244140625,1100.0250244140625,1114.9000244140625,881.504150390625,4666804,0.0,0.0
2017-02-01,TCS.NS,1110.0,1119.9749755859375,1077.7750244140625,1083.949951171875,857.0333862304688,4864152,0.0,0.0
2017-02-02,TCS.NS,1085.0250244140625,1109.5,1076.5,1103.824951171875,872.7476196289062,6009482,0.0,0.0
2017-02-03,TCS.NS,1104.8499755859375,1121.5,1095.5,1116.2750244140625,882.5913696289062,2153372,0.0,0.0
2017-02-06,TCS.NS,1129.0,1129.25,1107.4749755859375,1120.375,885.8331298828125,2408910,0.0,0.0
2017-02-07,TCS.NS,1122.0,1126.300048828125,1113.0,1122.300048828125,887.3551635742188,1814638,0.0,0.0
2017-02-08,TCS.NS,1122.449951171875,1141.300048828125,1122.0250244140625,1135.4749755859375,897.7722778320312,2212584,0.0,0.0
2017-02-09,TCS.NS,1137.5,1164.0,1135.0999755859375,1158.6500244140625,916.0960083007812,4033202,0.0,0.0
2017-02-10,TCS.NS,1155.5,1212.2249755859375,1155.5,1198.9749755859375,947.978515625,5782160,0.0,0.0
2017-02-13,TCS.NS,1198.0,1214.5,1191.175048828125,1207.125,954.4227294921876,3819812,0.0,0.0
2017-02-14,TCS.NS,1209.824951171875,1209.824951171875,1199.0,1203.125,951.2604370117188,2033328,0.0,0.0
2017-02-15,TCS.NS,1198.5,1214.0,1187.550048828125,1206.8499755859375,954.2053833007812,1924972,0.0,0.0
2017-02-16,TCS.NS,1230.0,1239.0,1217.800048828125,1223.875,967.666259765625,4175680,0.0,0.0
2017-02-17,TCS.NS,1236.0,1237.800048828125,1201.0,1203.949951171875,951.9124145507812,2723324,0.0,0.0
2017-02-20,TCS.NS,1212.5,1277.5,1204.050048828125,1251.0999755859375,989.1917724609376,3973948,0.0,0.0
2017-02-21,TCS.NS,1257.0,1262.949951171875,1227.574951171875,1232.675048828125,974.6239624023438,5501112,0.0,0.0
2017-02-22,TCS.NS,1232.949951171875,1235.0,1200.074951171875,1205.75,953.335693359375,4505496,0.0,0.0
2017-02-23,TCS.NS,1207.5,1246.625,1207.5,1240.9000244140625,981.1273803710938,4853352,0.0,0.0
2017-02-27,TCS.NS,1239.550048828125,1251.0,1235.0250244140625,1244.925048828125,984.309814453125,2139892,0.0,0.0
2017-02-28,TCS.NS,1244.75,1245.0,1225.0,1233.125,974.97998046875,2354828,0.0,0.0
2017-03-01,TCS.NS,1239.949951171875,1250.949951171875,1235.0,1239.7750244140625,980.2376708984376,1130374,0.0,0.0
2017-03-02,TCS.NS,1243.3499755859375,1255.0,1235.0250244140625,1250.7249755859375,988.895263671875,1544942,0.0,0.0
2017-03-03,TCS.NS,1246.0,1249.8499755859375,1237.699951171875,1247.0250244140625,985.969970703125,1013970,0.0,0.0
2017-03-06,TCS.NS,1240.0,1242.0,1227.2750244140625,1236.25,977.4507446289062,1400694,0.0,0.0
2017-03-07,TCS.NS,1241.449951171875,1252.5,1237.5250244140625,1249.9000244140625,988.2431030273438,1511672,0.0,0.0
2017-03-08,TCS.NS,1251.0,1260.0,1246.0999755859375,1256.0999755859375,993.145263671875,1791510,0.0,0.0
2017-03-09,TCS.NS,1257.074951171875,1262.0,1252.0250244140625,1259.875,996.1296997070312,858468,0.0,0.0
2017-03-10,TCS.NS,1259.800048828125,1274.7750244140625,1256.9749755859375,1271.125,1005.024658203125,1171420,0.0,0.0
2017-03-14,TCS.NS,1278.4000244140625,1293.574951171875,1275.5250244140625,1283.75,1015.0068359375,3402294,0.0,0.0
2017-03-15,TCS.NS,1286.0,1286.074951171875,1246.925048828125,1249.1500244140625,987.6498413085938,3022496,0.0,0.0
2017-03-16,TCS.NS,1253.0,1263.5,1253.0,1260.449951171875,996.5848388671876,1571818,0.0,0.0
2017-03-17,TCS.NS,1273.0,1273.0,1254.875,1262.875,998.5015869140624,2593152,0.0,0.0
2017-03-20,TCS.NS,1262.9749755859375,1262.9749755859375,1233.0,1240.0,980.4158325195312,3487540,0.0,0.0
2017-03-21,TCS.NS,1241.0,1246.0,1232.5,1243.3499755859375,983.0643310546876,3373700,0.0,0.0
2017-03-22,TCS.NS,1240.074951171875,1248.0,1234.9749755859375,1239.4749755859375,980.0004272460938,1888716,0.0,0.0
2017-03-23,TCS.NS,1241.0,1242.5250244140625,1223.5999755859375,1230.175048828125,972.6470947265624,2620638,0.0,0.0
2017-03-24,TCS.NS,1234.9000244140625,1234.9000244140625,1211.6500244140625,1213.5999755859375,959.5424194335938,5099814,0.0,0.0
2017-03-27,TCS.NS,1213.4749755859375,1220.0,1203.0,1206.0250244140625,953.552978515625,2181270,0.0,0.0
2017-03-28,TCS.NS,1205.0,1221.699951171875,1205.0,1214.9749755859375,960.6292114257812,1153158,0.0,0.0
2017-03-29,TCS.NS,1218.0,1225.4000244140625,1212.800048828125,1222.300048828125,966.4208374023438,1717764,0.0,0.0
2017-03-30,TCS.NS,1222.449951171875,1232.5,1217.5,1220.5,964.9977416992188,2986086,0.0,0.0
2017-03-31,TCS.NS,1219.199951171875,1220.425048828125,1207.5,1215.9000244140625,961.3606567382812,1867044,0.0,0.0
2017-04-03,TCS.NS,1217.5,1217.5,1204.0999755859375,1205.8499755859375,953.4144897460938,1196888,0.0,0.0
2017-04-05,TCS.NS,1209.949951171875,1209.949951171875,1197.5,1200.625,949.2833251953124,2905568,0.0,0.0
2017-04-06,TCS.NS,1200.0,1205.0,1196.2750244140625,1200.0250244140625,948.8087768554688,1720704,0.0,0.0
2017-04-07,TCS.NS,1197.449951171875,1216.625,1196.074951171875,1214.5250244140625,960.2738647460938,2277012,0.0,0.0
2017-04-10,TCS.NS,1216.0,1224.5,1202.5,1211.125,957.5855712890624,2543264,0.0,0.0
2017-04-11,TCS.NS,1208.6500244140625,1221.550048828125,1203.0,1209.6500244140625,956.4190673828124,1557784,0.0,0.0
2017-04-12,TCS.NS,1211.25,1214.0,1191.5,1196.625,946.1207885742188,1050538,0.0,0.0
2017-04-13,TCS.NS,1200.0,1204.5,1160.5250244140625,1164.324951171875,920.58251953125,2500472,0.0,0.0
2017-04-17,TCS.NS,1165.199951171875,1166.449951171875,1147.574951171875,1157.425048828125,915.1271362304688,2270882,0.0,0.0
2017-04-18,TCS.NS,1165.0,1167.0999755859375,1151.0250244140625,1154.4000244140625,912.7356567382812,1730620,0.0,0.0
2017-04-19,TCS.NS,1131.75,1174.3499755859375,1126.4000244140625,1149.574951171875,908.9204711914062,5626812,0.0,0.0
2017-04-20,TCS.NS,1152.6500244140625,1166.0,1145.4749755859375,1162.75,919.3370971679688,1268842,0.0,0.0
2017-04-21,TCS.NS,1164.550048828125,1167.824951171875,1150.5,1155.4000244140625,913.5260620117188,1161154,0.0,0.0
2017-04-24,TCS.NS,1150.0,1169.824951171875,1141.25,1164.050048828125,920.3651123046876,2000020,0.0,0.0
2017-04-25,TCS.NS,1164.0,1172.2249755859375,1151.3499755859375,1155.75,913.802734375,3148710,0.0,0.0
2017-04-26,TCS.NS,1170.0,1171.9749755859375,1151.5250244140625,1155.175048828125,913.3478393554688,2187438,0.0,0.0
2017-04-27,TCS.NS,1153.0250244140625,1163.9000244140625,1138.824951171875,1151.324951171875,910.3040771484376,5773186,0.0,0.0
2017-04-28,TCS.NS,1147.0,1149.375,1134.0,1136.574951171875,898.6417846679688,2540510,0.0,0.0
2017-05-02,TCS.NS,1147.0,1151.0,1140.0,1144.949951171875,905.2634887695312,2382696,0.0,0.0
2017-05-03,TCS.NS,1147.5,1172.5,1134.25,1168.6500244140625,924.0022583007812,3514406,0.0,0.0
2017-05-04,TCS.NS,1174.9749755859375,1175.0,1154.4000244140625,1165.050048828125,921.15576171875,2708208,0.0,0.0
2017-05-05,TCS.NS,1154.0,1166.25,1151.25,1160.25,917.3607788085938,1682474,0.0,0.0
2017-05-08,TCS.NS,1160.5,1173.699951171875,1158.8499755859375,1171.2249755859375,926.0379638671876,1071782,0.0,0.0
2017-05-09,TCS.NS,1171.9749755859375,1180.5,1166.2750244140625,1176.2750244140625,930.0309448242188,1790270,0.0,0.0
2017-05-10,TCS.NS,1177.5,1178.074951171875,1158.0,1166.2249755859375,922.0847778320312,1206388,0.0,0.0
2017-05-11,TCS.NS,1173.6500244140625,1180.0,1161.375,1174.7249755859375,928.8052978515624,2071302,0.0,0.0
2017-05-12,TCS.NS,1171.6500244140625,1184.949951171875,1160.0250244140625,1180.324951171875,933.2328491210938,2314446,0.0,0.0
2017-05-15,TCS.NS,1187.550048828125,1188.9749755859375,1170.800048828125,1182.550048828125,934.9925537109376,1817604,0.0,0.0
2017-05-16,TCS.NS,1190.0,1217.5,1186.7249755859375,1214.574951171875,960.3131713867188,3601026,0.0,0.0
2017-05-17,TCS.NS,1216.75,1230.375,1211.5,1227.675048828125,970.6704711914062,2876198,0.0,0.0
2017-05-18,TCS.NS,1225.0,1286.0,1221.125,1268.0999755859375,1002.6331787109376,5138594,0.0,0.0
2017-05-19,TCS.NS,1268.0999755859375,1270.2750244140625,1243.0,1253.574951171875,991.148681640625,1786044,0.0,0.0
2017-05-22,TCS.NS,1255.0,1276.875,1255.0,1265.675048828125,1000.7158813476562,1663940,0.0,0.0
2017-05-23,TCS.NS,1266.5999755859375,1282.074951171875,1257.0,1260.8499755859375,996.9009399414062,2748596,0.0,0.0
2017-05-24,TCS.NS,1267.4000244140625,1285.0,1264.824951171875,1279.574951171875,1011.705810546875,2534548,0.0,0.0
2017-05-25,TCS.NS,1288.5,1318.7750244140625,1284.0,1312.300048828125,1037.580078125,4094094,0.0,0.0
2017-05-26,TCS.NS,1312.5,1313.425048828125,1282.324951171875,1289.125,1019.2562866210938,1362550,0.0,0.0
2017-05-29,TCS.NS,1289.5,1298.25,1282.0,1286.425048828125,1017.1220092773438,1749290,0.0,0.0
2017-05-30,TCS.NS,1280.0,1287.9749755859375,1262.5,1275.550048828125,1008.5238037109376,927634,0.0,0.0
2017-05-31,TCS.NS,1266.5,1286.25,1264.0,1273.300048828125,1006.7444458007812,2502730,0.0,0.0
2017-06-01,TCS.NS,1265.0,1282.0,1265.0,1276.800048828125,1009.5116577148438,1080064,0.0,0.0
2017-06-02,TCS.NS,1278.125,1295.925048828125,1276.25,1282.449951171875,1013.9788208007812,1355648,0.0,0.0
2017-06-05,TCS.NS,1282.5,1309.949951171875,1280.074951171875,1301.9749755859375,1029.416259765625,1500188,0.0,0.0
2017-06-06,TCS.NS,1315.5,1354.4749755859375,1315.0,1348.0,1065.8065185546875,5946720,0.0,0.0
2017-06-07,TCS.NS,1348.5,1350.0,1288.2750244140625,1307.625,1033.884033203125,4927776,0.0,0.0
2017-06-08,TCS.NS,1299.0,1302.4749755859375,1257.75,1260.800048828125,996.861328125,3330714,0.0,0.0
2017-06-09,TCS.NS,1260.0,1273.699951171875,1243.0,1253.5,991.089599609375,3148034,0.0,0.0
2017-06-12,TCS.NS,1248.5,1256.449951171875,1235.199951171875,1243.5999755859375,983.26171875,1626506,0.0,0.0
2017-06-13,TCS.NS,1232.5,1240.550048828125,1223.5,1225.7750244140625,980.0039672851562,1175414,13.75,0.0
2017-06-14,TCS.NS,1227.5,1238.0,1227.5,1235.0999755859375,987.4590454101562,1489142,0.0,0.0
2017-06-15,TCS.NS,1234.5,1234.8499755859375,1202.5,1205.5999755859375,963.8740844726562,2997198,0.0,0.0
2017-06-16,TCS.NS,1207.4749755859375,1217.5,1193.25,1199.8499755859375,959.2767333984376,2450426,0.0,0.0
2017-06-19,TCS.NS,1208.449951171875,1223.175048828125,1202.574951171875,1215.8499755859375,972.0689697265624,1644742,0.0,0.0
2017-06-20,TCS.NS,1215.5,1224.5,1190.1500244140625,1222.5,977.3856201171876,1670958,0.0,0.0
2017-06-21,TCS.NS,1220.0,1221.074951171875,1198.5999755859375,1203.1500244140625,961.9154663085938,1657818,0.0,0.0
2017-06-22,TCS.NS,1204.5,1215.5,1192.5,1197.425048828125,957.3384399414062,5775882,0.0,0.0
2017-06-23,TCS.NS,1199.699951171875,1206.9749755859375,1177.0,1180.8499755859375,944.0866088867188,1424756,0.0,0.0
2017-06-27,TCS.NS,1175.300048828125,1192.3499755859375,1165.800048828125,1171.425048828125,936.55126953125,1974330,0.0,0.0
2017-06-28,TCS.NS,1174.949951171875,1179.0,1167.5,1175.0250244140625,939.429443359375,1789726,0.0,0.0
2017-06-29,TCS.NS,1179.5,1186.0250244140625,1161.550048828125,1166.625,932.7135009765624,2471826,0.0,0.0
2017-06-30,TCS.NS,1162.199951171875,1188.5,1161.550048828125,1181.175048828125,944.34619140625,1753848,0.0,0.0
2017-07-03,TCS.NS,1178.699951171875,1191.5250244140625,1171.550048828125,1186.800048828125,948.8434448242188,1475956,0.0,0.0
2017-07-04,TCS.NS,1186.6500244140625,1190.2249755859375,1175.0250244140625,1183.425048828125,946.1453247070312,1215134,0.0,0.0
2017-07-05,TCS.NS,1180.4000244140625,1182.5,1172.5,1178.0,941.8081665039062,815856,0.0,0.0
2017-07-06,TCS.NS,1179.5,1180.949951171875,1170.050048828125,1173.7750244140625,938.4300537109376,1026788,0.0,0.0
2017-07-07,TCS.NS,1175.0,1178.2249755859375,1162.75,1165.9749755859375,932.1941528320312,1232090,0.0,0.0
2017-07-10,TCS.NS,1203.0,1222.449951171875,1189.4749755859375,1217.4749755859375,973.3681030273438,783608,0.0,0.0
2017-07-11,TCS.NS,1213.0,1257.4000244140625,1213.0,1237.9000244140625,989.697998046875,3537504,0.0,0.0
2017-07-12,TCS.NS,1241.25,1241.6500244140625,1215.050048828125,1219.7249755859375,975.1669921875,2646450,0.0,0.0
2017-07-13,TCS.NS,1222.5,1236.0,1213.300048828125,1223.199951171875,977.9451904296876,3131960,0.0,0.0
2017-07-14,TCS.NS,1191.5,1212.5,1187.5,1198.7249755859375,958.3773193359376,4508432,0.0,0.0
2017-07-17,TCS.NS,1198.8499755859375,1211.050048828125,1191.0999755859375,1197.7249755859375,957.5779418945312,2211822,0.0,0.0
2017-07-18,TCS.NS,1198.074951171875,1221.5,1198.074951171875,1204.175048828125,962.734619140625,1908002,0.0,0.0
2017-07-19,TCS.NS,1207.75,1230.0,1207.550048828125,1224.800048828125,979.2246704101562,3915576,0.0,0.0
2017-07-20,TCS.NS,1224.625,1228.449951171875,1215.25,1222.3499755859375,977.2659301757812,1182504,0.0,0.0
2017-07-21,TCS.NS,1217.449951171875,1250.0,1217.2750244140625,1245.5999755859375,995.85400390625,2148416,0.0,0.0
2017-07-24,TCS.NS,1241.0,1270.0,1241.0,1265.3499755859375,1014.49462890625,2271402,3.5,0.0
2017-07-25,TCS.NS,1262.875,1290.0,1259.199951171875,1285.75,1030.8502197265625,2678832,0.0,0.0
2017-07-26,TCS.NS,1280.0,1287.5,1273.5,1278.0,1024.63671875,1459826,0.0,0.0
2017-07-27,TCS.NS,1271.0999755859375,1292.4000244140625,1233.25,1240.8499755859375,994.8518676757812,4255304,0.0,0.0
2017-07-28,TCS.NS,1240.5,1246.5250244140625,1221.0,1242.1500244140625,995.8941040039062,1382752,0.0,0.0
2017-07-31,TCS.NS,1235.5,1259.5,1231.5,1245.9000244140625,998.9008178710938,2019662,0.0,0.0
2017-08-01,TCS.NS,1250.0,1260.375,1245.5,1250.824951171875,1002.8494873046876,1747460,0.0,0.0
2017-08-02,TCS.NS,1250.0,1254.0,1231.0,1236.9000244140625,991.6851806640624,1251024,0.0,0.0
2017-08-03,TCS.NS,1240.0,1251.0,1233.2249755859375,1244.7249755859375,997.958740234375,1882548,0.0,0.0
2017-08-04,TCS.NS,1245.4000244140625,1264.1500244140625,1244.0,1261.4000244140625,1011.3276977539062,1387890,0.0,0.0
2017-08-07,TCS.NS,1258.25,1260.0,1240.5999755859375,1251.7249755859375,1003.5706176757812,1885520,0.0,0.0
2017-08-08,TCS.NS,1256.0,1264.300048828125,1248.1500244140625,1251.5250244140625,1003.4104614257812,1073958,0.0,0.0
2017-08-09,TCS.NS,1250.0,1261.425048828125,1246.6500244140625,1256.0,1006.998291015625,992946,0.0,0.0
2017-08-10,TCS.NS,1254.5,1260.300048828125,1243.175048828125,1255.7249755859375,1006.77783203125,1526172,0.0,0.0
2017-08-11,TCS.NS,1249.949951171875,1267.5,1241.5,1248.0250244140625,1000.6044311523438,1394736,0.0,0.0
2017-08-14,TCS.NS,1251.5,1254.949951171875,1231.5,1234.699951171875,989.9207153320312,786504,0.0,0.0
2017-08-16,TCS.NS,1242.0,1271.9000244140625,1232.5999755859375,1246.175048828125,999.1211547851562,1373340,0.0,0.0
2017-08-17,TCS.NS,1250.3499755859375,1252.5,1231.050048828125,1242.824951171875,996.4351806640624,1752374,0.0,0.0
2017-08-18,TCS.NS,1237.0,1274.949951171875,1235.699951171875,1256.9000244140625,1007.7196655273438,2837356,0.0,0.0
2017-08-21,TCS.NS,1252.75,1274.5,1247.1500244140625,1264.4000244140625,1013.733154296875,2304834,0.0,0.0
2017-08-22,TCS.NS,1261.5,1269.75,1246.0,1248.7750244140625,1001.2056274414062,1131326,0.0,0.0
2017-08-23,TCS.NS,1252.5,1258.4000244140625,1236.574951171875,1244.7249755859375,997.958740234375,1562272,0.0,0.0
2017-08-24,TCS.NS,1248.8499755859375,1258.9749755859375,1243.074951171875,1248.300048828125,1000.8247680664062,1623908,0.0,0.0
2017-08-28,TCS.NS,1252.300048828125,1252.699951171875,1230.5,1243.6500244140625,997.0967407226562,2036796,0.0,0.0
2017-08-29,TCS.NS,1241.0,1248.0,1231.9749755859375,1235.425048828125,990.5023803710938,1312602,0.0,0.0
2017-08-30,TCS.NS,1240.5,1245.0,1230.050048828125,1242.2750244140625,995.9945068359376,970782,0.0,0.0
2017-08-31,TCS.NS,1242.5,1252.199951171875,1233.324951171875,1248.175048828125,1000.7244873046876,1784664,0.0,0.0
2017-09-01,TCS.NS,1240.0,1249.0250244140625,1218.2750244140625,1228.2249755859375,984.7301635742188,1702330,0.0,0.0
2017-09-04,TCS.NS,1226.550048828125,1230.5,1219.0,1228.0999755859375,984.6292724609376,1062544,0.0,0.0
2017-09-05,TCS.NS,1230.0,1245.0,1218.5250244140625,1242.175048828125,995.9141235351562,1165994,0.0,0.0
2017-09-06,TCS.NS,1234.074951171875,1237.425048828125,1225.0,1226.5999755859375,983.4268188476562,1228764,0.0,0.0
2017-09-07,TCS.NS,1229.0,1234.199951171875,1225.5250244140625,1230.050048828125,986.1929321289062,870636,0.0,0.0
2017-09-08,TCS.NS,1226.875,1237.0,1226.2750244140625,1235.300048828125,990.40234375,1021134,0.0,0.0
2017-09-11,TCS.NS,1235.5999755859375,1241.4749755859375,1225.0,1227.2249755859375,983.9280395507812,732764,0.0,0.0
2017-09-12,TCS.NS,1236.949951171875,1248.5,1228.5,1244.2249755859375,997.557861328125,1396460,0.0,0.0
2017-09-13,TCS.NS,1250.0,1265.824951171875,1237.5999755859375,1244.5999755859375,997.8582763671876,1278980,0.0,0.0
2017-09-14,TCS.NS,1241.0,1248.800048828125,1235.949951171875,1243.4749755859375,996.9562377929688,1081510,0.0,0.0
2017-09-15,TCS.NS,1249.5,1258.5,1242.5,1253.0250244140625,1004.613037109375,2944072,0.0,0.0
2017-09-18,TCS.NS,1252.4749755859375,1259.4749755859375,1244.625,1249.5250244140625,1001.8068237304688,726600,0.0,0.0
2017-09-19,TCS.NS,1252.5,1252.5,1245.75,1249.125,1001.4863891601562,782754,0.0,0.0
2017-09-20,TCS.NS,1257.0,1257.0,1237.1500244140625,1246.7750244140625,999.6024780273438,1334642,0.0,0.0
2017-09-21,TCS.NS,1245.5250244140625,1270.5,1240.0,1262.449951171875,1012.1695556640624,2438740,0.0,0.0
2017-09-22,TCS.NS,1259.949951171875,1263.449951171875,1246.0,1251.800048828125,1003.6309204101562,2435396,0.0,0.0
2017-09-25,TCS.NS,1248.2750244140625,1267.0,1246.375,1255.375,1006.4976806640624,1599558,0.0,0.0
2017-09-26,TCS.NS,1255.0,1263.199951171875,1233.0,1237.324951171875,992.0257568359376,1449230,0.0,0.0
2017-09-27,TCS.NS,1245.0,1256.0999755859375,1236.875,1247.5,1000.1834716796876,2010356,0.0,0.0
2017-09-28,TCS.NS,1247.3499755859375,1257.0,1226.0,1238.2249755859375,992.747314453125,4332866,0.0,0.0
2017-09-29,TCS.NS,1239.5,1242.0,1210.75,1217.9749755859375,976.5115966796876,1985014,0.0,0.0
2017-10-03,TCS.NS,1220.0,1227.1500244140625,1213.5250244140625,1224.2249755859375,981.5223999023438,1923006,0.0,0.0
2017-10-04,TCS.NS,1224.800048828125,1227.0,1212.5,1221.1500244140625,979.0573120117188,1300778,0.0,0.0
2017-10-05,TCS.NS,1220.5,1221.7249755859375,1212.199951171875,1214.800048828125,973.9663696289062,1684686,0.0,0.0
2017-10-06,TCS.NS,1215.0,1227.5,1214.0250244140625,1223.324951171875,980.80126953125,1389188,0.0,0.0
2017-10-09,TCS.NS,1220.5250244140625,1233.9749755859375,1220.5250244140625,1227.050048828125,983.78759765625,1773616,0.0,0.0
2017-10-10,TCS.NS,1227.5,1234.9749755859375,1225.625,1229.625,985.8522338867188,1222010,0.0,0.0
2017-10-11,TCS.NS,1230.0,1257.2249755859375,1228.375,1250.175048828125,1002.328369140625,1527746,0.0,0.0
2017-10-12,TCS.NS,1256.5,1277.5,1253.5,1274.0999755859375,1021.510009765625,5006356,0.0,0.0
2017-10-13,TCS.NS,1274.0999755859375,1304.4749755859375,1261.5,1279.300048828125,1025.67919921875,4066320,0.0,0.0
2017-10-16,TCS.NS,1277.5250244140625,1295.0,1277.5250244140625,1292.199951171875,1036.0216064453125,1218590,0.0,0.0
2017-10-17,TCS.NS,1292.5,1307.4749755859375,1288.7750244140625,1297.2750244140625,1040.09033203125,1443016,0.0,0.0
2017-10-18,TCS.NS,1297.5,1306.824951171875,1290.0,1293.300048828125,1036.90380859375,1514144,0.0,0.0
2017-10-19,TCS.NS,1296.0,1297.9000244140625,1285.5,1291.949951171875,1035.821044921875,86822,0.0,0.0
2017-10-23,TCS.NS,1292.0,1314.5,1273.7249755859375,1293.949951171875,1037.4246826171875,1886088,0.0,0.0
2017-10-24,TCS.NS,1310.0,1310.449951171875,1284.5250244140625,1289.199951171875,1033.6163330078125,1339020,0.0,0.0
2017-10-25,TCS.NS,1289.25,1307.0,1277.5,1279.949951171875,1028.9937744140625,1105106,3.5,0.0
2017-10-26,TCS.NS,1267.550048828125,1284.574951171875,1258.949951171875,1269.425048828125,1020.5322875976562,3007552,0.0,0.0
2017-10-27,TCS.NS,1269.0,1296.574951171875,1265.1500244140625,1292.1500244140625,1038.802001953125,1409270,0.0,0.0
2017-10-30,TCS.NS,1293.0,1310.0,1290.8499755859375,1308.0999755859375,1051.62451171875,1137252,0.0,0.0
2017-10-31,TCS.NS,1300.6500244140625,1320.0,1300.6500244140625,1312.0,1054.7601318359375,1592634,0.0,0.0
2017-11-01,TCS.NS,1312.0,1313.425048828125,1289.425048828125,1301.425048828125,1046.2581787109375,741882,0.0,0.0
2017-11-02,TCS.NS,1304.25,1337.0,1303.375,1313.074951171875,1055.6240234375,1468422,0.0,0.0
2017-11-03,TCS.NS,1316.199951171875,1318.3499755859375,1301.4000244140625,1310.050048828125,1053.1925048828125,666886,0.0,0.0
2017-11-06,TCS.NS,1310.0,1335.9000244140625,1305.875,1332.7750244140625,1071.46142578125,1377000,0.0,0.0
2017-11-07,TCS.NS,1335.0,1384.0,1333.0250244140625,1355.0250244140625,1089.348876953125,2696892,0.0,0.0
2017-11-08,TCS.NS,1361.5,1379.5,1359.125,1367.5,1099.378173828125,1402252,0.0,0.0
2017-11-09,TCS.NS,1375.0,1375.0,1359.6500244140625,1368.199951171875,1099.940673828125,1152432,0.0,0.0
2017-11-10,TCS.NS,1361.0999755859375,1363.0,1346.675048828125,1354.375,1088.8265380859375,1356566,0.0,0.0
2017-11-13,TCS.NS,1351.0250244140625,1388.699951171875,1351.0250244140625,1379.4749755859375,1109.0054931640625,1496996,0.0,0.0
2017-11-14,TCS.NS,1378.2750244140625,1378.2750244140625,1353.75,1357.300048828125,1091.17822265625,1657252,0.0,0.0
2017-11-15,TCS.NS,1353.0,1377.5,1350.675048828125,1352.6500244140625,1087.439697265625,6670834,0.0,0.0
2017-11-16,TCS.NS,1355.0,1381.5,1343.4749755859375,1373.324951171875,1104.0611572265625,1653482,0.0,0.0
2017-11-17,TCS.NS,1374.050048828125,1374.050048828125,1351.800048828125,1353.6500244140625,1088.244140625,1325464,0.0,0.0
2017-11-20,TCS.NS,1357.5,1363.449951171875,1347.6500244140625,1351.7249755859375,1086.6962890625,1014498,0.0,0.0
2017-11-21,TCS.NS,1350.5,1350.5,1333.0,1336.4749755859375,1074.4361572265625,1527740,0.0,0.0
2017-11-22,TCS.NS,1336.5,1354.8499755859375,1336.199951171875,1340.324951171875,1077.53125,1822624,0.0,0.0
2017-11-23,TCS.NS,1340.5,1346.5,1334.5,1340.625,1077.7723388671875,793470,0.0,0.0
2017-11-24,TCS.NS,1341.0,1351.449951171875,1336.550048828125,1344.0250244140625,1080.505859375,2287512,0.0,0.0
2017-11-27,TCS.NS,1344.0,1347.949951171875,1331.0999755859375,1342.925048828125,1079.621337890625,1856786,0.0,0.0
2017-11-28,TCS.NS,1343.0,1351.199951171875,1335.0,1342.6500244140625,1079.400390625,911716,0.0,0.0
2017-11-29,TCS.NS,1338.75,1346.5,1325.0,1329.074951171875,1068.4869384765625,1447532,0.0,0.0
2017-11-30,TCS.NS,1326.824951171875,1333.4749755859375,1311.5,1318.5,1059.9854736328125,4299962,0.0,0.0
2017-12-01,TCS.NS,1317.5,1334.0,1310.75,1314.9749755859375,1057.1517333984375,1031144,0.0,0.0
2017-12-04,TCS.NS,1311.0,1329.25,1301.4749755859375,1316.175048828125,1058.1163330078125,1259104,0.0,0.0
2017-12-05,TCS.NS,1315.5,1325.8499755859375,1314.074951171875,1317.7750244140625,1059.4027099609375,1167914,0.0,0.0
2017-12-06,TCS.NS,1318.0,1322.5,1306.425048828125,1316.6500244140625,1058.498291015625,1407518,0.0,0.0
2017-12-07,TCS.NS,1316.1500244140625,1322.9749755859375,1307.5,1308.625,1052.0469970703125,1326300,0.0,0.0
2017-12-08,TCS.NS,1309.0,1322.5,1298.5,1300.75,1045.7156982421875,1385548,0.0,0.0
2017-12-11,TCS.NS,1304.175048828125,1336.324951171875,1304.175048828125,1330.550048828125,1069.6729736328125,1008002,0.0,0.0
2017-12-12,TCS.NS,1330.5,1331.0,1303.699951171875,1306.074951171875,1049.99658203125,1882246,0.0,0.0
2017-12-13,TCS.NS,1305.699951171875,1325.7249755859375,1300.5,1314.199951171875,1056.528564453125,2961458,0.0,0.0
2017-12-14,TCS.NS,1316.0,1316.0,1265.550048828125,1278.9000244140625,1028.1497802734375,5504150,0.0,0.0
2017-12-15,TCS.NS,1281.875,1292.2249755859375,1268.425048828125,1272.800048828125,1023.2457275390624,2718138,0.0,0.0
2017-12-18,TCS.NS,1268.5,1294.4749755859375,1247.175048828125,1290.25,1037.2745361328125,2180664,0.0,0.0
2017-12-19,TCS.NS,1288.0,1298.9000244140625,1282.3499755859375,1287.6500244140625,1035.18408203125,1801952,0.0,0.0
2017-12-20,TCS.NS,1291.0,1296.375,1275.324951171875,1294.4749755859375,1040.6710205078125,1577570,0.0,0.0
2017-12-21,TCS.NS,1293.5,1304.0,1290.0250244140625,1297.8499755859375,1043.3841552734375,1293648,0.0,0.0
2017-12-22,TCS.NS,1302.0,1331.949951171875,1295.0999755859375,1323.375,1063.9049072265625,3665664,0.0,0.0
2017-12-26,TCS.NS,1343.0,1344.875,1315.800048828125,1324.7249755859375,1064.9901123046875,2175786,0.0,0.0
2017-12-27,TCS.NS,1324.7249755859375,1329.25,1305.25,1309.949951171875,1053.1116943359375,739284,0.0,0.0
2017-12-28,TCS.NS,1304.4000244140625,1326.75,1302.824951171875,1313.4749755859375,1055.9456787109375,2605088,0.0,0.0
2017-12-29,TCS.NS,1311.550048828125,1354.449951171875,1309.2750244140625,1350.5999755859375,1085.791748046875,2609542,0.0,0.0
2018-01-02,TCS.NS,1330.0,1334.800048828125,1310.0999755859375,1315.5999755859375,1057.654052734375,1920290,0.0,0.0
2018-01-03,TCS.NS,1316.0,1334.5,1315.5999755859375,1319.324951171875,1060.648681640625,1257120,0.0,0.0
2018-01-04,TCS.NS,1325.0,1331.0,1320.0,1328.550048828125,1068.0650634765625,913082,0.0,0.0
2018-01-05,TCS.NS,1325.0,1349.75,1325.0,1344.5999755859375,1080.968017578125,1153706,0.0,0.0
2018-01-08,TCS.NS,1350.0,1363.425048828125,1340.925048828125,1357.199951171875,1091.09765625,1242220,0.0,0.0
2018-01-09,TCS.NS,1357.5,1360.5,1338.2750244140625,1354.5,1088.9271240234375,2149396,0.0,0.0
2018-01-10,TCS.NS,1355.5,1408.0,1347.324951171875,1403.300048828125,1128.1585693359375,3365850,0.0,0.0
2018-01-11,TCS.NS,1405.0,1410.949951171875,1391.0999755859375,1395.25,1121.6875,2520744,0.0,0.0
2018-01-12,TCS.NS,1402.5,1402.5,1370.2750244140625,1388.175048828125,1115.9993896484375,3360314,0.0,0.0
2018-01-15,TCS.NS,1388.574951171875,1404.0,1367.5250244140625,1373.050048828125,1103.83984375,1457214,0.0,0.0
2018-01-16,TCS.NS,1378.0,1430.824951171875,1375.2750244140625,1425.425048828125,1145.9459228515625,4267752,0.0,0.0
2018-01-17,TCS.NS,1435.0,1462.5,1431.074951171875,1444.4749755859375,1161.2613525390625,4280806,0.0,0.0
2018-01-18,TCS.NS,1448.5,1466.5,1434.0250244140625,1459.0999755859375,1173.0185546875,2209478,0.0,0.0
2018-01-19,TCS.NS,1465.2750244140625,1491.0,1451.824951171875,1479.6500244140625,1189.53955078125,1820000,0.0,0.0
2018-01-22,TCS.NS,1480.5,1567.3499755859375,1461.0,1558.199951171875,1255.6583251953125,4367110,3.5,0.0
2018-01-23,TCS.NS,1557.4749755859375,1571.175048828125,1545.0250244140625,1551.0,1249.856201171875,3239610,0.0,0.0
2018-01-24,TCS.NS,1545.0,1629.5250244140625,1541.324951171875,1587.300048828125,1279.108154296875,5621538,0.0,0.0
2018-01-25,TCS.NS,1587.5,1589.9000244140625,1540.5,1560.5250244140625,1257.5318603515625,3833844,0.0,0.0
2018-01-29,TCS.NS,1565.699951171875,1612.5,1561.0,1599.425048828125,1288.879150390625,3141060,0.0,0.0
2018-01-30,TCS.NS,1590.0,1601.9000244140625,1571.8499755859375,1576.425048828125,1270.3450927734375,1574758,0.0,0.0
2018-01-31,TCS.NS,1568.5,1575.0,1549.300048828125,1556.175048828125,1254.0264892578125,3043214,0.0,0.0
2018-02-01,TCS.NS,1562.0,1595.0,1544.4000244140625,1569.300048828125,1264.60302734375,2400630,0.0,0.0
2018-02-02,TCS.NS,1560.0,1595.0,1551.7249755859375,1576.824951171875,1270.6668701171875,2456490,0.0,0.0
2018-02-05,TCS.NS,1555.0,1594.0,1538.425048828125,1551.5999755859375,1250.33984375,2757742,0.0,0.0
2018-02-06,TCS.NS,1505.0,1538.574951171875,1492.5,1498.625,1207.6502685546875,2657306,0.0,0.0
2018-02-07,TCS.NS,1513.5,1515.5,1473.7249755859375,1477.5250244140625,1190.6474609375,2180324,0.0,0.0
2018-02-08,TCS.NS,1489.875,1513.800048828125,1479.5,1487.0999755859375,1198.3634033203125,2755004,0.0,0.0
2018-02-09,TCS.NS,1475.0,1497.0,1448.324951171875,1485.8499755859375,1197.35595703125,2102458,0.0,0.0
2018-02-12,TCS.NS,1489.1500244140625,1511.675048828125,1477.7750244140625,1483.6500244140625,1195.5831298828125,1974562,0.0,0.0
2018-02-14,TCS.NS,1485.0,1487.2249755859375,1446.25,1455.9000244140625,1173.220703125,2847532,0.0,0.0
2018-02-15,TCS.NS,1465.9749755859375,1471.5,1452.550048828125,1462.925048828125,1178.882080078125,2465236,0.0,0.0
2018-02-16,TCS.NS,1461.5,1499.800048828125,1461.5,1466.5250244140625,1181.7828369140625,2515756,0.0,0.0
2018-02-19,TCS.NS,1472.5,1476.6500244140625,1447.5999755859375,1461.800048828125,1177.9752197265625,1568224,0.0,0.0
2018-02-20,TCS.NS,1464.0,1492.5250244140625,1463.949951171875,1472.375,1186.4970703125,1889068,0.0,0.0
2018-02-21,TCS.NS,1487.0,1531.300048828125,1480.0250244140625,1521.1500244140625,1225.802001953125,3089228,0.0,0.0
2018-02-22,TCS.NS,1526.0,1539.5,1511.25,1525.0999755859375,1228.985107421875,3463010,0.0,0.0
2018-02-23,TCS.NS,1525.0,1544.5,1496.050048828125,1537.9000244140625,1239.2999267578125,3362500,0.0,0.0
2018-02-26,TCS.NS,1537.5,1544.9749755859375,1510.5999755859375,1515.8499755859375,1221.530517578125,1363882,0.0,0.0
2018-02-27,TCS.NS,1520.5,1539.2750244140625,1516.0,1521.175048828125,1225.8223876953125,1717800,0.0,0.0
2018-02-28,TCS.NS,1517.5,1531.9749755859375,1510.7249755859375,1517.5250244140625,1222.88037109375,2706864,0.0,0.0
2018-03-01,TCS.NS,1524.5,1530.5999755859375,1510.0,1518.8499755859375,1223.948486328125,1718124,0.0,0.0
2018-03-05,TCS.NS,1524.5,1556.824951171875,1516.4749755859375,1552.925048828125,1251.4073486328125,2858168,0.0,0.0
2018-03-06,TCS.NS,1561.0,1563.5,1515.074951171875,1521.4000244140625,1226.00341796875,1906764,0.0,0.0
2018-03-07,TCS.NS,1535.0,1544.5,1509.25,1513.7249755859375,1219.818603515625,1917772,0.0,0.0
2018-03-08,TCS.NS,1527.449951171875,1527.449951171875,1493.75,1501.9749755859375,1210.349853515625,1951826,0.0,0.0
2018-03-09,TCS.NS,1502.5,1531.5999755859375,1488.5999755859375,1517.050048828125,1222.497802734375,1872436,0.0,0.0
2018-03-12,TCS.NS,1521.5,1541.949951171875,1517.75,1526.074951171875,1229.770751953125,2091340,0.0,0.0
2018-03-13,TCS.NS,1462.449951171875,1469.8499755859375,1436.0,1443.4000244140625,1163.147705078125,88067154,0.0,0.0
2018-03-14,TCS.NS,1446.4749755859375,1461.5250244140625,1437.5250244140625,1443.449951171875,1163.18798828125,3668668,0.0,0.0
2018-03-15,TCS.NS,1447.5,1451.2750244140625,1427.800048828125,1434.8499755859375,1156.2578125,2348906,0.0,0.0
2018-03-16,TCS.NS,1434.4000244140625,1436.0,1402.5,1412.8499755859375,1138.529296875,7197482,0.0,0.0
2018-03-19,TCS.NS,1414.5,1424.0,1410.0,1415.5,1140.665283203125,3489940,0.0,0.0
2018-03-20,TCS.NS,1410.0,1436.5999755859375,1409.5,1432.425048828125,1154.3035888671875,4024984,0.0,0.0
2018-03-21,TCS.NS,1436.25,1442.1500244140625,1425.0,1428.375,1151.040283203125,3907678,0.0,0.0
2018-03-22,TCS.NS,1429.9749755859375,1437.9749755859375,1411.2750244140625,1415.675048828125,1140.805908203125,2326094,0.0,0.0
2018-03-23,TCS.NS,1401.0,1417.050048828125,1399.0250244140625,1409.074951171875,1135.487548828125,3654122,0.0,0.0
2018-03-26,TCS.NS,1409.5,1413.699951171875,1390.7750244140625,1408.5,1135.0244140625,2964210,0.0,0.0
2018-03-27,TCS.NS,1412.5,1431.5,1411.5250244140625,1423.8499755859375,1147.39404296875,2494574,0.0,0.0
2018-03-28,TCS.NS,1417.949951171875,1437.5,1412.5,1424.574951171875,1147.9776611328125,6865654,0.0,0.0
2018-04-02,TCS.NS,1420.0,1457.0,1420.0,1454.824951171875,1172.3544921875,1662988,0.0,0.0
2018-04-03,TCS.NS,1446.050048828125,1464.949951171875,1446.050048828125,1455.625,1172.99951171875,1937290,0.0,0.0
2018-04-04,TCS.NS,1464.7249755859375,1467.0,1446.0,1455.449951171875,1172.8585205078125,2841820,0.0,0.0
2018-04-05,TCS.NS,1463.2750244140625,1481.875,1460.175048828125,1478.9749755859375,1191.8160400390625,1809424,0.0,0.0
2018-04-06,TCS.NS,1477.0,1480.0,1463.2750244140625,1475.1500244140625,1188.7335205078125,1129018,0.0,0.0
2018-04-09,TCS.NS,1469.8499755859375,1481.75,1457.5,1461.949951171875,1178.0960693359375,1235866,0.0,0.0
2018-04-10,TCS.NS,1462.8499755859375,1478.625,1462.8499755859375,1468.800048828125,1183.6163330078125,1184532,0.0,0.0
2018-04-11,TCS.NS,1475.300048828125,1512.5,1472.800048828125,1507.074951171875,1214.4598388671875,3124416,0.0,0.0
2018-04-12,TCS.NS,1505.0,1575.0,1503.9749755859375,1569.625,1264.8646240234375,6114360,0.0,0.0
2018-04-13,TCS.NS,1575.0,1620.4000244140625,1566.050048828125,1576.6500244140625,1270.526123046875,8179118,0.0,0.0
2018-04-16,TCS.NS,1558.0,1599.9749755859375,1555.375,1593.824951171875,1284.3662109375,6270274,0.0,0.0
2018-04-17,TCS.NS,1593.824951171875,1597.4749755859375,1573.5999755859375,1583.300048828125,1275.884765625,3301724,0.0,0.0
2018-04-18,TCS.NS,1583.0,1596.7249755859375,1572.925048828125,1579.550048828125,1272.863037109375,2433066,0.0,0.0
2018-04-19,TCS.NS,1589.949951171875,1608.5999755859375,1582.875,1595.574951171875,1285.776611328125,4820952,0.0,0.0
2018-04-20,TCS.NS,1625.0,1711.175048828125,1620.0,1701.2249755859375,1370.9132080078125,18465662,0.0,0.0
2018-04-23,TCS.NS,1712.0,1778.949951171875,1694.7750244140625,1704.324951171875,1373.4114990234375,15185910,0.0,0.0
2018-04-24,TCS.NS,1705.0,1721.574951171875,1671.25,1692.824951171875,1364.14453125,8314336,0.0,0.0
2018-04-25,TCS.NS,1692.5,1741.5,1682.5250244140625,1735.125,1398.2315673828125,8196574,0.0,0.0
2018-04-26,TCS.NS,1733.5,1780.0,1733.5,1769.625,1426.0328369140625,12135034,0.0,0.0
2018-04-27,TCS.NS,1762.5,1772.0,1710.0,1725.9749755859375,1390.858154296875,4501330,0.0,0.0
2018-04-30,TCS.NS,1725.9749755859375,1774.5,1718.800048828125,1766.050048828125,1423.152099609375,3458558,0.0,0.0
2018-05-02,TCS.NS,1765.25,1766.0999755859375,1735.6500244140625,1749.875,1410.11767578125,3158046,0.0,0.0
2018-05-03,TCS.NS,1754.9000244140625,1763.0,1735.199951171875,1740.925048828125,1402.9052734375,3761550,0.0,0.0
2018-05-04,TCS.NS,1746.0,1748.5,1735.0,1740.375,1402.462158203125,2347244,0.0,0.0
2018-05-07,TCS.NS,1745.0,1745.0,1705.449951171875,1710.4749755859375,1378.3675537109375,3484426,0.0,0.0
2018-05-08,TCS.NS,1717.3499755859375,1743.25,1698.3499755859375,1720.5999755859375,1386.5264892578125,2992820,0.0,0.0
2018-05-09,TCS.NS,1720.0999755859375,1747.375,1720.0999755859375,1744.6500244140625,1405.90673828125,2615050,0.0,0.0
2018-05-10,TCS.NS,1751.4749755859375,1755.574951171875,1720.0999755859375,1725.625,1390.5758056640625,3858678,0.0,0.0
2018-05-11,TCS.NS,1727.0999755859375,1742.5,1721.25,1728.4749755859375,1392.8724365234375,2627876,0.0,0.0
2018-05-14,TCS.NS,1728.5,1735.5,1705.4000244140625,1716.7750244140625,1383.4442138671875,2433894,0.0,0.0
2018-05-15,TCS.NS,1725.0,1747.9000244140625,1716.8499755859375,1741.199951171875,1403.1268310546875,1952890,0.0,0.0
2018-05-16,TCS.NS,1739.9749755859375,1754.5,1737.625,1746.949951171875,1407.760498046875,1648450,0.0,0.0
2018-05-17,TCS.NS,1756.4749755859375,1766.574951171875,1738.0,1745.9000244140625,1406.9144287109375,2968048,0.0,0.0
2018-05-18,TCS.NS,1740.4000244140625,1758.8499755859375,1729.0,1751.0250244140625,1411.044189453125,1874996,0.0,0.0
2018-05-21,TCS.NS,1764.3499755859375,1796.0,1759.0250244140625,1778.375,1433.083984375,3446178,0.0,0.0
2018-05-22,TCS.NS,1779.0,1787.4749755859375,1746.8499755859375,1754.449951171875,1413.80419921875,1857416,0.0,0.0
2018-05-23,TCS.NS,1762.5,1772.5,1740.5,1747.550048828125,1408.2437744140625,1507298,0.0,0.0
2018-05-24,TCS.NS,1755.0,1807.5,1751.175048828125,1801.8499755859373,1452.0009765625,2962316,0.0,0.0
2018-05-25,TCS.NS,1812.5,1837.4000244140625,1786.2750244140625,1792.9000244140625,1444.788818359375,3769772,0.0,0.0
2018-05-28,TCS.NS,1808.25,1808.25,1743.0,1751.0250244140625,1411.044189453125,3716798,0.0,0.0
2018-05-29,TCS.NS,1764.949951171875,1772.0,1744.0,1761.75,1419.6866455078125,3525312,0.0,0.0
2018-05-30,TCS.NS,1754.5250244140625,1766.5,1741.25,1757.050048828125,1415.8992919921875,3779106,0.0,0.0
2018-05-31,TCS.NS,1734.0,1759.050048828125,1726.0999755859375,1741.050048828125,1414.6806640625,5049371,14.5,2.0
2018-06-01,TCS.NS,1754.0,1757.5,1716.300048828125,1732.449951171875,1407.692626953125,1603856,0.0,0.0
2018-06-04,TCS.NS,1745.0,1749.0,1712.5999755859375,1744.25,1417.280517578125,1681483,0.0,0.0
2018-06-05,TCS.NS,1744.0,1751.9000244140625,1711.1500244140625,1721.5999755859375,1398.8765869140625,2449568,0.0,0.0
2018-06-06,TCS.NS,1723.0,1734.9000244140625,1715.199951171875,1725.75,1402.248779296875,2236512,0.0,0.0
2018-06-07,TCS.NS,1725.0,1749.0,1723.800048828125,1735.550048828125,1410.211669921875,2414762,0.0,0.0
2018-06-08,TCS.NS,1735.0,1757.300048828125,1735.0,1747.0999755859375,1419.59619140625,2582138,0.0,0.0
2018-06-11,TCS.NS,1747.0999755859375,1763.0,1743.0,1749.699951171875,1421.7093505859375,2179378,0.0,0.0
2018-06-12,TCS.NS,1757.0,1785.0,1753.0,1781.0,1447.1416015625,4608875,0.0,0.0
2018-06-13,TCS.NS,1816.0,1831.6500244140625,1798.0,1824.0999755859373,1482.1624755859375,5370983,0.0,0.0
2018-06-14,TCS.NS,1830.0,1832.300048828125,1784.0,1787.550048828125,1452.4637451171875,3819998,0.0,0.0
2018-06-15,TCS.NS,1800.0,1847.0999755859373,1788.5999755859375,1840.050048828125,1495.1224365234375,9183574,0.0,0.0
2018-06-18,TCS.NS,1867.949951171875,1867.949951171875,1822.1500244140625,1829.0,1486.1436767578125,4674987,0.0,0.0
2018-06-19,TCS.NS,1822.1500244140625,1839.0,1821.0,1824.5,1482.4874267578125,3245034,0.0,0.0
2018-06-20,TCS.NS,1832.0,1836.300048828125,1818.5999755859373,1822.449951171875,1480.821533203125,3107695,0.0,0.0
2018-06-21,TCS.NS,1832.0,1832.0,1817.5999755859373,1819.3499755859373,1478.302734375,2910659,0.0,0.0
2018-06-22,TCS.NS,1827.0,1827.0,1799.550048828125,1809.800048828125,1470.5433349609375,2949458,0.0,0.0
2018-06-25,TCS.NS,1811.9000244140625,1822.3499755859373,1806.0,1819.25,1478.221435546875,2083217,0.0,0.0
2018-06-26,TCS.NS,1823.0,1861.0,1821.0,1852.0,1504.83251953125,4679712,0.0,0.0
2018-06-27,TCS.NS,1860.0,1885.1500244140625,1851.25,1858.0,1509.70751953125,4081208,0.0,0.0
2018-06-28,TCS.NS,1865.0,1871.0,1826.300048828125,1842.699951171875,1497.2755126953125,4888125,0.0,0.0
2018-06-29,TCS.NS,1844.9000244140625,1867.4000244140625,1842.300048828125,1847.75,1501.37890625,3506276,0.0,0.0
2018-07-02,TCS.NS,1852.0,1857.800048828125,1841.0999755859373,1851.3499755859373,1504.3040771484375,2650290,0.0,0.0
2018-07-03,TCS.NS,1859.949951171875,1879.9000244140625,1857.050048828125,1874.050048828125,1522.7489013671875,3242233,0.0,0.0
2018-07-04,TCS.NS,1879.9000244140625,1879.9000244140625,1857.1500244140625,1866.1500244140625,1516.3299560546875,2700614,0.0,0.0
2018-07-05,TCS.NS,1873.0,1887.5,1862.0999755859373,1880.300048828125,1527.827392578125,2472571,0.0,0.0
2018-07-06,TCS.NS,1882.8499755859373,1921.0,1881.6500244140625,1912.949951171875,1554.356689453125,3713781,0.0,0.0
2018-07-09,TCS.NS,1924.0,1924.4000244140625,1876.5,1883.0,1530.0216064453125,6151747,0.0,0.0
2018-07-10,TCS.NS,1898.0,1898.9000244140625,1870.75,1875.0999755859373,1523.6021728515625,5303302,0.0,0.0
2018-07-11,TCS.NS,1900.0,1998.0,1894.1500244140625,1979.9000244140625,1608.7568359375,22903802,0.0,0.0
2018-07-12,TCS.NS,1984.0,1990.9000244140625,1960.5,1971.3499755859373,1601.8095703125,6921701,0.0,0.0
2018-07-13,TCS.NS,1975.0,1997.9000244140625,1974.0,1981.0999755859373,1609.7318115234375,4148185,0.0,0.0
2018-07-16,TCS.NS,1990.0,1996.0,1977.449951171875,1989.199951171875,1616.313232421875,2582159,0.0,0.0
2018-07-17,TCS.NS,1989.0,2009.0,1981.0,2002.1500244140625,1630.1138916015625,3315492,4.0,0.0
2018-07-18,TCS.NS,2005.0,2011.699951171875,1993.050048828125,2000.25,1628.5670166015625,2013869,0.0,0.0
2018-07-19,TCS.NS,2002.0999755859373,2010.449951171875,1970.0,1981.4000244140625,1613.219482421875,1746318,0.0,0.0
2018-07-20,TCS.NS,1984.9000244140625,2000.0,1984.0,1996.5999755859373,1625.59521484375,1934995,0.0,0.0
2018-07-23,TCS.NS,2001.0,2009.949951171875,1986.0,2005.6500244140625,1632.963134765625,2086201,0.0,0.0
2018-07-24,TCS.NS,2015.0,2015.0,1984.1500244140625,1999.0,1627.548828125,2038423,0.0,0.0
2018-07-25,TCS.NS,2001.9000244140625,2002.0,1968.4000244140625,1981.5,1613.3011474609375,1535492,0.0,0.0
2018-07-26,TCS.NS,1974.949951171875,1985.0,1955.0999755859373,1964.699951171875,1599.622802734375,3503036,0.0,0.0
2018-07-27,TCS.NS,1960.8499755859373,1964.6500244140625,1940.300048828125,1943.75,1582.565673828125,2033977,0.0,0.0
2018-07-30,TCS.NS,1943.0,1954.699951171875,1931.550048828125,1944.5999755859373,1583.25732421875,1579251,0.0,0.0
2018-07-31,TCS.NS,1942.0,1947.0,1928.0,1940.199951171875,1579.6754150390625,2204803,0.0,0.0
2018-08-01,TCS.NS,1949.949951171875,1981.550048828125,1949.800048828125,1976.5,1609.230224609375,2425180,0.0,0.0
2018-08-02,TCS.NS,1980.0,1985.0,1945.0,1948.4000244140625,1586.3516845703125,1509287,0.0,0.0
2018-08-03,TCS.NS,1956.5,1982.050048828125,1956.5,1979.449951171875,1611.6319580078125,1505131,0.0,0.0
2018-08-06,TCS.NS,1997.0,1998.949951171875,1972.25,1975.550048828125,1608.4566650390625,1532249,0.0,0.0
2018-08-07,TCS.NS,1978.199951171875,1979.1500244140625,1960.5,1967.3499755859373,1601.7803955078125,1353521,0.0,0.0
2018-08-08,TCS.NS,1972.0,1978.300048828125,1962.0,1974.0,1607.1944580078125,1315062,0.0,0.0
2018-08-09,TCS.NS,1980.0,1980.800048828125,1966.0,1974.3499755859373,1607.479736328125,2060297,0.0,0.0
2018-08-10,TCS.NS,1980.949951171875,1996.5,1972.050048828125,1993.0999755859373,1622.7457275390625,2784105,0.0,0.0
2018-08-13,TCS.NS,1997.800048828125,2004.25,1990.0,2000.1500244140625,1628.4854736328125,3559575,0.0,0.0
2018-08-14,TCS.NS,1992.0,2024.5999755859373,1982.4000244140625,2003.550048828125,1631.253662109375,3311765,0.0,0.0
2018-08-16,TCS.NS,2000.300048828125,2020.050048828125,1995.0,2008.5,1635.2840576171875,2152065,0.0,0.0
2018-08-17,TCS.NS,2013.8499755859373,2021.9000244140625,2004.0,2012.75,1638.7440185546875,1213731,0.0,0.0
2018-08-20,TCS.NS,2024.0,2024.0,2003.699951171875,2009.949951171875,1636.4644775390625,1587032,0.0,0.0
2018-08-21,TCS.NS,2010.1500244140625,2024.0,2004.0,2017.6500244140625,1642.733642578125,1376866,0.0,0.0
2018-08-23,TCS.NS,2022.800048828125,2038.0,2020.300048828125,2035.0999755859373,1656.9412841796875,3046791,0.0,0.0
2018-08-24,TCS.NS,2035.0999755859373,2046.0,2031.0,2043.0,1663.373291015625,1570533,0.0,0.0
2018-08-27,TCS.NS,2043.0,2059.0,2035.0,2050.89990234375,1669.804931640625,1532702,0.0,0.0
2018-08-28,TCS.NS,2055.0,2072.0,2052.0,2069.199951171875,1684.704833984375,1987983,0.0,0.0
2018-08-29,TCS.NS,2072.5,2076.60009765625,2045.5999755859373,2072.0,1686.984375,1525867,0.0,0.0
2018-08-30,TCS.NS,2068.0,2085.0,2065.5,2082.39990234375,1695.451904296875,2408020,0.0,0.0
2018-08-31,TCS.NS,2082.300048828125,2092.0,2074.0,2078.39990234375,1692.195068359375,2504554,0.0,0.0
2018-09-03,TCS.NS,2084.800048828125,2090.0,2048.39990234375,2052.89990234375,1671.4337158203125,1439711,0.0,0.0
2018-09-04,TCS.NS,2059.800048828125,2104.75,2056.949951171875,2098.89990234375,1708.885498046875,4420803,0.0,0.0
2018-09-05,TCS.NS,2100.0,2107.25,2075.050048828125,2079.25,1692.8873291015625,1681106,0.0,0.0
2018-09-06,TCS.NS,2075.0,2081.5,2060.300048828125,2075.300048828125,1689.671142578125,2238097,0.0,0.0
2018-09-07,TCS.NS,2079.300048828125,2084.0,2065.39990234375,2079.85009765625,1693.376220703125,1312182,0.0,0.0
2018-09-10,TCS.NS,2084.39990234375,2093.39990234375,2074.25,2080.75,1694.1082763671875,1530539,0.0,0.0
2018-09-11,TCS.NS,2089.0,2089.0,2042.199951171875,2046.25,1666.019287109375,3679745,0.0,0.0
2018-09-12,TCS.NS,2052.35009765625,2068.89990234375,2040.0,2043.949951171875,1664.146728515625,2307661,0.0,0.0
2018-09-14,TCS.NS,2044.0,2071.550048828125,2018.1500244140625,2065.39990234375,1681.610595703125,3642038,0.0,0.0
2018-09-17,TCS.NS,2070.0,2077.800048828125,2054.550048828125,2074.14990234375,1688.73486328125,1033857,0.0,0.0
2018-09-18,TCS.NS,2073.0,2078.800048828125,2057.60009765625,2070.75,1685.966552734375,1456507,0.0,0.0
2018-09-19,TCS.NS,2071.89990234375,2089.0,2066.85009765625,2077.89990234375,1691.7882080078125,1301268,0.0,0.0
2018-09-21,TCS.NS,2077.0,2121.0,2050.14990234375,2103.14990234375,1712.34619140625,4508530,0.0,0.0
2018-09-24,TCS.NS,2115.0,2210.5,2098.14990234375,2198.449951171875,1789.937744140625,3032226,0.0,0.0
2018-09-25,TCS.NS,2204.89990234375,2211.89990234375,2153.800048828125,2183.199951171875,1777.5213623046875,2868778,0.0,0.0
2018-09-26,TCS.NS,2187.0,2199.0,2135.10009765625,2142.14990234375,1744.0989990234375,1970951,0.0,0.0
2018-09-27,TCS.NS,2141.89990234375,2209.699951171875,2135.800048828125,2188.85009765625,1782.1220703125,3311802,0.0,0.0
2018-09-28,TCS.NS,2178.0,2190.0,2158.85009765625,2183.699951171875,1777.9283447265625,2904371,0.0,0.0
2018-10-01,TCS.NS,2190.89990234375,2275.949951171875,2190.35009765625,2255.550048828125,1836.4276123046875,3772208,0.0,0.0
2018-10-03,TCS.NS,2250.300048828125,2255.0,2155.60009765625,2162.85009765625,1760.9525146484375,3902322,0.0,0.0
2018-10-04,TCS.NS,2156.60009765625,2156.64990234375,2056.35009765625,2064.800048828125,1681.1219482421875,4762419,0.0,0.0
2018-10-05,TCS.NS,2050.0,2120.0,2020.9000244140625,2102.64990234375,1711.939453125,3417624,0.0,0.0
2018-10-08,TCS.NS,2102.64990234375,2122.199951171875,2048.14990234375,2077.550048828125,1691.5032958984375,2010154,0.0,0.0
2018-10-09,TCS.NS,2080.35009765625,2107.64990234375,2053.199951171875,2091.800048828125,1703.1053466796875,1867130,0.0,0.0
2018-10-10,TCS.NS,2100.0,2105.949951171875,2029.0,2043.5999755859373,1663.8616943359375,2749573,0.0,0.0
2018-10-11,TCS.NS,1985.0,2013.0,1941.0,1979.949951171875,1612.0389404296875,4700256,0.0,0.0
2018-10-12,TCS.NS,1978.0,1978.0,1903.0,1918.300048828125,1561.844970703125,9373289,0.0,0.0
2018-10-15,TCS.NS,1940.0,1955.550048828125,1920.0,1949.5,1587.2470703125,2638151,0.0,0.0
2018-10-16,TCS.NS,1958.0,1971.9000244140625,1935.0,1962.300048828125,1597.668701171875,2815425,0.0,0.0
2018-10-17,TCS.NS,1970.0,1989.0,1920.0,1929.4000244140625,1570.88232421875,2779207,0.0,0.0
2018-10-19,TCS.NS,1929.0,1929.0,1870.050048828125,1913.199951171875,1557.6923828125,3428776,0.0,0.0
2018-10-22,TCS.NS,1914.0,1916.0,1886.949951171875,1903.0,1549.3876953125,1778496,0.0,0.0
2018-10-23,TCS.NS,1888.0,1898.0,1837.0,1843.6500244140625,1504.2276611328125,2752811,4.0,0.0
2018-10-24,TCS.NS,1852.050048828125,1874.0,1811.0999755859373,1848.5,1508.18505859375,2735913,0.0,0.0
2018-10-25,TCS.NS,1844.0,1876.9000244140625,1825.050048828125,1853.0,1511.856201171875,2507233,0.0,0.0
2018-10-26,TCS.NS,1853.9000244140625,1853.9000244140625,1791.0999755859375,1799.0999755859375,1467.8798828125,2285970,0.0,0.0
2018-10-29,TCS.NS,1808.699951171875,1877.949951171875,1784.3499755859375,1871.0,1526.5426025390625,2609483,0.0,0.0
2018-10-30,TCS.NS,1867.0,1909.4000244140625,1845.0,1894.800048828125,1545.9610595703125,2404883,0.0,0.0
2018-10-31,TCS.NS,1900.0,1943.9000244140625,1875.449951171875,1938.1500244140625,1581.3302001953125,2769190,0.0,0.0
2018-11-01,TCS.NS,1943.6500244140625,1944.3499755859373,1901.300048828125,1935.75,1579.3720703125,2769759,0.0,0.0
2018-11-02,TCS.NS,1934.199951171875,1954.5999755859373,1905.0,1913.449951171875,1561.177734375,1818635,0.0,0.0
2018-11-05,TCS.NS,1910.0,1927.3499755859373,1884.75,1890.8499755859373,1542.73828125,1713366,0.0,0.0
2018-11-06,TCS.NS,1894.0,1937.5,1891.0,1932.699951171875,1576.8834228515625,1398710,0.0,0.0
2018-11-07,TCS.NS,1940.0,1949.0,1937.0,1942.1500244140625,1584.593505859375,144530,0.0,0.0
2018-11-09,TCS.NS,1961.0,1961.949951171875,1905.0,1909.199951171875,1557.7100830078125,2570479,0.0,0.0
2018-11-12,TCS.NS,1908.5,1946.0999755859373,1908.5,1914.8499755859373,1562.31982421875,2552008,0.0,0.0
2018-11-13,TCS.NS,1915.0,1939.0,1903.0,1934.949951171875,1578.71923828125,1418432,0.0,0.0
2018-11-14,TCS.NS,1925.0,1929.9000244140625,1870.0,1880.6500244140625,1534.4163818359375,2422318,0.0,0.0
2018-11-15,TCS.NS,1864.0,1899.0,1857.5999755859373,1872.8499755859373,1528.052001953125,1829123,0.0,0.0
2018-11-16,TCS.NS,1889.0,1899.800048828125,1870.25,1886.5999755859373,1539.2703857421875,1829729,0.0,0.0
2018-11-19,TCS.NS,1899.0,1907.3499755859373,1864.300048828125,1902.449951171875,1552.20263671875,1740628,0.0,0.0
2018-11-20,TCS.NS,1902.0,1902.0,1874.199951171875,1878.25,1532.4576416015625,1190182,0.0,0.0
2018-11-21,TCS.NS,1871.0,1871.050048828125,1798.550048828125,1812.0,1478.4049072265625,3840461,0.0,0.0
2018-11-22,TCS.NS,1820.0,1847.5999755859373,1809.949951171875,1812.550048828125,1478.853271484375,3194219,0.0,0.0
2018-11-26,TCS.NS,1819.0,1860.0,1784.5,1846.0999755859373,1506.2266845703125,4333177,0.0,0.0
2018-11-27,TCS.NS,1854.0,1897.9000244140625,1835.3499755859373,1890.25,1542.2489013671875,3344839,0.0,0.0
2018-11-28,TCS.NS,1889.0,1989.0,1882.5,1983.9000244140625,1618.6572265625,5313249,0.0,0.0
2018-11-29,TCS.NS,1997.0,1997.0,1942.550048828125,1960.550048828125,1599.606201171875,4035441,0.0,0.0
2018-11-30,TCS.NS,1966.0,1991.0,1959.8499755859373,1968.25,1605.8885498046875,5268901,0.0,0.0
2018-12-03,TCS.NS,1984.0,1990.0,1968.300048828125,1982.4000244140625,1617.43359375,1610576,0.0,0.0
2018-12-04,TCS.NS,1983.0,2019.4000244140625,1971.0,2010.8499755859373,1640.6456298828125,3270615,0.0,0.0
2018-12-05,TCS.NS,2006.0,2018.0,1985.0,2006.75,1637.3004150390625,2501539,0.0,0.0
2018-12-06,TCS.NS,1998.0,2017.0,1979.5999755859373,1992.699951171875,1625.837158203125,2321216,0.0,0.0
2018-12-07,TCS.NS,1985.050048828125,2003.9000244140625,1973.0,1995.199951171875,1627.876953125,1680420,0.0,0.0
2018-12-10,TCS.NS,1975.0,2011.0,1960.0,1975.800048828125,1612.0489501953125,2010786,0.0,0.0
2018-12-11,TCS.NS,1970.0,2010.0,1961.0,2000.0,1631.7935791015625,2942014,0.0,0.0
2018-12-12,TCS.NS,2001.0999755859373,2022.0,1984.949951171875,2016.800048828125,1645.5006103515625,2219993,0.0,0.0
2018-12-13,TCS.NS,2024.0,2029.699951171875,1974.5,1982.5999755859373,1617.59716796875,3748429,0.0,0.0
2018-12-14,TCS.NS,1983.0,1998.949951171875,1975.25,1989.75,1623.4306640625,2473761,0.0,0.0
2018-12-17,TCS.NS,1999.0,2004.9000244140625,1985.0,1994.300048828125,1627.1427001953125,1227921,0.0,0.0
2018-12-18,TCS.NS,1991.9000244140625,2002.0,1976.4000244140625,1987.8499755859373,1621.8800048828125,1768742,0.0,0.0
2018-12-19,TCS.NS,1984.800048828125,1984.800048828125,1960.050048828125,1968.449951171875,1606.0518798828125,2498833,0.0,0.0
2018-12-20,TCS.NS,1953.800048828125,1974.9000244140625,1946.0,1954.050048828125,1594.30322265625,1940277,0.0,0.0
2018-12-21,TCS.NS,1948.0,1950.0,1886.550048828125,1895.800048828125,1546.7764892578125,3729956,0.0,0.0
2018-12-24,TCS.NS,1905.800048828125,1938.9000244140625,1905.0,1918.5,1565.2977294921875,1864116,0.0,0.0
2018-12-26,TCS.NS,1921.800048828125,1921.800048828125,1870.25,1889.199951171875,1541.3919677734375,2446614,0.0,0.0
2018-12-27,TCS.NS,1909.0,1941.699951171875,1872.0999755859373,1908.949951171875,1557.506103515625,4968201,0.0,0.0
2018-12-28,TCS.NS,1915.0,1920.0,1893.0,1896.050048828125,1546.98095703125,2239130,0.0,0.0
2018-12-31,TCS.NS,1908.0,1909.0,1886.1500244140625,1893.050048828125,1544.5335693359375,1879740,0.0,0.0
2019-01-02,TCS.NS,1905.0,1934.449951171875,1900.0,1923.300048828125,1569.2139892578125,2100463,0.0,0.0
2019-01-03,TCS.NS,1919.0,1944.949951171875,1893.0999755859373,1899.949951171875,1550.16259765625,2611668,0.0,0.0
2019-01-04,TCS.NS,1900.0,1901.199951171875,1841.0,1876.8499755859373,1531.315673828125,4280862,0.0,0.0
2019-01-07,TCS.NS,1891.800048828125,1908.800048828125,1881.0,1897.9000244140625,1548.490234375,1856423,0.0,0.0
2019-01-08,TCS.NS,1905.4000244140625,1906.4000244140625,1883.300048828125,1893.550048828125,1544.94140625,1691756,0.0,0.0
2019-01-09,TCS.NS,1907.4000244140625,1919.0,1866.699951171875,1886.949951171875,1539.55615234375,2414376,0.0,0.0
2019-01-10,TCS.NS,1890.0,1905.0,1872.0999755859373,1888.550048828125,1540.86181640625,3053461,0.0,0.0
2019-01-11,TCS.NS,1870.0,1875.0,1835.0,1842.550048828125,1503.3306884765625,9209862,0.0,0.0
2019-01-14,TCS.NS,1850.0,1851.0,1810.0,1813.25,1479.4246826171875,3615370,0.0,0.0
2019-01-15,TCS.NS,1810.0,1869.3499755859373,1808.0,1867.800048828125,1523.93212890625,7711653,0.0,0.0
2019-01-16,TCS.NS,1870.0,1875.0,1847.0,1870.1500244140625,1525.84912109375,2359280,0.0,0.0
2019-01-17,TCS.NS,1878.0,1898.0,1871.300048828125,1894.300048828125,1548.86572265625,2625816,4.0,0.0
2019-01-18,TCS.NS,1881.0,1904.199951171875,1876.0,1900.6500244140625,1554.0579833984375,1683728,0.0,0.0
2019-01-21,TCS.NS,1902.0,1932.0,1895.449951171875,1908.699951171875,1560.6397705078125,2409803,0.0,0.0
2019-01-22,TCS.NS,1907.0999755859373,1918.25,1890.0,1901.9000244140625,1555.079833984375,2457093,0.0,0.0
2019-01-23,TCS.NS,1901.0,1906.0999755859373,1870.0,1875.5999755859373,1533.575927734375,2578169,0.0,0.0
2019-01-24,TCS.NS,1884.800048828125,1905.25,1875.0,1901.550048828125,1554.7939453125,1962927,0.0,0.0
2019-01-25,TCS.NS,1902.0,1935.0,1901.0,1920.800048828125,1570.5335693359375,2327080,0.0,0.0
2019-01-28,TCS.NS,1933.0,1962.0,1925.5,1955.0,1598.4969482421875,2769033,0.0,0.0
2019-01-29,TCS.NS,1962.0,1989.050048828125,1936.6500244140625,1982.75,1621.1861572265625,2557626,0.0,0.0
2019-01-30,TCS.NS,1979.5999755859373,1989.5,1954.6500244140625,1981.4000244140625,1620.0830078125,2429575,0.0,0.0
2019-01-31,TCS.NS,1987.0,2019.75,1985.0,2014.0999755859373,1646.8203125,4094319,0.0,0.0
2019-02-01,TCS.NS,2009.5,2034.75,1998.0999755859373,2029.949951171875,1659.77978515625,3064163,0.0,0.0
2019-02-04,TCS.NS,2029.949951171875,2055.449951171875,2023.0,2050.25,1676.377685546875,1590764,0.0,0.0
2019-02-05,TCS.NS,2050.0,2055.0,2028.0,2044.550048828125,1671.7171630859375,1111404,0.0,0.0
2019-02-06,TCS.NS,2049.89990234375,2086.85009765625,2041.050048828125,2074.800048828125,1696.4508056640625,1789812,0.0,0.0
2019-02-07,TCS.NS,2074.75,2097.949951171875,2067.0,2082.89990234375,1703.0738525390625,1339945,0.0,0.0
2019-02-08,TCS.NS,2075.0,2089.5,2051.0,2061.39990234375,1685.493896484375,1684474,0.0,0.0
2019-02-11,TCS.NS,2060.0,2096.0,2048.89990234375,2065.89990234375,1689.1739501953125,1778730,0.0,0.0
2019-02-12,TCS.NS,2070.0,2070.0,2018.0,2051.60009765625,1677.481201171875,2422903,0.0,0.0
2019-02-14,TCS.NS,2060.050048828125,2075.0,2033.050048828125,2044.5999755859373,1671.7576904296875,1724085,0.0,0.0
2019-02-15,TCS.NS,2049.0,2052.0,2010.949951171875,2029.699951171875,1659.5751953125,1930065,0.0,0.0
2019-02-18,TCS.NS,2037.5999755859373,2041.949951171875,1962.6500244140625,1970.300048828125,1611.0069580078125,2942184,0.0,0.0
2019-02-19,TCS.NS,1970.0,1971.0,1892.0,1904.800048828125,1557.451171875,4408554,0.0,0.0
2019-02-20,TCS.NS,1915.0,1933.800048828125,1881.300048828125,1914.75,1565.5863037109375,4645778,0.0,0.0
2019-02-21,TCS.NS,1914.75,1940.0,1897.050048828125,1914.199951171875,1565.136962890625,4683919,0.0,0.0
2019-02-22,TCS.NS,1917.199951171875,1930.0,1905.0999755859373,1925.6500244140625,1574.4990234375,2271955,0.0,0.0
2019-02-25,TCS.NS,1932.5,1990.0,1930.5,1985.1500244140625,1623.1485595703125,2934880,0.0,0.0
2019-02-26,TCS.NS,1984.0,2045.1500244140625,1972.25,2038.699951171875,1666.9334716796875,6453309,0.0,0.0
2019-02-27,TCS.NS,2040.0,2074.949951171875,2022.0,2058.10009765625,1682.79638671875,4732082,0.0,0.0
2019-02-28,TCS.NS,2060.0,2071.35009765625,1977.5999755859373,1983.449951171875,1621.758544921875,8454295,0.0,0.0
2019-03-01,TCS.NS,1995.050048828125,2005.0,1980.3499755859373,1995.4000244140625,1631.5296630859375,4148548,0.0,0.0
2019-03-05,TCS.NS,2005.0,2007.0,1976.5999755859373,1988.0999755859373,1625.5609130859375,2449622,0.0,0.0
2019-03-06,TCS.NS,1989.300048828125,2015.0,1985.050048828125,1999.5999755859373,1634.9638671875,2635047,0.0,0.0
2019-03-07,TCS.NS,2005.0,2024.050048828125,2000.199951171875,2013.300048828125,1646.165771484375,2539884,0.0,0.0
2019-03-08,TCS.NS,2025.0,2033.0,2010.050048828125,2022.699951171875,1653.8516845703125,2031071,0.0,0.0
2019-03-11,TCS.NS,2028.9000244140625,2033.0,2003.6500244140625,2014.800048828125,1647.3919677734375,3111689,0.0,0.0
2019-03-12,TCS.NS,2014.050048828125,2024.800048828125,2003.0,2012.449951171875,1645.4705810546875,2658550,0.0,0.0
2019-03-13,TCS.NS,2013.0,2015.9000244140625,1978.5999755859373,2000.5,1635.69970703125,1833163,0.0,0.0
2019-03-14,TCS.NS,2004.949951171875,2007.800048828125,1981.0,1987.4000244140625,1624.9886474609375,1905495,0.0,0.0
2019-03-15,TCS.NS,1998.9000244140625,2068.949951171875,1991.0,2039.949951171875,1667.955810546875,5184318,0.0,0.0
2019-03-18,TCS.NS,2043.0,2064.60009765625,2011.0,2022.800048828125,1653.93359375,2349915,0.0,0.0
2019-03-19,TCS.NS,2030.0,2030.0,1995.0999755859373,2022.800048828125,1653.93359375,2373993,0.0,0.0
2019-03-20,TCS.NS,2028.0,2044.800048828125,2000.0,2015.050048828125,1647.5966796875,3091165,0.0,0.0
2019-03-22,TCS.NS,2015.0,2016.0,1983.300048828125,2005.6500244140625,1639.9107666015625,3148149,0.0,0.0
2019-03-25,TCS.NS,2007.800048828125,2007.800048828125,1977.199951171875,1984.25,1622.413330078125,2429205,0.0,0.0
2019-03-26,TCS.NS,1984.0,1994.949951171875,1958.050048828125,1982.6500244140625,1621.10498046875,2316539,0.0,0.0
2019-03-27,TCS.NS,1994.0,1998.0,1961.0,1967.9000244140625,1609.044189453125,2266166,0.0,0.0
2019-03-28,TCS.NS,1980.0,2014.5999755859373,1972.800048828125,2000.300048828125,1635.5360107421875,4054489,0.0,0.0
2019-04-01,TCS.NS,2010.0,2039.949951171875,2008.25,2031.6500244140625,1661.16943359375,2095740,0.0,0.0
2019-04-02,TCS.NS,2037.0999755859373,2086.0,2037.0,2079.300048828125,1700.1304931640625,3719663,0.0,0.0
2019-04-03,TCS.NS,2085.0,2089.60009765625,2058.10009765625,2079.300048828125,1700.1304931640625,2939886,0.0,0.0
2019-04-04,TCS.NS,2078.14990234375,2079.699951171875,2007.4000244140625,2014.5,1647.1468505859375,4397518,0.0,0.0
2019-04-05,TCS.NS,2028.6500244140625,2054.39990234375,2018.800048828125,2048.300048828125,1674.7833251953125,3152103,0.0,0.0
2019-04-08,TCS.NS,2059.0,2075.0,2032.699951171875,2070.75,1693.139404296875,2194294,0.0,0.0
2019-04-09,TCS.NS,2070.0,2098.0,2057.64990234375,2091.5,1710.1053466796875,2690970,0.0,0.0
2019-04-10,TCS.NS,2083.0,2085.5,2036.0,2040.25,1668.2010498046875,3313062,0.0,0.0
2019-04-11,TCS.NS,2045.0,2055.0,2013.6500244140625,2019.5,1651.2353515625,3422442,0.0,0.0
2019-04-12,TCS.NS,2038.0,2039.0,2007.0,2014.5,1647.1468505859375,3198471,0.0,0.0
2019-04-15,TCS.NS,2070.0,2119.800048828125,2041.0,2113.300048828125,1727.9302978515625,9189201,0.0,0.0
2019-04-16,TCS.NS,2120.0,2155.949951171875,2115.550048828125,2131.800048828125,1743.056884765625,5771952,0.0,0.0
2019-04-18,TCS.NS,2149.89990234375,2155.0,2114.199951171875,2150.050048828125,1757.978759765625,3413728,0.0,0.0
2019-04-22,TCS.NS,2148.0,2176.0,2145.60009765625,2161.449951171875,1767.300048828125,2007135,0.0,0.0
2019-04-23,TCS.NS,2163.0,2165.5,2134.050048828125,2155.050048828125,1762.0667724609375,2163524,0.0,0.0
2019-04-24,TCS.NS,2158.0,2195.0,2156.10009765625,2183.449951171875,1785.2879638671875,3003071,0.0,0.0
2019-04-25,TCS.NS,2175.0,2205.0,2168.050048828125,2195.0,1794.7318115234375,4211526,0.0,0.0
2019-04-26,TCS.NS,2203.0,2243.949951171875,2193.14990234375,2238.550048828125,1830.3402099609373,2716958,0.0,0.0
2019-04-30,TCS.NS,2238.550048828125,2266.949951171875,2230.10009765625,2260.35009765625,1848.1646728515625,3488395,0.0,0.0
2019-05-02,TCS.NS,2255.0,2259.39990234375,2211.10009765625,2215.39990234375,1811.4117431640625,2457699,0.0,0.0
2019-05-03,TCS.NS,2185.0,2186.050048828125,2125.0,2132.0,1743.22021484375,3780886,0.0,0.0
2019-05-06,TCS.NS,2110.0,2165.0,2108.5,2157.85009765625,1764.3563232421875,2891422,0.0,0.0
2019-05-07,TCS.NS,2160.050048828125,2184.35009765625,2138.800048828125,2151.949951171875,1759.531982421875,2201698,0.0,0.0
2019-05-08,TCS.NS,2151.0,2168.0,2130.39990234375,2152.85009765625,1760.2681884765625,1824895,0.0,0.0
2019-05-09,TCS.NS,2145.0,2184.10009765625,2136.10009765625,2172.550048828125,1776.375732421875,2264162,0.0,0.0
2019-05-10,TCS.NS,2175.0,2192.0,2125.85009765625,2135.800048828125,1746.3272705078125,2039633,0.0,0.0
2019-05-13,TCS.NS,2133.0,2167.0,2121.64990234375,2128.75,1740.56298828125,1701744,0.0,0.0
2019-05-14,TCS.NS,2135.0,2159.800048828125,2072.35009765625,2092.35009765625,1710.8006591796875,2456110,0.0,0.0
2019-05-15,TCS.NS,2097.0,2124.0,2084.5,2095.39990234375,1713.29443359375,2346876,0.0,0.0
2019-05-16,TCS.NS,2096.0,2124.0,2077.050048828125,2108.75,1724.2098388671875,1946529,0.0,0.0
2019-05-17,TCS.NS,2112.60009765625,2135.0,2090.0,2095.449951171875,1713.3349609375,1947908,0.0,0.0
2019-05-20,TCS.NS,2125.0,2151.39990234375,2050.0,2143.949951171875,1752.990966796875,2625116,0.0,0.0
2019-05-21,TCS.NS,2148.050048828125,2148.699951171875,2102.550048828125,2109.75,1725.0277099609375,1863157,0.0,0.0
2019-05-22,TCS.NS,2110.0,2121.949951171875,2075.0,2081.75,1702.13330078125,2595795,0.0,0.0
2019-05-23,TCS.NS,2098.0,2115.35009765625,2050.0,2054.050048828125,1679.4847412109375,2541294,0.0,0.0
2019-05-24,TCS.NS,2070.0,2070.0,2032.25,2048.0,1674.5380859375,2274208,0.0,0.0
2019-05-27,TCS.NS,2054.800048828125,2068.949951171875,2040.0999755859373,2055.14990234375,1680.384033203125,2329820,0.0,0.0
2019-05-28,TCS.NS,2060.0,2097.5,2045.0,2073.75,1695.59228515625,5872979,0.0,0.0
2019-05-29,TCS.NS,2080.0,2123.699951171875,2077.10009765625,2107.550048828125,1723.228515625,3281320,0.0,0.0
2019-05-30,TCS.NS,2123.0,2156.550048828125,2114.39990234375,2146.300048828125,1754.9127197265625,4971725,0.0,0.0
2019-05-31,TCS.NS,2160.0,2204.949951171875,2152.25,2196.550048828125,1795.999267578125,4265370,0.0,0.0
2019-06-03,TCS.NS,2201.0,2247.64990234375,2185.64990234375,2242.300048828125,1833.40625,3682419,0.0,0.0
2019-06-04,TCS.NS,2224.0,2224.0,2175.0,2183.10009765625,1799.44677734375,2408658,18.0,0.0
2019-06-06,TCS.NS,2199.0,2199.0,2152.0,2166.10009765625,1785.434814453125,3735467,0.0,0.0
2019-06-07,TCS.NS,2174.0,2189.800048828125,2142.10009765625,2181.75,1798.333984375,2659446,0.0,0.0
2019-06-10,TCS.NS,2196.699951171875,2235.85009765625,2185.5,2231.5,1839.341552734375,2080593,0.0,0.0
2019-06-11,TCS.NS,2237.0,2263.949951171875,2231.0,2252.800048828125,1856.8975830078125,3048937,0.0,0.0
2019-06-12,TCS.NS,2245.0,2266.89990234375,2219.0,2260.89990234375,1863.5740966796875,2404448,0.0,0.0
2019-06-13,TCS.NS,2264.0,2285.0,2243.050048828125,2254.10009765625,1857.9696044921875,3320916,0.0,0.0
2019-06-14,TCS.NS,2257.25,2263.10009765625,2234.0,2254.5,1858.2989501953125,2131408,0.0,0.0
2019-06-17,TCS.NS,2256.0,2262.0,2241.449951171875,2249.199951171875,1853.9310302734373,1489497,0.0,0.0
2019-06-18,TCS.NS,2244.0,2260.0,2231.199951171875,2250.85009765625,1855.291015625,1877447,0.0,0.0
2019-06-19,TCS.NS,2255.0,2276.0,2243.14990234375,2259.89990234375,1862.750244140625,1652817,0.0,0.0
2019-06-20,TCS.NS,2230.0,2284.0,2212.0,2277.949951171875,1877.6280517578125,2199377,0.0,0.0
2019-06-21,TCS.NS,2285.0,2292.5,2242.0,2249.85009765625,1854.46630859375,3871804,0.0,0.0
2019-06-24,TCS.NS,2254.14990234375,2280.0,2250.800048828125,2275.5,1875.6083984375,1382424,0.0,0.0
2019-06-25,TCS.NS,2270.0,2274.449951171875,2250.5,2267.800048828125,1869.2623291015625,1386077,0.0,0.0
2019-06-26,TCS.NS,2265.0,2266.800048828125,2250.0,2254.199951171875,1858.05224609375,1762224,0.0,0.0
2019-06-27,TCS.NS,2255.0,2264.0,2241.300048828125,2252.550048828125,1856.6920166015625,2813464,0.0,0.0
2019-06-28,TCS.NS,2260.0,2261.949951171875,2222.5,2227.199951171875,1835.796875,2372928,0.0,0.0
2019-07-01,TCS.NS,2235.0,2255.0,2206.60009765625,2239.550048828125,1845.976318359375,2769940,0.0,0.0
2019-07-02,TCS.NS,2244.89990234375,2257.0,2216.449951171875,2252.10009765625,1856.3211669921875,1771746,0.0,0.0
2019-07-03,TCS.NS,2252.199951171875,2258.800048828125,2232.0,2237.64990234375,1844.410400390625,1656881,0.0,0.0
2019-07-04,TCS.NS,2234.0,2252.0,2230.10009765625,2242.64990234375,1848.53173828125,984140,0.0,0.0
2019-07-05,TCS.NS,2247.0,2250.0,2140.0,2163.10009765625,1782.9615478515625,4088470,0.0,0.0
2019-07-08,TCS.NS,2149.0,2188.800048828125,2132.10009765625,2175.39990234375,1793.099853515625,2788062,0.0,0.0
2019-07-09,TCS.NS,2174.0,2174.39990234375,2104.550048828125,2133.35009765625,1758.43994140625,3977224,0.0,0.0
2019-07-10,TCS.NS,2080.0,2127.85009765625,2071.300048828125,2108.199951171875,1737.7095947265625,6343581,0.0,0.0
2019-07-11,TCS.NS,2128.0,2129.0,2086.050048828125,2102.550048828125,1733.052490234375,2400346,0.0,0.0
2019-07-12,TCS.NS,2102.10009765625,2119.75,2093.10009765625,2107.60009765625,1737.21533203125,1560725,0.0,0.0
2019-07-15,TCS.NS,2125.0,2153.60009765625,2098.0,2145.699951171875,1768.6195068359375,2900415,0.0,0.0
2019-07-16,TCS.NS,2126.0,2132.5,2100.0,2106.0,1739.950927734375,2735399,5.0,0.0
2019-07-17,TCS.NS,2108.0,2125.0,2092.10009765625,2117.25,1749.2454833984375,1802969,0.0,0.0
2019-07-18,TCS.NS,2116.199951171875,2116.199951171875,2060.0,2065.949951171875,1706.861572265625,3072096,0.0,0.0
2019-07-19,TCS.NS,2077.0,2097.0,2062.5,2076.949951171875,1715.9498291015625,1953177,0.0,0.0
2019-07-22,TCS.NS,2077.0,2117.449951171875,2068.800048828125,2109.89990234375,1743.1727294921875,1920167,0.0,0.0
2019-07-23,TCS.NS,2127.89990234375,2130.0,2102.39990234375,2112.449951171875,1745.27978515625,3538588,0.0,0.0
2019-07-24,TCS.NS,2110.0,2120.800048828125,2076.5,2096.800048828125,1732.3497314453125,2413196,0.0,0.0
2019-07-25,TCS.NS,2108.89990234375,2135.0,2092.550048828125,2127.89990234375,1758.0443115234375,2544464,0.0,0.0
2019-07-26,TCS.NS,2129.800048828125,2129.800048828125,2095.0,2109.050048828125,1742.470947265625,1720592,0.0,0.0
2019-07-29,TCS.NS,2110.800048828125,2142.0,2103.300048828125,2130.0,1759.7791748046875,1647090,0.0,0.0
2019-07-30,TCS.NS,2130.0,2185.0,2120.449951171875,2179.14990234375,1800.386474609375,2851672,0.0,0.0
2019-07-31,TCS.NS,2171.75,2211.699951171875,2147.14990234375,2205.699951171875,1822.3216552734373,3000677,0.0,0.0
2019-08-01,TCS.NS,2200.0,2217.5,2166.25,2180.050048828125,1801.1302490234375,2375236,0.0,0.0
2019-08-02,TCS.NS,2173.0,2210.0,2165.5,2205.300048828125,1821.9915771484373,2500816,0.0,0.0
2019-08-05,TCS.NS,2199.89990234375,2252.25,2195.60009765625,2248.60009765625,1857.765625,3039682,0.0,0.0
2019-08-06,TCS.NS,2232.800048828125,2251.949951171875,2211.449951171875,2214.89990234375,1829.922607421875,2885467,0.0,0.0
2019-08-07,TCS.NS,2230.0,2238.5,2207.25,2213.449951171875,1828.724853515625,2165362,0.0,0.0
2019-08-08,TCS.NS,2228.89990234375,2281.0,2218.89990234375,2258.10009765625,1865.6138916015625,2073298,0.0,0.0
2019-08-09,TCS.NS,2260.0,2267.89990234375,2241.35009765625,2246.25,1855.8236083984373,1744550,0.0,0.0
2019-08-13,TCS.NS,2245.0,2246.25,2194.300048828125,2199.449951171875,1817.158203125,1647281,0.0,0.0
2019-08-14,TCS.NS,2181.10009765625,2217.85009765625,2167.39990234375,2204.39990234375,1821.247802734375,1945002,0.0,0.0
2019-08-16,TCS.NS,2241.39990234375,2241.39990234375,2143.25,2165.10009765625,1788.7783203125,3755507,0.0,0.0
2019-08-19,TCS.NS,2180.0,2186.0,2157.699951171875,2163.0,1787.0433349609375,974884,0.0,0.0
2019-08-20,TCS.NS,2172.0,2205.0,2166.5,2186.75,1806.66552734375,1843611,0.0,0.0
2019-08-21,TCS.NS,2184.949951171875,2202.0,2182.25,2186.199951171875,1806.2108154296875,1214408,0.0,0.0
2019-08-22,TCS.NS,2187.0,2235.64990234375,2170.0,2216.0,1830.83154296875,2131601,0.0,0.0
2019-08-23,TCS.NS,2214.949951171875,2259.89990234375,2213.89990234375,2247.699951171875,1857.0213623046875,2826425,0.0,0.0
2019-08-26,TCS.NS,2247.0,2282.0,2225.0,2276.300048828125,1880.6505126953125,2345475,0.0,0.0
2019-08-27,TCS.NS,2270.0,2274.85009765625,2229.0,2236.5,1847.768310546875,3432106,0.0,0.0
2019-08-28,TCS.NS,2240.0,2252.14990234375,2216.0,2239.25,1850.0401611328125,1294621,0.0,0.0
2019-08-29,TCS.NS,2222.199951171875,2248.199951171875,2222.199951171875,2233.449951171875,1845.248046875,1670652,0.0,0.0
2019-08-30,TCS.NS,2241.0,2266.0,2218.0,2259.60009765625,1866.853515625,2583625,0.0,0.0
2019-09-03,TCS.NS,2270.0,2296.199951171875,2236.949951171875,2251.60009765625,1860.244140625,2545060,0.0,0.0
2019-09-04,TCS.NS,2265.0,2270.0,2233.0,2245.39990234375,1855.1209716796875,2228092,0.0,0.0
2019-09-05,TCS.NS,2242.199951171875,2253.64990234375,2207.300048828125,2215.300048828125,1830.253173828125,2055943,0.0,0.0
2019-09-06,TCS.NS,2216.0,2233.5,2192.60009765625,2197.5,1815.5465087890625,1890550,0.0,0.0
2019-09-09,TCS.NS,2200.0,2202.85009765625,2179.800048828125,2182.85009765625,1803.44384765625,1703945,0.0,0.0
2019-09-11,TCS.NS,2186.0,2195.0,2146.550048828125,2154.0,1779.6080322265625,2627440,0.0,0.0
2019-09-12,TCS.NS,2155.0,2165.0,2120.35009765625,2133.60009765625,1762.753662109375,2118859,0.0,0.0
2019-09-13,TCS.NS,2135.0,2157.949951171875,2115.550048828125,2141.949951171875,1769.6524658203125,2291174,0.0,0.0
2019-09-16,TCS.NS,2159.949951171875,2173.39990234375,2126.39990234375,2150.0,1776.302734375,2597948,0.0,0.0
2019-09-17,TCS.NS,2154.949951171875,2156.550048828125,2105.60009765625,2122.64990234375,1753.7066650390625,2796530,0.0,0.0
2019-09-18,TCS.NS,2126.39990234375,2142.949951171875,2113.14990234375,2138.550048828125,1766.843505859375,1454663,0.0,0.0
2019-09-19,TCS.NS,2135.0,2135.800048828125,2091.0,2101.949951171875,1736.6046142578125,1652691,0.0,0.0
2019-09-20,TCS.NS,2104.89990234375,2129.39990234375,2057.0,2065.449951171875,1706.44873046875,6941979,0.0,0.0
2019-09-23,TCS.NS,2099.0,2099.0,1975.0,2015.800048828125,1665.428955078125,6323401,0.0,0.0
2019-09-24,TCS.NS,2015.0,2061.0,2013.0,2044.699951171875,1689.305419921875,4620978,0.0,0.0
2019-09-25,TCS.NS,2065.0,2092.0,2060.050048828125,2088.449951171875,1725.4510498046875,4002232,0.0,0.0
2019-09-26,TCS.NS,2097.89990234375,2107.0,2063.0,2087.60009765625,1724.749267578125,4234281,0.0,0.0
2019-09-27,TCS.NS,2085.0,2085.199951171875,2051.39990234375,2056.14990234375,1698.76513671875,2046795,0.0,0.0
2019-09-30,TCS.NS,2061.85009765625,2104.0,2060.0,2099.300048828125,1734.415283203125,2620039,0.0,0.0
2019-10-01,TCS.NS,2095.949951171875,2095.949951171875,2039.699951171875,2059.949951171875,1701.9046630859375,3342877,0.0,0.0
2019-10-03,TCS.NS,2070.0,2081.14990234375,2046.1500244140625,2060.25,1702.1527099609375,2317618,0.0,0.0
2019-10-04,TCS.NS,2060.60009765625,2087.949951171875,2054.949951171875,2079.35009765625,1717.93310546875,2163251,0.0,0.0
2019-10-07,TCS.NS,2080.0,2094.5,2041.0,2047.699951171875,1691.7841796875,2177916,0.0,0.0
2019-10-09,TCS.NS,2060.0,2060.0,2015.5,2020.0999755859373,1668.9813232421875,2066920,0.0,0.0
2019-10-10,TCS.NS,2028.0,2039.050048828125,1997.0999755859373,2004.449951171875,1656.051513671875,2881452,0.0,0.0
2019-10-11,TCS.NS,1931.0,1995.0,1925.0,1986.8499755859373,1641.5107421875,12593069,0.0,0.0
2019-10-14,TCS.NS,1995.0,2032.75,1968.0,2021.0,1669.7249755859375,3510704,0.0,0.0
2019-10-15,TCS.NS,2032.0,2047.0,2022.699951171875,2037.300048828125,1683.191650390625,2261310,0.0,0.0
2019-10-16,TCS.NS,2038.0,2056.0,2016.0,2046.4000244140625,1690.7098388671875,3034082,0.0,0.0
2019-10-17,TCS.NS,2014.0,2038.0,1999.300048828125,2030.949951171875,1715.6728515625,3818774,45.0,0.0
2019-10-18,TCS.NS,2037.5,2063.89990234375,2025.0,2057.35009765625,1737.974609375,3087901,0.0,0.0
2019-10-22,TCS.NS,2080.0,2111.5,2040.050048828125,2051.39990234375,1732.947998046875,5552505,0.0,0.0
2019-10-23,TCS.NS,2060.0,2083.85009765625,2052.5,2070.10009765625,1748.745361328125,2348134,0.0,0.0
2019-10-24,TCS.NS,2084.0,2099.0,2061.300048828125,2082.0,1758.7979736328125,2798671,0.0,0.0
2019-10-25,TCS.NS,2094.0,2130.0,2075.050048828125,2124.949951171875,1795.0806884765625,3954245,0.0,0.0
2019-10-29,TCS.NS,2121.5,2201.699951171875,2121.5,2194.85009765625,1854.129638671875,5064173,0.0,0.0
2019-10-30,TCS.NS,2225.0,2260.0,2176.85009765625,2252.800048828125,1903.0836181640625,5195136,0.0,0.0
2019-10-31,TCS.NS,2250.0,2284.949951171875,2237.0,2269.64990234375,1917.317626953125,4879261,0.0,0.0
2019-11-01,TCS.NS,2264.0,2275.0,2195.0,2200.89990234375,1859.240234375,4172620,0.0,0.0
2019-11-04,TCS.NS,2207.0,2229.199951171875,2180.89990234375,2193.949951171875,1853.368896484375,2646411,0.0,0.0
2019-11-05,TCS.NS,2197.0,2211.0,2169.0,2201.85009765625,1860.04296875,2693475,0.0,0.0
2019-11-06,TCS.NS,2200.0,2210.800048828125,2179.0,2188.5,1848.7652587890625,2540719,0.0,0.0
2019-11-07,TCS.NS,2204.5,2204.5,2175.199951171875,2185.35009765625,1846.1043701171875,1915598,0.0,0.0
2019-11-08,TCS.NS,2189.60009765625,2189.60009765625,2124.0,2129.949951171875,1799.3043212890625,2788759,0.0,0.0
2019-11-11,TCS.NS,2135.0,2139.0,2091.0,2100.949951171875,1774.80615234375,2983768,0.0,0.0
2019-11-13,TCS.NS,2118.0,2183.800048828125,2118.0,2178.60009765625,1840.402099609375,3823365,0.0,0.0
2019-11-14,TCS.NS,2187.5,2200.0,2146.699951171875,2196.800048828125,1855.777099609375,2995915,0.0,0.0
2019-11-15,TCS.NS,2196.0,2211.5,2168.75,2174.449951171875,1836.8963623046875,2724180,0.0,0.0
2019-11-18,TCS.NS,2178.39990234375,2187.75,2148.75,2152.60009765625,1818.4381103515625,1611089,0.0,0.0
2019-11-19,TCS.NS,2153.0,2154.64990234375,2105.0,2108.800048828125,1781.4376220703125,2975313,0.0,0.0
2019-11-20,TCS.NS,2121.949951171875,2135.0,2094.5,2108.550048828125,1781.226318359375,2894129,0.0,0.0
2019-11-21,TCS.NS,2112.0,2126.60009765625,2107.39990234375,2118.10009765625,1789.29443359375,2052574,0.0,0.0
2019-11-22,TCS.NS,2097.0,2107.0,2060.5,2071.699951171875,1750.0968017578125,3742049,0.0,0.0
2019-11-25,TCS.NS,2074.550048828125,2084.949951171875,2052.199951171875,2081.5,1758.3758544921875,2737010,0.0,0.0
2019-11-26,TCS.NS,2089.85009765625,2097.89990234375,2035.050048828125,2046.6500244140625,1728.9359130859375,6561580,0.0,0.0
2019-11-27,TCS.NS,2052.0,2071.699951171875,2046.550048828125,2054.300048828125,1735.3980712890625,2907521,0.0,0.0
2019-11-28,TCS.NS,2067.050048828125,2094.39990234375,2060.0,2077.35009765625,1754.8701171875,2924429,0.0,0.0
2019-11-29,TCS.NS,2085.0,2085.0,2045.800048828125,2053.25,1734.5111083984375,2064271,0.0,0.0
2019-12-02,TCS.NS,2060.0,2067.699951171875,2016.0,2021.050048828125,1707.309326171875,3809860,0.0,0.0
2019-12-03,TCS.NS,2027.699951171875,2062.0,2010.0,2051.0,1732.610595703125,4664774,0.0,0.0
2019-12-04,TCS.NS,2053.0,2082.0,2045.5,2078.5,1755.841552734375,3334301,0.0,0.0
2019-12-05,TCS.NS,2083.0,2126.800048828125,2068.35009765625,2121.300048828125,1791.997314453125,3902721,0.0,0.0
2019-12-06,TCS.NS,2124.0,2128.0,2101.0,2123.60009765625,1793.9404296875,1829461,0.0,0.0
2019-12-09,TCS.NS,2127.949951171875,2127.949951171875,2053.5,2060.449951171875,1740.5931396484375,2244747,0.0,0.0
2019-12-10,TCS.NS,2060.0,2060.85009765625,2003.25,2012.8499755859373,1700.3826904296875,4520045,0.0,0.0
2019-12-11,TCS.NS,2025.4000244140625,2048.0,2006.75,2041.9000244140625,1724.9229736328125,4943024,0.0,0.0
2019-12-12,TCS.NS,2051.10009765625,2083.64990234375,1984.0,2020.9000244140625,1707.182861328125,7137306,0.0,0.0
2019-12-13,TCS.NS,2023.0,2077.39990234375,2007.0,2071.25,1749.716552734375,5711133,0.0,0.0
2019-12-16,TCS.NS,2096.0,2136.0,2080.300048828125,2126.75,1796.601318359375,5574177,0.0,0.0
2019-12-17,TCS.NS,2126.5,2169.0,2119.0,2164.949951171875,1828.8712158203125,6059673,0.0,0.0
2019-12-18,TCS.NS,2174.0,2203.449951171875,2153.0,2167.75,1831.2366943359373,8251081,0.0,0.0
2019-12-19,TCS.NS,2179.800048828125,2236.5,2167.550048828125,2229.050048828125,1883.0203857421875,6251505,0.0,0.0
2019-12-20,TCS.NS,2220.0,2246.699951171875,2208.25,2222.89990234375,1877.8253173828125,5548338,0.0,0.0
2019-12-23,TCS.NS,2210.0,2241.949951171875,2210.0,2231.699951171875,1885.2587890625,2247329,0.0,0.0
2019-12-24,TCS.NS,2239.0,2243.550048828125,2211.14990234375,2215.60009765625,1871.6585693359373,1805896,0.0,0.0
2019-12-26,TCS.NS,2216.39990234375,2229.0,2195.199951171875,2201.949951171875,1860.1275634765625,1880367,0.0,0.0
2019-12-27,TCS.NS,2208.0,2226.39990234375,2176.0,2198.5,1857.2127685546875,2720261,0.0,0.0
2019-12-30,TCS.NS,2207.0,2225.0,2177.10009765625,2183.199951171875,1844.2877197265625,2288830,0.0,0.0
2019-12-31,TCS.NS,2189.0,2197.0,2157.449951171875,2161.699951171875,1826.12548828125,1909289,0.0,0.0
2020-01-01,TCS.NS,2168.0,2183.89990234375,2154.0,2167.60009765625,1831.10986328125,1354908,0.0,0.0
2020-01-02,TCS.NS,2179.949951171875,2179.949951171875,2149.199951171875,2157.64990234375,1822.7042236328125,2380752,0.0,0.0
2020-01-03,TCS.NS,2164.0,2223.0,2164.0,2200.64990234375,1859.0291748046875,4655761,0.0,0.0
2020-01-06,TCS.NS,2205.0,2225.949951171875,2187.89990234375,2200.449951171875,1858.860107421875,3023209,0.0,0.0
2020-01-07,TCS.NS,2200.5,2214.64990234375,2183.800048828125,2205.85009765625,1863.42236328125,2429317,0.0,0.0
2020-01-08,TCS.NS,2205.0,2260.0,2202.050048828125,2255.25,1905.1531982421875,5197454,0.0,0.0
2020-01-09,TCS.NS,2248.75,2251.949951171875,2210.0,2214.35009765625,1870.6021728515625,3734173,0.0,0.0
2020-01-10,TCS.NS,2228.0,2234.0,2208.0,2213.550048828125,1869.927001953125,1915807,0.0,0.0
2020-01-13,TCS.NS,2217.85009765625,2218.949951171875,2184.699951171875,2190.35009765625,1850.328125,2843893,0.0,0.0
2020-01-14,TCS.NS,2195.0,2229.800048828125,2195.0,2206.89990234375,1864.308837890625,2948452,0.0,0.0
2020-01-15,TCS.NS,2213.0,2231.0,2194.199951171875,2226.89990234375,1881.2041015625,2620681,0.0,0.0
2020-01-16,TCS.NS,2226.949951171875,2249.0,2215.0,2238.800048828125,1891.2569580078125,3117214,0.0,0.0
2020-01-17,TCS.NS,2240.75,2253.550048828125,2213.0,2219.10009765625,1874.6153564453125,3281059,0.0,0.0
2020-01-20,TCS.NS,2194.89990234375,2242.199951171875,2156.199951171875,2170.35009765625,1833.4332275390625,5817599,0.0,0.0
2020-01-21,TCS.NS,2169.949951171875,2186.550048828125,2158.050048828125,2171.050048828125,1834.0242919921875,1902980,0.0,0.0
2020-01-22,TCS.NS,2181.0,2210.0,2173.699951171875,2206.89990234375,1864.308837890625,1773686,0.0,0.0
2020-01-23,TCS.NS,2209.800048828125,2217.75,2183.699951171875,2190.949951171875,1855.03759765625,2069866,5.0,0.0
2020-01-24,TCS.NS,2190.949951171875,2190.949951171875,2170.0,2183.39990234375,1848.645263671875,1319430,0.0,0.0
2020-01-27,TCS.NS,2189.699951171875,2193.449951171875,2165.0,2169.25,1836.6649169921875,1549101,0.0,0.0
2020-01-28,TCS.NS,2174.0,2187.800048828125,2152.0,2183.75,1848.9415283203125,1743024,0.0,0.0
2020-01-29,TCS.NS,2185.0,2186.949951171875,2150.0,2154.60009765625,1824.260986328125,2306761,0.0,0.0
2020-01-30,TCS.NS,2160.0,2165.0,2125.0,2137.85009765625,1810.0789794921875,2098567,0.0,0.0
2020-01-31,TCS.NS,2139.39990234375,2144.35009765625,2071.60009765625,2079.050048828125,1760.2938232421875,3287223,0.0,0.0
2020-02-03,TCS.NS,2152.0,2194.699951171875,2093.199951171875,2102.5,1780.14892578125,4728073,0.0,0.0
2020-02-04,TCS.NS,2129.0,2136.699951171875,2086.60009765625,2107.75,1784.5936279296875,3509339,0.0,0.0
2020-02-05,TCS.NS,2115.0,2156.699951171875,2104.300048828125,2146.550048828125,1817.4447021484373,2439322,0.0,0.0
2020-02-06,TCS.NS,2145.0,2174.199951171875,2115.5,2128.35009765625,1802.03564453125,2640065,0.0,0.0
2020-02-07,TCS.NS,2139.0,2151.0,2119.0,2136.550048828125,1808.9781494140625,2083442,0.0,0.0
2020-02-10,TCS.NS,2140.89990234375,2167.0,2119.0,2161.949951171875,1830.4840087890625,2383032,0.0,0.0
2020-02-11,TCS.NS,2163.0,2174.800048828125,2147.60009765625,2153.39990234375,1823.24462890625,1335820,0.0,0.0
2020-02-12,TCS.NS,2151.10009765625,2185.0,2150.0,2170.75,1837.9346923828125,1620407,0.0,0.0
2020-02-13,TCS.NS,2172.949951171875,2197.0,2171.0,2191.949951171875,1855.884521484375,1645948,0.0,0.0
2020-02-14,TCS.NS,2188.0,2212.0,2171.0,2184.199951171875,1849.3226318359373,1500115,0.0,0.0
2020-02-17,TCS.NS,2196.949951171875,2217.0,2190.199951171875,2203.25,1865.4522705078125,1774724,0.0,0.0
2020-02-18,TCS.NS,2199.949951171875,2221.0,2186.050048828125,2215.75,1876.0360107421875,2486223,0.0,0.0
2020-02-19,TCS.NS,2215.75,2230.0,2190.5,2196.35009765625,1859.6102294921875,1760463,0.0,0.0
2020-02-20,TCS.NS,2204.5,2214.39990234375,2151.25,2156.800048828125,1826.12353515625,2317278,0.0,0.0
2020-02-24,TCS.NS,2156.0,2178.949951171875,2106.699951171875,2115.35009765625,1791.02880859375,3092877,0.0,0.0
2020-02-25,TCS.NS,2115.5,2176.64990234375,2111.0,2156.14990234375,1825.5732421875,2674567,0.0,0.0
2020-02-26,TCS.NS,2154.0,2163.89990234375,2112.949951171875,2123.60009765625,1798.0140380859375,2686842,0.0,0.0
2020-02-27,TCS.NS,2119.949951171875,2119.949951171875,2086.199951171875,2105.5,1782.68896484375,2349001,0.0,0.0
2020-02-28,TCS.NS,2068.0,2069.5,1990.0,2000.1500244140625,1693.4906005859375,4298076,0.0,0.0
2020-03-02,TCS.NS,2035.0,2053.949951171875,1985.699951171875,2001.300048828125,1694.464599609375,2667076,0.0,0.0
2020-03-03,TCS.NS,2020.0,2060.0,2012.0,2036.199951171875,1724.0137939453125,2757585,0.0,0.0
2020-03-04,TCS.NS,2056.0,2094.449951171875,2025.0,2083.199951171875,1763.807861328125,3237002,0.0,0.0
2020-03-05,TCS.NS,2085.699951171875,2147.75,2084.050048828125,2125.050048828125,1799.2415771484375,3937056,0.0,0.0
2020-03-06,TCS.NS,2098.0,2123.64990234375,2071.60009765625,2116.449951171875,1791.9598388671875,2595027,0.0,0.0
2020-03-09,TCS.NS,2075.0,2079.89990234375,1935.0,1972.3499755859373,1669.9534912109375,4940975,0.0,0.0
2020-03-11,TCS.NS,1933.0,1987.300048828125,1920.0,1953.699951171875,1654.1622314453125,6796449,0.0,0.0
2020-03-12,TCS.NS,1904.0,1908.4000244140625,1758.3499755859375,1769.8499755859375,1498.5001220703125,8728786,0.0,0.0
2020-03-13,TCS.NS,1687.9000244140625,1820.0,1506.050048828125,1806.300048828125,1529.3616943359375,8029720,0.0,0.0
2020-03-16,TCS.NS,1755.0,1842.25,1675.8499755859375,1696.4000244140625,1436.3109130859375,7844271,0.0,0.0
2020-03-17,TCS.NS,1730.0,1731.0,1623.1500244140625,1658.0,1403.798583984375,5713248,0.0,0.0
2020-03-18,TCS.NS,1676.800048828125,1713.550048828125,1627.75,1654.4000244140625,1400.75048828125,7258778,0.0,0.0
2020-03-19,TCS.NS,1559.699951171875,1685.449951171875,1546.75,1636.3499755859375,1395.5909423828125,5135111,12.0,0.0
2020-03-20,TCS.NS,1630.0,1869.0,1627.0,1797.449951171875,1532.9879150390625,8547498,0.0,0.0
2020-03-23,TCS.NS,1620.0,1750.0,1617.75,1669.699951171875,1424.0338134765625,7003490,0.0,0.0
2020-03-24,TCS.NS,1653.050048828125,1770.0,1632.8499755859375,1703.1500244140625,1452.5623779296875,6350865,0.0,0.0
2020-03-25,TCS.NS,1700.0,1810.0,1680.0,1750.300048828125,1492.77490234375,2765520,0.0,0.0
2020-03-26,TCS.NS,1831.5999755859373,1832.050048828125,1722.550048828125,1790.949951171875,1527.4442138671875,4556067,0.0,0.0
2020-03-27,TCS.NS,1820.0,1850.0,1750.4000244140625,1824.5,1556.057861328125,4331250,0.0,0.0
2020-03-30,TCS.NS,1766.0,1905.0,1763.550048828125,1778.5,1516.8260498046875,8513547,0.0,0.0
2020-03-31,TCS.NS,1837.4000244140625,1855.0,1780.0,1826.0999755859373,1557.4224853515625,3927593,0.0,0.0
2020-04-01,TCS.NS,1825.9000244140625,1834.75,1702.0,1708.75,1457.3382568359375,4941878,0.0,0.0
2020-04-03,TCS.NS,1740.0,1740.0,1650.0,1654.199951171875,1410.814453125,5735369,0.0,0.0
2020-04-07,TCS.NS,1710.0,1785.8499755859375,1705.0,1775.199951171875,1514.01171875,5427577,0.0,0.0
2020-04-08,TCS.NS,1760.0,1806.0,1701.0,1705.449951171875,1454.52392578125,6285615,0.0,0.0
2020-04-09,TCS.NS,1750.449951171875,1778.800048828125,1731.199951171875,1766.1500244140625,1506.293212890625,5307397,0.0,0.0
2020-04-13,TCS.NS,1761.0,1787.0,1746.0,1759.25,1500.408203125,2990438,0.0,0.0
2020-04-15,TCS.NS,1785.0,1812.0,1727.800048828125,1735.1500244140625,1479.8541259765625,4761399,0.0,0.0
2020-04-16,TCS.NS,1709.949951171875,1764.9000244140625,1675.050048828125,1716.050048828125,1463.5645751953125,6245533,0.0,0.0
2020-04-17,TCS.NS,1800.0,1851.949951171875,1753.0,1806.199951171875,1540.4501953125,9895823,0.0,0.0
2020-04-20,TCS.NS,1830.0,1830.0,1802.5,1818.6500244140625,1551.068359375,3244282,0.0,0.0
2020-04-21,TCS.NS,1765.0,1794.5999755859375,1727.699951171875,1737.6500244140625,1481.9862060546875,5122541,0.0,0.0
2020-04-22,TCS.NS,1737.6500244140625,1790.0,1719.1500244140625,1769.5,1509.150146484375,3829836,0.0,0.0
2020-04-23,TCS.NS,1780.0,1900.0,1760.8499755859375,1878.25,1601.8997802734375,5934366,0.0,0.0
2020-04-24,TCS.NS,1840.699951171875,1851.949951171875,1807.800048828125,1818.550048828125,1550.9835205078125,2987102,0.0,0.0
2020-04-27,TCS.NS,1832.300048828125,1875.0,1825.0,1836.5999755859373,1566.3778076171875,3374741,0.0,0.0
2020-04-28,TCS.NS,1865.0,1868.0,1832.5999755859373,1859.050048828125,1585.5245361328125,2678505,0.0,0.0
2020-04-29,TCS.NS,1874.0,1912.550048828125,1850.050048828125,1905.6500244140625,1625.2681884765625,4241510,0.0,0.0
2020-04-30,TCS.NS,1980.0,2032.0,1942.199951171875,2014.449951171875,1718.0604248046875,5915544,0.0,0.0
2020-05-04,TCS.NS,1966.0,1966.0,1913.6500244140625,1930.449951171875,1646.4193115234375,3729348,0.0,0.0
2020-05-05,TCS.NS,1955.0999755859373,1977.0,1927.0,1932.75,1648.3809814453125,2905528,0.0,0.0
2020-05-06,TCS.NS,1939.800048828125,1953.699951171875,1893.5999755859373,1903.5999755859373,1623.5198974609375,3517431,0.0,0.0
2020-05-07,TCS.NS,1910.0,1934.449951171875,1883.3499755859373,1891.6500244140625,1613.3280029296875,3166754,0.0,0.0
2020-05-08,TCS.NS,1939.0999755859373,1939.5,1886.25,1893.4000244140625,1614.8204345703125,2686530,0.0,0.0
2020-05-11,TCS.NS,1909.0,1951.4000244140625,1909.0,1935.300048828125,1650.555908203125,2449841,0.0,0.0
2020-05-12,TCS.NS,1933.4000244140625,1956.5,1910.25,1949.5,1662.6666259765625,3256595,0.0,0.0
2020-05-13,TCS.NS,1994.0,1994.0,1925.6500244140625,1949.6500244140625,1662.794677734375,2656665,0.0,0.0
2020-05-14,TCS.NS,1910.0,1923.0999755859373,1891.0999755859373,1902.3499755859373,1622.4537353515625,2263146,0.0,0.0
2020-05-15,TCS.NS,1916.0,1917.4000244140625,1865.199951171875,1892.9000244140625,1614.3941650390625,3173682,0.0,0.0
2020-05-18,TCS.NS,1907.0,1952.949951171875,1872.0999755859373,1945.5999755859373,1659.34033203125,3727694,0.0,0.0
2020-05-19,TCS.NS,1903.0,1966.449951171875,1903.0,1948.6500244140625,1661.94189453125,3198693,0.0,0.0
2020-05-20,TCS.NS,1950.0,1962.9000244140625,1931.699951171875,1953.5999755859373,1666.1629638671875,2778505,0.0,0.0
2020-05-21,TCS.NS,1946.0,1998.0,1941.1500244140625,1991.199951171875,1698.2310791015625,3400908,0.0,0.0
2020-05-22,TCS.NS,1977.0999755859373,2032.0,1961.25,2020.3499755859373,1723.092041015625,3663418,0.0,0.0
2020-05-26,TCS.NS,2015.0,2024.0,1925.0,1943.0,1657.122802734375,4575317,0.0,0.0
2020-05-27,TCS.NS,1959.0,2010.0,1941.25,2005.300048828125,1710.2564697265625,3482160,0.0,0.0
2020-05-28,TCS.NS,1988.5,2014.0,1971.300048828125,2004.300048828125,1709.4036865234375,3475681,0.0,0.0
2020-05-29,TCS.NS,1982.0,2002.6500244140625,1962.4000244140625,1972.3499755859373,1682.154296875,7237735,0.0,0.0
2020-06-01,TCS.NS,1990.0,2060.0,1981.0999755859373,2045.25,1744.3284912109375,3747773,0.0,0.0
2020-06-02,TCS.NS,2060.199951171875,2081.0,2040.050048828125,2047.1500244140625,1745.94921875,2443886,0.0,0.0
2020-06-03,TCS.NS,2051.85009765625,2063.75,2020.0,2046.1500244140625,1750.2257080078125,3699799,6.0,0.0
2020-06-04,TCS.NS,2046.75,2100.0,2046.75,2091.550048828125,1789.0599365234375,4048593,0.0,0.0
2020-06-05,TCS.NS,2091.60009765625,2098.0,2040.300048828125,2048.25,1752.0223388671875,3573289,0.0,0.0
2020-06-08,TCS.NS,2078.25,2095.0,2062.10009765625,2071.75,1772.1234130859375,2957841,0.0,0.0
2020-06-09,TCS.NS,2063.10009765625,2095.5,2060.25,2072.050048828125,1772.380126953125,2909439,0.0,0.0
2020-06-10,TCS.NS,2077.050048828125,2132.0,2073.5,2108.75,1803.772216796875,5168397,0.0,0.0
2020-06-11,TCS.NS,2100.0,2105.0,2061.800048828125,2067.64990234375,1768.6163330078125,2269513,0.0,0.0
2020-06-12,TCS.NS,2011.199951171875,2049.199951171875,2011.0,2039.5,1744.537841796875,2842642,0.0,0.0
2020-06-15,TCS.NS,2039.0999755859373,2059.0,2000.949951171875,2029.9000244140625,1736.3260498046875,2399022,0.0,0.0
2020-06-16,TCS.NS,2065.0,2073.949951171875,2031.0,2045.800048828125,1749.9263916015625,2146528,0.0,0.0
2020-06-17,TCS.NS,2046.0,2058.85009765625,2026.550048828125,2047.800048828125,1751.6370849609375,2703527,0.0,0.0
2020-06-18,TCS.NS,2045.0,2059.199951171875,2025.199951171875,2038.0999755859373,1743.340087890625,1944389,0.0,0.0
2020-06-19,TCS.NS,2042.0,2090.0,2032.0,2044.5999755859373,1748.9000244140625,5681758,0.0,0.0
2020-06-22,TCS.NS,2050.0,2052.25,2019.1500244140625,2027.949951171875,1734.6580810546875,3196138,0.0,0.0
2020-06-23,TCS.NS,2027.0,2044.0,2010.0,2035.300048828125,1740.9449462890625,4205944,0.0,0.0
2020-06-24,TCS.NS,2034.0,2064.25,2031.5999755859373,2042.199951171875,1746.84716796875,2560937,0.0,0.0
2020-06-25,TCS.NS,2035.0,2060.0,2009.25,2016.0999755859373,1724.5218505859375,3043931,0.0,0.0
2020-06-26,TCS.NS,2025.0,2132.0,2019.949951171875,2118.85009765625,1812.41162109375,6300722,0.0,0.0
2020-06-29,TCS.NS,2108.0,2127.60009765625,2091.300048828125,2101.64990234375,1797.699462890625,3076341,0.0,0.0
2020-06-30,TCS.NS,2100.0,2111.89990234375,2075.050048828125,2082.14990234375,1781.0191650390625,3071725,0.0,0.0
2020-07-01,TCS.NS,2079.699951171875,2113.949951171875,2079.5,2092.050048828125,1789.4873046875,2503466,0.0,0.0
2020-07-02,TCS.NS,2102.0,2165.0,2098.0,2157.14990234375,1845.1724853515625,3758699,0.0,0.0
2020-07-03,TCS.NS,2163.64990234375,2205.0,2160.25,2199.64990234375,1881.5263671875,4185208,0.0,0.0
2020-07-06,TCS.NS,2205.0,2269.89990234375,2205.0,2263.199951171875,1935.88525390625,5190366,0.0,0.0
2020-07-07,TCS.NS,2275.0,2302.699951171875,2232.14990234375,2269.89990234375,1941.6162109375,5630055,0.0,0.0
2020-07-08,TCS.NS,2270.0,2274.39990234375,2207.60009765625,2218.89990234375,1897.9921875,2793358,0.0,0.0
2020-07-09,TCS.NS,2229.0,2244.5,2191.050048828125,2204.35009765625,1885.5465087890625,3443998,0.0,0.0
2020-07-10,TCS.NS,2205.25,2249.85009765625,2176.0,2222.35009765625,1900.9427490234373,9610320,0.0,0.0
2020-07-13,TCS.NS,2220.0,2244.949951171875,2210.0,2220.0,1898.9327392578125,2963503,0.0,0.0
2020-07-14,TCS.NS,2210.0,2239.0,2165.0,2171.949951171875,1857.8323974609373,2976738,0.0,0.0
2020-07-15,TCS.NS,2185.0,2260.0,2181.10009765625,2233.89990234375,1910.822265625,5569321,0.0,0.0
2020-07-16,TCS.NS,2244.0,2333.0,2220.10009765625,2234.75,1915.837646484375,8582118,5.0,0.0
2020-07-17,TCS.NS,2237.0,2243.89990234375,2190.050048828125,2200.75,1886.689697265625,4509135,0.0,0.0
2020-07-20,TCS.NS,2201.0,2226.89990234375,2190.800048828125,2207.89990234375,1892.819580078125,2952646,0.0,0.0
2020-07-21,TCS.NS,2230.0,2238.64990234375,2201.14990234375,2225.050048828125,1907.52197265625,2665286,0.0,0.0
2020-07-22,TCS.NS,2231.0,2231.0,2184.199951171875,2190.949951171875,1878.2882080078125,2861534,0.0,0.0
2020-07-23,TCS.NS,2190.949951171875,2190.949951171875,2163.0,2171.199951171875,1861.3568115234373,2265766,0.0,0.0
2020-07-24,TCS.NS,2154.5,2163.0,2125.10009765625,2157.39990234375,1849.5257568359373,3665100,0.0,0.0
2020-07-27,TCS.NS,2165.0,2215.0,2163.5,2206.800048828125,1891.8763427734373,4248480,0.0,0.0
2020-07-28,TCS.NS,2215.0,2320.0,2215.0,2309.75,1980.1346435546875,8092319,0.0,0.0
2020-07-29,TCS.NS,2292.0,2342.0,2246.050048828125,2276.050048828125,1951.243408203125,6090431,0.0,0.0
2020-07-30,TCS.NS,2285.89990234375,2358.0,2272.25,2279.5,1954.2017822265625,7098496,0.0,0.0
2020-07-31,TCS.NS,2303.14990234375,2334.800048828125,2257.449951171875,2281.39990234375,1955.8302001953125,4723290,0.0,0.0
2020-08-03,TCS.NS,2290.449951171875,2303.85009765625,2230.699951171875,2254.14990234375,1932.4686279296875,4012337,0.0,0.0
2020-08-04,TCS.NS,2259.949951171875,2269.64990234375,2225.050048828125,2249.699951171875,1928.6539306640625,2927928,0.0,0.0
2020-08-05,TCS.NS,2260.0,2300.0,2253.0,2259.5,1937.0560302734373,3800641,0.0,0.0
2020-08-06,TCS.NS,2275.0,2319.5,2265.35009765625,2308.10009765625,1978.72021484375,4748047,0.0,0.0
2020-08-07,TCS.NS,2308.0,2328.0,2287.0,2295.35009765625,1967.7891845703125,3165491,0.0,0.0
2020-08-10,TCS.NS,2318.0,2325.0,2276.050048828125,2282.800048828125,1957.0302734375,2929353,0.0,0.0
2020-08-11,TCS.NS,2283.0,2312.0,2275.60009765625,2279.89990234375,1954.5440673828125,2774423,0.0,0.0
2020-08-12,TCS.NS,2288.35009765625,2296.39990234375,2246.550048828125,2257.35009765625,1935.21240234375,3415751,0.0,0.0
2020-08-13,TCS.NS,2273.0,2300.0,2250.5,2254.449951171875,1932.7261962890625,2695682,0.0,0.0
2020-08-14,TCS.NS,2277.0,2281.300048828125,2233.10009765625,2242.14990234375,1922.1817626953125,2270405,0.0,0.0
2020-08-17,TCS.NS,2263.0,2270.0,2238.25,2253.39990234375,1931.8262939453125,2625630,0.0,0.0
2020-08-18,TCS.NS,2262.800048828125,2289.0,2248.300048828125,2269.75,1945.842529296875,3493374,0.0,0.0
2020-08-19,TCS.NS,2276.35009765625,2284.60009765625,2252.5,2256.60009765625,1934.5689697265625,2843005,0.0,0.0
2020-08-20,TCS.NS,2257.0,2276.550048828125,2240.050048828125,2252.85009765625,1931.35498046875,2895164,0.0,0.0
2020-08-21,TCS.NS,2260.0,2271.0,2241.050048828125,2248.60009765625,1927.7110595703125,1975294,0.0,0.0
2020-08-24,TCS.NS,2250.60009765625,2259.949951171875,2230.0,2248.10009765625,1927.28271484375,2167966,0.0,0.0
2020-08-25,TCS.NS,2245.0,2250.0,2233.550048828125,2242.64990234375,1922.6102294921875,1663419,0.0,0.0
2020-08-26,TCS.NS,2242.0,2259.89990234375,2216.449951171875,2253.5,1931.9117431640625,2618149,0.0,0.0
2020-08-27,TCS.NS,2266.0,2287.35009765625,2241.75,2248.39990234375,1927.5396728515625,3579393,0.0,0.0
2020-08-28,TCS.NS,2268.39990234375,2279.949951171875,2235.10009765625,2238.550048828125,1919.095703125,2941136,0.0,0.0
2020-08-31,TCS.NS,2240.0,2276.199951171875,2228.0,2257.25,1935.12646484375,6018154,0.0,0.0
2020-09-01,TCS.NS,2269.0,2278.0,2241.300048828125,2246.35009765625,1925.782958984375,3610908,0.0,0.0
2020-09-02,TCS.NS,2247.0,2268.75,2241.64990234375,2265.14990234375,1941.8995361328125,2084137,0.0,0.0
2020-09-03,TCS.NS,2268.0,2324.0,2268.0,2299.5,1971.347412109375,4654146,0.0,0.0
2020-09-04,TCS.NS,2275.0,2324.25,2262.949951171875,2288.800048828125,1962.1748046875,5231303,0.0,0.0
2020-09-07,TCS.NS,2289.0,2343.5,2283.35009765625,2327.050048828125,1994.9666748046875,4620401,0.0,0.0
2020-09-08,TCS.NS,2335.949951171875,2390.449951171875,2327.050048828125,2348.199951171875,2013.0977783203125,7453998,0.0,0.0
2020-09-09,TCS.NS,2325.0,2359.0,2320.0,2327.64990234375,1995.4801025390625,3866535,0.0,0.0
2020-09-10,TCS.NS,2335.0,2348.5,2324.300048828125,2331.14990234375,1998.4810791015625,2308813,0.0,0.0
2020-09-11,TCS.NS,2330.949951171875,2383.0,2330.14990234375,2374.10009765625,2035.3009033203125,4145424,0.0,0.0
2020-09-14,TCS.NS,2384.10009765625,2505.75,2381.85009765625,2491.39990234375,2135.8623046875,7512131,0.0,0.0
2020-09-15,TCS.NS,2491.39990234375,2538.0,2464.60009765625,2491.39990234375,2135.8623046875,7318770,0.0,0.0
2020-09-16,TCS.NS,2488.949951171875,2507.60009765625,2477.300048828125,2503.0,2145.806396484375,3074003,0.0,0.0
2020-09-17,TCS.NS,2480.0,2495.75,2450.60009765625,2460.949951171875,2109.75732421875,4828176,0.0,0.0
2020-09-18,TCS.NS,2485.0,2500.39990234375,2436.39990234375,2449.89990234375,2100.2841796875,4183256,0.0,0.0
2020-09-21,TCS.NS,2465.0,2504.89990234375,2452.14990234375,2465.300048828125,2113.48681640625,4598809,0.0,0.0
2020-09-22,TCS.NS,2485.0,2555.0,2458.0,2522.949951171875,2162.9091796875,7499613,0.0,0.0
2020-09-23,TCS.NS,2510.0,2519.85009765625,2409.0,2467.449951171875,2115.330078125,7502280,0.0,0.0
2020-09-24,TCS.NS,2450.0,2450.0,2302.60009765625,2332.25,1999.424072265625,8424708,0.0,0.0
2020-09-25,TCS.NS,2368.0,2440.0,2352.10009765625,2422.300048828125,2076.62255859375,8228267,0.0,0.0
2020-09-28,TCS.NS,2440.0,2444.0,2366.0,2426.300048828125,2080.052001953125,4347166,0.0,0.0
2020-09-29,TCS.NS,2434.85009765625,2511.050048828125,2426.300048828125,2488.39990234375,2133.29052734375,6995811,0.0,0.0
2020-09-30,TCS.NS,2489.0,2505.0,2460.0,2492.300048828125,2136.63330078125,3917166,0.0,0.0
2020-10-01,TCS.NS,2510.0,2540.0,2492.300048828125,2523.449951171875,2163.3388671875,2610337,0.0,0.0
2020-10-05,TCS.NS,2620.0,2728.10009765625,2603.050048828125,2705.800048828125,2319.666015625,17412105,0.0,0.0
2020-10-06,TCS.NS,2736.0,2736.0,2650.10009765625,2714.300048828125,2326.953125,9846367,0.0,0.0
2020-10-07,TCS.NS,2742.0,2770.0,2703.0,2735.949951171875,2345.513916015625,9656101,0.0,0.0
2020-10-08,TCS.NS,2800.0,2885.0,2800.0,2825.699951171875,2422.455322265625,19839329,0.0,0.0
2020-10-09,TCS.NS,2810.0,2829.85009765625,2780.0,2812.949951171875,2411.52490234375,7739245,0.0,0.0
2020-10-12,TCS.NS,2815.5,2854.0,2800.75,2830.0,2426.141845703125,4623203,0.0,0.0
2020-10-13,TCS.NS,2845.0,2854.89990234375,2812.199951171875,2826.550048828125,2423.18408203125,4209878,0.0,0.0
2020-10-14,TCS.NS,2842.0,2842.0,2787.550048828125,2809.60009765625,2418.922119140625,4395936,12.0,0.0
2020-10-15,TCS.NS,2811.0,2827.75,2727.0,2740.60009765625,2359.517578125,6629355,0.0,0.0
2020-10-16,TCS.NS,2750.10009765625,2771.64990234375,2731.300048828125,2763.300048828125,2379.060546875,5273773,0.0,0.0
2020-10-19,TCS.NS,2774.0,2774.0,2706.60009765625,2711.550048828125,2334.50634765625,3331194,0.0,0.0
2020-10-20,TCS.NS,2725.0,2759.89990234375,2717.949951171875,2739.0,2358.139892578125,3406273,0.0,0.0
2020-10-21,TCS.NS,2739.0,2749.0,2663.050048828125,2675.39990234375,2303.38330078125,4570143,0.0,0.0
2020-10-22,TCS.NS,2661.0,2686.64990234375,2638.10009765625,2671.14990234375,2299.72412109375,5262294,0.0,0.0
2020-10-23,TCS.NS,2687.800048828125,2702.0,2670.10009765625,2686.800048828125,2313.19775390625,3499091,0.0,0.0
2020-10-26,TCS.NS,2689.949951171875,2709.949951171875,2670.5,2688.199951171875,2314.403564453125,2672752,0.0,0.0
2020-10-27,TCS.NS,2699.75,2718.14990234375,2624.10009765625,2630.14990234375,2264.4248046875,3537502,0.0,0.0
2020-10-28,TCS.NS,2650.0,2655.949951171875,2606.0,2622.199951171875,2257.5810546875,3569445,0.0,0.0
2020-10-29,TCS.NS,2608.0,2655.0,2600.25,2632.64990234375,2266.577392578125,3105968,0.0,0.0
2020-10-30,TCS.NS,2636.10009765625,2674.35009765625,2621.60009765625,2664.85009765625,2294.300048828125,3427003,0.0,0.0
2020-11-02,TCS.NS,2660.0,2664.85009765625,2600.050048828125,2604.60009765625,2242.427734375,2571196,0.0,0.0
2020-11-03,TCS.NS,2604.0,2665.0,2601.050048828125,2633.60009765625,2267.39501953125,2879269,0.0,0.0
2020-11-04,TCS.NS,2610.0,2721.85009765625,2610.0,2653.14990234375,2284.226806640625,4893928,0.0,0.0
2020-11-05,TCS.NS,2685.0,2710.0,2667.0,2685.699951171875,2312.2509765625,2816502,0.0,0.0
2020-11-06,TCS.NS,2699.0,2713.25,2681.300048828125,2707.449951171875,2330.97607421875,3884421,0.0,0.0
2020-11-09,TCS.NS,2731.10009765625,2744.0,2695.10009765625,2726.60009765625,2347.463623046875,3646592,0.0,0.0
2020-11-10,TCS.NS,2697.199951171875,2713.14990234375,2638.35009765625,2649.60009765625,2281.171142578125,4760020,0.0,0.0
2020-11-11,TCS.NS,2667.949951171875,2692.800048828125,2643.39990234375,2687.800048828125,2314.05859375,3242441,0.0,0.0
2020-11-12,TCS.NS,2686.0,2713.0,2661.75,2671.050048828125,2299.637939453125,2437505,0.0,0.0
2020-11-13,TCS.NS,2655.75,2664.89990234375,2636.0,2656.85009765625,2287.41259765625,2548093,0.0,0.0
2020-11-17,TCS.NS,2695.0,2695.0,2650.050048828125,2666.050048828125,2295.3330078125,2827273,0.0,0.0
2020-11-18,TCS.NS,2661.0,2664.199951171875,2607.050048828125,2626.64990234375,2261.411865234375,2893762,0.0,0.0
2020-11-19,TCS.NS,2637.0,2676.14990234375,2630.85009765625,2636.89990234375,2270.236328125,4167501,0.0,0.0
2020-11-20,TCS.NS,2655.0,2676.0,2627.550048828125,2660.25,2290.340087890625,2711471,0.0,0.0
2020-11-23,TCS.NS,2690.0,2730.0,2665.0,2724.25,2345.440673828125,3706418,0.0,0.0
2020-11-24,TCS.NS,2734.39990234375,2743.0,2705.0,2722.050048828125,2343.54638671875,3120516,0.0,0.0
2020-11-25,TCS.NS,2729.0,2732.949951171875,2688.199951171875,2701.300048828125,2325.68212890625,3302249,0.0,0.0
2020-11-26,TCS.NS,2686.0,2730.949951171875,2680.0,2720.60009765625,2342.2978515625,2341099,0.0,0.0
2020-11-27,TCS.NS,2705.0,2717.699951171875,2669.050048828125,2679.64990234375,2307.042236328125,6086808,0.0,0.0
2020-12-01,TCS.NS,2679.0,2735.89990234375,2624.449951171875,2726.800048828125,2347.6357421875,3605017,0.0,0.0
2020-12-02,TCS.NS,2719.0,2754.699951171875,2702.449951171875,2749.550048828125,2367.222412109375,2509032,0.0,0.0
2020-12-03,TCS.NS,2773.89990234375,2773.89990234375,2700.800048828125,2709.449951171875,2332.69873046875,2852548,0.0,0.0
2020-12-04,TCS.NS,2710.800048828125,2738.85009765625,2699.0,2727.550048828125,2348.281982421875,2686527,0.0,0.0
2020-12-07,TCS.NS,2715.0,2744.0,2706.14990234375,2737.699951171875,2357.02001953125,1996400,0.0,0.0
2020-12-08,TCS.NS,2740.0,2805.550048828125,2732.449951171875,2797.300048828125,2408.3330078125,4277818,0.0,0.0
2020-12-09,TCS.NS,2815.0,2840.0,2793.14990234375,2810.800048828125,2419.955810546875,3659996,0.0,0.0
2020-12-10,TCS.NS,2818.0,2827.300048828125,2780.25,2784.300048828125,2397.140625,2127801,0.0,0.0
2020-12-11,TCS.NS,2792.699951171875,2807.699951171875,2764.550048828125,2783.60009765625,2396.5380859375,1795408,0.0,0.0
2020-12-14,TCS.NS,2802.0,2804.0,2756.25,2797.699951171875,2408.67724609375,2483658,0.0,0.0
2020-12-15,TCS.NS,2786.0,2794.699951171875,2755.0,2761.550048828125,2377.554443359375,2365509,0.0,0.0
2020-12-16,TCS.NS,2779.0,2819.800048828125,2760.449951171875,2814.199951171875,2422.88330078125,2565149,0.0,0.0
2020-12-17,TCS.NS,2811.0,2853.699951171875,2805.0,2838.199951171875,2443.545654296875,2863460,0.0,0.0
2020-12-18,TCS.NS,2868.0,2898.0,2846.199951171875,2861.0,2463.17529296875,6076692,0.0,0.0
2020-12-21,TCS.NS,2861.0,2886.5,2785.0,2820.14990234375,2428.005859375,2705195,0.0,0.0
2020-12-22,TCS.NS,2834.0,2883.64990234375,2818.64990234375,2872.5,2473.07666015625,2881737,0.0,0.0
2020-12-23,TCS.NS,2876.050048828125,2919.0,2865.449951171875,2908.75,2504.285888671875,2790988,0.0,0.0
2020-12-24,TCS.NS,2909.0,2921.35009765625,2883.199951171875,2909.35009765625,2504.802978515625,1807144,0.0,0.0
2020-12-28,TCS.NS,2910.0,2949.699951171875,2902.0,2929.39990234375,2522.064453125,2108994,0.0,0.0
2020-12-29,TCS.NS,2920.0,2952.0,2920.0,2930.5,2523.011474609375,1994151,0.0,0.0
2020-12-30,TCS.NS,2934.39990234375,2947.699951171875,2902.0,2909.300048828125,2504.7587890625,2637968,0.0,0.0
2020-12-31,TCS.NS,2900.0,2905.0,2845.0,2862.75,2464.681396484375,4040956,0.0,0.0
2021-01-01,TCS.NS,2880.0,2940.0,2879.0,2928.25,2521.07373046875,2681440,0.0,0.0
2021-01-04,TCS.NS,2950.0,3050.75,2940.949951171875,3039.449951171875,2616.81201171875,5113293,0.0,0.0
2021-01-05,TCS.NS,3039.60009765625,3114.25,3039.60009765625,3093.0,2662.91552734375,5801309,0.0,0.0
2021-01-06,TCS.NS,3100.0,3113.5,3037.199951171875,3051.5,2627.186279296875,3726716,0.0,0.0
2021-01-07,TCS.NS,3075.0,3080.85009765625,3000.25,3032.800048828125,2611.085693359375,3717827,0.0,0.0
2021-01-08,TCS.NS,3090.0,3128.0,3060.0,3120.89990234375,2686.935791015625,5879039,0.0,0.0
2021-01-11,TCS.NS,3230.0,3230.0,3146.550048828125,3176.449951171875,2734.76171875,9508039,0.0,0.0
2021-01-12,TCS.NS,3176.449951171875,3210.0,3150.0,3174.85009765625,2733.38427734375,3611458,0.0,0.0
2021-01-13,TCS.NS,3175.0,3177.0,3126.25,3158.949951171875,2719.695068359375,3572801,0.0,0.0
2021-01-14,TCS.NS,3155.0,3266.5,3120.39990234375,3250.699951171875,2804.012451171875,6931542,6.0,0.0
2021-01-15,TCS.NS,3235.0,3274.0,3210.0,3233.35009765625,2789.046875,4131692,0.0,0.0
2021-01-18,TCS.NS,3250.0,3256.75,3187.39990234375,3221.75,2779.041015625,4160906,0.0,0.0
2021-01-19,TCS.NS,3233.0,3279.0,3232.0,3260.699951171875,2812.63916015625,2975735,0.0,0.0
2021-01-20,TCS.NS,3270.0,3327.949951171875,3267.10009765625,3308.800048828125,2854.12939453125,3453446,0.0,0.0
2021-01-21,TCS.NS,3305.0,3309.14990234375,3262.10009765625,3273.85009765625,2823.98193359375,2778546,0.0,0.0
2021-01-22,TCS.NS,3241.89990234375,3325.0,3241.89990234375,3303.10009765625,2849.21240234375,3052459,0.0,0.0
2021-01-25,TCS.NS,3308.949951171875,3339.800048828125,3278.64990234375,3291.300048828125,2839.033935546875,2272887,0.0,0.0
2021-01-27,TCS.NS,3300.0,3306.449951171875,3227.0,3261.050048828125,2812.94091796875,2786662,0.0,0.0
2021-01-28,TCS.NS,3230.0,3275.0,3183.800048828125,3196.550048828125,2757.303466796875,3083938,0.0,0.0
2021-01-29,TCS.NS,3210.050048828125,3216.85009765625,3100.0,3111.35009765625,2683.81201171875,5445659,0.0,0.0
2021-02-01,TCS.NS,3100.0,3165.0,3044.10009765625,3139.35009765625,2707.964111328125,3985846,0.0,0.0
2021-02-02,TCS.NS,3174.0,3224.0,3150.0,3203.449951171875,2763.25634765625,2881837,0.0,0.0
2021-02-03,TCS.NS,3213.0,3236.0,3162.64990234375,3200.050048828125,2760.322998046875,2505866,0.0,0.0
2021-02-04,TCS.NS,3216.050048828125,3237.85009765625,3176.0,3188.449951171875,2750.31640625,2057261,0.0,0.0
2021-02-05,TCS.NS,3198.949951171875,3205.85009765625,3129.0,3157.949951171875,2724.00830078125,2366135,0.0,0.0
2021-02-08,TCS.NS,3189.5,3226.0,3155.14990234375,3214.10009765625,2772.442138671875,2526592,0.0,0.0
2021-02-09,TCS.NS,3195.0,3245.800048828125,3164.0,3176.89990234375,2740.353515625,2658751,0.0,0.0
2021-02-10,TCS.NS,3185.0,3219.39990234375,3157.300048828125,3213.300048828125,2771.75244140625,2127983,0.0,0.0
2021-02-11,TCS.NS,3215.0,3219.300048828125,3185.050048828125,3206.0,2765.455322265625,1165882,0.0,0.0
2021-02-12,TCS.NS,3184.199951171875,3245.5,3182.0,3190.800048828125,2752.344482421875,2777404,0.0,0.0
2021-02-15,TCS.NS,3209.0,3209.0,3131.550048828125,3139.85009765625,2708.39501953125,2630853,0.0,0.0
2021-02-16,TCS.NS,3150.0,3167.64990234375,3100.0,3108.800048828125,2681.611572265625,3435770,0.0,0.0
2021-02-17,TCS.NS,3105.10009765625,3132.85009765625,3045.550048828125,3073.10009765625,2650.816650390625,3678426,0.0,0.0
2021-02-18,TCS.NS,3065.0,3097.89990234375,3031.0,3057.35009765625,2637.2314453125,4189909,0.0,0.0
2021-02-19,TCS.NS,3058.0,3087.14990234375,3016.14990234375,3071.85009765625,2649.73974609375,3725028,0.0,0.0
2021-02-22,TCS.NS,3096.0,3096.0,2943.14990234375,2958.449951171875,2551.921630859375,5366696,0.0,0.0
2021-02-23,TCS.NS,2970.0,3028.0,2968.0,2980.199951171875,2570.6826171875,3832829,0.0,0.0
2021-02-24,TCS.NS,2972.0,3003.35009765625,2921.14990234375,2948.10009765625,2542.994384765625,3774549,0.0,0.0
2021-02-25,TCS.NS,2974.0,3029.89990234375,2968.449951171875,2995.300048828125,2583.7080078125,4224073,0.0,0.0
2021-02-26,TCS.NS,2960.0,2972.35009765625,2880.0,2894.300048828125,2496.5869140625,5553153,0.0,0.0
2021-03-01,TCS.NS,2926.0,2965.0,2901.800048828125,2924.199951171875,2522.3779296875,3265871,0.0,0.0
2021-03-02,TCS.NS,2960.0,3025.0,2948.0,3006.35009765625,2593.239501953125,3306469,0.0,0.0
2021-03-03,TCS.NS,3035.0,3064.0,2996.89990234375,3059.10009765625,2638.7412109375,3509857,0.0,0.0
2021-03-04,TCS.NS,3023.0,3081.449951171875,3016.050048828125,3049.699951171875,2630.6328125,3916760,0.0,0.0
2021-03-05,TCS.NS,3016.10009765625,3063.199951171875,2996.60009765625,3008.050048828125,2594.706787109375,3203686,0.0,0.0
2021-03-08,TCS.NS,3016.0,3033.0,2996.0,3006.949951171875,2593.756591796875,2003125,0.0,0.0
2021-03-09,TCS.NS,3006.949951171875,3066.89990234375,2992.10009765625,3050.949951171875,2631.71142578125,1942397,0.0,0.0
2021-03-10,TCS.NS,3075.0,3093.199951171875,3060.0,3070.949951171875,2648.963134765625,3053778,0.0,0.0
2021-03-12,TCS.NS,3075.0,3117.0,3041.35009765625,3057.949951171875,2637.749755859375,2938317,0.0,0.0
2021-03-15,TCS.NS,3041.0,3099.0,3041.0,3066.14990234375,2644.822509765625,3097083,0.0,0.0
2021-03-16,TCS.NS,3060.0,3141.0,3060.0,3110.050048828125,2682.6904296875,4894756,0.0,0.0
2021-03-17,TCS.NS,3105.0,3155.0,3085.300048828125,3112.949951171875,2685.191162109375,3838390,0.0,0.0
2021-03-18,TCS.NS,3125.949951171875,3146.449951171875,2987.050048828125,3036.5,2619.2470703125,3656306,0.0,0.0
2021-03-19,TCS.NS,3030.0,3099.0,3005.0,3050.199951171875,2631.064453125,5776626,0.0,0.0
2021-03-22,TCS.NS,3048.699951171875,3139.449951171875,3018.64990234375,3129.64990234375,2699.596923828125,2821646,0.0,0.0
2021-03-23,TCS.NS,3140.0,3169.0,3122.85009765625,3142.60009765625,2710.76708984375,3305973,0.0,0.0
2021-03-24,TCS.NS,3111.199951171875,3152.300048828125,3111.14990234375,3121.10009765625,2692.2216796875,2207104,0.0,0.0
2021-03-25,TCS.NS,3112.199951171875,3130.85009765625,3050.0,3064.85009765625,2643.701171875,3179786,0.0,0.0
2021-03-26,TCS.NS,3090.64990234375,3118.0,3043.050048828125,3066.800048828125,2645.383544921875,3697370,0.0,0.0
2021-03-30,TCS.NS,3083.0,3188.449951171875,3060.89990234375,3158.550048828125,2724.525634765625,4694008,0.0,0.0
2021-03-31,TCS.NS,3155.0,3205.0,3132.0,3177.85009765625,2741.17333984375,3530069,0.0,0.0
2021-04-01,TCS.NS,3191.10009765625,3215.0,3145.0,3165.0,2730.08935546875,4285076,0.0,0.0
2021-04-05,TCS.NS,3171.0,3263.0,3151.0,3238.89990234375,2793.834228515625,5317862,0.0,0.0
2021-04-06,TCS.NS,3275.0,3275.0,3230.0,3264.699951171875,2816.08935546875,2291562,0.0,0.0
2021-04-07,TCS.NS,3259.0,3277.550048828125,3234.800048828125,3271.39990234375,2821.868408203125,2491268,0.0,0.0
2021-04-08,TCS.NS,3270.0,3335.0,3266.050048828125,3317.35009765625,2861.504638671875,2578118,0.0,0.0
2021-04-09,TCS.NS,3354.0,3354.35009765625,3308.0,3322.25,2865.73046875,2911129,0.0,0.0
2021-04-12,TCS.NS,3322.25,3338.10009765625,3213.199951171875,3246.550048828125,2800.43310546875,3791828,0.0,0.0
2021-04-13,TCS.NS,3214.0,3214.0,3073.050048828125,3104.050048828125,2677.5146484375,8654596,0.0,0.0
2021-04-15,TCS.NS,3160.300048828125,3237.25,3087.449951171875,3218.949951171875,2776.626220703125,6062760,0.0,0.0
2021-04-16,TCS.NS,3229.0,3247.0,3182.60009765625,3195.14990234375,2756.0966796875,3224657,0.0,0.0
2021-04-19,TCS.NS,3169.0,3189.0,3135.10009765625,3161.800048828125,2727.328857421875,2679106,0.0,0.0
2021-04-20,TCS.NS,3225.0,3225.35009765625,3126.35009765625,3144.550048828125,2712.44921875,3141893,0.0,0.0
2021-04-22,TCS.NS,3148.0,3148.0,3105.25,3118.800048828125,2690.238037109375,1988980,0.0,0.0
2021-04-23,TCS.NS,3105.0,3119.0,3091.050048828125,3109.5,2682.2158203125,1615309,0.0,0.0
2021-04-26,TCS.NS,3102.050048828125,3153.0,3088.050048828125,3100.800048828125,2674.71142578125,2490260,0.0,0.0
2021-04-27,TCS.NS,3106.0,3136.10009765625,3103.0,3132.0,2701.6240234375,1471417,0.0,0.0
2021-04-28,TCS.NS,3149.949951171875,3151.0,3112.0,3124.10009765625,2694.80859375,1639037,0.0,0.0
2021-04-29,TCS.NS,3145.60009765625,3157.35009765625,3105.5,3115.25,2687.175537109375,1621395,0.0,0.0
2021-04-30,TCS.NS,3099.0,3132.050048828125,3020.0,3035.64990234375,2618.513671875,3072305,0.0,0.0
2021-05-03,TCS.NS,3024.89990234375,3055.0,3004.0,3037.0,2619.678466796875,1545831,0.0,0.0
2021-05-04,TCS.NS,3062.800048828125,3090.0,3035.0,3049.75,2630.67578125,1990777,0.0,0.0
2021-05-05,TCS.NS,3070.0,3099.39990234375,3052.39990234375,3095.699951171875,2670.3115234375,1939289,0.0,0.0
2021-05-06,TCS.NS,3105.5,3134.0,3074.0,3111.449951171875,2683.8974609375,1791671,0.0,0.0
2021-05-07,TCS.NS,3133.0,3159.85009765625,3111.800048828125,3132.89990234375,2702.39990234375,1912540,0.0,0.0
2021-05-10,TCS.NS,3145.949951171875,3164.199951171875,3125.0,3145.5,2713.268798828125,2137153,0.0,0.0
2021-05-11,TCS.NS,3125.0,3128.10009765625,3091.14990234375,3122.60009765625,2693.514892578125,2415625,0.0,0.0
2021-05-12,TCS.NS,3120.0,3120.0,3070.60009765625,3087.60009765625,2663.324951171875,1978558,0.0,0.0
2021-05-14,TCS.NS,3098.5,3098.5,3040.0,3051.5,2632.185791015625,2043935,0.0,0.0
2021-05-17,TCS.NS,3055.0,3075.199951171875,3036.0,3069.75,2647.92724609375,2890462,0.0,0.0
2021-05-18,TCS.NS,3100.0,3124.0,3078.0,3088.800048828125,2664.359619140625,2098538,0.0,0.0
2021-05-19,TCS.NS,3084.0,3118.0,3067.10009765625,3082.0,2658.49462890625,1986041,0.0,0.0
2021-05-20,TCS.NS,3067.10009765625,3088.800048828125,3052.10009765625,3060.0,2639.517333984375,2329027,0.0,0.0
2021-05-21,TCS.NS,3061.0,3088.199951171875,3055.10009765625,3080.5,2657.2001953125,1685566,0.0,0.0
2021-05-24,TCS.NS,3081.5,3105.0,3072.0,3081.5,2658.06396484375,1652260,0.0,0.0
2021-05-25,TCS.NS,3092.0,3128.25,3082.10009765625,3114.0,2699.236328125,1841613,15.0,0.0
2021-05-26,TCS.NS,3120.0,3165.0,3103.800048828125,3158.5,2737.8095703125,1923753,0.0,0.0
2021-05-27,TCS.NS,3161.949951171875,3217.75,3161.800048828125,3180.0,2756.4453125,5959785,0.0,0.0
2021-05-28,TCS.NS,3189.5,3198.0,3135.64990234375,3143.60009765625,2724.89404296875,1763701,0.0,0.0
2021-05-31,TCS.NS,3150.0,3170.35009765625,3128.60009765625,3159.14990234375,2738.372802734375,1652799,0.0,0.0
2021-06-01,TCS.NS,3168.60009765625,3169.949951171875,3132.0,3153.0,2733.0419921875,1377441,0.0,0.0
2021-06-02,TCS.NS,3150.85009765625,3159.449951171875,3115.0,3129.449951171875,2712.628662109375,2240078,0.0,0.0
2021-06-03,TCS.NS,3154.550048828125,3154.550048828125,3122.64990234375,3141.25,2722.857177734375,1281706,0.0,0.0
2021-06-04,TCS.NS,3128.0,3156.85009765625,3125.0,3143.75,2725.0244140625,1836060,0.0,0.0
2021-06-07,TCS.NS,3145.0,3190.449951171875,3133.60009765625,3183.199951171875,2759.2197265625,2559821,0.0,0.0
2021-06-08,TCS.NS,3198.0,3231.0,3187.199951171875,3200.14990234375,2773.91162109375,2574057,0.0,0.0
2021-06-09,TCS.NS,3202.0,3220.0,3186.199951171875,3200.25,2773.998291015625,1710925,0.0,0.0
2021-06-10,TCS.NS,3210.0,3224.0,3193.0,3216.800048828125,2788.3447265625,1874324,0.0,0.0
2021-06-11,TCS.NS,3211.550048828125,3309.0,3211.0,3273.800048828125,2837.752197265625,3452954,0.0,0.0
2021-06-14,TCS.NS,3279.0,3308.699951171875,3270.35009765625,3276.35009765625,2839.962646484375,1847360,0.0,0.0
2021-06-15,TCS.NS,3298.0,3298.0,3251.550048828125,3262.75,2828.173828125,1304985,0.0,0.0
2021-06-16,TCS.NS,3262.10009765625,3294.699951171875,3253.0,3274.35009765625,2838.22900390625,1635552,0.0,0.0
2021-06-17,TCS.NS,3265.5,3336.050048828125,3260.0,3317.75,2875.84814453125,2273413,0.0,0.0
2021-06-18,TCS.NS,3350.89990234375,3358.0,3275.0,3297.300048828125,2858.1220703125,3380431,0.0,0.0
2021-06-21,TCS.NS,3265.0,3286.0,3251.699951171875,3273.10009765625,2837.1455078125,1130569,0.0,0.0
2021-06-22,TCS.NS,3304.0,3327.050048828125,3285.0,3301.199951171875,2861.502685546875,1708688,0.0,0.0
2021-06-23,TCS.NS,3329.0,3329.0,3256.39990234375,3261.39990234375,2827.00390625,1467104,0.0,0.0
2021-06-24,TCS.NS,3284.0,3383.0,3278.5,3373.60009765625,2924.259765625,4155204,0.0,0.0
2021-06-25,TCS.NS,3375.25,3399.64990234375,3350.0,3380.800048828125,2930.5,2722861,0.0,0.0
2021-06-28,TCS.NS,3391.5,3391.5,3333.0,3336.75,2892.317626953125,1355238,0.0,0.0
2021-06-29,TCS.NS,3342.0,3366.300048828125,3326.5,3340.85009765625,2895.87158203125,1497322,0.0,0.0
2021-06-30,TCS.NS,3346.0,3382.0,3338.5,3345.75,2900.119140625,1693146,0.0,0.0
2021-07-01,TCS.NS,3358.0,3362.0,3332.35009765625,3341.5,2896.43505859375,990310,0.0,0.0
2021-07-02,TCS.NS,3331.0,3339.699951171875,3295.199951171875,3325.449951171875,2882.5224609375,1682274,0.0,0.0
2021-07-05,TCS.NS,3342.0,3374.0,3302.0,3321.0,2878.66552734375,1972858,0.0,0.0
2021-07-06,TCS.NS,3313.0,3328.0,3256.10009765625,3262.300048828125,2827.78369140625,2159420,0.0,0.0
2021-07-07,TCS.NS,3275.0,3282.699951171875,3241.60009765625,3274.949951171875,2838.74853515625,2640710,0.0,0.0
2021-07-08,TCS.NS,3298.0,3298.0,3231.89990234375,3258.5,2824.48974609375,2485811,0.0,0.0
2021-07-09,TCS.NS,3250.0,3282.0,3201.0,3208.14990234375,2780.84619140625,6365067,0.0,0.0
2021-07-12,TCS.NS,3235.0,3236.0,3188.35009765625,3193.10009765625,2767.8017578125,1892226,0.0,0.0
2021-07-13,TCS.NS,3214.0,3214.0,3175.0,3187.550048828125,2762.990478515625,1809339,0.0,0.0
2021-07-14,TCS.NS,3187.0,3222.0,3185.0,3214.550048828125,2786.394287109375,2044279,0.0,0.0
2021-07-15,TCS.NS,3227.60009765625,3231.85009765625,3194.0,3202.949951171875,2782.3974609375,2232968,7.0,0.0
2021-07-16,TCS.NS,3213.0,3219.85009765625,3192.0,3194.800048828125,2775.318115234375,1256526,0.0,0.0
2021-07-19,TCS.NS,3180.0,3199.800048828125,3176.0,3184.60009765625,2766.457275390625,1597058,0.0,0.0
2021-07-20,TCS.NS,3184.60009765625,3215.0,3156.14990234375,3205.800048828125,2784.873291015625,1811945,0.0,0.0
2021-07-22,TCS.NS,3190.0,3224.949951171875,3190.0,3216.35009765625,2794.038818359375,2859334,0.0,0.0
2021-07-23,TCS.NS,3230.0,3241.550048828125,3206.64990234375,3212.85009765625,2790.997802734375,1776193,0.0,0.0
2021-07-26,TCS.NS,3200.0,3224.25,3190.85009765625,3197.550048828125,2777.70703125,1259611,0.0,0.0
2021-07-27,TCS.NS,3200.0,3210.0,3161.14990234375,3182.949951171875,2765.023681640625,1121367,0.0,0.0
2021-07-28,TCS.NS,3188.0,3204.449951171875,3132.39990234375,3197.800048828125,2777.924072265625,1660654,0.0,0.0
2021-07-29,TCS.NS,3200.25,3225.449951171875,3190.300048828125,3195.800048828125,2776.1865234375,1731997,0.0,0.0
2021-07-30,TCS.NS,3219.0,3223.5,3162.35009765625,3167.449951171875,2751.55908203125,2999943,0.0,0.0
2021-08-02,TCS.NS,3180.0,3224.89990234375,3167.0,3219.39990234375,2796.688232421875,2608669,0.0,0.0
2021-08-03,TCS.NS,3229.0,3290.0,3218.949951171875,3284.89990234375,2853.588134765625,3804735,0.0,0.0
2021-08-04,TCS.NS,3300.0,3305.199951171875,3261.199951171875,3273.949951171875,2844.075439453125,2929598,0.0,0.0
2021-08-05,TCS.NS,3275.0,3315.0,3262.5,3283.949951171875,2852.7626953125,2534521,0.0,0.0
2021-08-06,TCS.NS,3272.550048828125,3324.0,3265.0,3309.800048828125,2875.218505859375,2292362,0.0,0.0
2021-08-09,TCS.NS,3323.89990234375,3337.0,3310.0,3322.699951171875,2886.424560546875,1510489,0.0,0.0
2021-08-10,TCS.NS,3315.60009765625,3349.89990234375,3315.60009765625,3333.89990234375,2896.154541015625,2040777,0.0,0.0
2021-08-11,TCS.NS,3350.0,3360.0,3327.10009765625,3344.199951171875,2905.101318359375,1929707,0.0,0.0
2021-08-12,TCS.NS,3326.0,3368.0,3326.0,3351.75,2911.65966796875,1310205,0.0,0.0
2021-08-13,TCS.NS,3360.75,3480.0,3357.5,3463.39990234375,3008.650146484375,4363584,0.0,0.0
2021-08-16,TCS.NS,3460.0,3494.35009765625,3436.5,3472.949951171875,3016.945556640625,2083489,0.0,0.0
2021-08-17,TCS.NS,3482.10009765625,3560.800048828125,3463.0,3553.050048828125,3086.529052734375,4336019,0.0,0.0
2021-08-18,TCS.NS,3573.85009765625,3595.0,3536.60009765625,3560.550048828125,3093.044677734375,2631309,0.0,0.0
2021-08-20,TCS.NS,3506.0,3575.0,3500.0,3559.5,3092.13232421875,2836148,0.0,0.0
2021-08-23,TCS.NS,3580.0,3673.0,3561.89990234375,3637.39990234375,3159.80419921875,3744176,0.0,0.0
2021-08-24,TCS.NS,3657.0,3667.35009765625,3594.39990234375,3613.199951171875,3138.781494140625,2511141,0.0,0.0
2021-08-25,TCS.NS,3610.0,3697.75,3607.050048828125,3659.0,3178.568115234375,2123263,0.0,0.0
2021-08-26,TCS.NS,3660.0,3687.60009765625,3647.89990234375,3671.85009765625,3189.73095703125,1902533,0.0,0.0
2021-08-27,TCS.NS,3666.0,3729.5,3651.10009765625,3720.14990234375,3231.6884765625,3944728,0.0,0.0
2021-08-30,TCS.NS,3715.0,3740.35009765625,3687.60009765625,3701.300048828125,3215.31396484375,2033114,0.0,0.0
2021-08-31,TCS.NS,3709.39990234375,3804.10009765625,3703.449951171875,3786.449951171875,3289.283203125,3207480,0.0,0.0
2021-09-01,TCS.NS,3796.0,3816.699951171875,3707.0,3714.949951171875,3227.17138671875,2643336,0.0,0.0
2021-09-02,TCS.NS,3734.0,3859.14990234375,3722.0,3836.75,3332.97900390625,3403717,0.0,0.0
2021-09-03,TCS.NS,3825.0,3856.89990234375,3804.550048828125,3842.050048828125,3337.582763671875,1746812,0.0,0.0
2021-09-06,TCS.NS,3849.699951171875,3877.60009765625,3814.0,3852.0,3346.226806640625,1723693,0.0,0.0
2021-09-07,TCS.NS,3864.0,3869.949951171875,3808.25,3815.89990234375,3314.86669921875,1585039,0.0,0.0
2021-09-08,TCS.NS,3810.0,3815.0,3756.0,3774.14990234375,3278.59814453125,4147175,0.0,0.0
2021-09-09,TCS.NS,3789.699951171875,3808.699951171875,3765.0,3791.39990234375,3293.583740234375,1441148,0.0,0.0
2021-09-13,TCS.NS,3767.0,3852.39990234375,3767.0,3845.35009765625,3340.449462890625,1691473,0.0,0.0
2021-09-14,TCS.NS,3849.949951171875,3896.5,3825.0,3885.89990234375,3375.675537109375,1991188,0.0,0.0
2021-09-15,TCS.NS,3882.10009765625,3980.0,3866.0,3954.550048828125,3435.311767578125,2461369,0.0,0.0
2021-09-16,TCS.NS,3930.0,3981.75,3892.10009765625,3903.300048828125,3390.79150390625,2946666,0.0,0.0
2021-09-17,TCS.NS,3920.0,3945.0,3805.0,3827.85009765625,3325.247802734375,6477148,0.0,0.0
2021-09-20,TCS.NS,3809.0,3871.0,3807.85009765625,3823.5,3321.468994140625,2002008,0.0,0.0
2021-09-21,TCS.NS,3858.0,3871.550048828125,3821.64990234375,3862.949951171875,3355.73828125,1568129,0.0,0.0
2021-09-22,TCS.NS,3862.5,3896.85009765625,3852.449951171875,3862.14990234375,3355.0439453125,1744067,0.0,0.0
2021-09-23,TCS.NS,3870.0,3879.0,3835.0,3869.25,3361.2109375,2003869,0.0,0.0
2021-09-24,TCS.NS,3890.0,3944.39990234375,3855.0,3871.300048828125,3362.9921875,2320754,0.0,0.0
2021-09-27,TCS.NS,3900.0,3904.0,3802.89990234375,3836.949951171875,3333.15283203125,1673362,0.0,0.0
2021-09-28,TCS.NS,3850.0,3850.0,3751.25,3779.14990234375,3282.94140625,2253075,0.0,0.0
2021-09-29,TCS.NS,3759.800048828125,3806.0,3722.14990234375,3791.89990234375,3294.017822265625,2489161,0.0,0.0
2021-09-30,TCS.NS,3805.0,3805.0,3750.10009765625,3775.550048828125,3279.814208984375,2252412,0.0,0.0
2021-10-01,TCS.NS,3781.75,3810.0,3725.0,3730.199951171875,3240.419189453125,1578374,0.0,0.0
2021-10-04,TCS.NS,3724.800048828125,3783.64990234375,3707.449951171875,3773.300048828125,3277.85986328125,1356860,0.0,0.0
2021-10-05,TCS.NS,3754.0,3840.0,3741.60009765625,3833.300048828125,3329.982177734375,1877966,0.0,0.0
2021-10-06,TCS.NS,3836.0,3857.449951171875,3795.0,3810.89990234375,3310.52294921875,1678154,0.0,0.0
2021-10-07,TCS.NS,3830.0,3899.0,3820.050048828125,3892.89990234375,3381.756103515625,1647233,0.0,0.0
2021-10-08,TCS.NS,3925.0,3989.89990234375,3900.0,3935.64990234375,3418.892822265625,2934339,0.0,0.0
2021-10-11,TCS.NS,3755.0,3757.5,3660.0,3685.60009765625,3201.67529296875,11845402,0.0,0.0
2021-10-12,TCS.NS,3706.0,3707.0,3630.60009765625,3652.85009765625,3173.225341796875,5752877,0.0,0.0
2021-10-13,TCS.NS,3650.0,3675.449951171875,3645.0,3655.199951171875,3175.266845703125,3545655,0.0,0.0
2021-10-14,TCS.NS,3625.0,3670.0,3608.199951171875,3611.449951171875,3143.280517578125,6442299,7.0,0.0
2021-10-18,TCS.NS,3603.449951171875,3652.699951171875,3601.449951171875,3647.14990234375,3174.353515625,3590107,0.0,0.0
2021-10-19,TCS.NS,3669.0,3690.10009765625,3625.199951171875,3634.14990234375,3163.038330078125,3135441,0.0,0.0
2021-10-20,TCS.NS,3612.0,3630.0,3578.300048828125,3608.85009765625,3141.01806640625,2933693,0.0,0.0
2021-10-21,TCS.NS,3604.10009765625,3607.449951171875,3511.25,3532.5,3074.5654296875,4871211,0.0,0.0
2021-10-22,TCS.NS,3560.0,3561.60009765625,3485.0,3498.85009765625,3045.27783203125,2691670,0.0,0.0
2021-10-25,TCS.NS,3503.0,3514.550048828125,3450.0,3492.949951171875,3040.14306640625,2595594,0.0,0.0
2021-10-26,TCS.NS,3494.5,3529.0,3475.0,3482.60009765625,3031.134521484375,3878763,0.0,0.0
2021-10-27,TCS.NS,3483.0,3511.25,3483.0,3489.75,3037.357666015625,2510813,0.0,0.0
2021-10-28,TCS.NS,3518.0,3518.0,3415.0,3421.64990234375,2978.085205078125,2424942,0.0,0.0
2021-10-29,TCS.NS,3400.050048828125,3461.0,3385.949951171875,3397.75,2957.28369140625,3960501,0.0,0.0
2021-11-01,TCS.NS,3437.949951171875,3487.0,3412.949951171875,3476.39990234375,3025.737548828125,2020718,0.0,0.0
2021-11-02,TCS.NS,3494.0,3513.60009765625,3469.75,3484.199951171875,3032.52685546875,3087414,0.0,0.0
2021-11-03,TCS.NS,3504.199951171875,3519.89990234375,3466.050048828125,3492.25,3039.533935546875,1537639,0.0,0.0
2021-11-04,TCS.NS,3512.949951171875,3513.25,3505.0,3508.64990234375,3053.807861328125,328991,0.0,0.0
2021-11-08,TCS.NS,3548.0,3548.0,3481.199951171875,3502.75,3048.672607421875,2526082,0.0,0.0
2021-11-09,TCS.NS,3508.0,3535.0,3496.0,3505.699951171875,3051.239501953125,1782692,0.0,0.0
2021-11-10,TCS.NS,3498.0,3519.699951171875,3480.199951171875,3484.300048828125,3032.614013671875,1516489,0.0,0.0
2021-11-11,TCS.NS,3480.0,3510.050048828125,3436.0,3488.199951171875,3036.00830078125,1284514,0.0,0.0
2021-11-12,TCS.NS,3506.0,3534.14990234375,3485.699951171875,3526.050048828125,3068.95166015625,1747259,0.0,0.0
2021-11-15,TCS.NS,3528.0,3569.60009765625,3528.0,3553.300048828125,3092.6689453125,1809157,0.0,0.0
2021-11-16,TCS.NS,3569.0,3575.550048828125,3542.0,3556.39990234375,3095.3671875,2013204,0.0,0.0
2021-11-17,TCS.NS,3550.60009765625,3562.85009765625,3506.39990234375,3521.89990234375,3065.33935546875,1632914,0.0,0.0
2021-11-18,TCS.NS,3515.14990234375,3520.85009765625,3451.60009765625,3475.699951171875,3025.128662109375,2136598,0.0,0.0
2021-11-22,TCS.NS,3478.39990234375,3515.949951171875,3440.300048828125,3458.39990234375,3010.0712890625,3167936,0.0,0.0
2021-11-23,TCS.NS,3445.0,3480.949951171875,3407.800048828125,3464.25,3015.162841796875,2153461,0.0,0.0
2021-11-24,TCS.NS,3472.199951171875,3493.050048828125,3424.0,3443.300048828125,2996.928955078125,2161746,0.0,0.0
2021-11-25,TCS.NS,3443.89990234375,3463.0,3434.050048828125,3445.89990234375,2999.19189453125,1849619,0.0,0.0
2021-11-26,TCS.NS,3425.0,3490.0,3411.89990234375,3446.85009765625,3000.01953125,1941251,0.0,0.0
2021-11-29,TCS.NS,3447.14990234375,3529.35009765625,3406.449951171875,3502.0,3048.019287109375,2981745,0.0,0.0
2021-11-30,TCS.NS,3491.0,3563.75,3491.0,3529.14990234375,3071.6494140625,5588446,0.0,0.0
2021-12-01,TCS.NS,3535.0,3590.0,3535.0,3577.800048828125,3113.99365234375,2102118,0.0,0.0
2021-12-02,TCS.NS,3589.199951171875,3648.0,3574.10009765625,3642.89990234375,3170.653564453125,3152938,0.0,0.0
2021-12-03,TCS.NS,3646.449951171875,3665.949951171875,3630.85009765625,3640.449951171875,3168.521484375,2486263,0.0,0.0
2021-12-06,TCS.NS,3640.449951171875,3658.0,3522.0,3536.39990234375,3077.959716796875,1849642,0.0,0.0
2021-12-07,TCS.NS,3562.5,3598.0,3524.300048828125,3584.5,3119.823974609375,1484458,0.0,0.0
2021-12-08,TCS.NS,3601.0,3646.449951171875,3601.0,3626.89990234375,3156.727783203125,1428660,0.0,0.0
2021-12-09,TCS.NS,3610.0,3634.75,3566.0,3601.75,3134.838623046875,1567957,0.0,0.0
2021-12-10,TCS.NS,3585.0,3642.0,3575.10009765625,3636.800048828125,3165.34423828125,1510718,0.0,0.0
2021-12-13,TCS.NS,3650.0,3662.0,3601.699951171875,3609.64990234375,3141.714111328125,1883864,0.0,0.0
2021-12-14,TCS.NS,3605.0,3635.0,3576.699951171875,3623.800048828125,3154.0302734375,1747007,0.0,0.0
2021-12-15,TCS.NS,3620.0,3623.0,3558.14990234375,3570.35009765625,3107.5087890625,1603233,0.0,0.0
2021-12-16,TCS.NS,3582.0,3608.449951171875,3570.0,3581.60009765625,3117.300537109375,2072320,0.0,0.0
2021-12-17,TCS.NS,3602.5,3651.35009765625,3573.699951171875,3584.35009765625,3119.6943359375,4333992,0.0,0.0
2021-12-20,TCS.NS,3589.0,3606.0,3510.14990234375,3556.89990234375,3095.802734375,2312310,0.0,0.0
2021-12-21,TCS.NS,3582.64990234375,3641.199951171875,3566.39990234375,3608.300048828125,3140.539306640625,2340989,0.0,0.0
2021-12-22,TCS.NS,3624.0,3636.800048828125,3606.25,3630.75,3160.0791015625,1224328,0.0,0.0
2021-12-23,TCS.NS,3648.0,3670.5,3630.0,3662.699951171875,3187.886962890625,1792861,0.0,0.0
2021-12-24,TCS.NS,3685.0,3705.0,3644.800048828125,3670.89990234375,3195.0244140625,2209923,0.0,0.0
2021-12-27,TCS.NS,3671.0,3700.0,3653.10009765625,3696.10009765625,3216.956787109375,1534135,0.0,0.0
2021-12-28,TCS.NS,3710.0,3725.0,3693.85009765625,3706.550048828125,3226.052734375,1456218,0.0,0.0
2021-12-29,TCS.NS,3692.25,3719.949951171875,3685.0,3694.699951171875,3215.73876953125,1456923,0.0,0.0
2021-12-30,TCS.NS,3681.35009765625,3740.0,3680.0,3733.75,3249.7265625,1966475,0.0,0.0
2021-12-31,TCS.NS,3742.800048828125,3760.0,3731.300048828125,3738.35009765625,3253.73046875,1207141,0.0,0.0
2022-01-03,TCS.NS,3750.0,3830.0,3745.0,3817.75,3322.837158203125,2346158,0.0,0.0
2022-01-04,TCS.NS,3831.10009765625,3889.14990234375,3811.699951171875,3884.75,3381.151611328125,2488606,0.0,0.0
2022-01-05,TCS.NS,3865.0,3870.0,3812.39990234375,3860.949951171875,3360.437255859375,1733031,0.0,0.0
2022-01-06,TCS.NS,3812.0,3835.0,3772.0,3807.449951171875,3313.87255859375,1810293,0.0,0.0
2022-01-07,TCS.NS,3820.0,3864.89990234375,3796.39990234375,3853.5,3353.952392578125,2460591,0.0,0.0
2022-01-10,TCS.NS,3978.0,3978.0,3861.0,3879.85009765625,3376.886962890625,3937092,0.0,0.0
2022-01-11,TCS.NS,3856.0,3925.0,3856.0,3915.89990234375,3408.263427734375,1906106,0.0,0.0
2022-01-12,TCS.NS,3925.0,3929.0,3836.550048828125,3859.89990234375,3359.523193359375,3203744,0.0,0.0
2022-01-13,TCS.NS,3918.0,3923.0,3857.0,3897.89990234375,3392.596435546875,6684507,0.0,0.0
2022-01-14,TCS.NS,3877.85009765625,3977.0,3860.050048828125,3968.14990234375,3453.740478515625,3348123,0.0,0.0
2022-01-17,TCS.NS,3992.699951171875,4043.0,3962.300048828125,4019.14990234375,3498.128662109375,3442604,0.0,0.0
2022-01-18,TCS.NS,4033.949951171875,4041.699951171875,3980.0,3990.60009765625,3473.279541015625,2389041,0.0,0.0
2022-01-19,TCS.NS,4012.0,4012.0,3910.5,3914.64990234375,3413.16259765625,3102539,7.0,0.0
2022-01-20,TCS.NS,3910.0,3920.0,3811.0,3826.550048828125,3336.3486328125,6176776,0.0,0.0
2022-01-21,TCS.NS,3807.0,3851.550048828125,3771.10009765625,3833.5,3342.408203125,3112358,0.0,0.0
2022-01-24,TCS.NS,3840.0,3849.64990234375,3740.10009765625,3771.35009765625,3288.219970703125,3258414,0.0,0.0
2022-01-25,TCS.NS,3769.5,3809.39990234375,3722.199951171875,3769.89990234375,3286.9560546875,3330501,0.0,0.0
2022-01-27,TCS.NS,3731.0,3733.39990234375,3625.10009765625,3649.25,3181.761962890625,5718297,0.0,0.0
2022-01-28,TCS.NS,3646.0,3729.800048828125,3646.0,3690.050048828125,3217.33544921875,3143862,0.0,0.0
2022-01-31,TCS.NS,3749.0,3758.0,3721.39990234375,3736.25,3257.61669921875,2739393,0.0,0.0
2022-02-01,TCS.NS,3770.0,3808.0,3736.39990234375,3800.64990234375,3313.76611328125,2105169,0.0,0.0
2022-02-02,TCS.NS,3827.89990234375,3864.0,3800.64990234375,3856.199951171875,3362.199951171875,1984212,0.0,0.0
2022-02-03,TCS.NS,3851.0,3882.5,3816.050048828125,3824.60009765625,3334.6484375,1960538,0.0,0.0
2022-02-04,TCS.NS,3815.300048828125,3824.699951171875,3769.0,3814.89990234375,3326.190673828125,2307366,0.0,0.0
2022-02-07,TCS.NS,3791.0,3831.800048828125,3756.14990234375,3779.0,3294.889892578125,1919149,0.0,0.0
2022-02-08,TCS.NS,3791.550048828125,3799.699951171875,3721.0,3743.449951171875,3263.89404296875,2946443,0.0,0.0
2022-02-09,TCS.NS,3750.0,3777.949951171875,3746.10009765625,3760.550048828125,3278.8037109375,1638721,0.0,0.0
2022-02-10,TCS.NS,3789.800048828125,3789.800048828125,3758.0,3770.35009765625,3287.348388671875,2112459,0.0,0.0
2022-02-11,TCS.NS,3752.5,3752.5,3690.0,3694.949951171875,3221.607666015625,3851488,0.0,0.0
2022-02-14,TCS.NS,3724.0,3793.25,3710.0,3733.75,3255.4375,5951745,0.0,0.0
2022-02-15,TCS.NS,3786.0,3835.0,3748.0,3817.800048828125,3328.7197265625,3931683,0.0,0.0
2022-02-16,TCS.NS,3844.0,3854.10009765625,3806.0,3813.10009765625,3324.621826171875,3256906,0.0,0.0
2022-02-17,TCS.NS,3825.0,3835.0,3779.0,3784.199951171875,3299.423828125,3134372,0.0,0.0
2022-02-18,TCS.NS,3769.0,3815.949951171875,3757.60009765625,3793.89990234375,3307.88134765625,3688883,0.0,0.0
2022-02-21,TCS.NS,3810.0,3827.800048828125,3705.550048828125,3719.39990234375,3242.92529296875,7465922,0.0,0.0
2022-02-22,TCS.NS,3650.0,3667.89990234375,3570.0,3586.39990234375,3126.962890625,5408531,0.0,0.0
2022-02-23,TCS.NS,3611.0,3622.89990234375,3555.64990234375,3563.800048828125,3107.25830078125,2426203,0.0,0.0
2022-02-24,TCS.NS,3474.0,3483.85009765625,3391.10009765625,3401.64990234375,2965.880859375,5039136,0.0,0.0
2022-02-25,TCS.NS,3468.0,3530.0,3462.0,3520.75,3069.7236328125,2549723,0.0,0.0
2022-02-28,TCS.NS,3490.0,3563.75,3455.89990234375,3554.199951171875,3098.888671875,3288942,0.0,0.0
2022-03-02,TCS.NS,3552.5,3571.949951171875,3506.0,3546.14990234375,3091.86962890625,2761341,0.0,0.0
2022-03-03,TCS.NS,3562.85009765625,3578.60009765625,3530.10009765625,3544.39990234375,3090.34375,1928039,0.0,0.0
2022-03-04,TCS.NS,3501.5,3561.199951171875,3487.050048828125,3524.35009765625,3072.862060546875,2370257,0.0,0.0
2022-03-07,TCS.NS,3450.0,3548.0,3431.550048828125,3484.89990234375,3038.465576171875,3054130,0.0,0.0
2022-03-08,TCS.NS,3460.0,3609.0,3460.0,3599.949951171875,3138.77734375,3300992,0.0,0.0
2022-03-09,TCS.NS,3605.0,3654.0,3597.050048828125,3632.60009765625,3167.244873046875,2719654,0.0,0.0
2022-03-10,TCS.NS,3684.0,3684.0,3615.0,3620.949951171875,3157.087158203125,2005441,0.0,0.0
2022-03-11,TCS.NS,3603.25,3639.85009765625,3592.85009765625,3599.14990234375,3138.07958984375,1623423,0.0,0.0
2022-03-14,TCS.NS,3580.0,3648.35009765625,3580.0,3643.0,3176.312744140625,1765688,0.0,0.0
2022-03-15,TCS.NS,3659.0,3659.0,3585.39990234375,3593.89990234375,3133.502685546875,3651133,0.0,0.0
2022-03-16,TCS.NS,3640.5,3668.0,3616.25,3655.89990234375,3187.5595703125,3090475,0.0,0.0
2022-03-17,TCS.NS,3696.60009765625,3710.0,3660.300048828125,3672.75,3202.25146484375,3600452,0.0,0.0
2022-03-21,TCS.NS,3696.0,3713.949951171875,3615.0,3626.699951171875,3162.100341796875,2413831,0.0,0.0
2022-03-22,TCS.NS,3640.0,3711.0,3625.0,3700.949951171875,3226.8388671875,2907611,0.0,0.0
2022-03-23,TCS.NS,3708.0,3729.800048828125,3690.0,3712.39990234375,3236.8212890625,1596195,0.0,0.0
2022-03-24,TCS.NS,3700.0,3758.199951171875,3695.0,3749.85009765625,3269.474609375,1879046,0.0,0.0
2022-03-25,TCS.NS,3759.89990234375,3779.5,3672.0,3707.449951171875,3232.505859375,1690133,0.0,0.0
2022-03-28,TCS.NS,3695.0,3713.0,3661.199951171875,3707.699951171875,3232.72412109375,1760990,0.0,0.0
2022-03-29,TCS.NS,3694.75,3722.0,3691.0,3705.35009765625,3230.675048828125,2689063,0.0,0.0
2022-03-30,TCS.NS,3738.0,3738.0,3706.199951171875,3731.550048828125,3253.518798828125,1583455,0.0,0.0
2022-03-31,TCS.NS,3740.0,3754.64990234375,3720.199951171875,3739.949951171875,3260.843017578125,2168110,0.0,0.0
2022-04-01,TCS.NS,3748.0,3763.0,3728.050048828125,3758.75,3277.234130859375,1387014,0.0,0.0
2022-04-04,TCS.NS,3762.0,3780.0,3737.10009765625,3770.35009765625,3287.348388671875,1472994,0.0,0.0
2022-04-05,TCS.NS,3772.0,3835.60009765625,3772.0,3814.800048828125,3326.103271484375,2314947,0.0,0.0
2022-04-06,TCS.NS,3809.300048828125,3809.300048828125,3731.14990234375,3755.35009765625,3274.269775390625,2051729,0.0,0.0
2022-04-07,TCS.NS,3745.5,3745.5,3679.0,3684.14990234375,3212.19091796875,2494829,0.0,0.0
2022-04-08,TCS.NS,3690.0,3705.0,3642.5,3685.64990234375,3213.498291015625,2296773,0.0,0.0
2022-04-11,TCS.NS,3690.0,3712.35009765625,3656.10009765625,3696.39990234375,3222.87158203125,2291660,0.0,0.0
2022-04-12,TCS.NS,3683.0,3739.0,3648.35009765625,3691.10009765625,3218.2509765625,4483476,0.0,0.0
2022-04-13,TCS.NS,3707.0,3709.85009765625,3655.550048828125,3661.949951171875,3192.83447265625,1621672,0.0,0.0
2022-04-18,TCS.NS,3610.0,3610.0,3522.5,3528.050048828125,3076.087890625,3820792,0.0,0.0
2022-04-19,TCS.NS,3550.0,3563.550048828125,3439.14990234375,3471.89990234375,3027.131591796875,3170014,0.0,0.0
2022-04-20,TCS.NS,3500.0,3569.14990234375,3480.0,3556.800048828125,3101.1552734375,2640370,0.0,0.0
2022-04-21,TCS.NS,3580.0,3644.0,3567.39990234375,3628.64990234375,3163.801025390625,2280996,0.0,0.0
2022-04-22,TCS.NS,3581.10009765625,3617.0,3571.5,3612.550048828125,3149.763427734375,1581465,0.0,0.0
2022-04-25,TCS.NS,3558.0,3584.0,3533.10009765625,3548.199951171875,3093.65673828125,1960694,0.0,0.0
2022-04-26,TCS.NS,3575.14990234375,3587.89990234375,3518.14990234375,3546.300048828125,3092.00048828125,1943469,0.0,0.0
2022-04-27,TCS.NS,3546.0,3568.449951171875,3506.300048828125,3561.199951171875,3104.9912109375,1727648,0.0,0.0
2022-04-28,TCS.NS,3588.0,3604.39990234375,3538.050048828125,3584.300048828125,3125.13232421875,1703660,0.0,0.0
2022-04-29,TCS.NS,3597.0,3623.25,3536.85009765625,3546.699951171875,3092.348388671875,2051115,0.0,0.0
2022-05-02,TCS.NS,3519.89990234375,3547.949951171875,3492.75,3542.39990234375,3088.599609375,1324161,0.0,0.0
2022-05-04,TCS.NS,3538.5,3545.449951171875,3465.300048828125,3479.75,3033.975830078125,2305825,0.0,0.0
2022-05-05,TCS.NS,3512.10009765625,3533.0,3485.35009765625,3513.39990234375,3063.31494140625,1612262,0.0,0.0
2022-05-06,TCS.NS,3459.0,3474.5,3424.5,3432.60009765625,2992.865478515625,2010812,0.0,0.0
2022-05-09,TCS.NS,3398.0,3456.0,3346.85009765625,3445.10009765625,3003.764404296875,2481830,0.0,0.0
2022-05-10,TCS.NS,3434.0,3464.800048828125,3422.0,3438.75,2998.227783203125,1622685,0.0,0.0
2022-05-11,TCS.NS,3435.0,3448.449951171875,3382.14990234375,3412.0,2974.90478515625,1841769,0.0,0.0
2022-05-12,TCS.NS,3378.0,3449.699951171875,3350.10009765625,3408.64990234375,2971.98388671875,2807195,0.0,0.0
2022-05-13,TCS.NS,3435.0,3439.89990234375,3382.14990234375,3414.89990234375,2977.43310546875,2187823,0.0,0.0
2022-05-16,TCS.NS,3415.0,3430.0,3366.60009765625,3376.800048828125,2944.21435546875,1195813,0.0,0.0
2022-05-17,TCS.NS,3370.0,3467.0,3350.39990234375,3451.60009765625,3009.431640625,1754076,0.0,0.0
2022-05-18,TCS.NS,3465.0,3495.0,3443.050048828125,3448.800048828125,3006.99072265625,1866781,0.0,0.0
2022-05-19,TCS.NS,3397.0,3405.0,3230.0,3261.949951171875,2844.0771484375,4642963,0.0,0.0
2022-05-20,TCS.NS,3310.0,3313.89990234375,3270.050048828125,3293.0,2871.14892578125,3065125,0.0,0.0
2022-05-23,TCS.NS,3304.800048828125,3338.89990234375,3267.0,3321.75,2896.216552734375,2293690,0.0,0.0
2022-05-24,TCS.NS,3315.14990234375,3324.85009765625,3275.60009765625,3288.0,2866.7900390625,1711510,0.0,0.0
2022-05-25,TCS.NS,3292.85009765625,3292.85009765625,3154.050048828125,3167.64990234375,2780.461181640625,3548046,22.0,0.0
2022-05-26,TCS.NS,3191.0,3241.5,3180.550048828125,3226.949951171875,2832.512939453125,2813186,0.0,0.0
2022-05-27,TCS.NS,3253.199951171875,3278.89990234375,3229.199951171875,3261.300048828125,2862.664306640625,3103153,0.0,0.0
2022-05-30,TCS.NS,3297.0,3386.60009765625,3286.35009765625,3375.25,2962.685546875,2094624,0.0,0.0
2022-05-31,TCS.NS,3354.14990234375,3383.39990234375,3325.0,3364.35009765625,2953.11865234375,4840965,0.0,0.0
2022-06-01,TCS.NS,3388.0,3388.0,3340.050048828125,3355.199951171875,2945.087158203125,1493835,0.0,0.0
2022-06-02,TCS.NS,3355.0,3432.0,3346.300048828125,3423.0,3004.599609375,2657939,0.0,0.0
2022-06-03,TCS.NS,3459.39990234375,3477.300048828125,3431.199951171875,3440.14990234375,3019.652587890625,1913622,0.0,0.0
2022-06-06,TCS.NS,3418.0,3453.0,3377.14990234375,3430.949951171875,3011.57763671875,1084210,0.0,0.0
2022-06-07,TCS.NS,3401.050048828125,3418.85009765625,3356.0,3362.699951171875,2951.669677734375,2308256,0.0,0.0
2022-06-08,TCS.NS,3380.14990234375,3413.949951171875,3346.5,3404.14990234375,2988.052734375,2185707,0.0,0.0
2022-06-09,TCS.NS,3385.0,3437.0,3353.10009765625,3427.10009765625,3008.198486328125,1279197,0.0,0.0
2022-06-10,TCS.NS,3382.0,3393.0,3352.0,3359.89990234375,2949.211669921875,1527582,0.0,0.0
2022-06-13,TCS.NS,3290.0,3293.0,3192.449951171875,3219.60009765625,2826.0615234375,3030921,0.0,0.0
2022-06-14,TCS.NS,3190.0,3238.89990234375,3174.699951171875,3210.550048828125,2818.11767578125,2611493,0.0,0.0
2022-06-15,TCS.NS,3218.5,3234.0,3201.0,3206.300048828125,2814.386962890625,1404536,0.0,0.0
2022-06-16,TCS.NS,3240.0,3244.85009765625,3133.050048828125,3142.0,2757.946533203125,2032028,0.0,0.0
2022-06-17,TCS.NS,3092.0,3118.75,3023.85009765625,3088.89990234375,2711.336669921875,5240434,0.0,0.0
2022-06-20,TCS.NS,3094.0,3138.75,3069.0,3112.39990234375,2731.964599609375,1502769,0.0,0.0
2022-06-21,TCS.NS,3130.0,3237.75,3125.39990234375,3211.949951171875,2819.34619140625,2964461,0.0,0.0
2022-06-22,TCS.NS,3199.89990234375,3250.550048828125,3183.0,3222.949951171875,2829.001953125,3336315,0.0,0.0
2022-06-23,TCS.NS,3222.949951171875,3318.0,3222.949951171875,3308.800048828125,2904.358642578125,3692578,0.0,0.0
2022-06-24,TCS.NS,3339.0,3345.0,3277.5,3293.10009765625,2890.5771484375,2132118,0.0,0.0
2022-06-27,TCS.NS,3350.0,3362.89990234375,3306.5,3314.699951171875,2909.537109375,2037686,0.0,0.0
2022-06-28,TCS.NS,3307.0,3330.0,3272.60009765625,3318.14990234375,2912.5654296875,1400046,0.0,0.0
2022-06-29,TCS.NS,3271.0,3333.0,3271.0,3290.5,2888.294677734375,2133994,0.0,0.0
2022-06-30,TCS.NS,3272.0,3310.89990234375,3255.0,3267.10009765625,2867.75537109375,2719603,0.0,0.0
2022-07-01,TCS.NS,3260.0,3333.0,3252.050048828125,3315.10009765625,2909.88818359375,1502879,0.0,0.0
2022-07-04,TCS.NS,3312.0,3317.949951171875,3225.050048828125,3235.050048828125,2839.622802734375,2622535,0.0,0.0
2022-07-05,TCS.NS,3255.0,3272.0,3206.949951171875,3216.300048828125,2823.1650390625,2170627,0.0,0.0
2022-07-06,TCS.NS,3218.5,3268.5,3202.25,3260.75,2862.181396484375,2182144,0.0,0.0
2022-07-07,TCS.NS,3271.0,3319.39990234375,3265.050048828125,3287.85009765625,2885.96923828125,1989921,0.0,0.0
2022-07-08,TCS.NS,3300.0,3305.0,3250.0,3265.449951171875,2866.306640625,2136916,0.0,0.0
2022-07-11,TCS.NS,3206.14990234375,3225.0,3106.0,3113.800048828125,2733.193603515625,6974600,0.0,0.0
2022-07-12,TCS.NS,3114.89990234375,3136.199951171875,3080.25,3084.699951171875,2707.65087890625,3734815,0.0,0.0
2022-07-13,TCS.NS,3104.0,3110.0,3035.0,3038.75,2667.31689453125,3863530,0.0,0.0
2022-07-14,TCS.NS,3056.0,3057.0,2967.0,2998.75,2639.15380859375,4764908,8.0,0.0
2022-07-15,TCS.NS,3018.550048828125,3028.89990234375,2953.0,2994.60009765625,2635.50146484375,4574806,0.0,0.0
2022-07-18,TCS.NS,3023.0,3076.949951171875,3014.300048828125,3063.5,2696.14013671875,3202795,0.0,0.0
2022-07-19,TCS.NS,3030.050048828125,3078.949951171875,3030.050048828125,3074.25,2705.6005859375,1865074,0.0,0.0
2022-07-20,TCS.NS,3107.800048828125,3171.949951171875,3098.050048828125,3164.800048828125,2785.292724609375,3402251,0.0,0.0
2022-07-21,TCS.NS,3167.0,3184.0,3144.050048828125,3177.300048828125,2796.29345703125,2420640,0.0,0.0
2022-07-22,TCS.NS,3185.0,3197.0,3143.5,3171.0,2790.749267578125,2075886,0.0,0.0
2022-07-25,TCS.NS,3165.0,3186.449951171875,3149.10009765625,3166.75,2787.009033203125,1797504,0.0,0.0
2022-07-26,TCS.NS,3164.699951171875,3168.89990234375,3096.5,3115.89990234375,2742.25634765625,2639367,0.0,0.0
2022-07-27,TCS.NS,3115.0,3194.10009765625,3110.0,3188.85009765625,2806.458740234375,1389808,0.0,0.0
2022-07-28,TCS.NS,3216.0,3264.0,3201.64990234375,3260.5,2869.516357421875,2106333,0.0,0.0
2022-07-29,TCS.NS,3290.0,3317.300048828125,3275.0,3301.89990234375,2905.951904296875,2430257,0.0,0.0
2022-08-01,TCS.NS,3327.0,3327.0,3271.0,3298.800048828125,2903.223876953125,1306913,0.0,0.0
2022-08-02,TCS.NS,3290.0,3312.89990234375,3271.64990234375,3291.800048828125,2897.063232421875,1269114,0.0,0.0
2022-08-03,TCS.NS,3280.0,3349.0,3277.050048828125,3339.5,2939.04345703125,2895824,0.0,0.0
2022-08-04,TCS.NS,3350.0,3387.89990234375,3307.35009765625,3354.949951171875,2952.64013671875,2150567,0.0,0.0
2022-08-05,TCS.NS,3361.199951171875,3377.0,3355.0,3365.050048828125,2961.529296875,1106933,0.0,0.0
2022-08-08,TCS.NS,3365.0,3378.89990234375,3336.0,3374.449951171875,2969.80224609375,1068836,0.0,0.0
2022-08-10,TCS.NS,3385.0,3385.0,3335.0,3354.25,2952.0244140625,1878359,0.0,0.0
2022-08-11,TCS.NS,3400.0,3428.699951171875,3375.050048828125,3422.5,3012.09033203125,1449248,0.0,0.0
2022-08-12,TCS.NS,3419.0,3419.0,3381.25,3401.550048828125,2993.65283203125,1472354,0.0,0.0
2022-08-16,TCS.NS,3411.0,3414.85009765625,3387.5,3392.699951171875,2985.8642578125,839942,0.0,0.0
2022-08-17,TCS.NS,3385.10009765625,3417.949951171875,3371.10009765625,3401.10009765625,2993.25634765625,1622326,0.0,0.0
2022-08-18,TCS.NS,3390.0,3392.0,3362.0,3381.25,2975.787109375,1430659,0.0,0.0
2022-08-19,TCS.NS,3387.0,3421.5,3371.25,3385.75,2979.7470703125,1398410,0.0,0.0
2022-08-22,TCS.NS,3365.0,3384.10009765625,3347.39990234375,3354.550048828125,2952.288818359375,1536532,0.0,0.0
2022-08-23,TCS.NS,3319.949951171875,3341.89990234375,3270.0,3284.60009765625,2890.726806640625,1849256,0.0,0.0
2022-08-24,TCS.NS,3292.0,3308.0,3250.199951171875,3255.35009765625,2864.984130859375,1691923,0.0,0.0
2022-08-25,TCS.NS,3276.0,3278.14990234375,3214.75,3218.199951171875,2832.28857421875,1946930,0.0,0.0
2022-08-26,TCS.NS,3234.300048828125,3257.0,3216.800048828125,3222.199951171875,2835.8095703125,1457962,0.0,0.0
2022-08-29,TCS.NS,3125.0,3142.699951171875,3081.0,3132.550048828125,2756.909912109375,2539173,0.0,0.0
2022-08-30,TCS.NS,3155.0,3226.5,3142.10009765625,3211.14990234375,2826.083984375,3431525,0.0,0.0
2022-09-01,TCS.NS,3190.0,3190.0,3121.0,3131.699951171875,2756.161376953125,3546935,0.0,0.0
2022-09-02,TCS.NS,3163.0,3163.0,3120.300048828125,3130.39990234375,2755.017333984375,2052900,0.0,0.0
2022-09-05,TCS.NS,3123.64990234375,3147.949951171875,3112.25,3133.39990234375,2757.657958984375,2147912,0.0,0.0
2022-09-06,TCS.NS,3135.5,3140.85009765625,3106.35009765625,3127.050048828125,2752.069091796875,1936453,0.0,0.0
2022-09-07,TCS.NS,3102.0,3161.89990234375,3102.0,3149.60009765625,2771.915283203125,1291534,0.0,0.0
2022-09-08,TCS.NS,3170.0,3183.5,3160.10009765625,3169.64990234375,2789.561279296875,1346113,0.0,0.0
2022-09-09,TCS.NS,3195.0,3233.5,3168.5,3217.64990234375,2831.80517578125,1561185,0.0,0.0
2022-09-12,TCS.NS,3239.89990234375,3269.800048828125,3225.0,3242.949951171875,2854.07080078125,1785928,0.0,0.0
2022-09-13,TCS.NS,3263.449951171875,3263.449951171875,3225.0,3229.35009765625,2842.101806640625,1972678,0.0,0.0
2022-09-14,TCS.NS,3135.0,3141.39990234375,3113.800048828125,3120.39990234375,2746.21630859375,5090269,0.0,0.0
2022-09-15,TCS.NS,3130.0,3137.75,3100.0,3104.35009765625,2732.091552734375,2138023,0.0,0.0
2022-09-16,TCS.NS,3076.0,3094.35009765625,3000.0,3008.699951171875,2647.91162109375,5322221,0.0,0.0
2022-09-19,TCS.NS,3036.0,3042.0,2987.800048828125,3028.800048828125,2665.601318359375,2072220,0.0,0.0
2022-09-20,TCS.NS,3050.0,3079.949951171875,3030.0,3040.300048828125,2675.7216796875,1544295,0.0,0.0
2022-09-21,TCS.NS,3028.0,3041.39990234375,2998.14990234375,3001.199951171875,2641.310302734375,2253818,0.0,0.0
2022-09-22,TCS.NS,2990.0,3029.949951171875,2979.300048828125,3007.39990234375,2646.76708984375,2017983,0.0,0.0
2022-09-23,TCS.NS,3004.0,3022.5,2979.0,2982.050048828125,2624.45703125,2652374,0.0,0.0
2022-09-26,TCS.NS,2959.85009765625,3025.85009765625,2926.10009765625,2994.39990234375,2635.325927734375,2925489,0.0,0.0
2022-09-27,TCS.NS,3009.39990234375,3025.0,2976.0,3017.449951171875,2655.61181640625,2227447,0.0,0.0
2022-09-28,TCS.NS,2980.0,3049.949951171875,2980.0,3035.64990234375,2671.62939453125,2739767,0.0,0.0
2022-09-29,TCS.NS,3054.0,3055.85009765625,2990.0,2997.300048828125,2637.878173828125,2493902,0.0,0.0
2022-09-30,TCS.NS,2990.85009765625,3019.699951171875,2950.10009765625,3004.550048828125,2644.259033203125,2817353,0.0,0.0
2022-10-03,TCS.NS,2995.0,3020.699951171875,2974.0,2984.949951171875,2627.008544921875,1763331,0.0,0.0
2022-10-04,TCS.NS,3029.949951171875,3098.0,3023.0,3091.14990234375,2720.474365234375,2145875,0.0,0.0
2022-10-06,TCS.NS,3111.0,3124.0,3092.449951171875,3101.949951171875,2729.979248046875,1790816,0.0,0.0
2022-10-07,TCS.NS,3097.39990234375,3105.0,3058.10009765625,3064.89990234375,2697.372314453125,1939879,0.0,0.0
2022-10-10,TCS.NS,3010.0,3127.0,3005.0,3118.550048828125,2744.588623046875,3064063,0.0,0.0
2022-10-11,TCS.NS,3100.0,3145.0,3053.35009765625,3069.550048828125,2701.464111328125,4730645,0.0,0.0
2022-10-12,TCS.NS,3084.89990234375,3109.89990234375,3062.050048828125,3100.75,2728.922607421875,1665247,0.0,0.0
2022-10-13,TCS.NS,3100.75,3110.0,3052.35009765625,3103.300048828125,2731.167724609375,2054781,0.0,0.0
2022-10-14,TCS.NS,3145.0,3150.0,3071.0,3099.14990234375,2727.5146484375,2245977,0.0,0.0
2022-10-17,TCS.NS,3072.64990234375,3128.39990234375,3071.449951171875,3111.75,2745.69140625,1517005,8.0,0.0
2022-10-18,TCS.NS,3150.0,3155.35009765625,3128.550048828125,3144.699951171875,2774.765625,1793722,0.0,0.0
2022-10-19,TCS.NS,3159.0,3159.0,3112.0,3121.85009765625,2754.603515625,1194289,0.0,0.0
2022-10-20,TCS.NS,3105.0,3160.0,3105.0,3157.300048828125,2785.883056640625,1587601,0.0,0.0
2022-10-21,TCS.NS,3157.800048828125,3160.39990234375,3127.0,3137.39990234375,2768.323974609375,1021913,0.0,0.0
2022-10-24,TCS.NS,3170.10009765625,3178.0,3155.0,3161.699951171875,2789.765380859375,260949,0.0,0.0
2022-10-25,TCS.NS,3180.5,3184.25,3151.14990234375,3162.10009765625,2790.118408203125,2069643,0.0,0.0
2022-10-27,TCS.NS,3160.699951171875,3174.0,3134.35009765625,3157.39990234375,2785.97119140625,2438421,0.0,0.0
2022-10-28,TCS.NS,3150.0,3178.5,3145.0,3163.25,2791.133056640625,1355739,0.0,0.0
2022-10-31,TCS.NS,3199.0,3199.0,3177.800048828125,3193.14990234375,2817.515625,1919414,0.0,0.0
2022-11-01,TCS.NS,3214.5,3262.60009765625,3203.449951171875,3259.699951171875,2876.2373046875,2991060,0.0,0.0
2022-11-02,TCS.NS,3270.0,3270.0,3222.050048828125,3241.699951171875,2860.3544921875,1405955,0.0,0.0
2022-11-03,TCS.NS,3228.050048828125,3228.050048828125,3195.0,3206.75,2829.515869140625,1422652,0.0,0.0
2022-11-04,TCS.NS,3217.0,3220.050048828125,3166.14990234375,3217.39990234375,2838.913330078125,1464013,0.0,0.0
2022-11-07,TCS.NS,3229.0,3242.800048828125,3195.10009765625,3233.699951171875,2853.295654296875,1474498,0.0,0.0
2022-11-09,TCS.NS,3249.800048828125,3249.800048828125,3201.64990234375,3216.050048828125,2837.721923828125,1162267,0.0,0.0
2022-11-10,TCS.NS,3170.0,3225.0,3170.0,3205.64990234375,2828.54541015625,1573092,0.0,0.0
2022-11-11,TCS.NS,3269.60009765625,3341.60009765625,3255.050048828125,3315.949951171875,2925.869873046875,3265394,0.0,0.0
2022-11-14,TCS.NS,3324.0,3349.0,3309.0,3335.5,2943.120361328125,1342074,0.0,0.0
2022-11-15,TCS.NS,3321.0,3339.949951171875,3292.0,3332.60009765625,2940.561279296875,1400708,0.0,0.0
2022-11-16,TCS.NS,3338.89990234375,3367.89990234375,3321.449951171875,3355.35009765625,2960.635498046875,1748235,0.0,0.0
2022-11-17,TCS.NS,3340.0,3360.0,3317.75,3349.0,2955.0322265625,1417986,0.0,0.0
2022-11-18,TCS.NS,3350.0,3362.75,3321.0,3343.449951171875,2950.13525390625,1164540,0.0,0.0
2022-11-21,TCS.NS,3322.5,3333.699951171875,3273.0,3283.5,2897.237548828125,1304194,0.0,0.0
2022-11-22,TCS.NS,3280.0,3318.949951171875,3255.25,3314.949951171875,2924.987548828125,1149739,0.0,0.0
2022-11-23,TCS.NS,3330.0,3330.0,3291.0,3308.300048828125,2919.1201171875,1150011,0.0,0.0
2022-11-24,TCS.NS,3316.25,3392.949951171875,3308.300048828125,3380.14990234375,2982.517578125,1296591,0.0,0.0
2022-11-25,TCS.NS,3383.0,3403.35009765625,3348.0,3389.64990234375,2990.900146484375,1588981,0.0,0.0
2022-11-28,TCS.NS,3366.0,3417.0,3365.550048828125,3395.25,2995.841064453125,2195437,0.0,0.0
2022-11-29,TCS.NS,3383.0,3429.0,3383.0,3397.35009765625,2997.694580078125,1576028,0.0,0.0
2022-11-30,TCS.NS,3383.0,3414.89990234375,3375.0,3390.800048828125,2991.91455078125,3410702,0.0,0.0
2022-12-01,TCS.NS,3425.0,3480.0,3420.0,3475.64990234375,3066.783447265625,2180856,0.0,0.0
2022-12-02,TCS.NS,3458.10009765625,3468.89990234375,3413.0,3439.14990234375,3034.57763671875,2411749,0.0,0.0
2022-12-05,TCS.NS,3433.0,3439.14990234375,3407.0,3425.89990234375,3022.8857421875,1475065,0.0,0.0
2022-12-06,TCS.NS,3400.050048828125,3407.949951171875,3368.0,3385.35009765625,2987.1064453125,1166999,0.0,0.0
2022-12-07,TCS.NS,3368.300048828125,3393.699951171875,3354.0,3380.60009765625,2982.9150390625,1167505,0.0,0.0
2022-12-08,TCS.NS,3360.0,3380.60009765625,3339.449951171875,3350.550048828125,2956.400390625,1285619,0.0,0.0
2022-12-09,TCS.NS,3374.10009765625,3374.10009765625,3276.35009765625,3292.75,2905.39892578125,1797896,0.0,0.0
2022-12-12,TCS.NS,3255.5,3296.0,3236.10009765625,3286.449951171875,2899.84033203125,1527610,0.0,0.0
2022-12-13,TCS.NS,3277.199951171875,3336.449951171875,3267.800048828125,3332.10009765625,2940.120361328125,1378016,0.0,0.0
2022-12-14,TCS.NS,3348.800048828125,3377.0,3340.89990234375,3365.35009765625,2969.458251953125,1213311,0.0,0.0
2022-12-15,TCS.NS,3358.800048828125,3364.75,3298.949951171875,3305.10009765625,2916.296875,1415694,0.0,0.0
2022-12-16,TCS.NS,3275.0,3292.0,3225.199951171875,3240.25,2859.074951171875,2703680,0.0,0.0
2022-12-19,TCS.NS,3227.0,3245.5,3194.5,3202.050048828125,2825.369384765625,2120965,0.0,0.0
2022-12-20,TCS.NS,3198.89990234375,3249.0,3163.64990234375,3243.949951171875,2862.339599609375,1529971,0.0,0.0
2022-12-21,TCS.NS,3249.0,3283.050048828125,3240.0,3268.550048828125,2884.045654296875,1432566,0.0,0.0
2022-12-22,TCS.NS,3294.0,3294.0,3245.10009765625,3259.699951171875,2876.2373046875,1384101,0.0,0.0
2022-12-23,TCS.NS,3217.0,3266.85009765625,3217.0,3228.35009765625,2848.57568359375,1360281,0.0,0.0
2022-12-26,TCS.NS,3228.35009765625,3272.0,3225.050048828125,3252.89990234375,2870.236572265625,870157,0.0,0.0
2022-12-27,TCS.NS,3269.199951171875,3273.800048828125,3231.5,3259.5,2876.059814453125,835883,0.0,0.0
2022-12-28,TCS.NS,3249.800048828125,3266.10009765625,3226.0,3257.10009765625,2873.943115234375,910795,0.0,0.0
2022-12-29,TCS.NS,3231.10009765625,3271.5,3228.0,3268.75,2884.22216796875,1037927,0.0,0.0
2022-12-30,TCS.NS,3286.050048828125,3299.0,3246.199951171875,3256.699951171875,2873.58984375,1163131,0.0,0.0
2023-01-02,TCS.NS,3261.0,3266.85009765625,3235.199951171875,3261.449951171875,2877.781494140625,709547,0.0,0.0
2023-01-03,TCS.NS,3252.0,3320.0,3245.300048828125,3311.35009765625,2921.810791015625,1245178,0.0,0.0
2023-01-04,TCS.NS,3306.699951171875,3327.35009765625,3286.199951171875,3314.64990234375,2924.723876953125,1231668,0.0,0.0
2023-01-05,TCS.NS,3330.199951171875,3337.300048828125,3281.949951171875,3311.10009765625,2921.5908203125,1826057,0.0,0.0
2023-01-06,TCS.NS,3300.0,3301.550048828125,3200.0,3211.550048828125,2833.75146484375,2488376,0.0,0.0
2023-01-09,TCS.NS,3229.0,3327.0,3221.14990234375,3319.949951171875,2929.399169921875,2885060,0.0,0.0
2023-01-10,TCS.NS,3285.0,3298.0,3230.10009765625,3286.39990234375,2899.7958984375,3864655,0.0,0.0
2023-01-11,TCS.NS,3290.10009765625,3349.5,3271.14990234375,3328.699951171875,2937.1201171875,2720512,0.0,0.0
2023-01-12,TCS.NS,3329.0,3350.0,3315.550048828125,3334.35009765625,2942.10546875,2250391,0.0,0.0
2023-01-13,TCS.NS,3342.89990234375,3379.0,3305.0,3374.550048828125,2977.57666015625,1742837,0.0,0.0
2023-01-16,TCS.NS,3317.0,3353.0,3298.050048828125,3334.050048828125,3008.7099609375,1843607,75.0,0.0
2023-01-17,TCS.NS,3330.0,3381.800048828125,3321.0,3378.39990234375,3048.73193359375,1688475,0.0,0.0
2023-01-18,TCS.NS,3380.0,3408.949951171875,3372.25,3390.0,3059.200439453125,2421189,0.0,0.0
2023-01-19,TCS.NS,3380.0,3387.0,3361.0,3373.10009765625,3043.94970703125,1585044,0.0,0.0
2023-01-20,TCS.NS,3365.0,3394.64990234375,3355.60009765625,3363.10009765625,3034.92529296875,1529349,0.0,0.0
2023-01-23,TCS.NS,3388.0,3419.0,3355.60009765625,3414.89990234375,3081.669921875,1067916,0.0,0.0
2023-01-24,TCS.NS,3425.0,3451.949951171875,3417.300048828125,3436.300048828125,3100.982666015625,1387863,0.0,0.0
2023-01-25,TCS.NS,3425.300048828125,3435.0,3405.0,3429.75,3095.0712890625,874110,0.0,0.0
2023-01-27,TCS.NS,3426.0,3446.0,3382.300048828125,3411.050048828125,3078.1962890625,1785879,0.0,0.0
2023-01-30,TCS.NS,3420.0,3458.449951171875,3385.550048828125,3433.64990234375,3098.5908203125,1953798,0.0,0.0
2023-01-31,TCS.NS,3449.0,3449.0,3351.0,3358.699951171875,3030.95458984375,2820375,0.0,0.0
2023-02-01,TCS.NS,3363.0,3419.0,3355.0,3408.35009765625,3075.759033203125,2205161,0.0,0.0
2023-02-02,TCS.NS,3427.0,3469.0,3420.10009765625,3460.39990234375,3122.73046875,1813847,0.0,0.0
2023-02-03,TCS.NS,3504.0,3504.0,3452.89990234375,3482.300048828125,3142.49365234375,1804469,0.0,0.0
2023-02-06,TCS.NS,3473.14990234375,3473.14990234375,3436.85009765625,3459.949951171875,3122.32470703125,1138714,0.0,0.0
2023-02-07,TCS.NS,3468.89990234375,3493.0,3461.39990234375,3472.550048828125,3133.695068359375,1455647,0.0,0.0
2023-02-08,TCS.NS,3478.050048828125,3539.89990234375,3478.050048828125,3520.10009765625,3176.60498046875,1986946,0.0,0.0
2023-02-09,TCS.NS,3515.0,3547.60009765625,3505.300048828125,3540.85009765625,3195.330078125,1655427,0.0,0.0
2023-02-10,TCS.NS,3520.0,3542.35009765625,3508.14990234375,3537.550048828125,3192.351806640625,1187821,0.0,0.0
2023-02-13,TCS.NS,3549.0,3549.0,3473.39990234375,3482.39990234375,3142.583984375,1087939,0.0,0.0
2023-02-14,TCS.NS,3505.0,3524.85009765625,3495.0,3500.10009765625,3158.55712890625,1579818,0.0,0.0
2023-02-15,TCS.NS,3487.0,3526.0,3460.14990234375,3520.64990234375,3177.101318359375,1429449,0.0,0.0
2023-02-16,TCS.NS,3527.199951171875,3575.0,3527.0,3558.050048828125,3210.85205078125,1618931,0.0,0.0
2023-02-17,TCS.NS,3526.14990234375,3538.89990234375,3490.0,3501.14990234375,3159.50390625,1061369,0.0,0.0
2023-02-20,TCS.NS,3502.0,3522.0,3475.050048828125,3487.300048828125,3147.005859375,1296082,0.0,0.0
2023-02-21,TCS.NS,3494.0,3508.89990234375,3444.75,3451.0,3114.247314453125,1139541,0.0,0.0
2023-02-22,TCS.NS,3414.949951171875,3447.0,3395.0,3401.550048828125,3069.623046875,1218430,0.0,0.0
2023-02-23,TCS.NS,3421.0,3452.39990234375,3408.0,3413.800048828125,3080.677734375,1441570,0.0,0.0
2023-02-24,TCS.NS,3422.5,3433.949951171875,3382.300048828125,3400.449951171875,3068.63037109375,977592,0.0,0.0
2023-02-27,TCS.NS,3390.0,3390.0,3316.0,3331.85009765625,3006.724609375,1128022,0.0,0.0
2023-02-28,TCS.NS,3328.5,3392.0,3299.89990234375,3312.85009765625,2989.57861328125,4116217,0.0,0.0
2023-03-01,TCS.NS,3323.0,3389.0,3315.0,3385.699951171875,3055.31982421875,1669307,0.0,0.0
2023-03-02,TCS.NS,3361.0,3369.89990234375,3318.0,3321.449951171875,2997.33935546875,1556538,0.0,0.0
2023-03-03,TCS.NS,3354.0,3358.0,3331.10009765625,3342.14990234375,3016.019287109375,1043190,0.0,0.0
2023-03-06,TCS.NS,3361.89990234375,3404.949951171875,3359.0,3371.85009765625,3042.821533203125,1334132,0.0,0.0
2023-03-08,TCS.NS,3364.0,3396.0,3330.85009765625,3390.39990234375,3059.5615234375,1844590,0.0,0.0
2023-03-09,TCS.NS,3385.0,3385.0,3330.85009765625,3336.85009765625,3011.23681640625,1648500,0.0,0.0
2023-03-10,TCS.NS,3312.89990234375,3337.25,3290.0,3331.0,3005.957275390625,1024404,0.0,0.0
2023-03-13,TCS.NS,3333.0,3369.800048828125,3272.0,3281.949951171875,2961.694091796875,1901233,0.0,0.0
2023-03-14,TCS.NS,3280.0,3304.39990234375,3209.39990234375,3214.949951171875,2901.23193359375,2670334,0.0,0.0
2023-03-15,TCS.NS,3250.0,3260.35009765625,3192.0,3198.89990234375,2886.74755859375,1780522,0.0,0.0
2023-03-16,TCS.NS,3208.0,3219.800048828125,3172.0,3185.0,2874.20458984375,1901060,0.0,0.0
2023-03-17,TCS.NS,3150.5,3221.39990234375,3144.0,3179.300048828125,2869.060791015625,6739966,0.0,0.0
2023-03-20,TCS.NS,3169.64990234375,3169.64990234375,3095.050048828125,3143.300048828125,2836.572998046875,2289468,0.0,0.0
2023-03-21,TCS.NS,3143.300048828125,3156.75,3097.449951171875,3106.10009765625,2803.003662109375,1815297,0.0,0.0
2023-03-22,TCS.NS,3130.050048828125,3143.5,3106.10009765625,3130.800048828125,2825.293212890625,1123939,0.0,0.0
2023-03-23,TCS.NS,3114.89990234375,3146.35009765625,3101.0,3124.64990234375,2819.743408203125,1372218,0.0,0.0
2023-03-24,TCS.NS,3148.89990234375,3170.0,3106.0,3120.5,2815.99853515625,1329577,0.0,0.0
2023-03-27,TCS.NS,3135.0,3152.75,3106.0,3122.300048828125,2817.622802734375,1524217,0.0,0.0
2023-03-28,TCS.NS,3127.0,3149.550048828125,3110.14990234375,3115.89990234375,2811.846923828125,1303530,0.0,0.0
2023-03-29,TCS.NS,3129.0,3150.0,3104.10009765625,3138.89990234375,2832.602783203125,1740616,0.0,0.0
2023-03-31,TCS.NS,3189.949951171875,3213.0,3152.0,3205.89990234375,2893.064453125,2382581,0.0,0.0
2023-04-03,TCS.NS,3224.949951171875,3224.949951171875,3173.75,3200.0,2887.7412109375,1521830,0.0,0.0
2023-04-05,TCS.NS,3185.5,3264.35009765625,3185.5,3239.800048828125,2923.6572265625,2655065,0.0,0.0
2023-04-06,TCS.NS,3225.0,3257.35009765625,3215.0,3220.699951171875,2906.420654296875,1703464,0.0,0.0
2023-04-10,TCS.NS,3220.0,3272.0,3215.0,3263.39990234375,2944.9541015625,2203187,0.0,0.0
2023-04-11,TCS.NS,3264.0,3272.949951171875,3192.14990234375,3213.800048828125,2900.194091796875,2348779,0.0,0.0
2023-04-12,TCS.NS,3227.949951171875,3260.949951171875,3199.0,3241.64990234375,2925.32666015625,2417727,0.0,0.0
2023-04-13,TCS.NS,3210.0,3230.0,3180.0,3188.85009765625,2877.67919921875,4174070,0.0,0.0
2023-04-17,TCS.NS,3134.10009765625,3163.39990234375,3070.25,3139.5,2833.144287109375,5505048,0.0,0.0
2023-04-18,TCS.NS,3154.949951171875,3156.85009765625,3110.60009765625,3130.75,2825.247802734375,2617302,0.0,0.0
2023-04-19,TCS.NS,3130.75,3140.0,3071.5,3089.60009765625,2788.113525390625,3298034,0.0,0.0
2023-04-20,TCS.NS,3090.0,3113.0,3078.0,3104.800048828125,2801.830810546875,2419999,0.0,0.0
2023-04-21,TCS.NS,3110.0,3164.449951171875,3100.800048828125,3160.85009765625,2852.4111328125,1929184,0.0,0.0
2023-04-24,TCS.NS,3151.10009765625,3180.949951171875,3126.14990234375,3174.800048828125,2864.999755859375,1640676,0.0,0.0
2023-04-25,TCS.NS,3183.0,3191.199951171875,3147.5,3176.0,2866.0830078125,2024090,0.0,0.0
2023-04-26,TCS.NS,3181.0,3208.39990234375,3181.0,3198.14990234375,2886.071044921875,2000029,0.0,0.0
2023-04-27,TCS.NS,3185.0,3199.199951171875,3170.64990234375,3187.949951171875,2876.86669921875,2434446,0.0,0.0
2023-04-28,TCS.NS,3200.39990234375,3227.25,3196.25,3219.25,2905.112060546875,2931312,0.0,0.0
2023-05-02,TCS.NS,3235.0,3235.0,3210.0,3219.39990234375,2905.24755859375,2321159,0.0,0.0
2023-05-03,TCS.NS,3216.0,3216.0,3173.14990234375,3179.89990234375,2869.602294921875,2468285,0.0,0.0
2023-05-04,TCS.NS,3180.14990234375,3224.449951171875,3178.0,3220.699951171875,2906.420654296875,1953253,0.0,0.0
2023-05-05,TCS.NS,3220.0,3244.0,3210.050048828125,3230.699951171875,2915.44580078125,1710027,0.0,0.0
2023-05-08,TCS.NS,3245.0,3254.85009765625,3231.300048828125,3250.60009765625,2933.403076171875,928235,0.0,0.0
2023-05-09,TCS.NS,3252.60009765625,3298.0,3246.0,3283.25,2962.866943359375,1107375,0.0,0.0
2023-05-10,TCS.NS,3290.0,3306.5,3266.050048828125,3286.800048828125,2966.070556640625,1559987,0.0,0.0
2023-05-11,TCS.NS,3309.0,3309.699951171875,3272.0,3282.14990234375,2961.874267578125,1719623,0.0,0.0
2023-05-12,TCS.NS,3279.14990234375,3290.0,3260.0,3274.300048828125,2954.79052734375,1027479,0.0,0.0
2023-05-15,TCS.NS,3284.0,3292.0,3248.35009765625,3255.050048828125,2937.418701171875,1150390,0.0,0.0
2023-05-16,TCS.NS,3256.199951171875,3285.0,3250.449951171875,3258.14990234375,2940.216552734375,986306,0.0,0.0
2023-05-17,TCS.NS,3255.949951171875,3280.0,3198.25,3208.699951171875,2895.592041015625,1588815,0.0,0.0
2023-05-18,TCS.NS,3225.949951171875,3228.949951171875,3195.0,3199.85009765625,2887.60546875,1369364,0.0,0.0
2023-05-19,TCS.NS,3210.0,3234.5,3203.050048828125,3222.85009765625,2908.361083984375,1152449,0.0,0.0
2023-05-22,TCS.NS,3230.0,3308.449951171875,3217.050048828125,3298.699951171875,2976.809326171875,1333243,0.0,0.0
2023-05-23,TCS.NS,3306.0,3327.949951171875,3290.10009765625,3297.050048828125,2975.3203125,1687418,0.0,0.0
2023-05-24,TCS.NS,3276.0,3317.199951171875,3276.0,3303.35009765625,2981.006103515625,1016555,0.0,0.0
2023-05-25,TCS.NS,3294.0,3306.0,3267.10009765625,3293.5,2972.1171875,1374917,0.0,0.0
2023-05-26,TCS.NS,3293.5,3338.64990234375,3291.0,3328.89990234375,3004.062744140625,1791115,0.0,0.0
2023-05-29,TCS.NS,3360.800048828125,3372.0,3312.0,3320.35009765625,2996.346923828125,1210372,0.0,0.0
2023-05-30,TCS.NS,3315.0,3326.949951171875,3301.35009765625,3316.199951171875,2992.601806640625,1344224,0.0,0.0
2023-05-31,TCS.NS,3309.0,3327.699951171875,3265.14990234375,3289.5,2968.50732421875,5815424,0.0,0.0
2023-06-01,TCS.NS,3314.0,3340.0,3297.5,3324.0,2999.640625,1177314,0.0,0.0
2023-06-02,TCS.NS,3326.25,3335.89990234375,3297.449951171875,3305.60009765625,2983.0361328125,2030661,0.0,0.0
2023-06-05,TCS.NS,3315.0,3327.0,3285.050048828125,3288.89990234375,2967.966064453125,1861468,0.0,0.0
2023-06-06,TCS.NS,3280.0,3288.85009765625,3220.60009765625,3232.300048828125,2916.888916015625,2022849,0.0,0.0
2023-06-07,TCS.NS,3253.0,3278.85009765625,3241.0,3274.89990234375,2955.331787109375,1567196,0.0,0.0
2023-06-08,TCS.NS,3261.0,3270.0,3233.0,3236.449951171875,2920.633544921875,1759366,0.0,0.0
2023-06-09,TCS.NS,3245.0,3250.0,3205.35009765625,3209.300048828125,2896.133544921875,1775689,0.0,0.0
2023-06-12,TCS.NS,3215.0,3254.39990234375,3211.0,3246.89990234375,2930.064208984375,2324605,0.0,0.0
2023-06-13,TCS.NS,3260.0,3265.0,3239.0,3243.699951171875,2927.17626953125,1371928,0.0,0.0
2023-06-14,TCS.NS,3243.699951171875,3255.85009765625,3225.85009765625,3251.050048828125,2933.8095703125,1658544,0.0,0.0
2023-06-15,TCS.NS,3245.300048828125,3247.449951171875,3210.0,3216.300048828125,2924.035888671875,2273810,24.0,0.0
2023-06-16,TCS.NS,3197.0,3199.39990234375,3156.0,3174.89990234375,2886.39794921875,4156189,0.0,0.0
2023-06-19,TCS.NS,3190.0,3214.89990234375,3175.0,3210.39990234375,2918.671630859375,1468186,0.0,0.0
2023-06-20,TCS.NS,3214.0,3232.5,3201.050048828125,3227.699951171875,2934.39990234375,1528452,0.0,0.0
2023-06-21,TCS.NS,3250.0,3261.39990234375,3223.949951171875,3258.199951171875,2962.12841796875,1645987,0.0,0.0
2023-06-22,TCS.NS,3260.0,3267.64990234375,3230.10009765625,3238.5,2944.218505859375,1529603,0.0,0.0
2023-06-23,TCS.NS,3237.300048828125,3249.39990234375,3209.14990234375,3216.35009765625,2924.081787109375,1119505,0.0,0.0
2023-06-26,TCS.NS,3205.0,3213.89990234375,3173.0,3189.64990234375,2899.8076171875,1978803,0.0,0.0
2023-06-27,TCS.NS,3202.0,3209.64990234375,3182.300048828125,3197.35009765625,2906.807861328125,863542,0.0,0.0
2023-06-28,TCS.NS,3208.0,3230.949951171875,3193.39990234375,3215.449951171875,2923.263427734375,1575872,0.0,0.0
2023-06-30,TCS.NS,3220.0,3310.0,3214.10009765625,3302.25,3002.17578125,2672406,0.0,0.0
2023-07-03,TCS.NS,3314.300048828125,3318.800048828125,3268.75,3272.300048828125,2974.947509765625,1687264,0.0,0.0
2023-07-04,TCS.NS,3290.0,3315.0,3277.300048828125,3308.85009765625,3008.176025390625,1656681,0.0,0.0
2023-07-05,TCS.NS,3320.0,3329.0,3305.0,3319.949951171875,3018.26708984375,1453008,0.0,0.0
2023-07-06,TCS.NS,3306.550048828125,3328.449951171875,3302.0,3322.89990234375,3020.949462890625,1848238,0.0,0.0
2023-07-07,TCS.NS,3302.0,3356.89990234375,3302.0,3329.25,3026.722412109375,1789326,0.0,0.0
2023-07-10,TCS.NS,3324.75,3324.75,3265.199951171875,3271.949951171875,2974.629150390625,1407431,0.0,0.0
2023-07-11,TCS.NS,3295.0,3295.0,3260.800048828125,3272.39990234375,2975.0380859375,1110172,0.0,0.0
2023-07-12,TCS.NS,3280.949951171875,3289.14990234375,3250.10009765625,3259.89990234375,2963.674072265625,1515240,0.0,0.0
2023-07-13,TCS.NS,3284.0,3367.449951171875,3272.75,3340.550048828125,3036.99560546875,4585146,0.0,0.0
2023-07-14,TCS.NS,3365.0,3524.85009765625,3352.0,3514.64990234375,3195.27490234375,6306101,0.0,0.0
2023-07-17,TCS.NS,3510.0,3549.89990234375,3477.050048828125,3491.699951171875,3174.41015625,2743228,0.0,0.0
2023-07-18,TCS.NS,3476.0,3524.0,3465.0,3496.85009765625,3179.092529296875,2600090,0.0,0.0
2023-07-19,TCS.NS,3500.0,3516.85009765625,3445.64990234375,3470.050048828125,3154.727783203125,2405370,0.0,0.0
2023-07-20,TCS.NS,3453.10009765625,3478.89990234375,3436.050048828125,3463.300048828125,3156.779052734375,1715404,9.0,0.0
2023-07-21,TCS.NS,3404.050048828125,3434.89990234375,3359.050048828125,3368.300048828125,3070.1875,3770223,0.0,0.0
2023-07-24,TCS.NS,3381.0,3413.449951171875,3372.10009765625,3394.75,3094.295654296875,1680132,0.0,0.0
2023-07-25,TCS.NS,3397.5,3406.800048828125,3380.199951171875,3399.14990234375,3098.306640625,1272980,0.0,0.0
2023-07-26,TCS.NS,3400.35009765625,3420.85009765625,3385.0,3388.300048828125,3088.416748046875,1066803,0.0,0.0
2023-07-27,TCS.NS,3394.949951171875,3411.64990234375,3385.050048828125,3396.89990234375,3096.25537109375,1701769,0.0,0.0
2023-07-28,TCS.NS,3385.0,3393.699951171875,3331.0,3355.39990234375,3058.42822265625,2599831,0.0,0.0
2023-07-31,TCS.NS,3364.39990234375,3426.64990234375,3360.89990234375,3421.449951171875,3118.6328125,2743678,0.0,0.0
2023-08-01,TCS.NS,3415.0,3460.0,3415.0,3452.050048828125,3146.524658203125,1956167,0.0,0.0
2023-08-02,TCS.NS,3434.949951171875,3446.39990234375,3413.60009765625,3440.64990234375,3136.133544921875,1914899,0.0,0.0
2023-08-03,TCS.NS,3420.0,3433.25,3368.0,3399.949951171875,3099.035888671875,2026351,0.0,0.0
2023-08-04,TCS.NS,3401.25,3471.0,3401.25,3443.550048828125,3138.777099609375,2248493,0.0,0.0
2023-08-07,TCS.NS,3453.949951171875,3488.0,3441.25,3484.050048828125,3175.692138671875,1853889,0.0,0.0
2023-08-08,TCS.NS,3484.050048828125,3489.949951171875,3456.60009765625,3470.60009765625,3163.432373046875,1634225,0.0,0.0
2023-08-09,TCS.NS,3464.89990234375,3467.0,3425.050048828125,3462.5,3156.049560546875,1794589,0.0,0.0
2023-08-10,TCS.NS,3450.0,3464.89990234375,3430.050048828125,3442.10009765625,3137.455322265625,1096701,0.0,0.0
2023-08-11,TCS.NS,3438.10009765625,3466.64990234375,3414.0,3448.800048828125,3143.5625,1679974,0.0,0.0
2023-08-14,TCS.NS,3440.699951171875,3455.0,3411.0,3449.85009765625,3144.519287109375,1190425,0.0,0.0
2023-08-16,TCS.NS,3450.0,3466.0,3435.199951171875,3458.39990234375,3152.31201171875,1328445,0.0,0.0
2023-08-17,TCS.NS,3455.0,3460.800048828125,3413.199951171875,3435.75,3131.66748046875,1843241,0.0,0.0
2023-08-18,TCS.NS,3410.0,3410.0,3356.5,3367.10009765625,3069.0927734375,2526749,0.0,0.0
2023-08-21,TCS.NS,3375.0,3409.75,3372.0,3401.64990234375,3100.585205078125,1375579,0.0,0.0
2023-08-22,TCS.NS,3400.0,3411.0,3365.050048828125,3382.14990234375,3082.811279296875,1222012,0.0,0.0
2023-08-23,TCS.NS,3388.0,3402.0,3376.0,3398.25,3097.48583984375,1330046,0.0,0.0
2023-08-24,TCS.NS,3408.0,3413.050048828125,3378.10009765625,3387.75,3087.915283203125,1152881,0.0,0.0
2023-08-25,TCS.NS,3375.0,3385.800048828125,3350.25,3381.300048828125,3082.035888671875,1158046,0.0,0.0
2023-08-28,TCS.NS,3394.0,3394.0,3360.10009765625,3375.550048828125,3076.794921875,1037485,0.0,0.0
2023-08-29,TCS.NS,3381.050048828125,3389.550048828125,3365.0,3376.14990234375,3077.341796875,944517,0.0,0.0
2023-08-30,TCS.NS,3398.0,3408.10009765625,3383.050048828125,3390.949951171875,3090.83203125,1188200,0.0,0.0
2023-08-31,TCS.NS,3401.0,3417.39990234375,3343.64990234375,3356.800048828125,3059.704833984375,3417652,0.0,0.0
2023-09-01,TCS.NS,3366.0,3389.0,3356.800048828125,3379.199951171875,3080.122314453125,1277950,0.0,0.0
2023-09-04,TCS.NS,3378.0,3432.85009765625,3370.050048828125,3418.5,3115.94384765625,1828332,0.0,0.0
2023-09-05,TCS.NS,3420.0,3447.0,3405.14990234375,3429.35009765625,3125.83349609375,1501842,0.0,0.0
2023-09-06,TCS.NS,3434.0,3443.89990234375,3398.10009765625,3429.89990234375,3126.334716796875,1314818,0.0,0.0
2023-09-07,TCS.NS,3430.800048828125,3460.0,3422.300048828125,3455.25,3149.44091796875,1885092,0.0,0.0
2023-09-08,TCS.NS,3455.25,3465.0,3435.050048828125,3441.89990234375,3137.2724609375,1518917,0.0,0.0
2023-09-11,TCS.NS,3462.0,3485.699951171875,3445.0,3480.64990234375,3172.593017578125,1783604,0.0,0.0
2023-09-12,TCS.NS,3492.0,3589.89990234375,3483.0,3580.800048828125,3263.87939453125,4476016,0.0,0.0
2023-09-13,TCS.NS,3571.10009765625,3588.85009765625,3545.0,3567.85009765625,3252.07568359375,1754929,0.0,0.0
2023-09-14,TCS.NS,3570.050048828125,3597.699951171875,3545.60009765625,3560.050048828125,3244.966064453125,2604721,0.0,0.0
2023-09-15,TCS.NS,3567.85009765625,3607.35009765625,3562.449951171875,3598.300048828125,3279.83056640625,2952897,0.0,0.0
2023-09-18,TCS.NS,3580.050048828125,3619.300048828125,3575.25,3606.14990234375,3286.9853515625,1395753,0.0,0.0
2023-09-20,TCS.NS,3580.0,3625.0,3580.0,3606.050048828125,3286.894287109375,1649396,0.0,0.0
2023-09-21,TCS.NS,3588.550048828125,3605.0,3528.0,3585.300048828125,3267.98095703125,2004073,0.0,0.0
2023-09-22,TCS.NS,3584.0,3633.75,3565.050048828125,3603.64990234375,3284.70654296875,1989083,0.0,0.0
2023-09-25,TCS.NS,3602.5,3620.0,3558.64990234375,3577.14990234375,3260.552001953125,1238778,0.0,0.0
2023-09-26,TCS.NS,3567.60009765625,3594.949951171875,3536.0,3585.699951171875,3268.345458984375,1726062,0.0,0.0
2023-09-27,TCS.NS,3590.0,3614.0,3555.699951171875,3589.300048828125,3271.627197265625,1541134,0.0,0.0
2023-09-28,TCS.NS,3600.0,3602.800048828125,3527.35009765625,3536.75,3223.727783203125,1755753,0.0,0.0
2023-09-29,TCS.NS,3537.199951171875,3568.449951171875,3505.550048828125,3528.60009765625,3216.29931640625,2243791,0.0,0.0
2023-10-03,TCS.NS,3534.199951171875,3534.199951171875,3480.10009765625,3513.85009765625,3202.85498046875,1948148,0.0,0.0
2023-10-04,TCS.NS,3486.300048828125,3548.0,3477.300048828125,3537.75,3224.6396484375,1788138,0.0,0.0
2023-10-05,TCS.NS,3554.0,3624.0,3551.199951171875,3589.35009765625,3271.6728515625,2990768,0.0,0.0
2023-10-06,TCS.NS,3591.0,3634.949951171875,3575.050048828125,3621.39990234375,3300.885986328125,2075691,0.0,0.0
2023-10-09,TCS.NS,3645.050048828125,3679.0,3631.0,3638.35009765625,3316.3359375,4233074,0.0,0.0
2023-10-10,TCS.NS,3640.050048828125,3648.0,3601.35009765625,3628.89990234375,3307.722412109375,1848148,0.0,0.0
2023-10-11,TCS.NS,3650.0,3650.0,3605.0,3609.89990234375,3290.4033203125,2426417,0.0,0.0
2023-10-12,TCS.NS,3575.0,3588.64990234375,3538.10009765625,3542.550048828125,3229.0146484375,4241281,0.0,0.0
2023-10-13,TCS.NS,3530.0,3577.0,3525.0,3570.85009765625,3254.81005859375,2890357,0.0,0.0
2023-10-16,TCS.NS,3566.0,3574.64990234375,3519.10009765625,3524.050048828125,3212.152099609375,1671104,0.0,0.0
2023-10-17,TCS.NS,3530.0,3534.14990234375,3503.35009765625,3507.050048828125,3196.656494140625,1672065,0.0,0.0
2023-10-18,TCS.NS,3511.0,3522.699951171875,3484.0,3487.25,3178.609375,1408245,0.0,0.0
2023-10-19,TCS.NS,3469.5,3476.85009765625,3451.89990234375,3455.64990234375,3157.956298828125,1514545,9.0,0.0
2023-10-20,TCS.NS,3450.39990234375,3499.5,3444.050048828125,3494.550048828125,3193.505126953125,1481211,0.0,0.0
2023-10-23,TCS.NS,3473.0,3478.949951171875,3401.300048828125,3410.14990234375,3116.37548828125,1106272,0.0,0.0
2023-10-25,TCS.NS,3390.5,3425.0,3377.199951171875,3390.10009765625,3098.052734375,1518537,0.0,0.0
2023-10-26,TCS.NS,3368.050048828125,3373.699951171875,3330.0,3336.75,3049.298828125,1984471,0.0,0.0
2023-10-27,TCS.NS,3350.0,3362.0,3337.0,3350.949951171875,3062.275390625,1108851,0.0,0.0
2023-10-30,TCS.NS,3350.0,3382.85009765625,3333.75,3378.550048828125,3087.497802734375,910972,0.0,0.0
2023-10-31,TCS.NS,3399.0,3399.0,3350.050048828125,3368.75,3078.542236328125,999811,0.0,0.0
2023-11-01,TCS.NS,3355.0,3371.60009765625,3311.0,3330.64990234375,3043.724365234375,1563475,0.0,0.0
2023-11-02,TCS.NS,3343.199951171875,3375.949951171875,3343.199951171875,3360.10009765625,3070.63720703125,1245384,0.0,0.0
2023-11-03,TCS.NS,3382.0,3387.89990234375,3344.300048828125,3350.89990234375,3062.2294921875,1402598,0.0,0.0
2023-11-06,TCS.NS,3375.0,3392.300048828125,3359.0,3380.25,3089.05126953125,1099852,0.0,0.0
2023-11-07,TCS.NS,3378.0,3404.14990234375,3366.0,3370.449951171875,3080.09521484375,1191144,0.0,0.0
2023-11-08,TCS.NS,3371.449951171875,3401.949951171875,3369.550048828125,3381.550048828125,3090.239501953125,992899,0.0,0.0
2023-11-09,TCS.NS,3390.10009765625,3391.5,3342.050048828125,3347.449951171875,3059.07666015625,2112352,0.0,0.0
2023-11-10,TCS.NS,3338.0,3347.449951171875,3322.35009765625,3333.449951171875,3046.283447265625,1338557,0.0,0.0
2023-11-13,TCS.NS,3356.0,3356.0,3327.0,3331.550048828125,3044.54638671875,1030990,0.0,0.0
2023-11-15,TCS.NS,3383.10009765625,3413.0,3356.050048828125,3404.300048828125,3111.02978515625,2059802,0.0,0.0
2023-11-16,TCS.NS,3430.050048828125,3529.35009765625,3414.199951171875,3497.85009765625,3196.5205078125,3951984,0.0,0.0
2023-11-17,TCS.NS,3497.85009765625,3524.5,3492.550048828125,3502.449951171875,3200.723876953125,2021292,0.0,0.0
2023-11-20,TCS.NS,3491.25,3533.89990234375,3491.25,3519.60009765625,3216.39697265625,1475621,0.0,0.0
2023-11-21,TCS.NS,3519.60009765625,3539.050048828125,3501.0,3510.199951171875,3207.806396484375,1807236,0.0,0.0
2023-11-22,TCS.NS,3500.0,3532.64990234375,3481.10009765625,3530.14990234375,3226.037841796875,1798051,0.0,0.0
2023-11-23,TCS.NS,3530.0,3544.0,3500.0,3508.25,3206.024658203125,2729804,0.0,0.0
2023-11-24,TCS.NS,3494.25,3504.550048828125,3453.0,3457.10009765625,3159.28125,1989733,0.0,0.0
2023-11-28,TCS.NS,3457.10009765625,3481.25,3433.0,3470.14990234375,3171.20654296875,1689195,0.0,0.0
2023-11-29,TCS.NS,3481.0,3518.0,3475.800048828125,3513.75,3211.05078125,1441634,0.0,0.0
2023-11-30,TCS.NS,3499.449951171875,3516.64990234375,3481.0,3487.60009765625,3187.15380859375,3266235,0.0,0.0
2023-12-01,TCS.NS,3500.0,3516.949951171875,3490.050048828125,3511.64990234375,3209.1318359375,1172141,0.0,0.0
2023-12-04,TCS.NS,3544.64990234375,3547.800048828125,3498.0,3512.449951171875,3209.86328125,1625213,0.0,0.0
2023-12-05,TCS.NS,3538.0,3538.0,3502.800048828125,3531.60009765625,3227.36328125,1377656,0.0,0.0
2023-12-06,TCS.NS,3532.60009765625,3612.85009765625,3525.14990234375,3604.10009765625,3293.6171875,1896572,0.0,0.0
2023-12-07,TCS.NS,3605.0,3630.550048828125,3591.699951171875,3614.89990234375,3303.487060546875,1967653,0.0,0.0
2023-12-08,TCS.NS,3633.0,3645.0,3602.050048828125,3626.699951171875,3314.2705078125,1641155,0.0,0.0
2023-12-11,TCS.NS,3622.89990234375,3653.0,3615.0,3642.89990234375,3329.07470703125,1102503,0.0,0.0
2023-12-12,TCS.NS,3638.949951171875,3698.39990234375,3631.0,3672.10009765625,3355.759521484375,2236866,0.0,0.0
2023-12-13,TCS.NS,3643.550048828125,3650.0,3563.0,3593.550048828125,3283.976806640625,3850968,0.0,0.0
2023-12-14,TCS.NS,3630.0,3678.0,3627.60009765625,3667.25,3351.327392578125,3290396,0.0,0.0
2023-12-15,TCS.NS,3666.699951171875,3895.949951171875,3666.699951171875,3861.0,3528.38671875,8531230,0.0,0.0
2023-12-18,TCS.NS,3858.10009765625,3929.0,3830.14990234375,3859.199951171875,3526.7412109375,2521612,0.0,0.0
2023-12-19,TCS.NS,3845.0,3855.10009765625,3790.0,3816.199951171875,3487.4453125,2004435,0.0,0.0
2023-12-20,TCS.NS,3827.25,3898.800048828125,3766.550048828125,3780.050048828125,3454.41015625,2586083,0.0,0.0
2023-12-21,TCS.NS,3756.25,3806.699951171875,3743.35009765625,3787.5,3461.218017578125,1517562,0.0,0.0
2023-12-22,TCS.NS,3800.0,3845.949951171875,3762.0,3824.0,3494.5732421875,2413058,0.0,0.0
2023-12-26,TCS.NS,3819.85009765625,3834.0,3790.14990234375,3795.550048828125,3468.57470703125,1285231,0.0,0.0
2023-12-27,TCS.NS,3799.0,3818.199951171875,3768.0,3811.199951171875,3482.87646484375,1293976,0.0,0.0
2023-12-28,TCS.NS,3824.0,3838.0,3792.10009765625,3799.89990234375,3472.5498046875,1682889,0.0,0.0
2023-12-29,TCS.NS,3792.0,3822.60009765625,3765.39990234375,3793.39990234375,3466.60986328125,1574996,0.0,0.0
2024-01-01,TCS.NS,3790.0,3832.0,3773.0,3811.10009765625,3482.784912109375,825907,0.0,0.0
2024-01-02,TCS.NS,3811.10009765625,3811.10009765625,3767.25,3783.199951171875,3457.288330078125,1344068,0.0,0.0
2024-01-03,TCS.NS,3767.0,3771.85009765625,3687.050048828125,3691.75,3373.71630859375,1803075,0.0,0.0
2024-01-04,TCS.NS,3701.75,3719.0,3651.0,3666.800048828125,3350.915771484375,3598144,0.0,0.0
2024-01-05,TCS.NS,3675.0,3747.75,3674.85009765625,3737.89990234375,3415.890380859375,1963127,0.0,0.0
2024-01-08,TCS.NS,3737.89990234375,3739.75,3672.39990234375,3678.300048828125,3361.425048828125,1067805,0.0,0.0
2024-01-09,TCS.NS,3709.949951171875,3752.35009765625,3682.75,3689.89990234375,3372.025634765625,1370944,0.0,0.0
2024-01-10,TCS.NS,3690.0,3729.25,3688.0,3713.050048828125,3393.181640625,1292227,0.0,0.0
2024-01-11,TCS.NS,3724.0,3773.0,3707.0,3735.550048828125,3413.743408203125,1777909,0.0,0.0
2024-01-12,TCS.NS,3848.0,3905.25,3821.60009765625,3882.800048828125,3548.308349609375,6813450,0.0,0.0
2024-01-15,TCS.NS,3960.0,3965.0,3885.0,3903.800048828125,3567.4990234375,2801505,0.0,0.0
2024-01-16,TCS.NS,3899.0,3899.0,3855.550048828125,3861.300048828125,3528.660400390625,1432672,0.0,0.0
2024-01-17,TCS.NS,3819.0,3909.949951171875,3812.550048828125,3884.60009765625,3549.953125,3458696,0.0,0.0
2024-01-18,TCS.NS,3898.0,3908.800048828125,3862.0,3902.60009765625,3566.40283203125,2239110,0.0,0.0
2024-01-19,TCS.NS,3945.0,3963.550048828125,3915.050048828125,3943.050048828125,3628.47119140625,2941975,27.0,0.0
2024-01-23,TCS.NS,3900.0,3933.89990234375,3842.75,3858.25,3550.436767578125,2618854,0.0,0.0
2024-01-24,TCS.NS,3880.0,3883.64990234375,3805.60009765625,3841.800048828125,3535.29931640625,2657709,0.0,0.0
2024-01-25,TCS.NS,3839.89990234375,3861.0,3778.699951171875,3810.300048828125,3506.312255859375,2205154,0.0,0.0
2024-01-29,TCS.NS,3800.800048828125,3820.0,3780.85009765625,3801.0,3497.754638671875,1646747,0.0,0.0
2024-01-30,TCS.NS,3807.449951171875,3847.800048828125,3787.0,3800.550048828125,3497.340087890625,1411621,0.0,0.0
2024-01-31,TCS.NS,3811.199951171875,3834.0,3796.449951171875,3815.949951171875,3511.51171875,2459358,0.0,0.0
2024-02-01,TCS.NS,3820.0,3904.89990234375,3805.050048828125,3854.14990234375,3546.6640625,2363107,0.0,0.0
2024-02-02,TCS.NS,3875.050048828125,3984.39990234375,3872.0,3966.300048828125,3649.866455078125,2826510,0.0,0.0
2024-02-05,TCS.NS,3983.0,4022.0,3962.10009765625,3973.300048828125,3656.308349609375,1691523,0.0,0.0
2024-02-06,TCS.NS,3997.0,4149.89990234375,3990.0,4136.0,3806.027587890625,4474396,0.0,0.0
2024-02-07,TCS.NS,4153.0,4155.0,4073.949951171875,4083.39990234375,3757.624267578125,2124267,0.0,0.0
2024-02-08,TCS.NS,4090.0,4158.0,4086.050048828125,4134.10009765625,3804.279296875,2345173,0.0,0.0
2024-02-09,TCS.NS,4136.5498046875,4184.75,4100.0,4133.7001953125,3803.911376953125,2100596,0.0,0.0
2024-02-12,TCS.NS,4130.0,4159.60009765625,4105.5498046875,4120.7001953125,3791.94873046875,1013716,0.0,0.0
2024-02-13,TCS.NS,4125.4501953125,4170.0,4081.5,4149.5,3818.45068359375,1257415,0.0,0.0
2024-02-14,TCS.NS,4107.0,4114.89990234375,4049.5,4100.10009765625,3772.99169921875,1391283,0.0,0.0
2024-02-15,TCS.NS,4128.0,4146.2998046875,4083.0,4103.2001953125,3775.844482421875,1091582,0.0,0.0
2024-02-16,TCS.NS,4113.25,4147.9501953125,4100.10009765625,4128.2998046875,3798.942138671875,1307556,0.0,0.0
2024-02-19,TCS.NS,4123.0498046875,4128.2998046875,4055.0,4103.7998046875,3776.39599609375,772291,0.0,0.0
2024-02-20,TCS.NS,4082.10009765625,4098.0,4010.0,4030.64990234375,3709.08251953125,1193648,0.0,0.0
2024-02-21,TCS.NS,4013.0,4063.35009765625,3980.60009765625,3991.5,3673.05615234375,1885939,0.0,0.0
2024-02-22,TCS.NS,3971.0,4094.949951171875,3971.0,4087.10009765625,3761.029296875,2982052,0.0,0.0
2024-02-23,TCS.NS,4130.0,4130.0,4046.39990234375,4052.10009765625,3728.82080078125,2538072,0.0,0.0
2024-02-26,TCS.NS,4036.0,4050.0,3982.75,4001.050048828125,3681.84375,1379284,0.0,0.0
2024-02-27,TCS.NS,3999.0,4124.0,3999.0,4104.39990234375,3776.948974609375,2960475,0.0,0.0
2024-02-28,TCS.NS,4095.60009765625,4154.89990234375,4089.0,4118.9501953125,3790.33837890625,1939225,0.0,0.0
2024-02-29,TCS.NS,4099.0,4138.10009765625,4064.550048828125,4095.10009765625,3768.390625,3772719,0.0,0.0
2024-03-01,TCS.NS,4107.2001953125,4140.0,4086.800048828125,4094.35009765625,3767.70068359375,2043265,0.0,0.0
2024-03-04,TCS.NS,4105.0,4117.89990234375,4075.89990234375,4080.699951171875,3755.139404296875,1749271,0.0,0.0
2024-03-05,TCS.NS,4062.0,4064.0,3980.0,4012.10009765625,3692.012939453125,2070859,0.0,0.0
2024-03-06,TCS.NS,3994.050048828125,4072.0,3958.449951171875,4064.300048828125,3740.047607421875,1744204,0.0,0.0
2024-03-07,TCS.NS,4065.0,4124.0,4037.699951171875,4108.60009765625,3780.814208984375,2688905,0.0,0.0
2024-03-11,TCS.NS,4089.0,4153.0,4089.0,4122.35009765625,3793.466796875,2304068,0.0,0.0
2024-03-12,TCS.NS,4122.35009765625,4229.9501953125,4121.0498046875,4192.25,3857.790283203125,4039801,0.0,0.0
2024-03-13,TCS.NS,4205.0,4241.0,4131.89990234375,4149.0,3817.99072265625,2837260,0.0,0.0
2024-03-14,TCS.NS,4153.4501953125,4225.0,4086.0,4207.60009765625,3871.915283203125,2919608,0.0,0.0
2024-03-15,TCS.NS,4192.60009765625,4239.0,4177.0,4219.25,3882.635986328125,3373143,0.0,0.0
2024-03-18,TCS.NS,4215.25,4254.75,4117.85009765625,4152.5,3821.211181640625,1526904,0.0,0.0
2024-03-19,TCS.NS,4051.25,4058.0,3966.60009765625,3977.300048828125,3659.989013671875,8931209,0.0,0.0
2024-03-20,TCS.NS,3986.0,4018.0,3960.199951171875,3970.89990234375,3654.09912109375,1817913,0.0,0.0
2024-03-21,TCS.NS,3990.050048828125,4008.39990234375,3948.0,3972.949951171875,3655.986083984375,3829582,0.0,0.0
2024-03-22,TCS.NS,3897.0,3938.0,3855.0,3910.89990234375,3598.886474609375,5852485,0.0,0.0
2024-03-26,TCS.NS,3875.0,3946.699951171875,3871.449951171875,3877.5,3568.15087890625,3440925,0.0,0.0
2024-03-27,TCS.NS,3888.5,3895.0,3829.39990234375,3840.89990234375,3534.470947265625,1968575,0.0,0.0
2024-03-28,TCS.NS,3850.10009765625,3915.0,3840.5,3876.300048828125,3567.04638671875,4311783,0.0,0.0
2024-04-01,TCS.NS,3897.699951171875,3933.300048828125,3888.050048828125,3916.75,3604.269775390625,1569676,0.0,0.0
2024-04-02,TCS.NS,3890.0,3909.85009765625,3873.0,3883.800048828125,3573.9482421875,2142666,0.0,0.0
2024-04-03,TCS.NS,3851.0,3981.0,3851.0,3947.300048828125,3632.382568359375,3973090,0.0,0.0
2024-04-04,TCS.NS,3975.89990234375,4028.64990234375,3935.25,4003.300048828125,3683.91455078125,3394637,0.0,0.0
2024-04-05,TCS.NS,3978.0,4002.0,3960.5,3979.25,3661.78369140625,1636819,0.0,0.0
2024-04-08,TCS.NS,3983.0,4032.64990234375,3960.0,3972.550048828125,3655.61767578125,2302538,0.0,0.0
2024-04-09,TCS.NS,3984.0,4015.85009765625,3925.050048828125,3946.550048828125,3631.692138671875,1876992,0.0,0.0
2024-04-10,TCS.NS,3956.39990234375,3990.199951171875,3918.0,3984.64990234375,3666.752197265625,2101965,0.0,0.0
2024-04-12,TCS.NS,3971.0,4013.35009765625,3945.5,4001.39990234375,3682.166259765625,4354821,0.0,0.0
2024-04-15,TCS.NS,4001.39990234375,4064.199951171875,3919.050048828125,3941.199951171875,3626.768798828125,4200329,0.0,0.0
2024-04-16,TCS.NS,3902.0,3928.699951171875,3862.85009765625,3872.800048828125,3563.825927734375,3051420,0.0,0.0
2024-04-18,TCS.NS,3876.800048828125,3936.0,3850.0,3862.0,3553.887939453125,3476284,0.0,0.0
2024-04-19,TCS.NS,3838.0,3852.550048828125,3800.89990234375,3826.199951171875,3520.943603515625,2957749,0.0,0.0
2024-04-22,TCS.NS,3837.0,3878.0,3812.0,3864.60009765625,3556.280517578125,1728883,0.0,0.0
2024-04-23,TCS.NS,3877.050048828125,3895.0,3860.60009765625,3874.699951171875,3565.57421875,1807586,0.0,0.0
2024-04-24,TCS.NS,3890.0,3898.0,3824.449951171875,3831.050048828125,3525.40673828125,1317312,0.0,0.0
2024-04-25,TCS.NS,3811.199951171875,3873.64990234375,3811.0,3852.199951171875,3544.869140625,2856271,0.0,0.0
2024-04-26,TCS.NS,3855.14990234375,3876.800048828125,3802.550048828125,3821.35009765625,3516.48095703125,2039178,0.0,0.0
2024-04-29,TCS.NS,3838.0,3877.800048828125,3819.199951171875,3870.199951171875,3561.433349609375,1110693,0.0,0.0
2024-04-30,TCS.NS,3872.0,3881.75,3810.0,3820.64990234375,3515.83642578125,2203078,0.0,0.0
2024-05-02,TCS.NS,3778.050048828125,3871.10009765625,3778.050048828125,3863.300048828125,3555.083740234375,2491044,0.0,0.0
2024-05-03,TCS.NS,3890.14990234375,3893.60009765625,3797.60009765625,3843.39990234375,3536.771484375,2962234,0.0,0.0
2024-05-06,TCS.NS,3853.0,3939.949951171875,3853.0,3921.050048828125,3608.2265625,2053831,0.0,0.0
2024-05-07,TCS.NS,3930.800048828125,3988.0,3913.5,3978.949951171875,3661.50732421875,2062112,0.0,0.0
2024-05-08,TCS.NS,3961.0,3984.300048828125,3938.60009765625,3976.949951171875,3659.666748046875,1247685,0.0,0.0
2024-05-09,TCS.NS,3962.0,3971.0,3910.050048828125,3960.199951171875,3644.25341796875,1726486,0.0,0.0
2024-05-10,TCS.NS,3962.60009765625,3973.60009765625,3885.050048828125,3893.89990234375,3583.24267578125,1672489,0.0,0.0
2024-05-13,TCS.NS,3884.5,3955.0,3870.0,3947.800048828125,3632.842529296875,931326,0.0,0.0
2024-05-14,TCS.NS,3936.0,3945.800048828125,3892.89990234375,3901.199951171875,3589.959716796875,1058317,0.0,0.0
2024-05-15,TCS.NS,3904.5,3926.949951171875,3875.5,3880.39990234375,3570.819580078125,1115021,0.0,0.0
2024-05-16,TCS.NS,3891.10009765625,3909.5,3843.5,3900.949951171875,3615.82080078125,2599399,28.0,0.0
2024-05-17,TCS.NS,3919.0,3920.0,3830.0,3834.10009765625,3553.857666015625,2765804,0.0,0.0
2024-05-21,TCS.NS,3830.60009765625,3844.75,3810.050048828125,3820.199951171875,3540.972900390625,1908117,0.0,0.0
2024-05-22,TCS.NS,3835.0,3841.25,3817.550048828125,3832.0,3551.91064453125,1311168,0.0,0.0
2024-05-23,TCS.NS,3840.949951171875,3905.0,3825.5,3893.449951171875,3608.868896484375,2095742,0.0,0.0
2024-05-24,TCS.NS,3878.25,3883.800048828125,3844.300048828125,3849.5,3568.131591796875,1309452,0.0,0.0
2024-05-27,TCS.NS,3855.0,3908.35009765625,3841.35009765625,3847.050048828125,3565.860595703125,1841538,0.0,0.0
2024-05-28,TCS.NS,3858.0,3870.0,3830.0,3839.89990234375,3559.233642578125,1801993,0.0,0.0
2024-05-29,TCS.NS,3848.89990234375,3848.89990234375,3800.0,3803.64990234375,3525.632568359375,1568095,0.0,0.0
2024-05-30,TCS.NS,3777.0,3794.39990234375,3715.449951171875,3736.10009765625,3463.020263671875,2919230,0.0,0.0
2024-05-31,TCS.NS,3740.0,3749.800048828125,3653.75,3670.949951171875,3402.632080078125,10956800,0.0,0.0
2024-06-03,TCS.NS,3732.800048828125,3751.550048828125,3696.0,3702.85009765625,3432.20068359375,2156773,0.0,0.0
2024-06-04,TCS.NS,3700.0,3745.0,3591.5,3715.0,3443.46240234375,3395997,0.0,0.0
2024-06-05,TCS.NS,3716.0,3783.800048828125,3700.0,3746.449951171875,3472.613525390625,2799670,0.0,0.0
2024-06-06,TCS.NS,3781.0,3839.89990234375,3741.5,3830.39990234375,3550.427490234375,4328036,0.0,0.0
2024-06-07,TCS.NS,3837.300048828125,3915.0,3837.300048828125,3893.949951171875,3609.33251953125,4552445,0.0,0.0
2024-06-10,TCS.NS,3895.0,3905.89990234375,3841.89990234375,3858.699951171875,3576.65869140625,1734661,0.0,0.0
2024-06-11,TCS.NS,3845.0,3879.949951171875,3841.0,3852.10009765625,3570.5419921875,1419898,0.0,0.0
2024-06-12,TCS.NS,3874.39990234375,3893.5,3827.449951171875,3831.64990234375,3551.5859375,2177001,0.0,0.0
2024-06-13,TCS.NS,3856.800048828125,3890.0,3852.0,3878.14990234375,3594.687255859375,1932323,0.0,0.0
2024-06-14,TCS.NS,3889.0,3889.0,3828.0,3832.050048828125,3551.957275390625,1860730,0.0,0.0
2024-06-18,TCS.NS,3826.050048828125,3842.0,3795.050048828125,3815.10009765625,3536.246337890625,1774045,0.0,0.0
2024-06-19,TCS.NS,3827.64990234375,3833.85009765625,3792.949951171875,3801.699951171875,3523.824951171875,1509050,0.0,0.0
2024-06-20,TCS.NS,3796.0,3809.949951171875,3780.050048828125,3787.25,3510.431396484375,2846526,0.0,0.0
2024-06-21,TCS.NS,3827.0,3877.800048828125,3798.050048828125,3810.75,3532.2138671875,4642195,0.0,0.0
2024-06-24,TCS.NS,3808.75,3857.0,3791.300048828125,3816.800048828125,3537.822021484375,1702154,0.0,0.0
2024-06-25,TCS.NS,3817.0,3847.64990234375,3792.89990234375,3838.449951171875,3557.88916015625,1338808,0.0,0.0
2024-06-26,TCS.NS,3844.5,3866.949951171875,3841.0,3855.85009765625,3574.017578125,1639845,0.0,0.0
2024-06-27,TCS.NS,3831.0,3942.0,3818.10009765625,3934.14990234375,3646.593994140625,4526556,0.0,0.0
2024-06-28,TCS.NS,3917.800048828125,3960.0,3897.85009765625,3904.14990234375,3618.787109375,2731571,0.0,0.0
2024-07-01,TCS.NS,3884.0,4001.699951171875,3884.0,3978.199951171875,3687.424560546875,2658723,0.0,0.0
2024-07-02,TCS.NS,3993.60009765625,4023.39990234375,3982.550048828125,4017.39990234375,3723.759521484375,2307449,0.0,0.0
2024-07-03,TCS.NS,4020.0,4026.10009765625,3955.0,3965.25,3675.421142578125,1821198,0.0,0.0
2024-07-04,TCS.NS,3999.85009765625,4047.35009765625,3982.10009765625,4020.949951171875,3727.0498046875,2518001,0.0,0.0
2024-07-05,TCS.NS,4010.0,4026.75,3988.0,4011.800048828125,3718.56884765625,1668616,0.0,0.0
2024-07-08,TCS.NS,4022.0,4031.25,3978.050048828125,3993.199951171875,3701.328125,1758882,0.0,0.0
2024-07-09,TCS.NS,3985.0,4006.949951171875,3975.10009765625,3985.5,3694.191162109375,1305801,0.0,0.0
2024-07-10,TCS.NS,3983.699951171875,4003.300048828125,3902.0,3909.14990234375,3623.42138671875,2669716,0.0,0.0
2024-07-11,TCS.NS,3931.0,3980.0,3895.60009765625,3923.699951171875,3636.908203125,4872189,0.0,0.0
2024-07-12,TCS.NS,3980.0,4199.9501953125,3971.300048828125,4183.9501953125,3878.13623046875,13509164,0.0,0.0
2024-07-15,TCS.NS,4235.7001953125,4240.0,4157.0498046875,4169.2001953125,3864.46435546875,4848030,0.0,0.0
2024-07-16,TCS.NS,4172.0,4194.5498046875,4144.89990234375,4178.4501953125,3873.0380859375,2029521,0.0,0.0
2024-07-18,TCS.NS,4160.0,4325.0,4160.0,4315.5498046875,4000.11669921875,5613364,0.0,0.0
2024-07-19,TCS.NS,4317.39990234375,4358.75,4285.25,4302.39990234375,3997.18994140625,3903354,10.0,0.0
2024-07-22,TCS.NS,4299.9501953125,4319.9501953125,4265.0,4287.35009765625,3983.208251953125,1896386,0.0,0.0
2024-07-23,TCS.NS,4283.0,4361.7001953125,4266.2998046875,4302.35009765625,3997.14453125,2365208,0.0,0.0
2024-07-24,TCS.NS,4287.5,4339.10009765625,4268.10009765625,4306.25,4000.76708984375,1809793,0.0,0.0
2024-07-25,TCS.NS,4295.0,4343.0,4274.2001953125,4322.5,4015.8642578125,2810342,0.0,0.0
2024-07-26,TCS.NS,4350.0,4422.4501953125,4337.0498046875,4387.85009765625,4076.57861328125,3552210,0.0,0.0
2024-07-29,TCS.NS,4415.0,4431.0,4371.0,4381.10009765625,4070.30712890625,1746803,0.0,0.0
2024-07-30,TCS.NS,4391.10009765625,4398.0,4327.2998046875,4365.35009765625,4055.674560546875,1797906,0.0,0.0
2024-07-31,TCS.NS,4350.0,4414.0,4345.0,4385.35009765625,4074.256103515625,2330091,0.0,0.0
2024-08-01,TCS.NS,4399.39990234375,4419.2998046875,4365.0498046875,4397.10009765625,4085.1728515625,2202244,0.0,0.0
2024-08-02,TCS.NS,4365.0,4398.0,4270.0,4283.0498046875,3979.212646484375,2811282,0.0,0.0
2024-08-05,TCS.NS,4239.0,4239.0,4110.5,4155.0498046875,3860.29345703125,2787771,0.0,0.0
2024-08-06,TCS.NS,4170.9501953125,4258.25,4160.7998046875,4171.2001953125,3875.297607421875,2203067,0.0,0.0
2024-08-07,TCS.NS,4228.0,4244.9501953125,4180.2998046875,4200.4501953125,3902.472900390625,1237666,0.0,0.0
2024-08-08,TCS.NS,4181.0,4232.0,4160.0,4172.5498046875,3876.552001953125,2441283,0.0,0.0
2024-08-09,TCS.NS,4217.0,4253.64990234375,4205.5498046875,4228.75,3928.764892578125,1302536,0.0,0.0
2024-08-12,TCS.NS,4230.0,4239.0,4186.35009765625,4195.64990234375,3898.01318359375,936912,0.0,0.0
2024-08-13,TCS.NS,4213.0,4234.0,4183.0,4196.9501953125,3899.22119140625,1495593,0.0,0.0
2024-08-14,TCS.NS,4209.0,4306.2001953125,4188.14990234375,4295.25,3990.547119140625,3226545,0.0,0.0
2024-08-16,TCS.NS,4350.0,4427.0,4325.10009765625,4416.0498046875,4102.77734375,3457058,0.0,0.0
2024-08-19,TCS.NS,4421.0,4494.25,4390.35009765625,4490.0,4171.48193359375,2055210,0.0,0.0
2024-08-20,TCS.NS,4505.0,4565.0,4500.0,4523.2998046875,4202.4189453125,2212298,0.0,0.0
2024-08-21,TCS.NS,4518.0,4560.0,4492.5498046875,4551.5,4228.619140625,1896990,0.0,0.0
2024-08-22,TCS.NS,4560.0,4560.9501953125,4497.2001953125,4502.0,4182.630859375,1829872,0.0,0.0
2024-08-23,TCS.NS,4500.0,4506.0,4455.0,4463.89990234375,4147.2333984375,1809253,0.0,0.0
2024-08-26,TCS.NS,4489.0,4552.14990234375,4485.0,4502.4501953125,4183.048828125,1844164,0.0,0.0
2024-08-27,TCS.NS,4505.0,4510.0,4486.7998046875,4497.14990234375,4178.12548828125,930697,0.0,0.0
2024-08-28,TCS.NS,4498.75,4562.5,4457.2998046875,4506.0498046875,4186.39404296875,1848058,0.0,0.0
2024-08-29,TCS.NS,4460.0,4556.0,4460.0,4511.7998046875,4191.73583984375,2133641,0.0,0.0
2024-08-30,TCS.NS,4500.0,4592.25,4487.7998046875,4553.75,4230.708984375,3637222,0.0,0.0
2024-09-02,TCS.NS,4576.0,4588.0,4512.0,4521.0498046875,4200.32958984375,1216500,0.0,0.0
2024-09-03,TCS.NS,4521.0498046875,4555.89990234375,4495.89990234375,4512.35009765625,4192.2470703125,1717263,0.0,0.0
2024-09-04,TCS.NS,4476.9501953125,4487.0,4436.7001953125,4479.25,4161.49462890625,1265505,0.0,0.0
2024-09-05,TCS.NS,4481.0,4499.0,4454.14990234375,4475.9501953125,4158.4287109375,1688793,0.0,0.0
2024-09-06,TCS.NS,4473.9501953125,4518.9501953125,4440.0,4456.75,4140.5908203125,1649179,0.0,0.0
2024-09-09,TCS.NS,4455.0,4490.25,4430.5,4449.5498046875,4133.9013671875,1184938,0.0,0.0
2024-09-10,TCS.NS,4442.4501953125,4539.9501953125,4440.4501953125,4507.85009765625,4188.06591796875,1385591,0.0,0.0
2024-09-11,TCS.NS,4521.4501953125,4549.35009765625,4471.25,4479.35009765625,4161.587890625,1325919,0.0,0.0
2024-09-12,TCS.NS,4510.25,4532.60009765625,4431.2998046875,4517.7001953125,4197.21728515625,2742216,0.0,0.0
2024-09-13,TCS.NS,4530.0,4547.0,4505.0,4522.60009765625,4201.7685546875,1458786,0.0,0.0
2024-09-16,TCS.NS,4527.0,4546.0498046875,4494.4501953125,4513.25,4193.0830078125,1155120,0.0,0.0
2024-09-17,TCS.NS,4513.25,4535.7998046875,4466.0,4505.64990234375,4186.0224609375,1699364,0.0,0.0
2024-09-18,TCS.NS,4497.0498046875,4497.0498046875,4321.0,4346.14990234375,4037.83642578125,2961779,0.0,0.0
2024-09-19,TCS.NS,4390.0498046875,4422.2001953125,4281.7998046875,4296.14990234375,3991.3837890625,2927551,0.0,0.0
2024-09-20,TCS.NS,4316.89990234375,4330.7001953125,4227.5,4284.89990234375,3980.931884765625,5447908,0.0,0.0
2024-09-23,TCS.NS,4300.0,4309.39990234375,4253.0,4268.5,3965.69482421875,1702319,0.0,0.0
2024-09-24,TCS.NS,4251.64990234375,4291.0,4240.0,4271.2998046875,3968.29638671875,3012026,0.0,0.0
2024-09-25,TCS.NS,4252.35009765625,4289.60009765625,4240.0,4274.75,3971.501708984375,2713073,0.0,0.0
2024-09-26,TCS.NS,4260.0,4316.7998046875,4260.0,4292.5,3987.99267578125,3964251,0.0,0.0
2024-09-27,TCS.NS,4335.0,4378.0,4300.0498046875,4308.7001953125,4003.04345703125,3012477,0.0,0.0
2024-09-30,TCS.NS,4286.89990234375,4298.75,4260.0498046875,4268.5,3965.69482421875,2503416,0.0,0.0
2024-10-01,TCS.NS,4255.5498046875,4295.75,4242.9501953125,4287.89990234375,3983.718505859375,1823365,0.0,0.0
2024-10-03,TCS.NS,4262.60009765625,4279.0,4210.0,4232.75,3932.481689453125,3350119,0.0,0.0
2024-10-04,TCS.NS,4225.0,4298.0,4224.0498046875,4252.25,3950.59814453125,2965463,0.0,0.0
2024-10-07,TCS.NS,4273.89990234375,4297.25,4229.39990234375,4272.85009765625,3969.736328125,1472619,0.0,0.0
2024-10-08,TCS.NS,4272.60009765625,4279.39990234375,4203.9501953125,4253.25,3951.52685546875,1541867,0.0,0.0
2024-10-09,TCS.NS,4260.0,4295.0,4246.7001953125,4252.9501953125,3951.24853515625,1082504,0.0,0.0
2024-10-10,TCS.NS,4253.25,4293.85009765625,4198.60009765625,4227.39990234375,3927.5107421875,2378875,0.0,0.0
2024-10-11,TCS.NS,4143.0,4241.9501953125,4112.4501953125,4149.2001953125,3854.85791015625,5759183,0.0,0.0
2024-10-14,TCS.NS,4140.0,4165.39990234375,4122.2001953125,4136.64990234375,3843.197998046875,2137590,0.0,0.0
2024-10-15,TCS.NS,4131.0498046875,4169.9501953125,4095.0,4116.7998046875,3824.75634765625,2759474,0.0,0.0
2024-10-16,TCS.NS,4085.0,4115.0,4067.199951171875,4094.949951171875,3804.456787109375,2359151,0.0,0.0
2024-10-17,TCS.NS,4112.7998046875,4129.9501953125,4092.949951171875,4109.0,3817.510009765625,2522659,0.0,0.0
2024-10-18,TCS.NS,4090.0,4146.14990234375,4080.0,4123.0498046875,3839.908203125,2361000,10.0,0.0
2024-10-21,TCS.NS,4132.60009765625,4139.9501953125,4070.0,4079.85009765625,3799.675048828125,1595450,0.0,0.0
2024-10-22,TCS.NS,4066.0,4089.800048828125,4006.35009765625,4015.5,3739.744140625,1928049,0.0,0.0
2024-10-23,TCS.NS,3999.60009765625,4113.5498046875,3995.14990234375,4066.25,3787.009033203125,1966476,0.0,0.0
2024-10-24,TCS.NS,4004.0,4079.0,4004.0,4047.89990234375,3769.91943359375,2676744,0.0,0.0
2024-10-25,TCS.NS,4057.050048828125,4092.0,4032.699951171875,4057.550048828125,3778.906494140625,1759676,0.0,0.0
2024-10-28,TCS.NS,4068.949951171875,4134.0,4051.0,4090.85009765625,3809.919677734375,1532534,0.0,0.0
2024-10-29,TCS.NS,4095.85009765625,4103.5,4060.10009765625,4075.25,3795.390869140625,1445885,0.0,0.0
2024-10-30,TCS.NS,4075.0,4107.0,4060.050048828125,4084.64990234375,3804.1455078125,1935002,0.0,0.0
2024-10-31,TCS.NS,4070.0,4078.300048828125,3960.0,3968.449951171875,3695.92529296875,3740372,0.0,0.0
2024-11-01,TCS.NS,3989.85009765625,3998.949951171875,3976.050048828125,3984.199951171875,3710.593505859375,154895,0.0,0.0
2024-11-04,TCS.NS,3966.300048828125,3991.89990234375,3913.25,3964.14990234375,3691.92041015625,2269192,0.0,0.0
2024-11-05,TCS.NS,3941.10009765625,3986.0,3941.10009765625,3971.35009765625,3698.6259765625,967590,0.0,0.0
2024-11-06,TCS.NS,4003.60009765625,4149.7998046875,3975.25,4139.64990234375,3855.368408203125,3792017,0.0,0.0
2024-11-07,TCS.NS,4169.7001953125,4205.7998046875,4085.050048828125,4150.89990234375,3865.845458984375,3724349,0.0,0.0
2024-11-08,TCS.NS,4155.0,4169.75,4117.64990234375,4147.0,3862.21337890625,1648039,0.0,0.0
2024-11-11,TCS.NS,4128.2001953125,4234.2998046875,4117.64990234375,4198.7001953125,3910.363525390625,1406487,0.0,0.0
2024-11-12,TCS.NS,4216.0,4218.0,4164.35009765625,4197.39990234375,3909.15234375,1587640,0.0,0.0
2024-11-13,TCS.NS,4178.10009765625,4196.75,4131.0498046875,4150.35009765625,3865.333740234375,1098813,0.0,0.0
2024-11-14,TCS.NS,4135.0,4160.0,4116.4501953125,4145.89990234375,3861.189208984375,1825432,0.0,0.0
2024-11-18,TCS.NS,4213.0,4213.0,3990.199951171875,4019.5,3743.469482421875,3313944,0.0,0.0
2024-11-19,TCS.NS,4019.89990234375,4132.14990234375,4014.10009765625,4039.550048828125,3762.142333984375,1776233,0.0,0.0
2024-11-21,TCS.NS,4044.89990234375,4092.449951171875,4024.0,4072.85009765625,3793.15576171875,2384347,0.0,0.0
2024-11-22,TCS.NS,4071.0,4254.9501953125,4054.0,4244.60009765625,3953.111083984375,3096553,0.0,0.0
2024-11-25,TCS.NS,4280.0,4328.10009765625,4252.2001953125,4315.10009765625,4018.76953125,4052167,0.0,0.0
2024-11-26,TCS.NS,4321.0498046875,4366.60009765625,4310.0,4352.7001953125,4053.7880859375,2060669,0.0,0.0
2024-11-27,TCS.NS,4358.9501953125,4377.39990234375,4324.0498046875,4332.5498046875,4035.02099609375,1558993,0.0,0.0
2024-11-28,TCS.NS,4319.0,4339.9501953125,4233.0,4244.89990234375,3953.390380859375,2558544,0.0,0.0
2024-11-29,TCS.NS,4220.0,4298.7001953125,4195.64990234375,4270.85009765625,3977.557861328125,2017425,0.0,0.0
2024-12-02,TCS.NS,4270.0,4288.2001953125,4230.0498046875,4276.64990234375,3982.960205078125,1670944,0.0,0.0
2024-12-03,TCS.NS,4314.35009765625,4325.0,4265.4501953125,4302.75,4007.267822265625,2010905,0.0,0.0
2024-12-04,TCS.NS,4313.5498046875,4386.9501953125,4289.0498046875,4354.39990234375,4055.37060546875,3302642,0.0,0.0
2024-12-05,TCS.NS,4400.7998046875,4489.0,4360.0,4464.0498046875,4157.4912109375,3746747,0.0,0.0
2024-12-06,TCS.NS,4453.0,4465.0,4412.75,4445.5,4140.21533203125,1842087,0.0,0.0
2024-12-09,TCS.NS,4430.4501953125,4469.39990234375,4415.5498046875,4452.14990234375,4146.40771484375,2066639,0.0,0.0
2024-12-10,TCS.NS,4426.14990234375,4493.7998046875,4412.10009765625,4432.5498046875,4128.154296875,2087828,0.0,0.0
2024-12-11,TCS.NS,4431.85009765625,4448.64990234375,4407.0,4427.4501953125,4123.404296875,1635256,0.0,0.0
2024-12-12,TCS.NS,4430.0498046875,4485.0,4426.0,4454.9501953125,4149.01611328125,1914642,0.0,0.0
2024-12-13,TCS.NS,4434.9501953125,4494.89990234375,4394.39990234375,4473.89990234375,4166.6640625,1967048,0.0,0.0
2024-12-16,TCS.NS,4459.0,4475.0,4397.0,4415.2001953125,4111.99560546875,1646224,0.0,0.0
2024-12-17,TCS.NS,4410.0,4432.9501953125,4318.0,4328.5,4031.24951171875,3225027,0.0,0.0
2024-12-18,TCS.NS,4311.7001953125,4362.0,4289.60009765625,4347.85009765625,4049.2705078125,1575404,0.0,0.0
2024-12-19,TCS.NS,4282.0,4364.0,4262.0,4271.89990234375,3978.5361328125,3015763,0.0,0.0
2024-12-20,TCS.NS,4329.0,4382.0,4152.5,4170.2998046875,3883.913330078125,4116989,0.0,0.0
2024-12-23,TCS.NS,4200.0498046875,4217.0,4114.89990234375,4158.2998046875,3872.7373046875,2195338,0.0,0.0
2024-12-24,TCS.NS,4158.2998046875,4218.0,4158.2998046875,4179.5,3892.48193359375,1181886,0.0,0.0
2024-12-26,TCS.NS,4179.5,4199.9501953125,4143.14990234375,4169.10009765625,3882.79638671875,1208464,0.0,0.0
2024-12-27,TCS.NS,4163.0,4180.9501953125,4147.25,4164.85009765625,3878.837890625,858100,0.0,0.0
2024-12-30,TCS.NS,4151.0,4199.2998046875,4112.0,4158.7998046875,3873.203369140625,1527169,0.0,0.0
2024-12-31,TCS.NS,4135.0,4139.9501953125,4032.050048828125,4094.800048828125,3813.598388671875,1555429,0.0,0.0
2025-01-01,TCS.NS,4094.39990234375,4134.0,4085.449951171875,4112.4501953125,3830.036376953125,763161,0.0,0.0
2025-01-02,TCS.NS,4120.0,4183.0,4096.9501953125,4175.75,3888.9892578125,1720835,0.0,0.0
2025-01-03,TCS.NS,4179.9501953125,4179.9501953125,4092.300048828125,4099.89990234375,3818.34814453125,1791953,0.0,0.0
2025-01-06,TCS.NS,4105.5,4149.64990234375,4066.39990234375,4095.0,3813.78466796875,2085593,0.0,0.0
2025-01-07,TCS.NS,4114.9501953125,4140.35009765625,4011.550048828125,4028.300048828125,3751.665283203125,2669054,0.0,0.0
2025-01-08,TCS.NS,4034.89990234375,4126.0,4017.75,4108.39990234375,3826.26416015625,2181277,0.0,0.0
2025-01-09,TCS.NS,4101.0,4137.75,4025.300048828125,4038.85009765625,3761.49072265625,2392472,0.0,0.0
2025-01-10,TCS.NS,4200.0,4297.0,4170.0,4265.64990234375,3972.71533203125,7894300,0.0,0.0
2025-01-13,TCS.NS,4245.0,4322.9501953125,4227.39990234375,4291.10009765625,3996.417724609375,4003771,0.0,0.0
2025-01-14,TCS.NS,4302.0,4313.89990234375,4219.0498046875,4233.0498046875,3942.354248046875,3441709,0.0,0.0
2025-01-15,TCS.NS,4218.0,4256.4501953125,4207.4501953125,4249.60009765625,3957.76806640625,1653474,0.0,0.0
2025-01-16,TCS.NS,4260.0,4294.0,4191.85009765625,4206.2998046875,3917.441162109375,2637705,0.0,0.0
2025-01-17,TCS.NS,4159.89990234375,4160.60009765625,4100.0498046875,4124.2998046875,3911.750244140625,1761466,76.0,0.0
2025-01-20,TCS.NS,4145.7998046875,4145.7998046875,4068.10009765625,4077.800048828125,3867.647216796875,1287799,0.0,0.0
2025-01-21,TCS.NS,4095.300048828125,4111.0,4030.0,4035.85009765625,3827.859375,1971591,0.0,0.0
2025-01-22,TCS.NS,4050.0,4163.14990234375,4044.199951171875,4156.60009765625,3942.385986328125,2409223,0.0,0.0
2025-01-23,TCS.NS,4168.0,4191.35009765625,4140.0498046875,4145.4501953125,3931.81103515625,1822998,0.0,0.0
2025-01-24,TCS.NS,4104.0,4178.0,4104.0,4152.35009765625,3938.35498046875,1910099,0.0,0.0
2025-01-27,TCS.NS,4102.0,4156.35009765625,4041.050048828125,4065.14990234375,3855.648681640625,1551782,0.0,0.0
2025-01-28,TCS.NS,4070.800048828125,4102.0,4028.300048828125,4040.300048828125,3832.079345703125,2468272,0.0,0.0
2025-01-29,TCS.NS,4054.0,4107.85009765625,4054.0,4099.7998046875,3888.5126953125,1217089,0.0,0.0
2025-01-30,TCS.NS,4099.89990234375,4129.89990234375,4058.5,4100.0498046875,3888.750244140625,1531251,0.0,0.0
2025-01-31,TCS.NS,4110.0,4128.4501953125,4085.25,4112.39990234375,3900.4638671875,1492943,0.0,0.0
2025-02-01,TCS.NS,4113.0,4135.89990234375,4056.0,4073.14990234375,3863.236328125,437172,0.0,0.0
2025-02-03,TCS.NS,4030.89990234375,4077.0,3998.699951171875,4068.64990234375,3858.968505859375,1265713,0.0,0.0
2025-02-04,TCS.NS,4083.699951171875,4118.85009765625,4066.050048828125,4107.0498046875,3895.389404296875,2547132,0.0,0.0
2025-02-05,TCS.NS,4150.0,4150.0,4076.0,4091.10009765625,3880.26171875,1693912,0.0,0.0
2025-02-06,TCS.NS,4105.39990234375,4139.5,4051.550048828125,4082.75,3872.341552734375,2284536,0.0,0.0
2025-02-07,TCS.NS,4090.0,4090.0,4008.0,4029.39990234375,3821.7412109375,1548940,0.0,0.0
2025-02-10,TCS.NS,4040.0,4052.0,4014.35009765625,4036.949951171875,3828.902099609375,1339511,0.0,0.0
2025-02-11,TCS.NS,4018.39990234375,4040.0,3955.0,3963.550048828125,3759.28466796875,1810908,0.0,0.0
2025-02-12,TCS.NS,3971.10009765625,4021.75,3940.14990234375,3950.14990234375,3746.575439453125,1678002,0.0,0.0
2025-02-13,TCS.NS,3968.0,3984.449951171875,3902.25,3910.14990234375,3708.63671875,2277310,0.0,0.0
2025-02-14,TCS.NS,3925.0,3948.0,3900.0,3934.85009765625,3732.06396484375,1681975,0.0,0.0
2025-02-17,TCS.NS,3856.5,3934.0,3856.199951171875,3904.5,3703.2783203125,1799806,0.0,0.0
2025-02-18,TCS.NS,3898.39990234375,3924.39990234375,3864.5,3873.199951171875,3673.591552734375,2149879,0.0,0.0
2025-02-19,TCS.NS,3872.199951171875,3874.949951171875,3768.14990234375,3784.10009765625,3589.083251953125,4366672,0.0,0.0
2025-02-20,TCS.NS,3761.5,3788.0,3751.300048828125,3779.39990234375,3584.625,2888572,0.0,0.0
2025-02-21,TCS.NS,3776.10009765625,3817.0,3775.0,3786.0,3590.885009765625,1833931,0.0,0.0
2025-02-24,TCS.NS,3743.14990234375,3763.199951171875,3670.0,3675.60009765625,3486.1748046875,2508516,0.0,0.0
2025-02-25,TCS.NS,3625.0,3658.0,3621.25,3629.550048828125,3442.498291015625,4101954,0.0,0.0
2025-02-27,TCS.NS,3611.699951171875,3638.0,3600.699951171875,3612.550048828125,3426.373779296875,3823856,0.0,0.0
2025-02-28,TCS.NS,3584.949951171875,3600.0,3457.0,3483.25,3303.7373046875,7085018,0.0,0.0
2025-03-03,TCS.NS,3485.0,3523.25,3476.14990234375,3493.050048828125,3313.032958984375,4990439,0.0,0.0
2025-03-04,TCS.NS,3474.0,3551.0,3464.300048828125,3532.050048828125,3350.022705078125,2797737,0.0,0.0
2025-03-05,TCS.NS,3520.85009765625,3600.35009765625,3520.85009765625,3547.050048828125,3364.249267578125,2501894,0.0,0.0
2025-03-06,TCS.NS,3557.0,3609.449951171875,3536.10009765625,3601.60009765625,3415.988525390625,2786513,0.0,0.0
2025-03-07,TCS.NS,3600.0,3625.0,3574.39990234375,3611.199951171875,3425.09375,2051315,0.0,0.0
2025-03-10,TCS.NS,3606.5,3622.10009765625,3582.60009765625,3589.64990234375,3404.654296875,1004626,0.0,0.0
2025-03-11,TCS.NS,3558.0,3588.75,3537.64990234375,3575.300048828125,3391.043701171875,1995450,0.0,0.0
2025-03-12,TCS.NS,3565.0,3569.25,3486.85009765625,3506.199951171875,3325.504638671875,3174167,0.0,0.0
2025-03-13,TCS.NS,3502.300048828125,3524.300048828125,3484.10009765625,3511.050048828125,3330.10498046875,1693004,0.0,0.0
2025-03-17,TCS.NS,3489.0,3530.449951171875,3477.35009765625,3497.699951171875,3317.442626953125,2690906,0.0,0.0
2025-03-19,TCS.NS,3547.0,3547.0,3462.75,3497.10009765625,3316.8740234375,3051244,0.0,0.0
2025-03-20,TCS.NS,3512.0,3578.949951171875,3512.0,3563.14990234375,3379.519775390625,2845192,0.0,0.0
2025-03-21,TCS.NS,3475.0,3616.25,3465.0,3578.10009765625,3393.69970703125,4161925,0.0,0.0
2025-03-24,TCS.NS,3600.0,3649.75,3566.60009765625,3628.949951171875,3441.928955078125,1834751,0.0,0.0
2025-03-25,TCS.NS,3645.0,3710.0,3638.0,3657.75,3469.244384765625,3135390,0.0,0.0
2025-03-26,TCS.NS,3647.75,3680.5,3625.85009765625,3635.800048828125,3448.42578125,1734499,0.0,0.0
2025-03-27,TCS.NS,3614.85009765625,3663.0,3610.5,3651.199951171875,3463.031982421875,2528474,0.0,0.0
2025-03-28,TCS.NS,3651.0,3660.949951171875,3591.89990234375,3606.14990234375,3420.3037109375,2051919,0.0,0.0
2025-04-01,TCS.NS,3572.699951171875,3584.0,3525.0,3550.800048828125,3367.80615234375,2618493,0.0,0.0
2025-04-02,TCS.NS,3544.0,3564.10009765625,3530.050048828125,3543.949951171875,3361.30908203125,1764313,0.0,0.0
2025-04-03,TCS.NS,3491.0,3502.0,3396.14990234375,3403.14990234375,3227.76513671875,4537821,0.0,0.0
2025-04-04,TCS.NS,3362.60009765625,3399.64990234375,3295.5,3299.39990234375,3129.3623046875,5317367,0.0,0.0
2025-04-07,TCS.NS,3100.0,3291.39990234375,3056.050048828125,3274.050048828125,3105.319091796875,6623955,0.0,0.0
2025-04-08,TCS.NS,3302.050048828125,3349.0,3255.300048828125,3292.949951171875,3123.244873046875,5557558,0.0,0.0
2025-04-09,TCS.NS,3260.550048828125,3270.0,3212.050048828125,3246.60009765625,3079.28369140625,2990265,0.0,0.0
2025-04-11,TCS.NS,3289.550048828125,3298.949951171875,3206.0,3231.5,3064.9619140625,7108961,0.0,0.0
2025-04-15,TCS.NS,3314.39990234375,3314.39990234375,3238.60009765625,3248.199951171875,3080.801025390625,3512160,0.0,0.0
2025-04-16,TCS.NS,3248.199951171875,3278.10009765625,3229.0,3273.800048828125,3105.081787109375,2384391,0.0,0.0
2025-04-17,TCS.NS,3245.5,3303.60009765625,3218.0,3298.89990234375,3128.888427734375,2932346,0.0,0.0
2025-04-21,TCS.NS,3290.10009765625,3354.0,3284.10009765625,3321.60009765625,3150.41845703125,2432946,0.0,0.0
2025-04-22,TCS.NS,3322.60009765625,3333.89990234375,3295.0,3314.39990234375,3143.58935546875,2710498,0.0,0.0
2025-04-23,TCS.NS,3365.0,3420.89990234375,3337.300048828125,3413.0,3237.108154296875,3543923,0.0,0.0
2025-04-24,TCS.NS,3401.10009765625,3412.5,3387.699951171875,3401.60009765625,3226.295654296875,2252175,0.0,0.0
2025-04-25,TCS.NS,3420.0,3477.800048828125,3405.0,3448.0,3270.30419921875,2742991,0.0,0.0
2025-04-28,TCS.NS,3435.0,3457.800048828125,3405.0,3443.5,3266.0361328125,1593296,0.0,0.0
2025-04-29,TCS.NS,3455.0,3495.0,3430.39990234375,3472.5,3293.54150390625,1578332,0.0,0.0
2025-04-30,TCS.NS,3472.0,3509.89990234375,3366.0,3453.699951171875,3275.710205078125,2809332,0.0,0.0
2025-05-02,TCS.NS,3472.0,3491.5,3420.0,3431.0,3254.180419921875,1721761,0.0,0.0
2025-05-05,TCS.NS,3450.0,3504.5,3446.39990234375,3454.300048828125,3276.279541015625,1284443,0.0,0.0
2025-05-06,TCS.NS,3460.0,3473.0,3437.0,3460.0,3281.68603515625,1324763,0.0,0.0
2025-05-07,TCS.NS,3420.60009765625,3459.5,3420.60009765625,3445.10009765625,3267.5537109375,1477128,0.0,0.0
2025-05-08,TCS.NS,3448.0,3477.0,3428.699951171875,3448.89990234375,3271.15771484375,2543591,0.0,0.0
2025-05-09,TCS.NS,3399.0,3446.199951171875,3398.10009765625,3440.300048828125,3263.001220703125,2531757,0.0,0.0
2025-05-12,TCS.NS,3505.0,3630.5,3502.199951171875,3620.39990234375,3433.819091796875,2228678,0.0,0.0
2025-05-13,TCS.NS,3620.39990234375,3623.0,3510.5,3515.0,3333.851318359375,3062887,0.0,0.0
2025-05-14,TCS.NS,3521.0,3561.0,3508.60009765625,3548.699951171875,3365.814697265625,2119499,0.0,0.0
2025-05-15,TCS.NS,3564.0,3600.0,3514.10009765625,3579.89990234375,3395.406494140625,3548330,0.0,0.0
2025-05-16,TCS.NS,3593.89990234375,3593.89990234375,3546.10009765625,3561.300048828125,3377.76513671875,1666727,0.0,0.0
2025-05-19,TCS.NS,3550.0,3550.0,3503.699951171875,3518.800048828125,3337.455810546875,2537377,0.0,0.0
2025-05-20,TCS.NS,3531.800048828125,3558.0,3494.0,3498.300048828125,3318.012451171875,2038374,0.0,0.0
2025-05-21,TCS.NS,3508.0,3537.0,3498.300048828125,3525.800048828125,3344.0947265625,1440153,0.0,0.0
2025-05-22,TCS.NS,3495.0,3497.800048828125,3451.300048828125,3477.0,3297.8095703125,2034383,0.0,0.0
2025-05-23,TCS.NS,3477.0,3535.0,3465.60009765625,3514.60009765625,3333.47216796875,1274331,0.0,0.0
2025-05-26,TCS.NS,3521.0,3545.0,3510.10009765625,3537.300048828125,3355.002197265625,967470,0.0,0.0
2025-05-27,TCS.NS,3532.0,3540.0,3483.10009765625,3498.699951171875,3318.391357421875,2467680,0.0,0.0
2025-05-28,TCS.NS,3520.0,3529.0,3493.0,3497.699951171875,3317.442626953125,1222933,0.0,0.0
2025-05-29,TCS.NS,3504.699951171875,3532.5,3486.5,3498.10009765625,3317.822509765625,3188072,0.0,0.0
2025-05-30,TCS.NS,3490.0,3506.699951171875,3453.10009765625,3463.39990234375,3284.910400390625,3404365,0.0,0.0
2025-06-02,TCS.NS,3450.0,3460.0,3418.60009765625,3449.800048828125,3272.01123046875,1877585,0.0,0.0
2025-06-03,TCS.NS,3446.0,3473.5,3400.5,3405.199951171875,3229.7099609375,2848125,0.0,0.0
2025-06-04,TCS.NS,3389.0,3394.800048828125,3370.0,3380.89990234375,3235.1640625,2544807,30.0,0.0
2025-06-05,TCS.NS,3409.0,3409.0,3363.699951171875,3371.10009765625,3225.786865234375,3584683,0.0,0.0
2025-06-06,TCS.NS,3371.10009765625,3390.89990234375,3358.699951171875,3384.199951171875,3238.322021484375,2070390,0.0,0.0
2025-06-09,TCS.NS,3400.0,3434.0,3390.89990234375,3421.89990234375,3274.39697265625,1718678,0.0,0.0
2025-06-10,TCS.NS,3440.0,3485.800048828125,3423.199951171875,3462.89990234375,3313.62939453125,2419874,0.0,0.0
2025-06-11,TCS.NS,3470.0,3489.0,3449.10009765625,3471.89990234375,3322.241455078125,2847013,0.0,0.0
2025-06-12,TCS.NS,3471.89990234375,3474.699951171875,3423.199951171875,3434.199951171875,3286.16650390625,4060134,0.0,0.0
2025-06-13,TCS.NS,3393.199951171875,3450.5,3393.199951171875,3445.699951171875,3297.170654296875,2178493,0.0,0.0
2025-06-16,TCS.NS,3440.0,3509.0,3426.199951171875,3496.300048828125,3345.58984375,1934088,0.0,0.0
2025-06-17,TCS.NS,3510.0,3520.0,3488.10009765625,3515.300048828125,3363.770751953125,2111940,0.0,0.0
2025-06-18,TCS.NS,3519.10009765625,3538.0,3443.10009765625,3451.39990234375,3302.625244140625,2696327,0.0,0.0
2025-06-19,TCS.NS,3450.0,3451.0,3413.0,3424.0,3276.40625,2672768,0.0,0.0
2025-06-20,TCS.NS,3425.0,3446.300048828125,3410.89990234375,3435.699951171875,3287.60205078125,2351248,0.0,0.0
2025-06-23,TCS.NS,3415.0,3425.0,3370.0,3393.60009765625,3247.31689453125,3123421,0.0,0.0
2025-06-24,TCS.NS,3434.60009765625,3442.10009765625,3382.0,3390.39990234375,3244.25439453125,3403048,0.0,0.0
2025-06-25,TCS.NS,3407.300048828125,3450.0,3400.0,3444.800048828125,3296.309814453125,1757699,0.0,0.0
2025-06-26,TCS.NS,3444.800048828125,3451.39990234375,3415.300048828125,3441.800048828125,3293.439453125,2879106,0.0,0.0
2025-06-27,TCS.NS,3455.0,3466.39990234375,3431.0,3441.10009765625,3292.76953125,1778433,0.0,0.0
2025-06-30,TCS.NS,3439.89990234375,3464.89990234375,3430.0,3462.0,3312.768310546875,1468351,0.0,0.0
2025-07-01,TCS.NS,3455.0,3485.0,3413.5,3429.699951171875,3281.86083984375,2375183,0.0,0.0
2025-07-02,TCS.NS,3487.199951171875,3489.89990234375,3420.0,3423.300048828125,3275.736572265625,3090585,0.0,0.0
2025-07-03,TCS.NS,3430.0,3435.300048828125,3397.60009765625,3400.800048828125,3254.20654296875,2531870,0.0,0.0
2025-07-04,TCS.NS,3408.0,3427.0,3390.10009765625,3419.800048828125,3272.387451171875,1109320,0.0,0.0
2025-07-07,TCS.NS,3418.300048828125,3426.10009765625,3408.39990234375,3411.699951171875,3264.63671875,1639174,0.0,0.0
2025-07-08,TCS.NS,3405.0,3425.0,3393.39990234375,3406.199951171875,3259.37353515625,2325242,0.0,0.0
2025-07-09,TCS.NS,3410.0,3414.0,3367.0,3383.800048828125,3237.939208984375,2034938,0.0,0.0
2025-07-10,TCS.NS,3380.0,3399.0,3356.0,3382.0,3236.216796875,3035012,0.0,0.0
2025-07-11,TCS.NS,3299.89990234375,3335.0,3261.10009765625,3266.0,3125.217041015625,7635550,0.0,0.0
2025-07-14,TCS.NS,3266.0,3272.0,3200.0,3222.699951171875,3083.78369140625,3924009,0.0,0.0
2025-07-15,TCS.NS,3206.0,3259.39990234375,3206.0,3252.300048828125,3112.107666015625,2590889,0.0,0.0
2025-07-16,TCS.NS,3227.0,3244.89990234375,3220.60009765625,3233.10009765625,3104.234619140625,2540733,11.0,0.0
2025-07-17,TCS.NS,3224.10009765625,3242.0,3204.10009765625,3209.199951171875,3081.287109375,2947640,0.0,0.0
2025-07-18,TCS.NS,3225.0,3228.800048828125,3187.0,3189.89990234375,3062.756103515625,3432645,0.0,0.0
2025-07-21,TCS.NS,3190.0,3197.60009765625,3152.0,3158.199951171875,3032.31982421875,3844346,0.0,0.0
2025-07-22,TCS.NS,3159.60009765625,3180.10009765625,3154.60009765625,3159.60009765625,3033.6640625,3198036,0.0,0.0
2025-07-23,TCS.NS,3159.60009765625,3182.0,3157.60009765625,3179.10009765625,3052.38671875,1922875,0.0,0.0
2025-07-24,TCS.NS,3165.10009765625,3173.699951171875,3140.0,3148.0,3022.5263671875,2934778,0.0,0.0
2025-07-25,TCS.NS,3140.0,3156.89990234375,3125.60009765625,3135.800048828125,3010.812744140625,2568917,0.0,0.0
2025-07-28,TCS.NS,3110.0,3118.0,3069.89990234375,3079.300048828125,2956.564697265625,3374473,0.0,0.0
2025-07-29,TCS.NS,3060.0,3074.0,3041.199951171875,3056.0,2934.193359375,4785312,0.0,0.0
2025-07-30,TCS.NS,3060.0,3069.0,3047.199951171875,3053.60009765625,2931.88916015625,2880121,0.0,0.0
2025-07-31,TCS.NS,3041.699951171875,3059.800048828125,3015.0,3036.800048828125,2915.7587890625,2968371,0.0,0.0
2025-08-01,TCS.NS,3029.89990234375,3036.800048828125,3000.0,3003.0,2883.305908203125,2053847,0.0,0.0
2025-08-04,TCS.NS,3009.10009765625,3079.39990234375,2991.60009765625,3074.39990234375,2951.859619140625,2519252,0.0,0.0
2025-08-05,TCS.NS,3074.39990234375,3077.5,3042.0,3063.89990234375,2941.7783203125,1927996,0.0,0.0
2025-08-06,TCS.NS,3063.0,3066.800048828125,3026.0,3032.300048828125,2911.438232421875,1487081,0.0,0.0
2025-08-07,TCS.NS,3016.0,3051.60009765625,3010.89990234375,3047.0,2925.552001953125,2543076,0.0,0.0
2025-08-08,TCS.NS,3048.10009765625,3059.800048828125,3025.0,3036.39990234375,2915.37451171875,2762140,0.0,0.0
2025-08-11,TCS.NS,3036.39990234375,3049.89990234375,3021.300048828125,3040.800048828125,2919.59912109375,1884215,0.0,0.0
2025-08-12,TCS.NS,3041.0,3096.39990234375,3026.89990234375,3035.39990234375,2914.414306640625,3358232,0.0,0.0
2025-08-13,TCS.NS,3036.10009765625,3044.39990234375,3028.60009765625,3036.199951171875,2915.1826171875,2148166,0.0,0.0
2025-08-14,TCS.NS,3034.0,3055.89990234375,3019.10009765625,3022.300048828125,2901.83642578125,3342174,0.0,0.0
2025-08-18,TCS.NS,3046.5,3049.0,3003.39990234375,3011.199951171875,2891.1787109375,2945609,0.0,0.0
2025-08-19,TCS.NS,3011.199951171875,3025.0,3011.10009765625,3016.199951171875,2895.9794921875,2650784,0.0,0.0
2025-08-20,TCS.NS,3010.89990234375,3103.39990234375,3010.89990234375,3098.60009765625,2975.095458984375,4952358,0.0,0.0
2025-08-21,TCS.NS,3130.0,3130.0,3083.10009765625,3102.60009765625,2978.936279296875,3230726,0.0,0.0
2025-08-22,TCS.NS,3086.0,3095.699951171875,3050.0,3054.0,2932.27294921875,1593791,0.0,0.0
2025-08-25,TCS.NS,3087.300048828125,3152.0,3077.10009765625,3140.60009765625,3015.421630859375,3448370,0.0,0.0
2025-08-26,TCS.NS,3129.0,3162.0,3120.0,3157.199951171875,3031.359619140625,5522097,0.0,0.0
2025-08-28,TCS.NS,3145.0,3146.5,3086.5,3093.699951171875,2970.390869140625,3116051,0.0,0.0
2025-08-29,TCS.NS,3093.0,3115.0,3077.199951171875,3084.699951171875,2961.749267578125,2271789,0.0,0.0
2025-09-01,TCS.NS,3090.0,3131.10009765625,3090.0,3112.60009765625,2988.537353515625,1246862,0.0,0.0
2025-09-02,TCS.NS,3121.10009765625,3155.0,3103.10009765625,3111.5,2987.481201171875,2185229,0.0,0.0
2025-09-03,TCS.NS,3129.89990234375,3141.89990234375,3088.0,3097.5,2974.0390625,1799774,0.0,0.0
2025-09-04,TCS.NS,3116.0,3118.0,3090.800048828125,3095.699951171875,2972.310791015625,1481391,0.0,0.0
2025-09-05,TCS.NS,3097.10009765625,3103.39990234375,3028.60009765625,3048.300048828125,2926.80029296875,2802055,0.0,0.0
2025-09-08,TCS.NS,3050.0,3064.89990234375,3016.0,3019.0,2898.66796875,2626187,0.0,0.0
2025-09-09,TCS.NS,3032.10009765625,3060.0,3030.800048828125,3049.39990234375,2927.856201171875,2489301,0.0,0.0
2025-09-10,TCS.NS,3056.39990234375,3122.699951171875,3053.39990234375,3110.0,2986.041015625,2079428,0.0,0.0
2025-09-11,TCS.NS,3139.0,3139.0,3110.10009765625,3124.199951171875,2999.675048828125,2263446,0.0,0.0
2025-09-12,TCS.NS,3144.0,3148.699951171875,3121.0,3133.39990234375,3008.508056640625,1447167,0.0,0.0
2025-09-15,TCS.NS,3134.0,3134.0,3096.0,3111.89990234375,2987.865234375,1732539,0.0,0.0
2025-09-16,TCS.NS,3128.0,3150.0,3109.10009765625,3145.699951171875,3020.31787109375,2573429,0.0,0.0
2025-09-17,TCS.NS,3152.0,3182.39990234375,3142.39990234375,3172.800048828125,3046.338134765625,2418271,0.0,0.0
2025-09-18,TCS.NS,3185.0,3203.0,3161.39990234375,3176.699951171875,3050.08251953125,2633138,0.0,0.0
2025-09-19,TCS.NS,3170.0,3180.5,3144.0,3169.199951171875,3042.88134765625,4901694,0.0,0.0
2025-09-22,TCS.NS,3095.0,3106.89990234375,3065.0,3073.800048828125,2951.283935546875,3634901,0.0,0.0
2025-09-23,TCS.NS,3070.0,3080.699951171875,3052.0,3062.39990234375,2940.338134765625,3177741,0.0,0.0
2025-09-24,TCS.NS,3050.0,3057.0,3033.0,3035.39990234375,2914.414306640625,1625714,0.0,0.0
2025-09-25,TCS.NS,3022.0,3029.60009765625,2951.0,2957.39990234375,2839.523193359375,4974361,0.0,0.0
2025-09-26,TCS.NS,2941.0,2954.800048828125,2891.300048828125,2899.10009765625,2783.547119140625,3934636,0.0,0.0
2025-09-29,TCS.NS,2916.0,2929.300048828125,2894.0,2896.10009765625,2780.66650390625,3110035,0.0,0.0
2025-09-30,TCS.NS,2911.0,2915.300048828125,2885.10009765625,2888.39990234375,2773.273193359375,2253458,0.0,0.0
2025-10-01,TCS.NS,2891.0,2924.800048828125,2866.60009765625,2914.199951171875,2798.04541015625,1952902,0.0,0.0
2025-10-03,TCS.NS,2924.0,2924.0,2891.10009765625,2901.89990234375,2786.2353515625,2899519,0.0,0.0
2025-10-06,TCS.NS,2902.0,2993.60009765625,2895.60009765625,2988.39990234375,2869.28759765625,2112774,0.0,0.0
2025-10-07,TCS.NS,2995.0,3004.5,2955.5,2973.699951171875,2855.173583984375,3062943,0.0,0.0
2025-10-08,TCS.NS,2975.0,3043.0,2968.0,3027.199951171875,2906.541259765625,4121889,0.0,0.0
2025-10-09,TCS.NS,3034.0,3066.0,3020.0,3061.699951171875,2939.666015625,3211304,0.0,0.0
2025-10-10,TCS.NS,3050.0,3070.0,3006.89990234375,3028.300048828125,2907.59716796875,8817365,0.0,0.0
2025-10-13,TCS.NS,3027.0,3035.5,2998.199951171875,3007.199951171875,2887.33837890625,2866865,0.0,0.0
2025-10-14,TCS.NS,3021.0,3027.199951171875,2955.5,2960.300048828125,2842.307861328125,3611416,0.0,0.0
2025-10-15,TCS.NS,2971.0,2979.699951171875,2951.0,2969.800048828125,2862.06396484375,4282226,11.0,0.0
2025-10-16,TCS.NS,2969.89990234375,2975.0,2943.10009765625,2970.699951171875,2862.931396484375,3251495,0.0,0.0
2025-10-17,TCS.NS,2970.0,2988.800048828125,2955.39990234375,2962.199951171875,2854.739501953125,4374683,0.0,0.0
2025-10-20,TCS.NS,2985.5,3023.0,2978.5,3015.199951171875,2905.81689453125,3133039,0.0,0.0
2025-10-21,TCS.NS,3031.10009765625,3031.800048828125,2996.0,3006.699951171875,2897.62548828125,310644,0.0,0.0
2025-10-23,TCS.NS,3055.0,3098.0,3036.10009765625,3073.199951171875,2961.712890625,5564758,0.0,0.0
2025-10-24,TCS.NS,3080.0,3090.0,3058.300048828125,3063.199951171875,2952.07568359375,2684318,0.0,0.0
2025-10-27,TCS.NS,3066.5,3094.199951171875,3060.199951171875,3084.89990234375,2972.98828125,1946312,0.0,0.0
2025-10-28,TCS.NS,3076.0,3090.199951171875,3040.199951171875,3057.89990234375,2946.968017578125,3470737,0.0,0.0
2025-10-29,TCS.NS,3057.89990234375,3076.0,3046.10009765625,3057.60009765625,2946.678955078125,2895420,0.0,0.0
2025-10-30,TCS.NS,3049.10009765625,3063.800048828125,3032.800048828125,3035.300048828125,2925.187744140625,2241536,0.0,0.0
2025-10-31,TCS.NS,3035.0,3067.39990234375,3025.10009765625,3058.0,2947.064208984375,1868085,0.0,0.0
2025-11-03,TCS.NS,3046.89990234375,3058.0,3010.0,3016.800048828125,2907.35888671875,2194877,0.0,0.0
2025-11-04,TCS.NS,3019.60009765625,3029.300048828125,2976.0,2990.199951171875,2881.72412109375,2670720,0.0,0.0
2025-11-06,TCS.NS,2990.10009765625,3024.0,2990.0,3010.89990234375,2901.673095703125,2542721,0.0,0.0
2025-11-07,TCS.NS,3001.0,3004.0,2960.5,2991.800048828125,2883.26611328125,1830520,0.0,0.0
2025-11-10,TCS.NS,2993.0,3047.89990234375,2992.0,3025.199951171875,2915.4541015625,1556656,0.0,0.0
2025-11-11,TCS.NS,3045.0,3055.699951171875,3018.0,3047.0,2936.46337890625,2806868,0.0,0.0
2025-11-12,TCS.NS,3060.0,3136.39990234375,3057.10009765625,3131.800048828125,3018.18701171875,4460315,0.0,0.0
2025-11-13,TCS.NS,3131.800048828125,3131.89990234375,3102.0,3105.699951171875,2993.033935546875,1740435,0.0,0.0
2025-11-14,TCS.NS,3090.0,3113.10009765625,3077.300048828125,3106.0,2993.322998046875,2210794,0.0,0.0
2025-11-17,TCS.NS,3106.0,3123.5,3086.60009765625,3102.199951171875,2989.660888671875,2232853,0.0,0.0
2025-11-18,TCS.NS,3102.0,3105.0,3078.0,3087.10009765625,2975.10888671875,2548350,0.0,0.0
2025-11-19,TCS.NS,3097.0,3155.0,3083.5,3147.699951171875,3033.51025390625,3151053,0.0,0.0
2025-11-20,TCS.NS,3148.0,3164.5,3138.10009765625,3144.800048828125,3030.7158203125,2700767,0.0,0.0
2025-11-21,TCS.NS,3144.800048828125,3170.0,3135.199951171875,3150.60009765625,3036.304931640625,4177037,0.0,0.0
2025-11-24,TCS.NS,3158.0,3178.89990234375,3131.0,3141.199951171875,3027.24609375,6703764,0.0,0.0
2025-11-25,TCS.NS,3145.300048828125,3149.800048828125,3115.0,3119.199951171875,3006.044189453125,2737920,0.0,0.0
2025-11-26,TCS.NS,3118.800048828125,3178.0,3117.0,3162.89990234375,3048.15869140625,2508527,0.0,0.0
2025-11-27,TCS.NS,3180.0,3180.0,3125.0,3136.60009765625,3022.81298828125,2836233,0.0,0.0
2025-11-28,TCS.NS,3140.0,3147.300048828125,3125.0,3137.5,3023.68017578125,1616690,0.0,0.0
2025-12-01,TCS.NS,3137.89990234375,3154.0,3122.199951171875,3133.39990234375,3019.728759765625,1747647,0.0,0.0
2025-12-02,TCS.NS,3131.0,3144.0,3120.39990234375,3135.699951171875,3021.945556640625,2512003,0.0,0.0
2025-12-03,TCS.NS,3140.0,3211.89990234375,3139.0,3180.0,3064.638427734375,3952112,0.0,0.0
2025-12-04,TCS.NS,3194.0,3250.0,3187.39990234375,3229.199951171875,3112.053466796875,5025905,0.0,0.0
2025-12-05,TCS.NS,3230.0,3271.60009765625,3222.39990234375,3238.199951171875,3120.72705078125,5244013,0.0,0.0
2025-12-08,TCS.NS,3243.0,3259.89990234375,3208.60009765625,3236.5,3119.0888671875,2544725,0.0,0.0
2025-12-09,TCS.NS,3230.0,3233.699951171875,3181.199951171875,3208.300048828125,3091.911865234375,2734893,0.0,0.0
2025-12-10,TCS.NS,3225.0,3225.0,3178.10009765625,3189.199951171875,3073.5048828125,1386849,0.0,0.0
2025-12-11,TCS.NS,3205.0,3208.39990234375,3153.10009765625,3191.89990234375,3076.106689453125,1914362,0.0,0.0
2025-12-12,TCS.NS,3197.699951171875,3223.0,3185.699951171875,3220.5,3103.669189453125,1146554,0.0,0.0
2025-12-15,TCS.NS,3211.10009765625,3238.199951171875,3197.300048828125,3230.199951171875,3113.017333984375,1562190,0.0,0.0
2025-12-16,TCS.NS,3220.0,3220.0,3191.10009765625,3205.10009765625,3088.828125,1734623,0.0,0.0
2025-12-17,TCS.NS,3200.5,3236.89990234375,3200.5,3217.800048828125,3101.0673828125,1376350,0.0,0.0
2025-12-18,TCS.NS,3228.0,3287.800048828125,3221.0,3280.800048828125,3161.781982421875,2307422,0.0,0.0
2025-12-19,TCS.NS,3299.0,3317.89990234375,3278.800048828125,3282.0,3162.938232421875,3902511,0.0,0.0
2025-12-22,TCS.NS,3310.0,3328.60009765625,3291.0,3324.89990234375,3204.281982421875,2632816,0.0,0.0
2025-12-23,TCS.NS,3319.89990234375,3319.89990234375,3293.5,3310.0,3189.92236328125,2365420,0.0,0.0
2025-12-24,TCS.NS,3304.10009765625,3327.10009765625,3296.10009765625,3319.0,3198.595947265625,1367708,0.0,0.0
2025-12-26,TCS.NS,3313.10009765625,3320.0,3271.800048828125,3280.0,3161.010986328125,1176664,0.0,0.0
2025-12-29,TCS.NS,3280.0,3288.0,3242.89990234375,3251.5,3133.54443359375,2079473,0.0,0.0
2025-12-30,TCS.NS,3250.0,3267.5,3239.5,3246.800048828125,3129.01513671875,2807593,0.0,0.0
2025-12-31,TCS.NS,3240.0,3246.0,3198.5,3206.199951171875,3089.887939453125,3362634,0.0,0.0
2026-01-01,TCS.NS,3215.0,3234.10009765625,3198.199951171875,3227.39990234375,3110.31884765625,1255735,0.0,0.0
2026-01-02,TCS.NS,3234.0,3254.300048828125,3219.5,3250.699951171875,3132.773681640625,1184324,0.0,0.0
2026-01-05,TCS.NS,3240.5,3247.0,3191.0,3216.10009765625,3099.428955078125,2341703,0.0,0.0
2026-01-06,TCS.NS,3210.0,3263.199951171875,3205.0,3255.800048828125,3137.688720703125,2912325,0.0,0.0
2026-01-07,TCS.NS,3242.89990234375,3300.60009765625,3223.199951171875,3295.60009765625,3176.044921875,1989442,0.0,0.0
2026-01-08,TCS.NS,3286.89990234375,3286.89990234375,3182.0,3203.89990234375,3087.67138671875,4159336,0.0,0.0
2026-01-09,TCS.NS,3191.0,3229.699951171875,3191.0,3207.800048828125,3091.429931640625,1938673,0.0,0.0
2026-01-12,TCS.NS,3203.0,3252.0,3174.300048828125,3239.60009765625,3122.07666015625,2228342,0.0,0.0
2026-01-13,TCS.NS,3245.0,3280.0,3210.5,3268.0,3149.446044921875,5645341,0.0,0.0
2026-01-14,TCS.NS,3260.0,3260.0,3183.0,3192.5,3076.68505859375,3539511,0.0,0.0
2026-01-16,TCS.NS,3219.39990234375,3221.89990234375,3171.0,3206.699951171875,3146.54931640625,4293470,57.0,0.0
2026-01-19,TCS.NS,3188.0,3220.0,3152.10009765625,3163.60009765625,3104.258056640625,3387562,0.0,0.0
2026-01-20,TCS.NS,3151.60009765625,3160.0,3091.10009765625,3102.300048828125,3044.10791015625,4499273,0.0,0.0
2026-01-21,TCS.NS,3100.0,3138.5,3082.0,3122.60009765625,3064.027099609375,2015150,0.0,0.0
2026-01-22,TCS.NS,3150.0,3160.0,3122.300048828125,3150.39990234375,3091.305419921875,2269827,0.0,0.0
2026-01-23,TCS.NS,3190.300048828125,3194.5,3152.0,3162.5,3103.178466796875,2068857,0.0,0.0
2026-01-27,TCS.NS,3175.0,3175.0,3130.0,3158.0,3098.762939453125,4279874,0.0,0.0
2026-01-28,TCS.NS,3176.0,3205.199951171875,3170.60009765625,3200.10009765625,3140.073486328125,2751234,0.0,0.0
2026-01-29,TCS.NS,3200.10009765625,3200.10009765625,3125.60009765625,3144.39990234375,3085.41796875,2457641,0.0,0.0
2026-01-30,TCS.NS,3141.0,3141.0,3092.0,3123.89990234375,3065.302490234375,3022068,0.0,0.0
2026-02-02,TCS.NS,3198.0,3198.0,3134.0,3169.60009765625,3110.1455078125,2636272,0.0,0.0
2026-02-03,TCS.NS,3350.0,3350.0,3186.300048828125,3225.300048828125,3164.800537109375,4366060,0.0,0.0
2026-02-04,TCS.NS,3120.0,3120.0,2986.0,2999.10009765625,2942.84375,10852595,0.0,0.0
2026-02-05,TCS.NS,2990.0,3029.699951171875,2972.300048828125,2991.5,2935.38623046875,3521545,0.0,0.0
2026-02-06,TCS.NS,2976.60009765625,2985.0,2916.0,2941.60009765625,2886.422119140625,4687389,0.0,0.0
2026-02-09,TCS.NS,2959.10009765625,2977.0,2937.5,2948.199951171875,2892.8984375,2380318,0.0,0.0
2026-02-10,TCS.NS,2949.800048828125,3011.60009765625,2943.5,2984.60009765625,2928.61572265625,3547763,0.0,0.0
2026-02-11,TCS.NS,2980.0,2998.0,2904.199951171875,2909.800048828125,2855.21875,3363513,0.0,0.0
2026-02-12,TCS.NS,2869.800048828125,2880.0,2740.0,2750.10009765625,2698.51416015625,10612156,0.0,0.0
2026-02-13,TCS.NS,2585.0,2713.0,2585.0,2692.199951171875,2641.7001953125,11168735,0.0,0.0
2026-02-16,TCS.NS,2700.0,2719.800048828125,2671.0,2706.60009765625,2655.830322265625,2918730,0.0,0.0
2026-02-17,TCS.NS,2716.0,2760.0,2695.199951171875,2717.39990234375,2666.427490234375,4209118,0.0,0.0
2026-02-18,TCS.NS,2730.0,2730.0,2657.300048828125,2694.89990234375,2644.349609375,2950820,0.0,0.0
2026-02-19,TCS.NS,2708.0,2748.699951171875,2666.60009765625,2677.89990234375,2627.66845703125,3238849,0.0,0.0
2026-02-20,TCS.NS,2667.0,2702.60009765625,2647.5,2686.199951171875,2635.812744140625,2293482,0.0,0.0
2026-02-23,TCS.NS,2686.0,2704.0,2660.199951171875,2676.300048828125,2626.0986328125,4699596,0.0,0.0
2026-02-24,TCS.NS,2641.0,2647.5,2561.300048828125,2573.699951171875,2525.423095703125,7798833,0.0,0.0
2026-02-25,TCS.NS,2596.0,2654.199951171875,2595.0,2629.300048828125,2579.980224609375,3621285,0.0,0.0
2026-02-26,TCS.NS,2650.0,2671.0,2635.0,2647.699951171875,2598.034912109375,3464267,0.0,0.0
2026-02-27,TCS.NS,2681.60009765625,2688.60009765625,2626.10009765625,2637.39990234375,2587.92822265625,5083717,0.0,0.0
2026-03-02,TCS.NS,2592.0,2623.800048828125,2580.300048828125,2613.5,2564.4765625,3374385,0.0,0.0
2026-03-04,TCS.NS,2625.0,2635.0,2580.39990234375,2587.800048828125,2539.2587890625,3446434,0.0,0.0
2026-03-05,TCS.NS,2600.0,2609.5,2546.39990234375,2578.800048828125,2530.427490234375,2960636,0.0,0.0
2026-03-06,TCS.NS,2572.0,2619.199951171875,2553.60009765625,2557.60009765625,2509.625244140625,3998643,0.0,0.0
2026-03-09,TCS.NS,2530.0,2560.0,2505.0,2527.39990234375,2479.991455078125,3653428,0.0,0.0
2026-03-10,TCS.NS,2541.0,2545.199951171875,2490.10009765625,2513.10009765625,2465.9599609375,4323710,0.0,0.0
2026-03-11,TCS.NS,2508.10009765625,2521.0,2460.10009765625,2464.89990234375,2418.663818359375,2720664,0.0,0.0
2026-03-12,TCS.NS,2459.800048828125,2472.89990234375,2436.0,2442.39990234375,2396.5859375,2752075,0.0,0.0
2026-03-13,TCS.NS,2437.0,2445.89990234375,2397.0,2410.5,2365.284423828125,2466488,0.0,0.0
2026-03-16,TCS.NS,2410.0,2425.0,2366.10009765625,2409.199951171875,2364.0087890625,3807907,0.0,0.0
2026-03-17,TCS.NS,2420.0,2420.0,2360.0,2391.699951171875,2346.8369140625,2993367,0.0,0.0
2026-03-18,TCS.NS,2410.0,2482.89990234375,2410.0,2440.800048828125,2395.01611328125,3082388,0.0,0.0
2026-03-19,TCS.NS,2417.0,2424.0,2350.199951171875,2356.0,2311.806640625,2757060,0.0,0.0
2026-03-20,TCS.NS,2386.0,2407.800048828125,2364.199951171875,2390.60009765625,2345.7578125,4206320,0.0,0.0
2026-03-23,TCS.NS,2365.0,2406.800048828125,2348.0,2383.800048828125,2339.085205078125,3860515,0.0,0.0
2026-03-24,TCS.NS,2404.10009765625,2435.39990234375,2379.10009765625,2398.800048828125,2353.803955078125,3420182,0.0,0.0
2026-03-25,TCS.NS,2400.89990234375,2421.60009765625,2369.800048828125,2377.39990234375,2332.80517578125,5843778,0.0,0.0
2026-03-27,TCS.NS,2403.89990234375,2422.10009765625,2385.0,2389.800048828125,2344.97265625,4979411,0.0,0.0
2026-03-30,TCS.NS,2375.10009765625,2398.0,2346.199951171875,2358.89990234375,2314.652099609375,6804756,0.0,0.0
2026-04-01,TCS.NS,2429.0,2472.0,2397.89990234375,2408.199951171875,2363.027587890625,4132661,0.0,0.0
2026-04-02,TCS.NS,2386.0,2469.89990234375,2375.699951171875,2450.699951171875,2404.730224609375,5378361,0.0,0.0
2026-04-06,TCS.NS,2474.0,2482.0,2448.199951171875,2473.89990234375,2427.4951171875,2572417,0.0,0.0
2026-04-07,TCS.NS,2461.0,2543.89990234375,2448.0,2539.800048828125,2492.1591796875,4516550,0.0,0.0
2026-04-08,TCS.NS,2572.0,2580.300048828125,2540.10009765625,2559.199951171875,2511.195068359375,4769337,0.0,0.0
2026-04-09,TCS.NS,2554.0,2605.0,2531.10009765625,2589.0,2540.43603515625,5628261,0.0,0.0
2026-04-10,TCS.NS,2565.800048828125,2565.800048828125,2501.10009765625,2524.300048828125,2476.94970703125,10480239,0.0,0.0
2026-04-13,TCS.NS,2489.89990234375,2504.89990234375,2470.0,2472.60009765625,2426.2197265625,3739587,0.0,0.0
2026-04-15,TCS.NS,2501.89990234375,2559.0,2493.39990234375,2554.89990234375,2506.9755859375,5261384,0.0,0.0
2026-04-16,TCS.NS,2572.0,2594.0,2558.0,2576.89990234375,2528.56298828125,3905403,0.0,0.0
2026-04-17,TCS.NS,2570.0,2589.0,2555.89990234375,2581.5,2533.076904296875,2718206,0.0,0.0
2026-04-20,TCS.NS,2587.10009765625,2594.0,2561.199951171875,2579.60009765625,2531.212646484375,2288558,0.0,0.0
2026-04-21,TCS.NS,2560.0,2614.0,2560.0,2610.5,2561.532958984375,2719959,0.0,0.0
2026-04-22,TCS.NS,2580.0,2580.0,2503.60009765625,2538.5,2490.88330078125,5232045,0.0,0.0
2026-04-23,TCS.NS,2529.0,2559.5,2516.300048828125,2521.800048828125,2474.49658203125,2509050,0.0,0.0
2026-04-24,TCS.NS,2488.0,2505.0,2388.800048828125,2396.89990234375,2351.939453125,5107719,0.0,0.0
2026-04-27,TCS.NS,2396.89990234375,2459.0,2396.89990234375,2447.60009765625,2401.6884765625,5853425,0.0,0.0
2026-04-28,TCS.NS,2444.0,2487.0,2427.39990234375,2444.699951171875,2398.8427734375,4508363,0.0,0.0
2026-04-29,TCS.NS,2451.0,2487.89990234375,2447.60009765625,2474.699951171875,2428.280029296875,2835961,0.0,0.0
2026-04-30,TCS.NS,2479.0,2491.0,2438.0,2473.89990234375,2427.4951171875,3970446,0.0,0.0
2026-05-04,TCS.NS,2494.0,2498.300048828125,2425.0,2431.300048828125,2385.6943359375,2632358,0.0,0.0
2026-05-05,TCS.NS,2430.0,2460.39990234375,2412.199951171875,2427.300048828125,2381.769287109375,3385720,0.0,0.0
2026-05-06,TCS.NS,2441.89990234375,2471.0,2406.5,2435.39990234375,2389.717041015625,3147628,0.0,0.0
2026-05-07,TCS.NS,2438.199951171875,2439.699951171875,2398.0,2401.39990234375,2356.35498046875,5829594,0.0,0.0
2026-05-08,TCS.NS,2398.0,2407.0,2375.10009765625,2394.39990234375,2349.486328125,3792199,0.0,0.0
2026-05-11,TCS.NS,2371.0,2415.0,2371.0,2392.89990234375,2348.014404296875,1975188,0.0,0.0
2026-05-12,TCS.NS,2375.0,2375.0,2283.0,2300.300048828125,2257.151611328125,6347884,0.0,0.0
2026-05-13,TCS.NS,2306.0,2309.199951171875,2269.0,2272.800048828125,2230.16748046875,3171843,0.0,0.0
2026-05-14,TCS.NS,2265.0,2265.0,2206.39990234375,2246.0,2203.8701171875,5633313,0.0,0.0
2026-05-15,TCS.NS,2252.0,2304.89990234375,2252.0,2264.0,2221.5322265625,3410637,0.0,0.0
2026-05-18,TCS.NS,2264.0,2292.89990234375,2252.199951171875,2283.199951171875,2240.3720703125,3773336,0.0,0.0
2026-05-19,TCS.NS,2300.0,2377.60009765625,2297.10009765625,2327.10009765625,2283.448974609375,10394707,0.0,0.0
2026-05-20,TCS.NS,2323.89990234375,2342.0,2317.800048828125,2327.39990234375,2283.742919921875,2537422,0.0,0.0
2026-05-21,TCS.NS,2331.0,2335.89990234375,2314.0,2327.199951171875,2283.546875,3299087,0.0,0.0
2026-05-22,TCS.NS,2331.10009765625,2340.0,2308.10009765625,2317.300048828125,2273.832763671875,2617262,0.0,0.0
2026-05-25,TCS.NS,2325.0,2326.10009765625,2293.0,2308.199951171875,2295.61328125,3298364,31.0,0.0
2026-05-26,TCS.NS,2308.199951171875,2327.89990234375,2272.39990234375,2276.199951171875,2263.78759765625,3587597,0.0,0.0
2026-05-27,TCS.NS,2275.0,2295.60009765625,2260.89990234375,2284.199951171875,2271.744140625,2653950,0.0,0.0
2026-05-29,TCS.NS,2291.0,2334.0,2235.0,2258.89990234375,2246.58203125,16331582,0.0,0.0
2026-06-01,TCS.NS,2284.0,2335.0,2280.0,2297.39990234375,2284.8720703125,7505095,0.0,0.0
2026-06-02,TCS.NS,2320.0,2457.39990234375,2316.199951171875,2446.89990234375,2433.556884765625,11306127,0.0,0.0
2026-06-03,TCS.NS,2393.0,2393.0,2224.800048828125,2241.699951171875,2229.475830078125,15660062,0.0,0.0
2026-06-04,TCS.NS,2241.699951171875,2253.10009765625,2216.60009765625,2241.0,2228.77978515625,4867263,0.0,0.0
2026-06-05,TCS.NS,2262.89990234375,2271.800048828125,2192.0,2198.89990234375,2186.9091796875,5019717,0.0,0.0
2026-06-08,TCS.NS,2170.0,2177.0,2143.300048828125,2151.39990234375,2139.668212890625,6536734,0.0,0.0
2026-06-09,TCS.NS,2174.0,2174.0,2132.800048828125,2151.0,2139.2705078125,4148655,0.0,0.0
2026-06-10,TCS.NS,2151.300048828125,2180.800048828125,2144.800048828125,2153.89990234375,2142.154541015625,2848650,0.0,0.0
2026-06-11,TCS.NS,2127.0,2154.60009765625,2110.0,2135.60009765625,2123.95458984375,3079815,0.0,0.0
2026-06-12,TCS.NS,2150.0,2168.0,2138.0,2161.39990234375,2149.61376953125,2124656,0.0,0.0
2026-06-15,TCS.NS,2192.0,2192.0,2159.300048828125,2162.0,2150.21044921875,3337083,0.0,0.0
2026-06-16,TCS.NS,2167.0,2209.0,2160.60009765625,2199.0,2187.0087890625,3079898,0.0,0.0
2026-06-17,TCS.NS,2209.0,2231.0,2200.699951171875,2223.0,2210.8779296875,2865010,0.0,0.0
2026-06-18,TCS.NS,2209.0,2214.0,2182.0,2203.300048828125,2191.285400390625,3735188,0.0,0.0
2026-06-19,TCS.NS,2105.0,2138.0,2059.89990234375,2125.0,2113.412353515625,13286502,0.0,0.0
2026-06-22,TCS.NS,2132.199951171875,2157.0,2121.0,2127.800048828125,2116.197021484375,4566101,0.0,0.0
2026-06-23,TCS.NS,2111.0,2114.0,2055.0,2059.60009765625,2048.368896484375,6392736,0.0,0.0
2026-06-24,TCS.NS,2061.0,2120.699951171875,2061.0,2109.0,2097.49951171875,4747277,0.0,0.0
2026-06-25,TCS.NS,2133.60009765625,2148.5,2088.0,2094.699951171875,2083.27734375,4738903,0.0,0.0
2026-06-29,TCS.NS,2090.0,2105.0,2071.0,2097.89990234375,2086.4599609375,3412470,0.0,0.0
2026-06-30,TCS.NS,2090.0,2104.300048828125,2018.800048828125,2031.5,2020.422119140625,6848411,0.0,0.0
