UID,Title,Authors,Year,Venue,DOI,Abstract,Keywords,Document_Type,Scopus,ScienceDirect,Elicit,Query_Hits,Master_ID,Document_Class,Stock_Domain,Eligible_Target,AI_ML_DL,Empirical_Evaluation,Strong_Stock_Target_Context,Adjacent_Target_Context,NonStock_Domain_Context,Direct_Core_Evidence,Strategic_Theme_Count,Relevance_Score,Working_Relevance_Tier,Research_Use,Elicit_Priority,Gap_Dimensions_Evidenced,Stock_Evidence,Target_Evidence,AI_Evidence,Empirical_Evidence,Stock_Target_Sentence_Evidence,Adjacent_Evidence,NonStock_Evidence,Historical_Data,Technical_Indicators,Fundamental_Data,Financial_News,Social_Media,Sentiment,FinBERT_BERT_RoBERTa,LLM_FinGPT,Multimodal,Fusion,Transformer_Attention,LSTM_GRU,Optimization,Metaheuristic,XAI,Temporal_Validation,Indian_Market,Multi_Stock,Historical_Data_Evidence,Technical_Indicators_Evidence,Fundamental_Data_Evidence,Financial_News_Evidence,Social_Media_Evidence,Sentiment_Evidence,FinBERT_BERT_RoBERTa_Evidence,LLM_FinGPT_Evidence,Multimodal_Evidence,Fusion_Evidence,Transformer_Attention_Evidence,LSTM_GRU_Evidence,Optimization_Evidence,Metaheuristic_Evidence,XAI_Evidence,Temporal_Validation_Evidence,Indian_Market_Evidence,Multi_Stock_Evidence
doi:10.1007/s12197-026-09761-1,A multimodal deep learning framework for stock direction prediction with granger-based predictive explainability,Shakeel M.R.; Yadav S.; Piyush; Ahmad M.,2026,Journal of Economics and Finance,10.1007/s12197-026-09761-1,"Predicting stock price movements remains challenging due to the noisy, nonlinear, and multimodal nature of financial markets. While existing studies combine technical indicators with news sentiment, they often lack transparency and fail to uncover temporal predictive relationships across modalities. This paper proposes a predictively explainable multimodal forecasting framework that integrates structured price-based features and unstructured financial news using FinBERT embeddings within a recurrent neural network. A dual explainability scheme is employed: Integrated Gradients for feature attribution and Neural Granger causality to reveal temporally ordered predictive relationships. Using 17 years of Nifty 50 data (2003–2019) aligned with 73,500 financial news headlines, the model is evaluated under a strict rolling-origin time-series cross-validation protocol to prevent data leakage. Results demonstrate superior predictive accuracy, significantly outperforming a comprehensive set of statistical, machine-learning, and financial benchmark models, with significance validated via the White Reality Check. An ablation study confirms news embeddings as the dominant predictive modality. Granger-based analysis further reveals that specific semantic dimensions systematically predict future returns and volatility. A transaction-cost-aware trading simulation confirms the model’s economic relevance, yielding economically meaningful risk-adjusted performance. The study presents a scalable, interpretable, and robust framework for financial forecasting, offering insights for both academic research and real-world decision-support systems. © The Author(s), under exclusive licence to Academy of Economics and Finance 2026.",Explainable Artificial Intelligence (XAI); Financial news sentiment; FinBERT; Granger causality; Multimodal financial prediction; Time series prediction,Article,Yes,No,No,SC01; SC02; SC05; SC06,M-0282,Primary/Other,Yes,Price; Direction/Movement,Yes,Yes,Yes,No,,Yes,8,32,A_Direct_Methodological_Priority,Detailed extraction for gap and methodology design,High,Technical_Indicators; Financial_News; Sentiment; FinBERT_BERT_RoBERTa; Multimodal; XAI; Temporal_Validation; Indian_Market,nifty; nifty 50; stock direction; stock price,direction prediction; price movements; stock price,artificial intelligence; deep learning; finbert; neural network; recurrent neural,accuracy; benchmark; evaluated; results demonstrate,"A multimodal deep learning framework for stock direction prediction with granger-based predictive explainability || Predicting stock price movements remains challenging due to the noisy, nonlinear, and multimodal nature of financial markets.",,,Yes,Yes,Unclear,Yes,Unclear,Yes,Yes,Unclear,Yes,Unclear,Unclear,Yes,Unclear,Unclear,Yes,Yes,Yes,Unclear,time series,technical indicators,,financial news; news headlines,,sentiment,finbert,,multimodal,,,recurrent neural,,,explainability; explainable; interpretable; xai,time-series cross-validation,nifty; nifty 50,
doi:10.1109/access.2026.3691980,Stock Market Prediction Using Node Transformer Architecture Integrated With BERT Sentiment Analysis,Ridhawi M.A.; Ali M.H.; Al Osman H.,2026,IEEE Access,10.1109/access.2026.3691980,"Stock market prediction presents considerable challenges for investors, financial institutions, and policymakers operating in complex market environments characterized by noise, non-stationarity, and behavioral dynamics. Traditional forecasting methods, including fundamental analysis and technical indicators, often fail to capture the intricate patterns and cross-sectional dependencies inherent in financial markets. This paper presents an integrated framework combining a node transformer architecture with Bidirectional Encoder Representations from Transformers (BERT)-based sentiment analysis for stock price forecasting. The proposed model represents the stock market as a graph structure where individual stocks form nodes and edges capture relationships including sectoral affiliations, correlated price movements, and supply chain connections. A fine-tuned BERT model extracts sentiment information from social media posts and combines it with quantitative market features through attention-based fusion mechanisms. The node transformer processes historical market data while capturing both temporal evolution and cross-sectional dependencies among stocks. Experiments conducted on 20 S&P 500 stocks spanning January 1982 to March 2025 demonstrate that the integrated model achieves a mean absolute percentage error (MAPE) of 0.80% for one-day-ahead predictions, compared to 1.20% for ARIMA and 1.00% for LSTM. The inclusion of sentiment analysis reduces prediction error by 10% overall and 25% during earnings announcements, while the graph-based architecture contributes an additional 15% improvement by capturing inter-stock dependencies. Directional accuracy reaches 65% for one-day forecasts. Statistical validation through paired t-tests confirms the significance of these improvements (p < 0.05 for all comparisons). The model maintains lower error during high-volatility periods, achieving MAPE of 1.50% while baseline models range from 1.60% to 2.10%.  © 2026 The Authors.",BERT; deep learning; financial time series; graph neural networks; multimodal fusion; node transformer; sentiment analysis; Stock price forecasting; Behavioral research; Commerce; Costs; Electronic trading; Financial markets; Forecasting; Graph neural networks; Graph structures; Investments; Learning systems; Network architecture; Supply chains; Time series analysis; Bidirectional encoder representation from transformer; Deep learning; Financial time series; Graph neural networks; Multi-modal fusion; Node transformer; Percentage error; Sentiment analysis; Stock market prediction; Stock price forecasting; Deep learning; Sentiment analysis,Article,Yes,No,No,SC01; SC02; SC03,M-1729,Primary/Other,Yes,Price; Direction/Movement,Yes,Yes,Yes,Yes,,Yes,8,32,A_Direct_Methodological_Priority,Detailed extraction for gap and methodology design,High,Technical_Indicators; Fundamental_Data; Sentiment; FinBERT_BERT_RoBERTa; Multimodal; Fusion; Transformer_Attention; Multi_Stock,s&p 500; stock market; stock price,price forecasting; price movements; stock price,attention; bert; deep learning; graph neural; lstm; neural networks; transformer,accuracy; experiments; mape,"Stock Market Prediction Using Node Transformer Architecture Integrated With BERT Sentiment Analysis || Stock market prediction presents considerable challenges for investors, financial institutions, and policymakers operating in complex market environments characterized by noise, non-stationarity, and behavioral dynamics. || This paper presents an integrated framework combining a node transformer architecture with Bidirectional Encoder Representations from Transformers (BERT)-based sentiment analysis for stock price forecasting. || The proposed model represents the stock market as a graph structure where individual stocks form nodes and edges capture relationships including sectoral affiliations, correlated price movements, and supply chain connections.",sentiment analysis,,Yes,Yes,Yes,Unclear,Yes,Yes,Yes,Unclear,Yes,Yes,Yes,Yes,Unclear,Unclear,Unclear,Unclear,Unclear,Yes,market data; time series,technical indicators,earnings; fundamental analysis,,social media,sentiment,bert,,multi-modal; multimodal,fusion,transformer,lstm,,,,,,cross-sectional
doi:10.3390/jrfm18080417,DASF-Net: A Multimodal Framework for Stock Price Forecasting with Diffusion-Based Graph Learning and Optimized Sentiment Fusion,Nguyen N.-H.; Nguyen T.-T.; Ngo Q.T.,2025,Journal of Risk and Financial Management,10.3390/jrfm18080417,"Stock price forecasting remains a persistent challenge in time series analysis due to complex inter-stock relationships and dynamic textual signals such as financial news. While Graph Neural Networks (GNNs) can model relational structures, they often struggle with capturing higher-order dependencies and are sensitive to noise. Moreover, sentiment signals are typically aggregated using fixed time windows, which may introduce temporal bias. To address these issues, we propose DASF-Net (Diffusion-Aware Sentiment Fusion Network), a multimodal framework that integrates structural and textual information for robust prediction. DASF-Net leverages diffusion processes over two complementary financial graphs—one based on industry relationships, the other on fundamental indicators—to learn richer stock representations. Simultaneously, sentiment embeddings extracted from financial news using FinBERT are aggregated over an empirically optimized window to preserve temporal relevance. These modalities are fused via a multi-head attention mechanism and passed to a temporal forecasting module. DASF-Net integrates daily stock prices and news sentiment, using a 3-day sentiment aggregation window, to forecast stock prices over daily horizons (1–3 days). Experiments on 12 large-cap S&P 500 stocks over four years demonstrate that DASF-Net outperforms competitive baselines, achieving up to 91.6% relative reduction in Mean Squared Error (MSE). Results highlight the effectiveness of combining graph diffusion and sentiment-aware features for improved financial forecasting. © 2025 by the authors.",diffusion-based graph learning; financial forecasting; FinBERT; multi-modal deep learning; sentiment analysis; stock price prediction,Article,Yes,No,Yes,EL04; SC01; SC03,M-2447,Primary/Other,Yes,Price,Yes,Yes,Yes,Yes,,Yes,8,32,A_Direct_Methodological_Priority,Detailed extraction for gap and methodology design,High,Fundamental_Data; Financial_News; Sentiment; FinBERT_BERT_RoBERTa; Multimodal; Fusion; Transformer_Attention; Optimization,s&p 500; stock price; stock prices,price forecasting; price prediction; stock price; stock prices,attention; deep learning; finbert; graph neural; neural networks,experiments; mse; outperforms,"DASF-Net: A Multimodal Framework for Stock Price Forecasting with Diffusion-Based Graph Learning and Optimized Sentiment Fusion || Stock price forecasting remains a persistent challenge in time series analysis due to complex inter-stock relationships and dynamic textual signals such as financial news. || DASF-Net integrates daily stock prices and news sentiment, using a 3-day sentiment aggregation window, to forecast stock prices over daily horizons (1–3 days).",sentiment analysis,,Yes,Unclear,Yes,Yes,Unclear,Yes,Yes,Unclear,Yes,Yes,Yes,Unclear,Yes,Unclear,Unclear,Unclear,Unclear,Unclear,time series,,fundamental indicators,financial news,,sentiment,finbert,,multi-modal; multimodal,fusion,attention mechanism,,optimized,,,,,
doi:10.1007/s13042-026-03196-0,"A walk-forward multi-model approach to stock trading: leveraging sentiment, trend indicators, and transformer-based deep learning for next-day price forecasting",Khan S.; Kushwah A.K.; Chakole J.,2026,International Journal of Machine Learning and Cybernetics,10.1007/s13042-026-03196-0,"Forecasting stock prices is complicate due the financial market’s nature, which includes volatility, non-stationarity, and reliance on information for decision-making. Stock prices respond to a multitude of information sources including technical indicators, historical price movements, news articles, and investor sentiments. The recent introduction of FinBERT-based transformer models has also improved prediction accuracy; however, the majority of existing methodologies utilize static train-test splits, limited feature selection, weak cross-modal fusion, and do not take into account the impact of changing market regime dynamics, resulting in lower-than-expected robustness when applied to changing market conditions. This paper presents a new hybrid forecasting framework that enhances the prediction ability using walk-forward training; performs cross-modal feature selection; includes awareness of market regime; and reduces prediction bias with the use of a meta-classifier for the final prediction output. The framework developed in this study combines the use of sentiment features from FinBERT with price-based technical indicators to conduct stock price forecasts. Hidden Markov Models are used to identify market regimes, and the temporal dependencies is learned through the application of a CNN-Transformer architecture. Mutual information based feature selection is used to reduce the redundancy of features, and the final stock price forecast will be produced through the application of a meta-classifier. A walk-forward evaluation is used in order to ensure robustness to non-stationary stock price movement data. The average accuracy for experimental results on ten major U.S. stocks is 70%, F1-macro is 68.0%, MCC is 61.6% and AUC is 76.5%. Backtests incorporating realistic transaction costs produced a win rate greater than 60.07% and average returns of 30.82% which exceeded the performance of a pure deep learning-only baselines by a factor of (). Thus, this work presents a robust, regime-aware and leakage resistant stock forecasting framework which displays superior predictive and trading capabilities when compared to other methods simulating actual market conditions. © The Author(s), under exclusive licence to Springer-Verlag GmbH Germany, part of Springer Nature 2026.",CNN–transformer; FinBERT; Meta-classifier stacking; Technical indicators; Walk-forward validation; Classification (of information); Commerce; Costs; Deep learning; Electronic trading; Feature extraction; Financial markets; Indicators (instruments); Investments; Learning systems; CNN–transformer; Cross-modal; Features selection; FinBERT; Meta-classifier stacking; Meta-classifiers; Stackings; Technical indicator; Walk forward; Walk-forward validation; Forecasting,Article,Yes,No,No,SC01; SC02; SC06,M-0293,Primary/Other,Yes,Price; Direction/Movement,Yes,Yes,Yes,No,,Yes,8,31,A_Direct_Methodological_Priority,Detailed extraction for gap and methodology design,High,Technical_Indicators; Financial_News; Sentiment; FinBERT_BERT_RoBERTa; Multimodal; Fusion; Transformer_Attention; Temporal_Validation,stock forecasting; stock price; stock prices,price forecast; price forecasting; price movement; price movements; stock price; stock prices,cnn; deep learning; finbert; transformer,accuracy; auc; evaluation; experimental; f1; training,"Forecasting stock prices is complicate due the financial market’s nature, which includes volatility, non-stationarity, and reliance on information for decision-making. || Stock prices respond to a multitude of information sources including technical indicators, historical price movements, news articles, and investor sentiments. || The framework developed in this study combines the use of sentiment features from FinBERT with price-based technical indicators to conduct stock price forecasts. || Mutual information based feature selection is used to reduce the redundancy of features, and the final stock price forecast will be produced through the application of a meta-classifier. || A walk-forward evaluation is used in order to ensure robustness to non-stationary stock price movement data. || Thus, this work presents a robust, regime-aware and leakage resistant stock forecasting framework which displays superior predictive and trading capabilities when compared to other methods simulating actual market conditions. © The Author(s), under exclusive licence to Springer-Verlag GmbH Germany, part of Springer Nature 2026.",,,Yes,Yes,Unclear,Yes,Unclear,Yes,Yes,Unclear,Yes,Yes,Yes,Unclear,Unclear,Unclear,Unclear,Yes,Unclear,Unclear,historical price,technical indicator; technical indicators,,news articles,,sentiment,finbert,,cross-modal,fusion,transformer,,,,,forward validation; walk forward; walk-forward,,
doi:10.1007/s10614-026-11314-x,Intelligent Stock Price Prediction Model Research Integrating Multimodal Information and KAN Networks,Sun W.; Yuan C.; You S.; Liu Z.; Chen Y.; Cui W.,2026,Computational Economics,10.1007/s10614-026-11314-x,"Stock price prediction represents a core challenge in financial engineering, where traditional methods often rely on single data sources and struggle to capture complex market dynamics. This study proposes an intelligent stock price prediction model that integrates multimodal information and Kolmogorov-Arnold Networks (KAN), constructing an attention mechanism-based feature fusion framework by incorporating historical stock price data, financial news texts, and social media sentiment from multiple sources. The model employs LSTM networks to process numerical time-series features, utilizes BERT models to extract textual semantic information, achieves intelligent feature fusion through multi-head attention mechanisms, and introduces KAN networks as the output layer for stock price prediction tasks for the first time. Based on empirical data from NVIDIA Corporation spanning 2020-2025, comparative experiments with traditional and state-of-the-art baseline models demonstrate that the proposed model achieves significant improvements over the best baseline model Informer: 33.2% improvement in RMSE (from 2.26 to 1.51), 35.6% improvement in MAE (from 1.74 to 1.12), 40.9% improvement in MAPE (from 0.88% to 0.52%), 4.4% improvement in R (from 0.924 to 0.965), and 7.0% improvement in directional prediction accuracy (from 82.8% to 88.6%). Ablation experiments validate the effectiveness of multimodal data fusion, attention mechanisms, and KAN networks, with multimodal data fusion contributing most significantly to performance enhancement. Attention visualization analysis demonstrates the model’s excellent interpretability, capable of accurately identifying key market events. The research results provide new technical pathways for financial time series prediction, holding important theoretical value and practical application prospects. © The Author(s), under exclusive licence to Springer Science+Business Media, LLC, part of Springer Nature 2026.",Attention mechanism; BERT; Deep learning; Financial time series; Interpretability; KAN networks; LSTM; Multimodal learning; Sentiment analysis; Stock price prediction,Article,Yes,No,No,SC01; SC05,M-0210,Primary/Other,Yes,Price; Direction/Movement,Yes,Yes,Yes,Yes,,Yes,7,30,A_Direct_Methodological_Priority,Detailed extraction for gap and methodology design,High,Financial_News; Sentiment; FinBERT_BERT_RoBERTa; Multimodal; Fusion; Transformer_Attention; XAI,stock price,directional prediction; price prediction; stock price,attention; bert; deep learning; lstm,accuracy; comparative; experiments; mae; mape; rmse,"Intelligent Stock Price Prediction Model Research Integrating Multimodal Information and KAN Networks || Stock price prediction represents a core challenge in financial engineering, where traditional methods often rely on single data sources and struggle to capture complex market dynamics. || This study proposes an intelligent stock price prediction model that integrates multimodal information and Kolmogorov-Arnold Networks (KAN), constructing an attention mechanism-based feature fusion framework by incorporating historical stock price data, financial news texts, and social media sentiment from multiple sources. || The model employs LSTM networks to process numerical time-series features, utilizes BERT models to extract textual semantic information, achieves intelligent feature fusion through multi-head attention mechanisms, and introduces KAN networks as the output layer for stock price prediction tasks for the first time.",sentiment analysis,,Yes,Unclear,Unclear,Yes,Yes,Yes,Yes,Unclear,Yes,Yes,Yes,Yes,Unclear,Unclear,Yes,Unclear,Unclear,Unclear,time series,,,financial news,social media,sentiment,bert,,multimodal,data fusion; feature fusion; fusion,attention mechanism; informer,lstm,,,attention visualization; interpretability,,,
doi:10.14445/23488549/ijece-v13i5p119,Multimodal Stock Price Prediction Using a Hybrid GRU– Multi-Head Attention Model with Ensemble Sentiment and Technical Indicators,Kakde A.K.; Dale M.P.,2026,SSRG International Journal of Electronics and Communication Engineering,10.14445/23488549/ijece-v13i5p119,"This proposed methodology introduces a hybrid model integrating sentiment scores with historical data and technical indicators. Ensemble sentiment scores were calculated using three sentiment methods: Financial Bidirectional Encoder Representations from Transformers (FinBERT), Robustly Optimized BERT Pretraining Approach (RoBERTa), and Distilled Robustly Optimized BERT Pretraining Approach (DistilRoBERTa). Sentiments were extracted from the Global Database of Events, Language and Tone (GDELT) Project, Google RSS feeds, and news articles from The Economic Times, alongside historical stock data from Yahoo Finance of selected NIFTY 50 companies spanning January 3, 2022, to November 15, 2025. A Gated Recurrent Unit-Multi-Head Attention (GRU-MHA) model was utilized to identify sequential dependencies and predict the next-day opening prices for Infosys, Tata Motors, Sun Pharma, and Tata Steel within the NIFTY 50 index. Model performance was evaluated using Mean Absolute Error (MAE), Root Mean Squared Error (RMSE), Coefficient of Determination (R2), and Mean Absolute Percentage Error (MAPE). The ensemble sentiment-driven GRU-MHA model had low errors, with MAE = 0.1631 and RMSE = 0.2337 for Infosys and MAE = 0.7607 for Tata Steel. Most stocks had an MAPE of less than 1%, with Sun Pharma at 0.49% and Tata Steel at 0.52%. R2 values above 0.92 across sectors and as high as 0.9893 showed high explanatory power, outperforming standalone sentiment models. © 2026 Seventh Sense Research Group®.",Ensemble Sentiment Analysis (ESA); Gated Recurrent Unit (Gru); Multi-Head Attention (MHA); Sentiment Analysis (SA); Stock Market (SM); Stock Price (SP); Technical Analysis (TA),Article,Yes,No,No,SC01; SC02,M-2045,Primary/Other,Yes,Price,Yes,Yes,Yes,Yes,,Yes,7,30,A_Direct_Methodological_Priority,Detailed extraction for gap and methodology design,High,Technical_Indicators; Financial_News; Sentiment; FinBERT_BERT_RoBERTa; Multimodal; Optimization; Indian_Market,nifty; nifty 50; stock market; stock price,price prediction; stock price,attention; bert; finbert; gru; hybrid model; roberta,evaluated; mae; mape; r2; rmse,"Multimodal Stock Price Prediction Using a Hybrid GRU– Multi-Head Attention Model with Ensemble Sentiment and Technical Indicators || A Gated Recurrent Unit-Multi-Head Attention (GRU-MHA) model was utilized to identify sequential dependencies and predict the next-day opening prices for Infosys, Tata Motors, Sun Pharma, and Tata Steel within the NIFTY 50 index.",sentiment analysis,,Unclear,Yes,Unclear,Yes,Unclear,Yes,Yes,Unclear,Yes,Unclear,Unclear,Yes,Yes,Unclear,Unclear,Unclear,Yes,Unclear,,technical analysis; technical indicators,,news articles,,sentiment; sentiment scores,bert; finbert; roberta,,multimodal,,,gru,optimized,,,,nifty; nifty 50,
doi:10.70917/ijcisim-2026-2611,Sentiment-Weighted Fusion of Financial News and Technical Indicators for Short-Horizon Equity Trend Classification: An Evidence-Informed Research Framework,Chourasia P.; Rajavat Y.S.,2026,International Journal of Computer Information Systems and Industrial Management Applications,10.70917/ijcisim-2026-2611,"Short-horizon equity trend prediction remains difficult because price formation reflects both historical market behaviour and rapidly changing information flows. Technical indicators condense past open-high-low-close-volume data into interpretable measures of trend, momentum, volatility and participation. At the same time, financial news sentiment captures the market relevance of textual disclosures, macroeconomic updates and company-specific events. This paper develops a sentiment-weighted fusion framework that combines transformer-derived financial news sentiment with selected technical indicators for next-day equity trend classification. The proposed design uses a finance-domain transformer, such as FinBERT, to transform news headlines or short articles into positive, negative and neutral sentiment probabilities; these outputs are then aggregated by trading date and merged with engineered indicators including moving averages, relative strength index, moving average convergence divergence, Bollinger Bands, daily return, volume change and historical volatility. Instead of presenting unverified or simulated accuracy values, the manuscript positions the contribution as an evidence-informed methodological framework supported by established studies on public mood, LSTM-based market forecasting, transformer-based sentiment classification and hybrid sentiment-technical prediction. The paper specifies the research gap, hypotheses, input variables, feature construction, validation design, evaluation metrics and reproducibility requirements for future empirical implementation. The framework is intended to support a narrower publishable subset of a broader multimodal financial market prediction research agenda while maintaining transparency about the need for original dataset validation before final performance claims are made. © 2026 by the authors.",feature fusion; financial forecasting; financial news sentiment; FinBERT; machine learning; stock trend classification; technical indicators; transformer model,Article,Yes,No,No,SC01,M-2731,Primary/Other,Yes,Trend,Yes,Yes,No,Yes,,Yes,8,30,A_Direct_Methodological_Priority,Detailed extraction for gap and methodology design,High,Technical_Indicators; Financial_News; Sentiment; FinBERT_BERT_RoBERTa; Multimodal; Fusion; Transformer_Attention; XAI,stock trend,stock trend; trend prediction,finbert; lstm; machine learning; transformer,accuracy; dataset; evaluation,,sentiment classification,,Yes,Yes,Unclear,Yes,Unclear,Yes,Yes,Unclear,Yes,Yes,Yes,Yes,Unclear,Unclear,Yes,Unclear,Unclear,Unclear,open-high-low-close; volume,bollinger; moving average; moving averages; relative strength index; technical indicators,,financial news; news headlines,,sentiment,finbert,,multimodal,feature fusion; fusion,transformer,lstm,,,interpretable,,,
doi:10.1007/s41060-025-00983-w,SentiVol-GA: a volatility-scaled genetic fusion of predictive models and financial sentiment for adaptive stock forecasting,Singh M.; Tunga H.; Kar S.,2026,International Journal of Data Science and Analytics,10.1007/s41060-025-00983-w,"SentiVol-GA is an evolvable hybrid framework for stock price forecasting. This model integrates statistical models, deep learning architectures, financial sentiment analysis, and volatility-aware optimization through a Genetic Algorithm (GA). This framework combines five predictive models—Linear Regression, LSTM, GRU, Bi-LSTM, and ARIMA—with sentiment signals extracted from FinBERT, VADER, and the Loughran–McDonald dictionary. Its core innovation lies in a volatility-scaling mechanism that adjusts sentiment impact during turbulent periods, while the GA periodically optimizes model and sentiment weights to minimize forecasting error thus sustaining the model’s predictive stability. This empirical evaluation across eight Indian IT-sector stocks—covering large, mid- and small-cap segments, demonstrates up to 12% improvement in R2, 30–60% reduction in RMSE, and 20–35% gain in tolerance-based accuracy over classical and deep-learning baselines. Nonparametric Friedman and Wilcoxon tests (p < 0.05) confirm that these performance gains are statistically significant. SentiVol-GA offers a volatility-aware, sentiment-driven, and dynamically optimized approach that is scalable, interpretable, and robust for intelligent financial decision-making. © The Author(s), under exclusive licence to Springer Nature Switzerland AG 2025.",Adaptive stock forecasting; Deep learning; Financial time series; Genetic algorithm; Sentiment analysis; SentiVol-GA; Volatility scaling; Autoregressive moving average model; Decision making; Economic analysis; Electronic trading; Financial markets; Forecasting; Learning algorithms; Prediction models; Time series analysis; Adaptive stock forecasting; Deep learning; Evolvable; Financial time series; Predictive models; Scalings; Sentiment analysis; Sentivol-genetic algorithm; Stock forecasting; Volatility scaling; Deep learning; Genetic algorithms; Sentiment analysis,Article,Yes,No,No,SC01; SC04; SC05,M-0328,Primary/Other,Yes,Price,Yes,Yes,Yes,Yes,,Yes,7,30,A_Direct_Methodological_Priority,Detailed extraction for gap and methodology design,High,Technical_Indicators; Sentiment; FinBERT_BERT_RoBERTa; Fusion; Optimization; Metaheuristic; XAI,stock forecasting; stock price,price forecasting; stock price,deep learning; finbert; gru; lstm,accuracy; evaluation; r2; rmse,SentiVol-GA: a volatility-scaled genetic fusion of predictive models and financial sentiment for adaptive stock forecasting || SentiVol-GA is an evolvable hybrid framework for stock price forecasting.,sentiment analysis,,Yes,Yes,Unclear,Unclear,Unclear,Yes,Yes,Unclear,Unclear,Yes,Unclear,Yes,Yes,Yes,Yes,Unclear,Unclear,Unclear,time series,moving average,,,,sentiment,finbert,,,fusion,,bi-lstm; gru; lstm,optimized,genetic algorithm,interpretable,,,
doi:10.1109/access.2025.3645089,An Adaptive Modality Fusion Network for Stock Trend Prediction,Bentaleb K.; Ben Houad M.; Mestari M.,2025,IEEE Access,10.1109/access.2025.3645089,"Financial markets are increasingly shaped by structured indicators and unstructured news flows, making trend prediction a multimodal challenge under uncertainty. This paper introduces the Adaptive Modality Fusion Network (AMFNet), a deep learning architecture that integrates technical indicators with document-level sentiment extracted from multiple language models through a structured sentiment matrix, a Transformer encoder, and an uncertainty-aware fusion mechanism. We evaluate AMFNet on a ten-year dataset covering twelve U.S. large-cap equities and three emerging-market American Depositary Receipts (ADRs). Results show that AMFNet surpasses recent multimodal baselines in ternary trend classification, achieving an F1-score of 86.8% on 2023–2024 out-of-sample tests. Portfolio backtests, with and without transaction costs, confirm that predictive accuracy translates into profitability and risk-adjusted returns. Stress tests during the COVID-19 crash and the 2022 inflationary crisis demonstrate resilience under extreme shocks, while ADR results indicate cross-market portability. Attention-based weights provide interpretability by revealing dynamic shifts between sentiment and technical indicators. Altogether, AMFNet delivers accuracy, robustness, and transparency, offering a practical framework for forecasting and risk management. © 2013 IEEE.",Multimodal fusion; sentiment analysis; stock trend prediction; technical indicators; transformer networks; Commerce; Deep learning; Electronic trading; Financial markets; Forecasting; Indicators (instruments); Investments; Large datasets; Learning systems; Risk management; American Depositary Receipt; Modality Fusion; Multi-modal; Multi-modal fusion; Sentiment analysis; Stock trend prediction; Technical indicator; Transformer network; Trend prediction; Uncertainty; Sentiment analysis,Article,Yes,No,Yes,EL04; EL06; SC01,M-1720,Primary/Other,Yes,Trend,Yes,Yes,Yes,Yes,,Yes,8,30,A_Direct_Methodological_Priority,Detailed extraction for gap and methodology design,High,Technical_Indicators; Sentiment; Multimodal; Fusion; Transformer_Attention; XAI; Temporal_Validation; Multi_Stock,stock trend,stock trend; trend prediction,attention; deep learning; transformer,accuracy; dataset; datasets; evaluate; f1; results show,An Adaptive Modality Fusion Network for Stock Trend Prediction,sentiment analysis,,Unclear,Yes,Unclear,Unclear,Unclear,Yes,Unclear,Unclear,Yes,Yes,Yes,Unclear,Unclear,Unclear,Yes,Yes,Unclear,Yes,,technical indicator; technical indicators,,,,sentiment,,,multi-modal; multimodal,fusion,transformer,,,,interpretability,out-of-sample,,cross-market
doi:10.1007/s43069-026-00603-8,Explainable Multi-source AI Framework for Real-Time Stock Price Monitoring and Prediction,Patil M.; Patil J.M.; Shahade A.K.; Deshmukh P.V.,2026,Operations Research Forum,10.1007/s43069-026-00603-8,"India’s real-time forecasting of stock prices is hindered by heterogeneous data sources, volatility in markets, and regulatory demands for transparency in algorithmic trading. This research proposes a systematic, interpretable multi-source artificial intelligence (AI) framework for tracking and predicting stock prices on the NSE and BSE. The model brings together market technical indicators, macroeconomic variables, and sentiment factors into one prediction pipeline through a hybrid ensemble of temporal fusion transformers (TFTs), long short-term memory (LSTM) networks, random forests (RFs), and extreme gradient boosting (XGBoost). Deep learning models capture temporal relationships, while tree-based methods provide structural stability. Explainability is ensured through SHapley Additive exPlanations (SHAP), Local Interpretable Model-Agnostic Explanations (LIME), and counterfactual analysis, allowing for transparent decision-making as per SEBI guidelines. Results on multi-year NSE/BSE data (2015–2024) show a 39.8% RMSE reduction and a 9.62% increase in directional accuracy relative to baselines employing conventional and single-model methods. Ablation studies discover that macroeconomic and sentiment data significantly enhance short- and medium-term forecasting accuracy, particularly during event-driven volatility. The results highlight the promise of the framework in enabling low-latency, explainable, and regulation-compliant prediction, enabling algorithmic trading, compliance with policy, and enhanced decision-making. © The Author(s), under exclusive licence to Springer Nature Switzerland AG 2026.",Explainable AI (XAI); Financial sentiment; Multi-source data fusion; NSE/BSE; SEBI compliance; Stock price prediction; Temporal fusion transformer (TFT),Article,Yes,No,No,SC01; SC02; SC05,M-0366,Primary/Other,Yes,Price,Yes,Yes,Yes,Yes,,Yes,7,29,A_Direct_Methodological_Priority,Detailed extraction for gap and methodology design,High,Technical_Indicators; Sentiment; Multimodal; Fusion; Transformer_Attention; XAI; Indian_Market,stock price; stock prices,price prediction; stock price; stock prices,artificial intelligence; deep learning; gradient boosting; lstm; transformer; xgboost,accuracy; rmse,"Explainable Multi-source AI Framework for Real-Time Stock Price Monitoring and Prediction || India’s real-time forecasting of stock prices is hindered by heterogeneous data sources, volatility in markets, and regulatory demands for transparency in algorithmic trading. || This research proposes a systematic, interpretable multi-source artificial intelligence (AI) framework for tracking and predicting stock prices on the NSE and BSE.",algorithmic trading,,Unclear,Yes,Unclear,Unclear,Unclear,Yes,Unclear,Unclear,Yes,Yes,Yes,Yes,Unclear,Unclear,Yes,Unclear,Yes,Unclear,,technical indicators,,,,sentiment,,,heterogeneous data; multi-source,data fusion; fusion,temporal fusion transformer; transformer,long short-term memory; lstm,,,explainability; explainable; interpretable; lime; shap; xai,,bse; india; nse,
doi:10.22266/ijies2025.0930.09,Dynamic Deep Stock Price Prediction Network with Support of Multi-Source Information,Ravi G.; Selvakumar D.S.,2025,International Journal of Intelligent Engineering and Systems,10.22266/ijies2025.0930.09,"Stock market trading relies on quick, accurate information, but predicting stocks is difficult due to various unpredictable factors. Several Deep Learning (DL) models have been developed to enhance stock prediction efficiency. While some DL models perform well with single-source data, they often show lower accuracy when handling multi- source stock market information. Multilevel Graph Attention Model (ML-GAT) integrates multi-source data by leveraging Long Short-Term Memory (LSTM) networks and Bidirectional Encoder Representations from Transformers (BERT) for feature learning and embedding within stock. This model integrates financial data, news articles and Wikidata to support stock market prediction. Despite lacks to consider multiple source of indicators like technical, sentiment and fundamental indicators to identify stock trends, ML-GAT finds difficulty in leveraging heterogeneous data sources, impacting the models performance. In this paper, Dynamic Deep Stock Price Prediction Network (DDSPPnet) is developed using Enriched Multi-Level Graph Attention model (EMLGAM) to solve above-mentioned issues for stock prediction. In this approach, stock market data features are derived from four key sources like price data, quantitative data (financial and technical index factors), sentiment data (news) and relational data (Wikidata). Initially, price data features are extracted using an LSTM module to capture long-term dependencies in short-term price fluctuations. Next, quantitative data features are extracted using Gated Recurrent Units (GRU) to efficiently capture temporal dependencies and trends over time. For sentiment data, features related to public opinion (news) are extracted using BERT to capture stock market movements and predict market behaviour. The relational data leverages public Wikidata to extract enterprise relationship information using an improved relation extraction model. This improved relation extraction model utilizes Multi-Variate Hawkes Process (MVHP) to extract initial stock correlations that are then combined with Wikidata’s relationship data for improved stock prediction. The extracted features are embedded together and inputted to EMLGAM for stock price prediction. The test results demonstrate that the proposed model achieves an average accuracy of 0.893, 0.904, 0.913, 0.903, along with an average F1-Score of 0.896, 0.901, 0.906, 0.900 on India’s National Stock Exchange (NSE) and Bombay Stock Exchange (BSE), Standard & Poor’s 500 Index (S&P 500) and National Association of Securities Dealers Automated Quotations (NASDAQ-100) datasets respectively, outperforming LSTM, GRU, BERT, LSTM-GRU, BERT-LSTM and BERT- GRU models. © This article is licensed under a Creative Commons Attribution-ShareAlike 4.0 International License. License details: https://creativecommons.org/licenses/by-sa/4.0/",Gated recurrent units; Graph convolution network; Long short term memory; Multi-variate hawkes process; Stock market,Article,Yes,No,No,SC01; SC02; SC03,M-2194,Primary/Other,Yes,Price; Trend,Yes,Yes,Yes,No,,Yes,6,29,A_Direct_Methodological_Priority,Detailed extraction for gap and methodology design,High,Fundamental_Data; Financial_News; Sentiment; FinBERT_BERT_RoBERTa; Multimodal; Indian_Market,bombay stock exchange; nasdaq; national stock exchange; s&p 500; stock market; stock prediction; stock price; stock trends,price prediction; stock price; stock trends,attention; bert; deep learning; gru; lstm,accuracy; datasets; f1; results demonstrate,"Dynamic Deep Stock Price Prediction Network with Support of Multi-Source Information || Several Deep Learning (DL) models have been developed to enhance stock prediction efficiency. || This model integrates financial data, news articles and Wikidata to support stock market prediction. || Despite lacks to consider multiple source of indicators like technical, sentiment and fundamental indicators to identify stock trends, ML-GAT finds difficulty in leveraging heterogeneous data sources, impacting the models performance. || In this paper, Dynamic Deep Stock Price Prediction Network (DDSPPnet) is developed using Enriched Multi-Level Graph Attention model (EMLGAM) to solve above-mentioned issues for stock prediction. || For sentiment data, features related to public opinion (news) are extracted using BERT to capture stock market movements and predict market behaviour. || This improved relation extraction model utilizes Multi-Variate Hawkes Process (MVHP) to extract initial stock correlations that are then combined with Wikidata’s relationship data for improved stock prediction. || The extracted features are embedded together and inputted to EMLGAM for stock price prediction.",,,Yes,Unclear,Yes,Yes,Unclear,Yes,Yes,Unclear,Yes,Unclear,Unclear,Yes,Unclear,Unclear,Unclear,Unclear,Yes,Unclear,market data,,fundamental indicators,news articles,,sentiment,bert,,heterogeneous data; multi-source,,,gru; long short term memory; long short-term memory; lstm,,,,,bombay stock exchange; bse; india; national stock exchange; nse,
doi:10.1007/s10614-024-10811-1,MoF: A Background-Aware Multi-source Fusion Financial Trend Forecasting Mechanism,Mo F.; Yan S.; Xiao Y.,2025,Computational Economics,10.1007/s10614-024-10811-1,"With the rapid growth of economic globalization and digital economics, accurately predicting stock price fluctuations has become crucial yet challenging due to high volatility and market noise. Existing forecasting methods, relying primarily on time-series data, technical indicators, and sentiment analysis, often fail to capture the semantic depth of background knowledge, particularly the influence of real-time events. To address this limitation, we propose MoF, a background-aware multi-source fusion mechanism for financial trend forecasting. MoF integrates stock price data with background knowledge on the impact of real-time events on stock trends, which includes key information from policy documents and stock commentaries, and subsequently leverages the MacBERT model to generate feature vectors for stock prediction. Our results show that MoF, by incorporating the influence of real-time events, improves accuracy and interpretability in stock trend forecasting, surpassing LSTM-based models with over 90% accuracy in predicting market fluctuations and providing reliable directional predictions. © The Author(s), under exclusive licence to Springer Science+Business Media, LLC, part of Springer Nature 2024.",Background-aware; Financial trend; LLM; Macbert,Article,Yes,No,No,SC01; SC02; SC05,M-0171,Primary/Other,Yes,Price; Trend,Yes,Yes,Yes,Yes,,Yes,6,29,A_Direct_Methodological_Priority,Detailed extraction for gap and methodology design,High,Technical_Indicators; Sentiment; LLM_FinGPT; Multimodal; Fusion; XAI,stock prediction; stock price; stock trend; stock trends,stock price; stock trend; stock trends; trend forecasting,llm; lstm,accuracy; results show,"With the rapid growth of economic globalization and digital economics, accurately predicting stock price fluctuations has become crucial yet challenging due to high volatility and market noise. || MoF integrates stock price data with background knowledge on the impact of real-time events on stock trends, which includes key information from policy documents and stock commentaries, and subsequently leverages the MacBERT model to generate feature vectors for stock prediction. || Our results show that MoF, by incorporating the influence of real-time events, improves accuracy and interpretability in stock trend forecasting, surpassing LSTM-based models with over 90% accuracy in predicting market fluctuations and providing reliable directional predictions. © The Author(s), under exclusive licence to Springer Science+Business Media, LLC, part of Springer Nature 2024.",sentiment analysis,,Unclear,Yes,Unclear,Unclear,Unclear,Yes,Unclear,Yes,Yes,Yes,Unclear,Yes,Unclear,Unclear,Yes,Unclear,Unclear,Unclear,,technical indicators,,,,sentiment,,llm,multi-source,fusion,,lstm,,,interpretability,,,
doi:10.1016/j.procs.2025.09.177,Multimodal Financial Sentiment for Stock Return Prediction,Petr Hajek and Josef Novotny and Michal Munk and Dasa Munkova,2025,Procedia Computer Science,10.1016/j.procs.2025.09.177,"This paper proposes a novel multimodal deep learning framework for stock return prediction that integrates heterogeneous data sources: technical indicators, market investor sentiment indices, and textual sentiment extracted from earnings conference call transcripts. The proposed model employs a hybrid architecture combining transformer encoder for the technical modality and neural networks for market and textual modalities. A modality-level attention mechanism is used in a late fusion setup to dynamically weight the contributions of each modality. We evaluate our model on a large-scale dataset comprising 24,821 samples from 497 S&P 500 companies over the period 2010–2022. The results show that our model outperforms traditional models (LSTM, BiL-STM, CNN-LSTM) and alternative fusion strategies, achieving a directional accuracy of 59.94% on the test set. Attention weight analysis confirms that all three modalities contribute meaningfully to prediction performance. These results demonstrate the overall effectiveness of the proposed framework in accurately predicting abnormal stock returns in a multimodal setting.","Multimodal fusion, Financial sentiment, Stock market, Prediction, Earnings conference calls",Article,No,Yes,Yes,EL04; SD01; SD02; SD03; SD05,M-1368,Primary/Other,Yes,Return,Yes,Yes,Yes,Yes,,Yes,6,29,A_Direct_Methodological_Priority,Detailed extraction for gap and methodology design,High,Technical_Indicators; Fundamental_Data; Sentiment; Multimodal; Fusion; Transformer_Attention,s&p 500; stock market; stock return; stock returns,return prediction; stock return; stock returns,attention; cnn; deep learning; lstm; neural networks; transformer,accuracy; dataset; evaluate; outperforms; results demonstrate; results show; test set,"Multimodal Financial Sentiment for Stock Return Prediction || This paper proposes a novel multimodal deep learning framework for stock return prediction that integrates heterogeneous data sources: technical indicators, market investor sentiment indices, and textual sentiment extracted from earnings conference call transcripts. || These results demonstrate the overall effectiveness of the proposed framework in accurately predicting abnormal stock returns in a multimodal setting.",investor sentiment,,Unclear,Yes,Yes,Unclear,Unclear,Yes,Unclear,Unclear,Yes,Yes,Yes,Yes,Unclear,Unclear,Unclear,Unclear,Unclear,Unclear,,technical indicators,earnings,,,sentiment,,,heterogeneous data; multimodal,fusion; late fusion,attention mechanism; transformer,lstm,,,,,,
doi:10.1007/s00521-024-10303-1,A deep fusion model for stock market prediction with news headlines and time series data,Chen P.; Boukouvalas Z.; Corizzo R.,2024,Neural Computing and Applications,10.1007/s00521-024-10303-1,"Time series forecasting models are essential decision support tools in real-world domains. Stock market is a remarkably complex domain, due to its quickly evolving temporal nature, as well as the multiple factors having an impact on stock prices. To date, a number of machine learning-based approaches have been proposed in the literature to tackle stock trend prediction. However, they typically tend to analyze a single data source or modality, or consider multiple modalities in isolation and rely on simple combination strategies, with a potential reduction in their modeling power. In this paper, we propose a multimodal deep fusion model to predict stock trends, leveraging daily stock prices, technical indicators, and sentiment in daily news headlines published by media outlets. The proposed architecture leverages a BERT-based model branch fine-tuned on financial news and a long short-term memory (LSTM) branch that captures relevant temporal patterns in multivariate data, including stock prices and technical indicators. Our experiments on 12 different stock datasets with prices and news headlines demonstrate that our proposed model is more effective than popular baseline approaches, both in terms of accuracy and trading performance in a portfolio analysis simulation, highlighting the positive impact of multimodal deep learning for stock trend prediction. © The Author(s) 2024.",Deep learning; Multimodal learning; Portfolio analysis; Sentiment analysis; Stock market analysis; Time series prediction; Deep learning; Prediction models; Time series; Deep learning; Fusion model; Multi-modal; Multi-modal learning; Portfolio analysis; Sentiment analysis; Stock market analysis; Stock price; Stock trend prediction; Time series prediction; Marketplaces,Article,Yes,No,Yes,EL01; EL03; EL04; EL08; SC01; SC02,M-0080,Primary/Other,Yes,Price; Trend,Yes,Yes,Yes,Yes,,Yes,6,29,A_Direct_Methodological_Priority,Detailed extraction for gap and methodology design,High,Technical_Indicators; Financial_News; Sentiment; FinBERT_BERT_RoBERTa; Multimodal; Fusion,stock market; stock price; stock prices; stock trend; stock trends,stock price; stock prices; stock trend; stock trends; trend prediction,bert; deep learning; lstm; machine learning,accuracy; datasets; experiments,"A deep fusion model for stock market prediction with news headlines and time series data || Stock market is a remarkably complex domain, due to its quickly evolving temporal nature, as well as the multiple factors having an impact on stock prices. || To date, a number of machine learning-based approaches have been proposed in the literature to tackle stock trend prediction. || In this paper, we propose a multimodal deep fusion model to predict stock trends, leveraging daily stock prices, technical indicators, and sentiment in daily news headlines published by media outlets. || The proposed architecture leverages a BERT-based model branch fine-tuned on financial news and a long short-term memory (LSTM) branch that captures relevant temporal patterns in multivariate data, including stock prices and technical indicators. || Our experiments on 12 different stock datasets with prices and news headlines demonstrate that our proposed model is more effective than popular baseline approaches, both in terms of accuracy and trading performance in a portfolio analysis simulation, highlighting the positive impact of multimodal deep learning for stock trend prediction. © The Author(s) 2024.",sentiment analysis,,Yes,Yes,Unclear,Yes,Unclear,Yes,Yes,Unclear,Yes,Yes,Unclear,Yes,Unclear,Unclear,Unclear,Unclear,Unclear,Unclear,time series,technical indicators,,financial news; news headlines,,sentiment,bert,,multi-modal; multimodal,fusion,,long short-term memory; lstm,,,,,,
doi:10.70917/ijcisim-2026-2382,Cross-Country Stock Price Forecasting Using Multimodal Temporal Convolutional Fusion of Multilingual Financial Sentiment and Market Data,Aggarwal M.; Verma S.,2026,International Journal of Computer Information Systems and Industrial Management Applications,10.70917/ijcisim-2026-2382,"The nature of stock market forecasting is compounded by the nonlinear, volatile and behaviour based nature of financial markets as a complex challenge. Most of the traditional forecasting methods are based on past facts regarding prices and they do not consider the sentiments of the investors and the availability of multilingual data which plays a major role in market dynamics. In order to overcome these weaknesses, this paper suggests a multimodal deep-learning model of cross-country stock price forecasting that incorporates the predictive power of historical financial data with multilingual sentiment data derived through financial news information. The suggested architecture uses the Temporal Convolutional Networks (TCN) to successfully extract the long-range temporal correlations in both the financial time-series data and the sentiment sequences. Moreover, an adaptive attention-based fusion process is presented to acquire the relative weight of the signals of numerical market indicators and sentiment signals in dynamic market conditions. Transformer-based sentiment models are used to process the multilingual financial news to obtain sentiment polarity, sentiment intensity, and probabilistic sentiment representations that are consistent with the daily market observations. The model is tested using multi-country data of large financial markets, such as the United States, India, the United Kingdom, Germany, and Japan. The experimental outcomes indicate that the suggested framework prevails over benchmark frameworks including LSTM, attention-based LSTM, and sentiment only models. The model has lower forecasting errors both in terms of Mean Absolute Error (MAE) and Root Mean Squared Error (RMSE) and directional prediction accuracy. On the whole, the results demonstrate the necessity to combine behavioural sentiment indicators and quantitative financial indicators to increase the strength of the forecasts and generalization in the global markets. The suggested framework offers an interpretation-capable and scalable AI-based system of financial forecasting and intelligent investment decision support systems. © 2026 by the authors.",Attention mechanism; Cross-country markets; Financial sentiment analysis; Multimodal learning; Stock prediction; Temporal Convolutional Network; Time-series forecasting,Article,Yes,No,Yes,EL01; EL04; SC01; SC02; SC05,M-2730,Primary/Other,Yes,Price; Direction/Movement,Yes,Yes,Yes,Yes,,Yes,7,28,A_Direct_Methodological_Priority,Detailed extraction for gap and methodology design,High,Financial_News; Sentiment; Multimodal; Fusion; Transformer_Attention; Indian_Market; Multi_Stock,stock market; stock prediction; stock price,directional prediction; price forecasting; stock price,attention; convolutional; lstm; tcn; transformer,accuracy; benchmark; experimental; mae; results demonstrate; rmse,"Cross-Country Stock Price Forecasting Using Multimodal Temporal Convolutional Fusion of Multilingual Financial Sentiment and Market Data || The nature of stock market forecasting is compounded by the nonlinear, volatile and behaviour based nature of financial markets as a complex challenge. || In order to overcome these weaknesses, this paper suggests a multimodal deep-learning model of cross-country stock price forecasting that incorporates the predictive power of historical financial data with multilingual sentiment data derived through financial news information.",sentiment analysis,,Yes,Unclear,Unclear,Yes,Unclear,Yes,Unclear,Unclear,Yes,Yes,Yes,Yes,Unclear,Unclear,Unclear,Unclear,Yes,Yes,market data,,,financial news,,polarity; sentiment,,,multimodal,fusion,attention mechanism; transformer,lstm,,,,,india,cross-country
doi:10.1038/s41598-026-58717-2,"Enhancing stock market price prediction through FinGPT-driven sentiment analysis, technical indicators, historical price data, and attention-based hybrid deep learning models",Golabzaei M.; Taheripour E.; Sadjadi S.J.,2026,Scientific Reports,10.1038/s41598-026-58717-2,"Accurate stock price forecasting is increasingly dependent on models that can integrate heterogeneous market signals beyond traditional quantitative indicators. Classical sentiment analysis tools and lexicon-based methods often fail to capture the contextual and domain-specific nuances of financial language, limiting their predictive contribution. To address these limitations, this study introduces a multimodal forecasting framework that leverages FinGPT, an advanced financial large language model specifically trained for market-related text understanding. FinGPT is employed to extract high-resolution sentiment polarity scores from Twitter data, replacing conventional sentiment models and providing a more robust representation of investor psychology. These sentiment features are fused with historical stock prices and technical indicators to form a comprehensive input space. The integrated dataset is used to evaluate four deep learning architectures: CNN, LSTM, Attention-based LSTM (ALSTM), and a newly proposed Hybrid ALSTM-CNN model with an attention mechanism. Experiments performed on eight major NASDAQ and NYSE stocks demonstrate that incorporating FinGPT-derived sentiment significantly enhances forecasting accuracy across all models. The Hybrid model consistently achieves the best performance, effectively capturing both long-term dependencies and short-term market dynamics. Results confirm that FinGPT-driven sentiment modeling provides substantial predictive value compared with traditional sentiment approaches, enabling more realistic, behavior-aware stock price forecasting. For instance, in the case of AMD stock, it recorded the lowest MSE (46.06) and the highest R² (0.624), highlighting its superior ability to capture nonlinear dependencies and market dynamics. Overall, the proposed sentiment-enhanced hybrid framework provides a more robust and realistic procedure for stock price prediction by integrating quantitative and qualitative market signals. © The Author(s) 2026.",Deep learning; FinGPT; Multimodal data fusion; Sentiment analysis; Stock price prediction; Technical analysis; article; deep learning; forecasting; human; hybrid; large language model; prediction; predictive value; price; sentiment analysis; social media; stock market,Article,Yes,No,Yes,EL03; SC01; SC02,M-1508,Primary/Other,Yes,Price,Yes,Yes,Yes,Yes,,Yes,6,28,A_Direct_Methodological_Priority,Detailed extraction for gap and methodology design,High,Technical_Indicators; Sentiment; LLM_FinGPT; Multimodal; Fusion; Transformer_Attention,nasdaq; stock market; stock price; stock prices,price forecasting; price prediction; stock price; stock prices,attention; cnn; deep learning; fingpt; hybrid model; large language model; lstm,accuracy; dataset; evaluate; experiments; mse,"Enhancing stock market price prediction through FinGPT-driven sentiment analysis, technical indicators, historical price data, and attention-based hybrid deep learning models || Accurate stock price forecasting is increasingly dependent on models that can integrate heterogeneous market signals beyond traditional quantitative indicators. || These sentiment features are fused with historical stock prices and technical indicators to form a comprehensive input space. || Experiments performed on eight major NASDAQ and NYSE stocks demonstrate that incorporating FinGPT-derived sentiment significantly enhances forecasting accuracy across all models. || Results confirm that FinGPT-driven sentiment modeling provides substantial predictive value compared with traditional sentiment approaches, enabling more realistic, behavior-aware stock price forecasting. || Overall, the proposed sentiment-enhanced hybrid framework provides a more robust and realistic procedure for stock price prediction by integrating quantitative and qualitative market signals. © The Author(s) 2026.",sentiment analysis,,Yes,Yes,Unclear,Unclear,Yes,Yes,Unclear,Yes,Yes,Yes,Yes,Yes,Unclear,Unclear,Unclear,Unclear,Unclear,Unclear,historical price,technical analysis; technical indicators,,,social media; twitter,polarity; sentiment,,fingpt; large language model,multimodal,data fusion; fusion,attention mechanism,lstm,,,,,,
doi:10.1080/23322039.2026.2653292,"Expected price framework for Indian equities: a Random Forest model using behavioural, structural, and fundamental data",Natarajan V.K.; Akbar M.A.; Aloumi D.; Khudhur A.A.,2026,Cogent Economics and Finance,10.1080/23322039.2026.2653292,"The article examines equity price deviations in India by integrating behavioural, structural, and firm fundamentals within a Random Forest (RF) expected-price framework. Traditional valuation approaches such as discounted cash flow (DCF) and linear regression often struggle to capture nonlinear distortions, particularly in emerging markets where retail sentiment, social media activity, and structural factors play a decisive role. To address this gap, we construct a representative dataset covering 2005–2024 that combine firm-level fundamentals (EPS, ROE, EBITDA margin), structural attributes (promoter holdings, split history), behavioural indicators (Google Trends, sentiment scores), and market factors (volatility, FII/DII flows, and trading volume). The RF model is trained under an annual rolling-window design and optimized through grid search to ensure robustness across different market regimes. Predictive performance is evaluated using standard error metrics (RMSE, MAE, and directional accuracy), while interpretability is enhanced through SHAP values and scenario-based analysis. Price deviation is defined as the difference between the observed market price and the RF-estimated expected price benchmark, where positive values indicate relative overpricing and negative values indicate relative under-pricing against the model benchmark. The results show that firms with weaker fundamentals and elevated retail attention tend to exhibit larger expected-price deviations, while periods of heightened market stress are associated with more pronounced negative deviations among mid-cap stocks. Overall, the study proposes a transparent and replicable expected-price framework that integrates behavioural finance insights with machine learning, offering practical relevance for investors and regulators. It enriches equity price literature in emerging markets and underscores integrating non-linear drivers into valuation. © 2026 The Author(s). Published by Informa UK Limited, trading as Taylor & Francis Group.",behavioural finance; Expected price modelling; indian equities; investor attention; random forest; sentiment analysis,Article,Yes,No,No,SC01; SC03,M-1593,Primary/Other,Yes,Price,Yes,Yes,Yes,Yes,,Yes,6,27,A_Direct_Methodological_Priority,Detailed extraction for gap and methodology design,High,Fundamental_Data; Sentiment; Optimization; XAI; Temporal_Validation; Indian_Market,equity price,equity price,attention; machine learning; random forest,accuracy; benchmark; dataset; evaluated; mae; results show; rmse,"The article examines equity price deviations in India by integrating behavioural, structural, and firm fundamentals within a Random Forest (RF) expected-price framework. || It enriches equity price literature in emerging markets and underscores integrating non-linear drivers into valuation. © 2026 The Author(s).",sentiment analysis,,Yes,Unclear,Yes,Unclear,Yes,Yes,Unclear,Unclear,Unclear,Unclear,Unclear,Unclear,Yes,Unclear,Yes,Yes,Yes,Unclear,trading volume; volume,,cash flow; eps; roe,,social media,sentiment; sentiment scores,,,,,,,grid search; optimized,,interpretability; shap,rolling-window,india,
doi:10.1038/s41598-026-43381-3,FusionLSTM-CNF: a confidence-calibrated multi-modal late fusion framework for robust stock movement prediction under uncertainty,Wang T.W.; Shaikh Z.A.; Yong S.L.; Elmannai H.; Por L.Y.,2026,Scientific Reports,10.1038/s41598-026-43381-3,"Financial markets exhibit complex, non-linear dynamics characterized by high volatility and uncertainty, making accurate stock movement prediction a challenging task. This study introduces FusionLSTM-CNF, a hybrid deep learning framework that integrates multi-modal data fusion, Long Short-Term Memory (LSTM) networks, and confidence calibration for stock movement prediction under uncertainty. Our model leverages a late fusion architecture, combining the outputs of three parallel LSTM sub-models trained on technical indicators, textual sentiment from financial news, and cross-asset correlation signals. A confidence-aware neural fusion (CNF) layer adaptively reweights modality contributions based on learned uncertainty estimates. We validate our model across multiple financial indices including S&P 500, NASDAQ, and FTSE 100. Experimental results show a 12.3% relative improvement in prediction accuracy over single-modal LSTM baselines and 23.7% reduction in prediction variance. Compared to recent state-of-the-art hybrid architectures, improvements are more modest (1.1–1.8% absolute accuracy gain) but statistically significant (Diebold-Mariano test,). The framework provides calibrated confidence estimates (Expected Calibration Error: 0.031) that enable confidence-filtered trading strategies with improved risk-adjusted returns (Sharpe ratio: 0.267 for top-40% confidence trades versus 0.131 unfiltered). This work contributes to financial artificial intelligence by demonstrating the practical benefits of unifying uncertainty quantification with heterogeneous time-series fusion, providing practitioners with both predictions and confidence estimates for risk-aware decision-making. © The Author(s) 2026.",Confidence calibration; Deep learning; Financial prediction; LSTM networks; Multi-modal fusion; Time series analysis; Uncertainty quantification; article; artificial intelligence; calibration; decision making; deep learning; female; financial market; human; human experiment; long short term memory network; normal human; prediction; time series analysis; uncertainty; volatilization,Article,Yes,No,No,SC01,M-1505,Primary/Other,Yes,Direction/Movement,Yes,Yes,Yes,Yes,,Yes,5,27,A_Direct_Methodological_Priority,Detailed extraction for gap and methodology design,High,Technical_Indicators; Financial_News; Sentiment; Multimodal; Fusion,ftse; nasdaq; s&p 500; stock movement,movement prediction; stock movement,artificial intelligence; deep learning; lstm,accuracy; experiment; experimental; results show,"FusionLSTM-CNF: a confidence-calibrated multi-modal late fusion framework for robust stock movement prediction under uncertainty || Financial markets exhibit complex, non-linear dynamics characterized by high volatility and uncertainty, making accurate stock movement prediction a challenging task. || This study introduces FusionLSTM-CNF, a hybrid deep learning framework that integrates multi-modal data fusion, Long Short-Term Memory (LSTM) networks, and confidence calibration for stock movement prediction under uncertainty.",trading strategies,,Yes,Yes,Unclear,Yes,Unclear,Yes,Unclear,Unclear,Yes,Yes,Unclear,Yes,Unclear,Unclear,Unclear,Unclear,Unclear,Unclear,time series,technical indicators,,financial news,,sentiment,,,multi-modal,data fusion; fusion; late fusion,,long short term memory; long short-term memory; lstm,,,,,,
doi:10.1016/j.iimb.2026.100675,Integrating sentiment analysis with CNN–LSTM models for stock price forecasting,Siddiqui T.A.; Shakeel M.R.; Alam S.; Manzoor M.; Siddiqui S.; Ranjan P.,2026,IIMB Management Review,10.1016/j.iimb.2026.100675,"Stock price prediction remains challenging due to markets’ non-linear, volatile nature. While existing studies analyse numerical data or textual news separately, their synergistic integration remains underexplored. We propose a novel dual-stream deep learning framework combining wavelet-processed price data with Financial Bidirectional Encoder Representations from Transformers (FinBERT)-based news sentiment analysis through intermediate feature fusion. Our architecture employs convolutional neural networks–long short-term memory (CNN–LSTM) networks to model cross-modal temporal dependencies. Comprehensive evaluation demonstrates superior performance (test mean squared error (MSE) = 0.0220), highlighting the value of multimodal integration for financial forecasting. Results suggest that this approach enhances predictive accuracy in algorithmic trading, though performance depends on data quality and temporal alignment between information sources. © 2026 Published by Elsevier Ltd on behalf of Indian Institute of Management Bangalore. This is an open access article under the CC BY-NC-ND license. http://creativecommons.org/licenses/by-nc-nd/4.0/",CNN–LSTM hybrid; Financial news; FinBERT; Sentiment analysis; Stock price prediction,Article,Yes,Yes,No,SC01; SD01; SD02; SD05,M-0923,Primary/Other,Yes,Price,Yes,Yes,Yes,Yes,,Yes,5,27,A_Direct_Methodological_Priority,Detailed extraction for gap and methodology design,High,Financial_News; Sentiment; FinBERT_BERT_RoBERTa; Multimodal; Fusion,stock price,price forecasting; price prediction; stock price,cnn; convolutional; deep learning; finbert; lstm; neural networks,accuracy; evaluation; mse,"Integrating sentiment analysis with CNN–LSTM models for stock price forecasting || Stock price prediction remains challenging due to markets’ non-linear, volatile nature.",algorithmic trading; sentiment analysis,,Unclear,Unclear,Unclear,Yes,Unclear,Yes,Yes,Unclear,Yes,Yes,Unclear,Yes,Unclear,Unclear,Unclear,Unclear,Unclear,Unclear,,,,financial news,,sentiment,finbert,,cross-modal; multimodal,feature fusion; fusion,,long short-term memory; lstm,,,,,,
doi:10.3390/math13172747,Stock Price Prediction Using FinBERT-Enhanced Sentiment with SHAP Explainability and Differential Privacy,Ruan L.; Jiang H.,2025,Mathematics,10.3390/math13172747,"Stock price forecasting remains a central challenge in financial modeling due to the non-stationarity, noise, and high dimensionality of market dynamics, as well as the growing importance of unstructured textual information. In this work, we propose a multimodal prediction framework that combines FinBERT-based financial sentiment extraction with technical and statistical indicators to forecast short-term stock price movement. Contextual sentiment signals are derived from financial news headlines using FinBERT, a domain-specific transformer model fine-tuned on annotated financial text. These signals are aggregated and fused with price- and volatility-based features, forming the input to a gradient-boosted decision tree classifier (XGBoost). To ensure interpretability, we employ SHAP (SHapley Additive exPlanations), which decomposes each prediction into additive feature attributions while satisfying game-theoretic fairness axioms. In addition, we integrate differential privacy into the training pipeline to ensure robustness against membership inference attacks and protect proprietary or client-sensitive data. Empirical evaluations across multiple S&P 500 equities from 2018–2023 demonstrate that our FinBERT-enhanced model consistently outperforms both technical-only and lexicon-based sentiment baselines in terms of AUC, F1-score, and simulated trading profitability. SHAP analysis confirms that FinBERT-derived features rank among the most influential predictors. Our findings highlight the complementary value of domain-specific NLP and privacy-preserving machine learning in financial forecasting, offering a principled, interpretable, and deployable solution for real-world quantitative finance applications. © 2025 by the authors.",machine lrarning; privacy protection; stock prediction,Article,Yes,No,Yes,EL03; SC01; SC05,M-2487,Primary/Other,Yes,Price; Direction/Movement,Yes,Yes,Yes,No,,Yes,6,27,A_Direct_Methodological_Priority,Detailed extraction for gap and methodology design,High,Financial_News; Sentiment; FinBERT_BERT_RoBERTa; Multimodal; Transformer_Attention; XAI,s&p 500; stock prediction; stock price,price forecasting; price movement; price prediction; stock price,finbert; machine learning; transformer; xgboost,auc; f1; outperforms; training,"Stock Price Prediction Using FinBERT-Enhanced Sentiment with SHAP Explainability and Differential Privacy || Stock price forecasting remains a central challenge in financial modeling due to the non-stationarity, noise, and high dimensionality of market dynamics, as well as the growing importance of unstructured textual information. || In this work, we propose a multimodal prediction framework that combines FinBERT-based financial sentiment extraction with technical and statistical indicators to forecast short-term stock price movement.",,,Unclear,Unclear,Unclear,Yes,Unclear,Yes,Yes,Unclear,Yes,Unclear,Yes,Unclear,Unclear,Unclear,Yes,Unclear,Unclear,Unclear,,,,financial news; news headlines,,sentiment,finbert,,multimodal,,transformer,,,,explainability; interpretability; interpretable; shap,,,
doi:10.1016/j.eswa.2026.132142,A multi-graph learning framework to fuse heterogeneous market information for stock forecasting,Li Z.; Xiong J.; Wang J.; Tan J.; Du Jardin P.; Deveci M.; Zhong K.,2026,Expert Systems with Applications,10.1016/j.eswa.2026.132142,"Traditional financial studies focused on the fundamental indicators data and financial news to track stock movements. Recent studies have revealed that firm relationships, measuring spillovers from related firms, are also important for stock forecasting. However, previous studies via machine learning mostly relied on incomplete market information and failed to capture the interactions and heterogeneity within multimodal data. In this study, a multi-graph neural network framework (MGNN) is proposed to fuse heterogeneous market information with different data structures, i.e., numerical, textual and graphical representations. With such a design, the unique and heterogeneous nature of multimodal data is well addressed. Specially, a fine-grained event extraction methodology is employed to identify valuable events within a substantial corpus of financial news, thereby ensuring the reliability and quality of the extracted events. Then, an explicit and an implicit graph are constructed to integrate firm relationships with fundamental and news information, respectively. Finally, the distinct spillover effects of fundamental and news information are further integrated using a multi-scale cross-attention dual-branch transformer to capture the joint impact on stock movements. Experiments performed on real market data demonstrate the effectiveness of the proposed approach over state-of-the-art algorithms. © 2026 Elsevier Ltd. All rights are reserved, including those for text and data mining, AI training, and similar technologies.",Data analysis; Data fusion; Heterogeneous data; Multi-graph learning; Stock prediction; Commerce; Data mining; Electronic trading; Financial markets; Forecasting; Graph neural networks; Graph structures; Learning systems; Financial news; Heterogeneous data; Heterogeneous markets; Market information; Multi-graph learning; Multi-modal; News information; Stock forecasting; Stock movement; Stock predictions; Data reduction,Article,Yes,No,No,SC01,M-0839,Primary/Other,Yes,Direction/Movement,Yes,Yes,Yes,No,,Yes,5,26,A_Direct_Methodological_Priority,Detailed extraction for gap and methodology design,High,Fundamental_Data; Financial_News; Multimodal; Fusion; Transformer_Attention,stock forecasting; stock movement; stock prediction,stock movement; stock movements,attention; graph neural; machine learning; neural network; neural networks; transformer,experiments; training,"A multi-graph learning framework to fuse heterogeneous market information for stock forecasting || Recent studies have revealed that firm relationships, measuring spillovers from related firms, are also important for stock forecasting.",,,Yes,Unclear,Yes,Yes,Unclear,Unclear,Unclear,Unclear,Yes,Yes,Yes,Unclear,Unclear,Unclear,Unclear,Unclear,Unclear,Unclear,market data,,fundamental indicators,financial news,,,,,heterogeneous data; multi-modal; multimodal,cross-attention; data fusion; fusion,transformer,,,,,,,
doi:10.11925/infotech.2096-3467.2024.1205,Forecasting China’s New Energy Stock Index Driven by Multi-Source Heterogeneous Information Fusion; [多源异构信息融合驱动的我国新能源股指预测研究],Cao W.; Zhang Y.; Wang W.,2026,Data Analysis and Knowledge Discovery,10.11925/infotech.2096-3467.2024.1205,"[Objective] This study integrates multi-source heterogeneous information to overcome the limitations of a single data source and improve the forecasting accuracy of China’s new energy stock indices. [Methods] We develop the Deep Coupled LSTM-Attention-LLM Forecasting Framework (DC-LSTM-Attention-LLM), which couples a large language model (LLM) with a deep attention mechanism. First, ChatGPT with structured zero-shot prompting is used to quantify investor sentiment from unstructured textual data. Second, parallel LSTMs are designed to learn differentiated deep features from multi-source time series data. Third, a multi-head attention mechanism captures the interaction dependencies among heterogeneous features. Finally, a shared fusion layer with ReLU activation yields the final index forecasts. [Results] Empirical analysis incorporating China’s related markets, the U.S. new energy market and related markets, and social media texts from China and the United States show that the DC-LSTM-Attention-LLM outperforms nine baseline models across all three evaluation metrics. Compared with the standard LSTM, DC-LSTM-Attention-LLM reduces RMSE by 14.301 and 27.349 for the CSI New Energy Index and the SSE New Energy Index, respectively. [Limitations] The accuracy of sentiment recognition using zero-shot prompting is constrained when dealing with complex financial semantics. [Conclusions] Deeply fusing multi-source heterogeneous information within a unified framework effectively captures the complex dynamics of new energy stock markets and substantially improves the forecasting accuracy of China’s new energy stock indices under single-step, multi-step, and extreme market conditions. This study offers a scalable deep learning paradigm for multi-source fusion forecasting in new energy financial markets. © 2026 Chinese Academy of Sciences. All rights reserved.",Large Language Model; Multi-Source Heterogeneous Information; New Energy; Parallel LSTMs; Stock Index Forecasting; Binary alloys; Electronic trading; Forecasting; Investments; Learning systems; Power markets; Semantics; Forecasting accuracy; Heterogeneous information; Language model; Large language model; Multi-source heterogeneous information; Multi-Sources; New energies; Parallel LSTM; Stock index forecasting; Stock indices; Long short-term memory,Article,Yes,No,No,SC01,M-1972,Primary/Other,Yes,Price,Yes,Yes,Yes,Yes,,Yes,5,26,A_Direct_Methodological_Priority,Detailed extraction for gap and methodology design,High,Sentiment; LLM_FinGPT; Multimodal; Fusion; Transformer_Attention,stock index; stock indices; stock markets,stock index forecasting,attention; deep learning; large language model; llm; lstm,accuracy; evaluation; outperforms; rmse,"Forecasting China’s New Energy Stock Index Driven by Multi-Source Heterogeneous Information Fusion; [多源异构信息融合驱动的我国新能源股指预测研究] || [Objective] This study integrates multi-source heterogeneous information to overcome the limitations of a single data source and improve the forecasting accuracy of China’s new energy stock indices. [Methods] We develop the Deep Coupled LSTM-Attention-LLM Forecasting Framework (DC-LSTM-Attention-LLM), which couples a large language model (LLM) with a deep attention mechanism. || Compared with the standard LSTM, DC-LSTM-Attention-LLM reduces RMSE by 14.301 and 27.349 for the CSI New Energy Index and the SSE New Energy Index, respectively. [Limitations] The accuracy of sentiment recognition using zero-shot prompting is constrained when dealing with complex financial semantics. [Conclusions] Deeply fusing multi-source heterogeneous information within a unified framework effectively captures the complex dynamics of new energy stock markets and substantially improves the forecasting accuracy of China’s new energy stock indices under single-step, multi-step, and extreme market conditions.",investor sentiment,,Yes,Unclear,Unclear,Unclear,Yes,Yes,Unclear,Yes,Yes,Yes,Yes,Yes,Unclear,Unclear,Unclear,Unclear,Unclear,Unclear,time series,,,,social media,sentiment,,chatgpt; large language model; llm,multi-source,fusion,attention mechanism,long short-term memory; lstm,,,,,,
doi:10.1155/int/7540106,MSA-xLSTM: Multimodal Stock Price Forecasting With Multiscale Emotional Attention and Extended LSTM,Lyu S.; Li L.; Nie X.; Shen X.; Zhang C.,2026,International Journal of Intelligent Systems,10.1155/int/7540106,"Financial time series forecasting is a long-standing challenge due to the high complexity, randomness, and nonstationary of data. While predictions are typically made based on historical data with multiple features, existing models often fail to effectively integrate and utilize these diverse inputs, limiting forecasting accuracy. To address this, we propose MSA-xLSTM, a multimodal stock price prediction model incorporating a sentiment attention mechanism. This model is designed to enhance the integration of sentiment features and technical indicators through a multiscale processing approach and sentiment attention module. Specifically, sentiment index sequences are extracted from textual sources such as financial news and stock comments. For technical indicators, both basic and derived metrics are analyzed for correlation with the prediction target, and only highly relevant ones are selected. We validate the effectiveness of each model component through comparative and ablation experiments. Furthermore, backtesting experiments demonstrate the model’s practical value in real-world trading scenarios. Copyright © 2026 Shuheng Lyu et al. International Journal of Intelligent Systems published by John Wiley & Sons Ltd.",attention mechanism; deep learning; financial time series; time series forecasting; Electronic trading; Financial markets; Forecasting; Intelligent systems; International trade; Prediction models; Sentiment analysis; Time series; Attention mechanisms; Deep learning; Emotional attention; Financial time series; Financial time series forecasting; High complexity; Multi-modal; Stock price forecasting; Technical indicator; Time series forecasting; Deep learning,Article,Yes,No,No,SC01; SC02,M-1907,Primary/Other,Yes,Price,Yes,Yes,Yes,Yes,,Yes,5,26,A_Direct_Methodological_Priority,Detailed extraction for gap and methodology design,High,Technical_Indicators; Financial_News; Sentiment; Multimodal; Transformer_Attention,stock price,price forecasting; price prediction; stock price,attention; deep learning; lstm,accuracy; backtesting; comparative; experiments,"MSA-xLSTM: Multimodal Stock Price Forecasting With Multiscale Emotional Attention and Extended LSTM || To address this, we propose MSA-xLSTM, a multimodal stock price prediction model incorporating a sentiment attention mechanism.",sentiment analysis,,Yes,Yes,Unclear,Yes,Unclear,Yes,Unclear,Unclear,Yes,Unclear,Yes,Yes,Unclear,Unclear,Unclear,Unclear,Unclear,Unclear,time series,technical indicator; technical indicators,,financial news,,sentiment,,,multi-modal; multimodal,,attention mechanism,lstm,,,,,,
doi:10.1016/j.jestch.2026.102450,Relational adversarial deviation score for robust multi-modal stock market prediction under data poisoning attacks,Apak S.; Güneş P.,2026,"Engineering Science and Technology, an International Journal",10.1016/j.jestch.2026.102450,"Adversarial manipulations of financial news and social media content can seriously undermine the reliability of stock market prediction models and threaten market stability. In this work, our main contribution is the Relational Adversarial Deviation Score (RADS), a multi-dimensional anomaly detection mechanism specifically designed to identify adversarial manipulation in multi-modal financial data. The proposed RADS is an anomaly-aware scoring module that computes semantic, temporal, and numerical deviation indicators and fuses them into a scalar risk score. During inference, this RADS score is concatenated with the cross-modal representation and used as an additional input to the final prediction layer. Around RADS, we build a multi-modal transformer framework that jointly models historical stock prices and textual news: numerical time series are encoded by a Transformer–LSTM hybrid, textual information is represented using a BERT-based transformer, and a multi-head attention fusion layer captures cross-modal dependencies between prices and news. To expose the model to realistic attack scenarios, a Generative Adversarial Network (GAN) is used to generate plausible fake financial headlines that are incorporated into adversarial training. RADS then combines semantic, temporal, and numerical deviation indicators via a gradient-boosted classifier to detect manipulated patterns across both text and market signals. Experiments on Apple and S&P 500 datasets show that the proposed framework maintains low RMSE and MAE values (e.g., RMSE ≈ 0.12 and ≈ 0.07, respectively) even when fake news is injected, whereas baselines such as EMD-LSTM and RF-LSTM exhibit substantially higher errors (RMSE up to ≈ 0.32 and ≈ 4.48) and degraded Kling–Gupta Efficiency (KGE). These findings demonstrate that the integration of RADS with multimodal transformative architectures and GAN-based adversarial training provides a robust and practically deployable defense layer for stock prediction models operating under data poisoning attacks. © 2026 The Authors.",BERT; Fake news; Multi-modal transformer; Relational adversarial deviation; Stock market,Article,Yes,Yes,No,SC01; SD01; SD02; SD04; SD05,M-1108,Primary/Other,Yes,Price,Yes,Yes,Yes,No,,Yes,5,26,A_Direct_Methodological_Priority,Detailed extraction for gap and methodology design,High,Financial_News; FinBERT_BERT_RoBERTa; Multimodal; Fusion; Transformer_Attention,s&p 500; stock market; stock prediction; stock prices,stock prices,attention; bert; lstm; transformer,datasets; experiments; mae; rmse; training,"Relational adversarial deviation score for robust multi-modal stock market prediction under data poisoning attacks || Adversarial manipulations of financial news and social media content can seriously undermine the reliability of stock market prediction models and threaten market stability. || Around RADS, we build a multi-modal transformer framework that jointly models historical stock prices and textual news: numerical time series are encoded by a Transformer–LSTM hybrid, textual information is represented using a BERT-based transformer, and a multi-head attention fusion layer captures cross-modal dependencies between prices and news. || These findings demonstrate that the integration of RADS with multimodal transformative architectures and GAN-based adversarial training provides a robust and practically deployable defense layer for stock prediction models operating under data poisoning attacks. © 2026 The Authors.",,,Yes,Unclear,Unclear,Yes,Yes,Unclear,Yes,Unclear,Yes,Yes,Yes,Yes,Unclear,Unclear,Unclear,Unclear,Unclear,Unclear,time series,,,financial news,social media,,bert,,cross-modal; multi-modal; multimodal,fusion,transformer,lstm,,,,,,
doi:10.1016/j.iref.2025.104281,A multifactor model using large language models and multimodal investor sentiment,Zhang J.; Zhang Z.; Wen J.,2025,International Review of Economics and Finance,10.1016/j.iref.2025.104281,"This study constructs multimodal investor sentiment indices using news and image data from the China News Service, covering the period from January 1, 2017, to December 31, 2024. We employ the RoBERTa model for text-based sentiment measurement and the Google Inception(v3) model for image-based sentiment measurement. We use a multimodal semantic correlation fusion model to integrate textual and visual sentiment features. These sentiment indices are categorised as industry-specific and market-wide investor sentiment, enabling separate analyses of their effects on stock markets. Furthermore, we develop a multifactor stock selection model that incorporates these sentiment indices with other microeconomic factors. Our findings demonstrate that multimodal sentiment analysis yields superior predictive accuracy. Industry-specific investor sentiment influences stock market returns, which in turn exacerbates changes in market-wide investor sentiment. Incorporating industry-specific sentiment into the multifactor stock selection model enhances portfolio returns, and combining market-wide sentiment with timing strategies further improves performance. © 2025 The Author(s)",Deep learning; Investor sentiment; Large language model; Multifactor model,Article,Yes,Yes,No,SC01; SD01; SD05,M-1017,Primary/Other,Yes,Return,Yes,Yes,Yes,Yes,,Yes,5,26,A_Direct_Methodological_Priority,Detailed extraction for gap and methodology design,High,Sentiment; FinBERT_BERT_RoBERTa; LLM_FinGPT; Multimodal; Fusion,stock market; stock markets,market returns,deep learning; large language model; large language models; roberta,accuracy,"Industry-specific investor sentiment influences stock market returns, which in turn exacerbates changes in market-wide investor sentiment.",stock selection; investor sentiment; sentiment analysis,,Unclear,Unclear,Unclear,Unclear,Unclear,Yes,Yes,Yes,Yes,Yes,Unclear,Unclear,Unclear,Unclear,Unclear,Unclear,Unclear,Unclear,,,,,,sentiment,roberta,large language model; large language models,multimodal,fusion,,,,,,,,
doi:10.1038/s41598-025-26087-w,A novel framework using particle swarm optimization and long short-term memory networks for stock market forcasting,Safari M.H.; Hosseini S.,2025,Scientific Reports,10.1038/s41598-025-26087-w,"Accurate stock price forecasting remains a challenging task due to the complex, nonlinear, and sentiment-driven nature of financial markets. This study presents an intelligent hybrid framework that integrates long-short-term memory (LSTM) networks with metaheuristic optimization and financial sentiment analysis to improve stock price forecasting. Initially, three single-layer, two-layers, and three-layer LSTM architectures are evaluated using fixed parameters, showing that deeper networks do not always perform better without proper tuning. Three nature-inspired algorithms, particle swarm optimization (PSO), gray wolf optimization (GWO), and artificial rabbit optimization (ARO), are used to optimize the model configurations. Experimental results showed that PSO consistently outperformed other techniques in all evaluation metrics (RMSE, MAE, R², MAPE). In the final stage, sentiment features extracted from economic news are integrated into the input data using the FinBERT model. The resulting hybrid model, SEN_PSO_LSTM, achieved superior forecasting performance on the four major stocks Apple, Amazon, Google, and Microsoft, as well as three others from diverse industries, including JPMorgan Chase in the financial sector, UnitedHealth Group in healthcare, and Toyota Motor in the automotive industry.The findings confirm that combining deep learning with hyperparametric optimization and sentiment analysis significantly improves forecasting accuracy under volatile market conditions. © The Author(s) 2025.",Artificial rabbit optimization (ARO); Financial news; Gray wolf optimization (GWO); Long-short-term memory (LSTM); Particle swarm optimization (PSO); Sentiment analysis; Stock market prediction; algorithm; article; benchmarking; Canis lupus; deep learning; forecasting; human; Leporidae; long short term memory network; metaheuristics; particle swarm optimization; pharmaceutics; prediction; root mean squared error; sentiment analysis; stock market,Article,Yes,No,Yes,EL05; EL07; EL08; SC01; SC04,M-1500,Primary/Other,Yes,Price,Yes,Yes,Yes,Yes,,Yes,5,26,A_Direct_Methodological_Priority,Detailed extraction for gap and methodology design,High,Financial_News; Sentiment; FinBERT_BERT_RoBERTa; Optimization; Metaheuristic,stock market; stock price,price forecasting; stock price,deep learning; finbert; hybrid model; lstm,accuracy; evaluated; evaluation; experimental; mae; mape; rmse,"Accurate stock price forecasting remains a challenging task due to the complex, nonlinear, and sentiment-driven nature of financial markets. || This study presents an intelligent hybrid framework that integrates long-short-term memory (LSTM) networks with metaheuristic optimization and financial sentiment analysis to improve stock price forecasting.",sentiment analysis,,Unclear,Unclear,Unclear,Yes,Unclear,Yes,Yes,Unclear,Unclear,Unclear,Unclear,Yes,Yes,Yes,Unclear,Unclear,Unclear,Unclear,,,,financial news,,sentiment,finbert,,,,,long short term memory; long short-term memory; lstm,metaheuristic,gray wolf; gwo; particle swarm; pso,,,,
doi:10.3390/electronics14061090,Comparative Investigation of GPT and FinBERT’s Sentiment Analysis Performance in News Across Different Sectors,Kang J.-W.; Choi S.-Y.,2025,Electronics (Switzerland),10.3390/electronics14061090,"GPT (Generative Pre-trained Transformer) is a groundbreaking generative model that has facilitated substantial progress in natural language processing (NLP). As the GPT-n series has continued to evolve, its applications have garnered considerable attention across various industries, particularly in finance. In contrast, traditional financial research has primarily focused on analyzing structured data such as stock prices. However, recent trends highlight the growing importance of natural language techniques that address unstructured factors like investor sentiment and the impact of news. Positive or negative information about specific companies, industries, or the overall economy found in news or social media can influence investor behavior and market volatility, highlighting the critical need for robust sentiment analysis. In this context, we utilize the state-of-the-art language model GPT and the finance-specific sentiment analysis model FinBERT to perform sentiment and time-series analyses on financial news data, comparing the performance of the two models to demonstrate the potential of GPT. Furthermore, by examining the relationship between sentiment shifts in financial markets and news events, we aim to provide actionable insights for investment decision-making, emphasizing both the performance and interpretability of the models. To enhance the performance of GPT-4o, we employed a systematic approach to prompt design and optimization. This process involved iterative refinement, guided by insights derived from a labeled dataset. This approach emphasized the pivotal importance of prompt design in improving model accuracy, resulting in GPT-4o achieving higher performance than FinBERT. During the experiment phase, sentiment scores were generated from New York Times news data and visualized through time-series graphs for both models. Although both models exhibited similar trends, significant differences arose depending on news content characteristics across categories. According to the results, the performance of GPT-4o, optimized through prompt engineering, outperformed that of FinBERT by up to 10% depending on the sector. These findings emphasize the importance of prompt engineering and demonstrate GPT-4o’s potential to improve sentiment analysis. Furthermore, the categorized news data approach suggests potential applications in predicting the outlook of categorized financial products. © 2025 by the authors.",FinBERT; GPT; prompt design; sentiment analysis; The New York Times,Article,Yes,No,No,SC01; SC05,M-2384,Primary/Other,Yes,Price,Yes,Yes,Yes,Yes,,Yes,6,26,A_Direct_Methodological_Priority,Detailed extraction for gap and methodology design,High,Financial_News; Sentiment; FinBERT_BERT_RoBERTa; Transformer_Attention; Optimization; XAI,stock prices,stock prices,attention; finbert; transformer,accuracy; comparative; dataset; experiment,"In contrast, traditional financial research has primarily focused on analyzing structured data such as stock prices.",investor sentiment; sentiment analysis,,Unclear,Unclear,Unclear,Yes,Yes,Yes,Yes,Unclear,Unclear,Unclear,Yes,Unclear,Yes,Unclear,Yes,Unclear,Unclear,Unclear,,,,financial news,social media,sentiment; sentiment scores,finbert,,,,transformer,,optimized,,interpretability,,,
doi:10.1016/j.dss.2024.114362,Revisiting time-varying dynamics in stock market forecasting: A multi-source sentiment analysis approach with large language model,Shao Z.; Yao X.; Chen F.; Wang Z.; Gao J.,2025,Decision Support Systems,10.1016/j.dss.2024.114362,"This paper presents the Heterogeneous Dynamic Seemingly Unrelated Regression with Dynamic Linear Models (HD-SURDLM), an innovative framework for stock return prediction that combines cutting-edge sentiment analysis with dynamic financial modeling. The model integrates sentiment data from 2.5 million Twitter posts and various news sources, utilizing state-of-the-art sentiment analysis tools such as VADER, TextBlob, and RoBERTa. HD-SURDLM refines Gibbs sampling for enhanced numerical stability and efficiency while capturing cross-sectional dependencies across multiple assets such as a portfolio. The model consistently outperforms traditional methods like LSTM, Random Forest, and RNN in forecasting accuracy. Empirical results show a 1.02% improvement in 1-day horizon forecasts, a 0.42% gain for 20-day predictions, and a 0.36% increase for 50-day forecasts. By effectively merging public sentiment with dynamic asset modeling, HD-SURDLM offers substantial improvements in short- and long-term prediction accuracy. Its capacity to capture both cross-sectional insights and temporal dynamics makes it an invaluable tool for investors, traders, and financial institutions navigating sentiment-driven markets. HD-SURDLM not only enhances predictive accuracy but also provides a robust decision-support system for financial stakeholders. © 2024 Elsevier B.V.",Decision system; Dynamic linear models; Large language model; Seemingly unrelated regression; Sentiment analysis; Time series prediction; Multiple linear regression; Decision systems; Dynamic linear model; Heterogeneous dynamics; Language model; Large language model; Seemingly unrelated regression; Sentiment analysis; Stock market forecasting; Time series prediction; Time-varying dynamics; Prediction models,Article,Yes,Yes,No,SC01; SD01; SD05,M-0597,Primary/Other,Yes,Return,Yes,Yes,Yes,Yes,,Yes,5,26,A_Direct_Methodological_Priority,Detailed extraction for gap and methodology design,High,Sentiment; FinBERT_BERT_RoBERTa; LLM_FinGPT; Multimodal; Multi_Stock,stock market; stock return,return prediction; stock return,large language model; lstm; random forest; rnn; roberta,accuracy; outperforms; results show,"Revisiting time-varying dynamics in stock market forecasting: A multi-source sentiment analysis approach with large language model || This paper presents the Heterogeneous Dynamic Seemingly Unrelated Regression with Dynamic Linear Models (HD-SURDLM), an innovative framework for stock return prediction that combines cutting-edge sentiment analysis with dynamic financial modeling.",sentiment analysis,,Yes,Unclear,Unclear,Unclear,Yes,Yes,Yes,Yes,Yes,Unclear,Unclear,Yes,Unclear,Unclear,Unclear,Unclear,Unclear,Yes,time series,,,,twitter,sentiment,roberta,large language model,multi-source,,,lstm; rnn,,,,,,cross-sectional
doi:10.1109/ojcs.2025.3626308,UniBizNet: A Unified Business Intelligence Network for Strategic Multimodal Data Integration and Predictive Analysis,Hasan M.A.; Mozumder M.S.A.; Hasan M.R.; Sakil M.B.H.; Hoque A.S.M.M.; Mridha M.F.; Hossen M.J.,2025,IEEE Open Journal of the Computer Society,10.1109/ojcs.2025.3626308,"This article presents UniBizNet, a Unified Business Intelligence Network for strategic multimodal data integration and predictive analysis. UniBizNet is designed to effectively combine diverse data modalities, including customer sales, financial metrics, and customer sentiment, to provide robust predictions for business decision-making. The proposed architecture integrates Long Short-Term Memory blocks for sequential feature extraction, Transformer blocks for textual analysis, and Attention-Gated Units to dynamically weigh the importance of each feature, forming a comprehensive multimodal representation. Our methodology was evaluated on three tasks: sales forecasting, stock price movement prediction, and sentiment impact analysis on sales performance. For sales forecasting, UniBizNet achieved a Mean Absolute Error of 95.21, a Root Mean Squared Error of 135.45, and a Mean Absolute Percentage Error of 12.4%, outperforming state-of-the-art models, including ARIMA, LSTM, and Transformer, by reducing MAPE by at least 1.4%. For stock price movement prediction, the proposed model demonstrated superior performance with an MAE of 24.87, an RMSE of 34.12, and a directional accuracy of 83.1%, which is an improvement of 2.9% over the best-performing baseline model. In sentiment impact analysis, UniBizNet achieved a correlation coefficient of 0.78 and an F1 Score of 0.88, surpassing BERT and other baselines by at least 4.0%. © 2020 IEEE.",attention-gated units; multimodal data integration; predictive analysis; sales forecasting; sentiment analysis; stock price prediction; Unified business intelligence; Autoregressive moving average model; Behavioral research; Competitive intelligence; Costs; Data integration; Data mining; Decision making; Electronic trading; Financial markets; Integration; Learning systems; Long short-term memory; Predictive analytics; Sales; Sentiment analysis; Attention-gated unit; Business-intelligence; Intelligence network; Multi-modal; Multimodal data integration; Sales forecasting; Sentiment analysis; Stock price movement predictions; Stock price prediction; Unified business intelligence; Mean square error,Article,Yes,No,No,SC01,M-1792,Primary/Other,Yes,Price; Direction/Movement,Yes,Yes,Yes,Yes,,Yes,5,26,A_Direct_Methodological_Priority,Detailed extraction for gap and methodology design,High,Technical_Indicators; Sentiment; FinBERT_BERT_RoBERTa; Multimodal; Transformer_Attention,stock price,movement prediction; price movement; price prediction; stock price,attention; bert; lstm; transformer,accuracy; evaluated; f1; mae; mape; rmse,"Our methodology was evaluated on three tasks: sales forecasting, stock price movement prediction, and sentiment impact analysis on sales performance. || For stock price movement prediction, the proposed model demonstrated superior performance with an MAE of 24.87, an RMSE of 34.12, and a directional accuracy of 83.1%, which is an improvement of 2.9% over the best-performing baseline model.",sentiment analysis,,Unclear,Yes,Unclear,Unclear,Unclear,Yes,Yes,Unclear,Yes,Unclear,Yes,Yes,Unclear,Unclear,Unclear,Unclear,Unclear,Unclear,,moving average,,,,sentiment,bert,,multi-modal; multimodal,,transformer,long short-term memory; lstm,,,,,,
doi:10.3390/math12101572,Incorporating Multi-Source Market Sentiment and Price Data for Stock Price Prediction,Fu K.; Zhang Y.,2024,Mathematics,10.3390/math12101572,"The problem of stock price prediction has been a hot research issue. Stock price is influenced by various factors at the same time, and market sentiment is one of the most critical factors. Financial texts such as news and investor comments reflect investor sentiment in the stock market and influence market movements. Previous research models have struggled to accurately mine multiple sources of market sentiment information originating from the Internet and traditional sentiment analysis models are challenging to quantify and combine indicator data from market data and multi-source sentiment data. Therefore, we propose a BERT-LLA stock price prediction model incorporating multi-source market sentiment and technical analysis. In the sentiment analysis module, we propose a semantic similarity and sector heat-based model to screen for related sectors and use fine-tuned BERT models to calculate the text sentiment index, transforming the text data into sentiment index time series data. In the technical indicator calculation module, technical indicator time series are calculated using market data. Finally, in the prediction module, we combine the sentiment index time series and technical indicator time series and employ a two-layer LSTM network prediction model with an integrated attention mechanism to predict stock close price. Our experiment results show that the BERT-LLA model can accurately capture market sentiment and has a strong practicality and forecasting ability in analyzing market sentiment and stock price prediction. © 2024 by the authors.",attention mechanism; BERT; long short-term memory; sentiment analysis; stock price prediction,Article,Yes,No,No,SC01; SC02,M-2469,Primary/Other,Yes,Price,Yes,Yes,Yes,Yes,,Yes,5,26,A_Direct_Methodological_Priority,Detailed extraction for gap and methodology design,High,Technical_Indicators; Sentiment; FinBERT_BERT_RoBERTa; Multimodal; Transformer_Attention,stock market; stock price,close price; price prediction; stock price,attention; bert; lstm,experiment; results show,"Incorporating Multi-Source Market Sentiment and Price Data for Stock Price Prediction || The problem of stock price prediction has been a hot research issue. || Stock price is influenced by various factors at the same time, and market sentiment is one of the most critical factors. || Therefore, we propose a BERT-LLA stock price prediction model incorporating multi-source market sentiment and technical analysis. || Our experiment results show that the BERT-LLA model can accurately capture market sentiment and has a strong practicality and forecasting ability in analyzing market sentiment and stock price prediction. © 2024 by the authors.",investor sentiment; market sentiment; sentiment analysis,,Yes,Yes,Unclear,Unclear,Unclear,Yes,Yes,Unclear,Yes,Unclear,Yes,Yes,Unclear,Unclear,Unclear,Unclear,Unclear,Unclear,market data; time series,technical analysis; technical indicator,,,,sentiment,bert,,multi-source,,attention mechanism,long short-term memory; lstm,,,,,,
doi:10.3390/bdcc8110143,"Innovative Sentiment Analysis and Prediction of Stock Price Using FinBERT, GPT-4 and Logistic Regression: A Data-Driven Approach",Shobayo O.; Adeyemi-Longe S.; Popoola O.; Ogunleye B.,2024,Big Data and Cognitive Computing,10.3390/bdcc8110143,"This study explores the comparative performance of cutting-edge AI models, i.e., Finaance Bidirectional Encoder representations from Transsformers (FinBERT), Generatice Pre-trained Transformer GPT-4, and Logistic Regression, for sentiment analysis and stock index prediction using financial news and the NGX All-Share Index data label. By leveraging advanced natural language processing models like GPT-4 and FinBERT, alongside a traditional machine learning model, Logistic Regression, we aim to classify market sentiment, generate sentiment scores, and predict market price movements. This research highlights global AI advancements in stock markets, showcasing how state-of-the-art language models can contribute to understanding complex financial data. The models were assessed using metrics such as accuracy, precision, recall, F1 score, and ROC AUC. Results indicate that Logistic Regression outperformed the more computationally intensive FinBERT and predefined approach of versatile GPT-4, with an accuracy of 81.83% and a ROC AUC of 89.76%. The GPT-4 predefined approach exhibited a lower accuracy of 54.19% but demonstrated strong potential in handling complex data. FinBERT, while offering more sophisticated analysis, was resource-demanding and yielded a moderate performance. Hyperparameter optimization using Optuna and cross-validation techniques ensured the robustness of the models. This study highlights the strengths and limitations of the practical applications of AI approaches in stock market prediction and presents Logistic Regression as the most efficient model for this task, with FinBERT and GPT-4 representing emerging tools with potential for future exploration and innovation in AI-driven financial analytics. © 2024 by the authors.",FinBERT; FinBERT model; logistic regression; Optuna; time series cross-validation; Electronic trading; Financial markets; Prediction models; Cross validation; Data-driven approach; Finaance bidirectional encoder representation from transsformer; Finaance bidirectional encoder representation from transsformer model; Logistics regressions; Optuna; Sentiment analysis; Stock price; Time series cross-validation; Times series; Logistic regression,Article,Yes,No,No,SC01; SC04; SC06,M-2355,Primary/Other,Yes,Price; Direction/Movement,Yes,Yes,Yes,Yes,,Yes,6,26,A_Direct_Methodological_Priority,Detailed extraction for gap and methodology design,High,Financial_News; Sentiment; FinBERT_BERT_RoBERTa; LLM_FinGPT; Transformer_Attention; Optimization,stock index; stock market; stock markets; stock price,price movements; stock index prediction; stock price,finbert; machine learning; transformer,accuracy; auc; comparative; f1; precision; recall,"Innovative Sentiment Analysis and Prediction of Stock Price Using FinBERT, GPT-4 and Logistic Regression: A Data-Driven Approach || This study explores the comparative performance of cutting-edge AI models, i.e., Finaance Bidirectional Encoder representations from Transsformers (FinBERT), Generatice Pre-trained Transformer GPT-4, and Logistic Regression, for sentiment analysis and stock index prediction using financial news and the NGX All-Share Index data label. || This study highlights the strengths and limitations of the practical applications of AI approaches in stock market prediction and presents Logistic Regression as the most efficient model for this task, with FinBERT and GPT-4 representing emerging tools with potential for future exploration and innovation in AI-driven financial analytics. © 2024 by the authors.",market sentiment; sentiment analysis,,Yes,Unclear,Unclear,Yes,Unclear,Yes,Yes,Yes,Unclear,Unclear,Yes,Unclear,Yes,Unclear,Unclear,Unclear,Unclear,Unclear,time series,,,financial news,,sentiment; sentiment scores,finbert,gpt-4,,,transformer,,hyperparameter optimization; optuna,,,,,
doi:10.1016/j.engappai.2026.115736,A hybrid framework of large language models and transformer networks for multimodal stock movement prediction,Du H.; Zheng D.; Guo A.; Zhan J.,2026,Engineering Applications of Artificial Intelligence,10.1016/j.engappai.2026.115736,"Stock market trend forecasting remains a challenging task because of the heterogeneous nature of multimodal financial data and the limited domain adaptation capability of artificial intelligence (AI) systems based on large language models (LLMs). This paper proposes an integrated prediction framework that combines a state-of-the-art open-source large language model (Qwen3-8B) with a Transformer neural network to jointly model unstructured financial news and structured historical trading data for stock movement prediction. Task-specific few-shot prompting is employed to extract three market-oriented semantic features, namely sentiment intensity, market growth potential, and latent trading risk, without requiring computationally expensive full-model fine-tuning.The proposed framework is evaluated on two self-constructed multimodal financial benchmark datasets, namely the Composite Multimodal Information Dataset for the United States Stock Market (CMIN-US) and the Composite Multimodal Information Dataset for the Chinese Stock Market (CMIN-CN), which integrate financial news and historical trading data through fine-grained temporal alignment. Experimental results demonstrate that the proposed framework consistently outperforms existing benchmark methods, achieving a prediction accuracy of 58.16% and a Matthews Correlation Coefficient (MCC) of 0.1921 on CMIN-US, together with a prediction accuracy of 65.79% and an MCC of 0.3055 on CMIN-CN. Compared with the strongest traditional multimodal baseline, the proposed framework improves prediction accuracy by 4.73% and 10.51%, respectively, while substantially increasing the Matthews Correlation Coefficient. These findings demonstrate the effectiveness of large language model supported few-shot domain adaptation for multimodal financial prediction and highlight its potential for intelligent financial decision-making and quantitative investment applications. © 2026 Elsevier Ltd.",Artificial intelligence; Large language models; Multimodal financial data; Stock movement prediction; Benchmarking; Commerce; Computational linguistics; Electronic trading; Financial markets; Forecasting; Investments; Large datasets; Prediction models; Semantics; Correlation coefficient; Financial data; Language model; Large language model; Movement prediction; Multi-modal; Multimodal financial data; Prediction accuracy; Stock movement; Stock movement prediction; Artificial intelligence,Article,Yes,Yes,No,SC01; SD01; SD02; SD03; SD05,M-0708,Primary/Other,Yes,Direction/Movement; Trend,Yes,Yes,Yes,No,,Yes,5,25,A_Direct_Methodological_Priority,Detailed extraction for gap and methodology design,High,Financial_News; Sentiment; LLM_FinGPT; Multimodal; Transformer_Attention,stock market; stock movement,market trend; movement prediction; stock movement; trend forecasting,artificial intelligence; large language model; large language models; llms; neural network; transformer,accuracy; benchmark; dataset; datasets; evaluated; experimental; outperforms; results demonstrate,A hybrid framework of large language models and transformer networks for multimodal stock movement prediction || Stock market trend forecasting remains a challenging task because of the heterogeneous nature of multimodal financial data and the limited domain adaptation capability of artificial intelligence (AI) systems based on large language models (LLMs). || This paper proposes an integrated prediction framework that combines a state-of-the-art open-source large language model (Qwen3-8B) with a Transformer neural network to jointly model unstructured financial news and structured historical trading data for stock movement prediction.,,,Unclear,Unclear,Unclear,Yes,Unclear,Yes,Unclear,Yes,Yes,Unclear,Yes,Unclear,Unclear,Unclear,Unclear,Unclear,Unclear,Unclear,,,,financial news,,sentiment,,large language model; large language models; llms,multi-modal; multimodal,,transformer,,,,,,,
doi:10.3934/math.2026043,A hybrid transformer framework integrating sentiment and dynamic market structure for stock price movement forecasting,Kim D.-J.; Noh E.; Choi S.-Y.,2026,AIMS Mathematics,10.3934/math.2026043,"Traditional financial forecasting models are inherently limited as their sole reliance on price data causes them to overlook critical information such as market sentiment and dynamic inter-market interactions. To address this shortcoming, this study proposes a novel hybrid transformer model that integrates heterogeneous data sources. Specifically, our framework combines investor sentiment extracted from news headlines using FinBERT and dynamic changes in market structure analyzed with a TVP-VAR model, along with traditional log-return data. In forecasting experiments conducted on four major global stock indices (S&P 500, FTSE 100, CSI 300, and Nikkei 225), the proposed model consistently demonstrated superior performance compared to both single-data-source models and traditional benchmarks. We found that the inclusion of dynamic market structure information, derived from the TVP-VAR model, as a predictive variable was a decisive factor in improving forecasting accuracy. This research empirically validates that a multi-modal approach combining heterogeneous data can significantly enhance the precision of financial market forecasting. © 2026 the Author(s), licensee AIMS Press.",FinBERT; hybrid-transformer-model; multi-modal; stock price; transformer; TVP-VAR,Article,Yes,No,No,SC01,M-2573,Primary/Other,Yes,Price; Direction/Movement,Yes,Yes,Yes,Yes,,Yes,5,25,A_Direct_Methodological_Priority,Detailed extraction for gap and methodology design,High,Financial_News; Sentiment; FinBERT_BERT_RoBERTa; Multimodal; Transformer_Attention,csi 300; ftse; nikkei; s&p 500; stock indices; stock price,price movement; stock price,finbert; transformer,accuracy; benchmarks; experiments; precision,"A hybrid transformer framework integrating sentiment and dynamic market structure for stock price movement forecasting || In forecasting experiments conducted on four major global stock indices (S&P 500, FTSE 100, CSI 300, and Nikkei 225), the proposed model consistently demonstrated superior performance compared to both single-data-source models and traditional benchmarks.",investor sentiment; market sentiment,,Unclear,Unclear,Unclear,Yes,Unclear,Yes,Yes,Unclear,Yes,Unclear,Yes,Unclear,Unclear,Unclear,Unclear,Unclear,Unclear,Unclear,,,,news headlines,,sentiment,finbert,,heterogeneous data; multi-modal,,transformer,,,,,,,
doi:10.1109/access.2026.3654950,A Multimodal Deep Fusion Method for Stock Movement Prediction Using Heterogeneous Data Source,Wen Wang T.; Sook Lu Y.; Soon Ku C.; Mohammed O.; Raj B.; Yee Por L.,2026,IEEE Access,10.1109/access.2026.3654950,"Stock movement prediction remains challenging due to the complexity of integrating heterogeneous data sources and capturing intricate temporal-semantic relationships. Existing approaches suffer from incomplete semantic preservation, shallow fusion mechanisms, and inadequate multi-scale temporal modeling. In this paper, we propose a multimodal deep fusion framework that addresses these limitations through three synergistic components: 1) An SRTE module based on pretrained BERT that preserves 100% of textual content by segmenting long sequences and applying average pooling, recovering 17.82% more tokens than conventional truncation; 2) An MsLSTM architecture that simultaneously captures short-term price dynamics and long-term market trends through parallel processing of original and temporally smoothed sequences, and; 3) A CMCF mechanism that performs dual-level integration via across-temporal interval fusion and along-temporal step aggregation. We compare our proposed method against baseline models on the StockNet dataset, achieving superior predictive performance. Additionally, we conduct comprehensive ablation studies, back-testing analysis, long-text modeling comparisons, and interpretability analysis. The results validate the effectiveness of deep multimodal fusion for financial forecasting and provide actionable insights for data-driven decision-making in volatile market environments. © 2013 IEEE.",BERT; deep learning model; Financial time series forecasting; heterogeneous feature embedding; LSTM; multimodal fusion strategy; stock movement prediction; Data integration; Decision making; Deep learning; Electronic trading; Forecasting; Information fusion; Learning systems; Prediction models; Semantics; BERT; Deep learning model; Feature embedding; Financial time series forecasting; Fusion strategies; Heterogeneous feature embedding; Heterogeneous features; Learning models; LSTM; Movement prediction; Multi-modal fusion; Multimodal fusion strategy; Stock movement; Stock movement prediction; Commerce,Article,Yes,No,Yes,EL03; EL04; SC01; SC05,M-1723,Primary/Other,Yes,Direction/Movement; Trend,Yes,Yes,Yes,No,,Yes,4,25,A_Direct_Methodological_Priority,Detailed extraction for gap and methodology design,High,FinBERT_BERT_RoBERTa; Multimodal; Fusion; XAI,stock movement,market trends; movement prediction; stock movement,bert; deep learning; lstm,dataset; testing,A Multimodal Deep Fusion Method for Stock Movement Prediction Using Heterogeneous Data Source || Stock movement prediction remains challenging due to the complexity of integrating heterogeneous data sources and capturing intricate temporal-semantic relationships.,,,Yes,Unclear,Unclear,Unclear,Unclear,Unclear,Yes,Unclear,Yes,Yes,Unclear,Yes,Unclear,Unclear,Yes,Unclear,Unclear,Unclear,time series,,,,,,bert,,heterogeneous data; multi-modal; multimodal,fusion,,lstm,,,interpretability,,,
doi:10.1002/eng2.70852,Algorithm Design for Stock Price Prediction System Based on Distilbert Financial News Sentiment Analysis Model,Zhang J.,2026,Engineering Reports,10.1002/eng2.70852,"As the frequency of information updates in the financial market continues to rise, the traditional stock forecasting methods that rely only on historical prices and macro indicators have been difficult to fully describe the nonlinear impact of news shocks and market sentiment fluctuations. Aiming at the problems of high cost of financial text processing, lack of multimodal fusion, and limited real-time deployment of prediction system, this paper proposes an end-to-end multimodal framework for stock price prediction. The framework uses the lightweight distilbert as the emotional encoder of financial news, reduces the complexity of the model while retaining the semantic expression ability through knowledge distillation, and constructs a dynamic gating fusion module combined with the characteristics of the numerical market, so as to realize the collaborative representation of the text emotional information and the minute level price index. In the prediction layer, spatiotemporal attention mechanism and gating cycle unit are further introduced to model the time series of fused multi-source features, so as to form a complete system integrating emotion analysis, multimodal interaction, and trend prediction. The experimental results show that the accuracy of the distilbert emotional analysis module on the financial text test set is 88.3, the F1 score is 88.1, and the reasoning speed reaches 3500 texts per second, showing a good balance between accuracy and efficiency. In the system level prediction task, the direction prediction accuracy of this model is 68.7, the annualized rate of return is 24.3, the Sharpe ratio is 2.15, the maximum fallback is 12.8, the single reasoning delay is 85 MS, and the throughput is 235 requests per second. The results show that the proposed method can not only effectively improve the performance of financial text emotion recognition and stock price trend prediction, but also has strong real-time deployment ability and engineering application value. © 2026 The Author(s). Engineering Reports published by John Wiley & Sons Ltd.",distilbert; lightweight model; multi modal fusion; sentiment analysis; stock price prediction,Article,Yes,No,No,SC01; SC02,M-0003,Primary/Other,Yes,Price; Direction/Movement; Trend,Yes,Yes,Yes,Yes,,Yes,5,25,A_Direct_Methodological_Priority,Detailed extraction for gap and methodology design,High,Financial_News; Sentiment; Multimodal; Fusion; Transformer_Attention,stock forecasting; stock price,direction prediction; price prediction; price trend; stock price; trend prediction,attention,accuracy; experimental; f1; results show; test set,"Algorithm Design for Stock Price Prediction System Based on Distilbert Financial News Sentiment Analysis Model || As the frequency of information updates in the financial market continues to rise, the traditional stock forecasting methods that rely only on historical prices and macro indicators have been difficult to fully describe the nonlinear impact of news shocks and market sentiment fluctuations. || Aiming at the problems of high cost of financial text processing, lack of multimodal fusion, and limited real-time deployment of prediction system, this paper proposes an end-to-end multimodal framework for stock price prediction. || The results show that the proposed method can not only effectively improve the performance of financial text emotion recognition and stock price trend prediction, but also has strong real-time deployment ability and engineering application value. © 2026 The Author(s).",emotion analysis; market sentiment; sentiment analysis,,Yes,Unclear,Unclear,Yes,Unclear,Yes,Unclear,Unclear,Yes,Yes,Yes,Unclear,Unclear,Unclear,Unclear,Unclear,Unclear,Unclear,historical prices; time series,,,financial news,,emotion analysis; sentiment,,,multi-source; multimodal,fusion,attention mechanism,,,,,,,
doi:10.1007/s11227-026-08334-7,Comparison of short-term and long-term forecasts using machine learning across S&P 500 industries with financial and market indicators,Lee J.; Yang J.H.,2026,Journal of Supercomputing,10.1007/s11227-026-08334-7,"Stock-price prediction is essential for investment strategies, risk management, and financial market efficiency. While fundamental analysis relies on macroeconomic indicators and financial statements, and technical analysis focuses on historical price trends, the relative effectiveness of these assessment strategies across different investment horizons, such as short-term (daily) and long-term (quarterly) timelines, remains relatively underexplored. This study compared fundamental and technical information sets across time horizons by forecasting one-day-ahead and one-quarter-ahead prices for twenty-two sector-balanced S&P 500 constituents using eight model families spanning kernel methods, tree ensembles, and deep neural networks. Company financial statements and macroeconomic indicators were used for quarterly prediction, while financial and technical indicators were used for daily prediction. To reflect the dynamic nature of markets, this study implemented a rolling, walk-forward re-estimation design that repeatedly retrained models at each forecast origin and reported out-of-sample performance using MAPE and R2, with sector-level summaries to characterize cross-sectional error structure. Crucially, the rolling protocol combined with model-specific hyperparameter grids yielded an exhaustive computational workload exceeding 150,000 training runs. Therefore, the study carried out GPU-accelerated training and testing on a high-performance computing (HPC) cluster that enabled transparent benchmarking at scale in the context of Explainable AI (XAI) in financial market forecasting. Therefore, comparing the results of long- and short-term predictions under various machine learning models provided insights into the strengths and limitations of the models employed across varying time horizons. © The Author(s), under exclusive licence to Springer Science+Business Media, LLC, part of Springer Nature 2026.",Deep learning; Explainable Artificial intelligence (XAI); Financial indicators; High-performance computing (HPC); Machine learning; Stock prediction; Technical indicators; Benchmarking; Commerce; Costs; Deep neural networks; Electronic trading; Financial markets; Forecasting; Indicators (instruments); Investments; Risk management; Strategic planning; Deep learning; Explainable artificial intelligence (XAI); Financial indicator; High-performance computing; Machine-learning; Macroeconomic indicators; Performance computing; Stock predictions; Technical indicator; Time horizons; Learning systems,Article,Yes,No,No,SC01; SC03; SC05; SC06,M-0275,Primary/Other,Yes,Price; Trend,Yes,Yes,Yes,No,,Yes,5,25,A_Direct_Methodological_Priority,Detailed extraction for gap and methodology design,High,Technical_Indicators; Fundamental_Data; XAI; Temporal_Validation; Multi_Stock,s&p 500; stock prediction; stock-price,price prediction; price trends,artificial intelligence; deep learning; deep neural; machine learning; neural networks,comparison; mape; r2; testing; training,"Stock-price prediction is essential for investment strategies, risk management, and financial market efficiency. || This study compared fundamental and technical information sets across time horizons by forecasting one-day-ahead and one-quarter-ahead prices for twenty-two sector-balanced S&P 500 constituents using eight model families spanning kernel methods, tree ensembles, and deep neural networks.",,,Yes,Yes,Yes,Unclear,Unclear,Unclear,Unclear,Unclear,Unclear,Unclear,Unclear,Unclear,Unclear,Unclear,Yes,Yes,Unclear,Yes,historical price,technical analysis; technical indicator; technical indicators,financial statements; fundamental analysis,,,,,,,,,,,,explainable; xai,out-of-sample; walk-forward,,cross-sectional
doi:10.25258/ijddt.16.2.70,Hybrid Deep Learning Technique for Stock Price Prediction,Gupta R.; Chhabra N.,2026,International Journal of Drug Delivery Technology,10.25258/ijddt.16.2.70,"This study comes up with a hybrid deep learning model to forecast the prices of stocks of Nifty LargeMidcap 250 Index for five years. It makes use of CNN-LSTM hybrid structure. Sentiment analysis combines News on the social media. Wavelet denoising, PCA dimensionality reduction and walk-forward validation are also methodology. Stock Data represents NSE archives 2010-2024. Results indicate that CNN-LSTM is better in metrics than LSTM and GRU baselines. RMSE is 5.37 in the case of BPCL and 15.58 in the case of TATA Motors in CNN-LSTM. All stocks show the same patterns of low-error in MAE. MAPE shows outstanding 0.03 values of INFY and TATA Motors. The maximum R2 is 0.9976 of INFY and 0.995 of CIPLA. The model fills the long-horizon forecasting gaps in the case of blended indices. Findings justify practical usefulness of CNN-LSTM as it provides the best results. © 2026, Dr. Yashwant Research Labs Pvt. Ltd. All rights reserved.",CNN-LSTM; LSTM; MAPE; Nifty LargeMidcap 250; RMSE; sentiment; SHAP; TATA MOTORS; technical indicators; article; benchmarking; deep learning; dimensionality reduction; forecasting; human; hybrid; prediction; price; root mean squared error; sentiment analysis; social media,Article,Yes,No,No,SC01; SC02; SC05; SC06,M-2245,Primary/Other,Yes,Price,Yes,Yes,Yes,Yes,,Yes,5,25,A_Direct_Methodological_Priority,Detailed extraction for gap and methodology design,High,Technical_Indicators; Sentiment; XAI; Temporal_Validation; Indian_Market,nifty; stock price,price prediction; stock price,cnn; deep learning; gru; lstm,mae; mape; r2; rmse,Hybrid Deep Learning Technique for Stock Price Prediction || This study comes up with a hybrid deep learning model to forecast the prices of stocks of Nifty LargeMidcap 250 Index for five years.,sentiment analysis,,Unclear,Yes,Unclear,Unclear,Yes,Yes,Unclear,Unclear,Unclear,Unclear,Unclear,Yes,Unclear,Unclear,Yes,Yes,Yes,Unclear,,technical indicators,,,social media,sentiment,,,,,,gru; lstm,,,shap,forward validation; walk-forward,nifty; nse,
doi:10.1016/j.eswa.2025.130441,Integrative stock price trend prediction via hierarchical LLM text processing and patch-based transformer with co-attention,Zhang Y.; Dong Z.; Xu W.,2026,Expert Systems with Applications,10.1016/j.eswa.2025.130441,"Recent advances in large language models have improved semantic extraction; however, existing approaches still struggle to distill truly market-moving signals from lengthy, redundant financial texts, and simple concatenation or one-way cross-attention often fails to capture the bidirectional dependencies between textual semantics and price dynamics. We propose a multimodal framework with hierarchical summarization and co-attention that jointly learns from financial news and historical prices for stock trend prediction. The framework comprises three components. A hierarchical LLM progressively refines text, removing redundancy and extracting multi-level cues most relevant to market movements. A patch-based, single-channel Transformer models price sequences and text streams in parallel, reducing attention complexity while preserving each modality’s temporal and contextual structure. A co-attention mechanism dynamically aligns and reinforces cross-modal features to yield robust joint representations. In experiments, our method achieves 67.01 % directional accuracy with a Matthews Correlation Coefficient of 0.346 on CMIN-US and 70.24 % accuracy with a Matthews Correlation Coefficient of 0.293 on CMIN-CN. Ablation results confirm that combining hierarchical summarization with co-attention substantially improves multimodal forecasting performance. © 2025 Elsevier Ltd. All rights are reserved, including those for text and data mining, AI training, and similar technologies.",Attention mechanism; Fusion model; Large language models; Multimodal framework; Patching technique; Stock movement prediction; Commerce; Computational linguistics; Costs; Electronic trading; Financial markets; Natural language processing systems; Semantics; Text mining; Attention mechanisms; Fusion model; Language model; Large language model; Movement prediction; Multimodal frameworks; Patch based; Patching technique; Stock movement; Stock movement prediction; Forecasting,Article,Yes,Yes,No,SC01; SC02; SD01; SD02; SD05,M-0830,Primary/Other,Yes,Price; Direction/Movement; Trend,Yes,Yes,Yes,No,,Yes,5,25,A_Direct_Methodological_Priority,Detailed extraction for gap and methodology design,High,Financial_News; LLM_FinGPT; Multimodal; Fusion; Transformer_Attention,stock movement; stock price; stock trend,movement prediction; price trend; stock movement; stock price; stock trend; trend prediction,attention; large language model; large language models; llm; transformer,accuracy; experiments; training,Integrative stock price trend prediction via hierarchical LLM text processing and patch-based transformer with co-attention || We propose a multimodal framework with hierarchical summarization and co-attention that jointly learns from financial news and historical prices for stock trend prediction.,,,Yes,Unclear,Unclear,Yes,Unclear,Unclear,Unclear,Yes,Yes,Yes,Yes,Unclear,Unclear,Unclear,Unclear,Unclear,Unclear,Unclear,historical prices,,,financial news,,,,large language model; large language models; llm,cross-modal; multimodal,cross-attention; fusion,attention mechanism; transformer,,,,,,,
doi:10.1016/j.procs.2026.07.157,"RNN-based stock price forecasting through the integration of technical indicators, fundamental data, and news sentiment analysis",Gagatsatya Adiatmaja and Rarasmaya Indraswari and Rika Rokhana and Wiwiet Herulambang,2026,Procedia Computer Science,10.1016/j.procs.2026.07.157,"Accurately predicting stock prices is vital for making informed investment decisions in capital markets. Stock price volatility is influenced by a range of factors, such as global economic trends, monetary policy shifts, and overall market sentiment. This research proposes a stock price forecasting model utilizing deep learning techniques based on Recurrent Neural Networks (RNN). The model integrates three key types of stock price analysis: technical indicators, fundamental financial data, and sentiment analysis from financial news. The study focuses on three prominent Indonesian blue-chip stocks which are components of the LQ45 and IDX30 indices: Bank BCA (BBCA), Astra International (ASII), and Telkom Indonesia (TLKM). The used technical indicator includes moving averages and trading volume, while the fundamental analysis is obtained from annual financial ratios. Sentiment analysis is performed using IndoBERT on articles from the detik.com news portal. The combination of features from those three analyses enhances the accuracy of the stock price forecasting. Among the compared models, Bi-LSTM and Bi-GRU yielded the best results, with Bi-LSTM showing the lowest RMSE for TLKM (65.2) and ASII (119.49), while Bi-GRU showed the lowest RMSE for BBCA (97.79). The findings demonstrate the potential of integrated deep learning approaches to improve the precision and reliability of stock price prediction.","Stock price prediction, Recurrent Neural Network (RNN), technical analysis, fundamental analysis, news sentiment analysis",Article,No,Yes,No,SD01; SD02; SD03,M-1383,Primary/Other,Yes,Price,Yes,Yes,Yes,Yes,,Yes,4,25,A_Direct_Methodological_Priority,Detailed extraction for gap and methodology design,High,Technical_Indicators; Fundamental_Data; Financial_News; Sentiment,stock price; stock prices,price forecasting; price prediction; stock price; stock prices,deep learning; gru; lstm; neural network; neural networks; recurrent neural; rnn,accuracy; precision; rmse,"RNN-based stock price forecasting through the integration of technical indicators, fundamental data, and news sentiment analysis || Accurately predicting stock prices is vital for making informed investment decisions in capital markets. || Stock price volatility is influenced by a range of factors, such as global economic trends, monetary policy shifts, and overall market sentiment. || This research proposes a stock price forecasting model utilizing deep learning techniques based on Recurrent Neural Networks (RNN). || The model integrates three key types of stock price analysis: technical indicators, fundamental financial data, and sentiment analysis from financial news. || The combination of features from those three analyses enhances the accuracy of the stock price forecasting. || The findings demonstrate the potential of integrated deep learning approaches to improve the precision and reliability of stock price prediction.",market sentiment; sentiment analysis,,Yes,Yes,Yes,Yes,Unclear,Yes,Unclear,Unclear,Unclear,Unclear,Unclear,Yes,Unclear,Unclear,Unclear,Unclear,Unclear,Unclear,trading volume; volume,moving averages; technical analysis; technical indicator; technical indicators,financial ratios; fundamental analysis,financial news,,sentiment,,,,,,bi-gru; bi-lstm; gru; lstm; recurrent neural; rnn,,,,,,
doi:10.1007/s42521-026-00176-5,Sentiment-aware stock price prediction with transformer and LLM-generated formulaic alpha,Chen Q.; Kawashima H.,2026,Digital Finance,10.1007/s42521-026-00176-5,"Traditionally, traders and quantitative analysts address alpha decay by manually crafting formulaic alphas, mathematical expressions that identify patterns or signals in financial data, through domain expertise and trial-and-error. This process is often time-consuming and difficult to scale. With recent advances in large language models (LLMs), it is now possible to automate the generation of such alphas by leveraging the reasoning capabilities of LLMs. This paper introduces a novel framework that integrates a prompt-based LLM with a Transformer model for stock price prediction. The LLM first generates diverse and adaptive alphas using structured inputs such as historical stock features (Close, Open, High, Low, Volume), technical indicators, sentiment scores of both target and related companies. These alphas, instead of being used directly for trading, are treated as high-level features that capture complex dependencies within the financial data. To evaluate the effectiveness of these LLM-generated formulaic alphas, the alpha features are then fed into prediction models such as Transformer, LSTM, TCN, SVR, and Random Forest to forecast future stock prices. Experimental results demonstrate that the LLM-generated alphas significantly improve predictive accuracy. Moreover, the accompanying natural language reasoning provided by the LLM enhances the interpretability and transparency of the predictions, supporting more informed financial decision-making. © The Author(s), under exclusive licence to Springer Nature Switzerland AG 2026.",Deep learning; LLM; Sentiment analysis; Stock price prediction; Transformer,Article,Yes,No,No,SC01; SC02; SC05,M-0343,Primary/Other,Yes,Price,Yes,Yes,Yes,Yes,,Yes,5,25,A_Direct_Methodological_Priority,Detailed extraction for gap and methodology design,High,Technical_Indicators; Sentiment; LLM_FinGPT; Transformer_Attention; XAI,stock price; stock prices,price prediction; stock price; stock prices,deep learning; large language models; llm; llms; lstm; random forest; tcn; transformer,accuracy; evaluate; experimental; results demonstrate,"Sentiment-aware stock price prediction with transformer and LLM-generated formulaic alpha || This paper introduces a novel framework that integrates a prompt-based LLM with a Transformer model for stock price prediction. || To evaluate the effectiveness of these LLM-generated formulaic alphas, the alpha features are then fed into prediction models such as Transformer, LSTM, TCN, SVR, and Random Forest to forecast future stock prices.",sentiment analysis,,Yes,Yes,Unclear,Unclear,Unclear,Yes,Unclear,Yes,Unclear,Unclear,Yes,Yes,Unclear,Unclear,Yes,Unclear,Unclear,Unclear,volume,technical indicators,,,,sentiment; sentiment scores,,large language models; llm; llms,,,transformer,lstm,,,interpretability,,,
doi:10.3390/math14101661,SGA-DCAT: Sentiment-Gated Dual-Stream Cross-Attention Temporal Network for Stock Price Prediction,Liu J.; Lu Y.; Kang W.,2026,Mathematics,10.3390/math14101661,"We propose SGA-DCAT (Sentiment-Gated Dual-stream Cross-Attention Temporal Network), an architecture for stock price prediction that treats news sentiment not as a passive input feature but as a control signal that governs the model’s memory dynamics. Most sentiment-augmented methods simply concatenate sentiment scores with price inputs, which implicitly assumes that the relationship between sentiment and price is the same regardless of market conditions. SGA-DCAT departs from this practice in three ways: (1) a sentiment-gated adaptive LSTM cell modulates the forget and input gates directly through sentiment signals so that memory retention varies with market mood; (2) a dual-stream cross-attention mechanism encodes price and sentiment through separate recurrent networks and fuses them via learned attention, keeping modality-specific representations intact; and (3) a multi-scale adaptive aggregation module combines predictions from 5-day, 10-day, and 20-day windows using a gating network conditioned on the current market state. On the NASDAQ-100 index with FinBERT-derived news sentiment, SGA-DCAT achieves a MAPE of 1.40%, RMSE of 217.83, and MAE of 171.58, outperforming Persistence, ARIMA, GARCH, MLP, LSTM, GRU, Transformer, DA-RNN, TFT, and LSTM + FinBERT baselines (all (Formula presented.), Diebold–Mariano test). In ablation experiments, each component contributes measurably, and SGA-DCAT reaches 66.93% directional accuracy on the held-out test set. Rolling-window evaluation across four non-overlapping temporal folds and regime-specific analysis confirm that these results are robust across bull, bear, and volatile market conditions. © 2026 by the authors.",cross-attention; deep learning; FinBERT; LSTM; multi-scale learning; sentiment analysis; stock price prediction,Article,Yes,No,No,SC01; SC06,M-2496,Primary/Other,Yes,Price,Yes,Yes,Yes,Yes,,Yes,5,25,A_Direct_Methodological_Priority,Detailed extraction for gap and methodology design,High,Sentiment; FinBERT_BERT_RoBERTa; Fusion; Transformer_Attention; Temporal_Validation,nasdaq; stock price,price prediction; stock price,attention; deep learning; finbert; gru; lstm; mlp; rnn; transformer,accuracy; evaluation; experiments; mae; mape; rmse; test set,"SGA-DCAT: Sentiment-Gated Dual-Stream Cross-Attention Temporal Network for Stock Price Prediction || We propose SGA-DCAT (Sentiment-Gated Dual-stream Cross-Attention Temporal Network), an architecture for stock price prediction that treats news sentiment not as a passive input feature but as a control signal that governs the model’s memory dynamics.",sentiment analysis,,Unclear,Unclear,Unclear,Unclear,Unclear,Yes,Yes,Unclear,Unclear,Yes,Yes,Yes,Unclear,Unclear,Unclear,Yes,Unclear,Unclear,,,,,,sentiment; sentiment scores,finbert,,,cross-attention,attention mechanism; transformer,gru; lstm; rnn,,,,rolling-window,,
doi:10.1016/j.dss.2026.114723,Stock time series prediction correction expert: A knowledge-guided stable multiple large language models enhancement method,Dingxiao Wang and Hongke Zhao and Likang Wu and Xinyu Li,2026,Decision Support Systems,10.1016/j.dss.2026.114723,"Stock prediction in financial markets aims to forecast stock trends and prices, which is crucial for achieving profitable investments. Traditional methods primarily involve modeling and predicting based on stock time-series data. Although many recent studies have incorporated contextual signals such as financial events, corporate disclosures, and investor sentiment, existing forecasting models often use such information mainly as predictive inputs rather than as evidence for post-hoc forecast correction. As a result, baseline forecasts may remain over-dependent on historical data distributions and become misaligned with current market conditions in uncertain decision-making processes. In contrast, large language models (LLMs), as decision models driven by rich knowledge, are powerful tools that can help us construct such correction mechanisms. We propose SPCE, a Post-Hoc Expert Correction framework decoupling trend extrapolation from causal reasoning. First, it adopts a correction-over-training paradigm where LLMs refine baseline forecasts without retraining. Second, a Knowledge-Guided mechanism mitigates forecast bias by grounding corrections in dynamic financial knowledge graphs and real-time sentiment. Third, a Regime-Adaptive Multi-Agent strategy orchestrates specialized LLMs, fusing their outputs via meta-cognitive consistency checks to ensure robust, context-aware predictions in volatile markets. Experiments conducted on three benchmark datasets, CMIN-US, StockNet, and CMIN-CN, show that SPCE achieves average reductions of 7.2% in RMSE, 8.9% in MAE, and 9.3% in MAPE compared with the CNN-BiLSTM-Attention baseline. The results highlight its effectiveness in volatile and heterogeneous market environments, positioning SPCE as a scalable and adaptable decision support mechanism for financial forecasting.","Stock forecasting, Prediction bias correction, Knowledge-enhanced retrieval, Multi-agent LLMs, Multimodal financial signals",Article,No,Yes,No,SD01; SD02; SD03,M-0600,Primary/Other,Yes,Trend,Yes,Yes,Yes,Yes,,Yes,4,25,A_Direct_Methodological_Priority,Detailed extraction for gap and methodology design,High,Financial_News; Sentiment; LLM_FinGPT; Multimodal,stock forecasting; stock prediction; stock trends,stock trends,attention; cnn; large language models; llms,benchmark; datasets; experiments; mae; mape; rmse; training,"Stock prediction in financial markets aims to forecast stock trends and prices, which is crucial for achieving profitable investments.",investor sentiment,,Yes,Unclear,Unclear,Yes,Unclear,Yes,Unclear,Yes,Yes,Unclear,Unclear,Yes,Unclear,Unclear,Unclear,Unclear,Unclear,Unclear,time series,,,corporate disclosures,,sentiment,,large language models; llms,multimodal,,,bilstm,,,,,,
doi:10.1007/s10614-025-11096-8,The Impact and Prediction of Investor Sentiment on Stock Market Returns: Evidence from Multisource Heterogeneous Data,Gao F.; Gao Y.; Wang Z.,2026,Computational Economics,10.1007/s10614-025-11096-8,"This study constructs a multi-level investor sentiment index through the integration of multi-source heterogeneous data, thereby significantly enhancing the accessibility of sentiment data. Spanning the sample period from January 7, 2010, to October 30, 2020, the research employs a composite index method to measure investor sentiment using traditional indicators such as turnover rate, price-earnings ratio, and the advance-decline line. Furthermore, natural language processing techniques are utilized for sentiment classification to extract emotional tendencies from online posts, thereby constructing a more comprehensive investor sentiment index. The study delves into the intricate relationship between investor sentiment and stock market returns from both time-frequency and asymmetric perspectives. On this basis, a DBN-BP prediction model is developed to examine the effectiveness of the investor sentiment index in forecasting stock market returns. The results show that there is a positive and negative interaction between the comprehensive sentiment index and stock market returns on the medium to long term scale, while the text mining sentiment index and stock market returns show a strong positive correlation on the short and medium term scales, and there is an asymmetric cross correlation between investor sentiment and stock market returns. Additionally, the DBN-BP neural network model proposed in this study demonstrates superior prediction performance compared to the BP neural network and RBM model. This also confirms the predictive utility of the investor sentiment index constructed from multi-source heterogeneous data fusion for stock market returns. © The Author(s), under exclusive licence to Springer Science+Business Media, LLC, part of Springer Nature 2025.",Deep belief network; Investor sentiment; MF-DCCA; Text mining; Wavelet analysis,Article,Yes,No,No,SC03,M-0191,Primary/Other,Yes,Return,Yes,Yes,Yes,Yes,,Yes,4,25,A_Direct_Methodological_Priority,Detailed extraction for gap and methodology design,High,Fundamental_Data; Sentiment; Multimodal; Fusion,stock market,market returns,neural network,results show,"The Impact and Prediction of Investor Sentiment on Stock Market Returns: Evidence from Multisource Heterogeneous Data || The study delves into the intricate relationship between investor sentiment and stock market returns from both time-frequency and asymmetric perspectives. || On this basis, a DBN-BP prediction model is developed to examine the effectiveness of the investor sentiment index in forecasting stock market returns. || The results show that there is a positive and negative interaction between the comprehensive sentiment index and stock market returns on the medium to long term scale, while the text mining sentiment index and stock market returns show a strong positive correlation on the short and medium term scales, and there is an asymmetric cross correlation between investor sentiment and stock market returns. || This also confirms the predictive utility of the investor sentiment index constructed from multi-source heterogeneous data fusion for stock market returns. © The Author(s), under exclusive licence to Springer Science+Business Media, LLC, part of Springer Nature 2025.",investor sentiment; sentiment classification,,Unclear,Unclear,Yes,Unclear,Unclear,Yes,Unclear,Unclear,Yes,Yes,Unclear,Unclear,Unclear,Unclear,Unclear,Unclear,Unclear,Unclear,,,earnings,,,sentiment,,,heterogeneous data; multi-source; multisource,data fusion; fusion,,,,,,,,
doi:10.3390/fintech4040063,An Interpretable 1D-CNN Framework for Stock Price Forecasting: A Comparative Study with LSTM and ARIMA,Ranjan P.; Itani R.; Faccia A.,2025,FinTech,10.3390/fintech4040063,"Deep learning has transformed numerous areas of data science by achieving outstanding performance in tasks such as image recognition, speech processing, and natural language understanding. Recently, the challenges of financial forecasting—marked by nonlinear dynamics, volatility, and regime shifts—have attracted increasing attention from the deep learning community. Among these approaches, Convolutional Neural Networks (CNNs), originally developed for spatial data, have shown strong potential for modelling financial time series. This study presents an interpretable CNN-based framework for stock price forecasting using the S&P 500 index as a case study. The proposed approach integrates historical price data with technical indicators within a unified experimental design and compares performance against traditional statistical (ARIMA) and sequential deep learning (LSTM) baselines. Empirical results demonstrate that the CNN model achieves superior predictive Accuracy while maintaining computational efficiency and interpretability through SHAP and Grad-CAM analyses. The findings suggest that lightweight CNN architectures can serve as effective, transparent tools for short-horizon financial forecasting, and future research may extend this framework to multimodal settings incorporating sentiment or news-based data. © 2025 by the authors.",algorithmic trading; convolutional neural networks; financial data representation; financial time series; market prediction,Article,Yes,No,No,SC01; SC02; SC05,M-2406,Primary/Other,Yes,Price,Yes,Yes,Yes,Yes,,Yes,4,25,A_Direct_Methodological_Priority,Detailed extraction for gap and methodology design,High,Technical_Indicators; Sentiment; Multimodal; XAI,s&p 500; stock price,price forecasting; stock price,attention; cnn; convolutional; deep learning; lstm; neural networks,accuracy; comparative; experimental; results demonstrate,An Interpretable 1D-CNN Framework for Stock Price Forecasting: A Comparative Study with LSTM and ARIMA || This study presents an interpretable CNN-based framework for stock price forecasting using the S&P 500 index as a case study.,algorithmic trading,,Yes,Yes,Unclear,Unclear,Unclear,Yes,Unclear,Unclear,Yes,Unclear,Unclear,Yes,Unclear,Unclear,Yes,Unclear,Unclear,Unclear,historical price; time series,technical indicators,,,,sentiment,,,multimodal,,,lstm,,,interpretability; interpretable; shap,,,
doi:10.3390/bdcc9100263,Chinese Financial News Analysis for Sentiment and Stock Prediction: A Comparative Framework with Language Models,Chuang H.-M.; He H.-C.; Hu M.-C.,2025,Big Data and Cognitive Computing,10.3390/bdcc9100263,"Financial news has a significant impact on investor sentiment and short-term stock price trends. While many studies have applied natural language processing (NLP) techniques to financial forecasting, most have focused on single tasks or English corpora, with limited research in non-English language contexts such as Taiwan. This study develops a joint framework to perform sentiment classification and short-term stock price prediction using Chinese financial news from Taiwan’s top 50 listed companies. Five types of word embeddings—one-hot, TF-IDF, CBOW, skip-gram, and BERT—are systematically compared across 17 traditional, deep, and Transformer models, as well as a large language model (LLaMA3) fully fine-tuned on the Chinese financial texts. To ensure annotation quality, sentiment labels were manually assigned by annotators with finance backgrounds and validated through a double-checking process. Experimental results show that a CNN using skip-gram embeddings achieves the strongest performance among deep learning models, while LLaMA3 yields the highest overall F1-score for sentiment classification. For regression, LSTM consistently provides the most reliable predictive power across different volatility groups, with Bayesian Linear Regression remaining competitive for low-volatility firms. LLaMA3 is the only Transformer-based model to achieve a positive (Formula presented.) under high-volatility conditions. Furthermore, forecasting accuracy is higher for the five-day horizon than for the fifteen-day horizon, underscoring the increasing difficulty of medium-term forecasting. These findings confirm that financial news provides valuable predictive signals for emerging markets and that short-term sentiment-informed forecasts enhance real-time investment decisions. © 2025 by the authors.",deep learning; financial sentiment analysis; natural language processing; stock price prediction; transformers; word embedding; Computational linguistics; Costs; Deep learning; Electronic trading; Embeddings; Financial markets; Forecasting; Investments; Sentiment analysis; Deep learning; Embeddings; Financial sentiment analyze; Language processing; Natural language processing; Natural languages; Sentiment analysis; Stock price prediction; Transformer; Word embedding; Electric transformers,Article,Yes,No,No,SC01,M-2357,Primary/Other,Yes,Price; Trend,Yes,Yes,Yes,Yes,,Yes,5,25,A_Direct_Methodological_Priority,Detailed extraction for gap and methodology design,High,Financial_News; Sentiment; FinBERT_BERT_RoBERTa; LLM_FinGPT; Transformer_Attention,stock prediction; stock price,price prediction; price trends; stock price,bert; cnn; deep learning; large language model; lstm; transformer,accuracy; comparative; experimental; f1; results show,Chinese Financial News Analysis for Sentiment and Stock Prediction: A Comparative Framework with Language Models || Financial news has a significant impact on investor sentiment and short-term stock price trends. || This study develops a joint framework to perform sentiment classification and short-term stock price prediction using Chinese financial news from Taiwan’s top 50 listed companies.,investor sentiment; sentiment analysis; sentiment classification,,Unclear,Unclear,Unclear,Yes,Unclear,Yes,Yes,Yes,Unclear,Unclear,Yes,Yes,Unclear,Unclear,Unclear,Unclear,Unclear,Unclear,,,,financial news,,sentiment,bert,large language model,,,transformer,lstm,,,,,,
doi:10.3390/engproc2025112040,Leveraging Large Language Models and Data Augmentation in Cognitive Computing to Enhance Stock Price Predictions †,Habbat N.; Nouri H.; Berradi Z.,2025,Engineering Proceedings,10.3390/engproc2025112040,"Precise stock price forecasting is essential for informed decision-making in financial markets. This study examines the combination of large language models (LLMs) with data augmentation approaches, utilizing improvements in cognitive computing to enhance stock price prediction. Traditional methods rely on structured data and basic time-series analysis. However, new research shows that deep learning and transformer-based architectures can effectively process unstructured financial data, such as news articles and social media sentiment. This study employs models, such as RNN, mBERT, RoBERTa, and GPT-4 based architectures, to illustrate the efficacy of our suggested method in forecasting stock movements. The research employs data augmentation techniques, including synthetic data creation using Generative Pre-trained Transformers, to rectify imbalances in training datasets. We assess metrics like accuracy, F1-score, recall, and precision to verify the models’ performance. We also investigate the influence of preprocessing methods like text normalization and feature engineering. Extensive tests show that transformer models are much better at predicting how stock prices will move than traditional methods. For example, the GPT-4 based model got an F1 score of 0.92 and an accuracy of 0.919, which shows that LLMs have a lot of potential in financial applications. © 2025 by the authors.",data augmentation; financial market; large language models; sentiment analysis,Article,Yes,No,No,SC01,M-2399,Primary/Other,Yes,Price; Direction/Movement,Yes,Yes,Yes,Yes,,Yes,5,25,A_Direct_Methodological_Priority,Detailed extraction for gap and methodology design,High,Financial_News; Sentiment; FinBERT_BERT_RoBERTa; LLM_FinGPT; Transformer_Attention,stock price; stock prices,price forecasting; price prediction; stock movements; stock price; stock prices,deep learning; large language models; llms; rnn; roberta; transformer,accuracy; datasets; f1; precision; recall; training,"Leveraging Large Language Models and Data Augmentation in Cognitive Computing to Enhance Stock Price Predictions † || Precise stock price forecasting is essential for informed decision-making in financial markets. || This study examines the combination of large language models (LLMs) with data augmentation approaches, utilizing improvements in cognitive computing to enhance stock price prediction. || Extensive tests show that transformer models are much better at predicting how stock prices will move than traditional methods.",sentiment analysis,,Unclear,Unclear,Unclear,Yes,Yes,Yes,Yes,Yes,Unclear,Unclear,Yes,Yes,Unclear,Unclear,Unclear,Unclear,Unclear,Unclear,,,,news articles,social media,sentiment,roberta,gpt-4; large language models; llms,,,transformer,rnn,,,,,,
doi:10.3390/math13030487,LLM-Augmented Linear Transformer–CNN for Enhanced Stock Price Prediction,Zhou L.; Zhang Y.; Yu J.; Wang G.; Liu Z.; Yongchareon S.; Wang N.,2025,Mathematics,10.3390/math13030487,"Accurately predicting stock prices remains a challenging task due to the volatile and complex nature of financial markets. In this study, we propose a novel hybrid deep learning framework that integrates a large language model (LLM), a Linear Transformer (LT), and a Convolutional Neural Network (CNN) to enhance stock price prediction using solely historical market data. The framework leverages the LLM as a professional financial analyst to perform daily technical analysis. The technical indicators, including moving averages (MAs), relative strength index (RSI), and Bollinger Bands (BBs), are calculated directly from historical stock data. These indicators are then analyzed by the LLM, generating descriptive textual summaries. The textual summaries are further transformed into vector representations using FinBERT, a pre-trained financial language model, to enhance the dataset with contextual insights. The FinBERT embeddings are integrated with features from two additional branches: the Linear Transformer branch, which captures long-term dependencies in time-series stock data through a linearized self-attention mechanism, and the CNN branch, which extracts spatial features from visual representations of stock chart data. The combined features from these three modalities are then processed by a Feedforward Neural Network (FNN) for final stock price prediction. Experimental results on the S&P 500 dataset demonstrate that the proposed framework significantly improves stock prediction accuracy by effectively capturing temporal, spatial, and contextual dependencies in the data. This multimodal approach highlights the importance of integrating advanced technical analysis with deep learning architectures for enhanced financial forecasting. © 2025 by the authors.",CNN; deep learning; financial forecasting; Linear Transformer; LLM; stock price prediction,Article,Yes,No,No,SC01; SC02,M-2478,Primary/Other,Yes,Price,Yes,Yes,Yes,No,,Yes,5,25,A_Direct_Methodological_Priority,Detailed extraction for gap and methodology design,High,Technical_Indicators; FinBERT_BERT_RoBERTa; LLM_FinGPT; Multimodal; Transformer_Attention,s&p 500; stock prediction; stock price; stock prices,price prediction; stock price; stock prices,attention; cnn; convolutional; deep learning; finbert; large language model; llm; neural network; transformer,accuracy; dataset; experimental,"LLM-Augmented Linear Transformer–CNN for Enhanced Stock Price Prediction || Accurately predicting stock prices remains a challenging task due to the volatile and complex nature of financial markets. || In this study, we propose a novel hybrid deep learning framework that integrates a large language model (LLM), a Linear Transformer (LT), and a Convolutional Neural Network (CNN) to enhance stock price prediction using solely historical market data. || The combined features from these three modalities are then processed by a Feedforward Neural Network (FNN) for final stock price prediction. || Experimental results on the S&P 500 dataset demonstrate that the proposed framework significantly improves stock prediction accuracy by effectively capturing temporal, spatial, and contextual dependencies in the data.",,,Yes,Yes,Unclear,Unclear,Unclear,Unclear,Yes,Yes,Yes,Unclear,Yes,Unclear,Unclear,Unclear,Unclear,Unclear,Unclear,Unclear,market data,bollinger; moving averages; relative strength index; rsi; technical analysis; technical indicators,,,,,finbert,large language model; llm,multimodal,,attention mechanism; self-attention; transformer,,,,,,,
doi:10.3390/math13101599,MambaLLM: Integrating Macro-Index and Micro-Stock Data for Enhanced Stock Price Prediction,Yan J.; Huang Y.,2025,Mathematics,10.3390/math13101599,"Accurate stock price prediction requires the integration of heterogeneous data streams, yet conventional techniques struggle to simultaneously leverage fine-grained micro-stock features and broader macroeconomic indicators. To address this gap, we propose MambaLLM, a novel framework that fuses macro-index and micro-stock inputs through the synergistic use of state-space models (SSMs) and large language models (LLMs). Our two-branch architecture comprises (i) Micro-Stock Encoder, a Mamba-based temporal encoder for processing granular stock-level data (prices, volumes, and technical indicators), and (ii) Macro-Index Analyzer, an LLM module—employing DeepSeek R1 7B distillation—capable of interpreting market-level index trends (e.g., S&P 500) to produce textual summaries. These summaries are then distilled into compact embeddings via FinBERT. By merging these multi-scale representations through a concatenation mechanism and subsequently refining them with multi-layer perceptrons (MLPs), MambaLLM dynamically captures both asset-specific price behavior and systemic market fluctuations. Extensive experiments on six major U.S. stocks (AAPL, AMZN, MSFT, TSLA, GOOGL, and META) reveal that MambaLLM delivers up to a 28.50% reduction in RMSE compared with suboptimal models, surpassing traditional recurrent neural networks and MAMBA-based baselines under volatile market conditions. This marked performance gain highlights the framework’s unique ability to merge structured financial time series with semantically rich macroeconomic narratives. Altogether, our findings underscore the scalability and adaptability of MambaLLM, offering a powerful, next-generation tool for financial forecasting and risk management. © 2025 by the authors.",large language model; Mamba; stock price prediction; time series forecasting,Article,Yes,No,No,SC02,M-2481,Primary/Other,Yes,Price,Yes,Yes,Yes,No,,Yes,4,25,A_Direct_Methodological_Priority,Detailed extraction for gap and methodology design,High,Technical_Indicators; FinBERT_BERT_RoBERTa; LLM_FinGPT; Multimodal,s&p 500; stock price,price prediction; stock price,finbert; large language model; large language models; llm; llms; neural networks; recurrent neural,experiments; rmse,"MambaLLM: Integrating Macro-Index and Micro-Stock Data for Enhanced Stock Price Prediction || Accurate stock price prediction requires the integration of heterogeneous data streams, yet conventional techniques struggle to simultaneously leverage fine-grained micro-stock features and broader macroeconomic indicators.",,,Yes,Yes,Unclear,Unclear,Unclear,Unclear,Yes,Yes,Yes,Unclear,Unclear,Yes,Unclear,Unclear,Unclear,Unclear,Unclear,Unclear,time series,technical indicators,,,,,finbert,large language model; large language models; llm; llms,heterogeneous data,,,recurrent neural,,,,,,
doi:10.1007/s41870-025-02802-8,SABER: a multimodal sentiment aware regression framework using ROBERTa BiLSTM and deep batch active learning for stock market prediction,Singh C.; Warraich J.; Thakkar R.; Vo N.,2025,International Journal of Information Technology (Singapore),10.1007/s41870-025-02802-8,"Stock market prediction remains one of the most intricate challenges in financial data science due to its non-linearity, volatility, and susceptibility to human sentiment. Traditional time-series forecasting techniques—relying solely on historical price indicators—often fall short in capturing the psychological and behavioral dimensions of market dynamics. To address these limitations, this study introduces SABER (Sentiment-Aware BiLSTM Ensemble with RO-BERTa), a novel multimodal architecture that fuses structured financial indicators with deep contextual sentiment embeddings derived from Robustly Optimized Bidirectional Encoder Representations from Transformers (RO-BERTa), temporal modeling via Bidirectional Long Short-Term Memory (BiLSTM), and data efficiency through Deep Batch Active Learning (DBAL). This framework effectively bridges the gap between qualitative sentiment and quantitative financial data, enabling more robust stock predictions. The model was trained and evaluated on a combination of three high-quality datasets: Twitter-based financial sentiment (TSA), large-scale tweet network data (Twitter7), and historical NASDAQ stock prices (2020–2024). Empirical results on major tech stocks (AAPL, MSFT, AMZN, GOOGL) reveal SABER’s superior performance across key metrics—achieving RMSE of 0.92, R² of 0.89, and directional accuracy of 88.2%—outperforming baseline and advanced models alike. © Bharati Vidyapeeth's Institute of Computer Applications and Management 2025.",BiLSTM; Multimodal learning; NASDAQ; ROBERTa; Sentiment analysis; Stock prediction,Article,Yes,No,No,SC01; SC02,M-0333,Primary/Other,Yes,Price,Yes,Yes,Yes,Yes,,Yes,4,25,A_Direct_Methodological_Priority,Detailed extraction for gap and methodology design,High,Sentiment; FinBERT_BERT_RoBERTa; Multimodal; Optimization,nasdaq; stock market; stock prediction; stock prices,stock prices,roberta,accuracy; datasets; evaluated; rmse,"SABER: a multimodal sentiment aware regression framework using ROBERTa BiLSTM and deep batch active learning for stock market prediction || Stock market prediction remains one of the most intricate challenges in financial data science due to its non-linearity, volatility, and susceptibility to human sentiment. || The model was trained and evaluated on a combination of three high-quality datasets: Twitter-based financial sentiment (TSA), large-scale tweet network data (Twitter7), and historical NASDAQ stock prices (2020–2024).",sentiment analysis,,Yes,Unclear,Unclear,Unclear,Yes,Yes,Yes,Unclear,Yes,Unclear,Unclear,Yes,Yes,Unclear,Unclear,Unclear,Unclear,Unclear,historical price,,,,tweet; twitter,sentiment,roberta,,multimodal,,,bilstm; long short-term memory,optimized,,,,,
doi:10.1007/s10614-024-10719-w,Stock Market Prediction Using Deep Attention Bi-directional Long Short-Term Memory,Prakash B.; Saleena B.,2025,Computational Economics,10.1007/s10614-024-10719-w,"Trustworthy predictions of future stock can promote significant profits, and it has attracted several financial analysts and investors. Accuracy suffers when more features are added and time consumption increases. To address these issues, this study proposes an Effective Stock Market Prediction with a Deep Attention BiLSTM framework optimized utilizing the COOT Birds Algorithm (DABiLSTM-COOT). Initially, the stock data are collected from the NSE stock dataset (Nifty 50), and the technical and fundamental indicators are measured for effective closing price prediction. The optimal features are chosen by adopting the Improved Binary Butterfly optimization (IBBO) algorithm. The DABiLSTM-COOT method predicts closing prices more accurately. Also, the performances are analyzed in terms of precision, recall, and F1 score, MSE, RMSE and MAPE. © The Author(s), under exclusive licence to Springer Science+Business Media, LLC, part of Springer Nature 2024.",Attention mechanism; Closing price prediction; Deep learning; Optimal features; Optimization; Technical indicators,Article,Yes,No,No,SC01; SC03,M-0164,Primary/Other,Yes,Price,Yes,Yes,Yes,No,,Yes,5,25,A_Direct_Methodological_Priority,Detailed extraction for gap and methodology design,High,Technical_Indicators; Fundamental_Data; Transformer_Attention; Optimization; Indian_Market,nifty; nifty 50; stock market,closing price; closing prices; price prediction,attention; deep learning,accuracy; dataset; f1; mape; mse; precision; recall; rmse,"Stock Market Prediction Using Deep Attention Bi-directional Long Short-Term Memory || To address these issues, this study proposes an Effective Stock Market Prediction with a Deep Attention BiLSTM framework optimized utilizing the COOT Birds Algorithm (DABiLSTM-COOT). || Initially, the stock data are collected from the NSE stock dataset (Nifty 50), and the technical and fundamental indicators are measured for effective closing price prediction.",,,Yes,Yes,Yes,Unclear,Unclear,Unclear,Unclear,Unclear,Unclear,Unclear,Yes,Yes,Yes,Unclear,Unclear,Unclear,Yes,Unclear,closing price,technical indicators,fundamental indicators,,,,,,,,attention mechanism,bilstm; long short-term memory,optimized,,,,nifty; nifty 50; nse,
doi:10.1016/j.engappai.2023.107617,Forecasting multistep daily stock prices for long-term investment decisions: A study of deep learning models on global indices,Beniwal M.; Singh A.; Kumar N.,2024,Engineering Applications of Artificial Intelligence,10.1016/j.engappai.2023.107617,"Deep machine learning algorithms play an important role in facilitating the development of predictive models for the stock market. However, most studies focus on predicting next-day stock prices or movements, limiting the usability of the predictive model for investors. This study extensively explores the ability of deep learning models to predict out-of-sample the daily prices of global stock indices over a long term, up to a year. The performance of six models, including Deep Neural Network (DNN), Recurrent Neural Network (RNN), Long Short-Term Memory (LSTM), Bidirectional Long Short-Term Memory (Bi-LSTM), Gated Recurrent Unit (GRU), and Convolutional Neural Network (CNN), are compared using Root Mean Squared Error (RMSE) and Mean Absolute Percentage Error (MAPE). The models predict the long-term daily prices of five global stock indices, namely the Nifty, the Dow Jones Industrial Average (DJIA), the DAX performance index (DAX), the Nikkei 225 (NI225), and the Shanghai Stock Exchange composite Index (SSE). The results confirm the superiority of LSTM for predicting long-term daily prices. The Bi-LSTM does not improve the result of LSTM but performs better than other algorithms. CNN overfits the training data and poorly forecasts the long-term stock prices of global indices on the testing data. This research demonstrates the potential of deep learning models for long-term stock price forecasting, offering valuable insights for investors. Additionally, the patterns of predicted daily prices can be helpful in building trading and risk management decision systems. © 2023 Elsevier Ltd",Artificial intelligence; Bi-LSTM; CNN; Deep learning; DNN; Forcasting; Fundamental analysis; GRU; Index; Long-term; LSTM; Machine learning; Prediction; RNN; Technical analysis; Brain; Commerce; Convolutional neural networks; Costs; Deep neural networks; Electronic trading; Financial markets; Investments; Learning algorithms; Learning systems; Long short-term memory; Mean square error; Risk management; Bidirectional long short-term memory; Convolutional neural network; Deep learning; Forcasting; Fundamental analysis; Gated recurrent unit; Index; Long-term; Machine-learning; Technical analysis; Forecasting,Article,Yes,Yes,No,SC01; SC03; SC06; SD01; SD03; SD04; SD05,M-0657,Primary/Other,Yes,Price,Yes,Yes,Yes,No,,Yes,5,25,A_Direct_Methodological_Priority,Detailed extraction for gap and methodology design,High,Technical_Indicators; Fundamental_Data; Temporal_Validation; Indian_Market; Multi_Stock,djia; dow jones; nifty; nikkei; shanghai stock; stock indices; stock market; stock price; stock prices,price forecasting; stock price; stock prices,artificial intelligence; cnn; convolutional; deep learning; deep neural; gru; lstm; machine learning; neural network; neural networks; recurrent neural; rnn,mape; rmse; testing; training,"Forecasting multistep daily stock prices for long-term investment decisions: A study of deep learning models on global indices || However, most studies focus on predicting next-day stock prices or movements, limiting the usability of the predictive model for investors. || This study extensively explores the ability of deep learning models to predict out-of-sample the daily prices of global stock indices over a long term, up to a year. || The models predict the long-term daily prices of five global stock indices, namely the Nifty, the Dow Jones Industrial Average (DJIA), the DAX performance index (DAX), the Nikkei 225 (NI225), and the Shanghai Stock Exchange composite Index (SSE). || CNN overfits the training data and poorly forecasts the long-term stock prices of global indices on the testing data. || This research demonstrates the potential of deep learning models for long-term stock price forecasting, offering valuable insights for investors.",,,Unclear,Yes,Yes,Unclear,Unclear,Unclear,Unclear,Unclear,Unclear,Unclear,Unclear,Yes,Unclear,Unclear,Unclear,Yes,Yes,Yes,,technical analysis,fundamental analysis,,,,,,,,,bi-lstm; gru; long short-term memory; lstm; recurrent neural; rnn,,,,out-of-sample,nifty,global indices
doi:10.1108/jm2-08-2025-0415,AI driven sentiment analysis in financial markets: using transformer base models and social media signals for stock market predictions,Khalil R.,2026,Journal of Modelling in Management,10.1108/jm2-08-2025-0415,"Purpose – This study aims to explore the predictive role of artificial intelligence (AI)-driven sentiment analysis in financial markets by developing a hybrid long short-term memory–Random Forest framework. It investigates whether the integration of generative sentiment signals with historical market data can enhance the accuracy and robustness of stock price forecasting and financial predictions across various industry sectors. Design/methodology/approach – This research uses a multisource data set from 2019 to 2024, including stock price data from Yahoo Finance, macroeconomic indicators from Federal Reserve Economic Data and textual sentiment from Reddit, Twitter, Bloomberg and Reuters. Transformer-based natural language processing models, such as FinBERT, are used to quantify sentiment, which is then used as a predictive feature in machine learning models. Granger causality analysis and accuracy metrics are applied to evaluate sectoral variations in sentiment impact. Findings – Empirical analysis reveals that social media sentiment Granger causes short-term stock movements in technology and finance sectors, with the hybrid model achieving 68.5% directional accuracy and a 22% reduction in prediction error compared to ARIMA models benchmarks. In contrast, sectors like healthcare and energy show minimal sensitivity to sentiment, underscoring the need for domain-specific strategies. This study also identifies ethical concerns related to sentiment manipulation, transparency and AI governance in financial contexts. Originality/value – This research introduces a reproducible, cross-sectoral forecasting framework that bridges AI, sentiment analysis and finance. The proposed architecture offers practical forecasting enhancements and contributes to ethical discourse on AI use in high-stakes financial environments, with implications for regulators, analysts and portfolio managers. © 2026 Emerald Publishing Limited",Artificial intelligence (AI); Ethical AI; Financial markets; Granger causality; Hybrid LSTM–Random Forest; Sectoral dynamics; Sentiment analysis,Article,Yes,Yes,No,SC01; SC02; SD01; SD02; SD05,M-1656,Primary/Other,Yes,Price; Direction/Movement,Yes,Yes,Yes,Yes,,Yes,4,24,A_Direct_Methodological_Priority,Detailed extraction for gap and methodology design,High,Sentiment; FinBERT_BERT_RoBERTa; Multimodal; Transformer_Attention,stock market; stock price,price forecasting; stock movements; stock price,artificial intelligence; finbert; hybrid model; lstm; machine learning; random forest; transformer,accuracy; benchmarks; data set; evaluate,"It investigates whether the integration of generative sentiment signals with historical market data can enhance the accuracy and robustness of stock price forecasting and financial predictions across various industry sectors. || Design/methodology/approach – This research uses a multisource data set from 2019 to 2024, including stock price data from Yahoo Finance, macroeconomic indicators from Federal Reserve Economic Data and textual sentiment from Reddit, Twitter, Bloomberg and Reuters.",sentiment analysis,,Yes,Unclear,Unclear,Unclear,Yes,Yes,Yes,Unclear,Yes,Unclear,Yes,Yes,Unclear,Unclear,Unclear,Unclear,Unclear,Unclear,market data,,,,reddit; social media; twitter,sentiment,finbert,,multisource,,transformer,long short-term memory; lstm,,,,,,
doi:10.1016/j.jcae.2026.100590,Can linguistic vagueness in annual reports forecast stock price crash risk?,Yang Y.; Li J.; Li H.,2026,Journal of Contemporary Accounting and Economics,10.1016/j.jcae.2026.100590,"Clear annual reports are essential for stakeholders' informed decision-making, yet firms often obscure critical information through vague language. This study examines whether linguistic vagueness serves as a leading indicator of concealed bad news and stock price crash risk in China. We first construct a theoretically grounded vagueness index and then demonstrate a robust positive association between linguistic vagueness and future stock price crash risk. This finding is corroborated by robustness checks using both a BERT-based vagueness metric and an inverse measure of linguistic specificity. Mechanism analysis reveals that linguistic vagueness drives crash risk by intensifying information asymmetry and accumulating negative earnings surprises. Further analyses indicate that this relationship is stronger for non-state-owned enterprises and in periods of high market sentiment. These findings provide implications for investors and regulators by highlighting the informational value of linguistic vagueness in corporate disclosures. © 2026 Elsevier Ltd",Information manipulation; Large language model; Linguistic vagueness; Stock price crash risk,Article,Yes,No,No,SC03,M-1075,Primary/Other,Yes,Price,Yes,Unclear,Yes,Yes,,Yes,5,24,A_Direct_Methodological_Priority,Detailed extraction for gap and methodology design,High,Fundamental_Data; Financial_News; Sentiment; FinBERT_BERT_RoBERTa; LLM_FinGPT,stock price,stock price,bert; large language model,,Can linguistic vagueness in annual reports forecast stock price crash risk? || This study examines whether linguistic vagueness serves as a leading indicator of concealed bad news and stock price crash risk in China. || We first construct a theoretically grounded vagueness index and then demonstrate a robust positive association between linguistic vagueness and future stock price crash risk.,market sentiment,,Unclear,Unclear,Yes,Yes,Unclear,Yes,Yes,Yes,Unclear,Unclear,Unclear,Unclear,Unclear,Unclear,Unclear,Unclear,Unclear,Unclear,,,earnings,corporate disclosures,,sentiment,bert,large language model,,,,,,,,,,
doi:10.3390/math14152736,Comparative Evaluation of Deep Learning Architectures for Next-Day Stock Price Forecasting Using Technical Indicators,Aravanis T.; Kanavos A.,2026,Mathematics,10.3390/math14152736,"Accurate next-day stock price forecasting remains challenging because daily price changes have a low signal-to-noise ratio and can be strongly affected by short-lived news shocks, order-flow imbalances, and abrupt changes in volatility or market sentiment. This study presents a controlled empirical comparison of deep learning architectures for next-day stock price forecasting using technical indicators. Using a decade-long daily dataset covering four large-cap NASDAQ equities (AAPL, META, SBUX, and TSLA), multivariate input sequences are constructed by combining historical prices with five widely used technical indicators: exponential moving average (EMA), relative strength index (RSI), moving average convergence divergence (MACD), on-balance volume (OBV), and average true range (ATR). Four deep sequence architectures—long short-term memory (LSTM), bidirectional LSTM (BiLSTM), gated recurrent unit (GRU), and convolutional LSTM (ConvLSTM)—are evaluated across multiple lookback windows (5, 15, and 30 trading days) and chronological train/validation/test splits (60–20–20, 70–15–15, and 80–10–10). Hyperparameters are optimized through random search, and forecasting performance is assessed on held-out test sets using normalized-scale root mean squared error (RMSE) and out-of-sample (Formula presented.). Within the examined fixed chronological partitions, ConvLSTM records the lowest observed RMSE for all four equities, attaining values between 0.0256 and 0.0394 and out-of-sample (Formula presented.) values above 0.90. Because the evaluation does not include walk-forward validation or formal statistical significance testing, these results should be interpreted as descriptive evidence within the present experimental setting rather than as proof of general architectural superiority. To assess practical utility, forecasts are translated into a transparent long-only trading rule that enters the market when the predicted next-day closing price exceeds the current closing price. Out-of-sample backtesting shows that the frictionless forecast-driven strategy achieves higher terminal cumulative returns than Buy-and-Hold for AAPL, SBUX, and TSLA, while Buy-and-Hold remains superior for META. Approximate five-day-frequency risk-adjusted estimates generally reinforce these relative patterns: the ConvLSTM strategy improves the Sharpe, Sortino, and Calmar ratios for AAPL, SBUX, and TSLA, although TSLA remains exposed to substantial drawdown risk. Transaction-cost sensitivity analysis further indicates that the terminal-return gains weaken under trading frictions and are particularly sensitive for AAPL. The findings demonstrate the value of evaluating forecasting architectures through both statistical and financial criteria, while emphasizing that lower point-forecast error does not necessarily translate into superior economic or risk-adjusted performance. © 2026 by the authors.",convolutional LSTM; deep learning; financial time series; stock price forecasting; technical indicators; trading strategy evaluation,Article,Yes,No,No,SC01; SC02; SC05; SC06,M-2499,Primary/Other,Yes,Price,Yes,Yes,Yes,Yes,,Yes,4,24,A_Direct_Methodological_Priority,Detailed extraction for gap and methodology design,High,Technical_Indicators; Sentiment; Optimization; Temporal_Validation,nasdaq; stock price,closing price; price forecasting; stock price,convolutional; deep learning; gru; lstm,backtesting; comparative; comparison; dataset; evaluated; evaluation; experimental; rmse; testing,"Comparative Evaluation of Deep Learning Architectures for Next-Day Stock Price Forecasting Using Technical Indicators || Accurate next-day stock price forecasting remains challenging because daily price changes have a low signal-to-noise ratio and can be strongly affected by short-lived news shocks, order-flow imbalances, and abrupt changes in volatility or market sentiment. || This study presents a controlled empirical comparison of deep learning architectures for next-day stock price forecasting using technical indicators.",trading strategy; market sentiment,,Yes,Yes,Unclear,Unclear,Unclear,Yes,Unclear,Unclear,Unclear,Unclear,Unclear,Yes,Yes,Unclear,Unclear,Yes,Unclear,Unclear,closing price; historical prices; time series; volume,atr; average true range; ema; macd; moving average; relative strength index; rsi; technical indicators,,,,sentiment,,,,,,bilstm; gru; long short-term memory; lstm,optimized; random search,,,forward validation; out-of-sample; walk-forward,,
doi:10.1109/access.2026.3662742,DBC-LSTM-ARIMA as a Dynamic Bi-Directional Coupling and Jointly-Optimized Hybrid Approach for Stock Price Prediction,Liu G.,2026,IEEE Access,10.1109/access.2026.3662742,"Accurate stock price prediction is urgently needed for economic and algorithmic investment, yet prices are highly non-linear, non-stationary, and regime-switching, which makes reliable forecasting very challenging. To address this issue, we propose Dynamic Bi-directionally Coupled Long Short-Term Memory–AutoRegressive Integrated Moving Average (DBC-LSTM-ARIMA), a hybrid model that couples an AutoRegressive Integrated Moving Average (ARIMA) backbone with a Long Short-Term Memory (LSTM) network under a non-anchored Walk-Forward Optimization (WFO) protocol. In each sliding window, ARIMA first models short-run linear dynamics and produces one-step forecasts and residuals. These residuals, together with price history and market covariates, are fed forward into the LSTM, while the LSTM’s one-step prediction errors are injected back into ARIMA as an exogenous correction, forming a bi-directional feedback loop. Both components are trained with a unified window-level loss and alternating updates, and their outputs are combined through an adaptive convex fusion weight determined from recent errors. Extensive experiments on three Chinese A-share stocks (BYD, China Unicom, Ping An Bank), three overseas blue-chip stocks (BP p.l.c., Apple Inc., Citigroup Inc.), and six additional A-share stocks from diverse industries show that DBC-LSTM-ARIMA consistently outperforms seven state-of-the-art baselines in terms of Mean Absolute Error (MAE), Root Mean Squared Error (RMSE), Mean Absolute Percentage Error (MAPE), and coefficient of determination (R2), while maintaining moderate computational cost suitable for rolling deployment. © 2013 IEEE.",ARIMA-LSTM hybrid; bi-directional coupling; joint optimization; Stock price prediction; walk-forward evaluation; Autoregressive moving average model; Costs; Electronic trading; Errors; Financial markets; Forecasting; Investments; Mean square error; Auto-regressive; Autoregressive integrated moving average-long shortterm memory hybrid; Bidirectional coupling; Hybrid approach; Joint optimization; Moving averages; Short term memory; Stock price prediction; Walk forward; Walk-forward evaluation; Long short-term memory,Article,Yes,No,No,SC01,M-1725,Primary/Other,Yes,Price,Yes,Yes,Yes,No,,Yes,4,24,A_Direct_Methodological_Priority,Detailed extraction for gap and methodology design,High,Technical_Indicators; Fusion; Optimization; Temporal_Validation,a-share; stock price,price prediction; stock price,hybrid model; lstm,evaluation; experiments; mae; mape; outperforms; r2; rmse,"DBC-LSTM-ARIMA as a Dynamic Bi-Directional Coupling and Jointly-Optimized Hybrid Approach for Stock Price Prediction || Accurate stock price prediction is urgently needed for economic and algorithmic investment, yet prices are highly non-linear, non-stationary, and regime-switching, which makes reliable forecasting very challenging.",,,Yes,Yes,Unclear,Unclear,Unclear,Unclear,Unclear,Unclear,Unclear,Yes,Unclear,Yes,Yes,Unclear,Unclear,Yes,Unclear,Unclear,price history,moving average; moving averages,,,,,,,,fusion,,long short-term memory; lstm,optimized,,,walk forward; walk-forward,,
doi:10.1016/j.mlwa.2026.100883,Dual stream deep learning for fake news-aware stock prediction: Integrating technical indicators and sentiment analysis,Arafa A.; Fathi A.; El-Rashidy M.A.; El-Fishawy N.,2026,Machine Learning with Applications,10.1016/j.mlwa.2026.100883,"Stock prediction remains challenging for investors to achieve substantial returns. Although artificial intelligence models have emerged, they often focus on historical price data, while fewer studies jointly integrate technical indicators and sentiment analysis. Furthermore, many of the modern sentiment analysis techniques overlook the detection of fake news, making predictions unreliable. To address these limitations, this study proposes a fake news-aware dual-stream predictive framework that integrates daily return features, technical indicators, and sentiment analysis via feature-level concatenation. The methodology follows a dual-parallel architecture; the model filters stock-related tweets using a BERT-based fake news detection module, followed by a RoBERTa model, a one-directional convolutional neural network (1D-CNN), and a Bi-directional Long-Short-Term Memory (Bi-LSTM) to extract daily sentiment features. Simultaneously, the model processes historical stock prices and technical indicators. Finally, a fully connected neural network processes unified features to predict stock prices. Evaluated on 88 stocks, the model achieved a mean accuracy of approximately 81 %. For Apple Inc. (AAPL), which represents the best-performing single-stock case, the mean accuracy reached 93.44 %. Overall, the model demonstrated improved performance on benchmark datasets, particularly for stocks with high social media activity, achieving higher average Accuracy, F1-score, AUC, and MCC compared to recent models under the same evaluation setting. © 2026 The Authors.",BERT based models; CNN-Bi-LSTM; Fake news detection; Sentiment analysis; Stock prediction; Technical indicators; Benchmarking; Costs; Electronic trading; Financial markets; Forecasting; Intelligent systems; Investments; Memory architecture; Neural networks; Parallel architectures; BERT based model; Bi-directional; CNN-bi-directional long-short-term memory; Fake news detection; Intelligence models; Sentiment analysis; Short term memory; Stock predictions; Stock price; Technical indicator; Sentiment analysis,Article,Yes,Yes,No,SC01; SC02; SD01; SD02; SD03; SD05,M-1199,Primary/Other,Yes,Price,Yes,Yes,Yes,Yes,,Yes,4,24,A_Direct_Methodological_Priority,Detailed extraction for gap and methodology design,High,Technical_Indicators; Sentiment; FinBERT_BERT_RoBERTa; Fusion,stock prediction; stock price; stock prices,stock price; stock prices,artificial intelligence; bert; cnn; convolutional; deep learning; lstm; neural network; neural networks; roberta,accuracy; auc; benchmark; datasets; evaluated; evaluation; f1,"Dual stream deep learning for fake news-aware stock prediction: Integrating technical indicators and sentiment analysis || Stock prediction remains challenging for investors to achieve substantial returns. || Simultaneously, the model processes historical stock prices and technical indicators. || Finally, a fully connected neural network processes unified features to predict stock prices.",sentiment analysis,,Yes,Yes,Unclear,Unclear,Yes,Yes,Yes,Unclear,Unclear,Yes,Unclear,Yes,Unclear,Unclear,Unclear,Unclear,Unclear,Unclear,historical price,technical indicator; technical indicators,,,social media; tweets,sentiment,bert; roberta,,,feature-level,,bi-lstm; lstm,,,,,,
doi:10.54364/aaiml.2026.61278,Forecasting Saudi Weekly Equity Returns Using Bilingual News Sentiment and Machine Learning,Almeman K.,2026,Advances in Artificial Intelligence and Machine Learning,10.54364/aaiml.2026.61278,"This study shows the current potential of bilingual sentiment analysis as a predictive tool for forecasting Saudi equity returns over a one-week horizon. Dataset is a combination of daily observations for 279 publicly listed companies and sentiment indicators based on nearly 19,300 financial news articles. The sentiment indicators were assessed using advanced NLP models, namely FinBERT for English and AraBERT for Arabic, and subsequently aggregated daily per firm. To forecast the five-day relative returns, three of the most sophisticated learning models, i.e., LSTM, GRU, and 1D-CNN, were trained and evaluated in a walk-forward validation framework. The enhanced ensemble model reduced the RMSE to 0.0328 and the MAE to 0.0224, compared with the baseline model’s RMSE of 0.0342 and MAE of 0.0238. This represents a 25% to 30% reduction in predictive error, in addition to an improvement in directional predictive accuracy from 0.55 to 0.78. © 2026 Khalid Almeman.",Machine learning; Natural language processing; Price data; Sentiment analysis; Stock markets,Article,Yes,No,No,SC01; SC06,M-2665,Primary/Other,Yes,Return,Yes,Yes,Yes,Yes,,Yes,4,24,A_Direct_Methodological_Priority,Detailed extraction for gap and methodology design,High,Financial_News; Sentiment; FinBERT_BERT_RoBERTa; Temporal_Validation,equity returns; stock markets,equity returns,cnn; finbert; gru; lstm; machine learning,accuracy; dataset; evaluated; mae; rmse,Forecasting Saudi Weekly Equity Returns Using Bilingual News Sentiment and Machine Learning || This study shows the current potential of bilingual sentiment analysis as a predictive tool for forecasting Saudi equity returns over a one-week horizon.,sentiment analysis,,Unclear,Unclear,Unclear,Yes,Unclear,Yes,Yes,Unclear,Unclear,Unclear,Unclear,Yes,Unclear,Unclear,Unclear,Yes,Unclear,Unclear,,,,financial news; news articles,,sentiment,finbert,,,,,gru; lstm,,,,forward validation; walk-forward,,
doi:10.1007/s10614-026-11346-3,Hybrid Prediction Framework Using Novel Stability-enhanced Dynamic Thresholding Feature Selection and Artificial Intelligence Methods for Financial Market Trend Prediction,Mutinda J.K.; Yong L.,2026,Computational Economics,10.1007/s10614-026-11346-3,"Financial markets are characterised by volatility, non-stationarity, and high-dimensional data, making accurate daily price direction prediction challenging. The abundance of technical indicators derived from historical price and volume series often introduces redundancy and noise, which degrades model performance and generalisability. Effective feature selection is therefore essential to isolate informative features and improve forecasting precision. This study developed a hybrid framework for daily price direction prediction in global equity indices. The framework incorporated feature expansion through rolling-window technical indicators, novel feature selection via Stability-Enhanced Dynamic Thresholding (SEDT), and multi-model prediction. SEDT aggregated stable importance scores over iterations using a linear Support Vector Classifier and applied a dynamic percentile thresholding to select adaptive, noise-reduced subsets. The methodology was applied to six major market indices: Financial Times Stock Exchange 100 (FTSE), Shanghai Stock Exchange (SSE), Standard and Poor 500 (S&P 500), Deutscher Aktienindex (DAX), New York Stock Exchange (NYSE), and Hang Seng Index (HSI). Eight classifiers were evaluated: Logistic Regression (LR), Random Forest (RF), Support Vector Machine (SVM), Extreme Gradient Boosting (XGB), Artificial Neural Network (ANN), Long Short-Term Memory (LSTM), Gated Recurrent Unit (GRU), and Convolutional Neural Network (CNN), with hyperparameter optimisation via grid search. Time-series cross-validation and hold-out splits (70/30, 80/20, 90/10) were used, assessing accuracy and F1-score against baselines: Plain (no selection), Least Absolute Shrinkage and Selection Operator (LASSO), Boruta, and Recursive Feature Elimination with Cross-Validation (RFECV). Results showed SEDT consistently outperformed baselines across all indices and models, with (XGB) achieving the highest metrics when using SEDT filtered features. Wilcoxon signed-rank tests confirmed statistically significant improvements in most cases. SHAP analysis revealed market-specific feature importance, dominated by momentum and oscillator indicators. Trading simulations on the 90/10 split using long-short strategies from (XGB) signals demonstrated SEDT’s economic value through superior total returns, lower volatility, shallower maximum drawdowns, and higher Sharpe ratios. These findings have implications for finance by providing a reliable feature selection approach that enhances predictive models and supports profitable trading strategies. The framework offers traders and investors a tool for better-informed decisions in volatile equity markets, contributing to improved risk management and maximum return generation. © The Author(s), under exclusive licence to Springer Science+Business Media, LLC, part of Springer Nature 2026.",Feature selection; Financial forecasting; Machine learning; SEDT; Stock price prediction; Technical indicators; Trading simulation,Article,Yes,No,No,SC01; SC04; SC05; SC06,M-0213,Primary/Other,Yes,Price; Direction/Movement; Trend,Yes,Yes,Yes,Yes,,Yes,4,24,A_Direct_Methodological_Priority,Detailed extraction for gap and methodology design,High,Technical_Indicators; Optimization; XAI; Temporal_Validation,equity indices; equity markets; ftse; hang seng; market indices; s&p 500; shanghai stock; stock price,direction prediction; market trend; price direction; price prediction; stock price; trend prediction,artificial intelligence; artificial neural network; cnn; convolutional; gradient boosting; gru; lstm; machine learning; neural network; random forest; support vector; svm,accuracy; evaluated; f1; precision,This study developed a hybrid framework for daily price direction prediction in global equity indices.,trading strategies,,Yes,Yes,Unclear,Unclear,Unclear,Unclear,Unclear,Unclear,Unclear,Unclear,Unclear,Yes,Yes,Unclear,Yes,Yes,Unclear,Unclear,historical price; volume,technical indicators,,,,,,,,,,gru; long short-term memory; lstm,grid search; hyperparameter optimisation,,feature importance; shap,rolling-window; time-series cross-validation,,
doi:10.1109/icciaa68481.2026.11544016,LLM-Based Stock Price and Volatility Prediction: A Multi-Modal Deep Learning Framework Integrating Financial News Sentiment and Technical Indicators,Nghia Luong Van and V. Hoang and Nghia Dinh and H. N. Quoc and Kiet Tran-Trung and Tuan Truong Cong,2026,2026 2nd International Conference on Computational Intelligence Approaches and Applications (ICCIAA),10.1109/icciaa68481.2026.11544016,,,Misc,No,No,Yes,EL03,M-1760,Primary/Other,Yes,Price,Yes,Unclear,Yes,Yes,,Yes,5,24,A_Direct_Methodological_Priority,Detailed extraction for gap and methodology design,High,Technical_Indicators; Financial_News; Sentiment; LLM_FinGPT; Multimodal,stock price,stock price,deep learning; llm,,LLM-Based Stock Price and Volatility Prediction: A Multi-Modal Deep Learning Framework Integrating Financial News Sentiment and Technical Indicators,volatility prediction,,Unclear,Yes,Unclear,Yes,Unclear,Yes,Unclear,Yes,Yes,Unclear,Unclear,Unclear,Unclear,Unclear,Unclear,Unclear,Unclear,Unclear,,technical indicators,,financial news,,sentiment,,llm,multi-modal,,,,,,,,,
doi:10.1002/ijfe.70129,Reading Between the Reels: An AI-Driven Approach to Analysing Movie Review Sentiment and Market Returns,Tian H.; Xie W.T.; Zhang Y.,2026,International Journal of Finance and Economics,10.1002/ijfe.70129,"This study examines the relationship between market sentiment derived from movie reviews and stock returns. Using GPT-4o large language model (LLM), we construct daily sentiment measures from approximately 247,850 movie reviews. Empirical results indicate a robust negative relationship between movie sentiment and excess market returns, suggesting that well-received theatrical films distract investor attention from fundamental market information, leading to reduced market participation and lower returns. The robustness of this finding is confirmed through a comprehensive set of validation tests, including out-of-sample forecasting, multiple testing corrections, and validation against human-annotated sentiment scores. Time-series regressions indicate that the negative relationship between movie sentiment and daily market excess returns persists for approximately 2 or 3 days, but does not hold over longer horizons, and no reversal in returns occurs thereafter. Heterogeneity analyses reveal that this effect is more pronounced during bear markets and the COVID-19 pandemic period, highlighting investor behaviour driven by cognitive fatigue and emotional diversion during stressful market conditions. However, during financial crises, investor attention remains largely focused on critical macroeconomic events, reducing sensitivity to non-financial sentiment signals. Further analyses confirm that elevated movie sentiment negatively affects trading volume and positively influences market volatility, consistent with the attention distraction hypothesis. Our findings remain robust across alternative deep learning architectures including BERT, LSTM, CNN, Bi-LSTM and TIIF. Overall, the findings highlight the importance of investor attention to multimedia visual stimuli and psychological mechanisms in shaping financial market outcomes. © 2026 John Wiley & Sons Ltd.",behavioural finance; GPT-4o large language model; market sentiment; movie reviews; stock market returns; artificial intelligence; COVID-19; error correction; financial market; forecasting method; heterogeneity; hypothesis testing; investment; market conditions; measurement method; model validation; pandemic; stock market,Article,Yes,No,No,SC01; SC06,M-0048,Primary/Other,Yes,Return,Yes,Yes,Yes,Yes,,Yes,4,24,A_Direct_Methodological_Priority,Detailed extraction for gap and methodology design,High,Sentiment; FinBERT_BERT_RoBERTa; LLM_FinGPT; Temporal_Validation,stock market; stock returns,market returns; stock returns,artificial intelligence; attention; bert; cnn; deep learning; large language model; llm; lstm,testing,This study examines the relationship between market sentiment derived from movie reviews and stock returns.,market sentiment,,Yes,Unclear,Unclear,Unclear,Unclear,Yes,Yes,Yes,Unclear,Unclear,Unclear,Yes,Unclear,Unclear,Unclear,Yes,Unclear,Unclear,trading volume; volume,,,,,sentiment; sentiment scores,bert,large language model; llm,,,,bi-lstm; lstm,,,,out-of-sample,,
doi:10.1109/tcss.2026.3691026,Secure Multibranch Deep Learning Framework for Effective Stock Sentiment Analysis,Shakeel M.R.; Alam S.; Ahmad M.; Khaja I.A.,2026,IEEE Transactions on Computational Social Systems,10.1109/tcss.2026.3691026,"The efficient market hypothesis (EMH) posits that stock prices reflect all available information, including financial news. Still, existing stock sentiment analysis models overlook three fundamental drivers of market reaction, namely, the significance, intensity, and duration of news. This study introduces a multibranch deep learning framework that explicitly incorporates these dimensions to generate market-aligned sentiment predictions. Central to the framework is a manual sentiment voting (MSV) mechanism that derives sentiment labels from stock return series, thereby quantitatively capturing directional, magnitude-based, and persistence-adjusted market responses to news events. Numerical and textual information are modeled through dedicated pipelines that integrate technical indicators, Hurst exponent analysis, and discrete wavelet transform for numerical data, and FinBERT embeddings for financial text, followed by 1-D-convolutional neural network (CNN) and long short-term memory (LSTM)-based feature extraction. Robustness and privacy are ensured through local differential privacy, character anonymization, and adversarial training. Experiments on two extensive real-world data show that the framework achieves 98.07% accuracy, while an extensive ablation study confirms the critical contribution of each component to overall performance. © 2014 IEEE.",Adversarial learning; convolutional neural network (CNN); financial news; FinBERT; long short-term memory (LSTM); Stock sentiment; Commerce; Convolution; Convolutional neural networks; Data mining; Discrete wavelet transforms; Electronic trading; Financial markets; Investments; Long short-term memory; Adversarial learning; Convolutional neural network; Financial news; FinBERT; Learning frameworks; Long short-term memory; Multibranch; Short term memory; Stock sentiment; Sentiment analysis,Article,Yes,No,No,SC01; SC02,M-1806,Primary/Other,Yes,Price; Return,Yes,Yes,Yes,Yes,,Yes,4,24,A_Direct_Methodological_Priority,Detailed extraction for gap and methodology design,High,Technical_Indicators; Financial_News; Sentiment; FinBERT_BERT_RoBERTa,stock prices; stock return,stock prices; stock return,cnn; convolutional; deep learning; finbert; lstm; neural network; neural networks,accuracy; experiments; training,"The efficient market hypothesis (EMH) posits that stock prices reflect all available information, including financial news. || Central to the framework is a manual sentiment voting (MSV) mechanism that derives sentiment labels from stock return series, thereby quantitatively capturing directional, magnitude-based, and persistence-adjusted market responses to news events.",sentiment analysis,,Unclear,Yes,Unclear,Yes,Unclear,Yes,Yes,Unclear,Unclear,Unclear,Unclear,Yes,Unclear,Unclear,Unclear,Unclear,Unclear,Unclear,,technical indicators,,financial news,,sentiment,finbert,,,,,long short-term memory; lstm,,,,,,
doi:10.3390/sym18071198,Symmetry-Aware Stock Prediction Based on Optimized Multi-Module Collaborative Features with LSTM-CBAM-Time2Vec-KAN,Wu H.; Hong X.,2026,Symmetry,10.3390/sym18071198,"This study proposes a hybrid deep learning model named LSTM-CBAM-Time2Vec-KAN based on symmetry awareness and optimized multi-module collaborative features, aiming to improve the accuracy and stability of stock price prediction. To address common shortcomings in traditional forecasting models such as insufficient feature extraction, difficulties in parameter optimization, and inadequate utilization of temporal characteristics, the research innovatively exploits the symmetry inherent in financial time series, particularly their temporal periodicity and cross-dimensional feature consistency, to construct an intelligent prediction framework that integrates multiple modules. First, wavelet transform is applied to perform multi-scale decomposition and signal reconstruction on the raw stock price sequence, effectively extracting high signal-to-noise ratio features. Second, the Northern Goshawk Optimization (NGO) algorithm is employed to jointly optimize key hyperparameters of the model, including the LSTM hidden layer dimension and CBAM compression ratio, thereby resolving the challenge of parameter coupling across modules. Third, the CBAM attention mechanism enhances the importance of temporal features extracted by LSTM through a dual mechanism of channel and spatial attention, enabling the model to focus on critical price movement points. Meanwhile, Time2Vec encoding transforms temporal information into embedding representations with periodic properties, effectively capturing cyclical patterns at daily, weekly, and monthly trading intervals. Finally, the Kolmogorov–Arnold network (KAN) fuses multimodal features and produces precise predictive outputs. Experimental results show that the proposed model significantly outperforms all baseline models in four evaluation metrics, namely mean absolute error (MAE), root mean square error (RMSE), mean absolute percentage error (MAPE), and coefficient of determination (R2), which verifies its superior prediction accuracy and robustness. Furthermore, analyses of stock price forecasting under different time spans and simulated trading performance under various trading strategies further demonstrate that this study provides a feasible and effective technical solution for financial time-series forecasting, with important theoretical research value and practical application value. © 2026 by the authors.",attention mechanism; multi-module fusion; Northern Goshawk Optimization; stock price prediction; time-series analysis,Article,Yes,No,No,SC01,M-2516,Primary/Other,Yes,Price; Direction/Movement,Yes,Yes,Yes,Yes,,Yes,4,24,A_Direct_Methodological_Priority,Detailed extraction for gap and methodology design,High,Multimodal; Fusion; Transformer_Attention; Optimization,stock prediction; stock price,price forecasting; price movement; price prediction; stock price,attention; deep learning; lstm,accuracy; evaluation; experimental; mae; mape; outperforms; r2; results show; rmse,"Symmetry-Aware Stock Prediction Based on Optimized Multi-Module Collaborative Features with LSTM-CBAM-Time2Vec-KAN || This study proposes a hybrid deep learning model named LSTM-CBAM-Time2Vec-KAN based on symmetry awareness and optimized multi-module collaborative features, aiming to improve the accuracy and stability of stock price prediction. || First, wavelet transform is applied to perform multi-scale decomposition and signal reconstruction on the raw stock price sequence, effectively extracting high signal-to-noise ratio features. || Furthermore, analyses of stock price forecasting under different time spans and simulated trading performance under various trading strategies further demonstrate that this study provides a feasible and effective technical solution for financial time-series forecasting, with important theoretical research value and practical application value. © 2026 by the authors.",trading strategies,,Yes,Unclear,Unclear,Unclear,Unclear,Unclear,Unclear,Unclear,Yes,Yes,Yes,Yes,Yes,Unclear,Unclear,Unclear,Unclear,Unclear,time series,,,,,,,,multimodal,fusion,attention mechanism,lstm,optimized,,,,,
doi:10.1016/j.bdr.2025.100535,A multimodal deep learning framework for constructing a market sentiment index from stock news,Liu Y.; Huang Y.,2025,Big Data Research,10.1016/j.bdr.2025.100535,"Unimodal sentiment analysis often fails to capture the complexity of financial sentiment. This paper proposes a multimodal deep learning framework that integrates text, audio, and image data from CCTV news videos on TikTok to construct a multimodal sentiment indicator for the Chinese stock market. Empirical results show that multimodal fusion enhances sentiment analysis, with text outperforming audio and image modalities. The indicator correlates weakly with stock returns but significantly with market volatility, aligns with seasonal sentiment patterns, and reflects significant events like COVID-19. Additionally, weekly sentiment trends indicate the lowest sentiment on Thursdays and the highest on Fridays. This study advances financial sentiment analysis by demonstrating the efficacy of multimodal indicators in capturing market sentiment and informing volatility forecasts. © 2025 Elsevier Inc.",Computer vision; Financial news sentiment classification; Indicator Construction; Investor Sentiment; Multimodal fusion; Natural language processing; Sentiment analysis; Stock market; Deep learning; Financial markets; Image compression; Marketplaces; Financial news; Financial news sentiment classification; Indicator construction; Investor's sentiments; Language processing; Multi-modal fusion; Natural language processing; Natural languages; Sentiment analysis; Sentiment classification; Emotion Recognition,Article,Yes,No,No,SC01,M-0523,Primary/Other,Yes,Return,Yes,Yes,Yes,Yes,,Yes,4,24,A_Direct_Methodological_Priority,Detailed extraction for gap and methodology design,High,Financial_News; Sentiment; Multimodal; Fusion,stock market; stock returns,stock returns,deep learning,results show,"The indicator correlates weakly with stock returns but significantly with market volatility, aligns with seasonal sentiment patterns, and reflects significant events like COVID-19.",investor sentiment; market sentiment; sentiment analysis; sentiment classification,,Unclear,Unclear,Unclear,Yes,Unclear,Yes,Unclear,Unclear,Yes,Yes,Unclear,Unclear,Unclear,Unclear,Unclear,Unclear,Unclear,Unclear,,,,financial news,,sentiment,,,multi-modal; multimodal,fusion,,,,,,,,
doi:10.3390/appliedmath5040176,A Novel Hybrid Temporal Fusion Transformer Graph Neural Network Model for Stock Market Prediction,Lynch S.T.; Derakhshan P.; Lynch S.,2025,AppliedMath,10.3390/appliedmath5040176,"Forecasting stock prices remains a central challenge in financial modelling, as markets are influenced by market sentiment, firm-level fundamentals and complex interactions between macroeconomic and microeconomic factors, for example. This study evaluates the predictive performance of both classical statistical models and advanced attention-based deep learning architectures for daily stock price forecasting. Using a dataset of major U.S. equities and Exchange Traded Funds (ETFs) covering 2012–2024, we compare traditional statistical approaches, Seasonal Autoregressive Integrated Moving Average (SARIMA) and Exponential Smoothing (ES) in the Error, Trend, Seasonal (ETS) framework, with deep learning architectures such as the Temporal Fusion Transformer (TFT), and a novel hybrid model, the TFT-Graph Neural Network (TFT-GNN), which incorporates relational information between assets. All models are assessed under consistent experimental conditions in terms of forecast accuracy, computational efficiency, and interpretability. Our results indicate that while statistical models offer strong baselines with high stability and low computational cost, the TFT outperforms them in capturing short-term nonlinear dependencies. The hybrid TFT-GNN achieves the highest overall predictive accuracy, demonstrating that relational signals derived from inter-asset connections provide meaningful enhancements beyond traditional temporal and technical indicators. These findings highlight the advantages of integrating relational learning into temporal forecasting frameworks and emphasise the continued relevance of statistical models as interpretable and efficient benchmarks for evaluating deep learning approaches in high-frequency financial prediction. © 2025 by the authors.",attention mechanisms; Exchange Traded Fund (ETF); Exponential Smoothing (ES); financial modelling; Graph Neural Network (GNN); hybrid deep learning; Seasonal Autoregressive Integrated Moving Average (SARIMA); statistical model; stock price forecasting; Temporal Fusion Transformer (TFT); time series prediction,Article,Yes,No,No,SC01; SC02; SC05,M-2349,Primary/Other,Yes,Price,Yes,Yes,Yes,Yes,,Yes,5,24,A_Direct_Methodological_Priority,Detailed extraction for gap and methodology design,High,Technical_Indicators; Sentiment; Fusion; Transformer_Attention; XAI,stock market; stock price; stock prices,price forecasting; stock price; stock prices,attention; deep learning; gnn; graph neural; hybrid model; neural network; transformer,accuracy; benchmarks; dataset; experimental; outperforms,"A Novel Hybrid Temporal Fusion Transformer Graph Neural Network Model for Stock Market Prediction || Forecasting stock prices remains a central challenge in financial modelling, as markets are influenced by market sentiment, firm-level fundamentals and complex interactions between macroeconomic and microeconomic factors, for example. || This study evaluates the predictive performance of both classical statistical models and advanced attention-based deep learning architectures for daily stock price forecasting.",market sentiment,,Yes,Yes,Unclear,Unclear,Unclear,Yes,Unclear,Unclear,Unclear,Yes,Yes,Unclear,Unclear,Unclear,Yes,Unclear,Unclear,Unclear,time series,moving average; technical indicators,,,,sentiment,,,,fusion,temporal fusion transformer; transformer,,,,interpretability; interpretable,,,
title:bimodal stock price prediction based on holt winters exponential smoothing and pca whitening transformation,Bimodal Stock Price Prediction Based on Holt-Winters Exponential Smoothing and PCA Whitening Transformation,Zhu C.; Lu P.; Feng W.; Wang Y.,2025,IAENG International Journal of Computer Science,,"Aiming at the nonlinear and high frequency characteristics of stock data, a hybrid stock price prediction model is proposed, which combines the Holt-Winters triple exponential smoothing method, PCA whitening transformation, PatchTST and BERT, called HW-PCAW-PB. The PCA whitening transformation is performed on the feature vector of investor stock reviews constructed by the BERT model, and the stock price features are processed using the Holt-Winters triple exponential smoothing algorithm and the PatchTST model. The cross-attention mechanism fuses the processed stock review feature information, stock price feature information, and multi-source features such as stock review reading volume and number of comments to predict stock prices. The prediction performance of the HW-PCAW-PB model is compared with benchmark models such as SVR, BiLSTM, TimesNet, KNN, ANN, LSTM, Autoformer and Informer using RMSE, MAE, MAPE and R2 evaluation metrics. The experimental results show that the HW-PCAW-PB model achieves better scores than the benchmark models in all evaluation metrics. © (2025), (International Association of Engineers). All rights reserved.",Holt-Winters triple exponential smoothing; Hybrid stock price prediction model; PatchTST; PCA whitening transformation; Costs; Financial markets; Investments; Exponential smoothing; Holt-winter triple exponential smoothing; Holt-Winters; Hybrid stock price prediction model; Patchtst; PCA whitening transformation; Price prediction models; Stock price; Stock price prediction; Whitening transformation; Prediction models,Article,Yes,No,No,SC01,M-2766,Primary/Other,Yes,Price,Yes,Yes,Yes,No,,Yes,4,24,A_Direct_Methodological_Priority,Detailed extraction for gap and methodology design,High,FinBERT_BERT_RoBERTa; Multimodal; Fusion; Transformer_Attention,stock price; stock prices,price prediction; stock price; stock prices,attention; bert; lstm,benchmark; evaluation; experimental; mae; mape; r2; results show; rmse,"Bimodal Stock Price Prediction Based on Holt-Winters Exponential Smoothing and PCA Whitening Transformation || Aiming at the nonlinear and high frequency characteristics of stock data, a hybrid stock price prediction model is proposed, which combines the Holt-Winters triple exponential smoothing method, PCA whitening transformation, PatchTST and BERT, called HW-PCAW-PB. || The PCA whitening transformation is performed on the feature vector of investor stock reviews constructed by the BERT model, and the stock price features are processed using the Holt-Winters triple exponential smoothing algorithm and the PatchTST model. || The cross-attention mechanism fuses the processed stock review feature information, stock price feature information, and multi-source features such as stock review reading volume and number of comments to predict stock prices.",,,Yes,Unclear,Unclear,Unclear,Unclear,Unclear,Yes,Unclear,Yes,Yes,Yes,Yes,Unclear,Unclear,Unclear,Unclear,Unclear,Unclear,volume,,,,,,bert,,multi-source,cross-attention,attention mechanism; informer,bilstm; lstm,,,,,,
doi:10.1016/j.eswa.2025.127696,Effect of exogenous market sentiment indicators in stock price direction prediction,Keun Yun M.K.,2025,Expert Systems with Applications,10.1016/j.eswa.2025.127696,"As the most popular methodology in stock price prediction, technical analysis accounts for 66 % of stock price prediction studies for 11 years’ period (2007 ∼ 2018), meanwhile fundamental analysis and combined analysis using technical and fundamental analysis are just 23 % and 11 % of studies, respectively. Technical stock price analysis generally expands the feature space by generating price-derived technical indicators from daily stock prices. However, using price-derived technical indicators is criticized for its complete subjectivity and self-fulfilling prophecy. As a remedial action for price-derived technical indicators, this study includes three popular exogenous market sentiment indicators (EMIs): market volatility index (VIX), fear-greed index (FGX), and put-call ratio (PCR), and investigates the importance and effect of the selected EMIs in stock price direction prediction. To capture the maximal effect of the EMIs in stock price direction prediction, the best feature subset (BFS) selection method is adopted in company with the extreme gradient boosting (XGB) algorithm, which significantly improves the prediction accuracy and interpretability with fewer input features. The proposed BFS with XGB method adequately reflects the collective behaviour of the EMIs with price-derived technical indicators of time series stock price data. Additionally, combined with a piecewise time segmentation technique, the piecewise best feature subset (PBFS) selection method shows that the three EMIs: VIX, FGX, and PCR make a considerable effect in prediction accuracy and interpretation of stock price direction prediction. © 2025 Elsevier Ltd",Best Feature Subset Selection; Collective Behaviour; Exogenous Market Indicators; Fear-Greed Index; Market Volitility Index; Put-Call Ratio; Technical Indicators; VIX; XGB Classifier; Best feature subset selection; Collective behaviour; Exogenous market indicator; Fear-greed index; Feature subset selection; Market volitility index; Put-call ratio; Technical indicator; Volatility index; XGB classifier,Article,Yes,Yes,No,SC02; SC03; SD01; SD02; SD03; SD05,M-0796,Primary/Other,Yes,Price; Direction/Movement,Yes,Yes,Yes,Yes,,Yes,4,24,A_Direct_Methodological_Priority,Detailed extraction for gap and methodology design,High,Technical_Indicators; Fundamental_Data; Sentiment; XAI,stock price; stock prices,direction prediction; price direction; price prediction; stock price; stock prices,gradient boosting,accuracy,"Effect of exogenous market sentiment indicators in stock price direction prediction || As the most popular methodology in stock price prediction, technical analysis accounts for 66 % of stock price prediction studies for 11 years’ period (2007 ∼ 2018), meanwhile fundamental analysis and combined analysis using technical and fundamental analysis are just 23 % and 11 % of studies, respectively. || Technical stock price analysis generally expands the feature space by generating price-derived technical indicators from daily stock prices. || As a remedial action for price-derived technical indicators, this study includes three popular exogenous market sentiment indicators (EMIs): market volatility index (VIX), fear-greed index (FGX), and put-call ratio (PCR), and investigates the importance and effect of the selected EMIs in stock price direction prediction. || To capture the maximal effect of the EMIs in stock price direction prediction, the best feature subset (BFS) selection method is adopted in company with the extreme gradient boosting (XGB) algorithm, which significantly improves the prediction accuracy and interpretability with fewer input features. || The proposed BFS with XGB method adequately reflects the collective behaviour of the EMIs with price-derived technical indicators of time series stock price data. || Additionally, combined with a piecewise time segmentation technique, the piecewise best feature subset (PBFS) selection method shows that the three EMIs: VIX, FGX, and PCR make a considerable effect in prediction accuracy and interpretation of stock price direction prediction. © 2025 Elsevier Ltd",market sentiment,,Yes,Yes,Yes,Unclear,Unclear,Yes,Unclear,Unclear,Unclear,Unclear,Unclear,Unclear,Unclear,Unclear,Yes,Unclear,Unclear,Unclear,time series,technical analysis; technical indicator; technical indicators,fundamental analysis,,,sentiment,,,,,,,,,interpretability,,,
doi:10.1177/18758967251353038,MAOA-DRN: Mayfly Adam Optimization Based Deep Residual Network - A Framework for Stock Market Prediction,Sable R.; Gupta S.; Goel S.; Chatterjee P.,2025,Journal of Intelligent and Fuzzy Systems,10.1177/18758967251353038,"Stock market plays a vital role in country's economy. The estimation of stock market trends and price is important for the investors. Stock forecasting has piqued the interest of investors worldwide. Investors are looking for a forecasting model that is accurate and reliable enough to account for volatile and nonlinear market behavior. The problem of stock price prediction becomes a complicated one due to multiple inputs like technical indicators, financial factors, trends of international markets, and social media data. This research seeks to collect and correlate multiple inputs to analyse their impact on the stock market and improve stock price prediction accuracy. Researchers are attempting to refine effective indicators to aid in stock market forecasting by taking the advantage of ever-growing world wide web. Effective indicators like stock-related events and public sentiment towards the stock plays a significant role in stock volatility, hence can be used in improving prediction accuracy. The paper provides an efficient framework for optimizing the error in short-term stock market prediction with diverse data sources, based on a novel Mayfly Adam Optimization Algorithm (MAOA) and Deep Residual Network (DRN). This novel approach uses Deep Q Network (DQN) with dice coefficient similarity for feature fusion and DRN for prediction. We have considered historical stock market prices of Apple Inc. (AAPL), commodity time-series dataset, news articles and reviews on social media to evaluate the model's effectiveness. The proposed technique accuracy is found to be 96%, with average accuracy of 98.27%. The existing techniques like, Deep Neural Network (DNN), Artificial Neural Network (ANN), Long Short-Term Memory (LSTM), and Random Forest (RF) models provided accuracy of 82.4%, 85.5%, 88.8%, and 92.39%, respectively. This shows that the proposed model is 13.6% better than DNN, 10.5% better than ANN, 7% better than LSTM and 3.61% better than RF in terms of accuracy. © The Author(s) 2025",adam optimization; deep q network; deep residual network; mayfly algorithm; stock market prediction; Costs; Deep neural networks; Electronic trading; International trade; Investments; Social networking (online); Adam optimization; Deep q network; Deep residual network; Mayfly algorithm; Neural-networks; Optimisations; Optimization algorithms; Stock market prediction; Stock market prices; Stock price prediction; Financial markets; Forecasting,Article,Yes,No,No,SC01; SC02,M-1942,Primary/Other,Yes,Price; Trend,Yes,Yes,Yes,No,,Yes,4,24,A_Direct_Methodological_Priority,Detailed extraction for gap and methodology design,High,Technical_Indicators; Financial_News; Sentiment; Fusion,stock forecasting; stock market; stock price,market trends; price prediction; stock price,artificial neural network; deep neural; lstm; neural network; neural networks; random forest,accuracy; dataset; evaluate,"MAOA-DRN: Mayfly Adam Optimization Based Deep Residual Network - A Framework for Stock Market Prediction || The estimation of stock market trends and price is important for the investors. || Stock forecasting has piqued the interest of investors worldwide. || The problem of stock price prediction becomes a complicated one due to multiple inputs like technical indicators, financial factors, trends of international markets, and social media data. || This research seeks to collect and correlate multiple inputs to analyse their impact on the stock market and improve stock price prediction accuracy. || Researchers are attempting to refine effective indicators to aid in stock market forecasting by taking the advantage of ever-growing world wide web. || The paper provides an efficient framework for optimizing the error in short-term stock market prediction with diverse data sources, based on a novel Mayfly Adam Optimization Algorithm (MAOA) and Deep Residual Network (DRN).",,,Unclear,Yes,Unclear,Yes,Yes,Yes,Unclear,Unclear,Unclear,Yes,Unclear,Yes,Unclear,Unclear,Unclear,Unclear,Unclear,Unclear,,technical indicators,,news articles,social media,sentiment,,,,feature fusion; fusion,,long short-term memory; lstm,,,,,,
doi:10.1007/s10489-024-05894-0,Multimodal market information fusion for stock price trend prediction in the pharmaceutical sector: Multimodal market information fusion for stock price trend prediction in the pharmaceutical sector: H. Wang et al.,Wang H.; Xie Z.; Chiu D.K.W.; Ho K.K.W.,2025,Applied Intelligence,10.1007/s10489-024-05894-0,"With the evolution of China's market economy, the securities market is increasingly anchoring a pivotal role in the nation's economic landscape. Consequently, stock trend forecasting has garnered heightened attention among scholars and practitioners. This research pioneers the use of multimodal information to predict stock market fluctuations. Based on our experimental results, LSTM + Transformer performs better in handling multimodal data for stock movement prediction tasks regarding accuracy, F1-score, precision, and recall. Additionally, we employed the Granger causality test and Impulse response test to investigate the causal relationships between sentiment and stock trends, as well as the interplay between COVID-related indicators and stock trajectories. We identified discernible causal links between sentiments, COVID indicators, and stock trends for select pharmaceutical stocks. Our findings can provide valuable guidance for investors and market regulators, especially within the pharmaceutical industry. Understanding investor sentiment and the impact of the pandemic on severity can assist in effective stock commentary management and improve investment strategies. © The Author(s) 2024.",Chinese pharmaceutical industry; COVID-19; Deep learning; Investor sentiment; Multimodal information fusion; Stock market trend prediction; Marketplaces; Chinese pharmaceutical industry; Deep learning; Investor's sentiments; Market information; Market trends; Multi-modal; Multimodal information fusion; Pharmaceutical industry; Stock market trend prediction; Trend prediction; COVID-19,Article,Yes,No,No,SC01,M-0124,Primary/Other,Yes,Price; Direction/Movement; Trend,Yes,Yes,Yes,Yes,,Yes,4,24,A_Direct_Methodological_Priority,Detailed extraction for gap and methodology design,High,Sentiment; Multimodal; Fusion; Transformer_Attention,stock market; stock movement; stock price; stock trend; stock trends,market trend; market trends; movement prediction; price trend; stock movement; stock price; stock trend; stock trends; trend forecasting; trend prediction,attention; deep learning; lstm; transformer,accuracy; experimental; f1; precision; recall,"Multimodal market information fusion for stock price trend prediction in the pharmaceutical sector: Multimodal market information fusion for stock price trend prediction in the pharmaceutical sector: H. Wang et al. || Consequently, stock trend forecasting has garnered heightened attention among scholars and practitioners. || This research pioneers the use of multimodal information to predict stock market fluctuations. || Based on our experimental results, LSTM + Transformer performs better in handling multimodal data for stock movement prediction tasks regarding accuracy, F1-score, precision, and recall. || Additionally, we employed the Granger causality test and Impulse response test to investigate the causal relationships between sentiment and stock trends, as well as the interplay between COVID-related indicators and stock trajectories. || We identified discernible causal links between sentiments, COVID indicators, and stock trends for select pharmaceutical stocks.",investor sentiment,,Unclear,Unclear,Unclear,Unclear,Unclear,Yes,Unclear,Unclear,Yes,Yes,Yes,Yes,Unclear,Unclear,Unclear,Unclear,Unclear,Unclear,,,,,,sentiment,,,multi-modal; multimodal,fusion,transformer,lstm,,,,,,
doi:10.1007/s10690-025-09560-4,Predicting Stock Price Direction with LSTM: A Fusion of Financial Sentiment Analysis with Technical Indicators,Farhan M.; Ahmed A.; Chong K.; Tayara H.,2025,Asia-Pacific Financial Markets,10.1007/s10690-025-09560-4,"Stock movement prediction is a crucial field of study that can help traders on the market make better trading decisions and consequently earn more profits. Deep Learning models are increasingly recognized for their ability to make predictions based on time series data. Among traders and investors, technical and sentiment analysis using indicators remains a popular approach in the stock market. In this study, we provide an approach that combines technical and sentiment analysis to generate predictor indicators, which are then used with the proposed model to predict stock movement direction. We conduct a thorough examination of historical stock data, leveraging the TA-Lib package to calculate an array of essential technical indicators. Additionally, we delve into sentiment analysis, capitalizing on sentiment indicators previously computed in a prior study. To fine-tune our models, we employ the powerful optimization tool Optuna. Our study centres on three prominent companies, AAPL, BAC, and MSFT, all of which are integral components of the NASDAQ exchange. We performed a comparative analysis between the baseline models and the proposed LSTM (Long Short-Term Memory) model, evaluating them based on accuracy and robustness measures, in order to evaluate the performance of our model. In addition, to thoroughly assess the differences in results, we devised the Wilcoxon signed rank test. Our results show that there is 17.05% average accuracy improvement by using LSTM model with both technical and sentiment indicators as compared to previous study. © The Author(s), under exclusive licence to Springer Japan KK, part of Springer Nature 2025.",Adam; Deep learning; Forecasting; LSTM; Optuna; Stock market,Article,Yes,No,No,SC01; SC02,M-0226,Primary/Other,Yes,Price; Direction/Movement,Yes,Yes,Yes,Yes,,Yes,4,24,A_Direct_Methodological_Priority,Detailed extraction for gap and methodology design,High,Technical_Indicators; Sentiment; Fusion; Optimization,nasdaq; stock market; stock movement; stock price,movement prediction; price direction; stock movement; stock price,deep learning; lstm,accuracy; comparative; evaluate; results show,"Predicting Stock Price Direction with LSTM: A Fusion of Financial Sentiment Analysis with Technical Indicators || Stock movement prediction is a crucial field of study that can help traders on the market make better trading decisions and consequently earn more profits. || In this study, we provide an approach that combines technical and sentiment analysis to generate predictor indicators, which are then used with the proposed model to predict stock movement direction.",trading decisions; sentiment analysis,,Yes,Yes,Unclear,Unclear,Unclear,Yes,Unclear,Unclear,Unclear,Yes,Unclear,Yes,Yes,Unclear,Unclear,Unclear,Unclear,Unclear,time series,technical indicators,,,,sentiment,,,,fusion,,long short-term memory; lstm,optuna,,,,,
doi:10.3778/j.issn.1002-8331.2405-0064,Research on Stock Index Prediction Based on Sentiment Lexicon and BERT-BiLSTM; [基于情绪词典和 BERT-BiLSTM 的股指预测研究],Zhang S.; Su C.,2025,Computer Engineering and Applications,10.3778/j.issn.1002-8331.2405-0064,"The uncertainty and complexity of the stock market make stock prediction as a challenging task. Given the potential value of financial texts in stock prediction, this paper adopts the lexicon-based method and BERT-BiLSTM (bidirectional encoder representations from transformers-bidirectional long short-term memory) model to extract emotional features from online financial news, and constructs a stock index prediction model that integrates emotional features and stock trading features. The experiment compares the predictive ability of the model before and after integrating these emotional features, and explores the differences in predictive ability between different models and different time periods. The experimental results indicate that sentiment features extracted by using the lexicon-based method and deep learning techniques can enhance the accuracy of stock index predictions for various models. Moreover, the LSTM model performs better than other experimental models in stock index prediction both before and after integrating sentiment features. Further analysis of different time spans shows that the stock index prediction model is more effective in forecasting stock index movements over shorter time spans. To validate the practical value of the stock index prediction model, backtesting is conducted on the HS300 index under bull, bear, and volatile market conditions. This combines the LSTM model with the deep Q-network (DQN) principle and compares the backtesting results with traditional moving average strategies and those incorporating the DQN reinforcement learning algorithm. The backtesting results demonstrate that compared to a single traditional trading strategy, the stock index prediction model that integrates traditional trading strategies and deep learning methods ensures positive Sharpe ratios and cumulative returns in both bull and bear markets, as well as in volatile markets, and effectively controls maximum drawdown, demonstrating stronger market adaptability and profitability. © 2025 Journal of Computer Engineering and Applications Beijing Co., Ltd.; Science Press. All rights reserved.",BiLSTM model; DQN reinforcement learning; financial news sentiment features; stock index prediction; Deep reinforcement learning; Financial markets; Long short-term memory; Reinforcement learning; BiLSTM model; Deep Q-network reinforcement learning; Financial news; Financial news sentiment feature; Network reinforcements; Prediction modelling; Reinforcement learnings; Sentiment features; Short term memory; Stock index predictions; Prediction models,Article,Yes,No,No,SC01,M-2541,Primary/Other,Yes,Price,Yes,Yes,Yes,Yes,,Yes,4,24,A_Direct_Methodological_Priority,Detailed extraction for gap and methodology design,High,Technical_Indicators; Financial_News; Sentiment; FinBERT_BERT_RoBERTa,stock index; stock market; stock prediction,stock index prediction,bert; deep learning; lstm,accuracy; backtesting; experiment; experimental; results demonstrate,"Research on Stock Index Prediction Based on Sentiment Lexicon and BERT-BiLSTM; [基于情绪词典和 BERT-BiLSTM 的股指预测研究] || The uncertainty and complexity of the stock market make stock prediction as a challenging task. || Given the potential value of financial texts in stock prediction, this paper adopts the lexicon-based method and BERT-BiLSTM (bidirectional encoder representations from transformers-bidirectional long short-term memory) model to extract emotional features from online financial news, and constructs a stock index prediction model that integrates emotional features and stock trading features. || Moreover, the LSTM model performs better than other experimental models in stock index prediction both before and after integrating sentiment features. || Further analysis of different time spans shows that the stock index prediction model is more effective in forecasting stock index movements over shorter time spans. || To validate the practical value of the stock index prediction model, backtesting is conducted on the HS300 index under bull, bear, and volatile market conditions. || The backtesting results demonstrate that compared to a single traditional trading strategy, the stock index prediction model that integrates traditional trading strategies and deep learning methods ensures positive Sharpe ratios and cumulative returns in both bull and bear markets, as well as in volatile markets, and effectively controls maximum drawdown, demonstrating stronger market adaptability and profitability. © 2025 Journal of Computer Engineering and Applications Beijing Co., Ltd.; Science Press.",trading strategies; trading strategy,,Unclear,Yes,Unclear,Yes,Unclear,Yes,Yes,Unclear,Unclear,Unclear,Unclear,Yes,Unclear,Unclear,Unclear,Unclear,Unclear,Unclear,,moving average,,financial news,,sentiment,bert,,,,,bilstm; long short-term memory; lstm,,,,,,
doi:10.1109/access.2024.3511613,Bridging the Gap Between Machine and Human in Stock Prediction: Addressing Heterogeneity in Stock Market,Lu X.; Poon J.; Khushi M.,2024,IEEE Access,10.1109/access.2024.3511613,"Accurately predicting stock prices remains a formidable challenge in financial markets. Traditional predictive models often aggregate data from multiple companies, failing to account for the unique characteristics of each firm, which can hinder the model's ability to identify company-specific patterns. Moreover, existing research on stock price prediction frequently trains and tests models within the same group of companies, neglecting to assess their generalizability on 'Out-of-Sample' companies. This study addresses these limitations by employing BERT to encode business descriptions into vectors, capturing the distinctive attributes of each company. We further enhance the predictive modeling framework by developing features that describe the percentage change of existing indicators, adding significant novelty to the existing research. Additionally, we apply a Restricted Boltzmann Machine (RBM) for dimensionality reduction after the BERT encoding process. In our approach, both the technical indicators and the vectorized descriptions are treated as distinct elements within the transformer encoder. By integrating these representations, our model is better equipped to differentiate between firms and recognize their individual patterns. The proposed model demonstrates superior performance over baseline models, particularly when tested on 'Out-of-Sample' companies, highlighting its ability to learn, understand, and analyze company-specific descriptions for more accurate predictions. This research offers novel insights into addressing the heterogeneity in stock price prediction.  © 2013 IEEE.",Bert; BiLSTM; financial markets; heterogeneity analysis; predictive modeling; restricted Boltzmann machine (RBM); stock prediction; technical indicators; textual data; transfer learning; transformer; Ability testing; Commerce; Electronic trading; Financial markets; Network security; Prediction models; Bert; BiLSTM; Heterogeneity analyze; Predictive models; Restricted boltzmann machine; Stock predictions; Technical indicator; Textual data; Transfer learning; Transformer; Costs,Article,Yes,No,No,SC01; SC02; SC06,M-1697,Primary/Other,Yes,Price,Yes,Yes,Yes,No,,Yes,5,24,A_Direct_Methodological_Priority,Detailed extraction for gap and methodology design,High,Technical_Indicators; FinBERT_BERT_RoBERTa; Transformer_Attention; Temporal_Validation; Multi_Stock,stock market; stock prediction; stock price; stock prices,price prediction; stock price; stock prices,bert; transformer,testing,"Bridging the Gap Between Machine and Human in Stock Prediction: Addressing Heterogeneity in Stock Market || Accurately predicting stock prices remains a formidable challenge in financial markets. || Moreover, existing research on stock price prediction frequently trains and tests models within the same group of companies, neglecting to assess their generalizability on 'Out-of-Sample' companies. || This research offers novel insights into addressing the heterogeneity in stock price prediction. © 2013 IEEE.",,,Unclear,Yes,Unclear,Unclear,Unclear,Unclear,Yes,Unclear,Unclear,Unclear,Yes,Yes,Unclear,Unclear,Unclear,Yes,Unclear,Yes,,technical indicator; technical indicators,,,,,bert,,,,transformer,bilstm,,,,out-of-sample,,multiple companies
doi:10.54216/fpa.160211,Enhancing Stock Market Trend Prediction Using Explainable Artificial Intelligence and Multi-source Data,Ranjith J.; Chandar S.K.,2024,Fusion: Practice and Applications,10.54216/fpa.160211,"Determining the trend of the stock market is a complex task influenced by numerous factors like fundamental variables, company performance, investor behavior, sentiments expressed in social media, etc. Although machine learning models support predicting stock market trends using historical or social media data, reliance on a single data source poses a serious challenge. This study introduces a novel Explainable artificial intelligence (XAI) to address a binary classification problem wherein the objective is to predict the trend of the stock market, utilizing an integration of multiple data sources. The dataset includes trading data, news and Twitter sentiment, and technical indicators. Sentiment analysis and the Natural Language Toolkit are utilized to extract the qualitative information from social media data. Technical indicators, or quantitative characteristics, are therefore generated from trade data. The technical indicators are fused with the stock sentiment features to predict the future stock market trend. Finally, a machine learning model is employed for upward or downward stock trend predictions. The proposed model in this study incorporates XAI to interpret the results. The presented model is evaluated using five bank stocks, and the results are promising, outperforming other models by reporting a mean accuracy of 90.14%. Additionally, the proposed model is explainable, exposing the rationale behind the classifier and furnishing a complete set of interpretations for the attained outcomes. © 2024, American Scientific Publishing Group (ASPG). All rights reserved.",Explainable artificial intelligence; Machine learning; Multi-source data; Sentiment analysis; Stock market prediction; Technical indicators,Article,Yes,No,No,SC01; SC02; SC05,M-2646,Primary/Other,Yes,Trend,Yes,Yes,Yes,Yes,,Yes,4,24,A_Direct_Methodological_Priority,Detailed extraction for gap and methodology design,High,Technical_Indicators; Sentiment; Multimodal; XAI,stock market; stock trend,market trend; market trends; stock trend; trend prediction,artificial intelligence; machine learning,accuracy; dataset; evaluated,"Enhancing Stock Market Trend Prediction Using Explainable Artificial Intelligence and Multi-source Data || Although machine learning models support predicting stock market trends using historical or social media data, reliance on a single data source poses a serious challenge. || This study introduces a novel Explainable artificial intelligence (XAI) to address a binary classification problem wherein the objective is to predict the trend of the stock market, utilizing an integration of multiple data sources. || The technical indicators are fused with the stock sentiment features to predict the future stock market trend. || Finally, a machine learning model is employed for upward or downward stock trend predictions.",sentiment analysis,,Unclear,Yes,Unclear,Unclear,Yes,Yes,Unclear,Unclear,Yes,Unclear,Unclear,Unclear,Unclear,Unclear,Yes,Unclear,Unclear,Unclear,,technical indicators,,,social media; twitter,sentiment,,,multi-source; multiple data sources,,,,,,explainable; xai,,,
doi:10.1504/ijebr.2024.139286,FinBERT and LSTM-based novel model for stock price prediction using technical indicators and financial news,Bathla G.; Gupta S.,2024,International Journal of Economics and Business Research,10.1504/ijebr.2024.139286,"Stock price movement is highly nonlinear, volatile, and complex. Traditional machine learning techniques are employed by researchers for stock price prediction, but due to shallow architecture, adequate accuracy is not achieved. In this paper, recently introduced bidirectional encoder representations from transformers (BERT) and long short-term memory (LSTM) hybrid model is utilised for stock price prediction. BERT model is used for financial news sentiment analysis. The sentiment score is merged with technical indicators of stock prices. In our approach, FinBERT is used which is specifically trained on financial corpus. Stock market prices were highly fluctuated in March 2020 due to lockdown. Thus, it is essential to predict high variation which existing works have not experienced due to lack of availability of highly fluctuated dataset. In our approach, the effect of financial news on stock indexes is analysed. Experiment analysis validates that our proposed approach outperforms existing approaches significantly. Copyright © 2024 Inderscience Enterprises Ltd.",BERT; data analytics; deep learning; financial market; long short-term memory; LSTM; MAPE; stock market,Article,Yes,No,No,SC01; SC02,M-2091,Primary/Other,Yes,Price; Direction/Movement,Yes,Yes,Yes,Yes,,Yes,4,24,A_Direct_Methodological_Priority,Detailed extraction for gap and methodology design,High,Technical_Indicators; Financial_News; Sentiment; FinBERT_BERT_RoBERTa,stock market; stock price; stock prices,price movement; price prediction; stock price; stock prices,bert; deep learning; finbert; hybrid model; lstm; machine learning,accuracy; dataset; experiment; mape; outperforms,"FinBERT and LSTM-based novel model for stock price prediction using technical indicators and financial news || Stock price movement is highly nonlinear, volatile, and complex. || Traditional machine learning techniques are employed by researchers for stock price prediction, but due to shallow architecture, adequate accuracy is not achieved. || In this paper, recently introduced bidirectional encoder representations from transformers (BERT) and long short-term memory (LSTM) hybrid model is utilised for stock price prediction. || The sentiment score is merged with technical indicators of stock prices.",sentiment analysis,,Unclear,Yes,Unclear,Yes,Unclear,Yes,Yes,Unclear,Unclear,Unclear,Unclear,Yes,Unclear,Unclear,Unclear,Unclear,Unclear,Unclear,,technical indicators,,financial news,,sentiment; sentiment score,bert; finbert,,,,,long short-term memory; lstm,,,,,,
doi:10.1109/access.2024.3386029,HyBiLSTM: Multivariate Bitcoin Price Forecasting Using Hybrid Time-Series Models with Bidirectional LSTM,Mardjo A.; Choksuchat C.,2024,IEEE Access,10.1109/access.2024.3386029,"Despite their growing popularity in recent research, most hybrid models that harness the strengths of both classical time-series analysis and deep learning models have been explored within the univariate forecasting context. In the econometric domain, where exogenous factors play a crucial role; there is a pressing need for more studies focusing on multivariate forecasting. This paper introduces a novel hybrid model, HyBiLSTM. It integrates an ARIMAX GARCHX model for initial forecasting, followed by a second forecasting phase that addresses the residuals using a bidirectional long short-term memory model optimized through grey wolf optimization algorithm. The final forecast is a composite derived from both models. Three quantitative metrics (mean absolute error, root mean square error, and mean absolute percentage error) assessed the model performance using data that spanned social and economic variables from July 1, 2019, to December 31, 2022. The results revealed several key findings: 1) The addition of exogenous factors improved the performance of the ARIMA and GARCH models. 2) The BiLSTM variant outperformed other LSTM variants when combined with the ARIMAX GARCHX model. 3) An analysis using Shapley additive explanations indicated that bitcoin price was influenced by stock prices, Twitter volume, gold prices, and the Twitter sentiment index. 4) The presence of a structural break had a significant effect on the model's forecasting accuracy. Beyond expanding the academic literature on hybrid models within a multivariate context, this offers valuable practical insights for investors. Specifically, it analyzes various factors that could serve as early indicators of bitcoin price fluctuations.  © 2013 IEEE.",ARIMAX; bidirectional LSTM; bitcoin; GARCHX; LSTM; SHAP; Bitcoin; Costs; Errors; Long short-term memory; Mean square error; Social networking (online); Time series analysis; ARIMAX; Bidirectional LSTM; Biological system modeling; Exogenous factors; GARCHX; Hybrid model; LSTM; Predictive models; SHAP; Time-series analysis; Forecasting,Article,Yes,No,No,SC04; SC05,M-1675,Primary/Other,Yes,Price,Yes,Yes,Yes,No,Crypto,Yes,4,24,A_Direct_Methodological_Priority,Detailed extraction for gap and methodology design,High,Sentiment; Optimization; Metaheuristic; XAI,stock prices,price forecasting; stock prices,deep learning; hybrid model; hybrid models; lstm,accuracy,"3) An analysis using Shapley additive explanations indicated that bitcoin price was influenced by stock prices, Twitter volume, gold prices, and the Twitter sentiment index.",,bitcoin,Yes,Unclear,Unclear,Unclear,Yes,Yes,Unclear,Unclear,Unclear,Unclear,Unclear,Yes,Yes,Yes,Yes,Unclear,Unclear,Unclear,time series; volume,,,,twitter,sentiment,,,,,,bilstm; long short-term memory; lstm,optimized,grey wolf,shap,,,
doi:10.14445/22315381/ijett-v72i6p102,Predicting Stock Market Movements Through Multisource Data Fusion Graphs: An Approach Employing Graph Convolutional Neural Network,Ranjith J.; Chandar S.K.,2024,International Journal of Engineering Trends and Technology,10.14445/22315381/ijett-v72i6p102,"The stock market plays an important role in the capital market, and investigating price fluctuations in the stock market has consistently been a prominent subject for researchers. The application of soft computing techniques to predict and categorize stock market movements is a significant research challenge that has gathered considerable attention from researchers. Although several studies highlight the significance of incorporating information from two sources in stock movement prediction, the potential of advanced graphical techniques for modeling and analyzing multi-source data remains an unattended research area. This study aims to address this gap by introducing a novel model that utilizes multi-source data fusion graphs to predict future market movements. The primary challenge involves establishing a model that can effectively gather the relationships among various data sources and employ this understanding to improve prediction performance. Compared to several existing methods relying only on historical data or sentiment data, which show limited predictive power and lack generality, the proposed approach seeks to overcome these limitations. The proposed model integrates various information sources, including historical prices, news data, Twitter data, and technical indicators for predicting future stock market trends. This presented method involves constructing a subgraph map for each data type to capture events from both rising and falling markets. Then, a Gated Recurrent Unit (GRU) is employed to aggregate the subgraph nodes. These aggregated nodes are then integrated with a Graph Convolutional Neural Network (GCNN) to classify the multi-source graph, therefore achieving stock market trend prediction effectively. To further validate its effectiveness, the presented model is applied to Indian stock market data, demonstrating its feasibility in fusing multi-source stock data and establishing its suitability for effectively predicting stock market movements. © 2024 Seventh Sense Research Group®",Data fusion; Gated Recurrent Unit; Graph Convolution Neural Network; Multi-source data; Multi-source data fusion graphs; Stock market trends; Stock trend prediction,Article,Yes,No,No,SC01; SC02,M-2037,Primary/Other,Yes,Direction/Movement; Trend,Yes,Unclear,Yes,No,,Yes,5,24,A_Direct_Methodological_Priority,Detailed extraction for gap and methodology design,High,Technical_Indicators; Sentiment; Multimodal; Fusion; Indian_Market,stock market; stock movement; stock trend,market trend; market trends; movement prediction; stock movement; stock trend; trend prediction,attention; convolutional; gru; neural network,,"The application of soft computing techniques to predict and categorize stock market movements is a significant research challenge that has gathered considerable attention from researchers. || Although several studies highlight the significance of incorporating information from two sources in stock movement prediction, the potential of advanced graphical techniques for modeling and analyzing multi-source data remains an unattended research area. || The proposed model integrates various information sources, including historical prices, news data, Twitter data, and technical indicators for predicting future stock market trends. || These aggregated nodes are then integrated with a Graph Convolutional Neural Network (GCNN) to classify the multi-source graph, therefore achieving stock market trend prediction effectively.",,,Yes,Yes,Unclear,Unclear,Yes,Yes,Unclear,Unclear,Yes,Yes,Unclear,Yes,Unclear,Unclear,Unclear,Unclear,Yes,Unclear,historical prices; market data,technical indicators,,,twitter,sentiment,,,multi-source; multisource,data fusion; fusion,,gru,,,,,indian stock,
doi:10.1016/j.frl.2024.105227,Sentiment trading with large language models,Kirtac K.; Germano G.,2024,Finance Research Letters,10.1016/j.frl.2024.105227,"We analyse the performance of the large language models (LLMs) OPT, BERT, and FinBERT, alongside the traditional Loughran-McDonald dictionary, in the sentiment analysis of 965,375 U.S. financial news articles from 2010 to 2023. Our findings reveal that the GPT-3-based OPT model significantly outperforms the others, predicting stock market returns with an accuracy of 74.4%. A long-short strategy based on OPT, accounting for 10 basis points (bps) in transaction costs, yields an exceptional Sharpe ratio of 3.05. From August 2021 to July 2023, this strategy produces an impressive 355% gain, outperforming other strategies and traditional market portfolios. This underscores the transformative potential of LLMs in financial market prediction and portfolio management and the necessity of employing sophisticated language models to develop effective investment strategies based on news sentiment. © 2024",Artificial intelligence investment strategies; Generative pre-trained transformer (GPT); Large language models; Machine learning in stock return prediction; Natural language processing (NLP),Article,Yes,No,No,SC01,M-0867,Primary/Other,Yes,Return,Yes,Yes,Yes,Yes,,Yes,5,24,A_Direct_Methodological_Priority,Detailed extraction for gap and methodology design,High,Financial_News; Sentiment; FinBERT_BERT_RoBERTa; LLM_FinGPT; Transformer_Attention,stock market; stock return,market returns; return prediction; stock return,artificial intelligence; bert; finbert; large language models; llms; machine learning; transformer,accuracy; outperforms,"Our findings reveal that the GPT-3-based OPT model significantly outperforms the others, predicting stock market returns with an accuracy of 74.4%.",sentiment analysis,,Unclear,Unclear,Unclear,Yes,Unclear,Yes,Yes,Yes,Unclear,Unclear,Yes,Unclear,Unclear,Unclear,Unclear,Unclear,Unclear,Unclear,,,,financial news; news articles,,sentiment,bert; finbert,large language models; llms,,,transformer,,,,,,,
doi:10.3778/j.issn.1002-8331.2305-0059,Stock Price Prediction Integrating Investor Sentiment Based on S_AM_BiLSTM Model; [融合投资者情绪的 S_AM_BiLSTM 股价预测模型],Yuan J.; Pan S.; Xie H.; Xu W.,2024,Computer Engineering and Applications,10.3778/j.issn.1002-8331.2305-0059,"Stock price forecasting has always been one of the research hotspots in the financial field. However, the formation mechanism of stock price is quite complex, and various factors may lead to the change of stock price. Therefore, this paper proposes a hybrid model of stock price forecasting based on deep learning method and integrating multi-source data and investor sentiment (S_AM_BiLSTM). First, it uses the TextCNN to analyze the sentiment of investor comments extracted from stock forums, and calculates the emotional factors. Then, taking emotional factors, technical indicators and stock historical trading data as the feature set of stock price prediction, the bi-directional long short-term memory neural network is used to predict the stock closing price, and on this basis, attention mechanism is added to improve the prediction accuracy. In order to prove the validity and applicability of the model, it randomly selects four key industries for empirical research. The experimental results show that the proposed hybrid model is more effective than other single models and models without emotional factors. © 2024 Journal of Computer Engineering and Applications Beijing Co., Ltd.; Science Press. All rights reserved.",bi-directional long short-term memory (BiLSTM); deep learning; sentiment analysis; stock price prediction; TextCNN; Brain; Financial markets; Forecasting; Investments; Learning systems; Sentiment analysis; Bi-directional; Bi-directional long short-term memory; Deep learning; Emotional factors; Investor's sentiments; Sentiment analysis; Stock price; Stock price forecasting; Stock price prediction; TextCNN; Long short-term memory,Article,Yes,No,No,SC01; SC02,M-2536,Primary/Other,Yes,Price,Yes,Yes,Yes,Yes,,Yes,4,24,A_Direct_Methodological_Priority,Detailed extraction for gap and methodology design,High,Technical_Indicators; Sentiment; Multimodal; Transformer_Attention,stock price,closing price; price forecasting; price prediction; stock price,attention; deep learning; hybrid model; neural network,accuracy; experimental; results show,"Stock Price Prediction Integrating Investor Sentiment Based on S_AM_BiLSTM Model; [融合投资者情绪的 S_AM_BiLSTM 股价预测模型] || Stock price forecasting has always been one of the research hotspots in the financial field. || However, the formation mechanism of stock price is quite complex, and various factors may lead to the change of stock price. || Therefore, this paper proposes a hybrid model of stock price forecasting based on deep learning method and integrating multi-source data and investor sentiment (S_AM_BiLSTM). || Then, taking emotional factors, technical indicators and stock historical trading data as the feature set of stock price prediction, the bi-directional long short-term memory neural network is used to predict the stock closing price, and on this basis, attention mechanism is added to improve the prediction accuracy.",investor sentiment; sentiment analysis,,Yes,Yes,Unclear,Unclear,Unclear,Yes,Unclear,Unclear,Yes,Unclear,Yes,Yes,Unclear,Unclear,Unclear,Unclear,Unclear,Unclear,closing price,technical indicators,,,,sentiment,,,multi-source,,attention mechanism,bilstm; long short-term memory,,,,,,
doi:10.5281/zenodo.18824437,An Interpretable Deep Learning Based Decision Support System for Stock Forecasting and Investment Recommendation Using Temporal Fusion Transformer,Manju D.; Rao M.K.; Verma R.K.; Debbarma P.; Saraswathi Rathod A.K.,2026,Journal of Theoretical and Applied Information Technology,10.5281/zenodo.18824437,"The stock market has rapid changes caused by economic conditions, company performance and investor behavior. Because of this, stock price predictions and correct investment decisions are hardly achieved. Investors today use computer-based systems to study large volumes of financial data and find useful patterns barely perceived using traditional methods. However, most existing stock prediction and recommendation systems that have some major problems. Many systems use only technical indicators or only fundamental data, while not both together. Some models cannot properly capture both the short-term and long-term price movements of the stock. Moreover, many of these deep learning models behave like black boxes and fail to explain clearly why any stock is recommended to be on buy, sell or hold. This therefore compromises trust in their prediction capabilities, especially those specifically for highly volatile markets. In this paper, we try to solve those problems by proposing a new stock forecasting and recommendation system based on the Temporal Fusion Transformer (TFT), combining historical stock prices, technical indicators and fundamental financial data in one framework. It can learn both short-term and long-term trends and show which factor is most important for the prediction. After predicting the price and other financial indicators, our model extends TFT into a decision-support system by embedding financial ratio analysis and recommendation logic within the forecasting pipeline. © 2026, Little Lion Scientific.",Deep Learning; Fundamental Analysis; Investment Recommendation; Stock Forecasting Temporal Fusion Transformer; Technical Indicators,Article,Yes,No,No,SC01; SC03; SC05,M-2641,Primary/Other,Yes,Price; Direction/Movement,Yes,Unclear,Yes,No,,Yes,5,23,A_Direct_Methodological_Priority,Detailed extraction for gap and methodology design,High,Technical_Indicators; Fundamental_Data; Fusion; Transformer_Attention; XAI,stock forecasting; stock market; stock prediction; stock price; stock prices,price movements; stock price; stock prices,deep learning; transformer,,"An Interpretable Deep Learning Based Decision Support System for Stock Forecasting and Investment Recommendation Using Temporal Fusion Transformer || Because of this, stock price predictions and correct investment decisions are hardly achieved. || However, most existing stock prediction and recommendation systems that have some major problems. || In this paper, we try to solve those problems by proposing a new stock forecasting and recommendation system based on the Temporal Fusion Transformer (TFT), combining historical stock prices, technical indicators and fundamental financial data in one framework.",,,Unclear,Yes,Yes,Unclear,Unclear,Unclear,Unclear,Unclear,Unclear,Yes,Yes,Unclear,Unclear,Unclear,Yes,Unclear,Unclear,Unclear,,technical indicators,financial ratio; fundamental analysis,,,,,,,fusion,temporal fusion transformer; transformer,,,,interpretable,,,
doi:10.1016/j.patcog.2026.114152,MEHGT-LKG: Multimodal edge-enhanced heterogeneous graph transformer with LLM-driven knowledge graphs for stock trend prediction,Chen W.; Zhou Q.; An N.; Jiang M.,2026,Pattern Recognition,10.1016/j.patcog.2026.114152,"Stock trend prediction plays a central role in investment decision-making and has attracted extensive attention from both investors and institutions. Although recent studies have employed graph structures to model the complex relationships among financial entities, existing models fail to efficiently capture semantically rich edge features between heterogeneous entities, thereby limiting the ability to fuse and align multimodal data such as market indicators, financial events, and heterogeneous graph structures. Therefore, we propose a multimodal edge-enhanced heterogeneous graph transformer with LLM-driven knowledge graphs (MEHGT-LKG) for stock trend prediction. Specifically, we first fine-tune a large language model (LLM) by using instruction tuning datasets to design a financial event-centric knowledge extraction agent (FinEX). Subsequently, we encode the structured tuples generated from FinEX into financial event-centric knowledge graphs (FEKGs) and construct multimodal heterogeneous graphs by incorporating multimodal information. Finally, we design a multimodal edge-enhanced heterogeneous graph transformer (MEHGT) to fully encode a series of semantically enriched multimodal heterogeneous graphs spanning different time horizons. MEHGT models edge-level features through type-specific encoders and integrates them into both multi-head attention and message passing, significantly enriching the representation of relational semantics and target nodes. Extensive experimental results on multiple datasets demonstrate that the proposed method outperforms the state-of-the-art methods. © 2026",Financial knowledge graph; Heterogeneous graph neural network; Large language model; Multimodal fusion; Stock trend prediction; Encoding (symbols); Graph neural networks; Graph structures; Graph theory; Graphic methods; Investments; Knowledge graph; Large datasets; Semantics; Signal encoding; Financial knowledge graph; Graph neural networks; Heterogeneous graph; Heterogeneous graph neural network; Knowledge graphs; Language model; Large language model; Multi-modal; Multi-modal fusion; Stock trend prediction; Forecasting,Article,Yes,Yes,No,SC01; SD01,M-1293,Primary/Other,Yes,Trend,Yes,Yes,Yes,No,,Yes,4,23,A_Direct_Methodological_Priority,Detailed extraction for gap and methodology design,High,LLM_FinGPT; Multimodal; Fusion; Transformer_Attention,stock trend,stock trend; trend prediction,attention; graph neural; large language model; llm; neural network; neural networks; transformer,datasets; experimental; outperforms,"MEHGT-LKG: Multimodal edge-enhanced heterogeneous graph transformer with LLM-driven knowledge graphs for stock trend prediction || Stock trend prediction plays a central role in investment decision-making and has attracted extensive attention from both investors and institutions. || Therefore, we propose a multimodal edge-enhanced heterogeneous graph transformer with LLM-driven knowledge graphs (MEHGT-LKG) for stock trend prediction.",,,Unclear,Unclear,Unclear,Unclear,Unclear,Unclear,Unclear,Yes,Yes,Yes,Yes,Unclear,Unclear,Unclear,Unclear,Unclear,Unclear,Unclear,,,,,,,,large language model; llm,multi-modal; multimodal,fusion,transformer,,,,,,,
doi:10.1007/s00521-026-12118-8,Predicting stock price movements using hyperbolic space representation learning with cross-attention and multimodal data fusion,Fukasawa T.; Murayama Y.; Izumi K.,2026,Neural Computing and Applications,10.1007/s00521-026-12118-8,"Accurate prediction of stock price movements remains a central challenge in developing effective investment strategies. However, the stock market is inherently a complex system influenced by diverse factors, requiring an integrated representation of multimodal data sources such as time series prices, news articles, and social media commentary. While prior studies have explored multimodal data fusion to some extent, they have largely overlooked the need for architectures specifically suited to capturing the hierarchical and non-linear structures embedded in market dynamics. To address this gap, we propose CHARMED (Cross-attention Hyperbolic Architecture for Representation of Multimodal Embeddings and Data-fusion), a novel multimodal fusion framework based on hyperbolic geometry. CHARMED integrates three distinct modalities–stock price sequences, financial news and Twitter commentary, and price covariance graphs–by leveraging self-attention and cross-attention mechanisms in the Poincaré ball model, followed by gated fusion to dynamically synthesize information. This enables effective learning of latent market structures that are both hierarchical and non-linear. Empirical evaluations on multiple real-world financial datasets demonstrate that CHARMED consistently outperforms conventional stock prediction baselines. Its use of hyperbolic embeddings allows for improved predictive accuracy and generalization, particularly under low-dimensional settings. Furthermore, quantitative analyses of hierarchy and scale-freeness in the learned embeddings confirm that CHARMED captures intrinsic structural patterns of the financial market. © The Author(s) 2026.",Cross-attention; Financial representation learning; Hyperbolic learning; Market dependency structure; Multimodal fusion; Stock movement prediction; Commerce; Costs; Data fusion; Electronic trading; Embeddings; Financial markets; Fusion reactions; Investments; Social networking (online); Cross-attention; Dependency structures; Embeddings; Financial representation learning; Hyperbolic learning; Market dependency structure; Movement prediction; Multi-modal fusion; Stock movement; Stock movement prediction; Forecasting,Article,Yes,No,Yes,EL04; EL07; EL08; SC01,M-0092,Primary/Other,Yes,Price; Direction/Movement,Yes,Yes,Yes,No,,Yes,4,23,A_Direct_Methodological_Priority,Detailed extraction for gap and methodology design,High,Financial_News; Multimodal; Fusion; Transformer_Attention,stock market; stock movement; stock prediction; stock price,movement prediction; price movements; stock movement; stock price,attention,accuracy; datasets; outperforms,"Predicting stock price movements using hyperbolic space representation learning with cross-attention and multimodal data fusion || Accurate prediction of stock price movements remains a central challenge in developing effective investment strategies. || CHARMED integrates three distinct modalities–stock price sequences, financial news and Twitter commentary, and price covariance graphs–by leveraging self-attention and cross-attention mechanisms in the Poincaré ball model, followed by gated fusion to dynamically synthesize information. || Empirical evaluations on multiple real-world financial datasets demonstrate that CHARMED consistently outperforms conventional stock prediction baselines.",,,Yes,Unclear,Unclear,Yes,Yes,Unclear,Unclear,Unclear,Yes,Yes,Yes,Unclear,Unclear,Unclear,Unclear,Unclear,Unclear,Unclear,time series,,,financial news; news articles,social media; twitter,,,,multi-modal; multimodal,cross-attention; data fusion; fusion; gated fusion,self-attention,,,,,,,
doi:10.3390/e28040424,"Stock Forecasting Based on Informational Complexity Representation: A Framework of Wavelet Entropy, Multiscale Entropy, and Dual-Branch Network",Tian G.; Xu C.; Yang Y.,2026,Entropy,10.3390/e28040424,"Stock price sequences are characterized by pronounced nonlinearity, non-stationarity, and multi-scale volatility. They are further influenced by complex, multi-source factors, such as macroeconomic conditions and market behavior, making high-precision forecasting highly challenging. Existing approaches are limited by noise and multi-dimensional market features, as well as difficulties in balancing prediction accuracy with model complexity. To address these challenges, we propose Wavelet Entropy and Cross-Attention Network (WECA-Net), which combines wavelet decomposition with a multimodal cross-attention mechanism. From an information-theoretic perspective, stock price dynamics reflect the time-varying uncertainty and informational complexity of the market. We employ wavelet entropy to quantify the dispersion and uncertainty of energy distribution across frequency bands, and multiscale entropy to measure the scale-dependent complexity and regularity of the time series. These entropy-derived descriptors provide an interpretable prior of “information content” for cross-modal attention fusion, thereby improving robustness and generalization under non-stationary market conditions. Experiments on Chinese stock indices, A-Share, and CSI 300 component stock datasets demonstrate that WECA-Net consistently outperforms mainstream models in Mean Absolute Error (MAE) and R2 across all datasets. Notably, on the CSI 300 dataset, WECA-Net achieves an R2 of 0.9895, underscoring its strong predictive accuracy and practical applicability. This framework is also well aligned with sensor data fusion and intelligent perception paradigms, offering a robust solution for financial signal processing and real-time market state awareness. © 2026 by the authors.",cross-modal attention; market state awareness; multiscale entropy; stock price prediction; wavelet entropy,Article,Yes,No,No,SC01,M-2368,Primary/Other,Yes,Price,Yes,Yes,Yes,No,,Yes,4,23,A_Direct_Methodological_Priority,Detailed extraction for gap and methodology design,High,Multimodal; Fusion; Transformer_Attention; XAI,a-share; csi 300; stock forecasting; stock indices; stock price,price prediction; stock price,attention,accuracy; dataset; datasets; experiments; mae; outperforms; precision; r2,"Stock Forecasting Based on Informational Complexity Representation: A Framework of Wavelet Entropy, Multiscale Entropy, and Dual-Branch Network || Stock price sequences are characterized by pronounced nonlinearity, non-stationarity, and multi-scale volatility. || From an information-theoretic perspective, stock price dynamics reflect the time-varying uncertainty and informational complexity of the market.",,,Yes,Unclear,Unclear,Unclear,Unclear,Unclear,Unclear,Unclear,Yes,Yes,Yes,Unclear,Unclear,Unclear,Yes,Unclear,Unclear,Unclear,time series,,,,,,,,cross-modal; multi-source; multimodal,cross-attention; data fusion; fusion,attention mechanism,,,,interpretable,,,
doi:10.14569/ijacsa.2025.0161186,Informative Inputs Over Complex Features: Long Short-Term Memory Forecasting in the Saudi Stock Market,AlBalla M.; Alawajy A.; Alsalamah S.; Almuallem Z.,2025,International Journal of Advanced Computer Science and Applications,10.14569/ijacsa.2025.0161186,"This study investigates the effectiveness of deep learning, specifically Long Short-Term Memory (LSTM) networks, for forecasting stock closing prices in the Saudi Arabian market. Unlike prior research that focuses on narrow stock subsets or individual technical indicators, we present the first comprehensive evaluation across the top thirty companies by market capitalization on the Tadawul Exchange. We compare eight LSTM variants trained on different combinations of feature families, including technical indicators, calendar effects, and macroeconomic variables such as Brent oil prices and the Tadawul All Share Index (TASI). Despite the popularity of complex feature engineering, our results show that models using simpler macroeconomic inputs consistently outperform those based on technical indicators. In particular, combining the TASI with closing prices yielded the best results for 44.8% of stocks, improving median accuracy by 6.19% over the closing price-only baseline. Conversely, models incorporating extensive technical indicators or applying advanced feature selection techniques underperformed the baseline by 8 to 12%. These findings challenge the assumption that greater complexity leads to better performance in financial forecasting and highlight the value of focused, economically interpretable features in the Saudi market context. © (2025), (Science and Information Organization). All rights reserved.",Brent crude oil; Deep learning; feature engineering; Long Short-Term Memory; macroeconomic indicators; Saudi stock market; stock price forecasting; Tadawul; Tadawul All Share Index (TASI); Costs; Crude oil price; Electronic trading; Forecasting; Market Research; Brent crude oil; Deep learning; Feature engineerings; Macroeconomic indicators; Saudi stock market; Short term memory; Stock price forecasting; Tadawul; Tadawul all share index; Technical indicator; Long short-term memory,Article,Yes,No,No,SC01; SC05,M-2077,Primary/Other,Yes,Price,Yes,Yes,Yes,No,Commodity,Yes,3,23,A_Direct_Methodological_Priority,Detailed extraction for gap and methodology design,High,Technical_Indicators; Fundamental_Data; XAI,stock market; stock price,closing price; closing prices; price forecasting; stock price,deep learning; lstm,accuracy; evaluation; outperform; results show,Informative Inputs Over Complex Features: Long Short-Term Memory Forecasting in the Saudi Stock Market,,crude oil; oil price,Yes,Yes,Yes,Unclear,Unclear,Unclear,Unclear,Unclear,Unclear,Unclear,Unclear,Yes,Unclear,Unclear,Yes,Unclear,Unclear,Unclear,closing price,technical indicator; technical indicators,market capitalization,,,,,,,,,long short-term memory; lstm,,,interpretable,,,
doi:10.3390/s25030976,Multi-Sensor Temporal Fusion Transformer for Stock Performance Prediction: An Adaptive Sharpe Ratio Approach,Yang J.; Li P.; Cui Y.; Han X.; Zhou M.,2025,Sensors,10.3390/s25030976,"Accurate prediction of the Sharpe ratio, a key metric for risk-adjusted returns in financial markets, remains a significant challenge due to the complex and stochastic nature of stock price movements. This paper introduces a novel deep learning model, the Temporal Fusion Transformer with Adaptive Sharpe Ratio Optimization (TFT-ASRO), designed to address this challenge. The model incorporates real-time market sensor data and financial indicators as input signals, leveraging multiple data streams including price sensors, volume sensors, and market sentiment sensors to capture the complete market state. Using a comprehensive dataset of US historical stock prices and earnings data, we demonstrate that TFT-ASRO outperforms traditional methods and existing deep learning models in predicting Sharpe ratios across various time horizons. The model’s multi-task learning framework, which simultaneously predicts returns and volatility, provides a more nuanced understanding of risk-adjusted performance. Furthermore, our adaptive optimization approach effectively balances the trade-off between return maximization and risk minimization, leading to more robust predictions. Empirical results show that TFT-ASRO achieves a (Formula presented.) improvement in Sharpe ratio prediction accuracy compared to state-of-the-art baselines, with particularly strong performance in volatile market conditions. The model also demonstrates superior uncertainty quantification, providing reliable confidence intervals for its predictions. These findings have significant implications for portfolio management and investment strategy optimization, offering a powerful tool for financial decision-makers in the era of data-driven investing. © 2025 by the authors.",multi-task learning; sensor; sharpe ratio; stock prediction; temporal fusion transformer; uncertainty quantification; Deep learning; Financial markets; Multi-task learning; Prediction models; Learning models; Multi sensor; Multitask learning; Optimisations; Performance prediction; Sharpe ratios; Stock performance; Stock predictions; Temporal fusion transformer; Uncertainty quantifications; article; confidence interval; deep learning; financial market; human; investment; prediction; sensor; uncertainty; volatilization; Costs,Article,Yes,No,No,SC01; SC03,M-2509,Primary/Other,Yes,Price; Direction/Movement,Yes,Yes,Yes,Yes,,Yes,4,23,A_Direct_Methodological_Priority,Detailed extraction for gap and methodology design,High,Fundamental_Data; Sentiment; Fusion; Transformer_Attention,stock prediction; stock price; stock prices,price movements; stock price; stock prices,deep learning; transformer,accuracy; dataset; outperforms; results show,"Accurate prediction of the Sharpe ratio, a key metric for risk-adjusted returns in financial markets, remains a significant challenge due to the complex and stochastic nature of stock price movements. || Using a comprehensive dataset of US historical stock prices and earnings data, we demonstrate that TFT-ASRO outperforms traditional methods and existing deep learning models in predicting Sharpe ratios across various time horizons.",market sentiment,,Yes,Unclear,Yes,Unclear,Unclear,Yes,Unclear,Unclear,Unclear,Yes,Yes,Unclear,Unclear,Unclear,Unclear,Unclear,Unclear,Unclear,volume,,earnings,,,sentiment,,,,fusion,temporal fusion transformer; transformer,,,,,,,
doi:10.1007/s40747-025-02023-3,Stock movement prediction with multimodal stable fusion via gated cross-attention mechanism,Zong C.; Wan J.; Cascone L.; Zhou H.,2025,Complex and Intelligent Systems,10.1007/s40747-025-02023-3,"The accurate prediction of stock movements is crucial for investment strategies. Stock prices are subject to the influence of various forms of information, including financial indicators, sentiment analysis, news documents, and relational structures. Predominant analytical approaches, however, tend to address only unimodal or bimodal sources, neglecting the complexity of multimodal data. Further complicating the landscape are the issues of data sparsity and semantic conflicts between these modalities, which are frequently overlooked by current models, leading to unstable performance and limiting practical applicability. To address these shortcomings, this study introduces a novel architecture, named Multimodal Stable Fusion with Gated Cross-Attention (MSGCA), designed to robustly integrate multimodal input for stock movement prediction. The MSGCA framework consists of three integral components: (1) a trimodal encoding module, responsible for processing indicator sequences, dynamic documents, and a relational graph, and standardizing their feature representations; (2) a cross-feature fusion module, where primary and consistent features guide the multimodal fusion of the three modalities via a pair of gated cross-attention networks; and (3) a prediction module, which refines the fused features through temporal and dimensional reduction to execute precise movement forecasting. Empirical evaluations demonstrate that the MSGCA framework exceeds current leading methods, achieving performance gains of 8.1%, 6.1%, 21.7% and 31.6% on four multimodal datasets, respectively, attributed to its enhanced multimodal fusion stability. © The Author(s) 2025.",Gated cross-attention; Multimodal fusion; Stock movement prediction,Article,Yes,No,Yes,EL04; EL07; SC01,M-0315,Primary/Other,Yes,Price; Direction/Movement,Yes,Yes,Yes,Yes,,Yes,4,23,A_Direct_Methodological_Priority,Detailed extraction for gap and methodology design,High,Sentiment; Multimodal; Fusion; Transformer_Attention,stock movement; stock prices,movement prediction; stock movement; stock movements; stock prices,attention,datasets,"Stock movement prediction with multimodal stable fusion via gated cross-attention mechanism || Stock prices are subject to the influence of various forms of information, including financial indicators, sentiment analysis, news documents, and relational structures. || To address these shortcomings, this study introduces a novel architecture, named Multimodal Stable Fusion with Gated Cross-Attention (MSGCA), designed to robustly integrate multimodal input for stock movement prediction.",sentiment analysis,,Unclear,Unclear,Unclear,Unclear,Unclear,Yes,Unclear,Unclear,Yes,Yes,Yes,Unclear,Unclear,Unclear,Unclear,Unclear,Unclear,Unclear,,,,,,sentiment,,,multimodal,cross-attention; feature fusion; fusion,attention mechanism,,,,,,,
doi:10.1007/s00500-025-10901-8,StockAI 3.0: Ensemble fusion paradigms using novel gating mechanism in long short-term memory architectures for forecasting sentiment-based stock trends,Sharma Y.; Gupta S.; Gupta N.; Tiwari E.; Singh R.; Khanna N.N.; Al-Maini M.; Rathore V.; Ahluwalia P.; Kumari V.; Naidu S.; Saba L.; Suri J.S.,2025,Soft Computing,10.1007/s00500-025-10901-8,"Financial time series prediction requires researchers to detect dynamic market indicator relationships while also predicting short-term market trends that are either positive or negative. Conventional LSTM (cLSTM) models face limitations when identifying multiple complex relationships between their input data points. Our work adds Price-to-Earnings (PE) and Price-to-Book (PB), Volatility Index (VIX), and Sentiment Score to the standard Open, Close, Volume features to enhance prediction accuracy levels. We introduce two enhanced Extended Long Short-Term Memory (xLSTM) architectures: (i) xLSTMcg, which implements cross-gating, and (ii) xLSTMeg, which employs exponential gating to improve information flow between feature channels. We compare categorical versus feature-based loss functions and apply ensemble techniques—bagging, boosting, and stacking—to optimize our bidirectional fused models. Furthermore, our study also evaluates the stability of models on validation dataset. The bidirectional configurations produced superior results compared to unidirectional configuration by 2% to 3%. Through the experiment, xLSTMeg model achieved 86.2% accuracy, but when combined within a stacking ensemble, yielded an accuracy of 91.2% with area-under-the-curve (AUC) of 0.95. The obtained results of xLSTMeg showed better performance than both cLSTM and xLSTMcg models. Additionally, our study meets regulatory standards by maintaining less than a 5% performance difference between experimental and external validation dataset. Integrating advanced gating mechanisms with ensemble fusion significantly enhances LSTM-based financial forecasts, delivering robust performance under varied market conditions. This framework lays a solid foundation for future market-forecasting research and supports more effective trading decisions and risk-management strategies. © The Author(s), under exclusive licence to Springer-Verlag GmbH Germany, part of Springer Nature 2025.",cLSTM; Data augmentation; Ensemble fusion; xLSTMcg; xLSTMeg; Commerce; Decision making; Financial data processing; Forecasting; Market Research; Conventional LSTM; Data augmentation; Ensemble fusion; Financial time series predictions; Gating mechanisms; Performance; Short term memory; Stackings; XLSTMcg; XLSTMeg; Risk management,Article,Yes,No,No,SC01,M-0072,Primary/Other,Yes,Trend,Yes,Yes,Yes,Yes,,Yes,3,23,A_Direct_Methodological_Priority,Detailed extraction for gap and methodology design,High,Fundamental_Data; Sentiment; Fusion,stock trends,market trends; stock trends,lstm,accuracy; auc; dataset; experiment; experimental,StockAI 3.0: Ensemble fusion paradigms using novel gating mechanism in long short-term memory architectures for forecasting sentiment-based stock trends,trading decisions,,Yes,Unclear,Yes,Unclear,Unclear,Yes,Unclear,Unclear,Unclear,Yes,Unclear,Yes,Unclear,Unclear,Unclear,Unclear,Unclear,Unclear,time series; volume,,earnings; price-to-earnings,,,sentiment; sentiment score,,,,fusion,,long short-term memory; lstm,,,,,,
doi:10.1016/j.asoc.2024.112342,Cross-modal scenario generation for stock price forecasting using Wasserstein GAN and GCN,Wang Z.; Wang B.; Li Y.; Liu S.; Li H.; Watada J.,2024,Applied Soft Computing,10.1016/j.asoc.2024.112342,"The forecasting of stock price has always been a difficult problem, as the various inputs like company performance, technical innovation, political factors are intricate and often assessed with uncertainty. While most of the existing studies belong to deterministic forecast that focused on either the trend or exact value of future stock price, the forecasted results contain little uncertain information, thus bringing certain risks to investors. In this study, an effective scenario generation method based on wasserstein generative adversarial network (WGAN) is proposed for stock price forecasting, which can characterize the temporally and spatially correlations among different stocks, so as to help investors make proper investment strategies in complicated market environments. To the best of our knowledge, the scenario generation of stock price has been rarely studied by existing publications. Specifically, considering the inherent correlation among stocks, graph convolutional network (GCN) is used to capture the features of related stocks, whereafter the features of target stocks and related stocks are combined. In terms of feature fusion, this paper further uses a pre-trained model to obtain the key information of news headlines as text features, and fully integrates them with historical data through the attention mechanism, thus improving the overall performance of scenario generation. In summary, the proposed model can generate promising scenarios for future stock prices over time based on cross-modal information like historical data and news headlines. Numerical experiments show that our method outperforms other baseline methods in terms of root-mean-square error and average absolute percentage error (the average of several scenarios). For each part of the method, stock correlation is the most helpful for the results, followed by cross-modal information, with scenario generation contributing less to the results. Besides, experiments on a real-life portfolio selection problem also demonstrate that our method brings the highest returns, which proves its effectiveness in practical application. © 2024 Elsevier B.V.",Cross-modal information fusion; Deep learning; Scenario generation; Stock correlation; Stock price forecasting; Adversarial machine learning; Company performance; Convolutional networks; Cross-modal; Cross-modal information fusion; Deep learning; Historical data; Scenarios generation; Stock correlation; Stock price; Stock price forecasting; Generative adversarial networks,Article,Yes,Yes,No,SC01; SD01; SD04; SD05,M-0463,Primary/Other,Yes,Price,Yes,Yes,Yes,Yes,,Yes,4,23,A_Direct_Methodological_Priority,Detailed extraction for gap and methodology design,High,Financial_News; Multimodal; Fusion; Transformer_Attention,stock price; stock prices,price forecasting; stock price; stock prices,attention; convolutional; deep learning; machine learning,experiments; outperforms,"Cross-modal scenario generation for stock price forecasting using Wasserstein GAN and GCN || The forecasting of stock price has always been a difficult problem, as the various inputs like company performance, technical innovation, political factors are intricate and often assessed with uncertainty. || While most of the existing studies belong to deterministic forecast that focused on either the trend or exact value of future stock price, the forecasted results contain little uncertain information, thus bringing certain risks to investors. || In this study, an effective scenario generation method based on wasserstein generative adversarial network (WGAN) is proposed for stock price forecasting, which can characterize the temporally and spatially correlations among different stocks, so as to help investors make proper investment strategies in complicated market environments. || To the best of our knowledge, the scenario generation of stock price has been rarely studied by existing publications. || In summary, the proposed model can generate promising scenarios for future stock prices over time based on cross-modal information like historical data and news headlines.",portfolio selection,,Unclear,Unclear,Unclear,Yes,Unclear,Unclear,Unclear,Unclear,Yes,Yes,Yes,Unclear,Unclear,Unclear,Unclear,Unclear,Unclear,Unclear,,,,news headlines,,,,,cross-modal,feature fusion; fusion,attention mechanism,,,,,,,
doi:10.22201/icat.24486736e.2026.24.1.2885,A comprehensive model to support investment decisions based on deep learning and evolutionary algorithms,Lozano X.S.; Moreno-Cepeda R.; Montelongo J.A.G.; Flores J.D.C.; Álvarez–gaona J.A.; Tolentino C.,2026,Journal of Applied Research and Technology,10.22201/icat.24486736e.2026.24.1.2885,"This paper presents and assesses a comprehensive approach to stock price forecasting and portfolio selection that integrates advanced computational intelligence techniques with fundamental and technical analyses. Several outstanding forecasting methods are compared to identify the most accurate model. Subsequently, differential evolution is used to optimize a stock portfolio, leveraging the results of the selected forecasting method along with key technical and fundamental indicators. Experiments show that the proposed method consistently yields higher returns and better risk management than several benchmarks. Statistical validation confirms the model’s superior performance, highlighting its potential as a robust tool for optimizing investment portfolios. © 2026, Universidad Nacional Autonoma de Mexico. All rights reserved.",computational intelligence; differential evolution; fundamental analysis; price forecasting; Stock selection; technical analysis,Article,Yes,No,No,SC01; SC03,M-2190,Primary/Other,Yes,Price,Yes,Yes,Yes,Yes,,Yes,3,22,A_Direct_Methodological_Priority,Detailed extraction for gap and methodology design,High,Technical_Indicators; Fundamental_Data; Metaheuristic,stock price,price forecasting; stock price,deep learning,benchmarks; experiments,This paper presents and assesses a comprehensive approach to stock price forecasting and portfolio selection that integrates advanced computational intelligence techniques with fundamental and technical analyses.,portfolio selection; stock selection,,Unclear,Yes,Yes,Unclear,Unclear,Unclear,Unclear,Unclear,Unclear,Unclear,Unclear,Unclear,Unclear,Yes,Unclear,Unclear,Unclear,Unclear,,technical analysis,fundamental analysis; fundamental indicators,,,,,,,,,,,differential evolution,,,,
doi:10.1007/s10614-025-11286-4,"Penalized Logistic Regressions with Technical Indicators, Fundamental Indicators and Sentiment Indicators Predict Weekly Stock Up or Down Trends",Hu X.; Liu L.; Cui T.; Xia L.,2026,Computational Economics,10.1007/s10614-025-11286-4,"Accurately predicting weekly stock up or down trends is critical in the financial markets. In order to improve the prediction accuracy, in this paper we combine technical indicators, fundamental indicators and sentiment indicators with LASSO/SCAD/MCP penalized logistic regressions for predicting weekly up or down trends of stock prices for listed companies. Firstly, 24 technical indicators, 20 fundamental indicators and 4 sentiment indicators are selected as predictor vectors, and weekly up or down trends of stock prices is used as a two-class response variable, and then construct LASSO/SCAD/MCP penalized logistic regressions. Secondly, coordinate descent algorithm and the training samples are introduced to select some important variables and get these parameter estimators, and apply the test samples and the trained models to predict weekly up or down trends of stock price. Thirdly, we calculate the confusion matrix, sensitivity and specificity, and plot the ROC curve to compare their prediction performance. Finally, we apply the proposed method to predict weekly up or down trends for four Chinese listed companies from 2010 to 2023. The prediction results show that LASSO/SCAD/MCP penalized logistic regressions with technical indicators, fundamental indicators and sentiment indicators outperform LASSO/SCAD/MCP penalized logistic regressions with technical indicators, 3 machine learning methods and 3 deep learning methods. © The Author(s), under exclusive licence to Springer Science+Business Media, LLC, part of Springer Nature 2026.",Coordinate descent algorithm; Fundamental indicators; Penalized logistic regressions; Sentiment indicators; Technical indicators; Weekly stock up or down trends,Article,Yes,No,No,SC01; SC02; SC03,M-0208,Primary/Other,Yes,Price; Direction/Movement,Yes,Yes,Yes,No,,Yes,3,22,A_Direct_Methodological_Priority,Detailed extraction for gap and methodology design,High,Technical_Indicators; Fundamental_Data; Sentiment,stock price; stock prices,stock price; stock prices; up or down,deep learning; machine learning,accuracy; outperform; results show; training,"In order to improve the prediction accuracy, in this paper we combine technical indicators, fundamental indicators and sentiment indicators with LASSO/SCAD/MCP penalized logistic regressions for predicting weekly up or down trends of stock prices for listed companies. || Firstly, 24 technical indicators, 20 fundamental indicators and 4 sentiment indicators are selected as predictor vectors, and weekly up or down trends of stock prices is used as a two-class response variable, and then construct LASSO/SCAD/MCP penalized logistic regressions. || Secondly, coordinate descent algorithm and the training samples are introduced to select some important variables and get these parameter estimators, and apply the test samples and the trained models to predict weekly up or down trends of stock price.",,,Unclear,Yes,Yes,Unclear,Unclear,Yes,Unclear,Unclear,Unclear,Unclear,Unclear,Unclear,Unclear,Unclear,Unclear,Unclear,Unclear,Unclear,,technical indicators,fundamental indicators,,,sentiment,,,,,,,,,,,,
doi:10.1145/3810185,Semantic Graph Based Learning for Trend Prediction from Long Financial Documents,Xia B.; Gupta A.; Zaki M.J.,2026,ACM Transactions on Management Information Systems,10.1145/3810185,"Language models (LMs) have shown great promise in generative and predictive tasks. However, they do not explicitly incorporate semantic relations, and despite the progress in increasing the context size, they still struggle with long documents. Since abstract meaning representation (AMR), which is a graph-based representation of text to preserve its semantic relations, can encode semantic relationships at a deeper level, it can be beneficially utilized by graph neural networks (GNNs) for constructing effective document-level graph representations built upon LM embeddings for predictive tasks. We propose FLAG, an AMR-based framework to generate document-level embeddings via GNNs for long document classification tasks. We construct document-level graphs from sentence-level AMR graphs, endow them with finance-specific LM word embeddings, apply a GNN-based deep learning mechanism, and examine the efficacy of our AMR-based approach in predicting trends from financial documents. Extensive experiments on several different tasks are conducted on two large datasets of quarterly earnings call transcripts. We find that FLAG outperforms fine-tuning LMs directly on text in predicting stock price movement trends, as well as previous work utilizing document graphs and GNNs for text classification. Finally, we demonstrate our AMR-graph-based approach’s potential for explainability via a case study. © 2026 Copyright held by the owner/author(s).",abstract meaning representation; conference call transcripts; document representation; earnings calls; graph neural networks; language models; Long financial documents; predictive analytics; stock trend prediction; Abstracting; Classification (of information); Computational linguistics; Deep learning; Electronic trading; Finance; Graph embeddings; Graph neural networks; Graph theory; Graphic methods; Information management; Information systems; Large datasets; Natural language processing systems; Sales; Semantic Web; Semantics; Text processing; Abstract meaning representation; Conference call transcript; Document Representation; Earning call; Graph neural networks; Language model; Level graphs; Long financial document; Semantic relations; Stock trend prediction; Predictive analytics,Article,Yes,No,No,SC01; SC05,M-1897,Primary/Other,Yes,Price; Direction/Movement; Trend,Yes,Yes,Yes,No,,Yes,3,22,A_Direct_Methodological_Priority,Detailed extraction for gap and methodology design,High,Fundamental_Data; Financial_News; XAI,stock price; stock trend,price movement; stock price; stock trend; trend prediction,deep learning; gnn; graph neural; neural networks,datasets; experiments; outperforms,"We find that FLAG outperforms fine-tuning LMs directly on text in predicting stock price movement trends, as well as previous work utilizing document graphs and GNNs for text classification.",,,Unclear,Unclear,Yes,Yes,Unclear,Unclear,Unclear,Unclear,Unclear,Unclear,Unclear,Unclear,Unclear,Unclear,Yes,Unclear,Unclear,Unclear,,,earnings,earnings call,,,,,,,,,,,explainability,,,
doi:10.1080/2573234x.2025.2552440,The sentiment-size nexus: how financial news drives forecasting power across market caps,George M.; Murugesan R.,2026,Journal of Business Analytics,10.1080/2573234x.2025.2552440,"This study investigates the relationship between the forecasting power of web-based financial news sentiments and market capitalisation by analysing large, mid, and small-cap Indian stocks at both the index and sectoral levels. The analysis is further extended to two emerging Asian economies, Malaysia, and Vietnam. Given the dominant contribution of the finance sector, the study analyses the impact of financial news sentiments within the financial sector across each market cap. For this, 1,54,448 news headlines are extracted from an online news website, where financial news is identified using a TFIDF-GRU model and a keyword search with 187 financial terms. Sentiments are computed using a hybrid Doc2Vec-TFIDF feature extraction technique and an SVM classifier. The study employs a hybrid BiLSTM-GRU model incorporating web-based financial news sentiments alongside technical and macroeconomic indicators such as 10-year bond yield, exchange rate, gold price, crude oil price, and S&P500 closing price. Findings reveal that the forecasting power of web-based financial news sentiments varies significantly with market cap, with a strong impact on large-cap and mid-cap stocks. The study holds significant economic and policy implications, offering actionable insights for stakeholders across financial markets, regulatory bodies, and government. © 2025 The Operational Research Society.",BiLSTM-GRU; investor sentiments; Market caps; stock price forecasting; web-based news headlines; Costs; Crude oil price; Decentralized finance; Electronic trading; Forecasting; Investments; Public policy; BiLSTM-GRU; Financial news; Investor's sentiments; Malaysia; Market cap; Market capitalization; Power; Stock price forecasting; Web based; Web-based news headline; Websites,Article,Yes,No,No,SC01,M-1597,Primary/Other,Yes,Price,Yes,Unclear,Yes,No,Forex; Commodity,Yes,4,22,A_Direct_Methodological_Priority,Detailed extraction for gap and methodology design,High,Fundamental_Data; Financial_News; Sentiment; Indian_Market,s&p500; stock price,closing price; price forecasting; stock price,gru; svm,,"The study employs a hybrid BiLSTM-GRU model incorporating web-based financial news sentiments alongside technical and macroeconomic indicators such as 10-year bond yield, exchange rate, gold price, crude oil price, and S&P500 closing price.",,exchange rate; crude oil; gold price; oil price,Yes,Unclear,Yes,Yes,Unclear,Yes,Unclear,Unclear,Unclear,Unclear,Unclear,Yes,Unclear,Unclear,Unclear,Unclear,Yes,Unclear,closing price,,market capitalisation; market capitalization,financial news; news headline; news headlines,,sentiment,,,,,,bilstm; gru,,,,,indian stocks,
doi:10.1109/access.2025.3589063,A Multi-Modal Approach Using a Hybrid Vision Transformer and Temporal Fusion Transformer Model for Stock Price Movement Classification,Kpereobong Friday I.; Prasanna Pati S.; Mishra D.,2025,IEEE Access,10.1109/access.2025.3589063,"Stock market price movement primarily focuses on accurately classifying buy and sell signals, which enables traders to maximize profits with well-timed market entry and exit trading positions. This study presents and implements a multi-modal deep learning approach to classifying stock price movement. Our approach adequately captures potential price reversals or continuations by utilizing two modalities (candlestick chart patterns and historical price data). Specifically, the proposed framework converts the historical data into candlestick charts of 256 × 256-pixel images where both modalities are effectively integrated and processed. A key innovation employed is the application of the histogram of oriented gradients (HOG) to extract relevant descriptors, including the candlestick colour, body-to-wick proportions, and wick size. Concurrently, the vision transformer (ViT) model is used to process the images using an embedded projection and multi-head self-attention to extract salient spatial features into a non-overlapping patch of 16 × 16 pixels, which are treated as input tokens for the model. After which, the temporal fusion transformer (TFT) model processes the historical features, candlestick chart features, and the extracted HOG features via a decision-level (late feature fusion) strategy that concatenates these inputs to predict short-term price movements over different horizons (1 day, 3 days, 7 days, and 10 days ahead). We systematically evaluate the model performance using a time series cross-validation split to demonstrate the proposed model’s efficacy and generalization across eight indices (BSE, IXIC, N225, NIFTY-50, NSE-30, NYSE, S&P 500, and SSE). The results demonstrate the superior performance of our multi-modal approach, achieving average accuracy, precision, recall, and matthew correlation coefficient (MCC) of 96.17%, 96.24%, 96.15%, and 0.9367, respectively across all evaluated indices. Furthermore, using a real-time trading simulation, the study assesses the practical implications of different window sizes (5, 10, and 15 days). A paired t-test is also conducted to validate the proposed model against benchmarks statistically. The analysis provides valuable insights into how short and long-term traders can effectively maximize the proposed model, highlighting its adaptability for real-world applications. © 2013 IEEE.",Candlestick; histogram of oriented gradients (HOG); multi-modal; stock price movement; temporal fusion transformer (TFT); vision transformer (ViT); Commerce; Computer vision; Costs; Electronic trading; Financial markets; Graphic methods; Information management; Modal analysis; Pixels; Candlestick; Candlestick chart; Histogram of oriented gradient; Histogram of oriented gradients; Multi-modal; Multi-modal approach; Stock price movements; Temporal fusion transformer; Transformer modeling; Vision transformer; Classification (of information),Article,Yes,No,Yes,EL04; SC01; SC06,M-1713,Primary/Other,Yes,Price; Direction/Movement,Yes,Yes,Yes,Yes,,Yes,4,22,A_Direct_Methodological_Priority,Detailed extraction for gap and methodology design,High,Multimodal; Fusion; Transformer_Attention; Indian_Market,nifty; s&p 500; stock market; stock price,price movement; price movements; stock price,attention; deep learning; transformer,accuracy; benchmarks; evaluate; evaluated; precision; recall; results demonstrate,"A Multi-Modal Approach Using a Hybrid Vision Transformer and Temporal Fusion Transformer Model for Stock Price Movement Classification || Stock market price movement primarily focuses on accurately classifying buy and sell signals, which enables traders to maximize profits with well-timed market entry and exit trading positions. || This study presents and implements a multi-modal deep learning approach to classifying stock price movement.",buy and sell,,Yes,Unclear,Unclear,Unclear,Unclear,Unclear,Unclear,Unclear,Yes,Yes,Yes,Unclear,Unclear,Unclear,Unclear,Unclear,Yes,Unclear,historical price; time series,,,,,,,,multi-modal,decision-level; feature fusion; fusion,self-attention; temporal fusion transformer; transformer,,,,,,bse; nifty; nse,
doi:10.1007/s10489-025-06330-7,Dynamic fusion of multi-source heterogeneous data using MOE mechanism for stock prediction,Dong Y.; Wu Z.; Hao Y.,2025,Applied Intelligence,10.1007/s10489-025-06330-7,"Stock prices are influenced by numerous factors, including social media, news, and financial reports, serving as indicators of financial market dynamics. However, harnessing diverse information from different sources and structures to predict price trends remains challenging. In this paper, we propose a dual-stage deep learning model based on the Mixture-of-Expert (MoE) mechanism. In stage one, three distinct expert networks encode information about price movements, financial news, and investor sentiments through multi-source interaction attention. In stage two, a gated network dynamically fuses outputs, capturing temporal relationships in windowed data. Experimental results on the Chinese stock market demonstrate our model outperforms existing ones in forecasting tasks. © The Author(s), under exclusive licence to Springer Science+Business Media, LLC, part of Springer Nature 2025.",Deep learning; Financial data analysis; Mixture-of-expert; Stock price prediction; Decentralized finance; Deep learning; Expert systems; Financial markets; Deep learning; Dynamic fusion; Financial Data Analysis; Heterogeneous data; Mixture of experts; Multi-Sources; Social media; Stock predictions; Stock price; Stock price prediction; Costs,Article,Yes,No,No,SC01,M-0128,Primary/Other,Yes,Price; Direction/Movement; Trend,Yes,Yes,Yes,No,,Yes,3,22,A_Direct_Methodological_Priority,Detailed extraction for gap and methodology design,High,Financial_News; Multimodal; Fusion,stock market; stock prediction; stock price; stock prices,price movements; price prediction; price trends; stock price; stock prices,attention; deep learning,experimental; outperforms,"Dynamic fusion of multi-source heterogeneous data using MOE mechanism for stock prediction || Stock prices are influenced by numerous factors, including social media, news, and financial reports, serving as indicators of financial market dynamics. || Experimental results on the Chinese stock market demonstrate our model outperforms existing ones in forecasting tasks. © The Author(s), under exclusive licence to Springer Science+Business Media, LLC, part of Springer Nature 2025.",,,Unclear,Unclear,Unclear,Yes,Yes,Unclear,Unclear,Unclear,Yes,Yes,Unclear,Unclear,Unclear,Unclear,Unclear,Unclear,Unclear,Unclear,,,,financial news,social media,,,,heterogeneous data; multi-source,fusion,,,,,,,,
doi:10.1016/j.pacfin.2025.102873,Enhancing stock market return predictability by using a novel autoencoder-based aggregate EPU index,Li X.-X.; Xie C.; Wang G.-J.; Zhu Y.; Li Z.-C.; Zhang Z.-Y.,2025,Pacific Basin Finance Journal,10.1016/j.pacfin.2025.102873,"We propose a novel aggregate economic policy uncertainty (EPU) index, which is constructed using an autoencoder to extract the relevant component from eight news-based EPU proxies, for examining the impact of EPU on the stock market returns. We find that the autoencoder-based aggregate EPU index (i) exhibits the strong in-sample and out-of-sample forecasting power, and outperforms the existing EPU measures as well as well-known macroeconomic variables; (ii) generates the considerable economic value for the mean-variance investors in terms of portfolio optimization; (iii) derives its predictive ability primarily from the cash flow channel; and (iv) displays the asymmetric return predictability, with heightened performance in the low-sentiment periods. © 2025 Elsevier B.V.",Asset pricing; Autoencoder; Deep learning; Economic policy uncertainty; Return predictability; Stock market,Article,Yes,No,No,SC01; SC06,M-1270,Primary/Other,Yes,Return,Yes,Yes,Yes,Yes,,Yes,3,22,A_Direct_Methodological_Priority,Detailed extraction for gap and methodology design,High,Fundamental_Data; Sentiment; Temporal_Validation,stock market,market return; market returns,deep learning,outperforms,"Enhancing stock market return predictability by using a novel autoencoder-based aggregate EPU index || We propose a novel aggregate economic policy uncertainty (EPU) index, which is constructed using an autoencoder to extract the relevant component from eight news-based EPU proxies, for examining the impact of EPU on the stock market returns.",portfolio optimization,,Unclear,Unclear,Yes,Unclear,Unclear,Yes,Unclear,Unclear,Unclear,Unclear,Unclear,Unclear,Unclear,Unclear,Unclear,Yes,Unclear,Unclear,,,cash flow,,,sentiment,,,,,,,,,,out-of-sample,,
doi:10.1080/03081079.2025.2590080,FFIR-Net: a feature fusion and inter-stock relationship network for stock price movement prediction,Yu X.; Lv Z.; Chen Y.; Shen C.; Chen C.,2025,International Journal of General Systems,10.1080/03081079.2025.2590080,"Stock price movement prediction is pivotal yet inherently challenging in financial markets, mainly due to difficulties in effectively integrating multimodal data and modeling intricate, dynamic inter-stock relationships. This paper proposes FFIR-Net, an innovative deep learning framework for precise prediction with two core functions: Feature Fusion and Inter-stock Relationship Learning. It has three key components: Tensor Fusion that fuses daily trading data and market sentiment information through attention-based alignment, Multiscale Feature Mixer that captures temporal evolution patterns by decomposing historical data into multiscale subsequences, and HGAT-GE that models intricate inter-stock relationships. Its three major contributions include an Inter-Stock Relationship Learning module revealing hidden multiscale dependencies via HGAT-GE and dynamic hypergraph generation, an end-to-end framework without manual feature engineering, and validation on CSI100E and S&P500 datasets. FFIR-Net outperforms state-of-the-art (SOTA) methods in both classification metrics and practical trading profitability, and displays robust adaptability to bull, bear, and sideways markets. © 2025 Informa UK Limited, trading as Taylor & Francis Group.",graph neural networks; hypergraph attention networks; inter-stock relationships; stock movement prediction; Commerce; Deep learning; Electronic trading; Financial markets; Neural networks; Tensors; Features fusions; Graph neural networks; Hyper graph; Hypergraph attention network; Inter-stock relationship; Movement prediction; Relationship networks; Stock movement; Stock movement prediction; Stock price movement predictions; Forecasting,Article,Yes,No,No,SC01,M-1541,Primary/Other,Yes,Price; Direction/Movement,Yes,Yes,Yes,Yes,,Yes,3,22,A_Direct_Methodological_Priority,Detailed extraction for gap and methodology design,High,Sentiment; Multimodal; Fusion,s&p500; stock movement; stock price,movement prediction; price movement; stock movement; stock price,attention; deep learning; graph neural; neural networks,datasets; outperforms,"FFIR-Net: a feature fusion and inter-stock relationship network for stock price movement prediction || Stock price movement prediction is pivotal yet inherently challenging in financial markets, mainly due to difficulties in effectively integrating multimodal data and modeling intricate, dynamic inter-stock relationships.",market sentiment,,Unclear,Unclear,Unclear,Unclear,Unclear,Yes,Unclear,Unclear,Yes,Yes,Unclear,Unclear,Unclear,Unclear,Unclear,Unclear,Unclear,Unclear,,,,,,sentiment,,,multimodal,feature fusion; fusion,,,,,,,,
doi:10.24425/ijet.2025.153538,LLM-Based multi-agent system for individual investment in energy and natural resources,Zaleski A.; Chudziak J.A.,2025,International Journal of Electronics and Telecommunications,10.24425/ijet.2025.153538,"Recent advancements in large language models and multiagent large language model based systems show that these technologies can be applied to a large number of problems. They can automate complex tasks and perform advanced analyses that would take an expert a significant amount of time. This article describes a multiagent large language model (LLM) based platform for investment advisory in the energy natural resources sector. The system integrates multiple types of investment analyses e.g. technical analysis, fundamental analysis, sentiment analysis and stock price prediction. The approach of integrating multiple types of analyses in one system allows the investor to save significant amount of time on analyzing potential investments. © The Author(s).",Autonomous LLM Agents; Energy Minerals Market; Investment Advisory System; LangGraph; Multiagent systems; Advisory systems; Autonomous large language model agent; Energy; Energy mineral market; Investment advisory system; Langgraph; Language model; Model agents; Model-based OPC; Multi agent,Article,Yes,No,No,SC03,M-2219,Primary/Other,Yes,Price,Yes,Unclear,Yes,Yes,,Yes,4,22,A_Direct_Methodological_Priority,Detailed extraction for gap and methodology design,High,Technical_Indicators; Fundamental_Data; Sentiment; LLM_FinGPT,stock price,price prediction; stock price,large language model; large language models; llm,,"The system integrates multiple types of investment analyses e.g. technical analysis, fundamental analysis, sentiment analysis and stock price prediction.",sentiment analysis,,Unclear,Yes,Yes,Unclear,Unclear,Yes,Unclear,Yes,Unclear,Unclear,Unclear,Unclear,Unclear,Unclear,Unclear,Unclear,Unclear,Unclear,,technical analysis,fundamental analysis,,,sentiment,,large language model; large language models; llm,,,,,,,,,,
doi:10.1109/tnnls.2025.3561811,Pleno-Alignment Framework for Stock Trend Prediction,Luo Y.; Zheng J.; Yang Z.; Chen N.; Wu D.,2025,IEEE Transactions on Neural Networks and Learning Systems,10.1109/tnnls.2025.3561811,"Predicting stock trends is a highly rewarding but high-risk endeavor due to the complex interplay of market dynamics, irrational behaviors, and diverse sentiments. Previous studies have used time-series analysis on historical prices or sentiment analysis on textual information. However, these methods often fail to capture the dynamic interactions between text and time-series modalities and overlook the different perspectives embedded in textual data. To address these limitations, we propose the pleno-alignment framework (PAFrame) that enhances multimodal stock information through intermodal and intramodal alignment to capture market dynamics. Our framework first integrates textual and time-series data in a shared representation space to learn modal-invariant information. To tackle divergent sentiments in textual data, we employ a contrastive learning approach to extract abstract semantic meanings from objective and subjective perspectives, thereby improving the robustness of language representations. Finally, we use a hybrid approach that explicitly combines cross-attention mechanisms to create a unified representation and utilizes prompts to implicitly guide language models with numerical financial indicators for final prediction. Our comprehensive experiments on five real-world datasets show that PAFrame outperforms existing methods in predicting stock trends. © 2012 IEEE.",Contrastive learning; language model; multimodal; stock trend prediction; time series; Semantics; Sentiment analysis; Irrational behaviours; Language model; Market dynamics; Multi-modal; Price-analysis; Sentiment analysis; Stock trend prediction; Textual data; Time-series analysis; Times series; article; controlled study; human; language model; prediction; sentiment analysis; time series analysis; Contrastive Learning,Article,Yes,No,No,SC01,M-1818,Primary/Other,Yes,Trend,Yes,Yes,Yes,Yes,,Yes,3,22,A_Direct_Methodological_Priority,Detailed extraction for gap and methodology design,High,Sentiment; Multimodal; Fusion,stock trend; stock trends,stock trend; stock trends; trend prediction,attention,datasets; experiments; outperforms,"Pleno-Alignment Framework for Stock Trend Prediction || Predicting stock trends is a highly rewarding but high-risk endeavor due to the complex interplay of market dynamics, irrational behaviors, and diverse sentiments. || Our comprehensive experiments on five real-world datasets show that PAFrame outperforms existing methods in predicting stock trends. © 2012 IEEE.",sentiment analysis,,Yes,Unclear,Unclear,Unclear,Unclear,Yes,Unclear,Unclear,Yes,Yes,Unclear,Unclear,Unclear,Unclear,Unclear,Unclear,Unclear,Unclear,historical prices; time series,,,,,sentiment,,,multi-modal; multimodal,cross-attention,,,,,,,,
doi:10.1016/j.ijforecast.2024.11.007,Stock return predictability in the frequency domain,Zhifeng Dai and Fuwei Jiang and Jie Kang and Bowen Xue,2025,International Journal of Forecasting,10.1016/j.ijforecast.2024.11.007,"This paper investigates the role of time–frequency information in dimension reduction prediction of stock returns. Using the long-term wavelet component of monthly S&P500 excess returns as supervision, we employ a machine learning method to extract the common predictive factor from prevalent macroeconomic variables and construct a new macroeconomic index aligned with stock return prediction. The macroeconomic index exhibits significant predictive power, both in and out of sample, at the market and portfolio levels. It outperforms all individual macroeconomic predictors and the factors based on higher frequency information of realized returns. Our findings demonstrate substantial economic value of the new index in asset allocation. Moreover, we also observe a complementary relation between macroeconomic index and investor sentiment. The predictive power is most pronounced during high-economic-uncertainty periods when investors are likely to underreact to fundamental signals and stems from cash flow predictability channel.","Asset allocation, Machine learning, Out-of-sample forecast, Stock return, Wavelet decomposition",Article,No,Yes,No,SD01,M-0932,Primary/Other,Yes,Return,Yes,Yes,Yes,Yes,,Yes,3,22,A_Direct_Methodological_Priority,Detailed extraction for gap and methodology design,High,Fundamental_Data; Sentiment; Temporal_Validation,s&p500; stock return; stock returns,return prediction; stock return; stock returns,machine learning,outperforms,"Stock return predictability in the frequency domain || This paper investigates the role of time–frequency information in dimension reduction prediction of stock returns. || Using the long-term wavelet component of monthly S&P500 excess returns as supervision, we employ a machine learning method to extract the common predictive factor from prevalent macroeconomic variables and construct a new macroeconomic index aligned with stock return prediction.",asset allocation; investor sentiment,,Unclear,Unclear,Yes,Unclear,Unclear,Yes,Unclear,Unclear,Unclear,Unclear,Unclear,Unclear,Unclear,Unclear,Unclear,Yes,Unclear,Unclear,,,cash flow,,,sentiment,,,,,,,,,,out of sample; out-of-sample,,
doi:10.1016/j.procs.2024.08.198,Comparative research on multi-source heterogeneous data fusion technologies,Wen Long and Jing Gao and Man Guo,2024,Procedia Computer Science,10.1016/j.procs.2024.08.198,"Both structured market data and unstructured financial news data can significantly affect stock price fluctuations. Therefore, relying only on a single data source for stock price trend prediction may produce information bias. This article combines these two types of heterogeneous data and systematically compares the effectiveness of different data fusion technologies to establish the optimal data integration strategy, thereby improving the accuracy of stock price prediction. Specifically, this paper innovatively proposes a stock price trend prediction model named MVL-SVM. The model successfully combines multi-perspective learning with support vector machine, and realizes the effective fusion of stock market data and financial news data. It is worth mentioning that the prediction accuracy of MVL-SVM model using direct fusion method is more than 30% higher than that of index modeling method, which indicates that direct fusion method can fully learn effective information from multiple information sources, thus significantly improving the prediction effect.","Multi-view Learning, MVL-SVM, Market data, Financial news data, Heterogeneous data fusion",Article,No,Yes,No,SD01; SD02,M-1329,Primary/Other,Yes,Price; Trend,Yes,Yes,Yes,No,,Yes,3,22,A_Direct_Methodological_Priority,Detailed extraction for gap and methodology design,High,Financial_News; Multimodal; Fusion,stock market; stock price,price prediction; price trend; stock price; trend prediction,support vector; svm,accuracy; comparative,"Both structured market data and unstructured financial news data can significantly affect stock price fluctuations. || Therefore, relying only on a single data source for stock price trend prediction may produce information bias. || This article combines these two types of heterogeneous data and systematically compares the effectiveness of different data fusion technologies to establish the optimal data integration strategy, thereby improving the accuracy of stock price prediction. || Specifically, this paper innovatively proposes a stock price trend prediction model named MVL-SVM.",,,Yes,Unclear,Unclear,Yes,Unclear,Unclear,Unclear,Unclear,Yes,Yes,Unclear,Unclear,Unclear,Unclear,Unclear,Unclear,Unclear,Unclear,market data,,,financial news,,,,,heterogeneous data; multi-source,data fusion; fusion,,,,,,,,
doi:10.1038/s41598-023-50783-0,Forecasting stock prices changes using long-short term memory neural network with symbolic genetic programming,Li Q.; Kamaruddin N.; Yuhaniz S.S.; Al-Jaifi H.A.A.,2024,Scientific Reports,10.1038/s41598-023-50783-0,"This study introduces an augmented Long-Short Term Memory (LSTM) neural network architecture, integrating Symbolic Genetic Programming (SGP), with the objective of forecasting cross-sectional price returns across a comprehensive dataset comprising 4500 listed stocks in the Chinese market over the period from 2014 to 2022. Using the S&P Alpha Pool Dataset for China as basic input, this architecture incorporates data augmentation and feature extraction techniques. The result of this study demonstrates significant improvements in Rank Information coefficient (Rank IC) and IC information ratio (ICIR) by 1128% and 5360% respectively when it is applied to fundamental indicators. For technical indicators, the hybrid model achieves a 206% increase in Rank IC and an impressive surge of 2752% in ICIR. Furthermore, the proposed hybrid SGP-LSTM model outperforms major Chinese stock indexes, generating average annualized excess returns of 31.00%, 24.48%, and 16.38% compared to the CSI 300 index, CSI 500 index, and the average portfolio, respectively. These findings highlight the effectiveness of SGP-LSTM model in improving the accuracy of cross-sectional stock return predictions and provide valuable insights for fund managers, traders, and financial analysts. © 2024, The Author(s).","; Cross-Sectional Studies; Forecasting; Humans; Memory, Long-Term; Memory, Short-Term; Neural Networks, Computer; artificial neural network; cross-sectional study; forecasting; human; long term memory; short term memory",Article,Yes,No,No,SC01; SC03,M-1489,Primary/Other,Yes,Price; Return,Yes,Yes,Yes,No,,Yes,3,22,A_Direct_Methodological_Priority,Detailed extraction for gap and methodology design,High,Technical_Indicators; Fundamental_Data; Multi_Stock,csi 300; stock prices; stock return,stock prices; stock return,artificial neural network; hybrid model; lstm; neural network; neural networks,accuracy; dataset; outperforms,"Forecasting stock prices changes using long-short term memory neural network with symbolic genetic programming || These findings highlight the effectiveness of SGP-LSTM model in improving the accuracy of cross-sectional stock return predictions and provide valuable insights for fund managers, traders, and financial analysts. © 2024, The Author(s).",,,Unclear,Yes,Yes,Unclear,Unclear,Unclear,Unclear,Unclear,Unclear,Unclear,Unclear,Yes,Unclear,Unclear,Unclear,Unclear,Unclear,Yes,,technical indicators,fundamental indicators,,,,,,,,,lstm,,,,,,cross-sectional
doi:10.1002/for.3150,Forecasting stock returns with industry volatility concentration,Zhang Y.; He M.; Zhang Z.,2024,Journal of Forecasting,10.1002/for.3150,"In this paper, we show that industry volatility concentration is a strong predictor for aggregate stock market returns. Our monthly industry volatility concentration (IVC) index displays significant predictive ability, with in-sample and out-of-sample R2 statistics of 0.686% and 0.712%, respectively, which outperforms a host of prevailing return predictors. Moreover, the IVC index can generate high utility gains of 143.8 basis points above the historical average benchmark for mean–variance investors. We find that the IVC index is countercyclical. Furthermore, the predictive source of the IVC index not only stems from the cash flow and discount rate channels but is also explained by the channels of investor attention and sentiment. The predictive ability of our IVC index also remains significant under a broad range of robustness tests. © 2024 John Wiley & Sons Ltd.",gradual information diffusion; industry volatility concentration; out-of-sample predictability; predictive regression; stock returns; Financial markets; Base points; Concentration indices; Gradual information diffusion; Industry volatility concentration; Information diffusion; Market returns; Out-of-sample predictability; Predictive abilities; Predictive regression; Stock returns; Investments,Article,Yes,No,No,SC06,M-0011,Primary/Other,Yes,Return,Yes,Yes,Yes,No,,Yes,3,22,A_Direct_Methodological_Priority,Detailed extraction for gap and methodology design,High,Fundamental_Data; Sentiment; Temporal_Validation,stock market; stock returns,market returns; stock returns,attention,benchmark; outperforms; r2,"Forecasting stock returns with industry volatility concentration || In this paper, we show that industry volatility concentration is a strong predictor for aggregate stock market returns.",,,Unclear,Unclear,Yes,Unclear,Unclear,Yes,Unclear,Unclear,Unclear,Unclear,Unclear,Unclear,Unclear,Unclear,Unclear,Yes,Unclear,Unclear,,,cash flow,,,sentiment,,,,,,,,,,out-of-sample,,
doi:10.24136/oc.4220,AI talk–action gaps and ESG rating sensitivity: Evidence from Chinese A-share firms,Long H.; Hao Y.,2026,Oeconomia Copernicana,10.24136/oc.4220,"Research background:Environmental, social, and governance (ESG) ratings have become increasingly important in investment decisions and corporate evaluation, yet they often rely heavily on publicly available firm disclosures. At the same time, artificial intelligence (AI)related communication has expanded rapidly among listed firms, creating a new setting in which strategic narratives may shape external assessments before real innovation outcomes become fully observable. This raises an important question about whether AI-related disclosure is associated with ESG ratings beyond firms’ verifiable technological progress. Purpose of the article: This article examines whether AI-related strategic disclosure is associated with higher ESG ratings through a gap between firms’ AI-related narratives and their observable AI innovation. It also investigates whether any rating gains associated with such a gap reflect credible forward-looking information or instead capture rating sensitivity to soft disclosure. By linking AI-related disclosure to subsequent stock returns, future operating performance, long-run abnormal returns, and debt financing outcomes, the study seeks to distinguish between informational and distortionary interpretations. Methods: Using panel data for Chinese A-share listed firms from 2010 to 2023, the study constructs a residual-based AI talk–action gap measure that captures AI-related textual disclosure beyond the level predicted by verifiable AI patenting activity and firm characteristics. Firm fixed-effects models are employed to estimate the relationship between this gap and ESG ratings, followed by a set of forward-looking tests on market and operating outcomes. The empirical analysis is supplemented by alternative variable definitions, placebo tests, and cross-sectional analyses to assess robustness and heterogeneity. Findings & value added: The results show that a larger AI talk–action gap is associated with significantly higher ESG ratings, suggesting that ESG evaluators respond not only to observable AI innovation but also to AI-related strategic disclosure in excess of such innovation. The gap is further associated with more positive short-run stock market reactions, but it does not predict stronger future profitability, sustained long-run abnormal returns, or lower debt financing costs. These findings indicate that AI-related soft disclosure is associated with higher ESG ratings and temporarily more favorable equity market perceptions, but its informational content is only weakly validated by subsequent fundamentals. The article contributes to the literature on ESG rating efficiency, strategic corporate disclosure, and sustainable finance in the context of digital transformation. © Instytut Badań Gospodarczych / Institute of Economic Research (Poland).",artificial intelligence disclosure; ESG ratings; narrative–innovation gap; strategic disclosure; sustainable finance,Article,Yes,No,No,SC01,M-2216,Primary/Other,Yes,Return,Yes,Yes,Yes,No,,Yes,3,21,A_Direct_Methodological_Priority,Detailed extraction for gap and methodology design,High,Fundamental_Data; Financial_News; Multi_Stock,a-share; equity market; stock market; stock returns,stock returns,artificial intelligence,evaluation; results show,"By linking AI-related disclosure to subsequent stock returns, future operating performance, long-run abnormal returns, and debt financing outcomes, the study seeks to distinguish between informational and distortionary interpretations. || The gap is further associated with more positive short-run stock market reactions, but it does not predict stronger future profitability, sustained long-run abnormal returns, or lower debt financing costs.",,,Unclear,Unclear,Yes,Yes,Unclear,Unclear,Unclear,Unclear,Unclear,Unclear,Unclear,Unclear,Unclear,Unclear,Unclear,Unclear,Unclear,Yes,,,firm characteristics,corporate disclosure,,,,,,,,,,,,,,cross-sectional
doi:10.30598/barekengvol20iss1pp0427-0438,ENHANCING LQ45 STOCK PRICE FORECASTING USING LSTM MODEL,Sinaga M.S.; Iskandar S.; Manullang S.; Arnita; Marpaung F.; Buulolo F.,2026,Barekeng,10.30598/barekengvol20iss1pp0427-0438,"Stocks listed in the LQ45 index represent companies with high liquidity, large market capitalization, and strong fundamentals, making them pivotal to the movements of the Indonesian capital market. This study selects eight LQ45-listed stocks from the energy and mining sectors, as well as the banking sector. Historical data spanning a 10-year period from February 28, 2015, to February 28, 2025. This research aims to mitigate the impact of stock market dynamics, a significant challenge for investor decision-making. The Long Short-Term Memory (LSTM) method was employed to forecast stock prices using four variables: opening, highest, lowest, and closing prices. The LSTM architecture was chosen because its gated memory cells can effectively capture long-term dependencies and nonlinear patterns in financial time series, thereby aligning with the research objective of minimizing forecasting error under volatile market conditions. Evaluation results using the Mean Absolute Percentage Error (MAPE) showed prediction errors below 2.5%, indicating relatively low forecasting error. Root Mean Squared Error (RMSE) values varied depending on stock price volatility. Companies exhibiting higher stock prices, such as Indo Tambangraya Megah Tbk (ITMG), demonstrate larger RMSE values. For opening prices, predictive accuracy was notably strong, with MAPE values consistently below 1.26%. This suggests that opening prices, influenced by pre-market sentiment and historical data, are more stable and easier to predict compared to other price variables. Copyright © 2026 Author(s).",LQ45; LSTM; Stock price,Article,Yes,No,No,SC01,M-2265,Primary/Other,Yes,Price,Yes,Yes,Yes,Yes,,Yes,2,21,A_Direct_Methodological_Priority,Detailed extraction for gap and methodology design,High,Fundamental_Data; Sentiment,stock market; stock price; stock prices,closing prices; price forecasting; stock price; stock prices,lstm,accuracy; evaluation; mape; rmse,"ENHANCING LQ45 STOCK PRICE FORECASTING USING LSTM MODEL || The Long Short-Term Memory (LSTM) method was employed to forecast stock prices using four variables: opening, highest, lowest, and closing prices. || Root Mean Squared Error (RMSE) values varied depending on stock price volatility. || Companies exhibiting higher stock prices, such as Indo Tambangraya Megah Tbk (ITMG), demonstrate larger RMSE values.",market sentiment,,Yes,Unclear,Yes,Unclear,Unclear,Yes,Unclear,Unclear,Unclear,Unclear,Unclear,Yes,Unclear,Unclear,Unclear,Unclear,Unclear,Unclear,time series,,market capitalization,,,sentiment,,,,,,long short-term memory; lstm,,,,,,
doi:10.47989/ir31261271,From curiosity to confidence: exploring investor behaviour in the age of generative AI,Sharma A.K.; Sharma R.,2026,Information Research,10.47989/ir31261271,"Introduction. The advent of generative artificial intelligence has fundamentally changed how ordinary investors get, examine, and comprehend financial data to make predictions about the stock market. Method. This study utilised a qualitative research method and snowball sampling. Semi-structured interviews with 25 investors from India, collected qualitative data which was analysed using thematic analysis in NVivo 12, accompanied by tool-assisted sentiment categorisation. Analysis. Results of the study revealed that the speed, automation, and intuitive interfaces of generative AI solutions are the main factors driving investor adoption. In addition to stock price prediction, applications include sentiment analysis, scenario modelling, risk identification, and earnings call summary. Time savings, better decision-making, and a decrease in emotional bias are among the main advantages noted. Nevertheless, issues including hallucinations, lack of context in AI outputs, verification issues, and worries about bias, ethics, and data privacy still exist. Results. Investors showed a degree of faith in generative AI technologies, frequently depending on technical indications and cross-verification from conventional financial sources. Conclusion. This study contributes to a better understanding of investor trust, verification behaviour, and human-AI interaction in generative AI-supported investment decision-making. The long-term viability of the method will rely on user trust, regulatory alignment, and responsible deployment. © 2026, University of Boras. All rights reserved.",,Article,Yes,No,No,SC01; SC03,M-2609,Primary/Other,Yes,Price,Yes,Unclear,Yes,Yes,,Yes,4,21,A_Direct_Methodological_Priority,Detailed extraction for gap and methodology design,High,Fundamental_Data; Financial_News; Sentiment; Indian_Market,stock market; stock price,price prediction; stock price,artificial intelligence,,"In addition to stock price prediction, applications include sentiment analysis, scenario modelling, risk identification, and earnings call summary.",sentiment analysis,,Unclear,Unclear,Yes,Yes,Unclear,Yes,Unclear,Unclear,Unclear,Unclear,Unclear,Unclear,Unclear,Unclear,Unclear,Unclear,Yes,Unclear,,,earnings,earnings call,,sentiment,,,,,,,,,,,india,
doi:10.1002/for.70046,Leveraging an Integrated First and Second Moments Modeling Approach for Optimal Trading Strategies: Evidence From the Indian Pharma Sector in the Pre- and Post-COVID-19 Era,Kautkar H.; Das S.; Gupta H.; Ghosh S.; Kanjilal K.,2026,Journal of Forecasting,10.1002/for.70046,"The current research presents a novel approach that integrates the first-moment (mean) and second-moment (variance) components of stock price dynamics to forecast future price trends. Employing a combination of statistical and deep learning models, the study aims to predict both the mean and variance of stock price movements for select pharmaceutical companies in India based on their market capitalization. The forecasts are then utilized to assess the effectiveness of the Bollinger Band (BB) trading strategy in terms of hit ratio and average returns per trade. The study covers both pre- and post-COVID periods. The results indicate that the integrated mean and volatility model employed in this study outperforms the stand-alone mean and volatility models when back-tested with BB trading strategies, leading to higher returns. Moreover, when combined with a volatility model, the integrated deep learning model consistently demonstrates superior performance compared with the standalone mean or volatility model. The integrated model has yielded significantly higher annualized average returns (> 200%) than the returns generated based on technical indicators, as suggested by existing studies. These findings have significant practical implications, providing investors and traders with an advanced alternative to conventional trading methods. © 2025 John Wiley & Sons Ltd.",annualized returns; Bollinger Bands trading strategy; deep learning models; first- and second-moment modeling; forecasting; hit ratio; statistical models; Commerce; Costs; COVID-19; Deep learning; Economic analysis; Electronic trading; Financial markets; Investments; Learning systems; Sales; Annualized return; Bollinge band trading strategy; Deep learning model; First moments; First- and second-moment modeling; Hit ratio; Learning models; Moment model; Second moments; Statistic modeling; Trading strategies; Forecasting,Article,Yes,No,No,SC01,M-0029,Primary/Other,Yes,Price; Direction/Movement; Trend,Yes,Yes,Yes,Yes,,Yes,3,21,A_Direct_Methodological_Priority,Detailed extraction for gap and methodology design,High,Technical_Indicators; Fundamental_Data; Indian_Market,stock price,future price; price movements; price trends; stock price,deep learning,outperforms,"The current research presents a novel approach that integrates the first-moment (mean) and second-moment (variance) components of stock price dynamics to forecast future price trends. || Employing a combination of statistical and deep learning models, the study aims to predict both the mean and variance of stock price movements for select pharmaceutical companies in India based on their market capitalization.",trading strategies; trading strategy,,Unclear,Yes,Yes,Unclear,Unclear,Unclear,Unclear,Unclear,Unclear,Unclear,Unclear,Unclear,Unclear,Unclear,Unclear,Unclear,Yes,Unclear,,bollinger; technical indicators,market capitalization,,,,,,,,,,,,,,india,
doi:10.1016/j.sasc.2025.200395,Comparison of deep learning methods with traditional financial time series models for forecasting the TEPIX index in the Tehran Stock Exchange,Gholami M.T.; Shahabi A.,2025,Systems and Soft Computing,10.1016/j.sasc.2025.200395,"Stock price forecasting is complex, influenced by economic conditions, company performance, market trends, and news. Predictive methods include stock chart analysis, technical analysis, fundamental analysis, mathematical models, and artificial intelligence algorithms. Accurate stock price predictions can directly impact capital investment. This research employs auxiliary algorithms, specifically LSTM, RNN, and CNN, to predict the total stock index of the Tehran Stock Exchange, comparing them to traditional financial models like ARIMA. The LSTM-3D model among the models presented in this research (LSTM-1D, LSTM-2D, LSTM-3D, RNN-1D, RNN-2D, RNN-3D, CNN-1D, CNN-2D, CNN-3D, and ARIMA(1,1,2)) has been introduced as the best option for forecasting according to RMSE, MAE, MSE criteria. This model provides better results than other deep learning methods by using explanatory variables and an appropriate time step (5). © 2025 The Authors",Deep learning model; Modeling; Time series models; Total stock market index; 3D modeling; Commerce; Electronic trading; Forecasting; Investments; Learning systems; Long short-term memory; Time series; Deep learning model; Financial time series; Learning methods; Learning models; Modeling; Stock market index; Stock price forecasting; Tehran stock exchanges; Times series models; Total stock market index; Financial markets,Article,Yes,Yes,No,SC01; SC03; SD01; SD02; SD03; SD05,M-1429,Primary/Other,Yes,Price; Trend,Yes,Yes,Yes,No,,Yes,2,21,A_Direct_Methodological_Priority,Detailed extraction for gap and methodology design,High,Technical_Indicators; Fundamental_Data,market index; stock index; stock market; stock price,market trends; price forecasting; stock price,artificial intelligence; cnn; deep learning; lstm; rnn,comparison; mae; mse; rmse,"Stock price forecasting is complex, influenced by economic conditions, company performance, market trends, and news. || Accurate stock price predictions can directly impact capital investment. || This research employs auxiliary algorithms, specifically LSTM, RNN, and CNN, to predict the total stock index of the Tehran Stock Exchange, comparing them to traditional financial models like ARIMA.",,,Yes,Yes,Yes,Unclear,Unclear,Unclear,Unclear,Unclear,Unclear,Unclear,Unclear,Yes,Unclear,Unclear,Unclear,Unclear,Unclear,Unclear,time series,technical analysis,fundamental analysis,,,,,,,,,long short-term memory; lstm; rnn,,,,,,
doi:10.11896/jsjkx.240600140,Deep Learning Stock Price Probability Prediction Based on Multi-modal Feature Wavelet Decomposition; [基于多模态特征小波分解的深度学习股价概率预测],Zhang Y.; Guo C.; Wei H.,2025,Computer Science,10.11896/jsjkx.240600140,"This paper constructs an innovative deep learning model for probabilistic stock price prediction based on multi-modal feature wavelet decomposition(MWDPF). This model integrates multi-source heterogeneous information, including dynamic continuous features, dynamic categorical features,static continuous features,and static categorical features. Through a parallel fusion strategy, it fully explores the complementary information in different feature subspaces,comprehensively characterizing the multiple dimensions affecting stock price fluctuations. It adopts an auto-regressive recurrent neural network architecture,which can directly output the probability distribution prediction of stock price changes, rather than a single deterministic value prediction, more closely matching the actual probabilistic distribution characteristics of stock prices. Additionally, this model introduces wavelet decomposition technology to denoise the original time series,adaptively filtering out noise components at different scales, improving its ability to capture intrinsic fluctuation patterns. In the empirical analysis phase,this study collects multi-modal data from financial databases and internet forums,and through a series of preprocessing steps such as missing value imputation,outlier removal,and time alignment,as well as careful feature engineering and model optimization, achieves excellent prediction performance, significantly outperforming traditional statistical models and deep learning models, with substantial improvements in evaluation metrics. The prediction results generated by the proposed model are used to construct a multi-factor stock selection strategy, achieving considerable excess returns in real-world backtesting,further verifying the effectiveness of the model in practical investment decision-making. This study provides an effective solution for stock price prediction, enriches the theories and methods of quantitative investment,and has significant theoretical and application value. © 2025 Editorial office of Computer Science. All rights reserved.",Auto-regressive recurrent neural network; Multi-modal heterogeneous feature fusion; Portfolio excess returns; Probability density prediction; Wavelet decomposition time-frequency analysis,Article,Yes,No,No,SC01,M-1970,Primary/Other,Yes,Price,Yes,Yes,Yes,Yes,,Yes,2,21,A_Direct_Methodological_Priority,Detailed extraction for gap and methodology design,High,Multimodal; Fusion,stock price; stock prices,price prediction; stock price; stock prices,deep learning; neural network; recurrent neural,backtesting; evaluation,"Deep Learning Stock Price Probability Prediction Based on Multi-modal Feature Wavelet Decomposition; [基于多模态特征小波分解的深度学习股价概率预测] || This paper constructs an innovative deep learning model for probabilistic stock price prediction based on multi-modal feature wavelet decomposition(MWDPF). || Through a parallel fusion strategy, it fully explores the complementary information in different feature subspaces,comprehensively characterizing the multiple dimensions affecting stock price fluctuations. || It adopts an auto-regressive recurrent neural network architecture,which can directly output the probability distribution prediction of stock price changes, rather than a single deterministic value prediction, more closely matching the actual probabilistic distribution characteristics of stock prices. || This study provides an effective solution for stock price prediction, enriches the theories and methods of quantitative investment,and has significant theoretical and application value. © 2025 Editorial office of Computer Science.",stock selection,,Yes,Unclear,Unclear,Unclear,Unclear,Unclear,Unclear,Unclear,Yes,Yes,Unclear,Yes,Unclear,Unclear,Unclear,Unclear,Unclear,Unclear,time series,,,,,,,,multi-modal; multi-source,feature fusion; fusion,,recurrent neural,,,,,,
doi:10.56977/jicce.2025.23.4.327,Design and Implementation of an AI-Driven Algorithmic Trading Simulation Platform for Strategy Backtesting and Forecasting,Lee J.-H.; Nguyen V.-H.; Tran Q.-T.; Le D.-Q.-T.; Nguyen T.-D.-N.; Le H.-S.,2025,Journal of Information and Communication Convergence Engineering,10.56977/jicce.2025.23.4.327,"This paper presents an artificial intelligence-based algorithmic trading simulation platform designed for the Vietnamese market. First, we gather and merge a wide range of financial information, including stock market indicators, gold price movements, corporate earnings reports, and financial news. Apache Airflow facilitates the scheduling and automation of the extract, transform, load (ETL) tasks for data collection and transport. Using the processed dataset, the platform employs several learning models including random forests and long short-term memory networks to generate short-term forecasts. The predictive outputs are then combined with rule-based mechanisms such as momentum rules and pairs-trading logic to produce trading signals. In addition to making predictions, the system acts as a practical educational platform. This enables students and researchers to design, test, and compare trading strategies. The system reports detailed performance statistics, including risk-adjusted returns, maximum drawdown, portfolio turnover, and hit ratios, thereby supporting transparent performance evaluation. Copyright © The Korea Institute of Information and Communication Engineering This is an Open Access article distributed under the terms of the Creative Commons Attribution Non-Commercial License (http://creativecommons.org/licenses/bync/3.0/) which permits unrestricted non-commercial use, distribution, and reproduction in any medium, provided the original work is properly cited.",Algorithmic Trading; Backtesting Strategies; Deep Learning; Financial Forecasting; Predictive Modeling,Article,Yes,No,No,SC01; SC03,M-2684,Primary/Other,Yes,Direction/Movement,Yes,Yes,Yes,Yes,Commodity,Yes,2,21,A_Direct_Methodological_Priority,Detailed extraction for gap and methodology design,High,Fundamental_Data; Financial_News,stock market,price movements,artificial intelligence; deep learning,backtesting; dataset; evaluation,"First, we gather and merge a wide range of financial information, including stock market indicators, gold price movements, corporate earnings reports, and financial news.",algorithmic trading; trading strategies,gold price,Unclear,Unclear,Yes,Yes,Unclear,Unclear,Unclear,Unclear,Unclear,Unclear,Unclear,Yes,Unclear,Unclear,Unclear,Unclear,Unclear,Unclear,,,earnings,financial news,,,,,,,,long short-term memory,,,,,,
doi:10.1287/isre.2022.0358,Post-Earnings-Announcement Drift Prediction: Leveraging Postevent Investor Responses with Multitask Learning,Zhu Y.; Liu X.; Liu Sheng O.R.,2025,Information Systems Research,10.1287/isre.2022.0358,"Post-earnings-announcement drift (PEAD) refers to the phenomenon in which a company’s stock price tends to drift persistently in response to the information released during the earnings announcement event. Predicting PEAD is of great interest to both investors and researchers because the magnitude of PEAD is economically significant. Whereas decades of studies have explored various approaches to forecasting PEAD, prior research has largely overlooked postevent investor responses—a critical intermediary in the PEAD mechanism—because of the limitations of single-task learning (STL). This study addresses this gap by introducing a multitask learning (MTL) framework that explicitly incorporates investor responses as auxiliary tasks while mitigating look-ahead bias. To further enhance model performance, we propose GradPerp, an adaptive task weighting method that assigns greater weight to auxiliary tasks that contribute diverse and informative training signals. Our model employs a multilevel, multiquery transformer architecture to facilitate cross-task learning, effectively integrating structured financial features with lengthy earnings call transcripts. Evaluation of the model from 2010 to 2022 demonstrates that the proposed design innovations not only outperform benchmark models in terms of prediction accuracy but also generate a daily risk-adjusted return (alpha) two to three times larger than the traditional earnings surprise–based models. This study contributes to the stream of information systems (IS) literature at the intersection of artificial intelligence (AI), finance, and design science research. Our work provides valuable decision support mod-ules and managerial implications for investment and other financial decision makers. © 2025 INFORMS.",adaptive weighting method; earnings call transcripts; investment decision support; multitask learning (MTL); post-earnings-announcement drift (PEAD); predictive analytics; Decision making; Decision support systems; Electronic trading; Investments; Learning systems; Multi-task learning; Prediction models; Sales; Adaptive weighting; Adaptive weighting method; Decision supports; Earning call transcript; Investment decision support; Investment decisions; Multitask learning; Post-earning-announcement drift; Weighting methods; Predictive analytics,Article,Yes,No,No,SC01,M-1998,Primary/Other,Yes,Price,Yes,Yes,Yes,No,,Yes,3,21,A_Direct_Methodological_Priority,Detailed extraction for gap and methodology design,High,Fundamental_Data; Financial_News; Transformer_Attention,stock price,stock price,artificial intelligence; transformer,accuracy; benchmark; evaluation; outperform; training,Post-earnings-announcement drift (PEAD) refers to the phenomenon in which a company’s stock price tends to drift persistently in response to the information released during the earnings announcement event.,,,Unclear,Unclear,Yes,Yes,Unclear,Unclear,Unclear,Unclear,Unclear,Unclear,Yes,Unclear,Unclear,Unclear,Unclear,Unclear,Unclear,Unclear,,,earnings,earnings call,,,,,,,transformer,,,,,,,
doi:10.1007/s10614-023-10464-6,Deep Learning Model for Fusing Spatial and Temporal Data for Stock Market Prediction,Sable R.; Goel S.; Chatterjee P.,2024,Computational Economics,10.1007/s10614-023-10464-6,"One of the most significant challenges in stock market forecasting is that the majority of stock price analysis and prediction models based on quantitative data rely on stock trends as their primary metric. These metrics may exhibit good intra-day performance, but have scalability issues when applied to inter-day trading, limiting their accuracy for real-time prediction. The systems that use news and social media data have limited correlation capabilities due to inefficiencies in trend analysis. Fusion of these data sources is expected to improve stock market prediction accuracy. This paper proposes a novel augmented analysis model for fusing spatial and temporal stock trends with global–local market movements via incremental learning. The novel multiparametric augmentation model is based on hybrid of machine and deep neural architectures like support vector machine, recurrent neural network and convolutional neural network. The model integrated five heterogeneous data sources. The model initially identifies global news trends, and correlates them with temporal and spatial stock values. This correlation is further improved by evaluation of local news trends with respect to stock specific geographies and events. This assists in identification of spatial and temporal factors that drive a particular stock’s value, and improve the efficiency of trend analysis. The estimated trend is combined with an incremental learning model, that estimates intra-day stock values with respect to incremental value variance. The proposed model has been tested on numerous local and international stocks from Ten different sectors namely IT, healthcare, energy, communication services, financial, industrial, real estate, consumer discretionary, consumer staples and others over a period of 300 days. The highest accuracy of 95% is observed in terms of stock trend prediction and 99% for stock value close price prediction, with average accuracy of 97.36%. © The Author(s), under exclusive licence to Springer Science+Business Media, LLC, part of Springer Nature 2023. corrected publication 2023.",CNN; Inter-day price; Intra-day price; News; RNN; Stock-market prediction; Trend,Article,Yes,No,No,SC01,M-0144,Primary/Other,Yes,Price; Trend,Yes,Yes,Yes,No,,Yes,2,21,A_Direct_Methodological_Priority,Detailed extraction for gap and methodology design,High,Multimodal; Fusion,stock market; stock price; stock trend; stock trends; stock-market,close price; price prediction; stock price; stock trend; stock trends; trend prediction,cnn; convolutional; deep learning; deep neural; neural network; recurrent neural; rnn; support vector,accuracy; evaluation,"Deep Learning Model for Fusing Spatial and Temporal Data for Stock Market Prediction || One of the most significant challenges in stock market forecasting is that the majority of stock price analysis and prediction models based on quantitative data rely on stock trends as their primary metric. || Fusion of these data sources is expected to improve stock market prediction accuracy. || This paper proposes a novel augmented analysis model for fusing spatial and temporal stock trends with global–local market movements via incremental learning. || The highest accuracy of 95% is observed in terms of stock trend prediction and 99% for stock value close price prediction, with average accuracy of 97.36%. © The Author(s), under exclusive licence to Springer Science+Business Media, LLC, part of Springer Nature 2023. corrected publication 2023.",,,Unclear,Unclear,Unclear,Unclear,Yes,Unclear,Unclear,Unclear,Yes,Yes,Unclear,Yes,Unclear,Unclear,Unclear,Unclear,Unclear,Unclear,,,,,social media,,,,heterogeneous data,fusion,,recurrent neural; rnn,,,,,,
doi:10.22266/ijies2024.1231.41,Ensemble Strategies Using 3-RNNs for Predicting Stock Closing Price of Subsequent Day,Saud A.S.; Shakya S.,2024,International Journal of Intelligent Engineering and Systems,10.22266/ijies2024.1231.41,"There are several approaches to stock price prediction, including fundamental analysis, technical analysis, and machine learning techniques. While machine learning researchers often construct feature vectors from historical trading data and technical indicators for input into prediction models, technical analysts independently utilize multiple indicators to form conclusive evaluations. Drawing from this distinction, the study presents an ensemble approach employing 3-GRU and 3-LSTM architectures for stock price prediction, comparing their performance against individual models within the ensemble. Each component of the ensemble utilizes distinct trend indicators, such as MACD, DMI, and KST, for forecasting. Additionally, it contrasts the 3-GRU and 3-LSTM methods respectively with GRU-ALL and LSTM-ALL models, which employ all three sets of indicators. The study discloses four key findings from experimental results. Firstly, the KST indicator proves to be the most proficient trend indicator for anticipating stock prices. Secondly, ensemble techniques, amalgamating multiple models, outperform individual models in effectiveness. Thirdly, the 3-GRU ensemble method outshines the 3-LSTM approach, achieving reductions in RMSE, MAPE and MAE up to 53.76%, 58.46% 48.45% respectively. Lastly, the consolidation of multiple indicators into a single feature vector for prediction results in inferior outcomes. © (2024), (Intelligent Network and Systems Society). All Rights Reserved.",3-GRU; 3-LSTM; 3-RNN; Ensemble learning; Stock price prediction; Trend indicators,Article,Yes,No,No,SC01; SC03,M-2191,Primary/Other,Yes,Price,Yes,Yes,Yes,No,,Yes,2,21,A_Direct_Methodological_Priority,Detailed extraction for gap and methodology design,High,Technical_Indicators; Fundamental_Data,stock price; stock prices,closing price; price prediction; stock price; stock prices,ensemble learning; gru; lstm; machine learning; rnn,experimental; mae; mape; outperform; rmse,"There are several approaches to stock price prediction, including fundamental analysis, technical analysis, and machine learning techniques. || Drawing from this distinction, the study presents an ensemble approach employing 3-GRU and 3-LSTM architectures for stock price prediction, comparing their performance against individual models within the ensemble. || Firstly, the KST indicator proves to be the most proficient trend indicator for anticipating stock prices.",,,Yes,Yes,Yes,Unclear,Unclear,Unclear,Unclear,Unclear,Unclear,Unclear,Unclear,Yes,Unclear,Unclear,Unclear,Unclear,Unclear,Unclear,closing price,macd; technical analysis; technical indicators,fundamental analysis,,,,,,,,,gru; lstm; rnn,,,,,,
doi:10.1016/j.engappai.2023.107377,Incorporating stock prices and text for stock movement prediction based on information fusion,Zhang Q.; Zhang Y.; Bao F.; Liu Y.; Zhang C.; Liu P.,2024,Engineering Applications of Artificial Intelligence,10.1016/j.engappai.2023.107377,"Forecasting stock market via historical financial data is an important issue for market participants because even if the prediction accuracy is only slightly improved, better trading decisions can be made. Historical financial data has evolved from the initial single text or stock price to the fusion of multisource information. However, how to adopt a method that adaptively fuses numerical data and text so that the prediction model can learn time series information in parallel remains a challenging problem. In this paper, we propose a collaborative attention Transformer fusion model for stock movement prediction (CoATSMP), including parallel extraction of text and prices features, parameter-level fusion and a joint feature processing module, that can successfully deeply fuse text and stock prices in view of the soft fusion method. The experiments show that (1) the proposed approach outperforms the baselines, (2) the soft fusion method proposed in this paper has better modeling performance under the CoATSMP framework, which brings greater improvement in the prediction performance, (3) models containing prices and text are better than those using only one data source, and (4) quantitative analysis of experimental results indicates that text plays a relatively more critical role in the CoATSMP framework. Real simulation trading shows that the trading strategy based on CoATSMP can significantly improve profits; thus, the model has practical application value. © 2023 Elsevier Ltd",Fusion model; Stock prediction; Transformer; Commerce; Costs; Electronic trading; Financial markets; Motion estimation; Numerical methods; Collaborative attention; Financial data; Fusion methods; Fusion model; Movement prediction; Soft fusions; Stock movement; Stock predictions; Stock price; Transformer; Forecasting,Article,Yes,Yes,Yes,EL04; SC01; SD01; SD02; SD03; SD05,M-0655,Primary/Other,Yes,Price; Direction/Movement,Yes,Yes,Yes,Yes,,Yes,3,21,A_Direct_Methodological_Priority,Detailed extraction for gap and methodology design,High,Multimodal; Fusion; Transformer_Attention,stock market; stock movement; stock prediction; stock price; stock prices,movement prediction; stock movement; stock price; stock prices,attention; transformer,accuracy; experimental; experiments; outperforms,"Incorporating stock prices and text for stock movement prediction based on information fusion || Forecasting stock market via historical financial data is an important issue for market participants because even if the prediction accuracy is only slightly improved, better trading decisions can be made. || Historical financial data has evolved from the initial single text or stock price to the fusion of multisource information. || In this paper, we propose a collaborative attention Transformer fusion model for stock movement prediction (CoATSMP), including parallel extraction of text and prices features, parameter-level fusion and a joint feature processing module, that can successfully deeply fuse text and stock prices in view of the soft fusion method.",trading decisions; trading strategy,,Yes,Unclear,Unclear,Unclear,Unclear,Unclear,Unclear,Unclear,Yes,Yes,Yes,Unclear,Unclear,Unclear,Unclear,Unclear,Unclear,Unclear,time series,,,,,,,,multisource,fusion,transformer,,,,,,,
doi:10.1080/00036846.2026.2624761,Forecasting stock market returns: a new look at the aggregate attention on ETFs,Wen D.; He M.; Zhang Y.,2026,Applied Economics,10.1080/00036846.2026.2624761,"This paper constructs a new investor attention index utilizing search information for S&P 500 index-linked exchange-traded funds. The proposed index demonstrates strong positive predictive power for aggregate stock market excess returns over a forecasting period of up to two years, both in- and out-of-sample. This index has significant superiority over previously examined macroeconomic variables, and its predictive power is comparable and is informationally complementary to prevailing attention and sentiment indices. In addition, the predictive models relying on the newly proposed index can yield sizable economic gains for a mean-variance investor. Finally, we find that the new investor attention index’s forecasting ability predominantly stems from its capacity to explain future cash flow news and high-variance stock returns. © 2026 Informa UK Limited, trading as Taylor & Francis Group.",cash flow news; exchange-traded funds; Investor attention; partial least squares; stock return predictability,Article,Yes,No,No,SC06,M-1529,Primary/Other,Yes,Return,Yes,Unclear,Yes,No,,Yes,3,20,A_Direct_Methodological_Priority,Detailed extraction for gap and methodology design,High,Fundamental_Data; Sentiment; Temporal_Validation,s&p 500; stock market; stock return; stock returns,market returns; stock return; stock returns,attention,,"Forecasting stock market returns: a new look at the aggregate attention on ETFs || The proposed index demonstrates strong positive predictive power for aggregate stock market excess returns over a forecasting period of up to two years, both in- and out-of-sample. || Finally, we find that the new investor attention index’s forecasting ability predominantly stems from its capacity to explain future cash flow news and high-variance stock returns. © 2026 Informa UK Limited, trading as Taylor & Francis Group.",,,Unclear,Unclear,Yes,Unclear,Unclear,Yes,Unclear,Unclear,Unclear,Unclear,Unclear,Unclear,Unclear,Unclear,Unclear,Yes,Unclear,Unclear,,,cash flow,,,sentiment,,,,,,,,,,out-of-sample,,
doi:10.1080/15427560.2026.2657322,The Language of Evasion: How Semantic Similarity Between Questions and Answers Predicts Stock Returns,Hynes L.; Chiang H.; Garvey J.; O’Brien F.,2026,Journal of Behavioral Finance,10.1080/15427560.2026.2657322,"We examine executive responsiveness during earnings calls and its impact on stock returns. Using large language model embeddings, we measure semantic similarity between analyst questions and executive responses, capturing direct answers versus deflection. Executives who provide semantically aligned responses generate 3.9% annual alpha (t = 3.41), robust to sentiment, firm characteristics, and market factors. Human validation on 1,642 Q&A pairs shows low-similarity responses are rated evasive 67% of the time versus 22% for high-similarity responses (r = 0.360, p < 0.001; Cohen’s d = 1.01). © 2026 The Author(s). Published with license by Taylor & Francis Group, LLC.",Behavioral finance; large learning model; managerial information sharing; stock prices,Article,Yes,No,No,SC03,M-1580,Primary/Other,Yes,Price; Return,Yes,Unclear,Yes,No,,Yes,3,20,A_Direct_Methodological_Priority,Detailed extraction for gap and methodology design,High,Fundamental_Data; Sentiment; LLM_FinGPT,stock prices; stock returns,stock prices; stock returns,large language model,,The Language of Evasion: How Semantic Similarity Between Questions and Answers Predicts Stock Returns || We examine executive responsiveness during earnings calls and its impact on stock returns.,,,Unclear,Unclear,Yes,Unclear,Unclear,Yes,Unclear,Yes,Unclear,Unclear,Unclear,Unclear,Unclear,Unclear,Unclear,Unclear,Unclear,Unclear,,,earnings; firm characteristics,,,sentiment,,large language model,,,,,,,,,,
doi:10.1016/j.asoc.2025.113581,Hierarchical multi-modal fusion architecture search for stock market forecasting,Lee K.; Kim Y.J.; Kim M.; Kim H.Y.,2025,Applied Soft Computing,10.1016/j.asoc.2025.113581,"Stock market forecasting can leverage various data sources, and recent deep-learning-based multi-modal methods have improved predictions by integrating them. However, there remains a need for an optimal fusion neural architecture and an efficient method to integrate essential features while reducing inter-modal redundancy. To address this, we propose a novel neural architecture search framework (Fin-MNAS) that effectively utilizes multi-source financial data, including chart images, news text, and time-series stock prices. Fin-MNAS is a hierarchical framework consisting of a backbone architecture search and a stepwise feature fusion search to reflect the intra-modal characteristics and emphasize the most important data modality. In addition, we introduce dynamic sparse tensor decomposition fusion modules that dynamically extract key intra-modal features and integrate features by considering their inter-modal relationships, thereby removing redundant and noisy information. Based on experiments involving three major stock indices, we demonstrate that Fin-MNAS outperforms all baseline models. In particular, the mean absolute error and mean absolute percentage error of our proposed framework are 7.74% and 10.17% lower, respectively, than that for the state-of-the-art multi-modal model BM-NAS. © 2025 Elsevier B.V.",Deep learning; Multi-modal fusion; Neural architecture search; Stock market forecasting; Tensor decomposition; Architecture; Commerce; Data mining; Electronic trading; Financial markets; Forecasting; Modal analysis; Neural networks; Tensors; Data-source; Deep learning; Fusion architecture; Modal method; Multi-modal; Multi-modal fusion; Neural architecture search; Neural architectures; Stock market forecasting; Tensor decomposition; Deep learning,Article,Yes,Yes,No,SC01; SD01; SD02; SD05,M-0489,Primary/Other,Yes,Price,Yes,Yes,Yes,No,,Yes,2,20,A_Direct_Methodological_Priority,Detailed extraction for gap and methodology design,High,Multimodal; Fusion,stock indices; stock market; stock prices,stock prices,deep learning; neural networks,experiments; outperforms,"Hierarchical multi-modal fusion architecture search for stock market forecasting || Stock market forecasting can leverage various data sources, and recent deep-learning-based multi-modal methods have improved predictions by integrating them. || To address this, we propose a novel neural architecture search framework (Fin-MNAS) that effectively utilizes multi-source financial data, including chart images, news text, and time-series stock prices.",,,Unclear,Unclear,Unclear,Unclear,Unclear,Unclear,Unclear,Unclear,Yes,Yes,Unclear,Unclear,Unclear,Unclear,Unclear,Unclear,Unclear,Unclear,,,,,,,,,multi-modal; multi-source,feature fusion; fusion,,,,,,,,
doi:10.1371/journal.pone.0332154,Predicting stock returns using machine learning combined with data envelopment analysis and automatic feature engineering: A case study on the Vietnamese stock market,Nhon H.T.; Do-Thi N.; Nguyen-Trang T.,2025,PLOS ONE,10.1371/journal.pone.0332154,"In financial markets, predicting stock returns is an essential task for investors. This paper is one of the first studies using business efficiency scores calculated from data envelopment analysis to predict stock returns. In the meantime, this is also one of the first studies to comprehensively investigate the performance of machine learning models and automatic feature engineering techniques in the context of predicting returns in the Vietnamese stock market. Specifically, the data from 2019 to 2024 of 26 real-estate enterprises on Ho Chi Minh Stock Exchange are collected. Based on relevant technical indicators, fundamental indicators, and business efficiency scores, a comparison of various machine learning models’ performance is provided. The results indicate that incorporating business efficiency scores significantly enhances the models’ accuracy. For example, the deep neural network model shows a decrease in RMSE from 0.926 to 0.375, MAE from 0.337 to 0.196, and MAPE from 134.63 to 114.71. Furthermore, the gradient boosted tree model, when combined with business efficiency scores and automatic feature engineering, achieves the best results, yielding an MAE of 0.122 and an MAPE of 103.19. The obtained results reveal a significant improvement in terms of accuracy when using the business efficiency score with the automated feature engineering technique. © 2025 Nhon et al. This is an open access article distributed under the terms of the Creative Commons Attribution License, which permits unrestricted use, distribution, and reproduction in any medium, provided the original author and source are credited.",; article; artificial neural network; case study; commercial phenomena; comparative study; deep neural network; diagnosis; financial market; machine learning; real estate; root mean squared error; stock market; Vietnamese,Article,Yes,No,No,SC01; SC03,M-2026,Primary/Other,Yes,Return,Yes,Yes,Yes,No,,Yes,2,20,A_Direct_Methodological_Priority,Detailed extraction for gap and methodology design,High,Technical_Indicators; Fundamental_Data,stock market; stock returns,predicting returns; stock returns,artificial neural network; deep neural; machine learning; neural network,accuracy; comparative; comparison; mae; mape; rmse,"Predicting stock returns using machine learning combined with data envelopment analysis and automatic feature engineering: A case study on the Vietnamese stock market || In financial markets, predicting stock returns is an essential task for investors. || This paper is one of the first studies using business efficiency scores calculated from data envelopment analysis to predict stock returns. || In the meantime, this is also one of the first studies to comprehensively investigate the performance of machine learning models and automatic feature engineering techniques in the context of predicting returns in the Vietnamese stock market.",,,Unclear,Yes,Yes,Unclear,Unclear,Unclear,Unclear,Unclear,Unclear,Unclear,Unclear,Unclear,Unclear,Unclear,Unclear,Unclear,Unclear,Unclear,,technical indicators,fundamental indicators,,,,,,,,,,,,,,,
doi:10.1155/2024/8515203,Enhancing Analytical Precision in Company Earnings Reports through Neurofuzzy System Development: A Comprehensive Investigation,Matkarimov B.; Barlybayev A.; Karimov D.,2024,Journal of Electrical and Computer Engineering,10.1155/2024/8515203,"The object of research is the fundamental and technical indicators of companies after the release of the earnings report. This study attempts to address the issue of understanding the impact of fundamental and technical analysis indicator dynamics on profits and loss news releases. This research provides an in-depth analysis of stock price forecasting models, focusing on the influence of earning report seasons as catalysts for stock price growth. The study explores the relationship between key financial indicators, including earnings per share (EPS), revenue, and the maximum price observed in the 52-week period of the previous year (MaxW52). A trading algorithm is developed based on the adaptive neurofuzzy inference system (ANFIS). Through a comprehensive analysis of the neural network's training sample, it is concluded that abnormally large negative indicators have a profound impact on traders' emotional reactions. This results leads to a hypothesis for further research, suggesting that report indicators may be processed by computational algorithms, potentially including artificial intelligence (AI). Consequently, the emergence of emotional trading robots managed by investment funds becomes a crucial area for investigation. Understanding the behavior of these algorithms enables proactive decision-making, allowing traders to leverage their knowledge and sell-purchased securities to these algorithms before their transactions occur. The implications of this research shed light on the evolving landscape of trading strategies and the role of emotionality in financial markets.  © 2024 Bakhyt Matkarimov et al.",; Commerce; Decision making; Earnings; Electronic trading; Inference engines; Knowledge management; Analytical precision; Forecasting models; Fundamental analysis; In-depth analysis; Neurofuzzy system; Profit and loss; Stock price forecasting; System development; Technical analysis; Technical indicator; Financial markets,Article,Yes,No,No,SC01; SC03,M-1901,Primary/Other,Yes,Price,Yes,Yes,Yes,Yes,,Yes,2,20,A_Direct_Methodological_Priority,Detailed extraction for gap and methodology design,High,Technical_Indicators; Fundamental_Data,stock price,price forecasting; stock price,artificial intelligence; neural network,precision; training,"This research provides an in-depth analysis of stock price forecasting models, focusing on the influence of earning report seasons as catalysts for stock price growth.",trading strategies,,Unclear,Yes,Yes,Unclear,Unclear,Unclear,Unclear,Unclear,Unclear,Unclear,Unclear,Unclear,Unclear,Unclear,Unclear,Unclear,Unclear,Unclear,,technical analysis; technical indicator; technical indicators,earnings; earnings per share; eps; fundamental analysis,,,,,,,,,,,,,,,
doi:10.1142/s0219477524400170,Enhancing Stock Price Prediction with Deep Cross-Modal Information Fusion Network,Mandal R.C.; Kler R.; Tiwari A.; Keshta I.; Abonazel M.R.; Tageldin E.M.; Umaralievich M.S.,2024,Fluctuation and Noise Letters,10.1142/s0219477524400170,"Stock price prediction is considered a classic and challenging task, with the potential to aid traders in making more profitable trading decisions. Significant improvements in stock price prediction methods based on deep learning have been observed in recent years. However, most existing methods are reliant solely on historical stock price data for predictions, resulting in the inability to capture market dynamics beyond price indicators, thus limiting their performance to some extent. Therefore, combining social media text with historical stock price information has proposed a novel stock price prediction method, known as the Deep Cross-Modal Information Fusion Network (DCIFNet). The process is initiated by DCIFNet, which employs temporal convolution processes to encode stock prices and Twitter content. This ensures that each element has sufficient information about its surrounding components. Following this, the outcomes are inputted into a cross-modal fusion structure based on transformers to enhance the integration of crucial information from stock prices and Twitter content. Lastly, a multi-graph convolution attention network is introduced to depict the relationships between different stocks from diverse perspectives. This facilitates the more effective capturing of industry affiliations, Wikipedia references, and associated relationships among linked stocks, ultimately leading to an enhancement in stock price prediction accuracy. Trend prediction and simulated trading experiments are conducted on high-frequency trading datasets spanning nine different industries. Comparative assessments with the Multi-Attention Network for Stock Prediction (MANGSF) method, as well as ablation experiments, confirm the effectiveness of the DCIFNet approach, resulting in an accuracy rate of 0.6309, a marked improvement compared to representative methods in the field.  © 2024 World Scientific Publishing Company.",cross-modal information fusion; deep learning; historical stock price data; market dynamics; social media text; Stock price prediction,Article,Yes,No,No,SC01,M-1869,Primary/Other,Yes,Price; Trend,Yes,Yes,Yes,Yes,,Yes,2,20,A_Direct_Methodological_Priority,Detailed extraction for gap and methodology design,High,Multimodal; Fusion,stock prediction; stock price; stock prices,price prediction; stock price; stock prices; trend prediction,attention; deep learning; temporal convolution,accuracy; comparative; datasets; experiments,"Enhancing Stock Price Prediction with Deep Cross-Modal Information Fusion Network || Stock price prediction is considered a classic and challenging task, with the potential to aid traders in making more profitable trading decisions. || Significant improvements in stock price prediction methods based on deep learning have been observed in recent years. || However, most existing methods are reliant solely on historical stock price data for predictions, resulting in the inability to capture market dynamics beyond price indicators, thus limiting their performance to some extent. || Therefore, combining social media text with historical stock price information has proposed a novel stock price prediction method, known as the Deep Cross-Modal Information Fusion Network (DCIFNet). || The process is initiated by DCIFNet, which employs temporal convolution processes to encode stock prices and Twitter content. || Following this, the outcomes are inputted into a cross-modal fusion structure based on transformers to enhance the integration of crucial information from stock prices and Twitter content. || This facilitates the more effective capturing of industry affiliations, Wikipedia references, and associated relationships among linked stocks, ultimately leading to an enhancement in stock price prediction accuracy.",trading decisions,,Unclear,Unclear,Unclear,Unclear,Yes,Unclear,Unclear,Unclear,Yes,Yes,Unclear,Unclear,Unclear,Unclear,Unclear,Unclear,Unclear,Unclear,,,,,social media; twitter,,,,cross-modal,fusion,,,,,,,,
doi:10.5815/ijitcs.2024.01.04,The Impact of Financial Statement Integration in Machine Learning for Stock Price Prediction,Christanto F.W.; Utomo V.G.; Prathivi R.; Dewi C.,2024,International Journal of Information Technology and Computer Science,10.5815/ijitcs.2024.01.04,"In the capital market, there are two methods used by investors to make stock price predictions, namely fundamental analysis, and technical analysis. In computer science, it is possible to make prediction, including stock price prediction, use Machine Learning (ML). While there is research result that said both fundamental and technical parameter should give an optimum prediction there is lack of confirmation in Machine Learning to this result. This research conducts experiment using Support Vector Regression (SVR) and Support Vector Machine (SVM) as ML method to predict stock price. Further, the result is compared between 3 groups of parameters, technical only (TEC), financial statement only (FIN) and combination of both (COM). Our experimental results show that integrating financial statements has a neutral impact on SVR predictions but a positive impact on SVM predictions and the accuracy value of the model in this research reached 83%. © 2024, Modern Education and Computer Science Press. All rights reserved.",Financial Statement; Stock Prediction; Support Vector Regression; Technical Analysis,Article,Yes,No,No,SC01; SC03,M-2699,Primary/Other,Yes,Price,Yes,Yes,Yes,No,,Yes,2,20,A_Direct_Methodological_Priority,Detailed extraction for gap and methodology design,High,Technical_Indicators; Fundamental_Data,stock prediction; stock price,price prediction; stock price,machine learning; support vector; svm,accuracy; experiment; experimental; results show,"The Impact of Financial Statement Integration in Machine Learning for Stock Price Prediction || In the capital market, there are two methods used by investors to make stock price predictions, namely fundamental analysis, and technical analysis. || In computer science, it is possible to make prediction, including stock price prediction, use Machine Learning (ML). || This research conducts experiment using Support Vector Regression (SVR) and Support Vector Machine (SVM) as ML method to predict stock price.",,,Unclear,Yes,Yes,Unclear,Unclear,Unclear,Unclear,Unclear,Unclear,Unclear,Unclear,Unclear,Unclear,Unclear,Unclear,Unclear,Unclear,Unclear,,technical analysis,financial statement; financial statements; fundamental analysis,,,,,,,,,,,,,,,
doi:10.4108/airo.5140,Utilizing Fundamental Analysis to Predict Stock Prices,Khanapuri A.; Darapaneni N.; Paduri A.R.,2024,EAI Endorsed Transactions on AI and Robotics,10.4108/airo.5140,"Portfolio management involves the critical task of determining the optimal times to enter or exit a stock in order to maximize profits in the stock market. Unfortunately, many retail investors struggle with this task due to unclear investment objectives and a lack of a structured decision-making process. With the vast number of stocks available in the market, it can be difficult for investors to determine which stocks to invest in. As a result, there is a growing need for the development of effective investment decision support systems to assist investors in making informed decisions. Researchers have explored various approaches to building such systems, including predicting stock prices using sentiment analysis of news, articles, and social media, as well as historical trends and patterns. However, the impact of financial reports filed by companies on stock prices has not been extensively studied. This paper aims to address this gap by using machine learning techniques to develop a more accurate stock prediction model based on financial reports from companies in the Nifty 50. The financial reports considered include quarterly reports, annual reports, cash flow statements, and ratios. © 2024 A. Khanapuri et al.",Long Short-Term Memory (LSTM); Machine Learning; National Stock Exchange (NSE); Performance Measures; RNN; Stock Prediction; Stock Selections,Article,Yes,No,No,SC01; SC03,M-2595,Primary/Other,Yes,Price,Yes,Unclear,Yes,Yes,,Yes,3,20,A_Direct_Methodological_Priority,Detailed extraction for gap and methodology design,High,Fundamental_Data; Sentiment; Indian_Market,national stock exchange; nifty; nifty 50; stock market; stock prediction; stock prices,stock prices,lstm; machine learning; rnn,,"Utilizing Fundamental Analysis to Predict Stock Prices || Researchers have explored various approaches to building such systems, including predicting stock prices using sentiment analysis of news, articles, and social media, as well as historical trends and patterns. || However, the impact of financial reports filed by companies on stock prices has not been extensively studied. || This paper aims to address this gap by using machine learning techniques to develop a more accurate stock prediction model based on financial reports from companies in the Nifty 50.",sentiment analysis,,Unclear,Unclear,Yes,Unclear,Yes,Yes,Unclear,Unclear,Unclear,Unclear,Unclear,Yes,Unclear,Unclear,Unclear,Unclear,Yes,Unclear,,,cash flow; fundamental analysis,,social media,sentiment,,,,,,long short-term memory; lstm; rnn,,,,,national stock exchange; nifty; nifty 50; nse,
doi:10.62836/emi.v4i4.506,Stock Price Prediction Using LSTM with Attention-Based Multimodal Fusion Model,Jian-yi Sun,2025,Economics &amp; Management Information,10.62836/emi.v4i4.506,,,Misc,No,No,Yes,EL04,M-2719,Primary/Other,Yes,Price,Yes,Unclear,Yes,No,,Yes,2,19,A_Direct_Methodological_Priority,Detailed extraction for gap and methodology design,High,Multimodal; Fusion,stock price,price prediction; stock price,attention; lstm,,Stock Price Prediction Using LSTM with Attention-Based Multimodal Fusion Model,,,Unclear,Unclear,Unclear,Unclear,Unclear,Unclear,Unclear,Unclear,Yes,Yes,Unclear,Yes,Unclear,Unclear,Unclear,Unclear,Unclear,Unclear,,,,,,,,,multimodal,fusion,,lstm,,,,,,
doi:10.33889/ijmems.2024.9.4.047,A Hybrid Model of Integrating Sentiment Analysis and Key Market Indicators for IPO Listing Trend Prediction,Garg A.; Ghanshala K.K.; Sharma S.,2024,"International Journal of Mathematical, Engineering and Management Sciences",10.33889/ijmems.2024.9.4.047,"Initial Public Offerings (IPOs) provide great opportunities for companies to grow and expand, and they allow investors to invest their money wisely to get a decent Return on Investment (ROI) in the short term. Nevertheless, the intricate nature of the stock market is susceptible to several influences such as a company's financial statement, governmental regulations, and public sentiment, which hinders the attainment of a satisfactory ROI. This study aims to address this challenge by developing a model that combines public sentiment analysis and machine learning approaches to optimize the ROI for IPO trends. The study gives a novel approach that uses multiple different features associated with IPOs like the public opinion, grey market price (GMP), issue prices, lot size etc. and leverages the use of various machine learning techniques like Random Forest, Decision Tree, Naive Bayes, and K-Nearest Neighbour (KNN) to make well-informed investment recommendations. The testing results demonstrate that the Decision Tree method surpasses the other algorithms, with an accuracy rate of 82.3%. This discovery emphasizes the effectiveness of our method in forecasting the success of IPOs by utilizing a combination of sentiment analysis and crucial financial indicators. © 2024 Ram Arti Publishers. All rights reserved.",Decision tree; GMP; IPO; Issue prices; Machine learning algorithm; Sentiment analysis; Commerce; Costs; Investments; Learning algorithms; Nearest neighbor search; Sentiment analysis; Social aspects; Gray market price; Grey markets; Hybrid model; Initial public offerings; Issue price; Machine learning algorithms; Market price; Public sentiments; Returns on investment; Sentiment analysis; Decision trees,Article,Yes,No,No,SC01; SC03,M-2311,Primary/Other,Yes,Trend,Yes,Yes,No,Yes,,Yes,2,18,A_Direct_Methodological_Priority,Detailed extraction for gap and methodology design,High,Fundamental_Data; Sentiment,stock market,trend prediction,hybrid model; machine learning; random forest,accuracy; results demonstrate; testing,,sentiment analysis,,Unclear,Unclear,Yes,Unclear,Unclear,Yes,Unclear,Unclear,Unclear,Unclear,Unclear,Unclear,Unclear,Unclear,Unclear,Unclear,Unclear,Unclear,,,financial statement,,,sentiment,,,,,,,,,,,,
doi:10.1007/s11142-023-09764-x,Managers’ use of humor on public earnings conference calls,Call A.C.; Flam R.W.; Lee J.A.; Sharp N.Y.,2024,Review of Accounting Studies,10.1007/s11142-023-09764-x,"Despite the prevalence and importance of humor in interpersonal communication, the disclosure literature is silent on the use of humor in the context of corporate communication. Using a sophisticated machine learning algorithm, we identify managers’ successful uses of humor during public earnings conference calls. When managers use humor on an earnings call, stock market returns and analyst forecast revisions following the call are more positive, primarily because of a muted response to negative earnings news. Consistent with managers’ successful use of humor being a favorable signal of future firm performance, we find no evidence of a return reversal over the subsequent quarter, and managers’ use of humor predicts more favorable news at the subsequent quarter’s earnings announcement. Our study provides new evidence on the use of humor in corporate disclosures, and our findings indicate that humor can meaningfully influence the market response to public earnings conference calls. © The Author(s), under exclusive licence to Springer Science+Business Media, LLC, part of Springer Nature 2023.",Disclosure; Earnings conference calls; Financial Analysts; Humor; Management,Article,Yes,No,No,SC01,M-0265,Primary/Other,Yes,Return,Yes,Unclear,Yes,No,,Yes,2,18,A_Direct_Methodological_Priority,Detailed extraction for gap and methodology design,High,Fundamental_Data; Financial_News,stock market,market returns,machine learning,,"When managers use humor on an earnings call, stock market returns and analyst forecast revisions following the call are more positive, primarily because of a muted response to negative earnings news.",,,Unclear,Unclear,Yes,Yes,Unclear,Unclear,Unclear,Unclear,Unclear,Unclear,Unclear,Unclear,Unclear,Unclear,Unclear,Unclear,Unclear,Unclear,,,earnings,corporate disclosures; earnings call,,,,,,,,,,,,,,
