UID,Title,Authors,Year,Venue,DOI,Abstract,Keywords,Document_Type,Scopus,ScienceDirect,Elicit,Query_Hits,Master_ID,Document_Class,Stock_Domain,Eligible_Target,AI_ML_DL,Empirical_Evaluation,Strong_Stock_Target_Context,Adjacent_Target_Context,NonStock_Domain_Context,Direct_Core_Evidence,Strategic_Theme_Count,Relevance_Score,Working_Relevance_Tier,Research_Use,Elicit_Priority,Gap_Dimensions_Evidenced,Stock_Evidence,Target_Evidence,AI_Evidence,Empirical_Evidence,Stock_Target_Sentence_Evidence,Adjacent_Evidence,NonStock_Evidence,Historical_Data,Technical_Indicators,Fundamental_Data,Financial_News,Social_Media,Sentiment,FinBERT_BERT_RoBERTa,LLM_FinGPT,Multimodal,Fusion,Transformer_Attention,LSTM_GRU,Optimization,Metaheuristic,XAI,Temporal_Validation,Indian_Market,Multi_Stock,Historical_Data_Evidence,Technical_Indicators_Evidence,Fundamental_Data_Evidence,Financial_News_Evidence,Social_Media_Evidence,Sentiment_Evidence,FinBERT_BERT_RoBERTa_Evidence,LLM_FinGPT_Evidence,Multimodal_Evidence,Fusion_Evidence,Transformer_Attention_Evidence,LSTM_GRU_Evidence,Optimization_Evidence,Metaheuristic_Evidence,XAI_Evidence,Temporal_Validation_Evidence,Indian_Market_Evidence,Multi_Stock_Evidence
doi:10.1007/s12197-026-09761-1,A multimodal deep learning framework for stock direction prediction with granger-based predictive explainability,Shakeel M.R.; Yadav S.; Piyush; Ahmad M.,2026,Journal of Economics and Finance,10.1007/s12197-026-09761-1,"Predicting stock price movements remains challenging due to the noisy, nonlinear, and multimodal nature of financial markets. While existing studies combine technical indicators with news sentiment, they often lack transparency and fail to uncover temporal predictive relationships across modalities. This paper proposes a predictively explainable multimodal forecasting framework that integrates structured price-based features and unstructured financial news using FinBERT embeddings within a recurrent neural network. A dual explainability scheme is employed: Integrated Gradients for feature attribution and Neural Granger causality to reveal temporally ordered predictive relationships. Using 17 years of Nifty 50 data (2003–2019) aligned with 73,500 financial news headlines, the model is evaluated under a strict rolling-origin time-series cross-validation protocol to prevent data leakage. Results demonstrate superior predictive accuracy, significantly outperforming a comprehensive set of statistical, machine-learning, and financial benchmark models, with significance validated via the White Reality Check. An ablation study confirms news embeddings as the dominant predictive modality. Granger-based analysis further reveals that specific semantic dimensions systematically predict future returns and volatility. A transaction-cost-aware trading simulation confirms the model’s economic relevance, yielding economically meaningful risk-adjusted performance. The study presents a scalable, interpretable, and robust framework for financial forecasting, offering insights for both academic research and real-world decision-support systems. © The Author(s), under exclusive licence to Academy of Economics and Finance 2026.",Explainable Artificial Intelligence (XAI); Financial news sentiment; FinBERT; Granger causality; Multimodal financial prediction; Time series prediction,Article,Yes,No,No,SC01; SC02; SC05; SC06,M-0282,Primary/Other,Yes,Price; Direction/Movement,Yes,Yes,Yes,No,,Yes,8,32,A_Direct_Methodological_Priority,Detailed extraction for gap and methodology design,High,Technical_Indicators; Financial_News; Sentiment; FinBERT_BERT_RoBERTa; Multimodal; XAI; Temporal_Validation; Indian_Market,nifty; nifty 50; stock direction; stock price,direction prediction; price movements; stock price,artificial intelligence; deep learning; finbert; neural network; recurrent neural,accuracy; benchmark; evaluated; results demonstrate,"A multimodal deep learning framework for stock direction prediction with granger-based predictive explainability || Predicting stock price movements remains challenging due to the noisy, nonlinear, and multimodal nature of financial markets.",,,Yes,Yes,Unclear,Yes,Unclear,Yes,Yes,Unclear,Yes,Unclear,Unclear,Yes,Unclear,Unclear,Yes,Yes,Yes,Unclear,time series,technical indicators,,financial news; news headlines,,sentiment,finbert,,multimodal,,,recurrent neural,,,explainability; explainable; interpretable; xai,time-series cross-validation,nifty; nifty 50,
doi:10.1109/access.2026.3691980,Stock Market Prediction Using Node Transformer Architecture Integrated With BERT Sentiment Analysis,Ridhawi M.A.; Ali M.H.; Al Osman H.,2026,IEEE Access,10.1109/access.2026.3691980,"Stock market prediction presents considerable challenges for investors, financial institutions, and policymakers operating in complex market environments characterized by noise, non-stationarity, and behavioral dynamics. Traditional forecasting methods, including fundamental analysis and technical indicators, often fail to capture the intricate patterns and cross-sectional dependencies inherent in financial markets. This paper presents an integrated framework combining a node transformer architecture with Bidirectional Encoder Representations from Transformers (BERT)-based sentiment analysis for stock price forecasting. The proposed model represents the stock market as a graph structure where individual stocks form nodes and edges capture relationships including sectoral affiliations, correlated price movements, and supply chain connections. A fine-tuned BERT model extracts sentiment information from social media posts and combines it with quantitative market features through attention-based fusion mechanisms. The node transformer processes historical market data while capturing both temporal evolution and cross-sectional dependencies among stocks. Experiments conducted on 20 S&P 500 stocks spanning January 1982 to March 2025 demonstrate that the integrated model achieves a mean absolute percentage error (MAPE) of 0.80% for one-day-ahead predictions, compared to 1.20% for ARIMA and 1.00% for LSTM. The inclusion of sentiment analysis reduces prediction error by 10% overall and 25% during earnings announcements, while the graph-based architecture contributes an additional 15% improvement by capturing inter-stock dependencies. Directional accuracy reaches 65% for one-day forecasts. Statistical validation through paired t-tests confirms the significance of these improvements (p < 0.05 for all comparisons). The model maintains lower error during high-volatility periods, achieving MAPE of 1.50% while baseline models range from 1.60% to 2.10%.  © 2026 The Authors.",BERT; deep learning; financial time series; graph neural networks; multimodal fusion; node transformer; sentiment analysis; Stock price forecasting; Behavioral research; Commerce; Costs; Electronic trading; Financial markets; Forecasting; Graph neural networks; Graph structures; Investments; Learning systems; Network architecture; Supply chains; Time series analysis; Bidirectional encoder representation from transformer; Deep learning; Financial time series; Graph neural networks; Multi-modal fusion; Node transformer; Percentage error; Sentiment analysis; Stock market prediction; Stock price forecasting; Deep learning; Sentiment analysis,Article,Yes,No,No,SC01; SC02; SC03,M-1729,Primary/Other,Yes,Price; Direction/Movement,Yes,Yes,Yes,Yes,,Yes,8,32,A_Direct_Methodological_Priority,Detailed extraction for gap and methodology design,High,Technical_Indicators; Fundamental_Data; Sentiment; FinBERT_BERT_RoBERTa; Multimodal; Fusion; Transformer_Attention; Multi_Stock,s&p 500; stock market; stock price,price forecasting; price movements; stock price,attention; bert; deep learning; graph neural; lstm; neural networks; transformer,accuracy; experiments; mape,"Stock Market Prediction Using Node Transformer Architecture Integrated With BERT Sentiment Analysis || Stock market prediction presents considerable challenges for investors, financial institutions, and policymakers operating in complex market environments characterized by noise, non-stationarity, and behavioral dynamics. || This paper presents an integrated framework combining a node transformer architecture with Bidirectional Encoder Representations from Transformers (BERT)-based sentiment analysis for stock price forecasting. || The proposed model represents the stock market as a graph structure where individual stocks form nodes and edges capture relationships including sectoral affiliations, correlated price movements, and supply chain connections.",sentiment analysis,,Yes,Yes,Yes,Unclear,Yes,Yes,Yes,Unclear,Yes,Yes,Yes,Yes,Unclear,Unclear,Unclear,Unclear,Unclear,Yes,market data; time series,technical indicators,earnings; fundamental analysis,,social media,sentiment,bert,,multi-modal; multimodal,fusion,transformer,lstm,,,,,,cross-sectional
doi:10.3390/jrfm18080417,DASF-Net: A Multimodal Framework for Stock Price Forecasting with Diffusion-Based Graph Learning and Optimized Sentiment Fusion,Nguyen N.-H.; Nguyen T.-T.; Ngo Q.T.,2025,Journal of Risk and Financial Management,10.3390/jrfm18080417,"Stock price forecasting remains a persistent challenge in time series analysis due to complex inter-stock relationships and dynamic textual signals such as financial news. While Graph Neural Networks (GNNs) can model relational structures, they often struggle with capturing higher-order dependencies and are sensitive to noise. Moreover, sentiment signals are typically aggregated using fixed time windows, which may introduce temporal bias. To address these issues, we propose DASF-Net (Diffusion-Aware Sentiment Fusion Network), a multimodal framework that integrates structural and textual information for robust prediction. DASF-Net leverages diffusion processes over two complementary financial graphs—one based on industry relationships, the other on fundamental indicators—to learn richer stock representations. Simultaneously, sentiment embeddings extracted from financial news using FinBERT are aggregated over an empirically optimized window to preserve temporal relevance. These modalities are fused via a multi-head attention mechanism and passed to a temporal forecasting module. DASF-Net integrates daily stock prices and news sentiment, using a 3-day sentiment aggregation window, to forecast stock prices over daily horizons (1–3 days). Experiments on 12 large-cap S&P 500 stocks over four years demonstrate that DASF-Net outperforms competitive baselines, achieving up to 91.6% relative reduction in Mean Squared Error (MSE). Results highlight the effectiveness of combining graph diffusion and sentiment-aware features for improved financial forecasting. © 2025 by the authors.",diffusion-based graph learning; financial forecasting; FinBERT; multi-modal deep learning; sentiment analysis; stock price prediction,Article,Yes,No,Yes,EL04; SC01; SC03,M-2447,Primary/Other,Yes,Price,Yes,Yes,Yes,Yes,,Yes,8,32,A_Direct_Methodological_Priority,Detailed extraction for gap and methodology design,High,Fundamental_Data; Financial_News; Sentiment; FinBERT_BERT_RoBERTa; Multimodal; Fusion; Transformer_Attention; Optimization,s&p 500; stock price; stock prices,price forecasting; price prediction; stock price; stock prices,attention; deep learning; finbert; graph neural; neural networks,experiments; mse; outperforms,"DASF-Net: A Multimodal Framework for Stock Price Forecasting with Diffusion-Based Graph Learning and Optimized Sentiment Fusion || Stock price forecasting remains a persistent challenge in time series analysis due to complex inter-stock relationships and dynamic textual signals such as financial news. || DASF-Net integrates daily stock prices and news sentiment, using a 3-day sentiment aggregation window, to forecast stock prices over daily horizons (1–3 days).",sentiment analysis,,Yes,Unclear,Yes,Yes,Unclear,Yes,Yes,Unclear,Yes,Yes,Yes,Unclear,Yes,Unclear,Unclear,Unclear,Unclear,Unclear,time series,,fundamental indicators,financial news,,sentiment,finbert,,multi-modal; multimodal,fusion,attention mechanism,,optimized,,,,,
doi:10.1007/s13042-026-03196-0,"A walk-forward multi-model approach to stock trading: leveraging sentiment, trend indicators, and transformer-based deep learning for next-day price forecasting",Khan S.; Kushwah A.K.; Chakole J.,2026,International Journal of Machine Learning and Cybernetics,10.1007/s13042-026-03196-0,"Forecasting stock prices is complicate due the financial market’s nature, which includes volatility, non-stationarity, and reliance on information for decision-making. Stock prices respond to a multitude of information sources including technical indicators, historical price movements, news articles, and investor sentiments. The recent introduction of FinBERT-based transformer models has also improved prediction accuracy; however, the majority of existing methodologies utilize static train-test splits, limited feature selection, weak cross-modal fusion, and do not take into account the impact of changing market regime dynamics, resulting in lower-than-expected robustness when applied to changing market conditions. This paper presents a new hybrid forecasting framework that enhances the prediction ability using walk-forward training; performs cross-modal feature selection; includes awareness of market regime; and reduces prediction bias with the use of a meta-classifier for the final prediction output. The framework developed in this study combines the use of sentiment features from FinBERT with price-based technical indicators to conduct stock price forecasts. Hidden Markov Models are used to identify market regimes, and the temporal dependencies is learned through the application of a CNN-Transformer architecture. Mutual information based feature selection is used to reduce the redundancy of features, and the final stock price forecast will be produced through the application of a meta-classifier. A walk-forward evaluation is used in order to ensure robustness to non-stationary stock price movement data. The average accuracy for experimental results on ten major U.S. stocks is 70%, F1-macro is 68.0%, MCC is 61.6% and AUC is 76.5%. Backtests incorporating realistic transaction costs produced a win rate greater than 60.07% and average returns of 30.82% which exceeded the performance of a pure deep learning-only baselines by a factor of (). Thus, this work presents a robust, regime-aware and leakage resistant stock forecasting framework which displays superior predictive and trading capabilities when compared to other methods simulating actual market conditions. © The Author(s), under exclusive licence to Springer-Verlag GmbH Germany, part of Springer Nature 2026.",CNN–transformer; FinBERT; Meta-classifier stacking; Technical indicators; Walk-forward validation; Classification (of information); Commerce; Costs; Deep learning; Electronic trading; Feature extraction; Financial markets; Indicators (instruments); Investments; Learning systems; CNN–transformer; Cross-modal; Features selection; FinBERT; Meta-classifier stacking; Meta-classifiers; Stackings; Technical indicator; Walk forward; Walk-forward validation; Forecasting,Article,Yes,No,No,SC01; SC02; SC06,M-0293,Primary/Other,Yes,Price; Direction/Movement,Yes,Yes,Yes,No,,Yes,8,31,A_Direct_Methodological_Priority,Detailed extraction for gap and methodology design,High,Technical_Indicators; Financial_News; Sentiment; FinBERT_BERT_RoBERTa; Multimodal; Fusion; Transformer_Attention; Temporal_Validation,stock forecasting; stock price; stock prices,price forecast; price forecasting; price movement; price movements; stock price; stock prices,cnn; deep learning; finbert; transformer,accuracy; auc; evaluation; experimental; f1; training,"Forecasting stock prices is complicate due the financial market’s nature, which includes volatility, non-stationarity, and reliance on information for decision-making. || Stock prices respond to a multitude of information sources including technical indicators, historical price movements, news articles, and investor sentiments. || The framework developed in this study combines the use of sentiment features from FinBERT with price-based technical indicators to conduct stock price forecasts. || Mutual information based feature selection is used to reduce the redundancy of features, and the final stock price forecast will be produced through the application of a meta-classifier. || A walk-forward evaluation is used in order to ensure robustness to non-stationary stock price movement data. || Thus, this work presents a robust, regime-aware and leakage resistant stock forecasting framework which displays superior predictive and trading capabilities when compared to other methods simulating actual market conditions. © The Author(s), under exclusive licence to Springer-Verlag GmbH Germany, part of Springer Nature 2026.",,,Yes,Yes,Unclear,Yes,Unclear,Yes,Yes,Unclear,Yes,Yes,Yes,Unclear,Unclear,Unclear,Unclear,Yes,Unclear,Unclear,historical price,technical indicator; technical indicators,,news articles,,sentiment,finbert,,cross-modal,fusion,transformer,,,,,forward validation; walk forward; walk-forward,,
doi:10.1007/s10614-026-11314-x,Intelligent Stock Price Prediction Model Research Integrating Multimodal Information and KAN Networks,Sun W.; Yuan C.; You S.; Liu Z.; Chen Y.; Cui W.,2026,Computational Economics,10.1007/s10614-026-11314-x,"Stock price prediction represents a core challenge in financial engineering, where traditional methods often rely on single data sources and struggle to capture complex market dynamics. This study proposes an intelligent stock price prediction model that integrates multimodal information and Kolmogorov-Arnold Networks (KAN), constructing an attention mechanism-based feature fusion framework by incorporating historical stock price data, financial news texts, and social media sentiment from multiple sources. The model employs LSTM networks to process numerical time-series features, utilizes BERT models to extract textual semantic information, achieves intelligent feature fusion through multi-head attention mechanisms, and introduces KAN networks as the output layer for stock price prediction tasks for the first time. Based on empirical data from NVIDIA Corporation spanning 2020-2025, comparative experiments with traditional and state-of-the-art baseline models demonstrate that the proposed model achieves significant improvements over the best baseline model Informer: 33.2% improvement in RMSE (from 2.26 to 1.51), 35.6% improvement in MAE (from 1.74 to 1.12), 40.9% improvement in MAPE (from 0.88% to 0.52%), 4.4% improvement in R (from 0.924 to 0.965), and 7.0% improvement in directional prediction accuracy (from 82.8% to 88.6%). Ablation experiments validate the effectiveness of multimodal data fusion, attention mechanisms, and KAN networks, with multimodal data fusion contributing most significantly to performance enhancement. Attention visualization analysis demonstrates the model’s excellent interpretability, capable of accurately identifying key market events. The research results provide new technical pathways for financial time series prediction, holding important theoretical value and practical application prospects. © The Author(s), under exclusive licence to Springer Science+Business Media, LLC, part of Springer Nature 2026.",Attention mechanism; BERT; Deep learning; Financial time series; Interpretability; KAN networks; LSTM; Multimodal learning; Sentiment analysis; Stock price prediction,Article,Yes,No,No,SC01; SC05,M-0210,Primary/Other,Yes,Price; Direction/Movement,Yes,Yes,Yes,Yes,,Yes,7,30,A_Direct_Methodological_Priority,Detailed extraction for gap and methodology design,High,Financial_News; Sentiment; FinBERT_BERT_RoBERTa; Multimodal; Fusion; Transformer_Attention; XAI,stock price,directional prediction; price prediction; stock price,attention; bert; deep learning; lstm,accuracy; comparative; experiments; mae; mape; rmse,"Intelligent Stock Price Prediction Model Research Integrating Multimodal Information and KAN Networks || Stock price prediction represents a core challenge in financial engineering, where traditional methods often rely on single data sources and struggle to capture complex market dynamics. || This study proposes an intelligent stock price prediction model that integrates multimodal information and Kolmogorov-Arnold Networks (KAN), constructing an attention mechanism-based feature fusion framework by incorporating historical stock price data, financial news texts, and social media sentiment from multiple sources. || The model employs LSTM networks to process numerical time-series features, utilizes BERT models to extract textual semantic information, achieves intelligent feature fusion through multi-head attention mechanisms, and introduces KAN networks as the output layer for stock price prediction tasks for the first time.",sentiment analysis,,Yes,Unclear,Unclear,Yes,Yes,Yes,Yes,Unclear,Yes,Yes,Yes,Yes,Unclear,Unclear,Yes,Unclear,Unclear,Unclear,time series,,,financial news,social media,sentiment,bert,,multimodal,data fusion; feature fusion; fusion,attention mechanism; informer,lstm,,,attention visualization; interpretability,,,
doi:10.14445/23488549/ijece-v13i5p119,Multimodal Stock Price Prediction Using a Hybrid GRU– Multi-Head Attention Model with Ensemble Sentiment and Technical Indicators,Kakde A.K.; Dale M.P.,2026,SSRG International Journal of Electronics and Communication Engineering,10.14445/23488549/ijece-v13i5p119,"This proposed methodology introduces a hybrid model integrating sentiment scores with historical data and technical indicators. Ensemble sentiment scores were calculated using three sentiment methods: Financial Bidirectional Encoder Representations from Transformers (FinBERT), Robustly Optimized BERT Pretraining Approach (RoBERTa), and Distilled Robustly Optimized BERT Pretraining Approach (DistilRoBERTa). Sentiments were extracted from the Global Database of Events, Language and Tone (GDELT) Project, Google RSS feeds, and news articles from The Economic Times, alongside historical stock data from Yahoo Finance of selected NIFTY 50 companies spanning January 3, 2022, to November 15, 2025. A Gated Recurrent Unit-Multi-Head Attention (GRU-MHA) model was utilized to identify sequential dependencies and predict the next-day opening prices for Infosys, Tata Motors, Sun Pharma, and Tata Steel within the NIFTY 50 index. Model performance was evaluated using Mean Absolute Error (MAE), Root Mean Squared Error (RMSE), Coefficient of Determination (R2), and Mean Absolute Percentage Error (MAPE). The ensemble sentiment-driven GRU-MHA model had low errors, with MAE = 0.1631 and RMSE = 0.2337 for Infosys and MAE = 0.7607 for Tata Steel. Most stocks had an MAPE of less than 1%, with Sun Pharma at 0.49% and Tata Steel at 0.52%. R2 values above 0.92 across sectors and as high as 0.9893 showed high explanatory power, outperforming standalone sentiment models. © 2026 Seventh Sense Research Group®.",Ensemble Sentiment Analysis (ESA); Gated Recurrent Unit (Gru); Multi-Head Attention (MHA); Sentiment Analysis (SA); Stock Market (SM); Stock Price (SP); Technical Analysis (TA),Article,Yes,No,No,SC01; SC02,M-2045,Primary/Other,Yes,Price,Yes,Yes,Yes,Yes,,Yes,7,30,A_Direct_Methodological_Priority,Detailed extraction for gap and methodology design,High,Technical_Indicators; Financial_News; Sentiment; FinBERT_BERT_RoBERTa; Multimodal; Optimization; Indian_Market,nifty; nifty 50; stock market; stock price,price prediction; stock price,attention; bert; finbert; gru; hybrid model; roberta,evaluated; mae; mape; r2; rmse,"Multimodal Stock Price Prediction Using a Hybrid GRU– Multi-Head Attention Model with Ensemble Sentiment and Technical Indicators || A Gated Recurrent Unit-Multi-Head Attention (GRU-MHA) model was utilized to identify sequential dependencies and predict the next-day opening prices for Infosys, Tata Motors, Sun Pharma, and Tata Steel within the NIFTY 50 index.",sentiment analysis,,Unclear,Yes,Unclear,Yes,Unclear,Yes,Yes,Unclear,Yes,Unclear,Unclear,Yes,Yes,Unclear,Unclear,Unclear,Yes,Unclear,,technical analysis; technical indicators,,news articles,,sentiment; sentiment scores,bert; finbert; roberta,,multimodal,,,gru,optimized,,,,nifty; nifty 50,
doi:10.70917/ijcisim-2026-2611,Sentiment-Weighted Fusion of Financial News and Technical Indicators for Short-Horizon Equity Trend Classification: An Evidence-Informed Research Framework,Chourasia P.; Rajavat Y.S.,2026,International Journal of Computer Information Systems and Industrial Management Applications,10.70917/ijcisim-2026-2611,"Short-horizon equity trend prediction remains difficult because price formation reflects both historical market behaviour and rapidly changing information flows. Technical indicators condense past open-high-low-close-volume data into interpretable measures of trend, momentum, volatility and participation. At the same time, financial news sentiment captures the market relevance of textual disclosures, macroeconomic updates and company-specific events. This paper develops a sentiment-weighted fusion framework that combines transformer-derived financial news sentiment with selected technical indicators for next-day equity trend classification. The proposed design uses a finance-domain transformer, such as FinBERT, to transform news headlines or short articles into positive, negative and neutral sentiment probabilities; these outputs are then aggregated by trading date and merged with engineered indicators including moving averages, relative strength index, moving average convergence divergence, Bollinger Bands, daily return, volume change and historical volatility. Instead of presenting unverified or simulated accuracy values, the manuscript positions the contribution as an evidence-informed methodological framework supported by established studies on public mood, LSTM-based market forecasting, transformer-based sentiment classification and hybrid sentiment-technical prediction. The paper specifies the research gap, hypotheses, input variables, feature construction, validation design, evaluation metrics and reproducibility requirements for future empirical implementation. The framework is intended to support a narrower publishable subset of a broader multimodal financial market prediction research agenda while maintaining transparency about the need for original dataset validation before final performance claims are made. © 2026 by the authors.",feature fusion; financial forecasting; financial news sentiment; FinBERT; machine learning; stock trend classification; technical indicators; transformer model,Article,Yes,No,No,SC01,M-2731,Primary/Other,Yes,Trend,Yes,Yes,No,Yes,,Yes,8,30,A_Direct_Methodological_Priority,Detailed extraction for gap and methodology design,High,Technical_Indicators; Financial_News; Sentiment; FinBERT_BERT_RoBERTa; Multimodal; Fusion; Transformer_Attention; XAI,stock trend,stock trend; trend prediction,finbert; lstm; machine learning; transformer,accuracy; dataset; evaluation,,sentiment classification,,Yes,Yes,Unclear,Yes,Unclear,Yes,Yes,Unclear,Yes,Yes,Yes,Yes,Unclear,Unclear,Yes,Unclear,Unclear,Unclear,open-high-low-close; volume,bollinger; moving average; moving averages; relative strength index; technical indicators,,financial news; news headlines,,sentiment,finbert,,multimodal,feature fusion; fusion,transformer,lstm,,,interpretable,,,
doi:10.1007/s41060-025-00983-w,SentiVol-GA: a volatility-scaled genetic fusion of predictive models and financial sentiment for adaptive stock forecasting,Singh M.; Tunga H.; Kar S.,2026,International Journal of Data Science and Analytics,10.1007/s41060-025-00983-w,"SentiVol-GA is an evolvable hybrid framework for stock price forecasting. This model integrates statistical models, deep learning architectures, financial sentiment analysis, and volatility-aware optimization through a Genetic Algorithm (GA). This framework combines five predictive models—Linear Regression, LSTM, GRU, Bi-LSTM, and ARIMA—with sentiment signals extracted from FinBERT, VADER, and the Loughran–McDonald dictionary. Its core innovation lies in a volatility-scaling mechanism that adjusts sentiment impact during turbulent periods, while the GA periodically optimizes model and sentiment weights to minimize forecasting error thus sustaining the model’s predictive stability. This empirical evaluation across eight Indian IT-sector stocks—covering large, mid- and small-cap segments, demonstrates up to 12% improvement in R2, 30–60% reduction in RMSE, and 20–35% gain in tolerance-based accuracy over classical and deep-learning baselines. Nonparametric Friedman and Wilcoxon tests (p < 0.05) confirm that these performance gains are statistically significant. SentiVol-GA offers a volatility-aware, sentiment-driven, and dynamically optimized approach that is scalable, interpretable, and robust for intelligent financial decision-making. © The Author(s), under exclusive licence to Springer Nature Switzerland AG 2025.",Adaptive stock forecasting; Deep learning; Financial time series; Genetic algorithm; Sentiment analysis; SentiVol-GA; Volatility scaling; Autoregressive moving average model; Decision making; Economic analysis; Electronic trading; Financial markets; Forecasting; Learning algorithms; Prediction models; Time series analysis; Adaptive stock forecasting; Deep learning; Evolvable; Financial time series; Predictive models; Scalings; Sentiment analysis; Sentivol-genetic algorithm; Stock forecasting; Volatility scaling; Deep learning; Genetic algorithms; Sentiment analysis,Article,Yes,No,No,SC01; SC04; SC05,M-0328,Primary/Other,Yes,Price,Yes,Yes,Yes,Yes,,Yes,7,30,A_Direct_Methodological_Priority,Detailed extraction for gap and methodology design,High,Technical_Indicators; Sentiment; FinBERT_BERT_RoBERTa; Fusion; Optimization; Metaheuristic; XAI,stock forecasting; stock price,price forecasting; stock price,deep learning; finbert; gru; lstm,accuracy; evaluation; r2; rmse,SentiVol-GA: a volatility-scaled genetic fusion of predictive models and financial sentiment for adaptive stock forecasting || SentiVol-GA is an evolvable hybrid framework for stock price forecasting.,sentiment analysis,,Yes,Yes,Unclear,Unclear,Unclear,Yes,Yes,Unclear,Unclear,Yes,Unclear,Yes,Yes,Yes,Yes,Unclear,Unclear,Unclear,time series,moving average,,,,sentiment,finbert,,,fusion,,bi-lstm; gru; lstm,optimized,genetic algorithm,interpretable,,,
doi:10.1109/access.2025.3645089,An Adaptive Modality Fusion Network for Stock Trend Prediction,Bentaleb K.; Ben Houad M.; Mestari M.,2025,IEEE Access,10.1109/access.2025.3645089,"Financial markets are increasingly shaped by structured indicators and unstructured news flows, making trend prediction a multimodal challenge under uncertainty. This paper introduces the Adaptive Modality Fusion Network (AMFNet), a deep learning architecture that integrates technical indicators with document-level sentiment extracted from multiple language models through a structured sentiment matrix, a Transformer encoder, and an uncertainty-aware fusion mechanism. We evaluate AMFNet on a ten-year dataset covering twelve U.S. large-cap equities and three emerging-market American Depositary Receipts (ADRs). Results show that AMFNet surpasses recent multimodal baselines in ternary trend classification, achieving an F1-score of 86.8% on 2023–2024 out-of-sample tests. Portfolio backtests, with and without transaction costs, confirm that predictive accuracy translates into profitability and risk-adjusted returns. Stress tests during the COVID-19 crash and the 2022 inflationary crisis demonstrate resilience under extreme shocks, while ADR results indicate cross-market portability. Attention-based weights provide interpretability by revealing dynamic shifts between sentiment and technical indicators. Altogether, AMFNet delivers accuracy, robustness, and transparency, offering a practical framework for forecasting and risk management. © 2013 IEEE.",Multimodal fusion; sentiment analysis; stock trend prediction; technical indicators; transformer networks; Commerce; Deep learning; Electronic trading; Financial markets; Forecasting; Indicators (instruments); Investments; Large datasets; Learning systems; Risk management; American Depositary Receipt; Modality Fusion; Multi-modal; Multi-modal fusion; Sentiment analysis; Stock trend prediction; Technical indicator; Transformer network; Trend prediction; Uncertainty; Sentiment analysis,Article,Yes,No,Yes,EL04; EL06; SC01,M-1720,Primary/Other,Yes,Trend,Yes,Yes,Yes,Yes,,Yes,8,30,A_Direct_Methodological_Priority,Detailed extraction for gap and methodology design,High,Technical_Indicators; Sentiment; Multimodal; Fusion; Transformer_Attention; XAI; Temporal_Validation; Multi_Stock,stock trend,stock trend; trend prediction,attention; deep learning; transformer,accuracy; dataset; datasets; evaluate; f1; results show,An Adaptive Modality Fusion Network for Stock Trend Prediction,sentiment analysis,,Unclear,Yes,Unclear,Unclear,Unclear,Yes,Unclear,Unclear,Yes,Yes,Yes,Unclear,Unclear,Unclear,Yes,Yes,Unclear,Yes,,technical indicator; technical indicators,,,,sentiment,,,multi-modal; multimodal,fusion,transformer,,,,interpretability,out-of-sample,,cross-market
doi:10.1007/s43069-026-00603-8,Explainable Multi-source AI Framework for Real-Time Stock Price Monitoring and Prediction,Patil M.; Patil J.M.; Shahade A.K.; Deshmukh P.V.,2026,Operations Research Forum,10.1007/s43069-026-00603-8,"India’s real-time forecasting of stock prices is hindered by heterogeneous data sources, volatility in markets, and regulatory demands for transparency in algorithmic trading. This research proposes a systematic, interpretable multi-source artificial intelligence (AI) framework for tracking and predicting stock prices on the NSE and BSE. The model brings together market technical indicators, macroeconomic variables, and sentiment factors into one prediction pipeline through a hybrid ensemble of temporal fusion transformers (TFTs), long short-term memory (LSTM) networks, random forests (RFs), and extreme gradient boosting (XGBoost). Deep learning models capture temporal relationships, while tree-based methods provide structural stability. Explainability is ensured through SHapley Additive exPlanations (SHAP), Local Interpretable Model-Agnostic Explanations (LIME), and counterfactual analysis, allowing for transparent decision-making as per SEBI guidelines. Results on multi-year NSE/BSE data (2015–2024) show a 39.8% RMSE reduction and a 9.62% increase in directional accuracy relative to baselines employing conventional and single-model methods. Ablation studies discover that macroeconomic and sentiment data significantly enhance short- and medium-term forecasting accuracy, particularly during event-driven volatility. The results highlight the promise of the framework in enabling low-latency, explainable, and regulation-compliant prediction, enabling algorithmic trading, compliance with policy, and enhanced decision-making. © The Author(s), under exclusive licence to Springer Nature Switzerland AG 2026.",Explainable AI (XAI); Financial sentiment; Multi-source data fusion; NSE/BSE; SEBI compliance; Stock price prediction; Temporal fusion transformer (TFT),Article,Yes,No,No,SC01; SC02; SC05,M-0366,Primary/Other,Yes,Price,Yes,Yes,Yes,Yes,,Yes,7,29,A_Direct_Methodological_Priority,Detailed extraction for gap and methodology design,High,Technical_Indicators; Sentiment; Multimodal; Fusion; Transformer_Attention; XAI; Indian_Market,stock price; stock prices,price prediction; stock price; stock prices,artificial intelligence; deep learning; gradient boosting; lstm; transformer; xgboost,accuracy; rmse,"Explainable Multi-source AI Framework for Real-Time Stock Price Monitoring and Prediction || India’s real-time forecasting of stock prices is hindered by heterogeneous data sources, volatility in markets, and regulatory demands for transparency in algorithmic trading. || This research proposes a systematic, interpretable multi-source artificial intelligence (AI) framework for tracking and predicting stock prices on the NSE and BSE.",algorithmic trading,,Unclear,Yes,Unclear,Unclear,Unclear,Yes,Unclear,Unclear,Yes,Yes,Yes,Yes,Unclear,Unclear,Yes,Unclear,Yes,Unclear,,technical indicators,,,,sentiment,,,heterogeneous data; multi-source,data fusion; fusion,temporal fusion transformer; transformer,long short-term memory; lstm,,,explainability; explainable; interpretable; lime; shap; xai,,bse; india; nse,
doi:10.22266/ijies2025.0930.09,Dynamic Deep Stock Price Prediction Network with Support of Multi-Source Information,Ravi G.; Selvakumar D.S.,2025,International Journal of Intelligent Engineering and Systems,10.22266/ijies2025.0930.09,"Stock market trading relies on quick, accurate information, but predicting stocks is difficult due to various unpredictable factors. Several Deep Learning (DL) models have been developed to enhance stock prediction efficiency. While some DL models perform well with single-source data, they often show lower accuracy when handling multi- source stock market information. Multilevel Graph Attention Model (ML-GAT) integrates multi-source data by leveraging Long Short-Term Memory (LSTM) networks and Bidirectional Encoder Representations from Transformers (BERT) for feature learning and embedding within stock. This model integrates financial data, news articles and Wikidata to support stock market prediction. Despite lacks to consider multiple source of indicators like technical, sentiment and fundamental indicators to identify stock trends, ML-GAT finds difficulty in leveraging heterogeneous data sources, impacting the models performance. In this paper, Dynamic Deep Stock Price Prediction Network (DDSPPnet) is developed using Enriched Multi-Level Graph Attention model (EMLGAM) to solve above-mentioned issues for stock prediction. In this approach, stock market data features are derived from four key sources like price data, quantitative data (financial and technical index factors), sentiment data (news) and relational data (Wikidata). Initially, price data features are extracted using an LSTM module to capture long-term dependencies in short-term price fluctuations. Next, quantitative data features are extracted using Gated Recurrent Units (GRU) to efficiently capture temporal dependencies and trends over time. For sentiment data, features related to public opinion (news) are extracted using BERT to capture stock market movements and predict market behaviour. The relational data leverages public Wikidata to extract enterprise relationship information using an improved relation extraction model. This improved relation extraction model utilizes Multi-Variate Hawkes Process (MVHP) to extract initial stock correlations that are then combined with Wikidata’s relationship data for improved stock prediction. The extracted features are embedded together and inputted to EMLGAM for stock price prediction. The test results demonstrate that the proposed model achieves an average accuracy of 0.893, 0.904, 0.913, 0.903, along with an average F1-Score of 0.896, 0.901, 0.906, 0.900 on India’s National Stock Exchange (NSE) and Bombay Stock Exchange (BSE), Standard & Poor’s 500 Index (S&P 500) and National Association of Securities Dealers Automated Quotations (NASDAQ-100) datasets respectively, outperforming LSTM, GRU, BERT, LSTM-GRU, BERT-LSTM and BERT- GRU models. © This article is licensed under a Creative Commons Attribution-ShareAlike 4.0 International License. License details: https://creativecommons.org/licenses/by-sa/4.0/",Gated recurrent units; Graph convolution network; Long short term memory; Multi-variate hawkes process; Stock market,Article,Yes,No,No,SC01; SC02; SC03,M-2194,Primary/Other,Yes,Price; Trend,Yes,Yes,Yes,No,,Yes,6,29,A_Direct_Methodological_Priority,Detailed extraction for gap and methodology design,High,Fundamental_Data; Financial_News; Sentiment; FinBERT_BERT_RoBERTa; Multimodal; Indian_Market,bombay stock exchange; nasdaq; national stock exchange; s&p 500; stock market; stock prediction; stock price; stock trends,price prediction; stock price; stock trends,attention; bert; deep learning; gru; lstm,accuracy; datasets; f1; results demonstrate,"Dynamic Deep Stock Price Prediction Network with Support of Multi-Source Information || Several Deep Learning (DL) models have been developed to enhance stock prediction efficiency. || This model integrates financial data, news articles and Wikidata to support stock market prediction. || Despite lacks to consider multiple source of indicators like technical, sentiment and fundamental indicators to identify stock trends, ML-GAT finds difficulty in leveraging heterogeneous data sources, impacting the models performance. || In this paper, Dynamic Deep Stock Price Prediction Network (DDSPPnet) is developed using Enriched Multi-Level Graph Attention model (EMLGAM) to solve above-mentioned issues for stock prediction. || For sentiment data, features related to public opinion (news) are extracted using BERT to capture stock market movements and predict market behaviour. || This improved relation extraction model utilizes Multi-Variate Hawkes Process (MVHP) to extract initial stock correlations that are then combined with Wikidata’s relationship data for improved stock prediction. || The extracted features are embedded together and inputted to EMLGAM for stock price prediction.",,,Yes,Unclear,Yes,Yes,Unclear,Yes,Yes,Unclear,Yes,Unclear,Unclear,Yes,Unclear,Unclear,Unclear,Unclear,Yes,Unclear,market data,,fundamental indicators,news articles,,sentiment,bert,,heterogeneous data; multi-source,,,gru; long short term memory; long short-term memory; lstm,,,,,bombay stock exchange; bse; india; national stock exchange; nse,
doi:10.1007/s10614-024-10811-1,MoF: A Background-Aware Multi-source Fusion Financial Trend Forecasting Mechanism,Mo F.; Yan S.; Xiao Y.,2025,Computational Economics,10.1007/s10614-024-10811-1,"With the rapid growth of economic globalization and digital economics, accurately predicting stock price fluctuations has become crucial yet challenging due to high volatility and market noise. Existing forecasting methods, relying primarily on time-series data, technical indicators, and sentiment analysis, often fail to capture the semantic depth of background knowledge, particularly the influence of real-time events. To address this limitation, we propose MoF, a background-aware multi-source fusion mechanism for financial trend forecasting. MoF integrates stock price data with background knowledge on the impact of real-time events on stock trends, which includes key information from policy documents and stock commentaries, and subsequently leverages the MacBERT model to generate feature vectors for stock prediction. Our results show that MoF, by incorporating the influence of real-time events, improves accuracy and interpretability in stock trend forecasting, surpassing LSTM-based models with over 90% accuracy in predicting market fluctuations and providing reliable directional predictions. © The Author(s), under exclusive licence to Springer Science+Business Media, LLC, part of Springer Nature 2024.",Background-aware; Financial trend; LLM; Macbert,Article,Yes,No,No,SC01; SC02; SC05,M-0171,Primary/Other,Yes,Price; Trend,Yes,Yes,Yes,Yes,,Yes,6,29,A_Direct_Methodological_Priority,Detailed extraction for gap and methodology design,High,Technical_Indicators; Sentiment; LLM_FinGPT; Multimodal; Fusion; XAI,stock prediction; stock price; stock trend; stock trends,stock price; stock trend; stock trends; trend forecasting,llm; lstm,accuracy; results show,"With the rapid growth of economic globalization and digital economics, accurately predicting stock price fluctuations has become crucial yet challenging due to high volatility and market noise. || MoF integrates stock price data with background knowledge on the impact of real-time events on stock trends, which includes key information from policy documents and stock commentaries, and subsequently leverages the MacBERT model to generate feature vectors for stock prediction. || Our results show that MoF, by incorporating the influence of real-time events, improves accuracy and interpretability in stock trend forecasting, surpassing LSTM-based models with over 90% accuracy in predicting market fluctuations and providing reliable directional predictions. © The Author(s), under exclusive licence to Springer Science+Business Media, LLC, part of Springer Nature 2024.",sentiment analysis,,Unclear,Yes,Unclear,Unclear,Unclear,Yes,Unclear,Yes,Yes,Yes,Unclear,Yes,Unclear,Unclear,Yes,Unclear,Unclear,Unclear,,technical indicators,,,,sentiment,,llm,multi-source,fusion,,lstm,,,interpretability,,,
doi:10.1016/j.procs.2025.09.177,Multimodal Financial Sentiment for Stock Return Prediction,Petr Hajek and Josef Novotny and Michal Munk and Dasa Munkova,2025,Procedia Computer Science,10.1016/j.procs.2025.09.177,"This paper proposes a novel multimodal deep learning framework for stock return prediction that integrates heterogeneous data sources: technical indicators, market investor sentiment indices, and textual sentiment extracted from earnings conference call transcripts. The proposed model employs a hybrid architecture combining transformer encoder for the technical modality and neural networks for market and textual modalities. A modality-level attention mechanism is used in a late fusion setup to dynamically weight the contributions of each modality. We evaluate our model on a large-scale dataset comprising 24,821 samples from 497 S&P 500 companies over the period 2010–2022. The results show that our model outperforms traditional models (LSTM, BiL-STM, CNN-LSTM) and alternative fusion strategies, achieving a directional accuracy of 59.94% on the test set. Attention weight analysis confirms that all three modalities contribute meaningfully to prediction performance. These results demonstrate the overall effectiveness of the proposed framework in accurately predicting abnormal stock returns in a multimodal setting.","Multimodal fusion, Financial sentiment, Stock market, Prediction, Earnings conference calls",Article,No,Yes,Yes,EL04; SD01; SD02; SD03; SD05,M-1368,Primary/Other,Yes,Return,Yes,Yes,Yes,Yes,,Yes,6,29,A_Direct_Methodological_Priority,Detailed extraction for gap and methodology design,High,Technical_Indicators; Fundamental_Data; Sentiment; Multimodal; Fusion; Transformer_Attention,s&p 500; stock market; stock return; stock returns,return prediction; stock return; stock returns,attention; cnn; deep learning; lstm; neural networks; transformer,accuracy; dataset; evaluate; outperforms; results demonstrate; results show; test set,"Multimodal Financial Sentiment for Stock Return Prediction || This paper proposes a novel multimodal deep learning framework for stock return prediction that integrates heterogeneous data sources: technical indicators, market investor sentiment indices, and textual sentiment extracted from earnings conference call transcripts. || These results demonstrate the overall effectiveness of the proposed framework in accurately predicting abnormal stock returns in a multimodal setting.",investor sentiment,,Unclear,Yes,Yes,Unclear,Unclear,Yes,Unclear,Unclear,Yes,Yes,Yes,Yes,Unclear,Unclear,Unclear,Unclear,Unclear,Unclear,,technical indicators,earnings,,,sentiment,,,heterogeneous data; multimodal,fusion; late fusion,attention mechanism; transformer,lstm,,,,,,
doi:10.1007/s00521-024-10303-1,A deep fusion model for stock market prediction with news headlines and time series data,Chen P.; Boukouvalas Z.; Corizzo R.,2024,Neural Computing and Applications,10.1007/s00521-024-10303-1,"Time series forecasting models are essential decision support tools in real-world domains. Stock market is a remarkably complex domain, due to its quickly evolving temporal nature, as well as the multiple factors having an impact on stock prices. To date, a number of machine learning-based approaches have been proposed in the literature to tackle stock trend prediction. However, they typically tend to analyze a single data source or modality, or consider multiple modalities in isolation and rely on simple combination strategies, with a potential reduction in their modeling power. In this paper, we propose a multimodal deep fusion model to predict stock trends, leveraging daily stock prices, technical indicators, and sentiment in daily news headlines published by media outlets. The proposed architecture leverages a BERT-based model branch fine-tuned on financial news and a long short-term memory (LSTM) branch that captures relevant temporal patterns in multivariate data, including stock prices and technical indicators. Our experiments on 12 different stock datasets with prices and news headlines demonstrate that our proposed model is more effective than popular baseline approaches, both in terms of accuracy and trading performance in a portfolio analysis simulation, highlighting the positive impact of multimodal deep learning for stock trend prediction. © The Author(s) 2024.",Deep learning; Multimodal learning; Portfolio analysis; Sentiment analysis; Stock market analysis; Time series prediction; Deep learning; Prediction models; Time series; Deep learning; Fusion model; Multi-modal; Multi-modal learning; Portfolio analysis; Sentiment analysis; Stock market analysis; Stock price; Stock trend prediction; Time series prediction; Marketplaces,Article,Yes,No,Yes,EL01; EL03; EL04; EL08; SC01; SC02,M-0080,Primary/Other,Yes,Price; Trend,Yes,Yes,Yes,Yes,,Yes,6,29,A_Direct_Methodological_Priority,Detailed extraction for gap and methodology design,High,Technical_Indicators; Financial_News; Sentiment; FinBERT_BERT_RoBERTa; Multimodal; Fusion,stock market; stock price; stock prices; stock trend; stock trends,stock price; stock prices; stock trend; stock trends; trend prediction,bert; deep learning; lstm; machine learning,accuracy; datasets; experiments,"A deep fusion model for stock market prediction with news headlines and time series data || Stock market is a remarkably complex domain, due to its quickly evolving temporal nature, as well as the multiple factors having an impact on stock prices. || To date, a number of machine learning-based approaches have been proposed in the literature to tackle stock trend prediction. || In this paper, we propose a multimodal deep fusion model to predict stock trends, leveraging daily stock prices, technical indicators, and sentiment in daily news headlines published by media outlets. || The proposed architecture leverages a BERT-based model branch fine-tuned on financial news and a long short-term memory (LSTM) branch that captures relevant temporal patterns in multivariate data, including stock prices and technical indicators. || Our experiments on 12 different stock datasets with prices and news headlines demonstrate that our proposed model is more effective than popular baseline approaches, both in terms of accuracy and trading performance in a portfolio analysis simulation, highlighting the positive impact of multimodal deep learning for stock trend prediction. © The Author(s) 2024.",sentiment analysis,,Yes,Yes,Unclear,Yes,Unclear,Yes,Yes,Unclear,Yes,Yes,Unclear,Yes,Unclear,Unclear,Unclear,Unclear,Unclear,Unclear,time series,technical indicators,,financial news; news headlines,,sentiment,bert,,multi-modal; multimodal,fusion,,long short-term memory; lstm,,,,,,
doi:10.70917/ijcisim-2026-2382,Cross-Country Stock Price Forecasting Using Multimodal Temporal Convolutional Fusion of Multilingual Financial Sentiment and Market Data,Aggarwal M.; Verma S.,2026,International Journal of Computer Information Systems and Industrial Management Applications,10.70917/ijcisim-2026-2382,"The nature of stock market forecasting is compounded by the nonlinear, volatile and behaviour based nature of financial markets as a complex challenge. Most of the traditional forecasting methods are based on past facts regarding prices and they do not consider the sentiments of the investors and the availability of multilingual data which plays a major role in market dynamics. In order to overcome these weaknesses, this paper suggests a multimodal deep-learning model of cross-country stock price forecasting that incorporates the predictive power of historical financial data with multilingual sentiment data derived through financial news information. The suggested architecture uses the Temporal Convolutional Networks (TCN) to successfully extract the long-range temporal correlations in both the financial time-series data and the sentiment sequences. Moreover, an adaptive attention-based fusion process is presented to acquire the relative weight of the signals of numerical market indicators and sentiment signals in dynamic market conditions. Transformer-based sentiment models are used to process the multilingual financial news to obtain sentiment polarity, sentiment intensity, and probabilistic sentiment representations that are consistent with the daily market observations. The model is tested using multi-country data of large financial markets, such as the United States, India, the United Kingdom, Germany, and Japan. The experimental outcomes indicate that the suggested framework prevails over benchmark frameworks including LSTM, attention-based LSTM, and sentiment only models. The model has lower forecasting errors both in terms of Mean Absolute Error (MAE) and Root Mean Squared Error (RMSE) and directional prediction accuracy. On the whole, the results demonstrate the necessity to combine behavioural sentiment indicators and quantitative financial indicators to increase the strength of the forecasts and generalization in the global markets. The suggested framework offers an interpretation-capable and scalable AI-based system of financial forecasting and intelligent investment decision support systems. © 2026 by the authors.",Attention mechanism; Cross-country markets; Financial sentiment analysis; Multimodal learning; Stock prediction; Temporal Convolutional Network; Time-series forecasting,Article,Yes,No,Yes,EL01; EL04; SC01; SC02; SC05,M-2730,Primary/Other,Yes,Price; Direction/Movement,Yes,Yes,Yes,Yes,,Yes,7,28,A_Direct_Methodological_Priority,Detailed extraction for gap and methodology design,High,Financial_News; Sentiment; Multimodal; Fusion; Transformer_Attention; Indian_Market; Multi_Stock,stock market; stock prediction; stock price,directional prediction; price forecasting; stock price,attention; convolutional; lstm; tcn; transformer,accuracy; benchmark; experimental; mae; results demonstrate; rmse,"Cross-Country Stock Price Forecasting Using Multimodal Temporal Convolutional Fusion of Multilingual Financial Sentiment and Market Data || The nature of stock market forecasting is compounded by the nonlinear, volatile and behaviour based nature of financial markets as a complex challenge. || In order to overcome these weaknesses, this paper suggests a multimodal deep-learning model of cross-country stock price forecasting that incorporates the predictive power of historical financial data with multilingual sentiment data derived through financial news information.",sentiment analysis,,Yes,Unclear,Unclear,Yes,Unclear,Yes,Unclear,Unclear,Yes,Yes,Yes,Yes,Unclear,Unclear,Unclear,Unclear,Yes,Yes,market data,,,financial news,,polarity; sentiment,,,multimodal,fusion,attention mechanism; transformer,lstm,,,,,india,cross-country
doi:10.1038/s41598-026-58717-2,"Enhancing stock market price prediction through FinGPT-driven sentiment analysis, technical indicators, historical price data, and attention-based hybrid deep learning models",Golabzaei M.; Taheripour E.; Sadjadi S.J.,2026,Scientific Reports,10.1038/s41598-026-58717-2,"Accurate stock price forecasting is increasingly dependent on models that can integrate heterogeneous market signals beyond traditional quantitative indicators. Classical sentiment analysis tools and lexicon-based methods often fail to capture the contextual and domain-specific nuances of financial language, limiting their predictive contribution. To address these limitations, this study introduces a multimodal forecasting framework that leverages FinGPT, an advanced financial large language model specifically trained for market-related text understanding. FinGPT is employed to extract high-resolution sentiment polarity scores from Twitter data, replacing conventional sentiment models and providing a more robust representation of investor psychology. These sentiment features are fused with historical stock prices and technical indicators to form a comprehensive input space. The integrated dataset is used to evaluate four deep learning architectures: CNN, LSTM, Attention-based LSTM (ALSTM), and a newly proposed Hybrid ALSTM-CNN model with an attention mechanism. Experiments performed on eight major NASDAQ and NYSE stocks demonstrate that incorporating FinGPT-derived sentiment significantly enhances forecasting accuracy across all models. The Hybrid model consistently achieves the best performance, effectively capturing both long-term dependencies and short-term market dynamics. Results confirm that FinGPT-driven sentiment modeling provides substantial predictive value compared with traditional sentiment approaches, enabling more realistic, behavior-aware stock price forecasting. For instance, in the case of AMD stock, it recorded the lowest MSE (46.06) and the highest R² (0.624), highlighting its superior ability to capture nonlinear dependencies and market dynamics. Overall, the proposed sentiment-enhanced hybrid framework provides a more robust and realistic procedure for stock price prediction by integrating quantitative and qualitative market signals. © The Author(s) 2026.",Deep learning; FinGPT; Multimodal data fusion; Sentiment analysis; Stock price prediction; Technical analysis; article; deep learning; forecasting; human; hybrid; large language model; prediction; predictive value; price; sentiment analysis; social media; stock market,Article,Yes,No,Yes,EL03; SC01; SC02,M-1508,Primary/Other,Yes,Price,Yes,Yes,Yes,Yes,,Yes,6,28,A_Direct_Methodological_Priority,Detailed extraction for gap and methodology design,High,Technical_Indicators; Sentiment; LLM_FinGPT; Multimodal; Fusion; Transformer_Attention,nasdaq; stock market; stock price; stock prices,price forecasting; price prediction; stock price; stock prices,attention; cnn; deep learning; fingpt; hybrid model; large language model; lstm,accuracy; dataset; evaluate; experiments; mse,"Enhancing stock market price prediction through FinGPT-driven sentiment analysis, technical indicators, historical price data, and attention-based hybrid deep learning models || Accurate stock price forecasting is increasingly dependent on models that can integrate heterogeneous market signals beyond traditional quantitative indicators. || These sentiment features are fused with historical stock prices and technical indicators to form a comprehensive input space. || Experiments performed on eight major NASDAQ and NYSE stocks demonstrate that incorporating FinGPT-derived sentiment significantly enhances forecasting accuracy across all models. || Results confirm that FinGPT-driven sentiment modeling provides substantial predictive value compared with traditional sentiment approaches, enabling more realistic, behavior-aware stock price forecasting. || Overall, the proposed sentiment-enhanced hybrid framework provides a more robust and realistic procedure for stock price prediction by integrating quantitative and qualitative market signals. © The Author(s) 2026.",sentiment analysis,,Yes,Yes,Unclear,Unclear,Yes,Yes,Unclear,Yes,Yes,Yes,Yes,Yes,Unclear,Unclear,Unclear,Unclear,Unclear,Unclear,historical price,technical analysis; technical indicators,,,social media; twitter,polarity; sentiment,,fingpt; large language model,multimodal,data fusion; fusion,attention mechanism,lstm,,,,,,
doi:10.1038/s41598-026-43381-3,FusionLSTM-CNF: a confidence-calibrated multi-modal late fusion framework for robust stock movement prediction under uncertainty,Wang T.W.; Shaikh Z.A.; Yong S.L.; Elmannai H.; Por L.Y.,2026,Scientific Reports,10.1038/s41598-026-43381-3,"Financial markets exhibit complex, non-linear dynamics characterized by high volatility and uncertainty, making accurate stock movement prediction a challenging task. This study introduces FusionLSTM-CNF, a hybrid deep learning framework that integrates multi-modal data fusion, Long Short-Term Memory (LSTM) networks, and confidence calibration for stock movement prediction under uncertainty. Our model leverages a late fusion architecture, combining the outputs of three parallel LSTM sub-models trained on technical indicators, textual sentiment from financial news, and cross-asset correlation signals. A confidence-aware neural fusion (CNF) layer adaptively reweights modality contributions based on learned uncertainty estimates. We validate our model across multiple financial indices including S&P 500, NASDAQ, and FTSE 100. Experimental results show a 12.3% relative improvement in prediction accuracy over single-modal LSTM baselines and 23.7% reduction in prediction variance. Compared to recent state-of-the-art hybrid architectures, improvements are more modest (1.1–1.8% absolute accuracy gain) but statistically significant (Diebold-Mariano test,). The framework provides calibrated confidence estimates (Expected Calibration Error: 0.031) that enable confidence-filtered trading strategies with improved risk-adjusted returns (Sharpe ratio: 0.267 for top-40% confidence trades versus 0.131 unfiltered). This work contributes to financial artificial intelligence by demonstrating the practical benefits of unifying uncertainty quantification with heterogeneous time-series fusion, providing practitioners with both predictions and confidence estimates for risk-aware decision-making. © The Author(s) 2026.",Confidence calibration; Deep learning; Financial prediction; LSTM networks; Multi-modal fusion; Time series analysis; Uncertainty quantification; article; artificial intelligence; calibration; decision making; deep learning; female; financial market; human; human experiment; long short term memory network; normal human; prediction; time series analysis; uncertainty; volatilization,Article,Yes,No,No,SC01,M-1505,Primary/Other,Yes,Direction/Movement,Yes,Yes,Yes,Yes,,Yes,5,27,A_Direct_Methodological_Priority,Detailed extraction for gap and methodology design,High,Technical_Indicators; Financial_News; Sentiment; Multimodal; Fusion,ftse; nasdaq; s&p 500; stock movement,movement prediction; stock movement,artificial intelligence; deep learning; lstm,accuracy; experiment; experimental; results show,"FusionLSTM-CNF: a confidence-calibrated multi-modal late fusion framework for robust stock movement prediction under uncertainty || Financial markets exhibit complex, non-linear dynamics characterized by high volatility and uncertainty, making accurate stock movement prediction a challenging task. || This study introduces FusionLSTM-CNF, a hybrid deep learning framework that integrates multi-modal data fusion, Long Short-Term Memory (LSTM) networks, and confidence calibration for stock movement prediction under uncertainty.",trading strategies,,Yes,Yes,Unclear,Yes,Unclear,Yes,Unclear,Unclear,Yes,Yes,Unclear,Yes,Unclear,Unclear,Unclear,Unclear,Unclear,Unclear,time series,technical indicators,,financial news,,sentiment,,,multi-modal,data fusion; fusion; late fusion,,long short term memory; long short-term memory; lstm,,,,,,
doi:10.1016/j.iimb.2026.100675,Integrating sentiment analysis with CNN–LSTM models for stock price forecasting,Siddiqui T.A.; Shakeel M.R.; Alam S.; Manzoor M.; Siddiqui S.; Ranjan P.,2026,IIMB Management Review,10.1016/j.iimb.2026.100675,"Stock price prediction remains challenging due to markets’ non-linear, volatile nature. While existing studies analyse numerical data or textual news separately, their synergistic integration remains underexplored. We propose a novel dual-stream deep learning framework combining wavelet-processed price data with Financial Bidirectional Encoder Representations from Transformers (FinBERT)-based news sentiment analysis through intermediate feature fusion. Our architecture employs convolutional neural networks–long short-term memory (CNN–LSTM) networks to model cross-modal temporal dependencies. Comprehensive evaluation demonstrates superior performance (test mean squared error (MSE) = 0.0220), highlighting the value of multimodal integration for financial forecasting. Results suggest that this approach enhances predictive accuracy in algorithmic trading, though performance depends on data quality and temporal alignment between information sources. © 2026 Published by Elsevier Ltd on behalf of Indian Institute of Management Bangalore. This is an open access article under the CC BY-NC-ND license. http://creativecommons.org/licenses/by-nc-nd/4.0/",CNN–LSTM hybrid; Financial news; FinBERT; Sentiment analysis; Stock price prediction,Article,Yes,Yes,No,SC01; SD01; SD02; SD05,M-0923,Primary/Other,Yes,Price,Yes,Yes,Yes,Yes,,Yes,5,27,A_Direct_Methodological_Priority,Detailed extraction for gap and methodology design,High,Financial_News; Sentiment; FinBERT_BERT_RoBERTa; Multimodal; Fusion,stock price,price forecasting; price prediction; stock price,cnn; convolutional; deep learning; finbert; lstm; neural networks,accuracy; evaluation; mse,"Integrating sentiment analysis with CNN–LSTM models for stock price forecasting || Stock price prediction remains challenging due to markets’ non-linear, volatile nature.",algorithmic trading; sentiment analysis,,Unclear,Unclear,Unclear,Yes,Unclear,Yes,Yes,Unclear,Yes,Yes,Unclear,Yes,Unclear,Unclear,Unclear,Unclear,Unclear,Unclear,,,,financial news,,sentiment,finbert,,cross-modal; multimodal,feature fusion; fusion,,long short-term memory; lstm,,,,,,
doi:10.3390/math13172747,Stock Price Prediction Using FinBERT-Enhanced Sentiment with SHAP Explainability and Differential Privacy,Ruan L.; Jiang H.,2025,Mathematics,10.3390/math13172747,"Stock price forecasting remains a central challenge in financial modeling due to the non-stationarity, noise, and high dimensionality of market dynamics, as well as the growing importance of unstructured textual information. In this work, we propose a multimodal prediction framework that combines FinBERT-based financial sentiment extraction with technical and statistical indicators to forecast short-term stock price movement. Contextual sentiment signals are derived from financial news headlines using FinBERT, a domain-specific transformer model fine-tuned on annotated financial text. These signals are aggregated and fused with price- and volatility-based features, forming the input to a gradient-boosted decision tree classifier (XGBoost). To ensure interpretability, we employ SHAP (SHapley Additive exPlanations), which decomposes each prediction into additive feature attributions while satisfying game-theoretic fairness axioms. In addition, we integrate differential privacy into the training pipeline to ensure robustness against membership inference attacks and protect proprietary or client-sensitive data. Empirical evaluations across multiple S&P 500 equities from 2018–2023 demonstrate that our FinBERT-enhanced model consistently outperforms both technical-only and lexicon-based sentiment baselines in terms of AUC, F1-score, and simulated trading profitability. SHAP analysis confirms that FinBERT-derived features rank among the most influential predictors. Our findings highlight the complementary value of domain-specific NLP and privacy-preserving machine learning in financial forecasting, offering a principled, interpretable, and deployable solution for real-world quantitative finance applications. © 2025 by the authors.",machine lrarning; privacy protection; stock prediction,Article,Yes,No,Yes,EL03; SC01; SC05,M-2487,Primary/Other,Yes,Price; Direction/Movement,Yes,Yes,Yes,No,,Yes,6,27,A_Direct_Methodological_Priority,Detailed extraction for gap and methodology design,High,Financial_News; Sentiment; FinBERT_BERT_RoBERTa; Multimodal; Transformer_Attention; XAI,s&p 500; stock prediction; stock price,price forecasting; price movement; price prediction; stock price,finbert; machine learning; transformer; xgboost,auc; f1; outperforms; training,"Stock Price Prediction Using FinBERT-Enhanced Sentiment with SHAP Explainability and Differential Privacy || Stock price forecasting remains a central challenge in financial modeling due to the non-stationarity, noise, and high dimensionality of market dynamics, as well as the growing importance of unstructured textual information. || In this work, we propose a multimodal prediction framework that combines FinBERT-based financial sentiment extraction with technical and statistical indicators to forecast short-term stock price movement.",,,Unclear,Unclear,Unclear,Yes,Unclear,Yes,Yes,Unclear,Yes,Unclear,Yes,Unclear,Unclear,Unclear,Yes,Unclear,Unclear,Unclear,,,,financial news; news headlines,,sentiment,finbert,,multimodal,,transformer,,,,explainability; interpretability; interpretable; shap,,,
doi:10.1016/j.eswa.2026.132142,A multi-graph learning framework to fuse heterogeneous market information for stock forecasting,Li Z.; Xiong J.; Wang J.; Tan J.; Du Jardin P.; Deveci M.; Zhong K.,2026,Expert Systems with Applications,10.1016/j.eswa.2026.132142,"Traditional financial studies focused on the fundamental indicators data and financial news to track stock movements. Recent studies have revealed that firm relationships, measuring spillovers from related firms, are also important for stock forecasting. However, previous studies via machine learning mostly relied on incomplete market information and failed to capture the interactions and heterogeneity within multimodal data. In this study, a multi-graph neural network framework (MGNN) is proposed to fuse heterogeneous market information with different data structures, i.e., numerical, textual and graphical representations. With such a design, the unique and heterogeneous nature of multimodal data is well addressed. Specially, a fine-grained event extraction methodology is employed to identify valuable events within a substantial corpus of financial news, thereby ensuring the reliability and quality of the extracted events. Then, an explicit and an implicit graph are constructed to integrate firm relationships with fundamental and news information, respectively. Finally, the distinct spillover effects of fundamental and news information are further integrated using a multi-scale cross-attention dual-branch transformer to capture the joint impact on stock movements. Experiments performed on real market data demonstrate the effectiveness of the proposed approach over state-of-the-art algorithms. © 2026 Elsevier Ltd. All rights are reserved, including those for text and data mining, AI training, and similar technologies.",Data analysis; Data fusion; Heterogeneous data; Multi-graph learning; Stock prediction; Commerce; Data mining; Electronic trading; Financial markets; Forecasting; Graph neural networks; Graph structures; Learning systems; Financial news; Heterogeneous data; Heterogeneous markets; Market information; Multi-graph learning; Multi-modal; News information; Stock forecasting; Stock movement; Stock predictions; Data reduction,Article,Yes,No,No,SC01,M-0839,Primary/Other,Yes,Direction/Movement,Yes,Yes,Yes,No,,Yes,5,26,A_Direct_Methodological_Priority,Detailed extraction for gap and methodology design,High,Fundamental_Data; Financial_News; Multimodal; Fusion; Transformer_Attention,stock forecasting; stock movement; stock prediction,stock movement; stock movements,attention; graph neural; machine learning; neural network; neural networks; transformer,experiments; training,"A multi-graph learning framework to fuse heterogeneous market information for stock forecasting || Recent studies have revealed that firm relationships, measuring spillovers from related firms, are also important for stock forecasting.",,,Yes,Unclear,Yes,Yes,Unclear,Unclear,Unclear,Unclear,Yes,Yes,Yes,Unclear,Unclear,Unclear,Unclear,Unclear,Unclear,Unclear,market data,,fundamental indicators,financial news,,,,,heterogeneous data; multi-modal; multimodal,cross-attention; data fusion; fusion,transformer,,,,,,,
doi:10.11925/infotech.2096-3467.2024.1205,Forecasting China’s New Energy Stock Index Driven by Multi-Source Heterogeneous Information Fusion; [多源异构信息融合驱动的我国新能源股指预测研究],Cao W.; Zhang Y.; Wang W.,2026,Data Analysis and Knowledge Discovery,10.11925/infotech.2096-3467.2024.1205,"[Objective] This study integrates multi-source heterogeneous information to overcome the limitations of a single data source and improve the forecasting accuracy of China’s new energy stock indices. [Methods] We develop the Deep Coupled LSTM-Attention-LLM Forecasting Framework (DC-LSTM-Attention-LLM), which couples a large language model (LLM) with a deep attention mechanism. First, ChatGPT with structured zero-shot prompting is used to quantify investor sentiment from unstructured textual data. Second, parallel LSTMs are designed to learn differentiated deep features from multi-source time series data. Third, a multi-head attention mechanism captures the interaction dependencies among heterogeneous features. Finally, a shared fusion layer with ReLU activation yields the final index forecasts. [Results] Empirical analysis incorporating China’s related markets, the U.S. new energy market and related markets, and social media texts from China and the United States show that the DC-LSTM-Attention-LLM outperforms nine baseline models across all three evaluation metrics. Compared with the standard LSTM, DC-LSTM-Attention-LLM reduces RMSE by 14.301 and 27.349 for the CSI New Energy Index and the SSE New Energy Index, respectively. [Limitations] The accuracy of sentiment recognition using zero-shot prompting is constrained when dealing with complex financial semantics. [Conclusions] Deeply fusing multi-source heterogeneous information within a unified framework effectively captures the complex dynamics of new energy stock markets and substantially improves the forecasting accuracy of China’s new energy stock indices under single-step, multi-step, and extreme market conditions. This study offers a scalable deep learning paradigm for multi-source fusion forecasting in new energy financial markets. © 2026 Chinese Academy of Sciences. All rights reserved.",Large Language Model; Multi-Source Heterogeneous Information; New Energy; Parallel LSTMs; Stock Index Forecasting; Binary alloys; Electronic trading; Forecasting; Investments; Learning systems; Power markets; Semantics; Forecasting accuracy; Heterogeneous information; Language model; Large language model; Multi-source heterogeneous information; Multi-Sources; New energies; Parallel LSTM; Stock index forecasting; Stock indices; Long short-term memory,Article,Yes,No,No,SC01,M-1972,Primary/Other,Yes,Price,Yes,Yes,Yes,Yes,,Yes,5,26,A_Direct_Methodological_Priority,Detailed extraction for gap and methodology design,High,Sentiment; LLM_FinGPT; Multimodal; Fusion; Transformer_Attention,stock index; stock indices; stock markets,stock index forecasting,attention; deep learning; large language model; llm; lstm,accuracy; evaluation; outperforms; rmse,"Forecasting China’s New Energy Stock Index Driven by Multi-Source Heterogeneous Information Fusion; [多源异构信息融合驱动的我国新能源股指预测研究] || [Objective] This study integrates multi-source heterogeneous information to overcome the limitations of a single data source and improve the forecasting accuracy of China’s new energy stock indices. [Methods] We develop the Deep Coupled LSTM-Attention-LLM Forecasting Framework (DC-LSTM-Attention-LLM), which couples a large language model (LLM) with a deep attention mechanism. || Compared with the standard LSTM, DC-LSTM-Attention-LLM reduces RMSE by 14.301 and 27.349 for the CSI New Energy Index and the SSE New Energy Index, respectively. [Limitations] The accuracy of sentiment recognition using zero-shot prompting is constrained when dealing with complex financial semantics. [Conclusions] Deeply fusing multi-source heterogeneous information within a unified framework effectively captures the complex dynamics of new energy stock markets and substantially improves the forecasting accuracy of China’s new energy stock indices under single-step, multi-step, and extreme market conditions.",investor sentiment,,Yes,Unclear,Unclear,Unclear,Yes,Yes,Unclear,Yes,Yes,Yes,Yes,Yes,Unclear,Unclear,Unclear,Unclear,Unclear,Unclear,time series,,,,social media,sentiment,,chatgpt; large language model; llm,multi-source,fusion,attention mechanism,long short-term memory; lstm,,,,,,
doi:10.1155/int/7540106,MSA-xLSTM: Multimodal Stock Price Forecasting With Multiscale Emotional Attention and Extended LSTM,Lyu S.; Li L.; Nie X.; Shen X.; Zhang C.,2026,International Journal of Intelligent Systems,10.1155/int/7540106,"Financial time series forecasting is a long-standing challenge due to the high complexity, randomness, and nonstationary of data. While predictions are typically made based on historical data with multiple features, existing models often fail to effectively integrate and utilize these diverse inputs, limiting forecasting accuracy. To address this, we propose MSA-xLSTM, a multimodal stock price prediction model incorporating a sentiment attention mechanism. This model is designed to enhance the integration of sentiment features and technical indicators through a multiscale processing approach and sentiment attention module. Specifically, sentiment index sequences are extracted from textual sources such as financial news and stock comments. For technical indicators, both basic and derived metrics are analyzed for correlation with the prediction target, and only highly relevant ones are selected. We validate the effectiveness of each model component through comparative and ablation experiments. Furthermore, backtesting experiments demonstrate the model’s practical value in real-world trading scenarios. Copyright © 2026 Shuheng Lyu et al. International Journal of Intelligent Systems published by John Wiley & Sons Ltd.",attention mechanism; deep learning; financial time series; time series forecasting; Electronic trading; Financial markets; Forecasting; Intelligent systems; International trade; Prediction models; Sentiment analysis; Time series; Attention mechanisms; Deep learning; Emotional attention; Financial time series; Financial time series forecasting; High complexity; Multi-modal; Stock price forecasting; Technical indicator; Time series forecasting; Deep learning,Article,Yes,No,No,SC01; SC02,M-1907,Primary/Other,Yes,Price,Yes,Yes,Yes,Yes,,Yes,5,26,A_Direct_Methodological_Priority,Detailed extraction for gap and methodology design,High,Technical_Indicators; Financial_News; Sentiment; Multimodal; Transformer_Attention,stock price,price forecasting; price prediction; stock price,attention; deep learning; lstm,accuracy; backtesting; comparative; experiments,"MSA-xLSTM: Multimodal Stock Price Forecasting With Multiscale Emotional Attention and Extended LSTM || To address this, we propose MSA-xLSTM, a multimodal stock price prediction model incorporating a sentiment attention mechanism.",sentiment analysis,,Yes,Yes,Unclear,Yes,Unclear,Yes,Unclear,Unclear,Yes,Unclear,Yes,Yes,Unclear,Unclear,Unclear,Unclear,Unclear,Unclear,time series,technical indicator; technical indicators,,financial news,,sentiment,,,multi-modal; multimodal,,attention mechanism,lstm,,,,,,
doi:10.1016/j.jestch.2026.102450,Relational adversarial deviation score for robust multi-modal stock market prediction under data poisoning attacks,Apak S.; Güneş P.,2026,"Engineering Science and Technology, an International Journal",10.1016/j.jestch.2026.102450,"Adversarial manipulations of financial news and social media content can seriously undermine the reliability of stock market prediction models and threaten market stability. In this work, our main contribution is the Relational Adversarial Deviation Score (RADS), a multi-dimensional anomaly detection mechanism specifically designed to identify adversarial manipulation in multi-modal financial data. The proposed RADS is an anomaly-aware scoring module that computes semantic, temporal, and numerical deviation indicators and fuses them into a scalar risk score. During inference, this RADS score is concatenated with the cross-modal representation and used as an additional input to the final prediction layer. Around RADS, we build a multi-modal transformer framework that jointly models historical stock prices and textual news: numerical time series are encoded by a Transformer–LSTM hybrid, textual information is represented using a BERT-based transformer, and a multi-head attention fusion layer captures cross-modal dependencies between prices and news. To expose the model to realistic attack scenarios, a Generative Adversarial Network (GAN) is used to generate plausible fake financial headlines that are incorporated into adversarial training. RADS then combines semantic, temporal, and numerical deviation indicators via a gradient-boosted classifier to detect manipulated patterns across both text and market signals. Experiments on Apple and S&P 500 datasets show that the proposed framework maintains low RMSE and MAE values (e.g., RMSE ≈ 0.12 and ≈ 0.07, respectively) even when fake news is injected, whereas baselines such as EMD-LSTM and RF-LSTM exhibit substantially higher errors (RMSE up to ≈ 0.32 and ≈ 4.48) and degraded Kling–Gupta Efficiency (KGE). These findings demonstrate that the integration of RADS with multimodal transformative architectures and GAN-based adversarial training provides a robust and practically deployable defense layer for stock prediction models operating under data poisoning attacks. © 2026 The Authors.",BERT; Fake news; Multi-modal transformer; Relational adversarial deviation; Stock market,Article,Yes,Yes,No,SC01; SD01; SD02; SD04; SD05,M-1108,Primary/Other,Yes,Price,Yes,Yes,Yes,No,,Yes,5,26,A_Direct_Methodological_Priority,Detailed extraction for gap and methodology design,High,Financial_News; FinBERT_BERT_RoBERTa; Multimodal; Fusion; Transformer_Attention,s&p 500; stock market; stock prediction; stock prices,stock prices,attention; bert; lstm; transformer,datasets; experiments; mae; rmse; training,"Relational adversarial deviation score for robust multi-modal stock market prediction under data poisoning attacks || Adversarial manipulations of financial news and social media content can seriously undermine the reliability of stock market prediction models and threaten market stability. || Around RADS, we build a multi-modal transformer framework that jointly models historical stock prices and textual news: numerical time series are encoded by a Transformer–LSTM hybrid, textual information is represented using a BERT-based transformer, and a multi-head attention fusion layer captures cross-modal dependencies between prices and news. || These findings demonstrate that the integration of RADS with multimodal transformative architectures and GAN-based adversarial training provides a robust and practically deployable defense layer for stock prediction models operating under data poisoning attacks. © 2026 The Authors.",,,Yes,Unclear,Unclear,Yes,Yes,Unclear,Yes,Unclear,Yes,Yes,Yes,Yes,Unclear,Unclear,Unclear,Unclear,Unclear,Unclear,time series,,,financial news,social media,,bert,,cross-modal; multi-modal; multimodal,fusion,transformer,lstm,,,,,,
doi:10.1016/j.iref.2025.104281,A multifactor model using large language models and multimodal investor sentiment,Zhang J.; Zhang Z.; Wen J.,2025,International Review of Economics and Finance,10.1016/j.iref.2025.104281,"This study constructs multimodal investor sentiment indices using news and image data from the China News Service, covering the period from January 1, 2017, to December 31, 2024. We employ the RoBERTa model for text-based sentiment measurement and the Google Inception(v3) model for image-based sentiment measurement. We use a multimodal semantic correlation fusion model to integrate textual and visual sentiment features. These sentiment indices are categorised as industry-specific and market-wide investor sentiment, enabling separate analyses of their effects on stock markets. Furthermore, we develop a multifactor stock selection model that incorporates these sentiment indices with other microeconomic factors. Our findings demonstrate that multimodal sentiment analysis yields superior predictive accuracy. Industry-specific investor sentiment influences stock market returns, which in turn exacerbates changes in market-wide investor sentiment. Incorporating industry-specific sentiment into the multifactor stock selection model enhances portfolio returns, and combining market-wide sentiment with timing strategies further improves performance. © 2025 The Author(s)",Deep learning; Investor sentiment; Large language model; Multifactor model,Article,Yes,Yes,No,SC01; SD01; SD05,M-1017,Primary/Other,Yes,Return,Yes,Yes,Yes,Yes,,Yes,5,26,A_Direct_Methodological_Priority,Detailed extraction for gap and methodology design,High,Sentiment; FinBERT_BERT_RoBERTa; LLM_FinGPT; Multimodal; Fusion,stock market; stock markets,market returns,deep learning; large language model; large language models; roberta,accuracy,"Industry-specific investor sentiment influences stock market returns, which in turn exacerbates changes in market-wide investor sentiment.",stock selection; investor sentiment; sentiment analysis,,Unclear,Unclear,Unclear,Unclear,Unclear,Yes,Yes,Yes,Yes,Yes,Unclear,Unclear,Unclear,Unclear,Unclear,Unclear,Unclear,Unclear,,,,,,sentiment,roberta,large language model; large language models,multimodal,fusion,,,,,,,,
doi:10.1016/j.dss.2024.114362,Revisiting time-varying dynamics in stock market forecasting: A multi-source sentiment analysis approach with large language model,Shao Z.; Yao X.; Chen F.; Wang Z.; Gao J.,2025,Decision Support Systems,10.1016/j.dss.2024.114362,"This paper presents the Heterogeneous Dynamic Seemingly Unrelated Regression with Dynamic Linear Models (HD-SURDLM), an innovative framework for stock return prediction that combines cutting-edge sentiment analysis with dynamic financial modeling. The model integrates sentiment data from 2.5 million Twitter posts and various news sources, utilizing state-of-the-art sentiment analysis tools such as VADER, TextBlob, and RoBERTa. HD-SURDLM refines Gibbs sampling for enhanced numerical stability and efficiency while capturing cross-sectional dependencies across multiple assets such as a portfolio. The model consistently outperforms traditional methods like LSTM, Random Forest, and RNN in forecasting accuracy. Empirical results show a 1.02% improvement in 1-day horizon forecasts, a 0.42% gain for 20-day predictions, and a 0.36% increase for 50-day forecasts. By effectively merging public sentiment with dynamic asset modeling, HD-SURDLM offers substantial improvements in short- and long-term prediction accuracy. Its capacity to capture both cross-sectional insights and temporal dynamics makes it an invaluable tool for investors, traders, and financial institutions navigating sentiment-driven markets. HD-SURDLM not only enhances predictive accuracy but also provides a robust decision-support system for financial stakeholders. © 2024 Elsevier B.V.",Decision system; Dynamic linear models; Large language model; Seemingly unrelated regression; Sentiment analysis; Time series prediction; Multiple linear regression; Decision systems; Dynamic linear model; Heterogeneous dynamics; Language model; Large language model; Seemingly unrelated regression; Sentiment analysis; Stock market forecasting; Time series prediction; Time-varying dynamics; Prediction models,Article,Yes,Yes,No,SC01; SD01; SD05,M-0597,Primary/Other,Yes,Return,Yes,Yes,Yes,Yes,,Yes,5,26,A_Direct_Methodological_Priority,Detailed extraction for gap and methodology design,High,Sentiment; FinBERT_BERT_RoBERTa; LLM_FinGPT; Multimodal; Multi_Stock,stock market; stock return,return prediction; stock return,large language model; lstm; random forest; rnn; roberta,accuracy; outperforms; results show,"Revisiting time-varying dynamics in stock market forecasting: A multi-source sentiment analysis approach with large language model || This paper presents the Heterogeneous Dynamic Seemingly Unrelated Regression with Dynamic Linear Models (HD-SURDLM), an innovative framework for stock return prediction that combines cutting-edge sentiment analysis with dynamic financial modeling.",sentiment analysis,,Yes,Unclear,Unclear,Unclear,Yes,Yes,Yes,Yes,Yes,Unclear,Unclear,Yes,Unclear,Unclear,Unclear,Unclear,Unclear,Yes,time series,,,,twitter,sentiment,roberta,large language model,multi-source,,,lstm; rnn,,,,,,cross-sectional
doi:10.1109/ojcs.2025.3626308,UniBizNet: A Unified Business Intelligence Network for Strategic Multimodal Data Integration and Predictive Analysis,Hasan M.A.; Mozumder M.S.A.; Hasan M.R.; Sakil M.B.H.; Hoque A.S.M.M.; Mridha M.F.; Hossen M.J.,2025,IEEE Open Journal of the Computer Society,10.1109/ojcs.2025.3626308,"This article presents UniBizNet, a Unified Business Intelligence Network for strategic multimodal data integration and predictive analysis. UniBizNet is designed to effectively combine diverse data modalities, including customer sales, financial metrics, and customer sentiment, to provide robust predictions for business decision-making. The proposed architecture integrates Long Short-Term Memory blocks for sequential feature extraction, Transformer blocks for textual analysis, and Attention-Gated Units to dynamically weigh the importance of each feature, forming a comprehensive multimodal representation. Our methodology was evaluated on three tasks: sales forecasting, stock price movement prediction, and sentiment impact analysis on sales performance. For sales forecasting, UniBizNet achieved a Mean Absolute Error of 95.21, a Root Mean Squared Error of 135.45, and a Mean Absolute Percentage Error of 12.4%, outperforming state-of-the-art models, including ARIMA, LSTM, and Transformer, by reducing MAPE by at least 1.4%. For stock price movement prediction, the proposed model demonstrated superior performance with an MAE of 24.87, an RMSE of 34.12, and a directional accuracy of 83.1%, which is an improvement of 2.9% over the best-performing baseline model. In sentiment impact analysis, UniBizNet achieved a correlation coefficient of 0.78 and an F1 Score of 0.88, surpassing BERT and other baselines by at least 4.0%. © 2020 IEEE.",attention-gated units; multimodal data integration; predictive analysis; sales forecasting; sentiment analysis; stock price prediction; Unified business intelligence; Autoregressive moving average model; Behavioral research; Competitive intelligence; Costs; Data integration; Data mining; Decision making; Electronic trading; Financial markets; Integration; Learning systems; Long short-term memory; Predictive analytics; Sales; Sentiment analysis; Attention-gated unit; Business-intelligence; Intelligence network; Multi-modal; Multimodal data integration; Sales forecasting; Sentiment analysis; Stock price movement predictions; Stock price prediction; Unified business intelligence; Mean square error,Article,Yes,No,No,SC01,M-1792,Primary/Other,Yes,Price; Direction/Movement,Yes,Yes,Yes,Yes,,Yes,5,26,A_Direct_Methodological_Priority,Detailed extraction for gap and methodology design,High,Technical_Indicators; Sentiment; FinBERT_BERT_RoBERTa; Multimodal; Transformer_Attention,stock price,movement prediction; price movement; price prediction; stock price,attention; bert; lstm; transformer,accuracy; evaluated; f1; mae; mape; rmse,"Our methodology was evaluated on three tasks: sales forecasting, stock price movement prediction, and sentiment impact analysis on sales performance. || For stock price movement prediction, the proposed model demonstrated superior performance with an MAE of 24.87, an RMSE of 34.12, and a directional accuracy of 83.1%, which is an improvement of 2.9% over the best-performing baseline model.",sentiment analysis,,Unclear,Yes,Unclear,Unclear,Unclear,Yes,Yes,Unclear,Yes,Unclear,Yes,Yes,Unclear,Unclear,Unclear,Unclear,Unclear,Unclear,,moving average,,,,sentiment,bert,,multi-modal; multimodal,,transformer,long short-term memory; lstm,,,,,,
doi:10.3390/math12101572,Incorporating Multi-Source Market Sentiment and Price Data for Stock Price Prediction,Fu K.; Zhang Y.,2024,Mathematics,10.3390/math12101572,"The problem of stock price prediction has been a hot research issue. Stock price is influenced by various factors at the same time, and market sentiment is one of the most critical factors. Financial texts such as news and investor comments reflect investor sentiment in the stock market and influence market movements. Previous research models have struggled to accurately mine multiple sources of market sentiment information originating from the Internet and traditional sentiment analysis models are challenging to quantify and combine indicator data from market data and multi-source sentiment data. Therefore, we propose a BERT-LLA stock price prediction model incorporating multi-source market sentiment and technical analysis. In the sentiment analysis module, we propose a semantic similarity and sector heat-based model to screen for related sectors and use fine-tuned BERT models to calculate the text sentiment index, transforming the text data into sentiment index time series data. In the technical indicator calculation module, technical indicator time series are calculated using market data. Finally, in the prediction module, we combine the sentiment index time series and technical indicator time series and employ a two-layer LSTM network prediction model with an integrated attention mechanism to predict stock close price. Our experiment results show that the BERT-LLA model can accurately capture market sentiment and has a strong practicality and forecasting ability in analyzing market sentiment and stock price prediction. © 2024 by the authors.",attention mechanism; BERT; long short-term memory; sentiment analysis; stock price prediction,Article,Yes,No,No,SC01; SC02,M-2469,Primary/Other,Yes,Price,Yes,Yes,Yes,Yes,,Yes,5,26,A_Direct_Methodological_Priority,Detailed extraction for gap and methodology design,High,Technical_Indicators; Sentiment; FinBERT_BERT_RoBERTa; Multimodal; Transformer_Attention,stock market; stock price,close price; price prediction; stock price,attention; bert; lstm,experiment; results show,"Incorporating Multi-Source Market Sentiment and Price Data for Stock Price Prediction || The problem of stock price prediction has been a hot research issue. || Stock price is influenced by various factors at the same time, and market sentiment is one of the most critical factors. || Therefore, we propose a BERT-LLA stock price prediction model incorporating multi-source market sentiment and technical analysis. || Our experiment results show that the BERT-LLA model can accurately capture market sentiment and has a strong practicality and forecasting ability in analyzing market sentiment and stock price prediction. © 2024 by the authors.",investor sentiment; market sentiment; sentiment analysis,,Yes,Yes,Unclear,Unclear,Unclear,Yes,Yes,Unclear,Yes,Unclear,Yes,Yes,Unclear,Unclear,Unclear,Unclear,Unclear,Unclear,market data; time series,technical analysis; technical indicator,,,,sentiment,bert,,multi-source,,attention mechanism,long short-term memory; lstm,,,,,,
doi:10.1016/j.engappai.2026.115736,A hybrid framework of large language models and transformer networks for multimodal stock movement prediction,Du H.; Zheng D.; Guo A.; Zhan J.,2026,Engineering Applications of Artificial Intelligence,10.1016/j.engappai.2026.115736,"Stock market trend forecasting remains a challenging task because of the heterogeneous nature of multimodal financial data and the limited domain adaptation capability of artificial intelligence (AI) systems based on large language models (LLMs). This paper proposes an integrated prediction framework that combines a state-of-the-art open-source large language model (Qwen3-8B) with a Transformer neural network to jointly model unstructured financial news and structured historical trading data for stock movement prediction. Task-specific few-shot prompting is employed to extract three market-oriented semantic features, namely sentiment intensity, market growth potential, and latent trading risk, without requiring computationally expensive full-model fine-tuning.The proposed framework is evaluated on two self-constructed multimodal financial benchmark datasets, namely the Composite Multimodal Information Dataset for the United States Stock Market (CMIN-US) and the Composite Multimodal Information Dataset for the Chinese Stock Market (CMIN-CN), which integrate financial news and historical trading data through fine-grained temporal alignment. Experimental results demonstrate that the proposed framework consistently outperforms existing benchmark methods, achieving a prediction accuracy of 58.16% and a Matthews Correlation Coefficient (MCC) of 0.1921 on CMIN-US, together with a prediction accuracy of 65.79% and an MCC of 0.3055 on CMIN-CN. Compared with the strongest traditional multimodal baseline, the proposed framework improves prediction accuracy by 4.73% and 10.51%, respectively, while substantially increasing the Matthews Correlation Coefficient. These findings demonstrate the effectiveness of large language model supported few-shot domain adaptation for multimodal financial prediction and highlight its potential for intelligent financial decision-making and quantitative investment applications. © 2026 Elsevier Ltd.",Artificial intelligence; Large language models; Multimodal financial data; Stock movement prediction; Benchmarking; Commerce; Computational linguistics; Electronic trading; Financial markets; Forecasting; Investments; Large datasets; Prediction models; Semantics; Correlation coefficient; Financial data; Language model; Large language model; Movement prediction; Multi-modal; Multimodal financial data; Prediction accuracy; Stock movement; Stock movement prediction; Artificial intelligence,Article,Yes,Yes,No,SC01; SD01; SD02; SD03; SD05,M-0708,Primary/Other,Yes,Direction/Movement; Trend,Yes,Yes,Yes,No,,Yes,5,25,A_Direct_Methodological_Priority,Detailed extraction for gap and methodology design,High,Financial_News; Sentiment; LLM_FinGPT; Multimodal; Transformer_Attention,stock market; stock movement,market trend; movement prediction; stock movement; trend forecasting,artificial intelligence; large language model; large language models; llms; neural network; transformer,accuracy; benchmark; dataset; datasets; evaluated; experimental; outperforms; results demonstrate,A hybrid framework of large language models and transformer networks for multimodal stock movement prediction || Stock market trend forecasting remains a challenging task because of the heterogeneous nature of multimodal financial data and the limited domain adaptation capability of artificial intelligence (AI) systems based on large language models (LLMs). || This paper proposes an integrated prediction framework that combines a state-of-the-art open-source large language model (Qwen3-8B) with a Transformer neural network to jointly model unstructured financial news and structured historical trading data for stock movement prediction.,,,Unclear,Unclear,Unclear,Yes,Unclear,Yes,Unclear,Yes,Yes,Unclear,Yes,Unclear,Unclear,Unclear,Unclear,Unclear,Unclear,Unclear,,,,financial news,,sentiment,,large language model; large language models; llms,multi-modal; multimodal,,transformer,,,,,,,
doi:10.3934/math.2026043,A hybrid transformer framework integrating sentiment and dynamic market structure for stock price movement forecasting,Kim D.-J.; Noh E.; Choi S.-Y.,2026,AIMS Mathematics,10.3934/math.2026043,"Traditional financial forecasting models are inherently limited as their sole reliance on price data causes them to overlook critical information such as market sentiment and dynamic inter-market interactions. To address this shortcoming, this study proposes a novel hybrid transformer model that integrates heterogeneous data sources. Specifically, our framework combines investor sentiment extracted from news headlines using FinBERT and dynamic changes in market structure analyzed with a TVP-VAR model, along with traditional log-return data. In forecasting experiments conducted on four major global stock indices (S&P 500, FTSE 100, CSI 300, and Nikkei 225), the proposed model consistently demonstrated superior performance compared to both single-data-source models and traditional benchmarks. We found that the inclusion of dynamic market structure information, derived from the TVP-VAR model, as a predictive variable was a decisive factor in improving forecasting accuracy. This research empirically validates that a multi-modal approach combining heterogeneous data can significantly enhance the precision of financial market forecasting. © 2026 the Author(s), licensee AIMS Press.",FinBERT; hybrid-transformer-model; multi-modal; stock price; transformer; TVP-VAR,Article,Yes,No,No,SC01,M-2573,Primary/Other,Yes,Price; Direction/Movement,Yes,Yes,Yes,Yes,,Yes,5,25,A_Direct_Methodological_Priority,Detailed extraction for gap and methodology design,High,Financial_News; Sentiment; FinBERT_BERT_RoBERTa; Multimodal; Transformer_Attention,csi 300; ftse; nikkei; s&p 500; stock indices; stock price,price movement; stock price,finbert; transformer,accuracy; benchmarks; experiments; precision,"A hybrid transformer framework integrating sentiment and dynamic market structure for stock price movement forecasting || In forecasting experiments conducted on four major global stock indices (S&P 500, FTSE 100, CSI 300, and Nikkei 225), the proposed model consistently demonstrated superior performance compared to both single-data-source models and traditional benchmarks.",investor sentiment; market sentiment,,Unclear,Unclear,Unclear,Yes,Unclear,Yes,Yes,Unclear,Yes,Unclear,Yes,Unclear,Unclear,Unclear,Unclear,Unclear,Unclear,Unclear,,,,news headlines,,sentiment,finbert,,heterogeneous data; multi-modal,,transformer,,,,,,,
doi:10.1109/access.2026.3654950,A Multimodal Deep Fusion Method for Stock Movement Prediction Using Heterogeneous Data Source,Wen Wang T.; Sook Lu Y.; Soon Ku C.; Mohammed O.; Raj B.; Yee Por L.,2026,IEEE Access,10.1109/access.2026.3654950,"Stock movement prediction remains challenging due to the complexity of integrating heterogeneous data sources and capturing intricate temporal-semantic relationships. Existing approaches suffer from incomplete semantic preservation, shallow fusion mechanisms, and inadequate multi-scale temporal modeling. In this paper, we propose a multimodal deep fusion framework that addresses these limitations through three synergistic components: 1) An SRTE module based on pretrained BERT that preserves 100% of textual content by segmenting long sequences and applying average pooling, recovering 17.82% more tokens than conventional truncation; 2) An MsLSTM architecture that simultaneously captures short-term price dynamics and long-term market trends through parallel processing of original and temporally smoothed sequences, and; 3) A CMCF mechanism that performs dual-level integration via across-temporal interval fusion and along-temporal step aggregation. We compare our proposed method against baseline models on the StockNet dataset, achieving superior predictive performance. Additionally, we conduct comprehensive ablation studies, back-testing analysis, long-text modeling comparisons, and interpretability analysis. The results validate the effectiveness of deep multimodal fusion for financial forecasting and provide actionable insights for data-driven decision-making in volatile market environments. © 2013 IEEE.",BERT; deep learning model; Financial time series forecasting; heterogeneous feature embedding; LSTM; multimodal fusion strategy; stock movement prediction; Data integration; Decision making; Deep learning; Electronic trading; Forecasting; Information fusion; Learning systems; Prediction models; Semantics; BERT; Deep learning model; Feature embedding; Financial time series forecasting; Fusion strategies; Heterogeneous feature embedding; Heterogeneous features; Learning models; LSTM; Movement prediction; Multi-modal fusion; Multimodal fusion strategy; Stock movement; Stock movement prediction; Commerce,Article,Yes,No,Yes,EL03; EL04; SC01; SC05,M-1723,Primary/Other,Yes,Direction/Movement; Trend,Yes,Yes,Yes,No,,Yes,4,25,A_Direct_Methodological_Priority,Detailed extraction for gap and methodology design,High,FinBERT_BERT_RoBERTa; Multimodal; Fusion; XAI,stock movement,market trends; movement prediction; stock movement,bert; deep learning; lstm,dataset; testing,A Multimodal Deep Fusion Method for Stock Movement Prediction Using Heterogeneous Data Source || Stock movement prediction remains challenging due to the complexity of integrating heterogeneous data sources and capturing intricate temporal-semantic relationships.,,,Yes,Unclear,Unclear,Unclear,Unclear,Unclear,Yes,Unclear,Yes,Yes,Unclear,Yes,Unclear,Unclear,Yes,Unclear,Unclear,Unclear,time series,,,,,,bert,,heterogeneous data; multi-modal; multimodal,fusion,,lstm,,,interpretability,,,
doi:10.1002/eng2.70852,Algorithm Design for Stock Price Prediction System Based on Distilbert Financial News Sentiment Analysis Model,Zhang J.,2026,Engineering Reports,10.1002/eng2.70852,"As the frequency of information updates in the financial market continues to rise, the traditional stock forecasting methods that rely only on historical prices and macro indicators have been difficult to fully describe the nonlinear impact of news shocks and market sentiment fluctuations. Aiming at the problems of high cost of financial text processing, lack of multimodal fusion, and limited real-time deployment of prediction system, this paper proposes an end-to-end multimodal framework for stock price prediction. The framework uses the lightweight distilbert as the emotional encoder of financial news, reduces the complexity of the model while retaining the semantic expression ability through knowledge distillation, and constructs a dynamic gating fusion module combined with the characteristics of the numerical market, so as to realize the collaborative representation of the text emotional information and the minute level price index. In the prediction layer, spatiotemporal attention mechanism and gating cycle unit are further introduced to model the time series of fused multi-source features, so as to form a complete system integrating emotion analysis, multimodal interaction, and trend prediction. The experimental results show that the accuracy of the distilbert emotional analysis module on the financial text test set is 88.3, the F1 score is 88.1, and the reasoning speed reaches 3500 texts per second, showing a good balance between accuracy and efficiency. In the system level prediction task, the direction prediction accuracy of this model is 68.7, the annualized rate of return is 24.3, the Sharpe ratio is 2.15, the maximum fallback is 12.8, the single reasoning delay is 85 MS, and the throughput is 235 requests per second. The results show that the proposed method can not only effectively improve the performance of financial text emotion recognition and stock price trend prediction, but also has strong real-time deployment ability and engineering application value. © 2026 The Author(s). Engineering Reports published by John Wiley & Sons Ltd.",distilbert; lightweight model; multi modal fusion; sentiment analysis; stock price prediction,Article,Yes,No,No,SC01; SC02,M-0003,Primary/Other,Yes,Price; Direction/Movement; Trend,Yes,Yes,Yes,Yes,,Yes,5,25,A_Direct_Methodological_Priority,Detailed extraction for gap and methodology design,High,Financial_News; Sentiment; Multimodal; Fusion; Transformer_Attention,stock forecasting; stock price,direction prediction; price prediction; price trend; stock price; trend prediction,attention,accuracy; experimental; f1; results show; test set,"Algorithm Design for Stock Price Prediction System Based on Distilbert Financial News Sentiment Analysis Model || As the frequency of information updates in the financial market continues to rise, the traditional stock forecasting methods that rely only on historical prices and macro indicators have been difficult to fully describe the nonlinear impact of news shocks and market sentiment fluctuations. || Aiming at the problems of high cost of financial text processing, lack of multimodal fusion, and limited real-time deployment of prediction system, this paper proposes an end-to-end multimodal framework for stock price prediction. || The results show that the proposed method can not only effectively improve the performance of financial text emotion recognition and stock price trend prediction, but also has strong real-time deployment ability and engineering application value. © 2026 The Author(s).",emotion analysis; market sentiment; sentiment analysis,,Yes,Unclear,Unclear,Yes,Unclear,Yes,Unclear,Unclear,Yes,Yes,Yes,Unclear,Unclear,Unclear,Unclear,Unclear,Unclear,Unclear,historical prices; time series,,,financial news,,emotion analysis; sentiment,,,multi-source; multimodal,fusion,attention mechanism,,,,,,,
doi:10.1016/j.eswa.2025.130441,Integrative stock price trend prediction via hierarchical LLM text processing and patch-based transformer with co-attention,Zhang Y.; Dong Z.; Xu W.,2026,Expert Systems with Applications,10.1016/j.eswa.2025.130441,"Recent advances in large language models have improved semantic extraction; however, existing approaches still struggle to distill truly market-moving signals from lengthy, redundant financial texts, and simple concatenation or one-way cross-attention often fails to capture the bidirectional dependencies between textual semantics and price dynamics. We propose a multimodal framework with hierarchical summarization and co-attention that jointly learns from financial news and historical prices for stock trend prediction. The framework comprises three components. A hierarchical LLM progressively refines text, removing redundancy and extracting multi-level cues most relevant to market movements. A patch-based, single-channel Transformer models price sequences and text streams in parallel, reducing attention complexity while preserving each modality’s temporal and contextual structure. A co-attention mechanism dynamically aligns and reinforces cross-modal features to yield robust joint representations. In experiments, our method achieves 67.01 % directional accuracy with a Matthews Correlation Coefficient of 0.346 on CMIN-US and 70.24 % accuracy with a Matthews Correlation Coefficient of 0.293 on CMIN-CN. Ablation results confirm that combining hierarchical summarization with co-attention substantially improves multimodal forecasting performance. © 2025 Elsevier Ltd. All rights are reserved, including those for text and data mining, AI training, and similar technologies.",Attention mechanism; Fusion model; Large language models; Multimodal framework; Patching technique; Stock movement prediction; Commerce; Computational linguistics; Costs; Electronic trading; Financial markets; Natural language processing systems; Semantics; Text mining; Attention mechanisms; Fusion model; Language model; Large language model; Movement prediction; Multimodal frameworks; Patch based; Patching technique; Stock movement; Stock movement prediction; Forecasting,Article,Yes,Yes,No,SC01; SC02; SD01; SD02; SD05,M-0830,Primary/Other,Yes,Price; Direction/Movement; Trend,Yes,Yes,Yes,No,,Yes,5,25,A_Direct_Methodological_Priority,Detailed extraction for gap and methodology design,High,Financial_News; LLM_FinGPT; Multimodal; Fusion; Transformer_Attention,stock movement; stock price; stock trend,movement prediction; price trend; stock movement; stock price; stock trend; trend prediction,attention; large language model; large language models; llm; transformer,accuracy; experiments; training,Integrative stock price trend prediction via hierarchical LLM text processing and patch-based transformer with co-attention || We propose a multimodal framework with hierarchical summarization and co-attention that jointly learns from financial news and historical prices for stock trend prediction.,,,Yes,Unclear,Unclear,Yes,Unclear,Unclear,Unclear,Yes,Yes,Yes,Yes,Unclear,Unclear,Unclear,Unclear,Unclear,Unclear,Unclear,historical prices,,,financial news,,,,large language model; large language models; llm,cross-modal; multimodal,cross-attention; fusion,attention mechanism; transformer,,,,,,,
doi:10.3390/math14101661,SGA-DCAT: Sentiment-Gated Dual-Stream Cross-Attention Temporal Network for Stock Price Prediction,Liu J.; Lu Y.; Kang W.,2026,Mathematics,10.3390/math14101661,"We propose SGA-DCAT (Sentiment-Gated Dual-stream Cross-Attention Temporal Network), an architecture for stock price prediction that treats news sentiment not as a passive input feature but as a control signal that governs the model’s memory dynamics. Most sentiment-augmented methods simply concatenate sentiment scores with price inputs, which implicitly assumes that the relationship between sentiment and price is the same regardless of market conditions. SGA-DCAT departs from this practice in three ways: (1) a sentiment-gated adaptive LSTM cell modulates the forget and input gates directly through sentiment signals so that memory retention varies with market mood; (2) a dual-stream cross-attention mechanism encodes price and sentiment through separate recurrent networks and fuses them via learned attention, keeping modality-specific representations intact; and (3) a multi-scale adaptive aggregation module combines predictions from 5-day, 10-day, and 20-day windows using a gating network conditioned on the current market state. On the NASDAQ-100 index with FinBERT-derived news sentiment, SGA-DCAT achieves a MAPE of 1.40%, RMSE of 217.83, and MAE of 171.58, outperforming Persistence, ARIMA, GARCH, MLP, LSTM, GRU, Transformer, DA-RNN, TFT, and LSTM + FinBERT baselines (all (Formula presented.), Diebold–Mariano test). In ablation experiments, each component contributes measurably, and SGA-DCAT reaches 66.93% directional accuracy on the held-out test set. Rolling-window evaluation across four non-overlapping temporal folds and regime-specific analysis confirm that these results are robust across bull, bear, and volatile market conditions. © 2026 by the authors.",cross-attention; deep learning; FinBERT; LSTM; multi-scale learning; sentiment analysis; stock price prediction,Article,Yes,No,No,SC01; SC06,M-2496,Primary/Other,Yes,Price,Yes,Yes,Yes,Yes,,Yes,5,25,A_Direct_Methodological_Priority,Detailed extraction for gap and methodology design,High,Sentiment; FinBERT_BERT_RoBERTa; Fusion; Transformer_Attention; Temporal_Validation,nasdaq; stock price,price prediction; stock price,attention; deep learning; finbert; gru; lstm; mlp; rnn; transformer,accuracy; evaluation; experiments; mae; mape; rmse; test set,"SGA-DCAT: Sentiment-Gated Dual-Stream Cross-Attention Temporal Network for Stock Price Prediction || We propose SGA-DCAT (Sentiment-Gated Dual-stream Cross-Attention Temporal Network), an architecture for stock price prediction that treats news sentiment not as a passive input feature but as a control signal that governs the model’s memory dynamics.",sentiment analysis,,Unclear,Unclear,Unclear,Unclear,Unclear,Yes,Yes,Unclear,Unclear,Yes,Yes,Yes,Unclear,Unclear,Unclear,Yes,Unclear,Unclear,,,,,,sentiment; sentiment scores,finbert,,,cross-attention,attention mechanism; transformer,gru; lstm; rnn,,,,rolling-window,,
doi:10.1016/j.dss.2026.114723,Stock time series prediction correction expert: A knowledge-guided stable multiple large language models enhancement method,Dingxiao Wang and Hongke Zhao and Likang Wu and Xinyu Li,2026,Decision Support Systems,10.1016/j.dss.2026.114723,"Stock prediction in financial markets aims to forecast stock trends and prices, which is crucial for achieving profitable investments. Traditional methods primarily involve modeling and predicting based on stock time-series data. Although many recent studies have incorporated contextual signals such as financial events, corporate disclosures, and investor sentiment, existing forecasting models often use such information mainly as predictive inputs rather than as evidence for post-hoc forecast correction. As a result, baseline forecasts may remain over-dependent on historical data distributions and become misaligned with current market conditions in uncertain decision-making processes. In contrast, large language models (LLMs), as decision models driven by rich knowledge, are powerful tools that can help us construct such correction mechanisms. We propose SPCE, a Post-Hoc Expert Correction framework decoupling trend extrapolation from causal reasoning. First, it adopts a correction-over-training paradigm where LLMs refine baseline forecasts without retraining. Second, a Knowledge-Guided mechanism mitigates forecast bias by grounding corrections in dynamic financial knowledge graphs and real-time sentiment. Third, a Regime-Adaptive Multi-Agent strategy orchestrates specialized LLMs, fusing their outputs via meta-cognitive consistency checks to ensure robust, context-aware predictions in volatile markets. Experiments conducted on three benchmark datasets, CMIN-US, StockNet, and CMIN-CN, show that SPCE achieves average reductions of 7.2% in RMSE, 8.9% in MAE, and 9.3% in MAPE compared with the CNN-BiLSTM-Attention baseline. The results highlight its effectiveness in volatile and heterogeneous market environments, positioning SPCE as a scalable and adaptable decision support mechanism for financial forecasting.","Stock forecasting, Prediction bias correction, Knowledge-enhanced retrieval, Multi-agent LLMs, Multimodal financial signals",Article,No,Yes,No,SD01; SD02; SD03,M-0600,Primary/Other,Yes,Trend,Yes,Yes,Yes,Yes,,Yes,4,25,A_Direct_Methodological_Priority,Detailed extraction for gap and methodology design,High,Financial_News; Sentiment; LLM_FinGPT; Multimodal,stock forecasting; stock prediction; stock trends,stock trends,attention; cnn; large language models; llms,benchmark; datasets; experiments; mae; mape; rmse; training,"Stock prediction in financial markets aims to forecast stock trends and prices, which is crucial for achieving profitable investments.",investor sentiment,,Yes,Unclear,Unclear,Yes,Unclear,Yes,Unclear,Yes,Yes,Unclear,Unclear,Yes,Unclear,Unclear,Unclear,Unclear,Unclear,Unclear,time series,,,corporate disclosures,,sentiment,,large language models; llms,multimodal,,,bilstm,,,,,,
doi:10.1007/s10614-025-11096-8,The Impact and Prediction of Investor Sentiment on Stock Market Returns: Evidence from Multisource Heterogeneous Data,Gao F.; Gao Y.; Wang Z.,2026,Computational Economics,10.1007/s10614-025-11096-8,"This study constructs a multi-level investor sentiment index through the integration of multi-source heterogeneous data, thereby significantly enhancing the accessibility of sentiment data. Spanning the sample period from January 7, 2010, to October 30, 2020, the research employs a composite index method to measure investor sentiment using traditional indicators such as turnover rate, price-earnings ratio, and the advance-decline line. Furthermore, natural language processing techniques are utilized for sentiment classification to extract emotional tendencies from online posts, thereby constructing a more comprehensive investor sentiment index. The study delves into the intricate relationship between investor sentiment and stock market returns from both time-frequency and asymmetric perspectives. On this basis, a DBN-BP prediction model is developed to examine the effectiveness of the investor sentiment index in forecasting stock market returns. The results show that there is a positive and negative interaction between the comprehensive sentiment index and stock market returns on the medium to long term scale, while the text mining sentiment index and stock market returns show a strong positive correlation on the short and medium term scales, and there is an asymmetric cross correlation between investor sentiment and stock market returns. Additionally, the DBN-BP neural network model proposed in this study demonstrates superior prediction performance compared to the BP neural network and RBM model. This also confirms the predictive utility of the investor sentiment index constructed from multi-source heterogeneous data fusion for stock market returns. © The Author(s), under exclusive licence to Springer Science+Business Media, LLC, part of Springer Nature 2025.",Deep belief network; Investor sentiment; MF-DCCA; Text mining; Wavelet analysis,Article,Yes,No,No,SC03,M-0191,Primary/Other,Yes,Return,Yes,Yes,Yes,Yes,,Yes,4,25,A_Direct_Methodological_Priority,Detailed extraction for gap and methodology design,High,Fundamental_Data; Sentiment; Multimodal; Fusion,stock market,market returns,neural network,results show,"The Impact and Prediction of Investor Sentiment on Stock Market Returns: Evidence from Multisource Heterogeneous Data || The study delves into the intricate relationship between investor sentiment and stock market returns from both time-frequency and asymmetric perspectives. || On this basis, a DBN-BP prediction model is developed to examine the effectiveness of the investor sentiment index in forecasting stock market returns. || The results show that there is a positive and negative interaction between the comprehensive sentiment index and stock market returns on the medium to long term scale, while the text mining sentiment index and stock market returns show a strong positive correlation on the short and medium term scales, and there is an asymmetric cross correlation between investor sentiment and stock market returns. || This also confirms the predictive utility of the investor sentiment index constructed from multi-source heterogeneous data fusion for stock market returns. © The Author(s), under exclusive licence to Springer Science+Business Media, LLC, part of Springer Nature 2025.",investor sentiment; sentiment classification,,Unclear,Unclear,Yes,Unclear,Unclear,Yes,Unclear,Unclear,Yes,Yes,Unclear,Unclear,Unclear,Unclear,Unclear,Unclear,Unclear,Unclear,,,earnings,,,sentiment,,,heterogeneous data; multi-source; multisource,data fusion; fusion,,,,,,,,
doi:10.3390/fintech4040063,An Interpretable 1D-CNN Framework for Stock Price Forecasting: A Comparative Study with LSTM and ARIMA,Ranjan P.; Itani R.; Faccia A.,2025,FinTech,10.3390/fintech4040063,"Deep learning has transformed numerous areas of data science by achieving outstanding performance in tasks such as image recognition, speech processing, and natural language understanding. Recently, the challenges of financial forecasting—marked by nonlinear dynamics, volatility, and regime shifts—have attracted increasing attention from the deep learning community. Among these approaches, Convolutional Neural Networks (CNNs), originally developed for spatial data, have shown strong potential for modelling financial time series. This study presents an interpretable CNN-based framework for stock price forecasting using the S&P 500 index as a case study. The proposed approach integrates historical price data with technical indicators within a unified experimental design and compares performance against traditional statistical (ARIMA) and sequential deep learning (LSTM) baselines. Empirical results demonstrate that the CNN model achieves superior predictive Accuracy while maintaining computational efficiency and interpretability through SHAP and Grad-CAM analyses. The findings suggest that lightweight CNN architectures can serve as effective, transparent tools for short-horizon financial forecasting, and future research may extend this framework to multimodal settings incorporating sentiment or news-based data. © 2025 by the authors.",algorithmic trading; convolutional neural networks; financial data representation; financial time series; market prediction,Article,Yes,No,No,SC01; SC02; SC05,M-2406,Primary/Other,Yes,Price,Yes,Yes,Yes,Yes,,Yes,4,25,A_Direct_Methodological_Priority,Detailed extraction for gap and methodology design,High,Technical_Indicators; Sentiment; Multimodal; XAI,s&p 500; stock price,price forecasting; stock price,attention; cnn; convolutional; deep learning; lstm; neural networks,accuracy; comparative; experimental; results demonstrate,An Interpretable 1D-CNN Framework for Stock Price Forecasting: A Comparative Study with LSTM and ARIMA || This study presents an interpretable CNN-based framework for stock price forecasting using the S&P 500 index as a case study.,algorithmic trading,,Yes,Yes,Unclear,Unclear,Unclear,Yes,Unclear,Unclear,Yes,Unclear,Unclear,Yes,Unclear,Unclear,Yes,Unclear,Unclear,Unclear,historical price; time series,technical indicators,,,,sentiment,,,multimodal,,,lstm,,,interpretability; interpretable; shap,,,
doi:10.3390/math13030487,LLM-Augmented Linear Transformer–CNN for Enhanced Stock Price Prediction,Zhou L.; Zhang Y.; Yu J.; Wang G.; Liu Z.; Yongchareon S.; Wang N.,2025,Mathematics,10.3390/math13030487,"Accurately predicting stock prices remains a challenging task due to the volatile and complex nature of financial markets. In this study, we propose a novel hybrid deep learning framework that integrates a large language model (LLM), a Linear Transformer (LT), and a Convolutional Neural Network (CNN) to enhance stock price prediction using solely historical market data. The framework leverages the LLM as a professional financial analyst to perform daily technical analysis. The technical indicators, including moving averages (MAs), relative strength index (RSI), and Bollinger Bands (BBs), are calculated directly from historical stock data. These indicators are then analyzed by the LLM, generating descriptive textual summaries. The textual summaries are further transformed into vector representations using FinBERT, a pre-trained financial language model, to enhance the dataset with contextual insights. The FinBERT embeddings are integrated with features from two additional branches: the Linear Transformer branch, which captures long-term dependencies in time-series stock data through a linearized self-attention mechanism, and the CNN branch, which extracts spatial features from visual representations of stock chart data. The combined features from these three modalities are then processed by a Feedforward Neural Network (FNN) for final stock price prediction. Experimental results on the S&P 500 dataset demonstrate that the proposed framework significantly improves stock prediction accuracy by effectively capturing temporal, spatial, and contextual dependencies in the data. This multimodal approach highlights the importance of integrating advanced technical analysis with deep learning architectures for enhanced financial forecasting. © 2025 by the authors.",CNN; deep learning; financial forecasting; Linear Transformer; LLM; stock price prediction,Article,Yes,No,No,SC01; SC02,M-2478,Primary/Other,Yes,Price,Yes,Yes,Yes,No,,Yes,5,25,A_Direct_Methodological_Priority,Detailed extraction for gap and methodology design,High,Technical_Indicators; FinBERT_BERT_RoBERTa; LLM_FinGPT; Multimodal; Transformer_Attention,s&p 500; stock prediction; stock price; stock prices,price prediction; stock price; stock prices,attention; cnn; convolutional; deep learning; finbert; large language model; llm; neural network; transformer,accuracy; dataset; experimental,"LLM-Augmented Linear Transformer–CNN for Enhanced Stock Price Prediction || Accurately predicting stock prices remains a challenging task due to the volatile and complex nature of financial markets. || In this study, we propose a novel hybrid deep learning framework that integrates a large language model (LLM), a Linear Transformer (LT), and a Convolutional Neural Network (CNN) to enhance stock price prediction using solely historical market data. || The combined features from these three modalities are then processed by a Feedforward Neural Network (FNN) for final stock price prediction. || Experimental results on the S&P 500 dataset demonstrate that the proposed framework significantly improves stock prediction accuracy by effectively capturing temporal, spatial, and contextual dependencies in the data.",,,Yes,Yes,Unclear,Unclear,Unclear,Unclear,Yes,Yes,Yes,Unclear,Yes,Unclear,Unclear,Unclear,Unclear,Unclear,Unclear,Unclear,market data,bollinger; moving averages; relative strength index; rsi; technical analysis; technical indicators,,,,,finbert,large language model; llm,multimodal,,attention mechanism; self-attention; transformer,,,,,,,
doi:10.3390/math13101599,MambaLLM: Integrating Macro-Index and Micro-Stock Data for Enhanced Stock Price Prediction,Yan J.; Huang Y.,2025,Mathematics,10.3390/math13101599,"Accurate stock price prediction requires the integration of heterogeneous data streams, yet conventional techniques struggle to simultaneously leverage fine-grained micro-stock features and broader macroeconomic indicators. To address this gap, we propose MambaLLM, a novel framework that fuses macro-index and micro-stock inputs through the synergistic use of state-space models (SSMs) and large language models (LLMs). Our two-branch architecture comprises (i) Micro-Stock Encoder, a Mamba-based temporal encoder for processing granular stock-level data (prices, volumes, and technical indicators), and (ii) Macro-Index Analyzer, an LLM module—employing DeepSeek R1 7B distillation—capable of interpreting market-level index trends (e.g., S&P 500) to produce textual summaries. These summaries are then distilled into compact embeddings via FinBERT. By merging these multi-scale representations through a concatenation mechanism and subsequently refining them with multi-layer perceptrons (MLPs), MambaLLM dynamically captures both asset-specific price behavior and systemic market fluctuations. Extensive experiments on six major U.S. stocks (AAPL, AMZN, MSFT, TSLA, GOOGL, and META) reveal that MambaLLM delivers up to a 28.50% reduction in RMSE compared with suboptimal models, surpassing traditional recurrent neural networks and MAMBA-based baselines under volatile market conditions. This marked performance gain highlights the framework’s unique ability to merge structured financial time series with semantically rich macroeconomic narratives. Altogether, our findings underscore the scalability and adaptability of MambaLLM, offering a powerful, next-generation tool for financial forecasting and risk management. © 2025 by the authors.",large language model; Mamba; stock price prediction; time series forecasting,Article,Yes,No,No,SC02,M-2481,Primary/Other,Yes,Price,Yes,Yes,Yes,No,,Yes,4,25,A_Direct_Methodological_Priority,Detailed extraction for gap and methodology design,High,Technical_Indicators; FinBERT_BERT_RoBERTa; LLM_FinGPT; Multimodal,s&p 500; stock price,price prediction; stock price,finbert; large language model; large language models; llm; llms; neural networks; recurrent neural,experiments; rmse,"MambaLLM: Integrating Macro-Index and Micro-Stock Data for Enhanced Stock Price Prediction || Accurate stock price prediction requires the integration of heterogeneous data streams, yet conventional techniques struggle to simultaneously leverage fine-grained micro-stock features and broader macroeconomic indicators.",,,Yes,Yes,Unclear,Unclear,Unclear,Unclear,Yes,Yes,Yes,Unclear,Unclear,Yes,Unclear,Unclear,Unclear,Unclear,Unclear,Unclear,time series,technical indicators,,,,,finbert,large language model; large language models; llm; llms,heterogeneous data,,,recurrent neural,,,,,,
doi:10.1007/s41870-025-02802-8,SABER: a multimodal sentiment aware regression framework using ROBERTa BiLSTM and deep batch active learning for stock market prediction,Singh C.; Warraich J.; Thakkar R.; Vo N.,2025,International Journal of Information Technology (Singapore),10.1007/s41870-025-02802-8,"Stock market prediction remains one of the most intricate challenges in financial data science due to its non-linearity, volatility, and susceptibility to human sentiment. Traditional time-series forecasting techniques—relying solely on historical price indicators—often fall short in capturing the psychological and behavioral dimensions of market dynamics. To address these limitations, this study introduces SABER (Sentiment-Aware BiLSTM Ensemble with RO-BERTa), a novel multimodal architecture that fuses structured financial indicators with deep contextual sentiment embeddings derived from Robustly Optimized Bidirectional Encoder Representations from Transformers (RO-BERTa), temporal modeling via Bidirectional Long Short-Term Memory (BiLSTM), and data efficiency through Deep Batch Active Learning (DBAL). This framework effectively bridges the gap between qualitative sentiment and quantitative financial data, enabling more robust stock predictions. The model was trained and evaluated on a combination of three high-quality datasets: Twitter-based financial sentiment (TSA), large-scale tweet network data (Twitter7), and historical NASDAQ stock prices (2020–2024). Empirical results on major tech stocks (AAPL, MSFT, AMZN, GOOGL) reveal SABER’s superior performance across key metrics—achieving RMSE of 0.92, R² of 0.89, and directional accuracy of 88.2%—outperforming baseline and advanced models alike. © Bharati Vidyapeeth's Institute of Computer Applications and Management 2025.",BiLSTM; Multimodal learning; NASDAQ; ROBERTa; Sentiment analysis; Stock prediction,Article,Yes,No,No,SC01; SC02,M-0333,Primary/Other,Yes,Price,Yes,Yes,Yes,Yes,,Yes,4,25,A_Direct_Methodological_Priority,Detailed extraction for gap and methodology design,High,Sentiment; FinBERT_BERT_RoBERTa; Multimodal; Optimization,nasdaq; stock market; stock prediction; stock prices,stock prices,roberta,accuracy; datasets; evaluated; rmse,"SABER: a multimodal sentiment aware regression framework using ROBERTa BiLSTM and deep batch active learning for stock market prediction || Stock market prediction remains one of the most intricate challenges in financial data science due to its non-linearity, volatility, and susceptibility to human sentiment. || The model was trained and evaluated on a combination of three high-quality datasets: Twitter-based financial sentiment (TSA), large-scale tweet network data (Twitter7), and historical NASDAQ stock prices (2020–2024).",sentiment analysis,,Yes,Unclear,Unclear,Unclear,Yes,Yes,Yes,Unclear,Yes,Unclear,Unclear,Yes,Yes,Unclear,Unclear,Unclear,Unclear,Unclear,historical price,,,,tweet; twitter,sentiment,roberta,,multimodal,,,bilstm; long short-term memory,optimized,,,,,
doi:10.1108/jm2-08-2025-0415,AI driven sentiment analysis in financial markets: using transformer base models and social media signals for stock market predictions,Khalil R.,2026,Journal of Modelling in Management,10.1108/jm2-08-2025-0415,"Purpose – This study aims to explore the predictive role of artificial intelligence (AI)-driven sentiment analysis in financial markets by developing a hybrid long short-term memory–Random Forest framework. It investigates whether the integration of generative sentiment signals with historical market data can enhance the accuracy and robustness of stock price forecasting and financial predictions across various industry sectors. Design/methodology/approach – This research uses a multisource data set from 2019 to 2024, including stock price data from Yahoo Finance, macroeconomic indicators from Federal Reserve Economic Data and textual sentiment from Reddit, Twitter, Bloomberg and Reuters. Transformer-based natural language processing models, such as FinBERT, are used to quantify sentiment, which is then used as a predictive feature in machine learning models. Granger causality analysis and accuracy metrics are applied to evaluate sectoral variations in sentiment impact. Findings – Empirical analysis reveals that social media sentiment Granger causes short-term stock movements in technology and finance sectors, with the hybrid model achieving 68.5% directional accuracy and a 22% reduction in prediction error compared to ARIMA models benchmarks. In contrast, sectors like healthcare and energy show minimal sensitivity to sentiment, underscoring the need for domain-specific strategies. This study also identifies ethical concerns related to sentiment manipulation, transparency and AI governance in financial contexts. Originality/value – This research introduces a reproducible, cross-sectoral forecasting framework that bridges AI, sentiment analysis and finance. The proposed architecture offers practical forecasting enhancements and contributes to ethical discourse on AI use in high-stakes financial environments, with implications for regulators, analysts and portfolio managers. © 2026 Emerald Publishing Limited",Artificial intelligence (AI); Ethical AI; Financial markets; Granger causality; Hybrid LSTM–Random Forest; Sectoral dynamics; Sentiment analysis,Article,Yes,Yes,No,SC01; SC02; SD01; SD02; SD05,M-1656,Primary/Other,Yes,Price; Direction/Movement,Yes,Yes,Yes,Yes,,Yes,4,24,A_Direct_Methodological_Priority,Detailed extraction for gap and methodology design,High,Sentiment; FinBERT_BERT_RoBERTa; Multimodal; Transformer_Attention,stock market; stock price,price forecasting; stock movements; stock price,artificial intelligence; finbert; hybrid model; lstm; machine learning; random forest; transformer,accuracy; benchmarks; data set; evaluate,"It investigates whether the integration of generative sentiment signals with historical market data can enhance the accuracy and robustness of stock price forecasting and financial predictions across various industry sectors. || Design/methodology/approach – This research uses a multisource data set from 2019 to 2024, including stock price data from Yahoo Finance, macroeconomic indicators from Federal Reserve Economic Data and textual sentiment from Reddit, Twitter, Bloomberg and Reuters.",sentiment analysis,,Yes,Unclear,Unclear,Unclear,Yes,Yes,Yes,Unclear,Yes,Unclear,Yes,Yes,Unclear,Unclear,Unclear,Unclear,Unclear,Unclear,market data,,,,reddit; social media; twitter,sentiment,finbert,,multisource,,transformer,long short-term memory; lstm,,,,,,
doi:10.1109/access.2026.3662742,DBC-LSTM-ARIMA as a Dynamic Bi-Directional Coupling and Jointly-Optimized Hybrid Approach for Stock Price Prediction,Liu G.,2026,IEEE Access,10.1109/access.2026.3662742,"Accurate stock price prediction is urgently needed for economic and algorithmic investment, yet prices are highly non-linear, non-stationary, and regime-switching, which makes reliable forecasting very challenging. To address this issue, we propose Dynamic Bi-directionally Coupled Long Short-Term Memory–AutoRegressive Integrated Moving Average (DBC-LSTM-ARIMA), a hybrid model that couples an AutoRegressive Integrated Moving Average (ARIMA) backbone with a Long Short-Term Memory (LSTM) network under a non-anchored Walk-Forward Optimization (WFO) protocol. In each sliding window, ARIMA first models short-run linear dynamics and produces one-step forecasts and residuals. These residuals, together with price history and market covariates, are fed forward into the LSTM, while the LSTM’s one-step prediction errors are injected back into ARIMA as an exogenous correction, forming a bi-directional feedback loop. Both components are trained with a unified window-level loss and alternating updates, and their outputs are combined through an adaptive convex fusion weight determined from recent errors. Extensive experiments on three Chinese A-share stocks (BYD, China Unicom, Ping An Bank), three overseas blue-chip stocks (BP p.l.c., Apple Inc., Citigroup Inc.), and six additional A-share stocks from diverse industries show that DBC-LSTM-ARIMA consistently outperforms seven state-of-the-art baselines in terms of Mean Absolute Error (MAE), Root Mean Squared Error (RMSE), Mean Absolute Percentage Error (MAPE), and coefficient of determination (R2), while maintaining moderate computational cost suitable for rolling deployment. © 2013 IEEE.",ARIMA-LSTM hybrid; bi-directional coupling; joint optimization; Stock price prediction; walk-forward evaluation; Autoregressive moving average model; Costs; Electronic trading; Errors; Financial markets; Forecasting; Investments; Mean square error; Auto-regressive; Autoregressive integrated moving average-long shortterm memory hybrid; Bidirectional coupling; Hybrid approach; Joint optimization; Moving averages; Short term memory; Stock price prediction; Walk forward; Walk-forward evaluation; Long short-term memory,Article,Yes,No,No,SC01,M-1725,Primary/Other,Yes,Price,Yes,Yes,Yes,No,,Yes,4,24,A_Direct_Methodological_Priority,Detailed extraction for gap and methodology design,High,Technical_Indicators; Fusion; Optimization; Temporal_Validation,a-share; stock price,price prediction; stock price,hybrid model; lstm,evaluation; experiments; mae; mape; outperforms; r2; rmse,"DBC-LSTM-ARIMA as a Dynamic Bi-Directional Coupling and Jointly-Optimized Hybrid Approach for Stock Price Prediction || Accurate stock price prediction is urgently needed for economic and algorithmic investment, yet prices are highly non-linear, non-stationary, and regime-switching, which makes reliable forecasting very challenging.",,,Yes,Yes,Unclear,Unclear,Unclear,Unclear,Unclear,Unclear,Unclear,Yes,Unclear,Yes,Yes,Unclear,Unclear,Yes,Unclear,Unclear,price history,moving average; moving averages,,,,,,,,fusion,,long short-term memory; lstm,optimized,,,walk forward; walk-forward,,
doi:10.1016/j.mlwa.2026.100883,Dual stream deep learning for fake news-aware stock prediction: Integrating technical indicators and sentiment analysis,Arafa A.; Fathi A.; El-Rashidy M.A.; El-Fishawy N.,2026,Machine Learning with Applications,10.1016/j.mlwa.2026.100883,"Stock prediction remains challenging for investors to achieve substantial returns. Although artificial intelligence models have emerged, they often focus on historical price data, while fewer studies jointly integrate technical indicators and sentiment analysis. Furthermore, many of the modern sentiment analysis techniques overlook the detection of fake news, making predictions unreliable. To address these limitations, this study proposes a fake news-aware dual-stream predictive framework that integrates daily return features, technical indicators, and sentiment analysis via feature-level concatenation. The methodology follows a dual-parallel architecture; the model filters stock-related tweets using a BERT-based fake news detection module, followed by a RoBERTa model, a one-directional convolutional neural network (1D-CNN), and a Bi-directional Long-Short-Term Memory (Bi-LSTM) to extract daily sentiment features. Simultaneously, the model processes historical stock prices and technical indicators. Finally, a fully connected neural network processes unified features to predict stock prices. Evaluated on 88 stocks, the model achieved a mean accuracy of approximately 81 %. For Apple Inc. (AAPL), which represents the best-performing single-stock case, the mean accuracy reached 93.44 %. Overall, the model demonstrated improved performance on benchmark datasets, particularly for stocks with high social media activity, achieving higher average Accuracy, F1-score, AUC, and MCC compared to recent models under the same evaluation setting. © 2026 The Authors.",BERT based models; CNN-Bi-LSTM; Fake news detection; Sentiment analysis; Stock prediction; Technical indicators; Benchmarking; Costs; Electronic trading; Financial markets; Forecasting; Intelligent systems; Investments; Memory architecture; Neural networks; Parallel architectures; BERT based model; Bi-directional; CNN-bi-directional long-short-term memory; Fake news detection; Intelligence models; Sentiment analysis; Short term memory; Stock predictions; Stock price; Technical indicator; Sentiment analysis,Article,Yes,Yes,No,SC01; SC02; SD01; SD02; SD03; SD05,M-1199,Primary/Other,Yes,Price,Yes,Yes,Yes,Yes,,Yes,4,24,A_Direct_Methodological_Priority,Detailed extraction for gap and methodology design,High,Technical_Indicators; Sentiment; FinBERT_BERT_RoBERTa; Fusion,stock prediction; stock price; stock prices,stock price; stock prices,artificial intelligence; bert; cnn; convolutional; deep learning; lstm; neural network; neural networks; roberta,accuracy; auc; benchmark; datasets; evaluated; evaluation; f1,"Dual stream deep learning for fake news-aware stock prediction: Integrating technical indicators and sentiment analysis || Stock prediction remains challenging for investors to achieve substantial returns. || Simultaneously, the model processes historical stock prices and technical indicators. || Finally, a fully connected neural network processes unified features to predict stock prices.",sentiment analysis,,Yes,Yes,Unclear,Unclear,Yes,Yes,Yes,Unclear,Unclear,Yes,Unclear,Yes,Unclear,Unclear,Unclear,Unclear,Unclear,Unclear,historical price,technical indicator; technical indicators,,,social media; tweets,sentiment,bert; roberta,,,feature-level,,bi-lstm; lstm,,,,,,
doi:10.1109/icciaa68481.2026.11544016,LLM-Based Stock Price and Volatility Prediction: A Multi-Modal Deep Learning Framework Integrating Financial News Sentiment and Technical Indicators,Nghia Luong Van and V. Hoang and Nghia Dinh and H. N. Quoc and Kiet Tran-Trung and Tuan Truong Cong,2026,2026 2nd International Conference on Computational Intelligence Approaches and Applications (ICCIAA),10.1109/icciaa68481.2026.11544016,,,Misc,No,No,Yes,EL03,M-1760,Primary/Other,Yes,Price,Yes,Unclear,Yes,Yes,,Yes,5,24,A_Direct_Methodological_Priority,Detailed extraction for gap and methodology design,High,Technical_Indicators; Financial_News; Sentiment; LLM_FinGPT; Multimodal,stock price,stock price,deep learning; llm,,LLM-Based Stock Price and Volatility Prediction: A Multi-Modal Deep Learning Framework Integrating Financial News Sentiment and Technical Indicators,volatility prediction,,Unclear,Yes,Unclear,Yes,Unclear,Yes,Unclear,Yes,Yes,Unclear,Unclear,Unclear,Unclear,Unclear,Unclear,Unclear,Unclear,Unclear,,technical indicators,,financial news,,sentiment,,llm,multi-modal,,,,,,,,,
doi:10.3390/sym18071198,Symmetry-Aware Stock Prediction Based on Optimized Multi-Module Collaborative Features with LSTM-CBAM-Time2Vec-KAN,Wu H.; Hong X.,2026,Symmetry,10.3390/sym18071198,"This study proposes a hybrid deep learning model named LSTM-CBAM-Time2Vec-KAN based on symmetry awareness and optimized multi-module collaborative features, aiming to improve the accuracy and stability of stock price prediction. To address common shortcomings in traditional forecasting models such as insufficient feature extraction, difficulties in parameter optimization, and inadequate utilization of temporal characteristics, the research innovatively exploits the symmetry inherent in financial time series, particularly their temporal periodicity and cross-dimensional feature consistency, to construct an intelligent prediction framework that integrates multiple modules. First, wavelet transform is applied to perform multi-scale decomposition and signal reconstruction on the raw stock price sequence, effectively extracting high signal-to-noise ratio features. Second, the Northern Goshawk Optimization (NGO) algorithm is employed to jointly optimize key hyperparameters of the model, including the LSTM hidden layer dimension and CBAM compression ratio, thereby resolving the challenge of parameter coupling across modules. Third, the CBAM attention mechanism enhances the importance of temporal features extracted by LSTM through a dual mechanism of channel and spatial attention, enabling the model to focus on critical price movement points. Meanwhile, Time2Vec encoding transforms temporal information into embedding representations with periodic properties, effectively capturing cyclical patterns at daily, weekly, and monthly trading intervals. Finally, the Kolmogorov–Arnold network (KAN) fuses multimodal features and produces precise predictive outputs. Experimental results show that the proposed model significantly outperforms all baseline models in four evaluation metrics, namely mean absolute error (MAE), root mean square error (RMSE), mean absolute percentage error (MAPE), and coefficient of determination (R2), which verifies its superior prediction accuracy and robustness. Furthermore, analyses of stock price forecasting under different time spans and simulated trading performance under various trading strategies further demonstrate that this study provides a feasible and effective technical solution for financial time-series forecasting, with important theoretical research value and practical application value. © 2026 by the authors.",attention mechanism; multi-module fusion; Northern Goshawk Optimization; stock price prediction; time-series analysis,Article,Yes,No,No,SC01,M-2516,Primary/Other,Yes,Price; Direction/Movement,Yes,Yes,Yes,Yes,,Yes,4,24,A_Direct_Methodological_Priority,Detailed extraction for gap and methodology design,High,Multimodal; Fusion; Transformer_Attention; Optimization,stock prediction; stock price,price forecasting; price movement; price prediction; stock price,attention; deep learning; lstm,accuracy; evaluation; experimental; mae; mape; outperforms; r2; results show; rmse,"Symmetry-Aware Stock Prediction Based on Optimized Multi-Module Collaborative Features with LSTM-CBAM-Time2Vec-KAN || This study proposes a hybrid deep learning model named LSTM-CBAM-Time2Vec-KAN based on symmetry awareness and optimized multi-module collaborative features, aiming to improve the accuracy and stability of stock price prediction. || First, wavelet transform is applied to perform multi-scale decomposition and signal reconstruction on the raw stock price sequence, effectively extracting high signal-to-noise ratio features. || Furthermore, analyses of stock price forecasting under different time spans and simulated trading performance under various trading strategies further demonstrate that this study provides a feasible and effective technical solution for financial time-series forecasting, with important theoretical research value and practical application value. © 2026 by the authors.",trading strategies,,Yes,Unclear,Unclear,Unclear,Unclear,Unclear,Unclear,Unclear,Yes,Yes,Yes,Yes,Yes,Unclear,Unclear,Unclear,Unclear,Unclear,time series,,,,,,,,multimodal,fusion,attention mechanism,lstm,optimized,,,,,
doi:10.1016/j.bdr.2025.100535,A multimodal deep learning framework for constructing a market sentiment index from stock news,Liu Y.; Huang Y.,2025,Big Data Research,10.1016/j.bdr.2025.100535,"Unimodal sentiment analysis often fails to capture the complexity of financial sentiment. This paper proposes a multimodal deep learning framework that integrates text, audio, and image data from CCTV news videos on TikTok to construct a multimodal sentiment indicator for the Chinese stock market. Empirical results show that multimodal fusion enhances sentiment analysis, with text outperforming audio and image modalities. The indicator correlates weakly with stock returns but significantly with market volatility, aligns with seasonal sentiment patterns, and reflects significant events like COVID-19. Additionally, weekly sentiment trends indicate the lowest sentiment on Thursdays and the highest on Fridays. This study advances financial sentiment analysis by demonstrating the efficacy of multimodal indicators in capturing market sentiment and informing volatility forecasts. © 2025 Elsevier Inc.",Computer vision; Financial news sentiment classification; Indicator Construction; Investor Sentiment; Multimodal fusion; Natural language processing; Sentiment analysis; Stock market; Deep learning; Financial markets; Image compression; Marketplaces; Financial news; Financial news sentiment classification; Indicator construction; Investor's sentiments; Language processing; Multi-modal fusion; Natural language processing; Natural languages; Sentiment analysis; Sentiment classification; Emotion Recognition,Article,Yes,No,No,SC01,M-0523,Primary/Other,Yes,Return,Yes,Yes,Yes,Yes,,Yes,4,24,A_Direct_Methodological_Priority,Detailed extraction for gap and methodology design,High,Financial_News; Sentiment; Multimodal; Fusion,stock market; stock returns,stock returns,deep learning,results show,"The indicator correlates weakly with stock returns but significantly with market volatility, aligns with seasonal sentiment patterns, and reflects significant events like COVID-19.",investor sentiment; market sentiment; sentiment analysis; sentiment classification,,Unclear,Unclear,Unclear,Yes,Unclear,Yes,Unclear,Unclear,Yes,Yes,Unclear,Unclear,Unclear,Unclear,Unclear,Unclear,Unclear,Unclear,,,,financial news,,sentiment,,,multi-modal; multimodal,fusion,,,,,,,,
doi:10.3390/appliedmath5040176,A Novel Hybrid Temporal Fusion Transformer Graph Neural Network Model for Stock Market Prediction,Lynch S.T.; Derakhshan P.; Lynch S.,2025,AppliedMath,10.3390/appliedmath5040176,"Forecasting stock prices remains a central challenge in financial modelling, as markets are influenced by market sentiment, firm-level fundamentals and complex interactions between macroeconomic and microeconomic factors, for example. This study evaluates the predictive performance of both classical statistical models and advanced attention-based deep learning architectures for daily stock price forecasting. Using a dataset of major U.S. equities and Exchange Traded Funds (ETFs) covering 2012–2024, we compare traditional statistical approaches, Seasonal Autoregressive Integrated Moving Average (SARIMA) and Exponential Smoothing (ES) in the Error, Trend, Seasonal (ETS) framework, with deep learning architectures such as the Temporal Fusion Transformer (TFT), and a novel hybrid model, the TFT-Graph Neural Network (TFT-GNN), which incorporates relational information between assets. All models are assessed under consistent experimental conditions in terms of forecast accuracy, computational efficiency, and interpretability. Our results indicate that while statistical models offer strong baselines with high stability and low computational cost, the TFT outperforms them in capturing short-term nonlinear dependencies. The hybrid TFT-GNN achieves the highest overall predictive accuracy, demonstrating that relational signals derived from inter-asset connections provide meaningful enhancements beyond traditional temporal and technical indicators. These findings highlight the advantages of integrating relational learning into temporal forecasting frameworks and emphasise the continued relevance of statistical models as interpretable and efficient benchmarks for evaluating deep learning approaches in high-frequency financial prediction. © 2025 by the authors.",attention mechanisms; Exchange Traded Fund (ETF); Exponential Smoothing (ES); financial modelling; Graph Neural Network (GNN); hybrid deep learning; Seasonal Autoregressive Integrated Moving Average (SARIMA); statistical model; stock price forecasting; Temporal Fusion Transformer (TFT); time series prediction,Article,Yes,No,No,SC01; SC02; SC05,M-2349,Primary/Other,Yes,Price,Yes,Yes,Yes,Yes,,Yes,5,24,A_Direct_Methodological_Priority,Detailed extraction for gap and methodology design,High,Technical_Indicators; Sentiment; Fusion; Transformer_Attention; XAI,stock market; stock price; stock prices,price forecasting; stock price; stock prices,attention; deep learning; gnn; graph neural; hybrid model; neural network; transformer,accuracy; benchmarks; dataset; experimental; outperforms,"A Novel Hybrid Temporal Fusion Transformer Graph Neural Network Model for Stock Market Prediction || Forecasting stock prices remains a central challenge in financial modelling, as markets are influenced by market sentiment, firm-level fundamentals and complex interactions between macroeconomic and microeconomic factors, for example. || This study evaluates the predictive performance of both classical statistical models and advanced attention-based deep learning architectures for daily stock price forecasting.",market sentiment,,Yes,Yes,Unclear,Unclear,Unclear,Yes,Unclear,Unclear,Unclear,Yes,Yes,Unclear,Unclear,Unclear,Yes,Unclear,Unclear,Unclear,time series,moving average; technical indicators,,,,sentiment,,,,fusion,temporal fusion transformer; transformer,,,,interpretability; interpretable,,,
title:bimodal stock price prediction based on holt winters exponential smoothing and pca whitening transformation,Bimodal Stock Price Prediction Based on Holt-Winters Exponential Smoothing and PCA Whitening Transformation,Zhu C.; Lu P.; Feng W.; Wang Y.,2025,IAENG International Journal of Computer Science,,"Aiming at the nonlinear and high frequency characteristics of stock data, a hybrid stock price prediction model is proposed, which combines the Holt-Winters triple exponential smoothing method, PCA whitening transformation, PatchTST and BERT, called HW-PCAW-PB. The PCA whitening transformation is performed on the feature vector of investor stock reviews constructed by the BERT model, and the stock price features are processed using the Holt-Winters triple exponential smoothing algorithm and the PatchTST model. The cross-attention mechanism fuses the processed stock review feature information, stock price feature information, and multi-source features such as stock review reading volume and number of comments to predict stock prices. The prediction performance of the HW-PCAW-PB model is compared with benchmark models such as SVR, BiLSTM, TimesNet, KNN, ANN, LSTM, Autoformer and Informer using RMSE, MAE, MAPE and R2 evaluation metrics. The experimental results show that the HW-PCAW-PB model achieves better scores than the benchmark models in all evaluation metrics. © (2025), (International Association of Engineers). All rights reserved.",Holt-Winters triple exponential smoothing; Hybrid stock price prediction model; PatchTST; PCA whitening transformation; Costs; Financial markets; Investments; Exponential smoothing; Holt-winter triple exponential smoothing; Holt-Winters; Hybrid stock price prediction model; Patchtst; PCA whitening transformation; Price prediction models; Stock price; Stock price prediction; Whitening transformation; Prediction models,Article,Yes,No,No,SC01,M-2766,Primary/Other,Yes,Price,Yes,Yes,Yes,No,,Yes,4,24,A_Direct_Methodological_Priority,Detailed extraction for gap and methodology design,High,FinBERT_BERT_RoBERTa; Multimodal; Fusion; Transformer_Attention,stock price; stock prices,price prediction; stock price; stock prices,attention; bert; lstm,benchmark; evaluation; experimental; mae; mape; r2; results show; rmse,"Bimodal Stock Price Prediction Based on Holt-Winters Exponential Smoothing and PCA Whitening Transformation || Aiming at the nonlinear and high frequency characteristics of stock data, a hybrid stock price prediction model is proposed, which combines the Holt-Winters triple exponential smoothing method, PCA whitening transformation, PatchTST and BERT, called HW-PCAW-PB. || The PCA whitening transformation is performed on the feature vector of investor stock reviews constructed by the BERT model, and the stock price features are processed using the Holt-Winters triple exponential smoothing algorithm and the PatchTST model. || The cross-attention mechanism fuses the processed stock review feature information, stock price feature information, and multi-source features such as stock review reading volume and number of comments to predict stock prices.",,,Yes,Unclear,Unclear,Unclear,Unclear,Unclear,Yes,Unclear,Yes,Yes,Yes,Yes,Unclear,Unclear,Unclear,Unclear,Unclear,Unclear,volume,,,,,,bert,,multi-source,cross-attention,attention mechanism; informer,bilstm; lstm,,,,,,
doi:10.1177/18758967251353038,MAOA-DRN: Mayfly Adam Optimization Based Deep Residual Network - A Framework for Stock Market Prediction,Sable R.; Gupta S.; Goel S.; Chatterjee P.,2025,Journal of Intelligent and Fuzzy Systems,10.1177/18758967251353038,"Stock market plays a vital role in country's economy. The estimation of stock market trends and price is important for the investors. Stock forecasting has piqued the interest of investors worldwide. Investors are looking for a forecasting model that is accurate and reliable enough to account for volatile and nonlinear market behavior. The problem of stock price prediction becomes a complicated one due to multiple inputs like technical indicators, financial factors, trends of international markets, and social media data. This research seeks to collect and correlate multiple inputs to analyse their impact on the stock market and improve stock price prediction accuracy. Researchers are attempting to refine effective indicators to aid in stock market forecasting by taking the advantage of ever-growing world wide web. Effective indicators like stock-related events and public sentiment towards the stock plays a significant role in stock volatility, hence can be used in improving prediction accuracy. The paper provides an efficient framework for optimizing the error in short-term stock market prediction with diverse data sources, based on a novel Mayfly Adam Optimization Algorithm (MAOA) and Deep Residual Network (DRN). This novel approach uses Deep Q Network (DQN) with dice coefficient similarity for feature fusion and DRN for prediction. We have considered historical stock market prices of Apple Inc. (AAPL), commodity time-series dataset, news articles and reviews on social media to evaluate the model's effectiveness. The proposed technique accuracy is found to be 96%, with average accuracy of 98.27%. The existing techniques like, Deep Neural Network (DNN), Artificial Neural Network (ANN), Long Short-Term Memory (LSTM), and Random Forest (RF) models provided accuracy of 82.4%, 85.5%, 88.8%, and 92.39%, respectively. This shows that the proposed model is 13.6% better than DNN, 10.5% better than ANN, 7% better than LSTM and 3.61% better than RF in terms of accuracy. © The Author(s) 2025",adam optimization; deep q network; deep residual network; mayfly algorithm; stock market prediction; Costs; Deep neural networks; Electronic trading; International trade; Investments; Social networking (online); Adam optimization; Deep q network; Deep residual network; Mayfly algorithm; Neural-networks; Optimisations; Optimization algorithms; Stock market prediction; Stock market prices; Stock price prediction; Financial markets; Forecasting,Article,Yes,No,No,SC01; SC02,M-1942,Primary/Other,Yes,Price; Trend,Yes,Yes,Yes,No,,Yes,4,24,A_Direct_Methodological_Priority,Detailed extraction for gap and methodology design,High,Technical_Indicators; Financial_News; Sentiment; Fusion,stock forecasting; stock market; stock price,market trends; price prediction; stock price,artificial neural network; deep neural; lstm; neural network; neural networks; random forest,accuracy; dataset; evaluate,"MAOA-DRN: Mayfly Adam Optimization Based Deep Residual Network - A Framework for Stock Market Prediction || The estimation of stock market trends and price is important for the investors. || Stock forecasting has piqued the interest of investors worldwide. || The problem of stock price prediction becomes a complicated one due to multiple inputs like technical indicators, financial factors, trends of international markets, and social media data. || This research seeks to collect and correlate multiple inputs to analyse their impact on the stock market and improve stock price prediction accuracy. || Researchers are attempting to refine effective indicators to aid in stock market forecasting by taking the advantage of ever-growing world wide web. || The paper provides an efficient framework for optimizing the error in short-term stock market prediction with diverse data sources, based on a novel Mayfly Adam Optimization Algorithm (MAOA) and Deep Residual Network (DRN).",,,Unclear,Yes,Unclear,Yes,Yes,Yes,Unclear,Unclear,Unclear,Yes,Unclear,Yes,Unclear,Unclear,Unclear,Unclear,Unclear,Unclear,,technical indicators,,news articles,social media,sentiment,,,,feature fusion; fusion,,long short-term memory; lstm,,,,,,
doi:10.1007/s10489-024-05894-0,Multimodal market information fusion for stock price trend prediction in the pharmaceutical sector: Multimodal market information fusion for stock price trend prediction in the pharmaceutical sector: H. Wang et al.,Wang H.; Xie Z.; Chiu D.K.W.; Ho K.K.W.,2025,Applied Intelligence,10.1007/s10489-024-05894-0,"With the evolution of China's market economy, the securities market is increasingly anchoring a pivotal role in the nation's economic landscape. Consequently, stock trend forecasting has garnered heightened attention among scholars and practitioners. This research pioneers the use of multimodal information to predict stock market fluctuations. Based on our experimental results, LSTM + Transformer performs better in handling multimodal data for stock movement prediction tasks regarding accuracy, F1-score, precision, and recall. Additionally, we employed the Granger causality test and Impulse response test to investigate the causal relationships between sentiment and stock trends, as well as the interplay between COVID-related indicators and stock trajectories. We identified discernible causal links between sentiments, COVID indicators, and stock trends for select pharmaceutical stocks. Our findings can provide valuable guidance for investors and market regulators, especially within the pharmaceutical industry. Understanding investor sentiment and the impact of the pandemic on severity can assist in effective stock commentary management and improve investment strategies. © The Author(s) 2024.",Chinese pharmaceutical industry; COVID-19; Deep learning; Investor sentiment; Multimodal information fusion; Stock market trend prediction; Marketplaces; Chinese pharmaceutical industry; Deep learning; Investor's sentiments; Market information; Market trends; Multi-modal; Multimodal information fusion; Pharmaceutical industry; Stock market trend prediction; Trend prediction; COVID-19,Article,Yes,No,No,SC01,M-0124,Primary/Other,Yes,Price; Direction/Movement; Trend,Yes,Yes,Yes,Yes,,Yes,4,24,A_Direct_Methodological_Priority,Detailed extraction for gap and methodology design,High,Sentiment; Multimodal; Fusion; Transformer_Attention,stock market; stock movement; stock price; stock trend; stock trends,market trend; market trends; movement prediction; price trend; stock movement; stock price; stock trend; stock trends; trend forecasting; trend prediction,attention; deep learning; lstm; transformer,accuracy; experimental; f1; precision; recall,"Multimodal market information fusion for stock price trend prediction in the pharmaceutical sector: Multimodal market information fusion for stock price trend prediction in the pharmaceutical sector: H. Wang et al. || Consequently, stock trend forecasting has garnered heightened attention among scholars and practitioners. || This research pioneers the use of multimodal information to predict stock market fluctuations. || Based on our experimental results, LSTM + Transformer performs better in handling multimodal data for stock movement prediction tasks regarding accuracy, F1-score, precision, and recall. || Additionally, we employed the Granger causality test and Impulse response test to investigate the causal relationships between sentiment and stock trends, as well as the interplay between COVID-related indicators and stock trajectories. || We identified discernible causal links between sentiments, COVID indicators, and stock trends for select pharmaceutical stocks.",investor sentiment,,Unclear,Unclear,Unclear,Unclear,Unclear,Yes,Unclear,Unclear,Yes,Yes,Yes,Yes,Unclear,Unclear,Unclear,Unclear,Unclear,Unclear,,,,,,sentiment,,,multi-modal; multimodal,fusion,transformer,lstm,,,,,,
doi:10.1007/s10690-025-09560-4,Predicting Stock Price Direction with LSTM: A Fusion of Financial Sentiment Analysis with Technical Indicators,Farhan M.; Ahmed A.; Chong K.; Tayara H.,2025,Asia-Pacific Financial Markets,10.1007/s10690-025-09560-4,"Stock movement prediction is a crucial field of study that can help traders on the market make better trading decisions and consequently earn more profits. Deep Learning models are increasingly recognized for their ability to make predictions based on time series data. Among traders and investors, technical and sentiment analysis using indicators remains a popular approach in the stock market. In this study, we provide an approach that combines technical and sentiment analysis to generate predictor indicators, which are then used with the proposed model to predict stock movement direction. We conduct a thorough examination of historical stock data, leveraging the TA-Lib package to calculate an array of essential technical indicators. Additionally, we delve into sentiment analysis, capitalizing on sentiment indicators previously computed in a prior study. To fine-tune our models, we employ the powerful optimization tool Optuna. Our study centres on three prominent companies, AAPL, BAC, and MSFT, all of which are integral components of the NASDAQ exchange. We performed a comparative analysis between the baseline models and the proposed LSTM (Long Short-Term Memory) model, evaluating them based on accuracy and robustness measures, in order to evaluate the performance of our model. In addition, to thoroughly assess the differences in results, we devised the Wilcoxon signed rank test. Our results show that there is 17.05% average accuracy improvement by using LSTM model with both technical and sentiment indicators as compared to previous study. © The Author(s), under exclusive licence to Springer Japan KK, part of Springer Nature 2025.",Adam; Deep learning; Forecasting; LSTM; Optuna; Stock market,Article,Yes,No,No,SC01; SC02,M-0226,Primary/Other,Yes,Price; Direction/Movement,Yes,Yes,Yes,Yes,,Yes,4,24,A_Direct_Methodological_Priority,Detailed extraction for gap and methodology design,High,Technical_Indicators; Sentiment; Fusion; Optimization,nasdaq; stock market; stock movement; stock price,movement prediction; price direction; stock movement; stock price,deep learning; lstm,accuracy; comparative; evaluate; results show,"Predicting Stock Price Direction with LSTM: A Fusion of Financial Sentiment Analysis with Technical Indicators || Stock movement prediction is a crucial field of study that can help traders on the market make better trading decisions and consequently earn more profits. || In this study, we provide an approach that combines technical and sentiment analysis to generate predictor indicators, which are then used with the proposed model to predict stock movement direction.",trading decisions; sentiment analysis,,Yes,Yes,Unclear,Unclear,Unclear,Yes,Unclear,Unclear,Unclear,Yes,Unclear,Yes,Yes,Unclear,Unclear,Unclear,Unclear,Unclear,time series,technical indicators,,,,sentiment,,,,fusion,,long short-term memory; lstm,optuna,,,,,
doi:10.54216/fpa.160211,Enhancing Stock Market Trend Prediction Using Explainable Artificial Intelligence and Multi-source Data,Ranjith J.; Chandar S.K.,2024,Fusion: Practice and Applications,10.54216/fpa.160211,"Determining the trend of the stock market is a complex task influenced by numerous factors like fundamental variables, company performance, investor behavior, sentiments expressed in social media, etc. Although machine learning models support predicting stock market trends using historical or social media data, reliance on a single data source poses a serious challenge. This study introduces a novel Explainable artificial intelligence (XAI) to address a binary classification problem wherein the objective is to predict the trend of the stock market, utilizing an integration of multiple data sources. The dataset includes trading data, news and Twitter sentiment, and technical indicators. Sentiment analysis and the Natural Language Toolkit are utilized to extract the qualitative information from social media data. Technical indicators, or quantitative characteristics, are therefore generated from trade data. The technical indicators are fused with the stock sentiment features to predict the future stock market trend. Finally, a machine learning model is employed for upward or downward stock trend predictions. The proposed model in this study incorporates XAI to interpret the results. The presented model is evaluated using five bank stocks, and the results are promising, outperforming other models by reporting a mean accuracy of 90.14%. Additionally, the proposed model is explainable, exposing the rationale behind the classifier and furnishing a complete set of interpretations for the attained outcomes. © 2024, American Scientific Publishing Group (ASPG). All rights reserved.",Explainable artificial intelligence; Machine learning; Multi-source data; Sentiment analysis; Stock market prediction; Technical indicators,Article,Yes,No,No,SC01; SC02; SC05,M-2646,Primary/Other,Yes,Trend,Yes,Yes,Yes,Yes,,Yes,4,24,A_Direct_Methodological_Priority,Detailed extraction for gap and methodology design,High,Technical_Indicators; Sentiment; Multimodal; XAI,stock market; stock trend,market trend; market trends; stock trend; trend prediction,artificial intelligence; machine learning,accuracy; dataset; evaluated,"Enhancing Stock Market Trend Prediction Using Explainable Artificial Intelligence and Multi-source Data || Although machine learning models support predicting stock market trends using historical or social media data, reliance on a single data source poses a serious challenge. || This study introduces a novel Explainable artificial intelligence (XAI) to address a binary classification problem wherein the objective is to predict the trend of the stock market, utilizing an integration of multiple data sources. || The technical indicators are fused with the stock sentiment features to predict the future stock market trend. || Finally, a machine learning model is employed for upward or downward stock trend predictions.",sentiment analysis,,Unclear,Yes,Unclear,Unclear,Yes,Yes,Unclear,Unclear,Yes,Unclear,Unclear,Unclear,Unclear,Unclear,Yes,Unclear,Unclear,Unclear,,technical indicators,,,social media; twitter,sentiment,,,multi-source; multiple data sources,,,,,,explainable; xai,,,
doi:10.14445/22315381/ijett-v72i6p102,Predicting Stock Market Movements Through Multisource Data Fusion Graphs: An Approach Employing Graph Convolutional Neural Network,Ranjith J.; Chandar S.K.,2024,International Journal of Engineering Trends and Technology,10.14445/22315381/ijett-v72i6p102,"The stock market plays an important role in the capital market, and investigating price fluctuations in the stock market has consistently been a prominent subject for researchers. The application of soft computing techniques to predict and categorize stock market movements is a significant research challenge that has gathered considerable attention from researchers. Although several studies highlight the significance of incorporating information from two sources in stock movement prediction, the potential of advanced graphical techniques for modeling and analyzing multi-source data remains an unattended research area. This study aims to address this gap by introducing a novel model that utilizes multi-source data fusion graphs to predict future market movements. The primary challenge involves establishing a model that can effectively gather the relationships among various data sources and employ this understanding to improve prediction performance. Compared to several existing methods relying only on historical data or sentiment data, which show limited predictive power and lack generality, the proposed approach seeks to overcome these limitations. The proposed model integrates various information sources, including historical prices, news data, Twitter data, and technical indicators for predicting future stock market trends. This presented method involves constructing a subgraph map for each data type to capture events from both rising and falling markets. Then, a Gated Recurrent Unit (GRU) is employed to aggregate the subgraph nodes. These aggregated nodes are then integrated with a Graph Convolutional Neural Network (GCNN) to classify the multi-source graph, therefore achieving stock market trend prediction effectively. To further validate its effectiveness, the presented model is applied to Indian stock market data, demonstrating its feasibility in fusing multi-source stock data and establishing its suitability for effectively predicting stock market movements. © 2024 Seventh Sense Research Group®",Data fusion; Gated Recurrent Unit; Graph Convolution Neural Network; Multi-source data; Multi-source data fusion graphs; Stock market trends; Stock trend prediction,Article,Yes,No,No,SC01; SC02,M-2037,Primary/Other,Yes,Direction/Movement; Trend,Yes,Unclear,Yes,No,,Yes,5,24,A_Direct_Methodological_Priority,Detailed extraction for gap and methodology design,High,Technical_Indicators; Sentiment; Multimodal; Fusion; Indian_Market,stock market; stock movement; stock trend,market trend; market trends; movement prediction; stock movement; stock trend; trend prediction,attention; convolutional; gru; neural network,,"The application of soft computing techniques to predict and categorize stock market movements is a significant research challenge that has gathered considerable attention from researchers. || Although several studies highlight the significance of incorporating information from two sources in stock movement prediction, the potential of advanced graphical techniques for modeling and analyzing multi-source data remains an unattended research area. || The proposed model integrates various information sources, including historical prices, news data, Twitter data, and technical indicators for predicting future stock market trends. || These aggregated nodes are then integrated with a Graph Convolutional Neural Network (GCNN) to classify the multi-source graph, therefore achieving stock market trend prediction effectively.",,,Yes,Yes,Unclear,Unclear,Yes,Yes,Unclear,Unclear,Yes,Yes,Unclear,Yes,Unclear,Unclear,Unclear,Unclear,Yes,Unclear,historical prices; market data,technical indicators,,,twitter,sentiment,,,multi-source; multisource,data fusion; fusion,,gru,,,,,indian stock,
doi:10.3778/j.issn.1002-8331.2305-0059,Stock Price Prediction Integrating Investor Sentiment Based on S_AM_BiLSTM Model; [融合投资者情绪的 S_AM_BiLSTM 股价预测模型],Yuan J.; Pan S.; Xie H.; Xu W.,2024,Computer Engineering and Applications,10.3778/j.issn.1002-8331.2305-0059,"Stock price forecasting has always been one of the research hotspots in the financial field. However, the formation mechanism of stock price is quite complex, and various factors may lead to the change of stock price. Therefore, this paper proposes a hybrid model of stock price forecasting based on deep learning method and integrating multi-source data and investor sentiment (S_AM_BiLSTM). First, it uses the TextCNN to analyze the sentiment of investor comments extracted from stock forums, and calculates the emotional factors. Then, taking emotional factors, technical indicators and stock historical trading data as the feature set of stock price prediction, the bi-directional long short-term memory neural network is used to predict the stock closing price, and on this basis, attention mechanism is added to improve the prediction accuracy. In order to prove the validity and applicability of the model, it randomly selects four key industries for empirical research. The experimental results show that the proposed hybrid model is more effective than other single models and models without emotional factors. © 2024 Journal of Computer Engineering and Applications Beijing Co., Ltd.; Science Press. All rights reserved.",bi-directional long short-term memory (BiLSTM); deep learning; sentiment analysis; stock price prediction; TextCNN; Brain; Financial markets; Forecasting; Investments; Learning systems; Sentiment analysis; Bi-directional; Bi-directional long short-term memory; Deep learning; Emotional factors; Investor's sentiments; Sentiment analysis; Stock price; Stock price forecasting; Stock price prediction; TextCNN; Long short-term memory,Article,Yes,No,No,SC01; SC02,M-2536,Primary/Other,Yes,Price,Yes,Yes,Yes,Yes,,Yes,4,24,A_Direct_Methodological_Priority,Detailed extraction for gap and methodology design,High,Technical_Indicators; Sentiment; Multimodal; Transformer_Attention,stock price,closing price; price forecasting; price prediction; stock price,attention; deep learning; hybrid model; neural network,accuracy; experimental; results show,"Stock Price Prediction Integrating Investor Sentiment Based on S_AM_BiLSTM Model; [融合投资者情绪的 S_AM_BiLSTM 股价预测模型] || Stock price forecasting has always been one of the research hotspots in the financial field. || However, the formation mechanism of stock price is quite complex, and various factors may lead to the change of stock price. || Therefore, this paper proposes a hybrid model of stock price forecasting based on deep learning method and integrating multi-source data and investor sentiment (S_AM_BiLSTM). || Then, taking emotional factors, technical indicators and stock historical trading data as the feature set of stock price prediction, the bi-directional long short-term memory neural network is used to predict the stock closing price, and on this basis, attention mechanism is added to improve the prediction accuracy.",investor sentiment; sentiment analysis,,Yes,Yes,Unclear,Unclear,Unclear,Yes,Unclear,Unclear,Yes,Unclear,Yes,Yes,Unclear,Unclear,Unclear,Unclear,Unclear,Unclear,closing price,technical indicators,,,,sentiment,,,multi-source,,attention mechanism,bilstm; long short-term memory,,,,,,
doi:10.1007/s44163-026-00866-4,A hybrid prophet-based framework for multimodal forecasting with market sentiment signals,Najem R.; Bahnasse A.; Talea M.,2026,Discover Artificial Intelligence,10.1007/s44163-026-00866-4,"Financial time series forecasting is traditionally based on historical price patterns, often overlooking exogenous and behavioral variables that can significantly affect market movements. In this study, we enhance the Prophet forecasting framework by integrating sentiment signals derived from financial news headlines and social media platforms such as Twitter. These sentiment indicators, processed using both lexicon-based (TextBlob) and transformer-based (BERT) models, are aligned temporally with stock indices data (notably the Dow Jones Industrial Average) to create a multimodal dataset. The sentiment scores are incorporated into Prophet as external regressors, allowing the model to learn associations between market mood and price trends. This hybrid approach captures both technical and psychological dimensions of financial behavior. Extensive experiments on the ^DJI index demonstrate that the sentiment-augmented model consistently outperforms the baseline Prophet implementation across all evaluation metrics. For example, the mean absolute percentage error (MAPE) is reduced from 7.63 to 5.13% in the test dataset and from 4.25 to 3.12% in the validation dataset. These performance gains are particularly evident during periods of high volatility, such as macroeconomic announcements and geopolitical developments, where traditional models tend to reach their limits. By combining quantitative signals with qualitative sentiment, our approach provides a more adaptive and accurate forecasting system. This approach is very promising for traders, portfolio managers, and political analysts seeking to predict market behavior in an increasingly sentiment-driven environment. © The Author(s) 2026.",BERT sentiment model; Financial index; Hybrid forecasting; Multimodal learning; Natural language processing (NLP); News sentiment; Prophet model; Sentiment analysis; Stock market forecasting; Twitter analysis; Behavioral research; Commerce; Electronic trading; Financial markets; Forecasting; Investments; Social networking (online); Statistical tests; BERT sentiment model; Financial index; Hybrid forecasting; Language processing; Multi-modal learning; Natural language processing; Natural languages; News sentiment; Prophet model; Sentiment analysis; Stock market forecasting; Twitter Analysis; Sentiment analysis,Article,Yes,No,No,SC01; SC02,M-0378,Primary/Other,Yes,Trend,Yes,Yes,No,Yes,,Yes,5,23,A_Direct_Methodological_Priority,Detailed extraction for gap and methodology design,Medium,Financial_News; Sentiment; FinBERT_BERT_RoBERTa; Multimodal; Transformer_Attention,dow jones; stock indices; stock market,price trends,bert; transformer,dataset; evaluation; experiments; mape; outperforms,,market sentiment; sentiment analysis,,Yes,Unclear,Unclear,Yes,Yes,Yes,Yes,Unclear,Yes,Unclear,Yes,Unclear,Unclear,Unclear,Unclear,Unclear,Unclear,Unclear,historical price; time series,,,financial news; news headlines,social media; twitter,sentiment; sentiment scores,bert,,multi-modal; multimodal,,transformer,,,,,,,
doi:10.5281/zenodo.18824437,An Interpretable Deep Learning Based Decision Support System for Stock Forecasting and Investment Recommendation Using Temporal Fusion Transformer,Manju D.; Rao M.K.; Verma R.K.; Debbarma P.; Saraswathi Rathod A.K.,2026,Journal of Theoretical and Applied Information Technology,10.5281/zenodo.18824437,"The stock market has rapid changes caused by economic conditions, company performance and investor behavior. Because of this, stock price predictions and correct investment decisions are hardly achieved. Investors today use computer-based systems to study large volumes of financial data and find useful patterns barely perceived using traditional methods. However, most existing stock prediction and recommendation systems that have some major problems. Many systems use only technical indicators or only fundamental data, while not both together. Some models cannot properly capture both the short-term and long-term price movements of the stock. Moreover, many of these deep learning models behave like black boxes and fail to explain clearly why any stock is recommended to be on buy, sell or hold. This therefore compromises trust in their prediction capabilities, especially those specifically for highly volatile markets. In this paper, we try to solve those problems by proposing a new stock forecasting and recommendation system based on the Temporal Fusion Transformer (TFT), combining historical stock prices, technical indicators and fundamental financial data in one framework. It can learn both short-term and long-term trends and show which factor is most important for the prediction. After predicting the price and other financial indicators, our model extends TFT into a decision-support system by embedding financial ratio analysis and recommendation logic within the forecasting pipeline. © 2026, Little Lion Scientific.",Deep Learning; Fundamental Analysis; Investment Recommendation; Stock Forecasting Temporal Fusion Transformer; Technical Indicators,Article,Yes,No,No,SC01; SC03; SC05,M-2641,Primary/Other,Yes,Price; Direction/Movement,Yes,Unclear,Yes,No,,Yes,5,23,A_Direct_Methodological_Priority,Detailed extraction for gap and methodology design,High,Technical_Indicators; Fundamental_Data; Fusion; Transformer_Attention; XAI,stock forecasting; stock market; stock prediction; stock price; stock prices,price movements; stock price; stock prices,deep learning; transformer,,"An Interpretable Deep Learning Based Decision Support System for Stock Forecasting and Investment Recommendation Using Temporal Fusion Transformer || Because of this, stock price predictions and correct investment decisions are hardly achieved. || However, most existing stock prediction and recommendation systems that have some major problems. || In this paper, we try to solve those problems by proposing a new stock forecasting and recommendation system based on the Temporal Fusion Transformer (TFT), combining historical stock prices, technical indicators and fundamental financial data in one framework.",,,Unclear,Yes,Yes,Unclear,Unclear,Unclear,Unclear,Unclear,Unclear,Yes,Yes,Unclear,Unclear,Unclear,Yes,Unclear,Unclear,Unclear,,technical indicators,financial ratio; fundamental analysis,,,,,,,fusion,temporal fusion transformer; transformer,,,,interpretable,,,
doi:10.1504/ijbidm.2026.151262,Analysing the effectiveness of financial news sentiments on stock price prediction of 12 Indian sectoral stock indices using a hybrid LSTM-GRU model,George M.; Murugesan R.,2026,International Journal of Business Intelligence and Data Mining,10.1504/ijbidm.2026.151262,"Despite the growing interest in combining news sentiments with historical data to improve stock price prediction, a considerable gap exists in predicting the sectoral stock indices using this methodology. This study addresses this gap by predicting the closing price of 12 Indian sectoral stock indices through a hybrid deep-learning architecture. It employs a hybrid TFIDF-Doc2Vec feature extraction technique and an SVM classifier to extract the financial news sentiments. These sentiments are utilised to create a sentiment Index, combined with historical stock data to predict each sectoral stock index using a hybrid LSTM-GRU model. The study evaluates the effectiveness of financial news sentiments in sectoral stock prediction by comparing models with and without sentiments. Results demonstrate a notable influence of sentiments on the stock price prediction of ten sectoral stock indices with a pronounced impact on the NSEBANK index. This study offers valuable insights for investors in formulating sector-specific trading strategies. It also aids policymakers in market regulation and helps financial analysts improve forecasting models by incorporating financial news sentiments. Future research could explore the integration of multi-source investor sentiments with advanced deep-learning models for even more accurate stock price predictions across diverse sectors. Copyright © 2026 Inderscience Enterprises Ltd.",financial news sentiments; FNSs; hybrid LSTM-GRU; hybrid TFIDF-Doc2Vec; sectoral stock indices; stock price prediction; C (programming language); Commerce; Costs; Deep learning; Electronic trading; Financial markets; Investments; Financial news; Financial news sentiment; FNS; Historical data; Hybrid LSTM-GRU; Hybrid TFIDF-doc2vec; Learning architectures; Sectoral stock index; Stock indices; Stock price prediction; Forecasting,Article,Yes,No,No,SC01,M-2084,Primary/Other,Yes,Price,Yes,Yes,Yes,Yes,,Yes,3,23,A_Direct_Methodological_Priority,Detailed extraction for gap and methodology design,Medium,Financial_News; Sentiment; Multimodal,stock index; stock indices; stock prediction; stock price,closing price; price prediction; stock price,deep learning; gru; lstm; svm,results demonstrate,"Analysing the effectiveness of financial news sentiments on stock price prediction of 12 Indian sectoral stock indices using a hybrid LSTM-GRU model || Despite the growing interest in combining news sentiments with historical data to improve stock price prediction, a considerable gap exists in predicting the sectoral stock indices using this methodology. || This study addresses this gap by predicting the closing price of 12 Indian sectoral stock indices through a hybrid deep-learning architecture. || These sentiments are utilised to create a sentiment Index, combined with historical stock data to predict each sectoral stock index using a hybrid LSTM-GRU model. || The study evaluates the effectiveness of financial news sentiments in sectoral stock prediction by comparing models with and without sentiments. || Results demonstrate a notable influence of sentiments on the stock price prediction of ten sectoral stock indices with a pronounced impact on the NSEBANK index. || Future research could explore the integration of multi-source investor sentiments with advanced deep-learning models for even more accurate stock price predictions across diverse sectors.",trading strategies,,Yes,Unclear,Unclear,Yes,Unclear,Yes,Unclear,Unclear,Yes,Unclear,Unclear,Yes,Unclear,Unclear,Unclear,Unclear,Unclear,Unclear,closing price,,,financial news,,sentiment,,,multi-source,,,gru; lstm,,,,,,
doi:10.1109/isda70544.2026.11606063,"Do Macroeconomic Indicators Consistently Improve AI-Based Market Direction Prediction? A Walk-Forward Comparison of XGBoost, LSTM, and TFT on the S&P 500",Bikanimine A.; Lmati I.; Maazouz K.,2026,"2026 International Conference on Intelligent Systems and Digital Applications, ISDA 2026 - Proceedings",10.1109/isda70544.2026.11606063,"Predicting whether a stock index will rise or fall the next day is one of the hardest tasks in financial machine learning. Price-based signals are noisy, and models trained on them alone often struggle to generalise across different market conditions. In this work, we examine whether ten macroeconomic variables drawn from the Federal Reserve Economic Data (FRED) database - interest rates, inflation, unemployment, oil prices, and others - bring additional useful information when combined with standard technical indicators.Three model families are tested: XGBoost, Long Short-TermMemory networks (LSTM), and a simplified Temporal Fusion Transformer (TFT). All models are applied to daily S&P 500 data from 2005 to 2023. Evaluation follows a walk-forward scheme with 14 annual folds, so each model is always tested on data it has never seen during training. We compare a price-only feature set (10 indicators) against an extended set that adds the 10 FRED variables.In every case, the macro-augmented model achieves a higher AUC than its price-only counterpart (AUC: +0.020 for XG-Boost, +0.012 for LSTM, +0.031 for TFT). Maximum drawdown is also reduced across all configurations. Statistical tests confirm a significant AUC improvement for TFT (Wilcoxon p =0.0134) and a significant Sharpe gain for XGBoost (p = 0.0107). The gains are modest in absolute terms, which is consistent with the view that the S&P 500 is a fairly efficient market. © 2026 IEEE.",binary classification; financial machine learning; FRED; LSTM; macroeconomic indicators; S&P 500; stock market prediction; Temporal Fusion Transformer; walk-forward validation; XGBoost; Commerce; Costs; Electronic trading; Financial markets; Learning systems; Machine learning; Petroleum reservoir evaluation; Proven reserves; Binary classification; Economic data; Federal Reserve; Federal reserve economic data; Financial machine learning; Long short-termmemory network; Machine-learning; Macroeconomic indicators; S&P 500; Stock market prediction; Temporal fusion transformer; Walk forward; Walk-forward validation; Xgboost; Forecasting,Conference paper,Yes,No,No,SC06,M-1784,Conference,Yes,Direction/Movement,Yes,Yes,Yes,No,,Yes,4,23,A_Direct_Methodological_Priority,Detailed extraction for gap and methodology design,Low,Technical_Indicators; Fusion; Transformer_Attention; Temporal_Validation,s&p 500; stock index; stock market,direction prediction; market direction; rise or fall,lstm; machine learning; transformer; xgboost,auc; comparison; evaluation; training,"Do Macroeconomic Indicators Consistently Improve AI-Based Market Direction Prediction? A Walk-Forward Comparison of XGBoost, LSTM, and TFT on the S&P 500 || Predicting whether a stock index will rise or fall the next day is one of the hardest tasks in financial machine learning.",,,Unclear,Yes,Unclear,Unclear,Unclear,Unclear,Unclear,Unclear,Unclear,Yes,Yes,Yes,Unclear,Unclear,Unclear,Yes,Unclear,Unclear,,technical indicators,,,,,,,,fusion,temporal fusion transformer; transformer,lstm,,,,forward validation; walk forward; walk-forward,,
doi:10.1016/j.engappai.2025.113681,LiteFormer: A lightweight encoder-only Transformer for efficient financial time series forecasting across global stock indices,Anh N.Q.; Phat T.T.T.; Son H.X.; Nhan T.T.T.; Phien N.N.; Tuan T.P.H.; Kim N.N.T.,2026,Engineering Applications of Artificial Intelligence,10.1016/j.engappai.2025.113681,"Financial time-series forecasting is challenged by non-linear, non-stationary dynamics driven by macroeconomic factors, market sentiment, and stochastic events. Traditional statistical models assume stationarity and linear dependencies, failing to capture complex temporal patterns, while deep learning approaches struggle with vanishing gradients and long-term dependencies. Standard Transformers incur high computational costs (quadratic complexity, O(n2⋅d), per layer) due to attention mechanisms and large parameter counts, where n is the sequence length and d is the model dimension. This study proposes LiteFormer, a lightweight, encoder-only Transformer for univariate stock price forecasting, leveraging N=4 encoder layers with h=8 multi-head self-attention and feed-forward networks (dff=512). Operating on sequences of closing prices (T=14, dmodel=128), LiteFormer employs sinusoidal positional encodings, a causal mask, dropout (p=0.1), and layer normalization to model temporal dependencies and enhance generalization. With only 750,000+ parameters, LiteFormer reduces per layer complexity via compact design, thereby enabling low-latency inference (38 millisecond) and energy efficiency (96.894 Watt), which promises to offers scalable real-time inference for industrial fintech systems. Experiments across 30 stocks from the S&P 500, FTSE 100, and Nikkei 225 indices demonstrate Mean Absolute Error and Root Mean Square Error reductions of 3.45%–9.09% over vanilla Transformers and up to 48% over recurrence neural models for high-volatility stocks. LiteFormer’s efficient, interpretable architecture, driven by attention weights, offers a scalable solution with potential for multivariate extensions and real-world multi-modal applications in predictive domain. © 2026 Elsevier Ltd.",Financial forecasting; Lightweight Transformer; Positional encoding; Stock markets; Commerce; Costs; Deep learning; Electronic trading; Encoding (symbols); Fintech; Forecasting; Mean square error; Real time systems; Signal encoding; Stochastic systems; Time series; Encodings; Factor markets; Financial forecasting; Financial time series forecasting; Global stocks; Lightweight transformer; Non linear; Non-stationary dynamics; Positional encoding; Stock indices; Financial markets,Article,Yes,No,No,SC01; SC05,M-0696,Primary/Other,Yes,Price,Yes,Yes,Yes,Yes,,Yes,4,23,A_Direct_Methodological_Priority,Detailed extraction for gap and methodology design,Medium,Sentiment; Multimodal; Transformer_Attention; XAI,ftse; nikkei; s&p 500; stock indices; stock markets; stock price,closing prices; price forecasting; stock price,attention; deep learning; transformer,experiments,"LiteFormer: A lightweight encoder-only Transformer for efficient financial time series forecasting across global stock indices || This study proposes LiteFormer, a lightweight, encoder-only Transformer for univariate stock price forecasting, leveraging N=4 encoder layers with h=8 multi-head self-attention and feed-forward networks (dff=512).",market sentiment,,Yes,Unclear,Unclear,Unclear,Unclear,Yes,Unclear,Unclear,Yes,Unclear,Yes,Unclear,Unclear,Unclear,Yes,Unclear,Unclear,Unclear,time series,,,,,sentiment,,,multi-modal,,self-attention; transformer,,,,interpretable,,,
doi:10.3390/math14081361,Macro–Market Fusion with Cross-Attention for Equity Return Prediction,Rajkarnikar J.; Joshi S.; Zhou Z.,2026,Mathematics,10.3390/math14081361,"Macroeconomic conditions are widely believed to influence the direction of equity markets, yet most forecasting models either ignore macroeconomic information or incorporate it through a small set of ad hoc predictors. We propose XAttnFusion, a macro–market fusion architecture that jointly learns from high-frequency market data and lower-frequency macroeconomic time series for equity return prediction. The model comprises three branches: a 1D convolutional network that encodes 40-day market windows (price, volume, and technical indicators), a temporal convolutional network that encodes 24-month macro sequences, and a feedforward branch for volume-at-price structure features. These representations are integrated through multi-head cross-attention, in which the current market state queries the macro sequence to produce a fused representation for directional forecasting. We evaluate XAttnFusion on daily SPY returns from 2012 to 2024 using purged cross-validation with a 5-day embargo to prevent information leakage. To address potential look-ahead bias from macroeconomic publication lags, all macro inputs are lagged by two months. The model achieves a mean out-of-sample AUROC of (Formula presented.), representing a 27% improvement over random and an 8.1% improvement over the best concatenation baseline. In a fair comparison where each model is independently hyperparameter-tuned, cross-attention fusion improves AUROC by 0.047 over concatenation ( (Formula presented.), Wilcoxon signed-rank test). The model also generalizes to QQQ and IWM, where cross-attention consistently outperforms concatenation fusion. Crucially, the model’s discriminative ability is state-dependent, indicating that the value of macro–market fusion is itself conditioned on market structure. Permutation-based feature importance shows that macro and market branches contribute on a comparable scale (approximately 48% and 36%, respectively), so the gains come from jointly fusing two comparably weighted sources rather than from a single dominant input. Our results show that explicitly modeling macro–market interactions with interpretable attention improves predictive accuracy over naive fusion strategies and provides insight into the time-varying relevance of macroeconomic information in financial forecasting and equity market prediction. © 2026 by the authors.",cross-attention; deep learning; equity return prediction; financial forecasting; interpretability; macroeconomic variables; market structure; time-series forecasting; volume-at-price (VAP),Article,Yes,No,Yes,EL04; EL07; SC01,M-2494,Primary/Other,Yes,Return,Yes,Yes,Yes,No,,Yes,4,23,A_Direct_Methodological_Priority,Detailed extraction for gap and methodology design,Medium,Technical_Indicators; Fusion; XAI; Temporal_Validation,equity market; equity markets; equity return,equity return; return prediction,attention; convolutional; deep learning,accuracy; comparison; evaluate; outperforms; results show,"Macro–Market Fusion with Cross-Attention for Equity Return Prediction || Macroeconomic conditions are widely believed to influence the direction of equity markets, yet most forecasting models either ignore macroeconomic information or incorporate it through a small set of ad hoc predictors. || We propose XAttnFusion, a macro–market fusion architecture that jointly learns from high-frequency market data and lower-frequency macroeconomic time series for equity return prediction. || Our results show that explicitly modeling macro–market interactions with interpretable attention improves predictive accuracy over naive fusion strategies and provides insight into the time-varying relevance of macroeconomic information in financial forecasting and equity market prediction. © 2026 by the authors.",,,Yes,Yes,Unclear,Unclear,Unclear,Unclear,Unclear,Unclear,Unclear,Yes,Unclear,Unclear,Unclear,Unclear,Yes,Yes,Unclear,Unclear,market data; time series; volume,technical indicators,,,,,,,,cross-attention; fusion,,,,,feature importance; interpretability; interpretable,out-of-sample; purged,,
doi:10.1016/j.patcog.2026.114152,MEHGT-LKG: Multimodal edge-enhanced heterogeneous graph transformer with LLM-driven knowledge graphs for stock trend prediction,Chen W.; Zhou Q.; An N.; Jiang M.,2026,Pattern Recognition,10.1016/j.patcog.2026.114152,"Stock trend prediction plays a central role in investment decision-making and has attracted extensive attention from both investors and institutions. Although recent studies have employed graph structures to model the complex relationships among financial entities, existing models fail to efficiently capture semantically rich edge features between heterogeneous entities, thereby limiting the ability to fuse and align multimodal data such as market indicators, financial events, and heterogeneous graph structures. Therefore, we propose a multimodal edge-enhanced heterogeneous graph transformer with LLM-driven knowledge graphs (MEHGT-LKG) for stock trend prediction. Specifically, we first fine-tune a large language model (LLM) by using instruction tuning datasets to design a financial event-centric knowledge extraction agent (FinEX). Subsequently, we encode the structured tuples generated from FinEX into financial event-centric knowledge graphs (FEKGs) and construct multimodal heterogeneous graphs by incorporating multimodal information. Finally, we design a multimodal edge-enhanced heterogeneous graph transformer (MEHGT) to fully encode a series of semantically enriched multimodal heterogeneous graphs spanning different time horizons. MEHGT models edge-level features through type-specific encoders and integrates them into both multi-head attention and message passing, significantly enriching the representation of relational semantics and target nodes. Extensive experimental results on multiple datasets demonstrate that the proposed method outperforms the state-of-the-art methods. © 2026",Financial knowledge graph; Heterogeneous graph neural network; Large language model; Multimodal fusion; Stock trend prediction; Encoding (symbols); Graph neural networks; Graph structures; Graph theory; Graphic methods; Investments; Knowledge graph; Large datasets; Semantics; Signal encoding; Financial knowledge graph; Graph neural networks; Heterogeneous graph; Heterogeneous graph neural network; Knowledge graphs; Language model; Large language model; Multi-modal; Multi-modal fusion; Stock trend prediction; Forecasting,Article,Yes,Yes,No,SC01; SD01,M-1293,Primary/Other,Yes,Trend,Yes,Yes,Yes,No,,Yes,4,23,A_Direct_Methodological_Priority,Detailed extraction for gap and methodology design,High,LLM_FinGPT; Multimodal; Fusion; Transformer_Attention,stock trend,stock trend; trend prediction,attention; graph neural; large language model; llm; neural network; neural networks; transformer,datasets; experimental; outperforms,"MEHGT-LKG: Multimodal edge-enhanced heterogeneous graph transformer with LLM-driven knowledge graphs for stock trend prediction || Stock trend prediction plays a central role in investment decision-making and has attracted extensive attention from both investors and institutions. || Therefore, we propose a multimodal edge-enhanced heterogeneous graph transformer with LLM-driven knowledge graphs (MEHGT-LKG) for stock trend prediction.",,,Unclear,Unclear,Unclear,Unclear,Unclear,Unclear,Unclear,Yes,Yes,Yes,Yes,Unclear,Unclear,Unclear,Unclear,Unclear,Unclear,Unclear,,,,,,,,large language model; llm,multi-modal; multimodal,fusion,transformer,,,,,,,
doi:10.22067/ijaaf.2026.47513.1562,Predicting Stock Market Returns Using Temporal Fusion Transformer: A Comprehensive Data-Driven Approach,Mohebi S.; Mohebbi M.R.; Mohebbi Najm Abad J.,2026,"Iranian Journal of Accounting, Auditing and Finance",10.22067/ijaaf.2026.47513.1562,"Stock market return prediction remains a highly challenging task due to the complex, dynamic, and noisy nature of financial markets. Although machine learning and deep learning models have been widely explored, many approaches struggle to capture long-term temporal dependencies and provide interpretable feature selection. In tackling these issues, the Temporal Fusion Transformer (TFT) is applied for multi-horizon time series forecasting of daily returns in the Tehran Stock Exchange (TSE). Accordingly, the study proposes a new feature selection method called Initial Selected Features–Mutual Information Difference (ISF-MID), which enhances the traditional Minimum Redundancy Maximum Relevance (mRMR) algorithm by demonstrating a superior capability of handling redundancy and focusing on determining important parameters. Dual preprocessing works on ISF-MID, mRMR and PCA that improve the predictive performance, while also allowing for interpretable machine learning by working with a better representation of input. Mean Absolute Error (MAE), Mean Squared Error (MSE) and the coefficient of determination (R²) were used to conduct extensive comparisons with benchmark methods such as Long Short-Term Memory LSTM, Multi-Layer Perceptron MLP, and Random Forest RF. Thus, the proposed method achieved competitive performance against benchmark architectures (i.e. TFT achieves R² of 98.9%, MAE 0.00043 and MSE 0.000018 on out-of-sample test, as well as high directional accuracy). Overall, the synergy of TFT with the ISF-MID feature selection strategy provides methodological novelty and practical significance, extending a potential framework for evidence-based return prediction and informed risk-central investment decisions. © 2026, Ferdowsi University of Mashhad. All rights reserved.",Deep Learning; Dimensionality Reduction; Feature Selection; Stock Market Prediction; Temporal Fusion Transformer,Article,Yes,No,No,SC01; SC05; SC06,M-2187,Primary/Other,Yes,Return,Yes,Yes,Yes,No,,Yes,4,23,A_Direct_Methodological_Priority,Detailed extraction for gap and methodology design,Medium,Fusion; Transformer_Attention; XAI; Temporal_Validation,stock market,market return; market returns; return prediction,deep learning; lstm; machine learning; mlp; random forest; transformer,accuracy; benchmark; mae; mse,"Predicting Stock Market Returns Using Temporal Fusion Transformer: A Comprehensive Data-Driven Approach || Stock market return prediction remains a highly challenging task due to the complex, dynamic, and noisy nature of financial markets.",,,Yes,Unclear,Unclear,Unclear,Unclear,Unclear,Unclear,Unclear,Unclear,Yes,Yes,Yes,Unclear,Unclear,Yes,Yes,Unclear,Unclear,time series,,,,,,,,,fusion,temporal fusion transformer; transformer,long short-term memory; lstm,,,interpretable,out-of-sample,,
doi:10.1007/s00521-026-12118-8,Predicting stock price movements using hyperbolic space representation learning with cross-attention and multimodal data fusion,Fukasawa T.; Murayama Y.; Izumi K.,2026,Neural Computing and Applications,10.1007/s00521-026-12118-8,"Accurate prediction of stock price movements remains a central challenge in developing effective investment strategies. However, the stock market is inherently a complex system influenced by diverse factors, requiring an integrated representation of multimodal data sources such as time series prices, news articles, and social media commentary. While prior studies have explored multimodal data fusion to some extent, they have largely overlooked the need for architectures specifically suited to capturing the hierarchical and non-linear structures embedded in market dynamics. To address this gap, we propose CHARMED (Cross-attention Hyperbolic Architecture for Representation of Multimodal Embeddings and Data-fusion), a novel multimodal fusion framework based on hyperbolic geometry. CHARMED integrates three distinct modalities–stock price sequences, financial news and Twitter commentary, and price covariance graphs–by leveraging self-attention and cross-attention mechanisms in the Poincaré ball model, followed by gated fusion to dynamically synthesize information. This enables effective learning of latent market structures that are both hierarchical and non-linear. Empirical evaluations on multiple real-world financial datasets demonstrate that CHARMED consistently outperforms conventional stock prediction baselines. Its use of hyperbolic embeddings allows for improved predictive accuracy and generalization, particularly under low-dimensional settings. Furthermore, quantitative analyses of hierarchy and scale-freeness in the learned embeddings confirm that CHARMED captures intrinsic structural patterns of the financial market. © The Author(s) 2026.",Cross-attention; Financial representation learning; Hyperbolic learning; Market dependency structure; Multimodal fusion; Stock movement prediction; Commerce; Costs; Data fusion; Electronic trading; Embeddings; Financial markets; Fusion reactions; Investments; Social networking (online); Cross-attention; Dependency structures; Embeddings; Financial representation learning; Hyperbolic learning; Market dependency structure; Movement prediction; Multi-modal fusion; Stock movement; Stock movement prediction; Forecasting,Article,Yes,No,Yes,EL04; EL07; EL08; SC01,M-0092,Primary/Other,Yes,Price; Direction/Movement,Yes,Yes,Yes,No,,Yes,4,23,A_Direct_Methodological_Priority,Detailed extraction for gap and methodology design,High,Financial_News; Multimodal; Fusion; Transformer_Attention,stock market; stock movement; stock prediction; stock price,movement prediction; price movements; stock movement; stock price,attention,accuracy; datasets; outperforms,"Predicting stock price movements using hyperbolic space representation learning with cross-attention and multimodal data fusion || Accurate prediction of stock price movements remains a central challenge in developing effective investment strategies. || CHARMED integrates three distinct modalities–stock price sequences, financial news and Twitter commentary, and price covariance graphs–by leveraging self-attention and cross-attention mechanisms in the Poincaré ball model, followed by gated fusion to dynamically synthesize information. || Empirical evaluations on multiple real-world financial datasets demonstrate that CHARMED consistently outperforms conventional stock prediction baselines.",,,Yes,Unclear,Unclear,Yes,Yes,Unclear,Unclear,Unclear,Yes,Yes,Yes,Unclear,Unclear,Unclear,Unclear,Unclear,Unclear,Unclear,time series,,,financial news; news articles,social media; twitter,,,,multi-modal; multimodal,cross-attention; data fusion; fusion; gated fusion,self-attention,,,,,,,
doi:10.3390/e28040424,"Stock Forecasting Based on Informational Complexity Representation: A Framework of Wavelet Entropy, Multiscale Entropy, and Dual-Branch Network",Tian G.; Xu C.; Yang Y.,2026,Entropy,10.3390/e28040424,"Stock price sequences are characterized by pronounced nonlinearity, non-stationarity, and multi-scale volatility. They are further influenced by complex, multi-source factors, such as macroeconomic conditions and market behavior, making high-precision forecasting highly challenging. Existing approaches are limited by noise and multi-dimensional market features, as well as difficulties in balancing prediction accuracy with model complexity. To address these challenges, we propose Wavelet Entropy and Cross-Attention Network (WECA-Net), which combines wavelet decomposition with a multimodal cross-attention mechanism. From an information-theoretic perspective, stock price dynamics reflect the time-varying uncertainty and informational complexity of the market. We employ wavelet entropy to quantify the dispersion and uncertainty of energy distribution across frequency bands, and multiscale entropy to measure the scale-dependent complexity and regularity of the time series. These entropy-derived descriptors provide an interpretable prior of “information content” for cross-modal attention fusion, thereby improving robustness and generalization under non-stationary market conditions. Experiments on Chinese stock indices, A-Share, and CSI 300 component stock datasets demonstrate that WECA-Net consistently outperforms mainstream models in Mean Absolute Error (MAE) and R2 across all datasets. Notably, on the CSI 300 dataset, WECA-Net achieves an R2 of 0.9895, underscoring its strong predictive accuracy and practical applicability. This framework is also well aligned with sensor data fusion and intelligent perception paradigms, offering a robust solution for financial signal processing and real-time market state awareness. © 2026 by the authors.",cross-modal attention; market state awareness; multiscale entropy; stock price prediction; wavelet entropy,Article,Yes,No,No,SC01,M-2368,Primary/Other,Yes,Price,Yes,Yes,Yes,No,,Yes,4,23,A_Direct_Methodological_Priority,Detailed extraction for gap and methodology design,High,Multimodal; Fusion; Transformer_Attention; XAI,a-share; csi 300; stock forecasting; stock indices; stock price,price prediction; stock price,attention,accuracy; dataset; datasets; experiments; mae; outperforms; precision; r2,"Stock Forecasting Based on Informational Complexity Representation: A Framework of Wavelet Entropy, Multiscale Entropy, and Dual-Branch Network || Stock price sequences are characterized by pronounced nonlinearity, non-stationarity, and multi-scale volatility. || From an information-theoretic perspective, stock price dynamics reflect the time-varying uncertainty and informational complexity of the market.",,,Yes,Unclear,Unclear,Unclear,Unclear,Unclear,Unclear,Unclear,Yes,Yes,Yes,Unclear,Unclear,Unclear,Yes,Unclear,Unclear,Unclear,time series,,,,,,,,cross-modal; multi-source; multimodal,cross-attention; data fusion; fusion,attention mechanism,,,,interpretable,,,
doi:10.1007/s12559-024-10365-2,Combining Interpretable Embedded Multicriteria Feature Cross-Selection Engineering and Machine Learning to Mimic the Brain for Stock Trading Signal Prediction,Wang J.; Dong Y.,2025,Cognitive Computation,10.1007/s12559-024-10365-2,"Stock trading signal prediction is very important for investors’ trading decisions. However, since the stock market is a complex and nonlinear system, stock trading is frequent and complex. Human beings cannot integrate all the relevant information in time and make the right decisions by their brains alone. Machine learning can mimic the brain, learn from experience, and discover the connection between different things, thus realizing correct prediction and decision-making. Therefore, this study innovatively proposes a fusion of interpretable embedded multicriteria feature cross-selection engineering to capture effective features. Meanwhile, an optimized neural network prediction model is proposed where the Bayesian (BO) algorithm assumes the task of searching for hyperparameter combinations. The methods are as follow: (1) Daily stock prices are categorized into four types of key points for stock trading signals based on the time series extreme point algorithm. (2) A more comprehensive range of impact factors is constructed. Starting from the stock’s historical trading data, based on the stock’s trend, volatility, and turnover flow, five categories of technical indicators are constructed: Overlap Study, Momentum Indicator, Momentum Indicator, Volatility Indicator, and Price Conversion. (3) To construct a feature cross-selection method with multiple feature screening criteria to find the optimal feature influencing factors from different evaluation dimensions. (4) The hyper-parameters of the Artificial Neural Network (ANN) are optimized using Bayesian optimization algorithm. The optimized ANN is then used to model the data and obtain predictions. Twenty stocks were randomly selected from Shanghai Stock Exchange and Shenzhen Stock Exchange as experimental data to verify the validity of the model. The accuracy of the model proposed in this paper is 54.83%, 55.46%, and 54.70% for stocks with upward, steady, and downward trends respectively. The accuracy is on average 7.93%, 8.09%, and 8.09% higher than the comparison model. The return on investment through the predicted results of the model is 21.87%, 7.76%, and −3.51% respectively, which is better than the other comparative models. It can be seen from the experiments that the feature cross-selection method with multi-feature screening criterion can help the model to better find the optimal feature influencing factor, which helps to improve the accuracy of prediction. The Bayesian optimization algorithm contributes to the performance improvement of the ANN. After modeling the features using the Bayesian optimized ANN, the stock trading signal prediction model proposed in this paper is significantly better than other prediction models. © The Author(s), under exclusive licence to Springer Science+Business Media, LLC, part of Springer Nature 2024.",Bayesian optimization; Machine learning; Multicriteria feature cross-selection engineering; Stock trading signal prediction; Adversarial machine learning; Behavioral research; Contrastive Learning; Feature Selection; Investments; Prediction models; Bayesian; Bayesian optimization; Machine-learning; Multi-criteria; Multi-Criterion; Multicriteria feature cross-selection engineering; Neural-networks; Signal prediction; Stock trading; Stock trading signal prediction; Financial markets,Article,Yes,No,No,SC01; SC05,M-0288,Primary/Other,Yes,Price,Yes,Yes,Yes,Yes,,Yes,4,23,A_Direct_Methodological_Priority,Detailed extraction for gap and methodology design,Medium,Technical_Indicators; Fusion; Optimization; XAI,shanghai stock; stock market; stock prices,stock prices,artificial neural network; machine learning; neural network,accuracy; comparative; comparison; evaluation; experimental; experiments,The methods are as follow: (1) Daily stock prices are categorized into four types of key points for stock trading signals based on the time series extreme point algorithm. (2) A more comprehensive range of impact factors is constructed.,trading decisions,,Yes,Yes,Unclear,Unclear,Unclear,Unclear,Unclear,Unclear,Unclear,Yes,Unclear,Unclear,Yes,Unclear,Yes,Unclear,Unclear,Unclear,time series,momentum indicator; technical indicators,,,,,,,,fusion,,,bayesian optimization; optimized,,interpretable,,,
doi:10.1007/s40009-024-01534-w,Data-Driven Precision by a Novel Fusion of Deer Hunting Optimization and LSTM Networks for Stock Price Forecasting,Li Y.-Z.; Liu F.-F.; Yu Y.-H.,2025,National Academy Science Letters,10.1007/s40009-024-01534-w,"This study introduces a novel hybrid approach of utilizing Long Short-Term Memory Neural Networks and a completely new optimization technique called Deer Hunting Optimization. This model referred to as the Deer Hunting Optimization-Long Short-Term Memory is an enhancement to the long short term memory network since it improves prediction accuracy through the optimization of the parameters of the Long Short Term Memory Network. The study used data from the Dow Jones Industrial Average and the various models were compared to other configurations such models optimized with Particle Swarm Optimization or Genetic Algorithm techniques and beyond, three other artificial neural network models. The Deer Hunting Optimization-Long Short-Term Memory model obtained results of a mean squared error of 7.19, a mean absolute error of 2.7 and an R-square value of 0.44 respectively which is better than other models. According to these results, it is shown that the DHO-LSTM model can predict stock prices successfully and tuning the parameters with Deer Hunting Optimization achieves 15–20% improvement in prediction accuracy. Due to this the scope of how AI along with optimization can be used to better the prediction of stock performance, and its applications, like active trading, looks good and can be transferable to other markets with time constraints. © The Author(s), under exclusive licence to The National Academy of Sciences, India 2024.",Artificial intelligence; DJIA; Mathematical; Optimization; Prediction; Stock market,Article,Yes,No,No,SC01; SC04,M-0304,Primary/Other,Yes,Price,Yes,Yes,Yes,No,,Yes,4,23,A_Direct_Methodological_Priority,Detailed extraction for gap and methodology design,Medium,Fusion; Optimization; Metaheuristic; Indian_Market,djia; dow jones; stock market; stock price; stock prices,price forecasting; stock price; stock prices,artificial intelligence; artificial neural network; lstm; neural network; neural networks,accuracy; precision,"Data-Driven Precision by a Novel Fusion of Deer Hunting Optimization and LSTM Networks for Stock Price Forecasting || According to these results, it is shown that the DHO-LSTM model can predict stock prices successfully and tuning the parameters with Deer Hunting Optimization achieves 15–20% improvement in prediction accuracy.",,,Unclear,Unclear,Unclear,Unclear,Unclear,Unclear,Unclear,Unclear,Unclear,Yes,Unclear,Yes,Yes,Yes,Unclear,Unclear,Yes,Unclear,,,,,,,,,,fusion,,long short term memory; long short-term memory; lstm,optimized,genetic algorithm; particle swarm,,,india,
doi:10.3390/s25030976,Multi-Sensor Temporal Fusion Transformer for Stock Performance Prediction: An Adaptive Sharpe Ratio Approach,Yang J.; Li P.; Cui Y.; Han X.; Zhou M.,2025,Sensors,10.3390/s25030976,"Accurate prediction of the Sharpe ratio, a key metric for risk-adjusted returns in financial markets, remains a significant challenge due to the complex and stochastic nature of stock price movements. This paper introduces a novel deep learning model, the Temporal Fusion Transformer with Adaptive Sharpe Ratio Optimization (TFT-ASRO), designed to address this challenge. The model incorporates real-time market sensor data and financial indicators as input signals, leveraging multiple data streams including price sensors, volume sensors, and market sentiment sensors to capture the complete market state. Using a comprehensive dataset of US historical stock prices and earnings data, we demonstrate that TFT-ASRO outperforms traditional methods and existing deep learning models in predicting Sharpe ratios across various time horizons. The model’s multi-task learning framework, which simultaneously predicts returns and volatility, provides a more nuanced understanding of risk-adjusted performance. Furthermore, our adaptive optimization approach effectively balances the trade-off between return maximization and risk minimization, leading to more robust predictions. Empirical results show that TFT-ASRO achieves a (Formula presented.) improvement in Sharpe ratio prediction accuracy compared to state-of-the-art baselines, with particularly strong performance in volatile market conditions. The model also demonstrates superior uncertainty quantification, providing reliable confidence intervals for its predictions. These findings have significant implications for portfolio management and investment strategy optimization, offering a powerful tool for financial decision-makers in the era of data-driven investing. © 2025 by the authors.",multi-task learning; sensor; sharpe ratio; stock prediction; temporal fusion transformer; uncertainty quantification; Deep learning; Financial markets; Multi-task learning; Prediction models; Learning models; Multi sensor; Multitask learning; Optimisations; Performance prediction; Sharpe ratios; Stock performance; Stock predictions; Temporal fusion transformer; Uncertainty quantifications; article; confidence interval; deep learning; financial market; human; investment; prediction; sensor; uncertainty; volatilization; Costs,Article,Yes,No,No,SC01; SC03,M-2509,Primary/Other,Yes,Price; Direction/Movement,Yes,Yes,Yes,Yes,,Yes,4,23,A_Direct_Methodological_Priority,Detailed extraction for gap and methodology design,High,Fundamental_Data; Sentiment; Fusion; Transformer_Attention,stock prediction; stock price; stock prices,price movements; stock price; stock prices,deep learning; transformer,accuracy; dataset; outperforms; results show,"Accurate prediction of the Sharpe ratio, a key metric for risk-adjusted returns in financial markets, remains a significant challenge due to the complex and stochastic nature of stock price movements. || Using a comprehensive dataset of US historical stock prices and earnings data, we demonstrate that TFT-ASRO outperforms traditional methods and existing deep learning models in predicting Sharpe ratios across various time horizons.",market sentiment,,Yes,Unclear,Yes,Unclear,Unclear,Yes,Unclear,Unclear,Unclear,Yes,Yes,Unclear,Unclear,Unclear,Unclear,Unclear,Unclear,Unclear,volume,,earnings,,,sentiment,,,,fusion,temporal fusion transformer; transformer,,,,,,,
doi:10.1007/s40747-025-02023-3,Stock movement prediction with multimodal stable fusion via gated cross-attention mechanism,Zong C.; Wan J.; Cascone L.; Zhou H.,2025,Complex and Intelligent Systems,10.1007/s40747-025-02023-3,"The accurate prediction of stock movements is crucial for investment strategies. Stock prices are subject to the influence of various forms of information, including financial indicators, sentiment analysis, news documents, and relational structures. Predominant analytical approaches, however, tend to address only unimodal or bimodal sources, neglecting the complexity of multimodal data. Further complicating the landscape are the issues of data sparsity and semantic conflicts between these modalities, which are frequently overlooked by current models, leading to unstable performance and limiting practical applicability. To address these shortcomings, this study introduces a novel architecture, named Multimodal Stable Fusion with Gated Cross-Attention (MSGCA), designed to robustly integrate multimodal input for stock movement prediction. The MSGCA framework consists of three integral components: (1) a trimodal encoding module, responsible for processing indicator sequences, dynamic documents, and a relational graph, and standardizing their feature representations; (2) a cross-feature fusion module, where primary and consistent features guide the multimodal fusion of the three modalities via a pair of gated cross-attention networks; and (3) a prediction module, which refines the fused features through temporal and dimensional reduction to execute precise movement forecasting. Empirical evaluations demonstrate that the MSGCA framework exceeds current leading methods, achieving performance gains of 8.1%, 6.1%, 21.7% and 31.6% on four multimodal datasets, respectively, attributed to its enhanced multimodal fusion stability. © The Author(s) 2025.",Gated cross-attention; Multimodal fusion; Stock movement prediction,Article,Yes,No,Yes,EL04; EL07; SC01,M-0315,Primary/Other,Yes,Price; Direction/Movement,Yes,Yes,Yes,Yes,,Yes,4,23,A_Direct_Methodological_Priority,Detailed extraction for gap and methodology design,High,Sentiment; Multimodal; Fusion; Transformer_Attention,stock movement; stock prices,movement prediction; stock movement; stock movements; stock prices,attention,datasets,"Stock movement prediction with multimodal stable fusion via gated cross-attention mechanism || Stock prices are subject to the influence of various forms of information, including financial indicators, sentiment analysis, news documents, and relational structures. || To address these shortcomings, this study introduces a novel architecture, named Multimodal Stable Fusion with Gated Cross-Attention (MSGCA), designed to robustly integrate multimodal input for stock movement prediction.",sentiment analysis,,Unclear,Unclear,Unclear,Unclear,Unclear,Yes,Unclear,Unclear,Yes,Yes,Yes,Unclear,Unclear,Unclear,Unclear,Unclear,Unclear,Unclear,,,,,,sentiment,,,multimodal,cross-attention; feature fusion; fusion,attention mechanism,,,,,,,
doi:10.1002/for.3265,Stock Price Forecasting With Integration of Sectoral Behavior: A Deep Auto-Optimized Multimodal Framework,Saraswat R.; Kumar A.,2025,Journal of Forecasting,10.1002/for.3265,"This study proposes a novel deep auto-optimized architecture for stock price forecasting that integrates sectoral behavior with individual stock sentiment to improve predictive accuracy. Traditional stock prediction models often focus solely on individual stock behavior, overlooking the impact of broader sectoral trends. The proposed approach utilizes advanced deep learning models, including gated recurrent units (GRU), bidirectional GRU, long short-term memory (LSTM), and bidirectional LSTM, with their hybrid ensembles. These models are built using the Keras functional API and auto ML network architecture search technology. The current deep auto-optimized multimodal framework incorporates sectoral behavior, significantly improving performance metrics. This research highlights the critical role of integrating sectoral behavior in stock price prediction models. © 2025 John Wiley & Sons Ltd.",automatic machine learning (AutoML); gated recurrent unit (GRU); long short-term memory (LSTM); sectoral index; stock prediction; Costs; Financial markets; Long short-term memory; Automatic machine learning; Automatic machines; Gated recurrent unit; Long short-term memory; Machine-learning; Multimodal frameworks; Sectoral index; Short term memory; Stock predictions; Stock price forecasting; Prediction models,Article,Yes,No,No,SC01,M-0022,Primary/Other,Yes,Price,Yes,Yes,Yes,No,,Yes,3,23,A_Direct_Methodological_Priority,Detailed extraction for gap and methodology design,Medium,Sentiment; Multimodal; Optimization,stock prediction; stock price,price forecasting; price prediction; stock price,deep learning; gru; lstm; machine learning,accuracy,"Stock Price Forecasting With Integration of Sectoral Behavior: A Deep Auto-Optimized Multimodal Framework || This study proposes a novel deep auto-optimized architecture for stock price forecasting that integrates sectoral behavior with individual stock sentiment to improve predictive accuracy. || Traditional stock prediction models often focus solely on individual stock behavior, overlooking the impact of broader sectoral trends. || This research highlights the critical role of integrating sectoral behavior in stock price prediction models. © 2025 John Wiley & Sons Ltd.",,,Unclear,Unclear,Unclear,Unclear,Unclear,Yes,Unclear,Unclear,Yes,Unclear,Unclear,Yes,Yes,Unclear,Unclear,Unclear,Unclear,Unclear,,,,,,sentiment,,,multimodal,,,gru; long short-term memory; lstm,optimized,,,,,
doi:10.1007/s00500-025-10901-8,StockAI 3.0: Ensemble fusion paradigms using novel gating mechanism in long short-term memory architectures for forecasting sentiment-based stock trends,Sharma Y.; Gupta S.; Gupta N.; Tiwari E.; Singh R.; Khanna N.N.; Al-Maini M.; Rathore V.; Ahluwalia P.; Kumari V.; Naidu S.; Saba L.; Suri J.S.,2025,Soft Computing,10.1007/s00500-025-10901-8,"Financial time series prediction requires researchers to detect dynamic market indicator relationships while also predicting short-term market trends that are either positive or negative. Conventional LSTM (cLSTM) models face limitations when identifying multiple complex relationships between their input data points. Our work adds Price-to-Earnings (PE) and Price-to-Book (PB), Volatility Index (VIX), and Sentiment Score to the standard Open, Close, Volume features to enhance prediction accuracy levels. We introduce two enhanced Extended Long Short-Term Memory (xLSTM) architectures: (i) xLSTMcg, which implements cross-gating, and (ii) xLSTMeg, which employs exponential gating to improve information flow between feature channels. We compare categorical versus feature-based loss functions and apply ensemble techniques—bagging, boosting, and stacking—to optimize our bidirectional fused models. Furthermore, our study also evaluates the stability of models on validation dataset. The bidirectional configurations produced superior results compared to unidirectional configuration by 2% to 3%. Through the experiment, xLSTMeg model achieved 86.2% accuracy, but when combined within a stacking ensemble, yielded an accuracy of 91.2% with area-under-the-curve (AUC) of 0.95. The obtained results of xLSTMeg showed better performance than both cLSTM and xLSTMcg models. Additionally, our study meets regulatory standards by maintaining less than a 5% performance difference between experimental and external validation dataset. Integrating advanced gating mechanisms with ensemble fusion significantly enhances LSTM-based financial forecasts, delivering robust performance under varied market conditions. This framework lays a solid foundation for future market-forecasting research and supports more effective trading decisions and risk-management strategies. © The Author(s), under exclusive licence to Springer-Verlag GmbH Germany, part of Springer Nature 2025.",cLSTM; Data augmentation; Ensemble fusion; xLSTMcg; xLSTMeg; Commerce; Decision making; Financial data processing; Forecasting; Market Research; Conventional LSTM; Data augmentation; Ensemble fusion; Financial time series predictions; Gating mechanisms; Performance; Short term memory; Stackings; XLSTMcg; XLSTMeg; Risk management,Article,Yes,No,No,SC01,M-0072,Primary/Other,Yes,Trend,Yes,Yes,Yes,Yes,,Yes,3,23,A_Direct_Methodological_Priority,Detailed extraction for gap and methodology design,High,Fundamental_Data; Sentiment; Fusion,stock trends,market trends; stock trends,lstm,accuracy; auc; dataset; experiment; experimental,StockAI 3.0: Ensemble fusion paradigms using novel gating mechanism in long short-term memory architectures for forecasting sentiment-based stock trends,trading decisions,,Yes,Unclear,Yes,Unclear,Unclear,Yes,Unclear,Unclear,Unclear,Yes,Unclear,Yes,Unclear,Unclear,Unclear,Unclear,Unclear,Unclear,time series; volume,,earnings; price-to-earnings,,,sentiment; sentiment score,,,,fusion,,long short-term memory; lstm,,,,,,
doi:10.1016/j.asoc.2024.112342,Cross-modal scenario generation for stock price forecasting using Wasserstein GAN and GCN,Wang Z.; Wang B.; Li Y.; Liu S.; Li H.; Watada J.,2024,Applied Soft Computing,10.1016/j.asoc.2024.112342,"The forecasting of stock price has always been a difficult problem, as the various inputs like company performance, technical innovation, political factors are intricate and often assessed with uncertainty. While most of the existing studies belong to deterministic forecast that focused on either the trend or exact value of future stock price, the forecasted results contain little uncertain information, thus bringing certain risks to investors. In this study, an effective scenario generation method based on wasserstein generative adversarial network (WGAN) is proposed for stock price forecasting, which can characterize the temporally and spatially correlations among different stocks, so as to help investors make proper investment strategies in complicated market environments. To the best of our knowledge, the scenario generation of stock price has been rarely studied by existing publications. Specifically, considering the inherent correlation among stocks, graph convolutional network (GCN) is used to capture the features of related stocks, whereafter the features of target stocks and related stocks are combined. In terms of feature fusion, this paper further uses a pre-trained model to obtain the key information of news headlines as text features, and fully integrates them with historical data through the attention mechanism, thus improving the overall performance of scenario generation. In summary, the proposed model can generate promising scenarios for future stock prices over time based on cross-modal information like historical data and news headlines. Numerical experiments show that our method outperforms other baseline methods in terms of root-mean-square error and average absolute percentage error (the average of several scenarios). For each part of the method, stock correlation is the most helpful for the results, followed by cross-modal information, with scenario generation contributing less to the results. Besides, experiments on a real-life portfolio selection problem also demonstrate that our method brings the highest returns, which proves its effectiveness in practical application. © 2024 Elsevier B.V.",Cross-modal information fusion; Deep learning; Scenario generation; Stock correlation; Stock price forecasting; Adversarial machine learning; Company performance; Convolutional networks; Cross-modal; Cross-modal information fusion; Deep learning; Historical data; Scenarios generation; Stock correlation; Stock price; Stock price forecasting; Generative adversarial networks,Article,Yes,Yes,No,SC01; SD01; SD04; SD05,M-0463,Primary/Other,Yes,Price,Yes,Yes,Yes,Yes,,Yes,4,23,A_Direct_Methodological_Priority,Detailed extraction for gap and methodology design,High,Financial_News; Multimodal; Fusion; Transformer_Attention,stock price; stock prices,price forecasting; stock price; stock prices,attention; convolutional; deep learning; machine learning,experiments; outperforms,"Cross-modal scenario generation for stock price forecasting using Wasserstein GAN and GCN || The forecasting of stock price has always been a difficult problem, as the various inputs like company performance, technical innovation, political factors are intricate and often assessed with uncertainty. || While most of the existing studies belong to deterministic forecast that focused on either the trend or exact value of future stock price, the forecasted results contain little uncertain information, thus bringing certain risks to investors. || In this study, an effective scenario generation method based on wasserstein generative adversarial network (WGAN) is proposed for stock price forecasting, which can characterize the temporally and spatially correlations among different stocks, so as to help investors make proper investment strategies in complicated market environments. || To the best of our knowledge, the scenario generation of stock price has been rarely studied by existing publications. || In summary, the proposed model can generate promising scenarios for future stock prices over time based on cross-modal information like historical data and news headlines.",portfolio selection,,Unclear,Unclear,Unclear,Yes,Unclear,Unclear,Unclear,Unclear,Yes,Yes,Yes,Unclear,Unclear,Unclear,Unclear,Unclear,Unclear,Unclear,,,,news headlines,,,,,cross-modal,feature fusion; fusion,attention mechanism,,,,,,,
doi:10.1108/el-02-2023-0053,Multi-feature fusion stock prediction based on knowledge graph,Liu Z.; Qian Y.; Lv W.; Fang Y.; Liu S.,2024,Electronic Library,10.1108/el-02-2023-0053,"Purpose: Stock prices are subject to the influence of news and social media, and a discernible co-movement pattern exists among multiple stocks. Using a knowledge graph to represent news semantics and establish connections between stocks is deemed essential and viable. Design/methodology/approach: This study presents a knowledge-driven framework for predicting stock prices. The framework integrates relevant stocks with the semantic and emotional characteristics of textual data. The authors construct a stock knowledge graph (SKG) to extract pertinent stock information and use a knowledge graph representation model to capture both the relevant stock features and the semantic features of news articles. Additionally, the authors consider the emotional characteristics of news and investor comments, drawing insights from behavioral finance theory. The authors examined the effectiveness of these features using the combined deep learning model CNN+LSTM+Attention. Findings: Experimental results demonstrate that the knowledge-driven combined feature model exhibits significantly improved predictive accuracy compared to single-feature models. Originality/value: The study highlights the value of the SKG in uncovering potential correlations among stocks. Moreover, the knowledge-driven multi-feature fusion stock forecasting model enhances the prediction of stock trends for well-known enterprises, providing valuable guidance for investor decision-making. © 2024, Emerald Publishing Limited.",Knowledge graph; Knowledge graph embedding; Muti-feature fusion; Relevant stocks; Sentiment analysis; Stock prediction; article; controlled study; decision making; deep learning; human; knowledge; prediction; predictive model; semantics; sentiment analysis; social media,Article,Yes,No,No,SC01,M-1622,Primary/Other,Yes,Price; Trend,Yes,Yes,Yes,Yes,,Yes,4,23,A_Direct_Methodological_Priority,Detailed extraction for gap and methodology design,Medium,Financial_News; Sentiment; Fusion; Multi_Stock,stock forecasting; stock prediction; stock prices; stock trends,stock prices; stock trends,attention; cnn; deep learning; lstm,accuracy; experimental; results demonstrate,"Multi-feature fusion stock prediction based on knowledge graph || Purpose: Stock prices are subject to the influence of news and social media, and a discernible co-movement pattern exists among multiple stocks. || Design/methodology/approach: This study presents a knowledge-driven framework for predicting stock prices. || Moreover, the knowledge-driven multi-feature fusion stock forecasting model enhances the prediction of stock trends for well-known enterprises, providing valuable guidance for investor decision-making. © 2024, Emerald Publishing Limited.",sentiment analysis,,Unclear,Unclear,Unclear,Yes,Yes,Yes,Unclear,Unclear,Unclear,Yes,Unclear,Yes,Unclear,Unclear,Unclear,Unclear,Unclear,Yes,,,,news articles,social media,sentiment,,,,feature fusion; fusion,,lstm,,,,,,multiple stocks
doi:10.1016/j.engappai.2024.108842,Multi-sentiment fusion for stock price crash risk prediction using an interpretable ensemble learning method,Deng S.; Luo Q.; Zhu Y.; Ning H.; Yu Y.; Gao Y.; Shen Q.; Shimada T.,2024,Engineering Applications of Artificial Intelligence,10.1016/j.engappai.2024.108842,"With the development of the Chinese security market, stock price crashes have occurred frequently, and extant studies have proved that investor sentiment is one of the most significant factors that have led to dramatic volatility of stock prices. Additionally, irrational sentiment poses formidable challenges to traditional methods of predicting stock price crashes. Based on an ensemble learning approach, this research endeavors to explore the effects of investor sentiment indicators on stock price crashes within the Chinese stock market. First of all, several advanced machine learning techniques are employed for stock price crash predictions. Meanwhile, the hyperparameter optimization method is applied to improve the performance of the prediction model. In addition, the interpretable machine learning method is applied to analyze the important investor sentiment indicators that significantly influence stock price crashes. Experiment results show that the method proposed in this research performs better than the benchmark methods, especially for the small-cap samples. Additionally, foreign investor sentiment indicators contribute more to prediction results than individual and institutional sentiments. The proposed method can provide market regulators and investors with an innovative perspective on stock price crash prediction with multiple sentiment fusion. © 2024 Elsevier Ltd",Ensemble learning; Hyperparameter optimization; Investor sentiment; Model interpretation; Stock price crash; Commerce; Financial markets; Investments; Machine learning; Crash prediction; Crash risk; Ensemble learning; Hyper-parameter optimizations; Investor's sentiments; Model interpretations; Risk predictions; Sentiment indicators; Stock price; Stock price crash; Forecasting,Article,Yes,Yes,No,SC01; SC05; SD01; SD04; SD05,M-0667,Primary/Other,Yes,Price,Yes,Yes,Yes,Yes,,Yes,4,23,A_Direct_Methodological_Priority,Detailed extraction for gap and methodology design,Medium,Sentiment; Fusion; Optimization; XAI,stock market; stock price; stock prices,stock price; stock prices,ensemble learning; machine learning,benchmark; experiment; results show,"Multi-sentiment fusion for stock price crash risk prediction using an interpretable ensemble learning method || With the development of the Chinese security market, stock price crashes have occurred frequently, and extant studies have proved that investor sentiment is one of the most significant factors that have led to dramatic volatility of stock prices. || Additionally, irrational sentiment poses formidable challenges to traditional methods of predicting stock price crashes. || Based on an ensemble learning approach, this research endeavors to explore the effects of investor sentiment indicators on stock price crashes within the Chinese stock market. || First of all, several advanced machine learning techniques are employed for stock price crash predictions. || In addition, the interpretable machine learning method is applied to analyze the important investor sentiment indicators that significantly influence stock price crashes. || The proposed method can provide market regulators and investors with an innovative perspective on stock price crash prediction with multiple sentiment fusion. © 2024 Elsevier Ltd",risk prediction; investor sentiment,,Unclear,Unclear,Unclear,Unclear,Unclear,Yes,Unclear,Unclear,Unclear,Yes,Unclear,Unclear,Yes,Unclear,Yes,Unclear,Unclear,Unclear,,,,,,sentiment,,,,fusion,,,hyperparameter optimization,,interpretable,,,
doi:10.28919/cmbn/9834,A HYBRID MULTI-GARCH TRANSFORMER MODEL FOR STOCK PRICE VOLATILITY FORECASTING,Gebreslase T.T.; Mutua K.; Fissuh Y.H.; Girmay T.G.,2026,Communications in Mathematical Biology and Neuroscience,10.28919/cmbn/9834,"Accurate forecasting of financial market volatility remains a central challenge due to nonlinear dy-namics, volatility clustering, and regime-dependent behavior in financial time series. While econometric volatility models capture conditional heteroskedasticity, deep learning architectures provide flexible nonlinear modeling ca-pabilities. However, existing approaches often treat these paradigms independently or combine them post hoc, limiting their ability to jointly exploit statistical structure and representation learning. This study addresses this gap by proposing a hybrid architecture that integrates GARCH-family models directly within an attention-based Transformer through representation-level learning. We develop a Multi-GARCH Transformer architecture that embeds conditional variance estimates from multiple GARCH-family models into the input representation of a Transformer encoder. This hybrid architecture functions as a heterogeneous ensemble in which complementary volatility dynamics are integrated at the feature level and adaptively weighted through self-attention. The analysis uses daily stock returns of Safaricom from 2015 to 2024.The study combines descriptive statistics, econometric modeling, and transformer-based hybrid forecasting. Model performance is evaluated using quasi-likelihood(QLIKE), RMSE, and MAE, alongside statistical comparison using the Diebold-Mariano test. Empirical find-ings confirm that the Multi-GARCH-Transformer ensemble achieves superior out-of-sample volatility forecasting performance by embedding complementary econometric signals within an attention-based architecture. This hybrid model delivers the strongest performance under QLIKE and exhibits statistically significant improvements validated through Diebold-Mariano testing. The observed training behavior indicates more stable convergence and stronger generalization than non-hybrid architectures, reinforcing the effectiveness of representation-level ensemble learning. The results highlight the advantages of integrating econometric theory with attention-based deep learning through feature-level hybridization. By jointly modeling structured volatility dynamics and nonlinear tem-poral dependencies, the approach improves forecasting robustness, interpretability, and predictive accuracy. This study contributes to the intersection of financial econometrics and deep learning by introducing a hybrid ensemble modeling strategy for complex and evolving market environments. © 2026 the author(s).",financial time series; GARCH models; hybrid ensemble learning; transformer architecture; volatility forecasting,Article,Yes,No,No,SC01; SC05; SC06,M-2253,Primary/Other,Yes,Price; Return,Yes,Yes,Yes,Yes,,Yes,4,22,A_Direct_Methodological_Priority,Detailed extraction for gap and methodology design,Medium,Fusion; Transformer_Attention; XAI; Temporal_Validation,stock price; stock returns,stock price; stock returns,attention; deep learning; ensemble learning; hybrid model; transformer,accuracy; comparison; evaluated; mae; rmse; testing; training,"A HYBRID MULTI-GARCH TRANSFORMER MODEL FOR STOCK PRICE VOLATILITY FORECASTING || The analysis uses daily stock returns of Safaricom from 2015 to 2024.The study combines descriptive statistics, econometric modeling, and transformer-based hybrid forecasting.",volatility forecasting,,Yes,Unclear,Unclear,Unclear,Unclear,Unclear,Unclear,Unclear,Unclear,Yes,Yes,Unclear,Unclear,Unclear,Yes,Yes,Unclear,Unclear,time series,,,,,,,,,feature level; feature-level,self-attention; transformer,,,,interpretability,out-of-sample,,
doi:10.1002/for.70098,Adaptive Model Integration for Stock Price Forecasting With CNN-ATTN-BiLSTM,Xiao Y.; He C.; Yi M.; Hu Y.,2026,Journal of Forecasting,10.1002/for.70098,"Stock price prediction is challenging due to the high volatility and complex nonlinear patterns in financial markets. Traditional time series forecasting methods often struggle to capture such intricate dynamics. To address this, we propose a novel adaptive model fusion framework that integrates Convolutional Neural Networks (CNN), Bidirectional Long Short-Term Memory networks (BiLSTM), and Attention Mechanisms (ATTN) to improve stock price forecasting. Our approach employs multi-scale feature extraction using multiple CNNs enhanced with attention to adaptively select relevant features across different time horizons. An adaptive fusion mechanism dynamically adjusts the contribution of each sub-model according to input data, optimizing predictions under varying market conditions. We investigated the effects of both univariate and multivariate data on model performance, and analyze how data distribution characteristics influence forecasting accuracy. Experiments were conducted on stock data from the top 9 companies in the Nasdaq 100 index by market capitalization, validating the robustness and effectiveness of our method across different sectors. Results show that our model significantly outperformed traditional forecasting approaches, achieving higher accuracy and improved generalization in diverse market environments. This study offers a novel framework for stock price prediction and provides valuable insights into adaptive model integration for financial time series forecasting. © 2026 John Wiley & Sons Ltd.",adaptive model integration; CNN-ATTN-BiLSTM; Nasdaq 100; stock price prediction; time series forecasting; Commerce; Convolutional neural networks; Costs; Data accuracy; Electronic trading; Financial markets; Forecasting; Time series; Adaptive model integration; Adaptive models; Attention mechanisms; Convolutional neural network; Convolutional neural network-attention mechanism-bidirectional long short-term memory network; Memory network; Models integration; Nasdaq 100; Short term memory; Stock price prediction; Time series forecasting; Integration,Article,Yes,No,No,SC01,M-0036,Primary/Other,Yes,Price,Yes,Yes,Yes,No,,Yes,3,22,A_Direct_Methodological_Priority,Detailed extraction for gap and methodology design,Medium,Fundamental_Data; Fusion; Transformer_Attention,nasdaq; stock price,price forecasting; price prediction; stock price,attention; cnn; convolutional; neural network; neural networks,accuracy; experiments; results show,"Adaptive Model Integration for Stock Price Forecasting With CNN-ATTN-BiLSTM || Stock price prediction is challenging due to the high volatility and complex nonlinear patterns in financial markets. || To address this, we propose a novel adaptive model fusion framework that integrates Convolutional Neural Networks (CNN), Bidirectional Long Short-Term Memory networks (BiLSTM), and Attention Mechanisms (ATTN) to improve stock price forecasting. || This study offers a novel framework for stock price prediction and provides valuable insights into adaptive model integration for financial time series forecasting. © 2026 John Wiley & Sons Ltd.",,,Yes,Unclear,Yes,Unclear,Unclear,Unclear,Unclear,Unclear,Unclear,Yes,Yes,Yes,Unclear,Unclear,Unclear,Unclear,Unclear,Unclear,time series,,market capitalization,,,,,,,fusion,attention mechanism,bilstm; long short-term memory,,,,,,
doi:10.1109/intersys69825.2026.11565302,Multi-GR2B-CAN: A Multi-Graph Relational Brown Bear Convolutional Attention Network for Real-Time Stock Market Trend Nowcasting,Kumarappan J.; Rajasekar E.,2026,"InterSys 2026 - 4th International Conference on Interactive Systems and Information Society Technologies, 29th International Joint Scientific Conference - Internet and Modern Society 2026",10.1109/intersys69825.2026.11565302,"Real-time stock market trend nowcasting is a challenging problem due to volatile financial environments, complex inter-stock dependencies, and heterogeneous data streams. Existing approaches either treat stocks as independent time series or apply static single-relational graph structures, both of which fail to capture the multi-layer relational dynamics of modern equity markets. This paper proposes Multi-GR2B-CAN, a Multi-Graph Relational Brown Bear Convolutional Attention Network, integrating three tightly coupled components. First, VisualizationAware Time Series Min-Max (VATS) preprocessing normalizes stock features over a rolling window, preserving local volatility structure critical for directional reversal detection. Second, a Critic-Guided Decision Transformer (CGDT) performs return-aligned feature extraction by gating attention weights with a 5-day log-return signal. Third, a hybrid predictor combines Graph Convolutional Networks (GCN) with a Multi-Relational Graph Attention Network (MRGAN) over three relation types: price correlation, sector membership, and macro sensitivity. The Brown Bear Optimization Algorithm (BBOA) jointly tunes all hyperparameters. Experiments on the NIFTY-50 dataset achieve 98.97 % accuracy and 94.35 % F1-score, outperforming seven competitive baselines. Ablation confirms all three modules contribute synergistically. © 2026 IEEE.",Brown Bear Optimization; financial trend prediction; graph convolutional networks; multi-relational graph attention; stock market nowcasting; Commerce; Convolution; Electronic trading; Feature extraction; Graph structures; Graph theory; Graphic methods; Time series; Brown bear optimization; Convolutional networks; Financial Trend; Financial trend prediction; Graph convolutional network; Multi-relational graph attention; Nowcasting; Optimisations; Relational graph; Stock market nowcasting; Trend prediction; Financial markets,Conference paper,Yes,No,No,SC06,M-1782,Conference,Yes,Trend,Yes,Yes,Yes,No,,Yes,4,22,A_Direct_Methodological_Priority,Detailed extraction for gap and methodology design,Low,Multimodal; Transformer_Attention; Temporal_Validation; Indian_Market,equity markets; nifty; stock market,market trend; trend prediction,attention; convolutional; transformer,accuracy; dataset; experiments; f1,"Multi-GR2B-CAN: A Multi-Graph Relational Brown Bear Convolutional Attention Network for Real-Time Stock Market Trend Nowcasting || Real-time stock market trend nowcasting is a challenging problem due to volatile financial environments, complex inter-stock dependencies, and heterogeneous data streams.",,,Yes,Unclear,Unclear,Unclear,Unclear,Unclear,Unclear,Unclear,Yes,Unclear,Yes,Unclear,Unclear,Unclear,Unclear,Yes,Yes,Unclear,time series,,,,,,,,heterogeneous data,,transformer,,,,,rolling window,nifty,
doi:10.1016/j.eswa.2025.130028,Stock price trend forecasting based on multi-channel complementary network with CEEMDAN decomposition and transformer residual prediction,Shen Y.; Dai J.; Wang M.; Arce G.R.,2026,Expert Systems with Applications,10.1016/j.eswa.2025.130028,"Forecasting stock market movement provides important investment signals, but the presence of a large amount of noise in financial time series (FTS) data poses significant challenges to prediction accuracy. This paper proposes a novel multi-channel complementary network with data decomposition and a fusion strategy to effectively improve the prediction accuracy and robustness of stock price movement. The model first applies the algorithm of Complete Ensemble Empirical Mode Decomposition with Adaptive Noise (CEEMDAN) to decompose the historical stock data sequence into a set of Intrinsic Mode Functions (IMFs), representing different frequency components of the original FTS data. Then, each IMF combined with six key indicators (i.e., open price, high price, low price, trading volume, price-earnings ratio and price-to-book ratio) are processed by an independent long short-term memory (LSTM) module to make a parallel prediction. To further enhance the forecasting accuracy, a transformer-based residual term prediction model is incorporated, serving as the complementary branch to the LSTM modules. Subsequently, the outputs from all network branches are fused together to obtain the final prediction result. A set of numerical experiments on different stock index datasets are conducted to verify the superiority of the proposed model in terms of average forecasting accuracy compared with other benchmark models. In addition, the effectiveness of different sub-modules in the proposed framework is proved by the ablation experiments. © 2025 Elsevier Ltd. All rights are reserved, including those for text and data mining, AI training, and similar technologies.",Deep learning; Long short-term memory; Mode decomposition; Stock price forecasting; Transformer; Commerce; Costs; Electronic trading; Empirical mode decomposition; Financial markets; Forecasting; Investments; Sales; Adaptive noise; Deep learning; Empirical Mode Decomposition; Financial time series; Mode decomposition; Multi channel; Short term memory; Stock price forecasting; Time-series data; Transformer; Long short-term memory,Article,Yes,Yes,No,SC01; SD01; SD02; SD03,M-0828,Primary/Other,Yes,Price; Direction/Movement; Trend,Yes,Yes,Yes,No,,Yes,3,22,A_Direct_Methodological_Priority,Detailed extraction for gap and methodology design,Medium,Fundamental_Data; Fusion; Transformer_Attention,stock index; stock market; stock price,price forecasting; price movement; price trend; stock price; trend forecasting,deep learning; lstm; transformer,accuracy; benchmark; datasets; experiments; training,"Stock price trend forecasting based on multi-channel complementary network with CEEMDAN decomposition and transformer residual prediction || Forecasting stock market movement provides important investment signals, but the presence of a large amount of noise in financial time series (FTS) data poses significant challenges to prediction accuracy. || This paper proposes a novel multi-channel complementary network with data decomposition and a fusion strategy to effectively improve the prediction accuracy and robustness of stock price movement. || A set of numerical experiments on different stock index datasets are conducted to verify the superiority of the proposed model in terms of average forecasting accuracy compared with other benchmark models.",,,Yes,Unclear,Yes,Unclear,Unclear,Unclear,Unclear,Unclear,Unclear,Yes,Yes,Yes,Unclear,Unclear,Unclear,Unclear,Unclear,Unclear,time series; trading volume; volume,,earnings,,,,,,,fusion,transformer,long short-term memory; lstm,,,,,,
doi:10.1109/access.2025.3589063,A Multi-Modal Approach Using a Hybrid Vision Transformer and Temporal Fusion Transformer Model for Stock Price Movement Classification,Kpereobong Friday I.; Prasanna Pati S.; Mishra D.,2025,IEEE Access,10.1109/access.2025.3589063,"Stock market price movement primarily focuses on accurately classifying buy and sell signals, which enables traders to maximize profits with well-timed market entry and exit trading positions. This study presents and implements a multi-modal deep learning approach to classifying stock price movement. Our approach adequately captures potential price reversals or continuations by utilizing two modalities (candlestick chart patterns and historical price data). Specifically, the proposed framework converts the historical data into candlestick charts of 256 × 256-pixel images where both modalities are effectively integrated and processed. A key innovation employed is the application of the histogram of oriented gradients (HOG) to extract relevant descriptors, including the candlestick colour, body-to-wick proportions, and wick size. Concurrently, the vision transformer (ViT) model is used to process the images using an embedded projection and multi-head self-attention to extract salient spatial features into a non-overlapping patch of 16 × 16 pixels, which are treated as input tokens for the model. After which, the temporal fusion transformer (TFT) model processes the historical features, candlestick chart features, and the extracted HOG features via a decision-level (late feature fusion) strategy that concatenates these inputs to predict short-term price movements over different horizons (1 day, 3 days, 7 days, and 10 days ahead). We systematically evaluate the model performance using a time series cross-validation split to demonstrate the proposed model’s efficacy and generalization across eight indices (BSE, IXIC, N225, NIFTY-50, NSE-30, NYSE, S&P 500, and SSE). The results demonstrate the superior performance of our multi-modal approach, achieving average accuracy, precision, recall, and matthew correlation coefficient (MCC) of 96.17%, 96.24%, 96.15%, and 0.9367, respectively across all evaluated indices. Furthermore, using a real-time trading simulation, the study assesses the practical implications of different window sizes (5, 10, and 15 days). A paired t-test is also conducted to validate the proposed model against benchmarks statistically. The analysis provides valuable insights into how short and long-term traders can effectively maximize the proposed model, highlighting its adaptability for real-world applications. © 2013 IEEE.",Candlestick; histogram of oriented gradients (HOG); multi-modal; stock price movement; temporal fusion transformer (TFT); vision transformer (ViT); Commerce; Computer vision; Costs; Electronic trading; Financial markets; Graphic methods; Information management; Modal analysis; Pixels; Candlestick; Candlestick chart; Histogram of oriented gradient; Histogram of oriented gradients; Multi-modal; Multi-modal approach; Stock price movements; Temporal fusion transformer; Transformer modeling; Vision transformer; Classification (of information),Article,Yes,No,Yes,EL04; SC01; SC06,M-1713,Primary/Other,Yes,Price; Direction/Movement,Yes,Yes,Yes,Yes,,Yes,4,22,A_Direct_Methodological_Priority,Detailed extraction for gap and methodology design,High,Multimodal; Fusion; Transformer_Attention; Indian_Market,nifty; s&p 500; stock market; stock price,price movement; price movements; stock price,attention; deep learning; transformer,accuracy; benchmarks; evaluate; evaluated; precision; recall; results demonstrate,"A Multi-Modal Approach Using a Hybrid Vision Transformer and Temporal Fusion Transformer Model for Stock Price Movement Classification || Stock market price movement primarily focuses on accurately classifying buy and sell signals, which enables traders to maximize profits with well-timed market entry and exit trading positions. || This study presents and implements a multi-modal deep learning approach to classifying stock price movement.",buy and sell,,Yes,Unclear,Unclear,Unclear,Unclear,Unclear,Unclear,Unclear,Yes,Yes,Yes,Unclear,Unclear,Unclear,Unclear,Unclear,Yes,Unclear,historical price; time series,,,,,,,,multi-modal,decision-level; feature fusion; fusion,self-attention; temporal fusion transformer; transformer,,,,,,bse; nifty; nse,
doi:10.1007/s10489-025-06330-7,Dynamic fusion of multi-source heterogeneous data using MOE mechanism for stock prediction,Dong Y.; Wu Z.; Hao Y.,2025,Applied Intelligence,10.1007/s10489-025-06330-7,"Stock prices are influenced by numerous factors, including social media, news, and financial reports, serving as indicators of financial market dynamics. However, harnessing diverse information from different sources and structures to predict price trends remains challenging. In this paper, we propose a dual-stage deep learning model based on the Mixture-of-Expert (MoE) mechanism. In stage one, three distinct expert networks encode information about price movements, financial news, and investor sentiments through multi-source interaction attention. In stage two, a gated network dynamically fuses outputs, capturing temporal relationships in windowed data. Experimental results on the Chinese stock market demonstrate our model outperforms existing ones in forecasting tasks. © The Author(s), under exclusive licence to Springer Science+Business Media, LLC, part of Springer Nature 2025.",Deep learning; Financial data analysis; Mixture-of-expert; Stock price prediction; Decentralized finance; Deep learning; Expert systems; Financial markets; Deep learning; Dynamic fusion; Financial Data Analysis; Heterogeneous data; Mixture of experts; Multi-Sources; Social media; Stock predictions; Stock price; Stock price prediction; Costs,Article,Yes,No,No,SC01,M-0128,Primary/Other,Yes,Price; Direction/Movement; Trend,Yes,Yes,Yes,No,,Yes,3,22,A_Direct_Methodological_Priority,Detailed extraction for gap and methodology design,High,Financial_News; Multimodal; Fusion,stock market; stock prediction; stock price; stock prices,price movements; price prediction; price trends; stock price; stock prices,attention; deep learning,experimental; outperforms,"Dynamic fusion of multi-source heterogeneous data using MOE mechanism for stock prediction || Stock prices are influenced by numerous factors, including social media, news, and financial reports, serving as indicators of financial market dynamics. || Experimental results on the Chinese stock market demonstrate our model outperforms existing ones in forecasting tasks. © The Author(s), under exclusive licence to Springer Science+Business Media, LLC, part of Springer Nature 2025.",,,Unclear,Unclear,Unclear,Yes,Yes,Unclear,Unclear,Unclear,Yes,Yes,Unclear,Unclear,Unclear,Unclear,Unclear,Unclear,Unclear,Unclear,,,,financial news,social media,,,,heterogeneous data; multi-source,fusion,,,,,,,,
doi:10.1371/journal.pone.0326034,Enhancing stock timing predictions based on multimodal architecture: Leveraging large language models (LLMs) for text quality improvement,Chen M.; Tang Y.; Qi Q.; Dai H.; Lin Y.; Ling C.; Li T.,2025,PLOS ONE,10.1371/journal.pone.0326034,"This study aims to enhance stock timing predictions by leveraging large language models (LLMs), specifically GPT-4, to filter and analyze online investor comment data. Recognizing challenges such as variable comment quality, redundancy, and authenticity issues, we propose a multimodal architecture that integrates filtered comment data with stock price dynamics and technical indicators. Using data from nine Chinese banks, we compare four filtering models and demonstrate that employing GPT-4 significantly improves financial metrics like profit-loss ratio, win rate, and excess return rate. The multimodal architecture outperforms baseline models by effectively preprocessing comment data and combining it with quantitative financial data. While focused on Chinese banks, the approach can be adapted to broader markets by modifying the prompts of large language models. Our findings highlight the potential of LLMs in financial forecasting and provide more reliable decision support for investors. © 2025 Chen et al. This is an open access article distributed under the terms of the Creative Commons Attribution License, which permits unrestricted use, distribution, and reproduction in any medium, provided the original author and source are credited.","; China; Humans; Investments; Language; Large Language Models; Models, Economic; Quality Improvement; methadone; Article; artificial intelligence; artificial neural network; decision making; decision support system; human; language; learning algorithm; machine learning; mathematical analysis; mathematical model; multimodal architecture; multimodal imaging; natural language processing; total quality management; China; economic model; economics; investment; large language model; total quality management",Article,Yes,No,No,SC01; SC02,M-2022,Primary/Other,Yes,Price,Yes,Yes,Yes,No,,Yes,3,22,A_Direct_Methodological_Priority,Detailed extraction for gap and methodology design,Medium,Technical_Indicators; LLM_FinGPT; Multimodal,stock price,stock price,artificial intelligence; artificial neural network; large language model; large language models; llms; machine learning; neural network,outperforms,"Recognizing challenges such as variable comment quality, redundancy, and authenticity issues, we propose a multimodal architecture that integrates filtered comment data with stock price dynamics and technical indicators.",,,Unclear,Yes,Unclear,Unclear,Unclear,Unclear,Unclear,Yes,Yes,Unclear,Unclear,Unclear,Unclear,Unclear,Unclear,Unclear,Unclear,Unclear,,technical indicators,,,,,,gpt-4; large language model; large language models; llms,multimodal,,,,,,,,,
doi:10.1080/03081079.2025.2590080,FFIR-Net: a feature fusion and inter-stock relationship network for stock price movement prediction,Yu X.; Lv Z.; Chen Y.; Shen C.; Chen C.,2025,International Journal of General Systems,10.1080/03081079.2025.2590080,"Stock price movement prediction is pivotal yet inherently challenging in financial markets, mainly due to difficulties in effectively integrating multimodal data and modeling intricate, dynamic inter-stock relationships. This paper proposes FFIR-Net, an innovative deep learning framework for precise prediction with two core functions: Feature Fusion and Inter-stock Relationship Learning. It has three key components: Tensor Fusion that fuses daily trading data and market sentiment information through attention-based alignment, Multiscale Feature Mixer that captures temporal evolution patterns by decomposing historical data into multiscale subsequences, and HGAT-GE that models intricate inter-stock relationships. Its three major contributions include an Inter-Stock Relationship Learning module revealing hidden multiscale dependencies via HGAT-GE and dynamic hypergraph generation, an end-to-end framework without manual feature engineering, and validation on CSI100E and S&P500 datasets. FFIR-Net outperforms state-of-the-art (SOTA) methods in both classification metrics and practical trading profitability, and displays robust adaptability to bull, bear, and sideways markets. © 2025 Informa UK Limited, trading as Taylor & Francis Group.",graph neural networks; hypergraph attention networks; inter-stock relationships; stock movement prediction; Commerce; Deep learning; Electronic trading; Financial markets; Neural networks; Tensors; Features fusions; Graph neural networks; Hyper graph; Hypergraph attention network; Inter-stock relationship; Movement prediction; Relationship networks; Stock movement; Stock movement prediction; Stock price movement predictions; Forecasting,Article,Yes,No,No,SC01,M-1541,Primary/Other,Yes,Price; Direction/Movement,Yes,Yes,Yes,Yes,,Yes,3,22,A_Direct_Methodological_Priority,Detailed extraction for gap and methodology design,High,Sentiment; Multimodal; Fusion,s&p500; stock movement; stock price,movement prediction; price movement; stock movement; stock price,attention; deep learning; graph neural; neural networks,datasets; outperforms,"FFIR-Net: a feature fusion and inter-stock relationship network for stock price movement prediction || Stock price movement prediction is pivotal yet inherently challenging in financial markets, mainly due to difficulties in effectively integrating multimodal data and modeling intricate, dynamic inter-stock relationships.",market sentiment,,Unclear,Unclear,Unclear,Unclear,Unclear,Yes,Unclear,Unclear,Yes,Yes,Unclear,Unclear,Unclear,Unclear,Unclear,Unclear,Unclear,Unclear,,,,,,sentiment,,,multimodal,feature fusion; fusion,,,,,,,,
doi:10.1109/tnnls.2025.3561811,Pleno-Alignment Framework for Stock Trend Prediction,Luo Y.; Zheng J.; Yang Z.; Chen N.; Wu D.,2025,IEEE Transactions on Neural Networks and Learning Systems,10.1109/tnnls.2025.3561811,"Predicting stock trends is a highly rewarding but high-risk endeavor due to the complex interplay of market dynamics, irrational behaviors, and diverse sentiments. Previous studies have used time-series analysis on historical prices or sentiment analysis on textual information. However, these methods often fail to capture the dynamic interactions between text and time-series modalities and overlook the different perspectives embedded in textual data. To address these limitations, we propose the pleno-alignment framework (PAFrame) that enhances multimodal stock information through intermodal and intramodal alignment to capture market dynamics. Our framework first integrates textual and time-series data in a shared representation space to learn modal-invariant information. To tackle divergent sentiments in textual data, we employ a contrastive learning approach to extract abstract semantic meanings from objective and subjective perspectives, thereby improving the robustness of language representations. Finally, we use a hybrid approach that explicitly combines cross-attention mechanisms to create a unified representation and utilizes prompts to implicitly guide language models with numerical financial indicators for final prediction. Our comprehensive experiments on five real-world datasets show that PAFrame outperforms existing methods in predicting stock trends. © 2012 IEEE.",Contrastive learning; language model; multimodal; stock trend prediction; time series; Semantics; Sentiment analysis; Irrational behaviours; Language model; Market dynamics; Multi-modal; Price-analysis; Sentiment analysis; Stock trend prediction; Textual data; Time-series analysis; Times series; article; controlled study; human; language model; prediction; sentiment analysis; time series analysis; Contrastive Learning,Article,Yes,No,No,SC01,M-1818,Primary/Other,Yes,Trend,Yes,Yes,Yes,Yes,,Yes,3,22,A_Direct_Methodological_Priority,Detailed extraction for gap and methodology design,High,Sentiment; Multimodal; Fusion,stock trend; stock trends,stock trend; stock trends; trend prediction,attention,datasets; experiments; outperforms,"Pleno-Alignment Framework for Stock Trend Prediction || Predicting stock trends is a highly rewarding but high-risk endeavor due to the complex interplay of market dynamics, irrational behaviors, and diverse sentiments. || Our comprehensive experiments on five real-world datasets show that PAFrame outperforms existing methods in predicting stock trends. © 2012 IEEE.",sentiment analysis,,Yes,Unclear,Unclear,Unclear,Unclear,Yes,Unclear,Unclear,Yes,Yes,Unclear,Unclear,Unclear,Unclear,Unclear,Unclear,Unclear,Unclear,historical prices; time series,,,,,sentiment,,,multi-modal; multimodal,cross-attention,,,,,,,,
doi:10.1038/s41598-025-06885-y,RCSAN residual enhanced channel spatial attention network for stock price forecasting,Sun W.; Liu Z.; Yuan C.; Zhou X.; Pei Y.; Wei C.,2025,Scientific Reports,10.1038/s41598-025-06885-y,"This study proposes a stock price prediction model based on the Residual-enhanced Channel-Spatial Attention Network (R-CSAN), which integrates channel-spatial adaptive attention mechanisms with residual connections to effectively capture the multidimensional complex patterns in financial time series. The R-CSAN adopts an encoder-decoder architecture, where the encoder extracts feature correlations from historical data through multiple layers of channel-spatial attention modules, and the decoder incorporates a masking mechanism to prevent future information leakage and introduces a cross-attention mechanism to model inter-market correlations. Experiments conducted on four cross-market stock datasets, including Amazon, Maotai, Ping An, and Vanke, demonstrate that R-CSAN significantly outperforms not only traditional baseline models such as ARIMA, LSTM, and CNN-LSTM, but also recent Transformer-based approaches like Informer, Autoformer, and iTransformer on metrics including RMSE, MAE, MAPE,, and return on investment. The model reduces RMSE by 17.3–49.3% compared to traditional methods and 6.2–11.6% compared to Transformer variants, with the highest reaching 93.17% and an increase in return on investment to 482.64%. Ablation experiments confirm the critical contributions of each component, with the temporal module removal causing an average increase of 38.6% in RMSE and channel-spatial attention removal resulting in a 21.3% increase. Moreover, the model provides an interpretative analysis of features and temporal dimensions through attention weight visualization, offering insights into both indicator importance and critical time periods for prediction. In practical applications, R-CSAN’s outputs can be integrated into quantitative trading strategies including breakout trading, moving average crossover signals, and portfolio allocation optimization, providing a new paradigm for robust prediction in highly volatile markets. © The Author(s) 2025.",; moclobemide; article; attention network; benchmarking; forecasting; human; prediction; predictive model; price; root mean squared error; spatial attention; time series analysis,Article,Yes,No,No,SC01; SC05,M-1496,Primary/Other,Yes,Price,Yes,Yes,Yes,Yes,,Yes,4,22,A_Direct_Methodological_Priority,Detailed extraction for gap and methodology design,Medium,Technical_Indicators; Fusion; Transformer_Attention; Multi_Stock,stock price,price forecasting; price prediction; stock price,attention; cnn; lstm; transformer,datasets; experiments; mae; mape; outperforms; rmse,"RCSAN residual enhanced channel spatial attention network for stock price forecasting || This study proposes a stock price prediction model based on the Residual-enhanced Channel-Spatial Attention Network (R-CSAN), which integrates channel-spatial adaptive attention mechanisms with residual connections to effectively capture the multidimensional complex patterns in financial time series.",trading strategies,,Yes,Yes,Unclear,Unclear,Unclear,Unclear,Unclear,Unclear,Unclear,Yes,Yes,Yes,Unclear,Unclear,Unclear,Unclear,Unclear,Yes,time series,moving average,,,,,,,,cross-attention,attention mechanism; informer; itransformer; transformer,lstm,,,,,,cross-market
doi:10.1016/j.frl.2025.108146,Selective news selection model for explainable stock prediction via cross-attention integration,Jang J.,2025,Finance Research Letters,10.1016/j.frl.2025.108146,"This study proposes a News Selection Model (NSM) that adaptively identifies market-relevant news from daily information streams for stock price prediction. Traditional approaches either aggregate all available news or rely on predefined filters, both suffering from information overload or missing critical market-moving news. Our framework employs a differentiable Top-K selection mechanism to identify the most informative headlines, which are then integrated with historical price data through cross-attention mechanisms. Experimental results on four major global indices (S&P 500, NASDAQ, CSI-300, KOSPI 200) demonstrate that NSM achieves an average of 16.5% performance improvement in MAE compared to state-of-the-art models while processing only five selected news items daily. The framework provides explainable predictions by transparently presenting which specific news headlines influenced the model's decisions, addressing the black-box problem in financial AI. This explainability feature enables financial practitioners to understand and trust AI-driven predictions, making the approach practically valuable for investment decision-making. © 2025 Elsevier Inc.",Deep learning; Explainable AI; Financial machine learning; News selection; Stock prediction,Article,Yes,Yes,No,SC01; SC05; SD01; SD02; SD05,M-0877,Primary/Other,Yes,Price,Yes,Yes,Yes,No,,Yes,4,22,A_Direct_Methodological_Priority,Detailed extraction for gap and methodology design,Medium,Financial_News; Fusion; XAI; Multi_Stock,kospi; nasdaq; s&p 500; stock prediction; stock price,price prediction; stock price,attention; deep learning; machine learning,experimental; mae,Selective news selection model for explainable stock prediction via cross-attention integration || This study proposes a News Selection Model (NSM) that adaptively identifies market-relevant news from daily information streams for stock price prediction.,,,Yes,Unclear,Unclear,Yes,Unclear,Unclear,Unclear,Unclear,Unclear,Yes,Unclear,Unclear,Unclear,Unclear,Yes,Unclear,Unclear,Yes,historical price,,,news headlines,,,,,,cross-attention,,,,,explainability; explainable,,,global indices
doi:10.1371/journal.pone.0302197,Causality-driven multivariate stock movement forecasting,Berenguer A.D.; Da Y.; Bossa M.N.; Oveneke M.C.; Sahli H.,2024,PLoS ONE,10.1371/journal.pone.0302197,"Our study aims to investigate the interdependence between international stock markets and sentiments from financial news in stock forecasting. We adopt the Temporal Fusion Transformers (TFT) to incorporate intra and inter-market correlations and the interaction between the information flow, i.e. causality, of financial news sentiment and the dynamics of the stock market. The current study distinguishes itself from existing research by adopting Dynamic Transfer Entropy (DTE) to establish an accurate information flow propagation between stock and sentiments. DTE has the advantage of providing time series that mine information flow propagation paths between certain parts of the time series, highlighting marginal events such as spikes or sudden jumps, which are crucial in financial time series. The proposed methodological approach involves the following elements: a FinBERT-based textual analysis of financial news articles to extract sentiment time series, the use of the Transfer Entropy and corresponding heat maps to analyze the net information flows, the calculation of the DTE time series, which are considered as co-occurring covariates of stock Price, and TFT-based stock forecasting. The Dow Jones Industrial Average index of 13 countries, along with daily financial news data obtained through the New York Times API, are used to demonstrate the validity and superiority of the proposed DTE-based causality method along with TFT for accurate stock Price and Return forecasting compared to state-of-the-art time series forecasting methods. © 2024 Díaz Berenguer et al. This is an open access article distributed under the terms of the Creative Commons Attribution License, which permits unrestricted use, distribution, and reproduction in any medium, provided the original author and source are credited.","; Commerce; Entropy; Forecasting; Humans; Investments; Models, Economic; algorithm; Article; artificial intelligence; artificial neural network; causality; decision making; dynamic transfer entropy; entropy; financial management; forecasting; gross national product; information; information processing; learning algorithm; machine learning; mathematical model; multi head attention fusion network; multivariate stock movement; prediction; price; stock market; temporal fusion transformer; time series analysis; validity; commercial phenomena; economic model; economics; human; investment; procedures",Article,Yes,No,Yes,EL03; EL07; SC01,M-2009,Primary/Other,Yes,Price; Return; Direction/Movement,Yes,Unclear,Yes,No,,Yes,5,22,A_Direct_Methodological_Priority,Detailed extraction for gap and methodology design,Medium,Financial_News; Sentiment; FinBERT_BERT_RoBERTa; Fusion; Transformer_Attention,dow jones; stock forecasting; stock market; stock markets; stock movement; stock price,return forecasting; stock movement; stock price,artificial intelligence; artificial neural network; attention; finbert; machine learning; neural network; transformer,,"Causality-driven multivariate stock movement forecasting || Our study aims to investigate the interdependence between international stock markets and sentiments from financial news in stock forecasting. || The proposed methodological approach involves the following elements: a FinBERT-based textual analysis of financial news articles to extract sentiment time series, the use of the Transfer Entropy and corresponding heat maps to analyze the net information flows, the calculation of the DTE time series, which are considered as co-occurring covariates of stock Price, and TFT-based stock forecasting. || The Dow Jones Industrial Average index of 13 countries, along with daily financial news data obtained through the New York Times API, are used to demonstrate the validity and superiority of the proposed DTE-based causality method along with TFT for accurate stock Price and Return forecasting compared to state-of-the-art time series forecasting methods. © 2024 Díaz Berenguer et al.",,,Yes,Unclear,Unclear,Yes,Unclear,Yes,Yes,Unclear,Unclear,Yes,Yes,Unclear,Unclear,Unclear,Unclear,Unclear,Unclear,Unclear,time series,,,financial news; news articles,,sentiment,finbert,,,fusion,temporal fusion transformer; transformer,,,,,,,
doi:10.1016/j.procs.2024.08.198,Comparative research on multi-source heterogeneous data fusion technologies,Wen Long and Jing Gao and Man Guo,2024,Procedia Computer Science,10.1016/j.procs.2024.08.198,"Both structured market data and unstructured financial news data can significantly affect stock price fluctuations. Therefore, relying only on a single data source for stock price trend prediction may produce information bias. This article combines these two types of heterogeneous data and systematically compares the effectiveness of different data fusion technologies to establish the optimal data integration strategy, thereby improving the accuracy of stock price prediction. Specifically, this paper innovatively proposes a stock price trend prediction model named MVL-SVM. The model successfully combines multi-perspective learning with support vector machine, and realizes the effective fusion of stock market data and financial news data. It is worth mentioning that the prediction accuracy of MVL-SVM model using direct fusion method is more than 30% higher than that of index modeling method, which indicates that direct fusion method can fully learn effective information from multiple information sources, thus significantly improving the prediction effect.","Multi-view Learning, MVL-SVM, Market data, Financial news data, Heterogeneous data fusion",Article,No,Yes,No,SD01; SD02,M-1329,Primary/Other,Yes,Price; Trend,Yes,Yes,Yes,No,,Yes,3,22,A_Direct_Methodological_Priority,Detailed extraction for gap and methodology design,High,Financial_News; Multimodal; Fusion,stock market; stock price,price prediction; price trend; stock price; trend prediction,support vector; svm,accuracy; comparative,"Both structured market data and unstructured financial news data can significantly affect stock price fluctuations. || Therefore, relying only on a single data source for stock price trend prediction may produce information bias. || This article combines these two types of heterogeneous data and systematically compares the effectiveness of different data fusion technologies to establish the optimal data integration strategy, thereby improving the accuracy of stock price prediction. || Specifically, this paper innovatively proposes a stock price trend prediction model named MVL-SVM.",,,Yes,Unclear,Unclear,Yes,Unclear,Unclear,Unclear,Unclear,Yes,Yes,Unclear,Unclear,Unclear,Unclear,Unclear,Unclear,Unclear,Unclear,market data,,,financial news,,,,,heterogeneous data; multi-source,data fusion; fusion,,,,,,,,
doi:10.1007/s42979-024-03143-2,Design and Development of Artificial Intelligence Framework to Forecast the Security Index Direction and Value in Fusion with Sentiment Analysis of Financial News,Singh H.; Malhotra M.; Singh S.; Sharma P.; Prabha C.,2024,SN Computer Science,10.1007/s42979-024-03143-2,"The domain of stock price prediction is extensively researched owing to its complex data structure and numerous influential factors. In the current epoch, many modern financial applications demonstrate non-linear and uncertain characteristics that exhibit temporal variability. As a result, there has been a notable rise in the need for resolutions to highly non-linear and time-variant issues. External factors, including public sentiment and political events, can influence stock market trends. The primary aim of this research is to propose a novel framework for predicting the blue-chip stock price in the future by combining historical stock data corresponding to the financial news published regarding stock in the newspaper. The initial step involves integrating sentiment and situational features into a machine-learning model. This integration aims to evaluate public sentiments’ influence on algorithms’ predictive precision thirty days ahead. Furthermore, regression models are utilized to analyze the inter-dependencies that exist among companies. To facilitate an experimental analysis, the researchers acquired historical data from the stock market through reputable sources such as the National Stock Exchange-India and collected news data about stock from the financial newspaper “EconomicTimes”. A series of machine learning models were tested to facilitate the classification of news sentiments of the stocks, followed by the fusion of resultant polarities with the stock’s historical data on the standard column “DATE” and then tested series of deep learning models to observe the impact of news on stock price and by taking reference of this, the authors successfully predicted the stock price on a random day. The findings unequivocally indicate that the proposed research design produces better results than other state-of-the-art models. © The Author(s), under exclusive licence to Springer Nature Singapore Pte Ltd. 2024.",Comparative analysis; Economics; Sentiment analysis; Stock news; Stock price forecast,Article,Yes,No,No,SC01,M-0353,Primary/Other,Yes,Price; Trend,Yes,Yes,Yes,Yes,,Yes,4,22,A_Direct_Methodological_Priority,Detailed extraction for gap and methodology design,Medium,Financial_News; Sentiment; Fusion; Indian_Market,national stock exchange; stock market; stock price,market trends; price forecast; price prediction; stock price,artificial intelligence; deep learning; machine learning,comparative; evaluate; experimental; precision,"The domain of stock price prediction is extensively researched owing to its complex data structure and numerous influential factors. || External factors, including public sentiment and political events, can influence stock market trends. || The primary aim of this research is to propose a novel framework for predicting the blue-chip stock price in the future by combining historical stock data corresponding to the financial news published regarding stock in the newspaper. || A series of machine learning models were tested to facilitate the classification of news sentiments of the stocks, followed by the fusion of resultant polarities with the stock’s historical data on the standard column “DATE” and then tested series of deep learning models to observe the impact of news on stock price and by taking reference of this, the authors successfully predicted the stock price on a random day.",sentiment analysis,,Unclear,Unclear,Unclear,Yes,Unclear,Yes,Unclear,Unclear,Unclear,Yes,Unclear,Unclear,Unclear,Unclear,Unclear,Unclear,Yes,Unclear,,,,financial news,,sentiment,,,,fusion,,,,,,,india; national stock exchange,
doi:10.1016/j.jii.2024.100711,Enhanced stock price prediction with optimized ensemble modeling using multi-source heterogeneous data: Integrating LSTM attention mechanism and multidimensional gray model,Liu Q.; Hu Y.; Liu H.,2024,Journal of Industrial Information Integration,10.1016/j.jii.2024.100711,"The prediction of stock prices is a complex task due to the influence of various factors, high noise, and nonlinearity. This paper focuses on addressing the challenges of low prediction accuracy and poor stability, which have been a key area of interest in academic research. We proposed an optimized ensemble model that combines an LSTM-based attention mechanism and a cyclic multidimensional gray model, utilizing multi-source heterogeneous data. Our results demonstrate that the ensemble model achieves improved prediction accuracy, exhibits a good fitting effect, and outperforms individual models. The ensemble model yields smaller Mean Absolute Error (MAE), Mean Absolute Percentage Error (MAPE), and Root Mean Square Error (RMSE) values compared to the LSTM-based attention mechanism model and the multidimensional gray model. Furthermore, the ensemble model shows enhanced coefficient of determination (R2). Comparative analysis with alternative models such as ARIMA, GRU, CNN, and CNN-GRU reveals that the ensemble model achieves significant advancements in prediction accuracy. © 2024 Elsevier Inc.",Attention mechanism-long short term memory (ATT-LSTM); Cyclic multidimensional gray model (CMGM); Deep learning; Multi-source heterogeneous data; Stock price forecasts; Long short-term memory; Attention mechanism-long short term memory; Attention mechanisms; Cyclic multidimensional gray model; Deep learning; Gray Model; Heterogeneous data; Multi-source heterogeneous data; Multi-Sources; Short term memory; Stock price forecasts; Prediction models,Article,Yes,Yes,No,SC01; SD01; SD02; SD04,M-1118,Primary/Other,Yes,Price,Yes,Yes,Yes,No,,Yes,3,22,A_Direct_Methodological_Priority,Detailed extraction for gap and methodology design,Medium,Multimodal; Transformer_Attention; Optimization,stock price; stock prices,price prediction; stock price; stock prices,attention; cnn; deep learning; gru; lstm,accuracy; comparative; mae; mape; outperforms; r2; results demonstrate; rmse,"Enhanced stock price prediction with optimized ensemble modeling using multi-source heterogeneous data: Integrating LSTM attention mechanism and multidimensional gray model || The prediction of stock prices is a complex task due to the influence of various factors, high noise, and nonlinearity.",,,Unclear,Unclear,Unclear,Unclear,Unclear,Unclear,Unclear,Unclear,Yes,Unclear,Yes,Yes,Yes,Unclear,Unclear,Unclear,Unclear,Unclear,,,,,,,,,heterogeneous data; multi-source,,attention mechanism,gru; long short term memory; long short-term memory; lstm,optimized,,,,,
doi:10.1109/access.2024.3475217,Ensemble Forecasting of Stock Prices using Multidimensional Grey Model and ATT-LSTM with Multi-source Heterogeneous Data,Liu Q.; Hu Y.; Liu H.,2024,IEEE Access,10.1109/access.2024.3475217,"The prediction of stock prices is a complex task due to the influence of various factors, high noise, and nonlinearity. This paper focuses on addressing the challenges of low prediction accuracy and poor stability, which have been a key area of interest in academic research. We proposed an optimized ensemble model that combines an LSTM-based attention mechanism and a cyclic multidimensional gray model, utilizing multi-source heterogeneous data. Our results demonstrate that the ensemble model achieves improved prediction accuracy, exhibits a good fitting effect, and outperforms individual models. The ensemble model yields smaller Mean Absolute Error (MAE), Mean Absolute Percentage Error (MAPE), and Root Mean Square Error (RMSE) values compared to the LSTM-based attention mechanism model and the multidimensional gray model. Furthermore, the ensemble model shows enhanced coefficient of determination (R2). Comparative analysis with alternative models such as ARIMA, GRU, CNN, CNN-GRU and SVM reveals that the ensemble model achieves significant advancements in prediction accuracy.  © 2013 IEEE.",Attention mechanism-Long Short-Term Memory (ATT-LSTM); Cyclic multidimensional gray model (CMGM); Deep learning; Multi-source heterogeneous data; Stock price forecasts; Long short-term memory; Mean square error; Attention mechanism-long short-term memory; Attention mechanisms; Cyclic multidimensional gray model; Deep learning; Gray Model; Heterogeneous data; Multi-source heterogeneous data; Multi-Sources; Short term memory; Stock price forecasts; Prediction models,Article,Yes,No,No,SC01,M-1691,Primary/Other,Yes,Price,Yes,Yes,Yes,No,,Yes,3,22,A_Direct_Methodological_Priority,Detailed extraction for gap and methodology design,Medium,Multimodal; Transformer_Attention; Optimization,stock price; stock prices,stock price; stock prices,attention; cnn; deep learning; gru; lstm; svm,accuracy; comparative; mae; mape; outperforms; r2; results demonstrate; rmse,"Ensemble Forecasting of Stock Prices using Multidimensional Grey Model and ATT-LSTM with Multi-source Heterogeneous Data || The prediction of stock prices is a complex task due to the influence of various factors, high noise, and nonlinearity.",,,Unclear,Unclear,Unclear,Unclear,Unclear,Unclear,Unclear,Unclear,Yes,Unclear,Yes,Yes,Yes,Unclear,Unclear,Unclear,Unclear,Unclear,,,,,,,,,heterogeneous data; multi-source,,attention mechanism,gru; long short-term memory; lstm,optimized,,,,,
doi:10.1109/access.2024.3519556,Fusion of Technical Indicators and Sentiment Analysis in a Hybrid Framework of Deep Learning Models for Stock Price Movement Prediction,Moodi F.; Rafsanjani A.J.; Zarifzadeh S.; Ali Zare Chahooki M.,2024,IEEE Access,10.1109/access.2024.3519556,"Stock price movement prediction is challenging due to unpredictable fluctuations and the significant impact of market sentiment and news. Accurate prediction models can enhance investor decision-making and control over stock price movements. Creating a model for predicting high-accuracy stock price movements can improve investor control over stock prices. In this study, a wide range of technical indicators and various aspects of sentiment analysis in tweets were used to predict stock price movement. The impact of the maximum number of positive comments on Tesla stocks on price increases is investigated. Also, we proposed a method for adding sentiments to each tweet. Extracted advanced sentiment analysis features such as the number of positive comments, the number of negative comments, the average score of positive comments, the average score of negative comments, daily tweet volume, ratio of positive to negative tweets. Effect of time windows with variate size is investigate. A CNN-LSTM deep neural network is used to predict stock price movement and compared with LSTM and GRU models. According to the results, the proposed CNN-LSTM deep neural network has the best results to predict stock price movement over the 30-day interval.  © 2013 IEEE.",convolutional neural network (CNN); gated recurrent unit (GRU); Long short-term memory (LSTM); sentiment analysis; stock price movement prediction; Twitter; Convolutional neural networks; Costs; Decision making; Deep neural networks; Financial markets; Long short-term memory; Prediction models; Convolutional neural network; Gated recurrent unit; Long short-term memory; Neural-networks; Sentiment analysis; Short term memory; Stock price movement predictions; Stock price movements; Technical indicator; Tweets,Article,Yes,No,No,SC01; SC02,M-1698,Primary/Other,Yes,Price; Direction/Movement,Yes,Yes,Yes,Yes,,Yes,3,22,A_Direct_Methodological_Priority,Detailed extraction for gap and methodology design,Medium,Technical_Indicators; Sentiment; Fusion,stock price; stock prices,movement prediction; price movement; price movements; stock price; stock prices,cnn; convolutional; deep learning; deep neural; gru; lstm; neural network; neural networks,accuracy,"Fusion of Technical Indicators and Sentiment Analysis in a Hybrid Framework of Deep Learning Models for Stock Price Movement Prediction || Stock price movement prediction is challenging due to unpredictable fluctuations and the significant impact of market sentiment and news. || Accurate prediction models can enhance investor decision-making and control over stock price movements. || Creating a model for predicting high-accuracy stock price movements can improve investor control over stock prices. || In this study, a wide range of technical indicators and various aspects of sentiment analysis in tweets were used to predict stock price movement. || A CNN-LSTM deep neural network is used to predict stock price movement and compared with LSTM and GRU models. || According to the results, the proposed CNN-LSTM deep neural network has the best results to predict stock price movement over the 30-day interval. © 2013 IEEE.",market sentiment; sentiment analysis,,Yes,Yes,Unclear,Unclear,Yes,Yes,Unclear,Unclear,Unclear,Yes,Unclear,Yes,Unclear,Unclear,Unclear,Unclear,Unclear,Unclear,volume,technical indicator; technical indicators,,,tweet; tweets; twitter,sentiment,,,,fusion,,gru; long short-term memory; lstm,,,,,,
doi:10.1016/j.eswa.2024.124787,Stock price prediction for new energy vehicle companies based on multi-source data and hybrid attention structure,Liu X.; Wu Y.; Luo M.; Chen Z.,2024,Expert Systems with Applications,10.1016/j.eswa.2024.124787,"In recent years, with the rapid advancement of new energy vehicle (NEV) technology, an increasing number of individuals have begun to invest in the stock market of NEV companies. Accurate prediction holds great significance for investors as it not only mitigates investment risks but also enhances the potential returns. However, the accurate prediction of stock prices is subject to the influence of numerous factors from different aspects. Therefore, to improve the prediction accuracy of stock prices, this paper integrates multi-source data and introduces an LSTM-GRU-SA-AM model. The model comprises Long Short-Term Memory (LSTM), Gated Recurrent Unit (GRU), Self-Attention (SA), and the hybrid attention structure SA-AM, with SA representing self-attention and AM representing attention mechanism. The multi-source data consists of stock market trading data, stock data of pertinent companies, and financial news data. We have selected four stocks of Chinese NEV companies to validate the efficacy of utilizing multi-source data, and compared our LSTM-GRU-SA-AM model with six baseline models. The experimental results demonstrate that incorporating multi-source data significantly improves prediction accuracy. Moreover, among all the models examined, our proposed LSTM-GRU-SA-AM model exhibits superior performance. © 2024 Elsevier Ltd",Hybrid attention structure; Multi-source data; NEV companies; Stock price prediction; Commerce; Costs; Financial markets; Forecasting; Hybrid vehicles; Investments; Accurate prediction; Hybrid attention structure; Investment risks; Multisource data; New energy vehicle company; New energy vehicles; Prediction accuracy; Stock price; Stock price prediction; Vehicle technology; Long short-term memory,Article,Yes,Yes,No,SC01; SD01; SD02; SD04,M-0765,Primary/Other,Yes,Price,Yes,Yes,Yes,No,,Yes,3,22,A_Direct_Methodological_Priority,Detailed extraction for gap and methodology design,Medium,Financial_News; Multimodal; Transformer_Attention,stock market; stock price; stock prices,price prediction; stock price; stock prices,attention; gru; lstm,accuracy; experimental; results demonstrate,"Stock price prediction for new energy vehicle companies based on multi-source data and hybrid attention structure || However, the accurate prediction of stock prices is subject to the influence of numerous factors from different aspects. || Therefore, to improve the prediction accuracy of stock prices, this paper integrates multi-source data and introduces an LSTM-GRU-SA-AM model.",,,Unclear,Unclear,Unclear,Yes,Unclear,Unclear,Unclear,Unclear,Yes,Unclear,Yes,Yes,Unclear,Unclear,Unclear,Unclear,Unclear,Unclear,,,,financial news,,,,,multi-source; multisource,,attention mechanism; self-attention,gru; long short-term memory; lstm,,,,,,
doi:10.1007/s41060-025-00932-7,A novel sentiment correlation-based method with dual transformer model for stock price prediction,Chen Q.; Kawashima H.,2026,International Journal of Data Science and Analytics,10.1007/s41060-025-00932-7,"In real-world financial markets, a company’s stock performance is often influenced by its competitors, partners, and other connected firms. However, traditional sentiment-based approaches typically focus only on the target company’s sentiment, overlooking the broader network of influence. To address this limitation, this paper proposes a Dual Transformer architecture that integrates sentiment signals from connected companies to enhance prediction accuracy. This approach aims to bridge a critical gap in financial sentiment analysis by capturing inter-company relationships and their impact on stock price movements. The Dual Transformer comprises two transformer structures, the Enhancement Transformer and the Forecast Transformer. The Enhancement Transformer is used to enhance the correlation strengths between related companies, while the Forecast Transformer is used for stock price forecasting. Eight companies from various industries and financial markets are selected for analysis. The model utilizes the polarity scores of these related companies, combined with historical closing prices from 2015 to 2024, to forecast the next day’s closing price. Prediction performance is evaluated using the mean squared error (MSE). Experimental results demonstrate that incorporating the news sentiment of related companies improves the prediction of the target company’s stock price when using the proposed Dual Transformer model. In addition, the Dual Transformer model can outperform existing models such as Temporal Fusion Transformer, N-Beats, Informer, and LSTM by achieving consistently lower MSE values across all eight companies. © The Author(s), under exclusive licence to Springer Nature Switzerland AG 2025.",Named entity recognition; Sentiment analysis; Sentiment correlation; Time series forecasting; Transformer; Commerce; Costs; Electronic trading; Financial markets; Forecasting; Mean square error; Time series analysis; Mean squared error; Named entity recognition; Real-world; Sentiment analysis; Sentiment correlation; Stock performance; Stock price prediction; Time series forecasting; Transformer; Transformer modeling; Sentiment analysis,Article,Yes,No,No,SC01,M-0327,Primary/Other,Yes,Price; Direction/Movement,Yes,Yes,Yes,Yes,,Yes,3,21,A_Direct_Methodological_Priority,Detailed extraction for gap and methodology design,Low,Sentiment; Fusion; Transformer_Attention,stock price,closing price; closing prices; price forecasting; price movements; price prediction; stock price,lstm; transformer,accuracy; evaluated; experimental; mse; outperform; results demonstrate,"A novel sentiment correlation-based method with dual transformer model for stock price prediction || This approach aims to bridge a critical gap in financial sentiment analysis by capturing inter-company relationships and their impact on stock price movements. || The Enhancement Transformer is used to enhance the correlation strengths between related companies, while the Forecast Transformer is used for stock price forecasting. || Experimental results demonstrate that incorporating the news sentiment of related companies improves the prediction of the target company’s stock price when using the proposed Dual Transformer model.",sentiment analysis,,Yes,Unclear,Unclear,Unclear,Unclear,Yes,Unclear,Unclear,Unclear,Yes,Yes,Yes,Unclear,Unclear,Unclear,Unclear,Unclear,Unclear,closing price; time series,,,,,polarity; sentiment,,,,fusion,informer; temporal fusion transformer; transformer,lstm,,,,,,
doi:10.1016/j.eswa.2025.130474,GHOST: Sentiment-gated mamba and stock-wise tokenization attention for enhanced stock prediction,Zhu W.; Xie L.; Fu H.; Zhang J.,2026,Expert Systems with Applications,10.1016/j.eswa.2025.130474,"Stock trend prediction faces significant challenges due to market sentiment influences, long-term dependencies, and time-varying stock correlation. Specifically, (1) Current sentiment analysis methods exhibit insufficient market sentiment quantification and lack dynamic adaptive integration mechanisms for market fluctuations. (2) Transformer-based models’ quadratic complexity limits long-term stock prediction while lacking finance-specific temporal inductive biases. (3)Traditional temporal tokenization paradigms forcibly merge multi-stock features, weakening stock correlation modeling while dramatically increasing computational costs. To address these constraints, we present GHOST (Gated Hybrid Organization with Sentiment-guided Temporal Mamba and Stock-wise Tokenization Attention). In particular, we leverage GDELT(Global Database of Events, Language and Tone) sentiment quantification through a Hierarchical Sentiment-Gated Layer for dynamic fusion of affective features with trading data. Additionally, Intra-Stock Mamba Selection Layer achieves time-series linear complexity for long-term forecasting by combining a dynamically parameterized shared state space model to provide specialized financial inductive biases. Moreover, our Stock-wise Tokenization Layer converts temporal tokens into stock tokens while preserving data integrity, enabling Inter-Stock Attention Layer to capture stock correlation via attention between stock tokens and reducing attention computation complexity. Experimental results on real-world stock datasets demonstrate the effectiveness of our model. All code and datasets used in this study are publicly available on our GitHub:https://github.com/WHUT-zwj/GHOST. © 2025 Elsevier Ltd. All rights are reserved, including those for text and data mining, AI training, and similar technologies.",Inter-stock attention; Intra-stock mamba; Market sentiment analysis; Stock trend prediction; Stock-wise tokenization; Artificial intelligence; Commerce; Dynamics; Financial markets; Forecasting; Sentiment analysis; Inductive bias; Inter-stock attention; Intra-stock mamba; Long-term dependencies; Market sentiment analyze; Sentiment analysis; Stock predictions; Stock trend prediction; Stock-wise tokenization; Tokenization; Data mining,Article,Yes,No,No,SC01,M-0831,Primary/Other,Yes,Trend,Yes,Yes,Yes,Yes,,Yes,4,21,A_Direct_Methodological_Priority,Detailed extraction for gap and methodology design,Low,Sentiment; Fusion; Transformer_Attention; Multi_Stock,stock prediction; stock trend,stock trend; trend prediction,artificial intelligence; attention; transformer,datasets; experimental; training,"GHOST: Sentiment-gated mamba and stock-wise tokenization attention for enhanced stock prediction || Stock trend prediction faces significant challenges due to market sentiment influences, long-term dependencies, and time-varying stock correlation. || Specifically, (1) Current sentiment analysis methods exhibit insufficient market sentiment quantification and lack dynamic adaptive integration mechanisms for market fluctuations. (2) Transformer-based models’ quadratic complexity limits long-term stock prediction while lacking finance-specific temporal inductive biases. (3)Traditional temporal tokenization paradigms forcibly merge multi-stock features, weakening stock correlation modeling while dramatically increasing computational costs.",market sentiment; sentiment analysis,,Unclear,Unclear,Unclear,Unclear,Unclear,Yes,Unclear,Unclear,Unclear,Yes,Yes,Unclear,Unclear,Unclear,Unclear,Unclear,Unclear,Yes,,,,,,sentiment,,,,fusion,transformer,,,,,,,multi-stock
doi:10.1007/s10489-025-07048-2,Hybrid stock price forecasting model using LSTM of attention mechanism combining noise removal and neighborhood rough set,Guo Y.; Sun B.; Bai J.; Ding W.,2026,Applied Intelligence,10.1007/s10489-025-07048-2,"Financial markets are highly non-linear and noisy, which complicates stock price forecasting. Traditional machine learning models often fail to appropriately generalize noisy data. Additionally, incorporating redundant attributes increases training complexity and overfitting risk. In this study, a hybrid model is proposed that combines noise reduction and feature selection techniques to improve forecasting accuracy and efficiency. Specifically, we propose a fusion noise identification and attribute reduction method based on independent component analysis (ICA), signal-to-noise ratio (SNR) theory, and neighborhood rough set (NRS) theory to address the aforementioned problems. First, technical indicators are established and used as alternative inputs for ICA. The aim is to determine the optimal ICA input dimension and noise sequence by maximizing the SNR while minimizing the reconstructed similarity of the series. Second, we calculate the attribute significance using the neighborhood rough set and obtain an attribute subset that satisfies the threshold filter condition. Finally, an attention mechanism-based (AM) long short-term memory (LSTM) neural network is used to build a forecasting model for the noise-reduced close price and reduced set of attributes. The research findings indicate that for time series denoising based on ICA, optimal results are achieved with an appropriate input dimension. Excessive input sequences introduce noise or redundant information. Attribute reduction based on NRS effectively reduces both temporal and spatial computational complexity without sacrificing generalization accuracy. © The Author(s), under exclusive licence to Springer Science+Business Media, LLC, part of Springer Nature 2026.",Attention mechanism; Attribute reduction; Independent component analysis; Long short-term memory; Neighborhood rough set; Stock price forecasting; Costs; Electronic trading; Financial markets; Forecasting; Learning systems; Long short-term memory; Noise abatement; Signal to noise ratio; Attention mechanisms; Attribute reduction; Forecasting models; Independent components analysis; Input dimensions; Neighborhood rough sets; Noise ratio; Short term memory; Signal to noise; Stock price forecasting; Independent component analysis,Article,Yes,No,No,SC01,M-0132,Primary/Other,Yes,Price,Yes,Yes,Yes,No,,Yes,3,21,A_Direct_Methodological_Priority,Detailed extraction for gap and methodology design,Low,Technical_Indicators; Fusion; Transformer_Attention,stock price,close price; price forecasting; stock price,attention; hybrid model; lstm; machine learning; neural network,accuracy; training,"Hybrid stock price forecasting model using LSTM of attention mechanism combining noise removal and neighborhood rough set || Financial markets are highly non-linear and noisy, which complicates stock price forecasting.",,,Yes,Yes,Unclear,Unclear,Unclear,Unclear,Unclear,Unclear,Unclear,Yes,Yes,Yes,Unclear,Unclear,Unclear,Unclear,Unclear,Unclear,time series,technical indicators,,,,,,,,fusion,attention mechanism,long short-term memory; lstm,,,,,,
doi:10.1016/j.eswa.2025.129462,Intelligent decision support systems for improving financial forecasting and market trend analysis,Zhu X.,2026,Expert Systems with Applications,10.1016/j.eswa.2025.129462,"Financial markets are highly volatile, which makes accurate forecasting significant for enterprises to improve their investments and minimize risk. Accurate financial forecasting and market trend analysis are critical for effective enterprise decision-making. Traditional forecasting algorithms frequently struggle to include various, real-time external inputs such as public mood and political events, reducing predictive accuracy. To overcome these disadvantages, this research suggests an Intelligent Decision Support System (IDSS) that has the potential to improve financial prediction by incorporating classic market information and external prompts. Financial forecasting data is obtained by integrating multiple data sources, including historical stock market data, public sentiment, and political events. A comprehensive dataset is created by collecting historical stock market data from Yahoo! Finance, public sentiment from Twitter using sentiment analysis techniques, and key political events. Galactic Swarm Optimization (GSO), selected as it possesses greater global search ability and high-dimensional feature space optimization capability, is used for effective feature selection in an effort to select the most important features from the dataset. For financial forecasting and market trend forecasting, this evaluation presents a new Refined Bidirectional Long-Short Term Memory (RBLSTM) model that advances compared to classical BiLSTM by more efficient regularization and bi-directional temporal learning, thereby avoiding overfitting and improving predictive effectiveness. The proposed model achieved the highest outcomes with accuracy (98.42%). These findings suggest that incorporating sentiment and political signals into predictive analytics can enhance decision-making effectiveness for enterprises operating in dynamic financial environments. © 2025 Elsevier Ltd",Decision support; Enterprise strategy; Financial forecasting; GSO; Market trends; RBLSTM; Artificial intelligence; Commerce; Decision making; Electronic trading; Financial markets; Investments; Market Research; Predictive analytics; Sentiment analysis; Decision supports; Enterprise strategies; Financial forecasting; Galactic swarm optimization; Intelligent decision-support systems; Market trends; Political events; Refined bidirectional long-short term memory; Short term memory; Swarm optimization; Decision support systems,Article,Yes,Yes,No,SC01; SC02; SD01; SD02; SD04; SD05,M-0823,Primary/Other,Yes,Trend,Yes,Yes,Yes,Yes,,Yes,2,21,A_Direct_Methodological_Priority,Detailed extraction for gap and methodology design,Low,Sentiment; Multimodal,stock market,market trend; market trends; trend forecasting,artificial intelligence,accuracy; dataset; evaluation,"Financial forecasting data is obtained by integrating multiple data sources, including historical stock market data, public sentiment, and political events.",sentiment analysis,,Yes,Unclear,Unclear,Unclear,Yes,Yes,Unclear,Unclear,Yes,Unclear,Unclear,Yes,Unclear,Unclear,Unclear,Unclear,Unclear,Unclear,market data,,,,twitter,sentiment,,,multiple data sources,,,bilstm,,,,,,
doi:10.59543/jidmis.v3.1455,"Intelligent Stock Market Recommender Systems: A Review of Predictive Models, LLMs, and Decision Frameworks",Sidhu P.; Aggarwal H.; Lal M.,2026,Journal of Intelligent Decision Making and Information Science,10.59543/jidmis.v3.1455,"The evolution of approaches to predicting trends in financial markets has involved several stages, starting from autoregressive statistics, going further to deep sequences, graphs, fusion of sentiment with LLMs, and finally arriving at large language model (LLM) reasoning layers. One area where there has been a lack is the gap between prediction and recommendation, however, because features such as transaction costs, diversification, and investor risk profile are not taken into consideration, a prediction model may indicate a reasonable directionality for held-out samples but be uneconomical to apply when including those factors. This paper presents a survey of the current state of the art for financial trend prediction for the 2025–2026 horizon and eight methodological families, including the classical machine learning methods, recurrent sequences, attention and transformers, graph neural networks, sentiment and LLM-based fusion, explainable AI, reinforcement-learning-based trading agents, and recommender-system-specific approaches. The review shows that predictive accuracy gains have become incremental with respect to the complexity of the architecture needed to achieve them and that the evaluation methodology is now only just catching up with what is important economically and that the number of systems for which the explicit intent is that of a recommendation is still a minority compared to those that are only forecast. In this space, we motivate a design framework for a stock recommender system where prediction is not an end goal, but is one of many inputs, and we outline the open challenges which such a system must still address before it can be trusted with real money.",explainable AI; financial technology; recommender systems; sentiment analysis; stock market prediction,Article,Yes,No,No,SC01; SC05,M-2708,Primary/Other,Yes,Trend,Yes,Yes,No,Yes,,Yes,4,21,A_Direct_Methodological_Priority,Detailed extraction for gap and methodology design,Medium,Sentiment; LLM_FinGPT; Fusion; XAI,stock market,trend prediction,attention; graph neural; large language model; llm; llms; machine learning; neural networks,accuracy; evaluation,,sentiment analysis,,Unclear,Unclear,Unclear,Unclear,Unclear,Yes,Unclear,Yes,Unclear,Yes,Unclear,Unclear,Unclear,Unclear,Yes,Unclear,Unclear,Unclear,,,,,,sentiment,,large language model; llm; llms,,fusion,,,,,explainable,,,
doi:10.1016/j.engappai.2026.114726,Learning unified market interdependencies via networked attention for stock price forecasting,Hewage K.; Li B.; Guo T.; Stenfors A.; Mere P.; Chen F.,2026,Engineering Applications of Artificial Intelligence,10.1016/j.engappai.2026.114726,"Stock price forecasting is challenging due to market volatility and complex, dynamic inter-stock relationships. Existing graph-based approaches often rely primarily on static relational structures or simple time-aligned correlations, which capture only fixed or short-term relationships and fail to model transient cross-temporal dependencies and heterogeneous information sources. We propose a novel artificial intelligence framework for stock price forecasting that integrates heterogeneous data sources, including price co-movements, corporate linkages derived from Wikipedia, and industry affiliations, into a unified dynamic relational graph that combines both structural and behavioral dependencies. The proposed model, named Learning Unified Market Interdependencies (LUMI), adaptively models evolving inter-stock connections and uncovers latent dependencies beyond sectoral or time-aligned patterns. A dual-path temporal attention mechanism disentangles long-term trends from short-term fluctuations, capturing both periodic behaviors and abrupt market shifts. Extensive experiments on four market datasets demonstrate that the proposed deep learning framework outperforms strong baselines in predictive accuracy while providing interpretable insights into market interdependencies. These findings highlight the potential of artificial intelligence for modeling complex financial systems and improving algorithmic stock price forecasting. © 2026 The Authors.",Artificial intelligence; Deep learning; Financial market modeling; Graph neural networks; Stock price forecasting; Commerce; Complex networks; Costs; Electronic trading; Financial markets; Forecasting; Graph neural networks; Graph structures; Graphic methods; Investments; Complex dynamics; Deep learning; Financial Market Modelling; Graph neural networks; Graph-based; Market volatility; Relational structures; Simple++; Stock price forecasting; Volatility dynamics; Deep learning,Article,Yes,Yes,No,SC01; SC05; SD01; SD05,M-0702,Primary/Other,Yes,Price,Yes,Yes,Yes,No,,Yes,3,21,A_Direct_Methodological_Priority,Detailed extraction for gap and methodology design,Low,Multimodal; Transformer_Attention; XAI,stock price,price forecasting; stock price,artificial intelligence; attention; deep learning; graph neural; neural networks,accuracy; datasets; experiments; outperforms,"Learning unified market interdependencies via networked attention for stock price forecasting || Stock price forecasting is challenging due to market volatility and complex, dynamic inter-stock relationships. || We propose a novel artificial intelligence framework for stock price forecasting that integrates heterogeneous data sources, including price co-movements, corporate linkages derived from Wikipedia, and industry affiliations, into a unified dynamic relational graph that combines both structural and behavioral dependencies. || These findings highlight the potential of artificial intelligence for modeling complex financial systems and improving algorithmic stock price forecasting. © 2026 The Authors.",,,Unclear,Unclear,Unclear,Unclear,Unclear,Unclear,Unclear,Unclear,Yes,Unclear,Yes,Unclear,Unclear,Unclear,Yes,Unclear,Unclear,Unclear,,,,,,,,,heterogeneous data,,attention mechanism,,,,interpretable,,,
doi:10.54364/aaiml.2025.52216,Assessing Lag-Llama in Probabilistic Time Series Forecasting for the Indonesian Stock Market,Nasution A.H.; Hanafiah A.; Monika W.; Sokkalingam R.; Mohamad M.S.; Alamsyah A.,2025,Advances in Artificial Intelligence and Machine Learning,10.54364/aaiml.2025.52216,"Accurately predicting stock prices is crucial for investors and policymakers. This paper presents the first empirical evaluation of Lag-Llama, a novel probabilistic time series forecasting model, for predicting stock prices on the Indonesian Stock Exchange (IDX). By applying Lag-Llama to both univariate and multi-time series forecasts of key IDX stocks, we assess its ability to capture temporal patterns and market volatility, particularly in comparison to state-of-the-art models like DeepAR (RNN) and Temporal Fusion Transformer (TFT). Our results show that in fine-tuning scenarios Lag-Llama achieves a Continuous Ranked Proba-bility Score (CRPS) of 0.0195 on a combined dataset of three major stocks (BBCA, BMRI, and AMRT), closely matching TFT (CRPS 0.0179) and outperforming DeepAR (CRPS 0.0270). However, forecasting across broader stock groups (Top 1–9 and Top 10–18 by market cap-italization) proves more challenging, with CRPS values rising (e.g. 0.0517 for the Top 1– 9 stocks). This study demonstrates Lag-Llama’s potential as a robust tool for stock price prediction—particularly for select, closely-related stock groupings—offering improved precision and reliability compared to traditional methods. © 2025 Arbi Haza Nasution, et.al.",Lag-Llama; Large Language Models; Probabilistic Time Series Forecasting; Stock Market Analysis,Article,Yes,No,No,SC01,M-2664,Primary/Other,Yes,Price,Yes,Yes,Yes,No,,Yes,3,21,A_Direct_Methodological_Priority,Detailed extraction for gap and methodology design,Low,LLM_FinGPT; Fusion; Transformer_Attention,stock market; stock price; stock prices,price prediction; stock price; stock prices,large language models; rnn; transformer,comparison; dataset; evaluation; precision; results show,"Assessing Lag-Llama in Probabilistic Time Series Forecasting for the Indonesian Stock Market || Accurately predicting stock prices is crucial for investors and policymakers. || This paper presents the first empirical evaluation of Lag-Llama, a novel probabilistic time series forecasting model, for predicting stock prices on the Indonesian Stock Exchange (IDX). || This study demonstrates Lag-Llama’s potential as a robust tool for stock price prediction—particularly for select, closely-related stock groupings—offering improved precision and reliability compared to traditional methods. © 2025 Arbi Haza Nasution, et.al.",,,Yes,Unclear,Unclear,Unclear,Unclear,Unclear,Unclear,Yes,Unclear,Yes,Yes,Yes,Unclear,Unclear,Unclear,Unclear,Unclear,Unclear,time series,,,,,,,large language models,,fusion,temporal fusion transformer; transformer,rnn,,,,,,
doi:10.11896/jsjkx.240600140,Deep Learning Stock Price Probability Prediction Based on Multi-modal Feature Wavelet Decomposition; [基于多模态特征小波分解的深度学习股价概率预测],Zhang Y.; Guo C.; Wei H.,2025,Computer Science,10.11896/jsjkx.240600140,"This paper constructs an innovative deep learning model for probabilistic stock price prediction based on multi-modal feature wavelet decomposition(MWDPF). This model integrates multi-source heterogeneous information, including dynamic continuous features, dynamic categorical features,static continuous features,and static categorical features. Through a parallel fusion strategy, it fully explores the complementary information in different feature subspaces,comprehensively characterizing the multiple dimensions affecting stock price fluctuations. It adopts an auto-regressive recurrent neural network architecture,which can directly output the probability distribution prediction of stock price changes, rather than a single deterministic value prediction, more closely matching the actual probabilistic distribution characteristics of stock prices. Additionally, this model introduces wavelet decomposition technology to denoise the original time series,adaptively filtering out noise components at different scales, improving its ability to capture intrinsic fluctuation patterns. In the empirical analysis phase,this study collects multi-modal data from financial databases and internet forums,and through a series of preprocessing steps such as missing value imputation,outlier removal,and time alignment,as well as careful feature engineering and model optimization, achieves excellent prediction performance, significantly outperforming traditional statistical models and deep learning models, with substantial improvements in evaluation metrics. The prediction results generated by the proposed model are used to construct a multi-factor stock selection strategy, achieving considerable excess returns in real-world backtesting,further verifying the effectiveness of the model in practical investment decision-making. This study provides an effective solution for stock price prediction, enriches the theories and methods of quantitative investment,and has significant theoretical and application value. © 2025 Editorial office of Computer Science. All rights reserved.",Auto-regressive recurrent neural network; Multi-modal heterogeneous feature fusion; Portfolio excess returns; Probability density prediction; Wavelet decomposition time-frequency analysis,Article,Yes,No,No,SC01,M-1970,Primary/Other,Yes,Price,Yes,Yes,Yes,Yes,,Yes,2,21,A_Direct_Methodological_Priority,Detailed extraction for gap and methodology design,High,Multimodal; Fusion,stock price; stock prices,price prediction; stock price; stock prices,deep learning; neural network; recurrent neural,backtesting; evaluation,"Deep Learning Stock Price Probability Prediction Based on Multi-modal Feature Wavelet Decomposition; [基于多模态特征小波分解的深度学习股价概率预测] || This paper constructs an innovative deep learning model for probabilistic stock price prediction based on multi-modal feature wavelet decomposition(MWDPF). || Through a parallel fusion strategy, it fully explores the complementary information in different feature subspaces,comprehensively characterizing the multiple dimensions affecting stock price fluctuations. || It adopts an auto-regressive recurrent neural network architecture,which can directly output the probability distribution prediction of stock price changes, rather than a single deterministic value prediction, more closely matching the actual probabilistic distribution characteristics of stock prices. || This study provides an effective solution for stock price prediction, enriches the theories and methods of quantitative investment,and has significant theoretical and application value. © 2025 Editorial office of Computer Science.",stock selection,,Yes,Unclear,Unclear,Unclear,Unclear,Unclear,Unclear,Unclear,Yes,Yes,Unclear,Yes,Unclear,Unclear,Unclear,Unclear,Unclear,Unclear,time series,,,,,,,,multi-modal; multi-source,feature fusion; fusion,,recurrent neural,,,,,,
doi:10.1007/s00500-025-10629-5,Forecasting leading economic indicators in the US from financial news using multi-task learning,Ying J.J.-C.; Liu C.-C.; Tseng V.S.; Zhang W.; Zhang J.,2025,Soft Computing,10.1007/s00500-025-10629-5,"Leading economic indicators are crucial statistics that are based on the economy and have a significant impact on various factors such as policies, stock market trends, etc. However, due to the long release time interval of these indicators, it is challenging to accurately predict their trends in advance. In this paper, we propose an effective framework for forecasting leading economic indicators in the United States by utilizing leading indicators to predict each other and learn their mutual correlation through an attention mechanism. To achieve this, we present a hierarchical, multi-task learning approach that uses textual data to make predictions for four essential leading economic indicators. We first group news articles by topic and then summarize and extract information using a time-series method and attention. Finally, we concatenate news information with historical data to forecast the leading economic indicators. Our experimental results demonstrate that our approach successfully forecasts leading economic indicators, and we are able to predict four indicators one month beforehand. This framework has significant potential for use in the finance industry and can be used to inform important decisions related to investment strategies, policymaking, and other financial aspects. © The Author(s), under exclusive licence to Springer-Verlag GmbH Germany, part of Springer Nature 2025.",Deep learning; Financial news; Leading economic indicators forecasting; Multi-modal learning; Multi-task learning; Financial markets; International trade; Investments; Deep learning; Economic indicators; Financial news; Leading economic indicator forecasting; Leading indicators; Market trends; Multi-modal learning; Multitask learning; Release time; Time interval; Time series,Article,Yes,No,No,SC01,M-0070,Primary/Other,Yes,Trend,Yes,Yes,Yes,No,,Yes,3,21,A_Direct_Methodological_Priority,Detailed extraction for gap and methodology design,Low,Financial_News; Multimodal; Transformer_Attention,stock market,market trends,attention; deep learning,experimental; results demonstrate,"Leading economic indicators are crucial statistics that are based on the economy and have a significant impact on various factors such as policies, stock market trends, etc.",,,Yes,Unclear,Unclear,Yes,Unclear,Unclear,Unclear,Unclear,Yes,Unclear,Yes,Unclear,Unclear,Unclear,Unclear,Unclear,Unclear,Unclear,time series,,,financial news; news articles,,,,,multi-modal,,attention mechanism,,,,,,,
doi:10.18280/isi.301122,Hybrid CNN–LSTM Integrated with Temporal Fusion Transformer for Accurate and Interpretable Stock Market Forecasting,Tiwari A.; Shieh C.-S.; Kantipudi M.V.V.P.; Choidhary S.,2025,Ingenierie des Systemes d'Information,10.18280/isi.301122,"In the digital era, stock forecasting remains one of the most challenging tasks in financial time series analysis due to the nonlinear and volatile nature of real-time market data. Traditional statistical models such as ARIMA and GARCH often struggle to capture the complex temporal dependencies and non-stationary patterns inherent in stock movements. In contrast, hybrid deep learning architectures that integrate convolutional, recurrent, and attention mechanisms have demonstrated superior capabilities in modeling multiscale temporal patterns. This paper proposes a novel hybrid framework that combines a CNN–LSTM model with the Temporal Fusion Transformer (TFT) for accurate and interpretable stock price forecasting. The CNN–LSTM captures short- and long-term dependencies, while the TFT enhances temporal feature fusion and interpretability. Evaluated on Apple Inc. (AAPL) daily stock data over five years (2016–2020), the proposed hybrid model achieved approximately 12% lower RMSE than a baseline LSTM model. Furthermore, a model-driven long/short trading strategy based on the forecasts yielded a return of 80.7%, significantly outperforming the buy-and-hold benchmark return of 38% over the same period. All results are reported before considering transaction costs. These findings demonstrate the proposed framework’s effectiveness in both predictive accuracy and real-world trading applicability. ©2025 The authors.",CNN–LSTM hybrid model; explainable AI; financial time serie; multi step forecasting; stock market; TFT; time series prediction; trading strategy,Article,Yes,No,No,SC01; SC05,M-2151,Primary/Other,Yes,Price; Direction/Movement,Yes,Yes,Yes,Yes,,Yes,3,21,A_Direct_Methodological_Priority,Detailed extraction for gap and methodology design,Low,Fusion; Transformer_Attention; XAI,stock forecasting; stock market; stock price,price forecasting; stock movements; stock price,attention; cnn; convolutional; deep learning; hybrid model; lstm; transformer,accuracy; benchmark; evaluated; rmse,"Hybrid CNN–LSTM Integrated with Temporal Fusion Transformer for Accurate and Interpretable Stock Market Forecasting || In the digital era, stock forecasting remains one of the most challenging tasks in financial time series analysis due to the nonlinear and volatile nature of real-time market data. || This paper proposes a novel hybrid framework that combines a CNN–LSTM model with the Temporal Fusion Transformer (TFT) for accurate and interpretable stock price forecasting.",trading strategy,,Yes,Unclear,Unclear,Unclear,Unclear,Unclear,Unclear,Unclear,Unclear,Yes,Yes,Yes,Unclear,Unclear,Yes,Unclear,Unclear,Unclear,market data; time series,,,,,,,,,feature fusion; fusion,temporal fusion transformer; transformer,lstm,,,explainable; interpretability; interpretable,,,
doi:10.1109/icivc66358.2025.11200360,Stock Price Prediction and Investment Strategy via Machine Learning Model Fusion,Wang B.; Xu H.; Pan Y.; Yu C.,2025,"10th International Conference on Image, Vision and Computing, ICIVC 2025",10.1109/icivc66358.2025.11200360,"This study explores stock price prediction using multiple machine learning models and enhances accuracy via model fusion with XGBoost as the meta-model and Linear Regression, Support Vector Machine, and Random Forest as the base models. We trained and compared various models (e.g. linear regression, random forests, and support vector machine) using historical stock data to predict future stock prices based on daily closing prices and various technical indicators. The experimental data presented a clear discrepancy in the performance of the various models. Such unification of the models through composite technology offered us a chance to increase not only the accuracy but also the stability of the forecasting process. Results of this technique gave us the opportunity to design profit-making strategies, which were evaluated through a forward-looking simulation framework to ensure out-of-sample validity. The primary goal of this study is to propose a new method for enhancing financial forecast accuracy and machine learning-driven investment decision making.  © 2025 IEEE.",investment strategy; model fusion; stock price prediction; XGBoost; Costs; Decision making; Electronic trading; Financial markets; Fusion reactions; Investments; Learning systems; Linear regression; Prediction models; Strategic planning; Support vector regression; Investment strategy; Machine learning models; Meta model; Model fusion; Multiple machine; Price-prediction strategies; Random forests; Stock price prediction; Via modeling; Xgboost; Forecasting,Conference paper,Yes,No,No,SC06,M-1771,Conference,Yes,Price,Yes,Yes,Yes,No,,Yes,3,21,A_Direct_Methodological_Priority,Detailed extraction for gap and methodology design,Low,Technical_Indicators; Fusion; Temporal_Validation,stock price; stock prices,closing prices; price prediction; stock price; stock prices,machine learning; random forest; support vector; xgboost,accuracy; evaluated; experimental,"Stock Price Prediction and Investment Strategy via Machine Learning Model Fusion || This study explores stock price prediction using multiple machine learning models and enhances accuracy via model fusion with XGBoost as the meta-model and Linear Regression, Support Vector Machine, and Random Forest as the base models. || We trained and compared various models (e.g. linear regression, random forests, and support vector machine) using historical stock data to predict future stock prices based on daily closing prices and various technical indicators.",,,Unclear,Yes,Unclear,Unclear,Unclear,Unclear,Unclear,Unclear,Unclear,Yes,Unclear,Unclear,Unclear,Unclear,Unclear,Yes,Unclear,Unclear,,technical indicators,,,,,,,,fusion,,,,,,out-of-sample,,
doi:10.14569/ijacsa.2025.0160956,Strategic Decision Support in Financial Management Using Deep Learning-Based Stock Price Prediction Models,Almahadeen L.; Reddy C.V.K.; Traisa R.; Isoevich M.S.; Kongala L.; Rathi J.A.; Rautrao R.R.,2025,International Journal of Advanced Computer Science and Applications,10.14569/ijacsa.2025.0160956,"The Strategic decision support creates a strong and smart decision support system for financial management through the correct forecast of stock prices with deep learning. Statistical models and shallow machine learning techniques tend to be ineffective in modeling the nonlinear relationships, sequential interdependencies, and time-dependent volatility typical of financial data; consequently, poor prediction quality and untrustworthy investment choices. To overcome these constraints, introduce a new hybrid deep learning architecture based on the Temporal Fusion Transformer (TFT) combined with Bidirectional Long Short-Term Memory (BiLSTM) networks. The proposed hybrid model is expected to complement time-series forecasting by simultaneously utilizing attention mechanisms for explainability and sequence memory functions for richer temporal understanding. The model is trained and tested with the publicly available Stock Market Dataset on Kaggle, which includes stock history from various companies. The whole process is carried out on the Python platform using TensorFlow along with relevant libraries for data preprocessing, feature scaling, and model training. The new TFT-BiLSTM model surpasses conventional models through an accuracy level of 93.4% and an F1-score of 94.2%, demonstrating its precision and generalization power. The system provides strategic benefits in financial planning and risk management. Financial analysts, investors, fintech, and portfolio managers may take advantage of our prediction system to make rational buy/sell judgments, minimize risks, and maximize asset allocations. By synthesizing state-of-the-art deep learning models and public financial data, our framework illustrates that accurate stock price prediction can be an effective mechanism for supporting decision-making in financial markets. © (2025), (Science and Information Organization). All rights reserved.",BiLSTM; deep learning; financial decision support; Stock price forecasting; temporal fusion transformer; Commerce; Costs; Decentralized finance; Decision making; Decision support systems; Electronic trading; Financial markets; Fintech; Forecasting; Investments; Learning algorithms; Learning systems; Risk management; Strategic planning; Bidirectional long short-term memory; Decision supports; Deep learning; Financial decision support; Financial managements; Short term memory; Stock price forecasting; Stock price prediction; Strategic decisions; Temporal fusion transformer; Deep learning,Article,Yes,No,No,SC01; SC05,M-2074,Primary/Other,Yes,Price,Yes,Yes,Yes,Yes,,Yes,3,21,A_Direct_Methodological_Priority,Detailed extraction for gap and methodology design,Low,Fusion; Transformer_Attention; XAI,stock market; stock price; stock prices,price forecasting; price prediction; stock price; stock prices,attention; deep learning; hybrid model; machine learning; transformer,accuracy; dataset; f1; precision; training,"Strategic Decision Support in Financial Management Using Deep Learning-Based Stock Price Prediction Models || The Strategic decision support creates a strong and smart decision support system for financial management through the correct forecast of stock prices with deep learning. || By synthesizing state-of-the-art deep learning models and public financial data, our framework illustrates that accurate stock price prediction can be an effective mechanism for supporting decision-making in financial markets. © (2025), (Science and Information Organization).",buy/sell,,Unclear,Unclear,Unclear,Unclear,Unclear,Unclear,Unclear,Unclear,Unclear,Yes,Yes,Yes,Unclear,Unclear,Yes,Unclear,Unclear,Unclear,,,,,,,,,,fusion,temporal fusion transformer; transformer,bilstm; long short-term memory,,,explainability,,,
doi:10.3724/2096-7004.di.2024.0004,A Hybrid Channel Stock Model for Stock Price Forecasting with Multifaceted Feature Fusion,Xu Z.; Wang Y.; Li Y.; Zhang L.; Jiang B.,2024,Data Intelligence,10.3724/2096-7004.di.2024.0004,"Stock market is volatile and predicting stock prices is a challenging task. Stock prices are influenced by multiple factors, and prediction using only numerical or image features is ineffective. To solve this problem, we propose a Hybrid Channel Stock model that incorporates multiple features of basic stock data, K-line charts and technical indicator factors for predicting the closing price of a stock on day n+1. The model combines multiple aspects of data and uses a multi-channel structure including improved CNN-TW, bidirectional LSTM and Transformer network. First, we construct the multi-channel branches of the multi-faceted feature fusion input network model; second, in this paper, we will use the concatenate method to stitch the output of each branch as the input of the rest of the network; the last layer in the network is the fully connected layer, which combines the linear activation function regression to output the predicted prices. Finally, we conducted extensive experiments on the Dow 30, SSH 50 and CSI100 indices. The experimental results show that the Hybrid Channel Stock method has the best performance with the smallest MSE, RMSE, MAE and MAPE compared with existing models. in addition, the experiments on different trading days validate the stability and effectiveness of the model, providing an important reference for investors to make stock investment decisions. © 2024 Chinese Academy of Sciences. Published under a Creative Commons Attribution 4.0 International (CC BY 4.0) license.",CNN-TW; Hybrid Channel Stock model; Multi-channel; Multifaceted feature; Stock Price Forecast; Commerce; Financial markets; Investments; CNN-TW; Features fusions; Hybrid channel stock model; Hybrid channels; Multi channel; Multifaceted feature; Stock models; Stock price; Stock price forecasting; Stock price forecasts; Costs,Article,Yes,No,No,SC01,M-2526,Primary/Other,Yes,Price,Yes,Yes,Yes,No,,Yes,3,21,A_Direct_Methodological_Priority,Detailed extraction for gap and methodology design,Low,Technical_Indicators; Fusion; Transformer_Attention,stock market; stock price; stock prices,closing price; price forecast; price forecasting; stock price; stock prices,cnn; lstm; transformer,experimental; experiments; mae; mape; mse; results show; rmse,"A Hybrid Channel Stock Model for Stock Price Forecasting with Multifaceted Feature Fusion || Stock market is volatile and predicting stock prices is a challenging task. || Stock prices are influenced by multiple factors, and prediction using only numerical or image features is ineffective.",,,Yes,Yes,Unclear,Unclear,Unclear,Unclear,Unclear,Unclear,Unclear,Yes,Yes,Yes,Unclear,Unclear,Unclear,Unclear,Unclear,Unclear,closing price,technical indicator,,,,,,,,feature fusion; fusion,transformer,lstm,,,,,,
doi:10.1007/s10614-023-10464-6,Deep Learning Model for Fusing Spatial and Temporal Data for Stock Market Prediction,Sable R.; Goel S.; Chatterjee P.,2024,Computational Economics,10.1007/s10614-023-10464-6,"One of the most significant challenges in stock market forecasting is that the majority of stock price analysis and prediction models based on quantitative data rely on stock trends as their primary metric. These metrics may exhibit good intra-day performance, but have scalability issues when applied to inter-day trading, limiting their accuracy for real-time prediction. The systems that use news and social media data have limited correlation capabilities due to inefficiencies in trend analysis. Fusion of these data sources is expected to improve stock market prediction accuracy. This paper proposes a novel augmented analysis model for fusing spatial and temporal stock trends with global–local market movements via incremental learning. The novel multiparametric augmentation model is based on hybrid of machine and deep neural architectures like support vector machine, recurrent neural network and convolutional neural network. The model integrated five heterogeneous data sources. The model initially identifies global news trends, and correlates them with temporal and spatial stock values. This correlation is further improved by evaluation of local news trends with respect to stock specific geographies and events. This assists in identification of spatial and temporal factors that drive a particular stock’s value, and improve the efficiency of trend analysis. The estimated trend is combined with an incremental learning model, that estimates intra-day stock values with respect to incremental value variance. The proposed model has been tested on numerous local and international stocks from Ten different sectors namely IT, healthcare, energy, communication services, financial, industrial, real estate, consumer discretionary, consumer staples and others over a period of 300 days. The highest accuracy of 95% is observed in terms of stock trend prediction and 99% for stock value close price prediction, with average accuracy of 97.36%. © The Author(s), under exclusive licence to Springer Science+Business Media, LLC, part of Springer Nature 2023. corrected publication 2023.",CNN; Inter-day price; Intra-day price; News; RNN; Stock-market prediction; Trend,Article,Yes,No,No,SC01,M-0144,Primary/Other,Yes,Price; Trend,Yes,Yes,Yes,No,,Yes,2,21,A_Direct_Methodological_Priority,Detailed extraction for gap and methodology design,High,Multimodal; Fusion,stock market; stock price; stock trend; stock trends; stock-market,close price; price prediction; stock price; stock trend; stock trends; trend prediction,cnn; convolutional; deep learning; deep neural; neural network; recurrent neural; rnn; support vector,accuracy; evaluation,"Deep Learning Model for Fusing Spatial and Temporal Data for Stock Market Prediction || One of the most significant challenges in stock market forecasting is that the majority of stock price analysis and prediction models based on quantitative data rely on stock trends as their primary metric. || Fusion of these data sources is expected to improve stock market prediction accuracy. || This paper proposes a novel augmented analysis model for fusing spatial and temporal stock trends with global–local market movements via incremental learning. || The highest accuracy of 95% is observed in terms of stock trend prediction and 99% for stock value close price prediction, with average accuracy of 97.36%. © The Author(s), under exclusive licence to Springer Science+Business Media, LLC, part of Springer Nature 2023. corrected publication 2023.",,,Unclear,Unclear,Unclear,Unclear,Yes,Unclear,Unclear,Unclear,Yes,Yes,Unclear,Yes,Unclear,Unclear,Unclear,Unclear,Unclear,Unclear,,,,,social media,,,,heterogeneous data,fusion,,recurrent neural; rnn,,,,,,
doi:10.1007/s44196-023-00394-4,GAN-Enhanced Nonlinear Fusion Model for Stock Price Prediction,Xu Y.; Zhang Y.; Liu P.; Zhang Q.; Zuo Y.,2024,International Journal of Computational Intelligence Systems,10.1007/s44196-023-00394-4,"Stock price prediction is a significant field of finance research for both academics and practitioners. Numerous studies have proved that the stock movement can be fully reflect various internal features of stock price including non-stationary behavior, high persistence in the conditional variance. The fusion of time-series prediction model such as Auto-Regressive Integrated Moving Average (ARIMA) and neural network is an availability but difficult approach for stock price prediction. Although the orientation has been studied through some methods in different research, there are still difficulties with the poor capture ability of time-series features and insufficient effectiveness of integrating temporal feature and frequency domain information. In this paper, we propose a Generative Adversarial Network (GAN) framework with the Convolution Neural Networks (CNN) as the discriminator and a hybrid model as the generator for forecasting the stock price. The hybrid model includes Attention-based Convolution Neural Networks (ACNN), Long Short-Term Memory (LSTM), and ARIMA model. Moreover, this proposed framework uses the Generative Adversarial patten and Attention Mechanism to achieve effective analysis and feature extraction for stock price movement. The extensive experiments in different history periods of dataset demonstrate an improvement in forecasting of stock price using our model as compared to the baseline models. © 2024, The Author(s).",Generative Adversarial Network; Hybrid model; Stock prediction; Time-series prediction; Convolution; Financial markets; Forecasting; Frequency domain analysis; Long short-term memory; Time series; Convolution neural network; Fusion model; Hybrid model; Internal features; Non-stationary behaviors; Stock movement; Stock predictions; Stock price; Stock price prediction; Time series prediction; Generative adversarial networks,Article,Yes,No,No,SC01,M-0380,Primary/Other,Yes,Price; Direction/Movement,Yes,Yes,Yes,No,,Yes,3,21,A_Direct_Methodological_Priority,Detailed extraction for gap and methodology design,Low,Technical_Indicators; Fusion; Transformer_Attention,stock movement; stock prediction; stock price,price movement; price prediction; stock movement; stock price,attention; cnn; hybrid model; lstm; neural network; neural networks,dataset; experiments,"GAN-Enhanced Nonlinear Fusion Model for Stock Price Prediction || Stock price prediction is a significant field of finance research for both academics and practitioners. || Numerous studies have proved that the stock movement can be fully reflect various internal features of stock price including non-stationary behavior, high persistence in the conditional variance. || The fusion of time-series prediction model such as Auto-Regressive Integrated Moving Average (ARIMA) and neural network is an availability but difficult approach for stock price prediction. || In this paper, we propose a Generative Adversarial Network (GAN) framework with the Convolution Neural Networks (CNN) as the discriminator and a hybrid model as the generator for forecasting the stock price. || Moreover, this proposed framework uses the Generative Adversarial patten and Attention Mechanism to achieve effective analysis and feature extraction for stock price movement. || The extensive experiments in different history periods of dataset demonstrate an improvement in forecasting of stock price using our model as compared to the baseline models. © 2024, The Author(s).",,,Yes,Yes,Unclear,Unclear,Unclear,Unclear,Unclear,Unclear,Unclear,Yes,Yes,Yes,Unclear,Unclear,Unclear,Unclear,Unclear,Unclear,time series,moving average,,,,,,,,fusion,attention mechanism,long short-term memory; lstm,,,,,,
doi:10.1016/j.engappai.2023.107377,Incorporating stock prices and text for stock movement prediction based on information fusion,Zhang Q.; Zhang Y.; Bao F.; Liu Y.; Zhang C.; Liu P.,2024,Engineering Applications of Artificial Intelligence,10.1016/j.engappai.2023.107377,"Forecasting stock market via historical financial data is an important issue for market participants because even if the prediction accuracy is only slightly improved, better trading decisions can be made. Historical financial data has evolved from the initial single text or stock price to the fusion of multisource information. However, how to adopt a method that adaptively fuses numerical data and text so that the prediction model can learn time series information in parallel remains a challenging problem. In this paper, we propose a collaborative attention Transformer fusion model for stock movement prediction (CoATSMP), including parallel extraction of text and prices features, parameter-level fusion and a joint feature processing module, that can successfully deeply fuse text and stock prices in view of the soft fusion method. The experiments show that (1) the proposed approach outperforms the baselines, (2) the soft fusion method proposed in this paper has better modeling performance under the CoATSMP framework, which brings greater improvement in the prediction performance, (3) models containing prices and text are better than those using only one data source, and (4) quantitative analysis of experimental results indicates that text plays a relatively more critical role in the CoATSMP framework. Real simulation trading shows that the trading strategy based on CoATSMP can significantly improve profits; thus, the model has practical application value. © 2023 Elsevier Ltd",Fusion model; Stock prediction; Transformer; Commerce; Costs; Electronic trading; Financial markets; Motion estimation; Numerical methods; Collaborative attention; Financial data; Fusion methods; Fusion model; Movement prediction; Soft fusions; Stock movement; Stock predictions; Stock price; Transformer; Forecasting,Article,Yes,Yes,Yes,EL04; SC01; SD01; SD02; SD03; SD05,M-0655,Primary/Other,Yes,Price; Direction/Movement,Yes,Yes,Yes,Yes,,Yes,3,21,A_Direct_Methodological_Priority,Detailed extraction for gap and methodology design,High,Multimodal; Fusion; Transformer_Attention,stock market; stock movement; stock prediction; stock price; stock prices,movement prediction; stock movement; stock price; stock prices,attention; transformer,accuracy; experimental; experiments; outperforms,"Incorporating stock prices and text for stock movement prediction based on information fusion || Forecasting stock market via historical financial data is an important issue for market participants because even if the prediction accuracy is only slightly improved, better trading decisions can be made. || Historical financial data has evolved from the initial single text or stock price to the fusion of multisource information. || In this paper, we propose a collaborative attention Transformer fusion model for stock movement prediction (CoATSMP), including parallel extraction of text and prices features, parameter-level fusion and a joint feature processing module, that can successfully deeply fuse text and stock prices in view of the soft fusion method.",trading decisions; trading strategy,,Yes,Unclear,Unclear,Unclear,Unclear,Unclear,Unclear,Unclear,Yes,Yes,Yes,Unclear,Unclear,Unclear,Unclear,Unclear,Unclear,Unclear,time series,,,,,,,,multisource,fusion,transformer,,,,,,,
doi:10.1186/s40537-024-01016-2,Siamese Graph Convolutional Split-Attention Network with NLP based Social Sentimental Data for enhanced stock price predictions,Kumarappan J.; Rajasekar E.; Vairavasundaram S.; Kotecha K.; Kulkarni A.,2024,Journal of Big Data,10.1186/s40537-024-01016-2,"Predicting stock market behavior using sentiment analysis has become increasingly popular, as customer responses on platforms like Twitter can influence market trends. However, most existing sentiment-based models struggle with two major issues: inaccuracy and high complexity. These problems lead to frequent prediction errors and make the models difficult to implement in real-time trading systems. To address these challenges, this paper proposes a new method called Siagra-ConSA-HSOA (Siamese Graph Convolutional Split-Attention Network with NLP-based Social Sentiment Data). Two data sources feed the model: specifically, NIFTY-50 Stock Market and real-time Twitter sentiment. Through Natural Language Processing (NLP), the raw data is pre-processed and key features are extracted before they are fused into a unified dataset using a cross-domain transformer, namely CDSFT, and then Circle-Inspired Optimization Algorithm (CIOA) selects the most important features from this dataset. This decreases the complexity of the model without losing essential information. Finally, a Graph Convolutional Split-Attention Network (SGCSAN) for promisingly predicting whether the stock prices are going to hit the ground and fly high again or is going to nosedive with Humboldt Squid Optimization Algorithm (HSOA) is introduced to further improve accuracy with lesser error generation. The proposed model Siagra-ConSA-HSOA achieved 99.9% accuracy and 99.8% recall in the testing stage, meaning that such a model performs better than the current approaches both in prediction accuracy and efficiency. Thus, this is a glimmer that the model shall be able to overcome some of the main problems with the current techniques used in predicting the behavior of the stock market. GitHub Repository: https://github.com/jramans2/Siamese-GCN-SplitAttention-Stock-Prediction.git © The Author(s) 2024.",Circle-Inspired Optimization Algorithm (CIOA); Cross domain Swin fusion Transformer (CDSFT); Humboldt Squid Optimization Algorithm (HSOA); Real time twitter data; Siamese Graph Convolutional Split-Attention Network (SGCSAN); Convolution; Electric transformer testing; Electronic trading; Graph algorithms; Shellfish; Tweets; Circle-inspired optimization algorithm; Cross domain swin fusion transformer; Cross-domain; Humboldt squid optimization algorithm; Optimization algorithms; Real time twitter data; Real- time; Siamese graph convolutional split-attention network; Split attentions; Molluscs,Article,Yes,No,No,SC01,M-1947,Primary/Other,Yes,Price; Trend,Yes,Yes,Yes,Yes,,Yes,4,21,A_Direct_Methodological_Priority,Detailed extraction for gap and methodology design,Low,Sentiment; Fusion; Transformer_Attention; Indian_Market,nifty; stock market; stock price; stock prices,market trends; stock price; stock prices,attention; convolutional; transformer,accuracy; dataset; recall; testing,"Siamese Graph Convolutional Split-Attention Network with NLP based Social Sentimental Data for enhanced stock price predictions || Predicting stock market behavior using sentiment analysis has become increasingly popular, as customer responses on platforms like Twitter can influence market trends. || Finally, a Graph Convolutional Split-Attention Network (SGCSAN) for promisingly predicting whether the stock prices are going to hit the ground and fly high again or is going to nosedive with Humboldt Squid Optimization Algorithm (HSOA) is introduced to further improve accuracy with lesser error generation.",sentiment analysis,,Unclear,Unclear,Unclear,Unclear,Yes,Yes,Unclear,Unclear,Unclear,Yes,Yes,Unclear,Unclear,Unclear,Unclear,Unclear,Yes,Unclear,,,,,tweets; twitter,sentiment,,,,fusion,transformer,,,,,,nifty,
doi:10.18280/jesa.590517,A Multimodal Approach for Stock Return Prediction: Evaluating the Impact of Sentiment and Financial Features on Directional Performance,Fuad A.; Ahmad M.S.; Mamonto A.M.,2026,Journal Europeen des Systemes Automatises,10.18280/jesa.590517,"Stock price prediction is a challenging problem due to the nonlinear and noisy nature of financial time series. This study proposes a multimodal framework for stock return prediction by integrating historical price data, news-based sentiment, and financial indicators. Unlike conventional approaches that directly predict price levels, this study formulates the problem in terms of return prediction to reduce the dominance of persistence effects. Experiments are conducted using daily stock data from 2018 to 2025 across two prediction horizons, namely short-term (t + 1) and medium-term (t + 5). The performance is evaluated using both error-based metrics and directional measures, including Directional Accuracy (DA) and Hit Ratio (HR). The results show that naive models remain highly competitive in terms of error metrics, highlighting the difficulty of outperforming simple baselines in price-level prediction. However, machine learning models, particularly ElasticNet, provide more stable directional performance. Furthermore, multimodal integration does not significantly improve prediction accuracy but contributes to directional prediction, achieving an HR exceeding 52%. These findings indicate that multimodal features capture weak but meaningful signals related to market direction. The study also identifies a feature-horizon mismatch as a key limitation, emphasizing the importance of aligning feature characteristics with prediction objectives. ©2026 The authors. This article is published by IIETA and is licensed under the CC BY 4.0 license (http://creativecommons.org/licenses/by/4.0/).",,Article,Yes,No,No,SC01; SC02,M-2153,Primary/Other,Yes,Price; Return; Direction/Movement,Yes,Yes,Yes,No,,Yes,2,20,A_Direct_Methodological_Priority,Detailed extraction for gap and methodology design,Low,Sentiment; Multimodal,stock price; stock return,directional prediction; market direction; price prediction; return prediction; stock price; stock return,machine learning,accuracy; evaluated; experiments; results show,"A Multimodal Approach for Stock Return Prediction: Evaluating the Impact of Sentiment and Financial Features on Directional Performance || Stock price prediction is a challenging problem due to the nonlinear and noisy nature of financial time series. || This study proposes a multimodal framework for stock return prediction by integrating historical price data, news-based sentiment, and financial indicators.",,,Yes,Unclear,Unclear,Unclear,Unclear,Yes,Unclear,Unclear,Yes,Unclear,Unclear,Unclear,Unclear,Unclear,Unclear,Unclear,Unclear,Unclear,historical price; time series,,,,,sentiment,,,multimodal,,,,,,,,,
doi:10.1142/s0219622023500049,Extraction of Technical Indicators and Data Augmentation-Based Stock Market Prediction Using Deep LSTM Integrated Competitive Swarm Feedback Algorithm,Vanguri N.Y.; Pazhanirajan S.; Anil Kumar T.,2026,International Journal of Information Technology and Decision Making,10.1142/s0219622023500049,"In recent decades, time-series analysis and value forecasting have grown in research fields. Making a significant decision in the stock market prediction strategy requires knowledge that may be gained by forecasting with time-series data. Various prediction methods are developed to forecast future stock prices, but accurate prediction with the time-series data using external factors still results in a difficult task. An effective prediction approach is designed in this paper using the adopted Competitive Swarm Feedback Algorithm-based Deep Long Short-Term Memory (CSFA-based Deep LSTM) classifier for predicting the stock market data. The CSFA is the integration of the Competitive Swarm Optimizer (CSO) and Feedback Artificial Tree (FAT) algorithm. Then, technical indicators’ extraction, feature fusion and data augmentation steps are carried out. The Deep LSTM achieved higher prediction results than the other traditional classifiers. The proposed method achieved lower MAE, lower MSE, and minimum RMSE with the values of 0.1418, 0.1119, and 0.2557. © 2026 World Scientific Publishing Company.",data augmentation; deep learning; financial forecast; Stock market prediction; Tversky index; Commerce; Extraction; Financial markets; Long short-term memory; Time series analysis; Trees (mathematics); Data augmentation; Deep learning; Feedback algorithms; Financial forecasts; Stock market prediction; Technical data; Technical indicator; Time-series analysis; Time-series data; Tversky index; Forecasting,Article,Yes,No,No,SC01,M-1874,Primary/Other,Yes,Price,Yes,Yes,Yes,No,,Yes,2,20,A_Direct_Methodological_Priority,Detailed extraction for gap and methodology design,Low,Technical_Indicators; Fusion,stock market; stock prices,stock prices,deep learning; lstm,mae; mse; rmse,"Extraction of Technical Indicators and Data Augmentation-Based Stock Market Prediction Using Deep LSTM Integrated Competitive Swarm Feedback Algorithm || Making a significant decision in the stock market prediction strategy requires knowledge that may be gained by forecasting with time-series data. || Various prediction methods are developed to forecast future stock prices, but accurate prediction with the time-series data using external factors still results in a difficult task. || An effective prediction approach is designed in this paper using the adopted Competitive Swarm Feedback Algorithm-based Deep Long Short-Term Memory (CSFA-based Deep LSTM) classifier for predicting the stock market data.",,,Yes,Yes,Unclear,Unclear,Unclear,Unclear,Unclear,Unclear,Unclear,Yes,Unclear,Yes,Unclear,Unclear,Unclear,Unclear,Unclear,Unclear,market data; time series,technical indicator; technical indicators,,,,,,,,feature fusion; fusion,,long short-term memory; lstm,,,,,,
doi:10.1155/int/9935200,International Stock Forecasting Using Ensemble Deep Graph Models and Complex Network Analysis,Park S.; Kim H.,2026,International Journal of Intelligent Systems,10.1155/int/9935200,"International stock forecasting faces challenges as global stock markets become increasingly synchronized. This study develops a prediction model for 46 global stock prices by examining the complex interconnectedness of the global stock network. We propose a multilevel fusion approach that integrates technology and knowledge for accurate international stock predictions. First, for technical convergence, we introduce a hybrid model combining graph convolutional networks (GCNs) and long short-term memory (LSTM) to capture both temporal dynamics and spatial dependencies. Additionally, we construct an ensemble of multiple GCN-LSTM models via AdaBoost, which reduces mean absolute error (MAE) by an average of 36.7% compared with baseline models. Second, for knowledge fusion, we construct stock centrality features that represent influence on the entire network market for each country and use this feature as input to models, further decreasing MAE by 23.2%. In profit tests, trading based on our predictions significantly improved cumulative profit and the Sharpe ratio by 2.06× and 2.83×, respectively, compared with a simple long-holding strategy. Finally, using Shapley Additive Explanations (SHAP), we derived the insight that our stock network feature has a stronger impact on future stock prices during high-volatility periods, such as when the financial system experiences shocks. These findings suggest that the network index becomes particularly valuable in enhancing predictive performance under turbulent market conditions. Copyright © 2026 Sangjin Park and Hyeonhak Kim. International Journal of Intelligent Systems published by John Wiley & Sons Ltd.",complex network analysis; ensemble learning; graph-based deep learning; international stock prediction; Commerce; Costs; Electronic trading; Financial markets; Forecasting; Graph theory; Graphic methods; Information fusion; Intelligent systems; Large scale systems; Long short-term memory; Prediction models; Profitability; Complex network analysis; Ensemble learning; Global stocks; Graph-based; Graph-based deep learning; International stock prediction; International stocks; Stock forecasting; Stock predictions; Stock price; Complex networks,Article,Yes,No,No,SC01; SC05,M-1908,Primary/Other,Yes,Price,Yes,Yes,Yes,No,,Yes,2,20,A_Direct_Methodological_Priority,Detailed extraction for gap and methodology design,Low,Fusion; XAI,stock forecasting; stock markets; stock prediction; stock price; stock prices,stock price; stock prices,convolutional; deep learning; ensemble learning; hybrid model; lstm,mae,"International Stock Forecasting Using Ensemble Deep Graph Models and Complex Network Analysis || International stock forecasting faces challenges as global stock markets become increasingly synchronized. || This study develops a prediction model for 46 global stock prices by examining the complex interconnectedness of the global stock network. || Finally, using Shapley Additive Explanations (SHAP), we derived the insight that our stock network feature has a stronger impact on future stock prices during high-volatility periods, such as when the financial system experiences shocks.",,,Unclear,Unclear,Unclear,Unclear,Unclear,Unclear,Unclear,Unclear,Unclear,Yes,Unclear,Yes,Unclear,Unclear,Yes,Unclear,Unclear,Unclear,,,,,,,,,,fusion,,long short-term memory; lstm,,,shap,,,
doi:10.5267/j.ijiec.2026.1.002,Quantitative trading strategy research based on non-euclidean gaussian process neural network,Xie X.; Xu H.; Liu Y.,2026,International Journal of Industrial Engineering Computations,10.5267/j.ijiec.2026.1.002,"With the diversification trend of stock market data, constructing a stock price prediction model that can integrate multi-source data, handle high-dimensional features, and fit the complex relationships between predictive and response variables is crucial for formulating effective quantitative trading strategies. Based on this, this paper proposes a stock price prediction model that combines multi-kernel learning with Gaussian Process Neural Networks. The main innovations of the model are reflected in the following aspects: First, by using kernel functions with different domains, it effectively integrates feature information from various data sources; Second, by combining Gaussian Process Regression with neural networks, the model fully considers the impact of features from different data sources on the prediction results while addressing the curse of dimensionality and maintaining good fitting ability for complex relationships. In addition, the model can quantify the uncertainty of stock price prediction results and perform statistical inference analysis, providing more detailed auxiliary information for investors or decision-makers. Simulation analysis results show that the proposed method outperforms some classic models in predictive performance, showing strong competitiveness. Finally, in quantitative trading back-testing, considering the introduction of non-Euclidean sentiment features, the model has achieved significant superior performance in indicators such as cumulative returns, Sharpe ratio, and maximum drawdown. © 2026 by the authors; licensee Growing Science, Canada.",Deep Learning; Gaussian Process Regression; Quantitative Trading; RKHS,Article,Yes,No,No,SC01; SC02,M-2637,Primary/Other,Yes,Price,Yes,Yes,Yes,Yes,,Yes,2,20,A_Direct_Methodological_Priority,Detailed extraction for gap and methodology design,Low,Sentiment; Multimodal,stock market; stock price,price prediction; stock price,deep learning; neural network; neural networks,outperforms; results show; testing,"With the diversification trend of stock market data, constructing a stock price prediction model that can integrate multi-source data, handle high-dimensional features, and fit the complex relationships between predictive and response variables is crucial for formulating effective quantitative trading strategies. || Based on this, this paper proposes a stock price prediction model that combines multi-kernel learning with Gaussian Process Neural Networks. || In addition, the model can quantify the uncertainty of stock price prediction results and perform statistical inference analysis, providing more detailed auxiliary information for investors or decision-makers.",trading strategies; trading strategy,,Yes,Unclear,Unclear,Unclear,Unclear,Yes,Unclear,Unclear,Yes,Unclear,Unclear,Unclear,Unclear,Unclear,Unclear,Unclear,Unclear,Unclear,market data,,,,,sentiment,,,multi-source,,,,,,,,,
title:a study on new energy stock price prediction based on error compensation hybrid model,A Study on New Energy Stock Price Prediction Based on Error Compensation Hybrid Model,Ma T.-C.; Zhang Y.,2025,Engineering Letters,,"Stock price prediction is crucial in the financial field. To address the challenge of accurately predicting new energy stock prices, this paper takes the stock price of new energy leading enterprise Contemporary Amperex Technology Co., Limited (CATL) as the research object, and proposes a new energy stock price prediction method based on the error compensation hybrid model. Firstly, to tackle the issues of insufficient information and interference in new energy stock prices, a multi-source dataset is constructed by integrating various indicators, and 22 key features are screened out by dimensionality reduction of Pearson’s correlation coefficient method, while the Variational Mode Decomposition (VMD) method is used to decompose the highly complex and nonstationary stock price series. Secondly, after combining the Convolutional Neural Network-Attention Mechanism (CNNATT) module to extract the feature information, the prediction is performed by the Long Short-Term Memory (LSTM) model, and Support Vector Machine (SVM) is introduced for error compensation to improve the prediction accuracy of the model. Furthermore, the proposed ELG-BKA—a Black-winged Kite Algorithm variant, tested on CEC2022 functions, can autommatically optimize parameters of the VMD and LSTM. Finally, the validity of each module in this model is verified by orthogonal experiments on the CATL stock price dataset and the accuracy and generalization ability of the model is verified by comparing with various representative models such as LSTM from different evaluation metrics (MAE, MAPE, RMSE, R2) on 7 new energy stock datasets. Experimental results demonstrate that the proposed method achieves high prediction accuracy and stability in forecasting new energy stock prices. © 2025, International Association of Engineers. All rights reserved.",BKA; error compensation; multi-source data; stock price prediction; Correlation methods; Costs; Data accuracy; Dimensionality reduction; Electronic trading; Financial markets; Forecasting; Long short-term memory; Support vector machines; BKA; Hybrid model; Multi-source data; Multi-Sources; New energies; Prediction accuracy; Short term memory; Source data; Stock price; Stock price prediction; Error compensation,Article,Yes,No,No,SC01,M-2759,Primary/Other,Yes,Price,Yes,Yes,Yes,No,,Yes,2,20,A_Direct_Methodological_Priority,Detailed extraction for gap and methodology design,Low,Multimodal; Transformer_Attention,stock price; stock prices,price prediction; stock price; stock prices,attention; convolutional; hybrid model; lstm; neural network; support vector; svm,accuracy; dataset; datasets; evaluation; experimental; experiments; mae; mape; r2; results demonstrate; rmse,"A Study on New Energy Stock Price Prediction Based on Error Compensation Hybrid Model || Stock price prediction is crucial in the financial field. || To address the challenge of accurately predicting new energy stock prices, this paper takes the stock price of new energy leading enterprise Contemporary Amperex Technology Co., Limited (CATL) as the research object, and proposes a new energy stock price prediction method based on the error compensation hybrid model. || Firstly, to tackle the issues of insufficient information and interference in new energy stock prices, a multi-source dataset is constructed by integrating various indicators, and 22 key features are screened out by dimensionality reduction of Pearson’s correlation coefficient method, while the Variational Mode Decomposition (VMD) method is used to decompose the highly complex and nonstationary stock price series. || Finally, the validity of each module in this model is verified by orthogonal experiments on the CATL stock price dataset and the accuracy and generalization ability of the model is verified by comparing with various representative models such as LSTM from different evaluation metrics (MAE, MAPE, RMSE, R2) on 7 new energy stock datasets. || Experimental results demonstrate that the proposed method achieves high prediction accuracy and stability in forecasting new energy stock prices. © 2025, International Association of Engineers.",,,Unclear,Unclear,Unclear,Unclear,Unclear,Unclear,Unclear,Unclear,Yes,Unclear,Yes,Yes,Unclear,Unclear,Unclear,Unclear,Unclear,Unclear,,,,,,,,,multi-source,,attention mechanism,long short-term memory; lstm,,,,,,
title:cmv bfformer stock price prediction model based on secondary decomposition and frequency enhanced channel attention mechanism,CMV-BFFormer Stock Price Prediction Model Based on Secondary Decomposition and Frequency Enhanced Channel Attention Mechanism,Feng W.; Lu P.; Zhu C.; Guan A.,2025,IAENG International Journal of Computer Science,,"Aiming at the problem that stock prices have the characteristics of non-stationarity, nonlinearity and high complexity, and the stock price prediction effect is poor using a single model, a stock price prediction model CMV-BFFormer based on the fusion of multiple methods is proposed. The model uses complete ensemble empirical mode decomposition with adaptive noise (CEEMDAN) to preliminarily decompose the stock price data to reduce the non-stationarity and nonlinearity of the stock price data. By combining the population initialization of elite reverse learning, improved Lévy flight and random adjustment of control parameters, a multi-strategy rime optimization algorithm (MSRIME) is proposed to optimize the variational mode decomposition (VMD) and avoid subjective interference in the parameter selection process. The optimized variational mode decomposition is used to perform quadratic decomposition on the high-complexity components in the stock price data, effectively solving the problem of insufficient decomposition of stock price data. In addition, the FECAM-Fredformer model is constructed. By combining discrete cosine transform and channel attention mechanism, the frequency dependence between feature channels is adaptively modeled, and the frequency features are effectively extracted while suppressing high-frequency noise. The cross-attention mechanism is introduced to fuse text features and numerical features to enhance the feature expression ability of the model. Experimental results show that the CMV-BFFormer model is significantly superior to existing mainstream methods in terms of accuracy and robustness of stock price prediction. © 2025, International Association of Engineers. All rights reserved.",CEEMDAN; FECAM-Fredformer; MSRIME; Stock price prediction; VMD; Costs; Electronic trading; Empirical mode decomposition; Financial markets; Forecasting; Optimization; Prediction models; Spurious signal noise; Variational mode decomposition; Adaptive noise; Attention mechanisms; Complete ensemble empirical mode decomposition with adaptive noise; Empirical Mode Decomposition; FECAM-fredformer; Mode decomposition; Multi-strategy rime optimization algorithm; Optimization algorithms; Stock price; Stock price prediction; Discrete cosine transforms,Article,Yes,No,No,SC01,M-2768,Primary/Other,Yes,Price,Yes,Yes,Yes,No,,Yes,3,20,A_Direct_Methodological_Priority,Detailed extraction for gap and methodology design,Low,Fusion; Transformer_Attention; Optimization,stock price; stock prices,price prediction; stock price; stock prices,attention,accuracy; experimental; results show,"CMV-BFFormer Stock Price Prediction Model Based on Secondary Decomposition and Frequency Enhanced Channel Attention Mechanism || Aiming at the problem that stock prices have the characteristics of non-stationarity, nonlinearity and high complexity, and the stock price prediction effect is poor using a single model, a stock price prediction model CMV-BFFormer based on the fusion of multiple methods is proposed. || The model uses complete ensemble empirical mode decomposition with adaptive noise (CEEMDAN) to preliminarily decompose the stock price data to reduce the non-stationarity and nonlinearity of the stock price data. || The optimized variational mode decomposition is used to perform quadratic decomposition on the high-complexity components in the stock price data, effectively solving the problem of insufficient decomposition of stock price data. || Experimental results show that the CMV-BFFormer model is significantly superior to existing mainstream methods in terms of accuracy and robustness of stock price prediction. © 2025, International Association of Engineers.",,,Unclear,Unclear,Unclear,Unclear,Unclear,Unclear,Unclear,Unclear,Unclear,Yes,Yes,Unclear,Yes,Unclear,Unclear,Unclear,Unclear,Unclear,,,,,,,,,,cross-attention; fusion,attention mechanism,,optimized,,,,,
doi:10.3390/app15094669,EL-MTSA: Stock Prediction Model Based on Ensemble Learning and Multimodal Time Series Analysis,Kong J.; Zhao X.; He W.; Yang X.; Jin X.,2025,Applied Sciences (Switzerland),10.3390/app15094669,"Predicting stock prices is a popular area of study within the realms of data mining and machine learning. Precise forecasting can assist investors in mitigating the risks associated with their investments. Given the unpredictable nature of the stock market, influenced by policy changes, stock data often display high levels of fluctuation and randomness, aligning closely with the prevailing market sentiment. Moreover, diverse datasets related to stocks are rich in historical data that can be leveraged to forecast future trends. However, traditional forecasting models struggle to harness this information effectively, which restricts their predictive capabilities and accuracy. To improve the existing issues, this research introduces a novel stock prediction model based on a deep-learning neural network, named after EL-MTSA, which leverages the multifaceted characteristics of stock data along with ensemble learning optimization. In addition, a new evaluation index via market-wide sentiment analysis is designed to enhance the forecasting performance of the stock prediction model by adeptly identifying the latent relationship between the target stock index and dynamic market sentiment factors. Subsequently, many demonstration experiments were conducted on three practical stock datasets, the CSI 300, SSE 50, and CSI A50 indices, respectively. Experiential results show that the proposed EL-MTSA model has achieved a superior predictive performance, surpassing various comparison models. In addition, the EL-MTSA can analyze the impact of market sentiment and media reports on the stock market, which is more consistent with the real trading situation in the stock market, and indicates good predictive robustness and credibility. © 2025 by the authors.",deep-learning neural network; ensemble learning optimization; market sentiment indicator; multidimensional data mining; stock sequential prediction; Emotion Recognition; Financial markets; Deep-learning neural network; Ensemble learning; Ensemble learning optimization; Learning neural networks; Learning optimizations; Market sentiment indicator; Multidimensional data; Multidimensional data mining; Sentiment indicators; Sequential prediction; Stock sequential prediction; Deep learning,Article,Yes,No,No,SC01,M-2340,Primary/Other,Yes,Price,Yes,Yes,Yes,Yes,,Yes,2,20,A_Direct_Methodological_Priority,Detailed extraction for gap and methodology design,Low,Sentiment; Multimodal,csi 300; stock index; stock market; stock prediction; stock prices,stock prices,deep learning; ensemble learning; machine learning; neural network; neural networks,accuracy; comparison; datasets; evaluation; experiments; results show,"EL-MTSA: Stock Prediction Model Based on Ensemble Learning and Multimodal Time Series Analysis || Predicting stock prices is a popular area of study within the realms of data mining and machine learning. || To improve the existing issues, this research introduces a novel stock prediction model based on a deep-learning neural network, named after EL-MTSA, which leverages the multifaceted characteristics of stock data along with ensemble learning optimization. || In addition, a new evaluation index via market-wide sentiment analysis is designed to enhance the forecasting performance of the stock prediction model by adeptly identifying the latent relationship between the target stock index and dynamic market sentiment factors.",market sentiment; sentiment analysis,,Yes,Unclear,Unclear,Unclear,Unclear,Yes,Unclear,Unclear,Yes,Unclear,Unclear,Unclear,Unclear,Unclear,Unclear,Unclear,Unclear,Unclear,time series,,,,,sentiment,,,multimodal,,,,,,,,,
doi:10.24507/icicel.19.11.1263,FINMIXER: ENHANCING STOCK PRICE PREDICTION ACCURACY THROUGH FINANCIAL SENTIMENT ANALYSIS AND DEEP LEARNING WITH COVARIATE FORECASTING,Felix; Gunawan A.A.S.,2025,ICIC Express Letters,10.24507/icicel.19.11.1263,"Accurately predicting stock prices remains a big challenge for researchers. Such complexity arises from the various factors that determine stock prices, ranging from a company’s financial condition to global economic trends, as well as government policies. This paper proposes a new approach by integrating financial sentiment analysis as covariates. Using the FinMixer model, this study tries to achieve better stock price prediction accuracy and compares it with Random Forest and the Temporal Fusion Transformer (TFT). The results show that FinMixer outperformed both models constantly and had the lowest Mean Absolute Percentage Error (MAPE) and Symmetric Mean Absolute Percentage Error (SMAPE) for all stock tickers, with values of 0.01424 and 0.01393, respectively. This shows that FinMixer is very good at utilizing sentiment data as covariates for the task of predicting stock prices. These results highlight an opportunity to refine forecasting methodologies by including covariates that can largely improve prediction models. © 2025 ICIC International. All rights reserved.",Covariate; Deep learning; Sentiment analysis; Stock prediction; Time series forecasting,Article,Yes,No,No,SC01,M-2221,Primary/Other,Yes,Price,Yes,Yes,Yes,Yes,,Yes,3,20,A_Direct_Methodological_Priority,Detailed extraction for gap and methodology design,Low,Sentiment; Fusion; Transformer_Attention,stock prediction; stock price; stock prices,price prediction; stock price; stock prices,deep learning; random forest; transformer,accuracy; mape; results show,"FINMIXER: ENHANCING STOCK PRICE PREDICTION ACCURACY THROUGH FINANCIAL SENTIMENT ANALYSIS AND DEEP LEARNING WITH COVARIATE FORECASTING || Accurately predicting stock prices remains a big challenge for researchers. || Such complexity arises from the various factors that determine stock prices, ranging from a company’s financial condition to global economic trends, as well as government policies. || Using the FinMixer model, this study tries to achieve better stock price prediction accuracy and compares it with Random Forest and the Temporal Fusion Transformer (TFT). || This shows that FinMixer is very good at utilizing sentiment data as covariates for the task of predicting stock prices.",sentiment analysis,,Yes,Unclear,Unclear,Unclear,Unclear,Yes,Unclear,Unclear,Unclear,Yes,Yes,Unclear,Unclear,Unclear,Unclear,Unclear,Unclear,Unclear,time series,,,,,sentiment,,,,fusion,temporal fusion transformer; transformer,,,,,,,
doi:10.17323/j.jcfr.2073-0438.19.4.2025.88-104,Forecasting Dynamics of Stock Based on Sparse Neural Networks and Large Language Models,Gribanova E.; Viktorenko E.; Gerasimov R.,2025,Journal of Corporate Finance Research,10.17323/j.jcfr.2073-0438.19.4.2025.88-104,"In the context of modern economic challenges, the effective functioning of the stock market becomes crucial for the sustainable development of the Russian economy. Attracting investments to the real sector requires creating effective tools for market information analysis, which involves processing large volumes of heterogeneous data under conditions of high volatility and geopolitical instability. The aim of the research is to develop an algorithm for building a sparse neural network. This model automatically eliminates insignificant connections between neurons for predicting stock market dynamics. The proposed approach is based on the method of solving a single-point inverse problem with a minimization of the sum of absolute parameter values, which allows reducing the model’s dimensionality. The scientific novelty of the research comprises two aspects. First, the work explores the possibility of using new factors generated by a large language model (an artificial intelligence system for text processing) for predicting stock market dynamics. Second, an original algorithm for constructing a sparse neural network has been developed. The research tested two main hypotheses. The first hypothesis aimed to verify the advantages of sparse neural networks over fully connected architectures in prediction accuracy. The second hypothesis investigated the effectiveness of using features extracted by large language models from unstructured text sources for financial forecasting. Experimental verification on three tasks of stock price and dividend forecasting confirmed both hypotheses. The sparse architecture demonstrated an advantage over fully connected models in prediction accuracy and computational efficiency. Automatic feature selection revealed the relevance of macroeconomic characteristics extracted by the large language model, confirming the promise of integrating modern natural language processing technologies into financial forecasting. The obtained results can be used to form effective strategies of stock market behavior and create intelligent decision support systems. In addition, sparse models can be used in solving other economic problems, including portfolio optimization and financial performance management. © 2025, National Research University Higher School of Economics (HSE University). All rights reserved.",feature selection; large language models; machine learning; sparse neural network; stock market forecasting; text data processing,Article,Yes,No,No,SC01,M-2134,Primary/Other,Yes,Price,Yes,Yes,Yes,Yes,,Yes,2,20,A_Direct_Methodological_Priority,Detailed extraction for gap and methodology design,Low,LLM_FinGPT; Multimodal,stock market; stock price,stock price,artificial intelligence; large language model; large language models; machine learning; neural network; neural networks,accuracy; experimental,Experimental verification on three tasks of stock price and dividend forecasting confirmed both hypotheses.,portfolio optimization,,Unclear,Unclear,Unclear,Unclear,Unclear,Unclear,Unclear,Yes,Yes,Unclear,Unclear,Unclear,Unclear,Unclear,Unclear,Unclear,Unclear,Unclear,,,,,,,,large language model; large language models,heterogeneous data,,,,,,,,,
title:forecasting week ahead closing price of muscat securities market using hybrid tcn lstm model,FORECASTING WEEK-AHEAD CLOSING PRICE OF MUSCAT SECURITIES MARKET USING HYBRID TCN-LSTM MODEL,Musalhi N.A.L.; Nasar M.,2025,Journal of Theoretical and Applied Information Technology,,"Accurately forecasting financial time-series data is a challenging task due to the dynamic and volatile nature of stock markets. This study introduces a hybrid Temporal Convolutional Network (TCN) and Long Short-Term Memory (LSTM) model designed to improve stock price forecasting for the Muscat Securities Market (MSM). Unlike standalone deep learning models, this hybrid approach effectively captures both short-term and long-term dependencies, leading to improved predictive accuracy. Trained on 24 years of historical MSM data (2000–2024), the model was evaluated using Mean Absolute Error (MAE) and Root Mean Squared Error (RMSE). The hybrid model outperformed both standalone architectures, achieving the lowest MAE (206.29) and RMSE (314.31). This research advances financial forecasting by introducing a hybrid TCN-LSTM model specifically optimized for the Muscat Securities Market (MSM), a relatively underexplored financial domain. The study bridges the gap in existing models by enhancing predictive performance through an innovative fusion of deep learning techniques. The study contributes to financial forecasting research by demonstrating how hybrid deep learning models can enhance market prediction accuracy, providing valuable insights for investors and financial analysts. Future research directions include the integration of adaptive learning mechanisms and external financial indicators for further performance enhancement. © Little Lion Scientific.",Deep Learning; Financial Time-Series Forecasting; Hybrid Tcn-Lstm; Muscat Securities Market; Stock Price Prediction,Article,Yes,No,No,SC01,M-2780,Primary/Other,Yes,Price,Yes,Yes,Yes,No,,Yes,2,20,A_Direct_Methodological_Priority,Detailed extraction for gap and methodology design,Low,Fusion; Optimization,stock markets; stock price,closing price; price forecasting; price prediction; stock price,convolutional; deep learning; hybrid model; lstm; tcn,accuracy; evaluated; mae; rmse,Accurately forecasting financial time-series data is a challenging task due to the dynamic and volatile nature of stock markets. || This study introduces a hybrid Temporal Convolutional Network (TCN) and Long Short-Term Memory (LSTM) model designed to improve stock price forecasting for the Muscat Securities Market (MSM).,,,Yes,Unclear,Unclear,Unclear,Unclear,Unclear,Unclear,Unclear,Unclear,Yes,Unclear,Yes,Yes,Unclear,Unclear,Unclear,Unclear,Unclear,closing price,,,,,,,,,fusion,,long short-term memory; lstm,optimized,,,,,
doi:10.1016/j.asoc.2025.113581,Hierarchical multi-modal fusion architecture search for stock market forecasting,Lee K.; Kim Y.J.; Kim M.; Kim H.Y.,2025,Applied Soft Computing,10.1016/j.asoc.2025.113581,"Stock market forecasting can leverage various data sources, and recent deep-learning-based multi-modal methods have improved predictions by integrating them. However, there remains a need for an optimal fusion neural architecture and an efficient method to integrate essential features while reducing inter-modal redundancy. To address this, we propose a novel neural architecture search framework (Fin-MNAS) that effectively utilizes multi-source financial data, including chart images, news text, and time-series stock prices. Fin-MNAS is a hierarchical framework consisting of a backbone architecture search and a stepwise feature fusion search to reflect the intra-modal characteristics and emphasize the most important data modality. In addition, we introduce dynamic sparse tensor decomposition fusion modules that dynamically extract key intra-modal features and integrate features by considering their inter-modal relationships, thereby removing redundant and noisy information. Based on experiments involving three major stock indices, we demonstrate that Fin-MNAS outperforms all baseline models. In particular, the mean absolute error and mean absolute percentage error of our proposed framework are 7.74% and 10.17% lower, respectively, than that for the state-of-the-art multi-modal model BM-NAS. © 2025 Elsevier B.V.",Deep learning; Multi-modal fusion; Neural architecture search; Stock market forecasting; Tensor decomposition; Architecture; Commerce; Data mining; Electronic trading; Financial markets; Forecasting; Modal analysis; Neural networks; Tensors; Data-source; Deep learning; Fusion architecture; Modal method; Multi-modal; Multi-modal fusion; Neural architecture search; Neural architectures; Stock market forecasting; Tensor decomposition; Deep learning,Article,Yes,Yes,No,SC01; SD01; SD02; SD05,M-0489,Primary/Other,Yes,Price,Yes,Yes,Yes,No,,Yes,2,20,A_Direct_Methodological_Priority,Detailed extraction for gap and methodology design,High,Multimodal; Fusion,stock indices; stock market; stock prices,stock prices,deep learning; neural networks,experiments; outperforms,"Hierarchical multi-modal fusion architecture search for stock market forecasting || Stock market forecasting can leverage various data sources, and recent deep-learning-based multi-modal methods have improved predictions by integrating them. || To address this, we propose a novel neural architecture search framework (Fin-MNAS) that effectively utilizes multi-source financial data, including chart images, news text, and time-series stock prices.",,,Unclear,Unclear,Unclear,Unclear,Unclear,Unclear,Unclear,Unclear,Yes,Yes,Unclear,Unclear,Unclear,Unclear,Unclear,Unclear,Unclear,Unclear,,,,,,,,,multi-modal; multi-source,feature fusion; fusion,,,,,,,,
doi:10.1007/s10489-025-06268-w,Mind the naive forecast! a rigorous evaluation of forecasting models for time series with low predictability,Beck N.; Dovern J.; Vogl S.,2025,Applied Intelligence,10.1007/s10489-025-06268-w,"In the field of time series forecasting, numerous machine learning studies have assessed the performance of new methods on highly volatile data from macroeconomics and finance. Unlike in other domains, where models are also compared to simpler statistical or naive baselines, they mostly compare the performance solely relative to other complex models. This approach may lead to limited conclusions and reduce the practical significance of the results, as it overlooks the unpredictability of some highly volatile time series in the datasets used. We apply state-of-the-art methods from time-series econometrics and machine learning, including autoregressive integrated moving average (ARIMA), exponential smoothing (ETS), Bayesian vector autoregressive model (BVAR), long-short term memory neural networks (LSTM), historical consistent neural networks (HCNN), deep vector autoregressive neural networks (DeepVAR), temporal fusion transformers (TFT), and extreme gradient boosting (XGBoost). Our results demonstrate that no method consistently outperforms the naive (no-change) forecast for highly volatile time series from two popular datasets containing exchange rates and stock prices, rendering comparative analysis between complex models less meaningful. In contrast, when applied to more predictable macroeconomic price indices, many of the methods significantly outperform naive forecasts. We find that the performance of machine learning models deteriorates more than that of statistical models for high-volatility time series. This study highlights the critical importance of using appropriate benchmark models, including cost-effective, simple approaches, on datasets that permit meaningful conclusions. © The Author(s) 2025.",Benchmark; Forecasting methods; Naive benchmark; No-Change; Random walk; Time series; Adversarial machine learning; Contrastive Learning; Benchmark; Complex model; Forecasting methods; Machine-learning; Naive benchmark; Neural-networks; No-change; Performance; Random Walk; Times series; Prediction models,Article,Yes,No,No,SC01,M-0127,Primary/Other,Yes,Price,Yes,Yes,Yes,No,,Yes,2,20,A_Direct_Methodological_Priority,Detailed extraction for gap and methodology design,Low,Technical_Indicators; Fusion,stock prices,stock prices,gradient boosting; lstm; machine learning; neural networks; xgboost,benchmark; comparative; datasets; evaluation; outperform; outperforms; results demonstrate,"Our results demonstrate that no method consistently outperforms the naive (no-change) forecast for highly volatile time series from two popular datasets containing exchange rates and stock prices, rendering comparative analysis between complex models less meaningful.",,,Yes,Yes,Unclear,Unclear,Unclear,Unclear,Unclear,Unclear,Unclear,Yes,Unclear,Yes,Unclear,Unclear,Unclear,Unclear,Unclear,Unclear,time series,moving average,,,,,,,,fusion,,lstm,,,,,,
doi:10.5815/ijieeb.2025.01.07,Time Series Forecasting Enhanced by Integrating GRU and N-BEATS,Kolambe M.; Arora S.,2025,International Journal of Information Engineering and Electronic Business,10.5815/ijieeb.2025.01.07,"Accurate stock price prediction is crucial for financial markets, where investors and analysts forecast future prices to support informed decision-making. In this study, various methods for integrating two advanced time series prediction models, Gated Recurrent Unit (GRU) and Neural Basis Expansion Analysis Time Series Forecasting (N-BEATS), are explored to enhance stock price prediction accuracy. GRU is recognized for its ability to capture temporal dependencies in sequential data, while N-BEATS is known for handling complex trends and seasonality components. Several integration techniques, including feature fusion, residual learning, Ensemble learning and hybrid modeling, are proposed to leverage the strengths of both models and improve forecasting performance. These methods are evaluated on datasets of ten stocks from the S&P 500, with some exhibiting strong seasonal or cyclic patterns and others lacking such characteristics. Results demonstrate that the integrated models consistently outperform individual models. Feature selection, including the integration of technical indicators, is employed during data processing to further improve prediction accuracy. © 2025, Modern Education and Computer Science Press. All rights reserved.",Financial Indicators; GRU Model; Information Engineering; N-BEATS Model; Stock Price Prediction; Time Series,Article,Yes,No,No,SC01,M-2692,Primary/Other,Yes,Price,Yes,Yes,Yes,No,,Yes,2,20,A_Direct_Methodological_Priority,Detailed extraction for gap and methodology design,Low,Technical_Indicators; Fusion,s&p 500; stock price,future prices; price prediction; stock price,ensemble learning; gru,accuracy; datasets; evaluated; outperform; results demonstrate,"Accurate stock price prediction is crucial for financial markets, where investors and analysts forecast future prices to support informed decision-making. || In this study, various methods for integrating two advanced time series prediction models, Gated Recurrent Unit (GRU) and Neural Basis Expansion Analysis Time Series Forecasting (N-BEATS), are explored to enhance stock price prediction accuracy.",,,Yes,Yes,Unclear,Unclear,Unclear,Unclear,Unclear,Unclear,Unclear,Yes,Unclear,Yes,Unclear,Unclear,Unclear,Unclear,Unclear,Unclear,time series,technical indicators,,,,,,,,feature fusion; fusion,,gru,,,,,,
doi:10.1186/s40854-023-00519-w,A hybrid model for stock price prediction based on multi-view heterogeneous data,Long W.; Gao J.; Bai K.; Lu Z.,2024,Financial Innovation,10.1186/s40854-023-00519-w,"Literature shows that both market data and financial media impact stock prices; however, using only one kind of data may lead to information bias. Therefore, this study uses market data and news to investigate their joint impact on stock price trends. However, combining these two types of information is difficult because of their completely different characteristics. This study develops a hybrid model called MVL-SVM for stock price trend prediction by integrating multi-view learning with a support vector machine (SVM). It works by simply inputting heterogeneous multi-view data simultaneously, which may reduce information loss. Compared with the ARIMA and classic SVM models based on single- and multi-view data, our hybrid model shows statistically significant advantages. In the robustness test, our model outperforms the others by at least 10% accuracy when the sliding windows of news and market data are set to 1–5 days, which confirms our model’s effectiveness. Finally, trading strategies based on single stock and investment portfolios are constructed separately, and the simulations show that MVL-SVM has better profitability and risk control performance than the benchmarks. © The Author(s) 2024.",Financial news; Heterogeneous data; Market data; Multi-view learning; Support vector machine,Article,Yes,No,No,SC02,M-1951,Primary/Other,Yes,Price; Trend,Yes,Yes,Yes,Yes,,Yes,2,20,A_Direct_Methodological_Priority,Detailed extraction for gap and methodology design,Low,Financial_News; Multimodal,stock price; stock prices,price prediction; price trend; price trends; stock price; stock prices; trend prediction,hybrid model; support vector; svm,accuracy; benchmarks; outperforms,"A hybrid model for stock price prediction based on multi-view heterogeneous data || Literature shows that both market data and financial media impact stock prices; however, using only one kind of data may lead to information bias. || Therefore, this study uses market data and news to investigate their joint impact on stock price trends. || This study develops a hybrid model called MVL-SVM for stock price trend prediction by integrating multi-view learning with a support vector machine (SVM).",trading strategies,,Yes,Unclear,Unclear,Yes,Unclear,Unclear,Unclear,Unclear,Yes,Unclear,Unclear,Unclear,Unclear,Unclear,Unclear,Unclear,Unclear,Unclear,market data,,,financial news,,,,,heterogeneous data,,,,,,,,,
doi:10.3390/electronics13204111,A Stock Prediction Method Based on Multidimensional and Multilevel Feature Dynamic Fusion,Dong Y.; Hao Y.,2024,Electronics (Switzerland),10.3390/electronics13204111,"Stock price prediction has long been a topic of interest in academia and the financial industry. Numerous factors influence stock prices, such as a company’s performance, industry development, national policies, and other macroeconomic factors. These factors are challenging to quantify, making predicting stock price movements difficult. This paper presents a novel deep neural network framework that leverages the dynamic fusion of multi-dimensional and multi-level features for stock price prediction, which means we utilize fundamental trading data and technical indicators as multi-dimensional data and local and global multi-level information. Firstly, the model dynamically assigns weights to multi-dimensional features of stocks to capture the impact of each feature on stock prices. Next, it applies the Fourier transform to the global features to capture the long-term trends of the global environment and dynamically fuses these with local and global features of the stocks to capture the overall market environment’s impact on individual stocks. Finally, temporal features are captured using an attention layer and an RNN-based model, which incorporates historical price data to forecast future prices. Experiments on stocks from various industries within the Chinese CSI 300 index reveal that the proposed model outperforms traditional methods and other deep learning approaches in terms of stock price prediction. This paper proposes a method that facilitates the dynamic integration of multi-dimensional and multi-level features in an efficient manner and experimental results show that it improves the accuracy of stock price predictions. © 2024 by the authors.",deep neural networks; financial market analysis; Fourier transform; stock prediction,Article,Yes,No,Yes,EL04; SC01,M-2381,Primary/Other,Yes,Price; Direction/Movement,Yes,Yes,Yes,No,,Yes,2,20,A_Direct_Methodological_Priority,Detailed extraction for gap and methodology design,Low,Technical_Indicators; Fusion,csi 300; stock prediction; stock price; stock prices,future prices; price movements; price prediction; stock price; stock prices,attention; deep learning; deep neural; neural network; neural networks; rnn,accuracy; experimental; experiments; outperforms; results show,"A Stock Prediction Method Based on Multidimensional and Multilevel Feature Dynamic Fusion || Stock price prediction has long been a topic of interest in academia and the financial industry. || Numerous factors influence stock prices, such as a company’s performance, industry development, national policies, and other macroeconomic factors. || These factors are challenging to quantify, making predicting stock price movements difficult. || This paper presents a novel deep neural network framework that leverages the dynamic fusion of multi-dimensional and multi-level features for stock price prediction, which means we utilize fundamental trading data and technical indicators as multi-dimensional data and local and global multi-level information. || Firstly, the model dynamically assigns weights to multi-dimensional features of stocks to capture the impact of each feature on stock prices. || Experiments on stocks from various industries within the Chinese CSI 300 index reveal that the proposed model outperforms traditional methods and other deep learning approaches in terms of stock price prediction. || This paper proposes a method that facilitates the dynamic integration of multi-dimensional and multi-level features in an efficient manner and experimental results show that it improves the accuracy of stock price predictions. © 2024 by the authors.",,,Yes,Yes,Unclear,Unclear,Unclear,Unclear,Unclear,Unclear,Unclear,Yes,Unclear,Yes,Unclear,Unclear,Unclear,Unclear,Unclear,Unclear,historical price,technical indicators,,,,,,,,fusion,,rnn,,,,,,
doi:10.14445/23488549/ijece-v11i1p109,An Automated Analytics Framework for Stock Trend Analysis from Multi-Modal Data,Varija B.; Hegde N.P.,2024,SSRG International Journal of Electronics and Communication Engineering,10.14445/23488549/ijece-v11i1p109,"Developing comprehensive and automated analytics frameworks for stock trend research is essential due to the turbulent and dynamic financial markets. This paper introduces a novel Automated Analytics framework for Stock trend Analysis from Multi-Modal Data (AASAMD). The framework utilizes sentiment extraction methods and historical stock price data to predict market trends. The approach incorporates many modalities of data, merging textual sentiment data acquired from news items and social media with numerical data derived from stock price histories. This involves collecting sentiment indicators from unstructured textual data sources. The sentiment data is then integrated with previous stock price data to provide a complete dataset suitable for study. Machine learning models, such as regression and classification algorithms, forecast stock patterns, furnishing investors with vital insights to facilitate educated decision-making. The framework’s capacity to accommodate many textual data sources enables its flexibility to various markets and industries. The research study includes empirical findings highlighting the framework’s efficacy in predicting stock market movements. Moreover, it illustrates the framework’s capacity to improve decision-making processes for financial stakeholders. The Automated Analytics Framework for Stock Trend Analysis from Multi-Modal Data, which incorporates sentiment extraction and stock prices, signifies a notable advancement in utilizing various data sources and state-of-the-art technologies. This advancement aims to enhance the accuracy of predicting stock trends, consequently facilitating more informed investment strategies within dynamic financial markets. © 2024 Seventh Sense Research Group.",Automated analytics framework; Financial markets; Multi-Modal Data; Natural Language Processing; Sentiment analysis; Stock price prediction; Stock trends,Article,Yes,No,No,SC01,M-2041,Primary/Other,Yes,Price; Trend,Yes,Yes,Yes,Yes,,Yes,2,20,A_Direct_Methodological_Priority,Detailed extraction for gap and methodology design,Low,Sentiment; Multimodal,stock market; stock price; stock prices; stock trend; stock trends,market trends; price prediction; stock price; stock prices; stock trend; stock trends,machine learning,accuracy; dataset,"An Automated Analytics Framework for Stock Trend Analysis from Multi-Modal Data || Developing comprehensive and automated analytics frameworks for stock trend research is essential due to the turbulent and dynamic financial markets. || This paper introduces a novel Automated Analytics framework for Stock trend Analysis from Multi-Modal Data (AASAMD). || The framework utilizes sentiment extraction methods and historical stock price data to predict market trends. || The approach incorporates many modalities of data, merging textual sentiment data acquired from news items and social media with numerical data derived from stock price histories. || The sentiment data is then integrated with previous stock price data to provide a complete dataset suitable for study. || The Automated Analytics Framework for Stock Trend Analysis from Multi-Modal Data, which incorporates sentiment extraction and stock prices, signifies a notable advancement in utilizing various data sources and state-of-the-art technologies. || This advancement aims to enhance the accuracy of predicting stock trends, consequently facilitating more informed investment strategies within dynamic financial markets. © 2024 Seventh Sense Research Group.",sentiment analysis,,Unclear,Unclear,Unclear,Unclear,Yes,Yes,Unclear,Unclear,Yes,Unclear,Unclear,Unclear,Unclear,Unclear,Unclear,Unclear,Unclear,Unclear,,,,,social media,sentiment,,,multi-modal,,,,,,,,,
doi:10.1142/s0219477524400170,Enhancing Stock Price Prediction with Deep Cross-Modal Information Fusion Network,Mandal R.C.; Kler R.; Tiwari A.; Keshta I.; Abonazel M.R.; Tageldin E.M.; Umaralievich M.S.,2024,Fluctuation and Noise Letters,10.1142/s0219477524400170,"Stock price prediction is considered a classic and challenging task, with the potential to aid traders in making more profitable trading decisions. Significant improvements in stock price prediction methods based on deep learning have been observed in recent years. However, most existing methods are reliant solely on historical stock price data for predictions, resulting in the inability to capture market dynamics beyond price indicators, thus limiting their performance to some extent. Therefore, combining social media text with historical stock price information has proposed a novel stock price prediction method, known as the Deep Cross-Modal Information Fusion Network (DCIFNet). The process is initiated by DCIFNet, which employs temporal convolution processes to encode stock prices and Twitter content. This ensures that each element has sufficient information about its surrounding components. Following this, the outcomes are inputted into a cross-modal fusion structure based on transformers to enhance the integration of crucial information from stock prices and Twitter content. Lastly, a multi-graph convolution attention network is introduced to depict the relationships between different stocks from diverse perspectives. This facilitates the more effective capturing of industry affiliations, Wikipedia references, and associated relationships among linked stocks, ultimately leading to an enhancement in stock price prediction accuracy. Trend prediction and simulated trading experiments are conducted on high-frequency trading datasets spanning nine different industries. Comparative assessments with the Multi-Attention Network for Stock Prediction (MANGSF) method, as well as ablation experiments, confirm the effectiveness of the DCIFNet approach, resulting in an accuracy rate of 0.6309, a marked improvement compared to representative methods in the field.  © 2024 World Scientific Publishing Company.",cross-modal information fusion; deep learning; historical stock price data; market dynamics; social media text; Stock price prediction,Article,Yes,No,No,SC01,M-1869,Primary/Other,Yes,Price; Trend,Yes,Yes,Yes,Yes,,Yes,2,20,A_Direct_Methodological_Priority,Detailed extraction for gap and methodology design,High,Multimodal; Fusion,stock prediction; stock price; stock prices,price prediction; stock price; stock prices; trend prediction,attention; deep learning; temporal convolution,accuracy; comparative; datasets; experiments,"Enhancing Stock Price Prediction with Deep Cross-Modal Information Fusion Network || Stock price prediction is considered a classic and challenging task, with the potential to aid traders in making more profitable trading decisions. || Significant improvements in stock price prediction methods based on deep learning have been observed in recent years. || However, most existing methods are reliant solely on historical stock price data for predictions, resulting in the inability to capture market dynamics beyond price indicators, thus limiting their performance to some extent. || Therefore, combining social media text with historical stock price information has proposed a novel stock price prediction method, known as the Deep Cross-Modal Information Fusion Network (DCIFNet). || The process is initiated by DCIFNet, which employs temporal convolution processes to encode stock prices and Twitter content. || Following this, the outcomes are inputted into a cross-modal fusion structure based on transformers to enhance the integration of crucial information from stock prices and Twitter content. || This facilitates the more effective capturing of industry affiliations, Wikipedia references, and associated relationships among linked stocks, ultimately leading to an enhancement in stock price prediction accuracy.",trading decisions,,Unclear,Unclear,Unclear,Unclear,Yes,Unclear,Unclear,Unclear,Yes,Yes,Unclear,Unclear,Unclear,Unclear,Unclear,Unclear,Unclear,Unclear,,,,,social media; twitter,,,,cross-modal,fusion,,,,,,,,
doi:10.1016/j.osnem.2024.100293,How does user-generated content on Social Media affect stock predictions? A case study on GameStop,Ferraro A.; Sperlì G.,2024,Online Social Networks and Media,10.1016/j.osnem.2024.100293,"One of the main challenges in the financial market concerns the forecasting of stock behavior, which plays a key role in supporting the financial decisions of investors. In recent years, the large amount of available financial data and the heterogeneous contextual information led researchers to investigate data-driven models using Artificial Intelligence (AI)-based approaches for forecasting stock prices. Recent methodologies focus mainly on analyzing participants from Reddit without considering other social media and how their combination affects the stock market, which remains an open challenge. In this paper, we combine financial data and textual user-generated information, which are provided as input to various deep learning models, to develop a stock forecasting system. The main novelties of the proposal concern the design of a multi-modal approach combining historical stock prices and sentiment scores extracted by different Online Social Networks (OSNs), also unveiling possible correlations about heterogeneous information evaluated during the GameStop squeeze. In particular, we have examined several AI-based models and investigated the impact of textual data inferred from well-known Online Social Networks (i.e., Reddit and Twitter) on stock market behavior by conducting a case study on GameStop. Although users’ dynamic opinions on social networks may have a detrimental impact on the stock prediction task, our investigation has demonstrated the usefulness of assessing user-generated content inferred from various OSNs on the market forecasting problem. © 2024 The Authors",Deep learning; Financial systems; GameStop; Online social networks; Stock forecasting; Prediction models; Case-studies; Deep learning; Financial data; Financial decisions; Financial system; Gamestop; Social media; Stock forecasting; Stock predictions; User-generated; Tweets,Article,Yes,Yes,No,SC01; SD01; SD03; SD05,M-1262,Primary/Other,Yes,Price,Yes,Yes,Yes,No,,Yes,2,20,A_Direct_Methodological_Priority,Detailed extraction for gap and methodology design,Low,Sentiment; Multimodal,stock forecasting; stock market; stock prediction; stock prices,stock prices,artificial intelligence; deep learning,evaluated,"In recent years, the large amount of available financial data and the heterogeneous contextual information led researchers to investigate data-driven models using Artificial Intelligence (AI)-based approaches for forecasting stock prices. || In this paper, we combine financial data and textual user-generated information, which are provided as input to various deep learning models, to develop a stock forecasting system. || The main novelties of the proposal concern the design of a multi-modal approach combining historical stock prices and sentiment scores extracted by different Online Social Networks (OSNs), also unveiling possible correlations about heterogeneous information evaluated during the GameStop squeeze. || Although users’ dynamic opinions on social networks may have a detrimental impact on the stock prediction task, our investigation has demonstrated the usefulness of assessing user-generated content inferred from various OSNs on the market forecasting problem. © 2024 The Authors",,,Unclear,Unclear,Unclear,Unclear,Yes,Yes,Unclear,Unclear,Yes,Unclear,Unclear,Unclear,Unclear,Unclear,Unclear,Unclear,Unclear,Unclear,,,,,reddit; social media; tweets; twitter,sentiment; sentiment scores,,,multi-modal,,,,,,,,,
doi:10.1007/s10489-024-05491-1,Multiple stocks recommendation: a spatio-temporal hypergraph learning approach,Xin K.; Chao L.; Baozhong G.,2024,Applied Intelligence,10.1007/s10489-024-05491-1,"Stocks do not exist in isolation in the financial markets, but there are complex relationships among them, which leads to the fluctuations in the stock prices have the properties of synchronism, systematic linkage and conductivity. From the relevancy-based perspective, a group of stocks with distinct degrees of correlation constitute the spatial structure of hypergraph, which combines with temporal information together to provide the important basis for the analysis of financial market behaviors. However, how to effectively learn the intrinsic relevancies of stocks is still an open problem. In this article, we proposed the Multiple Stock Recommendation system based on a novel Spatio-Temporal Hypergraph Learning framework (MSR-STHL). Firstly, inspired by the existing works, LSTM-attention module is applied to learn the temporal features of stocks, where Hawkes process is involved to enhance the attention mechanism in the long-term time scale. Secondly, by means of the prior knowledge and data-driven methods, the relevancy-based spatial structures among stocks are modeled from several aspects, where data-driven way can provide the potential relations among stocks and make up the disadvantage of untimely change of prior knowledge. Thirdly, graph attention networks and hypergraph convolution operations are used to achieve the fusion learning of multiple graphs/hypergraphs. Finally, the recommended stocks on the return prediction are provided. The proposed model is evaluated on three stock market datasets, i.e. NASDAQ, NYSE, and China A-share, respectively. In comparison with state-of-the-art methods, the proposed model can outperform the existing methods and the validity is confirmed. © The Author(s), under exclusive licence to Springer Science+Business Media, LLC, part of Springer Nature 2024.",Graph learning; Hypergraph; Stock recommendation; Time series prediction; Commerce; Learning systems; Long short-term memory; Complex relationships; Graph learning; Hyper graph; Learn+; Learning approach; Prior-knowledge; Spatial structure; Spatio-temporal; Stock recommendation; Time series prediction; Financial markets,Article,Yes,No,No,SC01,M-0121,Primary/Other,Yes,Price; Return,Yes,Yes,Yes,No,,Yes,3,20,A_Direct_Methodological_Priority,Detailed extraction for gap and methodology design,Low,Fusion; Transformer_Attention; Multi_Stock,a-share; nasdaq; stock market; stock prices,return prediction; stock prices,attention; lstm,comparison; datasets; evaluated; outperform,"Stocks do not exist in isolation in the financial markets, but there are complex relationships among them, which leads to the fluctuations in the stock prices have the properties of synchronism, systematic linkage and conductivity.",,,Yes,Unclear,Unclear,Unclear,Unclear,Unclear,Unclear,Unclear,Unclear,Yes,Yes,Yes,Unclear,Unclear,Unclear,Unclear,Unclear,Yes,time series,,,,,,,,,fusion,attention mechanism,long short-term memory; lstm,,,,,,multiple stocks
doi:10.1007/s11042-024-18610-4,Stock market prediction with political data Analysis (SP-PDA) model for handling big data,Ayyappa Y.; Kumar A.P.S.,2024,Multimedia Tools and Applications,10.1007/s11042-024-18610-4,"The ability to accurately predict the stock market is a crucial financial topic. The basic assumption is that future stock returns can be somewhat predicted based on publicly available data from the past. Economic variables like interest rates and currency rates, information related to political influences, and company-specific data like statements of income and dividends are some examples of this information. Yet, attempting to forecast stock returns goes against the idea that markets are generally efficient. A prediction model has been created that leverages machine learning, big data analytics, and social media analytics to predict stock market trends regularly. The main objective of this work is to propose a novel approach for stock market prediction for handling big data. This research develops a new SP-PDA (Stock Price Prediction with Political Data Analysis) which includes preprocessing, feature extraction, and prediction. In this work, we employed three types of data (Stock data, News data and Political data). For the stock data, preprocessing was done using Z-score normalization, while tokenization and lemmatization were used for the news and political data. Next, to handle the big data, we used a Map-Reduce architecture. Here, feature extraction from preprocessed stock, news, and political data occurs in the mapper function. The reduction face yields the final extracted feature set. Commodity channel index (CCI), Chaikin Volatility (CV), and Donchian Channel (DC) are examples of technical indicator-based features that are extracted for stock data during the feature extraction phase. Mutual Information (MI), Improved Pointwise mutual information (IPMI), Term Frequency-Inverse Document Frequency (TF-IDF), and correlation features are retrieved for news and political data. Stock market prediction is based on the features extracted. To predict stock prices, we employed an ensemble classification model that incorporates classifiers such as Convolutional Neural Network (CNN), Recurrent Neural Network (RNN), Bidirectional Gated Recurrent Unit (Bi-GRU), Long-short term memory (LSTM), and Deep Maxout. An improved score level fusion is carried out to define the final prediction outcome from the obtained intermediate prediction results. The suggested Dwarf Mongoose Updated War Strategy-based Generalized Normal Distribution (DMUWS-based GND) Optimization Algorithm is used to optimizing the weights of ensemble classifiers. Finally, the performance of the proposed model is evaluated over existing models in terms of error measures like Mean Absolute Error (MAE), Mean Squared Error (MSE), Mean Absolute Percentage Error (MAPE) and Mean Squared Log Error (MSLE). The SP-PDA achieved the desired MAE of 0.012, which is low when compared to the other traditional systems for accurate prediction of the stock market. © The Author(s), under exclusive licence to Springer Science+Business Media, LLC, part of Springer Nature 2024.",Bi-GRU; LSTM; Political Data Analysis; RNN; Stock Price Prediction; Big data; Commerce; Data Analytics; Data handling; Data mining; Electronic trading; Extraction; Feature extraction; Financial markets; Forecasting; Investments; Normal distribution; Text processing; Bidirectional gated recurrent unit; Data analysis models; Economic variables; Features extraction; Mean absolute error; Political data analyse; Stock data; Stock market prediction; Stock price prediction; Stock returns; Long short-term memory,Article,Yes,No,No,SC01,M-0249,Primary/Other,Yes,Price; Return; Trend,Yes,Yes,Yes,No,,Yes,2,20,A_Direct_Methodological_Priority,Detailed extraction for gap and methodology design,Low,Technical_Indicators; Fusion,stock market; stock price; stock prices; stock returns,market trends; price prediction; stock price; stock prices; stock returns,cnn; convolutional; gru; lstm; machine learning; neural network; recurrent neural; rnn,evaluated; mae; mape; mse,"Stock market prediction with political data Analysis (SP-PDA) model for handling big data || The ability to accurately predict the stock market is a crucial financial topic. || The basic assumption is that future stock returns can be somewhat predicted based on publicly available data from the past. || Yet, attempting to forecast stock returns goes against the idea that markets are generally efficient. || A prediction model has been created that leverages machine learning, big data analytics, and social media analytics to predict stock market trends regularly. || The main objective of this work is to propose a novel approach for stock market prediction for handling big data. || This research develops a new SP-PDA (Stock Price Prediction with Political Data Analysis) which includes preprocessing, feature extraction, and prediction. || Stock market prediction is based on the features extracted.",,,Unclear,Yes,Unclear,Unclear,Yes,Unclear,Unclear,Unclear,Unclear,Yes,Unclear,Yes,Unclear,Unclear,Unclear,Unclear,Unclear,Unclear,,cci; technical indicator,,,social media,,,,,fusion,,bi-gru; gru; long short-term memory; lstm; recurrent neural; rnn,,,,,,
doi:10.1007/s10844-023-00804-1,Stock market prediction with time series data and news headlines: a stacking ensemble approach,Corizzo R.; Rosen J.,2024,Journal of Intelligent Information Systems,10.1007/s10844-023-00804-1,"Time series forecasting models are gaining traction in many real-world domains as valuable decision support tools. Stock market analysis is a challenging domain, characterized by a complex multi-variate and time-evolving nature, with high volatility, and multiple correlations with exogenous factors. Autoregressive, machine learning, and deep learning models for temporal data have been adopted thus far to solve this task. However, they are usually limited to the analysis of a single data source or modality, and do not collectively deal with all the inherent challenges and complexities presented by stock market data. In this paper, inspired by the promising learning capabilities of hybrid ensemble methods, we propose a novel stacking ensemble approach for stock market prediction that jointly considers news headlines, multi-variate time series data, and multiple base models as predictors. By taking multiple factors into consideration, our model is able to learn historical patterns leveraging multiple data sources and models. Our experiments showcase the ability of our model to outperform popular baselines on next-day stock market trend prediction. A portfolio analysis reveals that our method is also able to yield potential gains or capital preservation capabilities when its predictions are exploited for trading decisions. © The Author(s), under exclusive licence to Springer Science+Business Media, LLC, part of Springer Nature 2023.",Deep learning; Ensemble learning; Stock market analysis; Time series; Commerce; Decision support systems; Deep learning; Financial markets; Forecasting; Learning systems; Time series analysis; Deep learning; Ensemble approaches; Ensemble learning; Stackings; Stock market analysis; Stock market prediction; Time series forecasting models; Time Series News; Time-series data; Times series; Time series,Article,Yes,No,No,SC01,M-0236,Primary/Other,Yes,Trend,Yes,Yes,Yes,Yes,,Yes,2,20,A_Direct_Methodological_Priority,Detailed extraction for gap and methodology design,Low,Financial_News; Multimodal,stock market,market trend; trend prediction,deep learning; ensemble learning; machine learning,experiments; outperform,"Stock market prediction with time series data and news headlines: a stacking ensemble approach || In this paper, inspired by the promising learning capabilities of hybrid ensemble methods, we propose a novel stacking ensemble approach for stock market prediction that jointly considers news headlines, multi-variate time series data, and multiple base models as predictors. || Our experiments showcase the ability of our model to outperform popular baselines on next-day stock market trend prediction.",trading decisions,,Yes,Unclear,Unclear,Yes,Unclear,Unclear,Unclear,Unclear,Yes,Unclear,Unclear,Unclear,Unclear,Unclear,Unclear,Unclear,Unclear,Unclear,market data; time series,,,news headlines,,,,,multiple data sources,,,,,,,,,
doi:10.1016/j.frl.2024.105195,Stock price crash prediction based on multimodal data machine learning models,Sheng Y.; Qu Y.; Ma D.,2024,Finance Research Letters,10.1016/j.frl.2024.105195,"This study introduces multimodal data machine learning framework to predict stock crashes. It encapsulates market data, graph data cultivated from industry affiliations through node2vec, and text data derived from sentiment analysis. The LightGBM is utilized, marking an improvement by 7.13% over preceding studies, achieving 75.85% balanced accuracy. An innovative long-short portfolio construction approach is articulated, demonstrating the practical significance of the predictions, with a 4.75% portfolio return in 2022 — a 27.26% advancement over the CSI 300. This endeavour in leveraging multimodal data machine learning for stock crash prediction offers a promising performance, serving as a valuable reference for investors. © 2024 Elsevier Inc.",Graph data; LightGBM; Machine learning; Multimodal data; Stock price crash,Article,Yes,No,No,SC01; SC02,M-0866,Primary/Other,Yes,Price,Yes,Yes,Yes,Yes,,Yes,2,20,A_Direct_Methodological_Priority,Detailed extraction for gap and methodology design,Low,Sentiment; Multimodal,csi 300; stock price,stock price,lightgbm; machine learning,accuracy,Stock price crash prediction based on multimodal data machine learning models,sentiment analysis,,Yes,Unclear,Unclear,Unclear,Unclear,Yes,Unclear,Unclear,Yes,Unclear,Unclear,Unclear,Unclear,Unclear,Unclear,Unclear,Unclear,Unclear,market data,,,,,sentiment,,,multimodal,,,,,,,,,
doi:10.14569/ijacsa.2024.0150713,Temporal Fusion Transformers for Enhanced Multivariate Time Series Forecasting of Indonesian Stock Prices,Hartanto S.; Gunawan A.A.S.,2024,International Journal of Advanced Computer Science and Applications,10.14569/ijacsa.2024.0150713,"The stock market represents the financial pulse of economies and is an important part of the global financial system. It allows people to buy and sell shares in publicly held corporations. It serves as a platform for investors to trade ownership in businesses, enabling companies to raise capital for expansion and operations. However, the stock market can be very risky for any investor because of the fluctuating prices and uncertainties of the market. Integrating deep learning into stock market analysis enables researchers and practitioners to gain a deeper understanding of the trends and variations that will improve investment decisions. Recent advancements in the area of deep learning, more specifically with the invention of transformer-based models, have revolutionized research in stock market prediction. The Temporal Fusion Transformer (TFT) was introduced as a model that uses self-attention mechanisms to capture complex temporal dynamics across multiple time-series sequences. This study investigates feature engineering and technical data integrated into the TFT models to improve short-term stock market prediction. The Variance Inflation Factor (VIF) was used to quantify the severity of multicollinearity in the dataset. Evaluation metrics were used to evaluate TFT models’ effectiveness in improving the accuracy of stock market forecasting compared to other transformer models and traditional statistical Naïve models used as baselines. The results prove that TFT models excel in forecasting by effectively identifying multiple patterns, resulting in better predictive accuracy. Furthermore, considering the unique patterns of individual stocks, TFT obtained a remarkable SMAPE of 0.0022. © (2024), (Science and Information Organization). All rights reserved.",capital market; stock price prediction; technical analysis; TFT; Time series forecasting; Commerce; Costs; Deep learning; Forecasting; Investments; Regression analysis; Time series; Time series analysis; Financial system; Multivariate time series; Stock market prediction; Stock price; Stock price prediction; Technical analysis; Temporal fusion transformer; Time series forecasting; Transformer modeling; Uncertainty; Financial markets,Article,Yes,No,No,SC01,M-2061,Primary/Other,Yes,Price,Yes,Yes,Yes,Yes,,Yes,3,20,A_Direct_Methodological_Priority,Detailed extraction for gap and methodology design,Low,Technical_Indicators; Fusion; Transformer_Attention,stock market; stock price; stock prices,price prediction; stock price; stock prices,attention; deep learning; transformer,accuracy; dataset; evaluate; evaluation,"Temporal Fusion Transformers for Enhanced Multivariate Time Series Forecasting of Indonesian Stock Prices || Recent advancements in the area of deep learning, more specifically with the invention of transformer-based models, have revolutionized research in stock market prediction. || This study investigates feature engineering and technical data integrated into the TFT models to improve short-term stock market prediction. || Evaluation metrics were used to evaluate TFT models’ effectiveness in improving the accuracy of stock market forecasting compared to other transformer models and traditional statistical Naïve models used as baselines.",buy and sell,,Yes,Yes,Unclear,Unclear,Unclear,Unclear,Unclear,Unclear,Unclear,Yes,Yes,Unclear,Unclear,Unclear,Unclear,Unclear,Unclear,Unclear,time series,technical analysis,,,,,,,,fusion,self-attention; temporal fusion transformer; transformer,,,,,,,
doi:10.3390/app14072984,The Intraday Dynamics Predictor: A TrioFlow Fusion of Convolutional Layers and Gated Recurrent Units for High-Frequency Price Movement Forecasting,Zaznov I.; Kunkel J.M.; Badii A.; Dufour A.,2024,Applied Sciences (Switzerland),10.3390/app14072984,"This paper introduces a novel deep learning approach for intraday stock price direction prediction, motivated by the need for more accurate models to enable profitable algorithmic trading. The key problems addressed are effectively modelling complex limit order book (LOB) and order flow (OF) microstructure data and improving prediction accuracy over current state-of-the-art models. The proposed deep learning model, TrioFlow Fusion of Convolutional Layers and Gated Recurrent Units (TFF-CL-GRU), takes LOB and OF features as input and consists of convolutional layers splitting into three channels before rejoining into a Gated Recurrent Unit. Key innovations include a tailored input representation incorporating LOB and OF features across recent timestamps, a hierarchical feature-learning architecture leveraging convolutional and recurrent layers, and a model design specifically optimised for LOB and OF data. Experiments utilise a new dataset (MICEX LOB OF) with over 1.5 million LOB and OF records and the existing LOBSTER dataset. Comparative evaluation against the state-of-the-art models demonstrates significant performance improvements with the TFF-CL-GRU approach. Through simulated trading experiments, the model also demonstrates practical applicability, yielding positive returns when used for trade signals. This work contributes a new dataset, performance improvements for microstructure-based price prediction, and insights into effectively applying deep learning to financial time-series data. The results highlight the viability of data-driven deep learning techniques in algorithmic trading systems. © 2024 by the authors.",deep learning; intraday trading; limit order book; order flow; stock prediction; time-series analysis,Article,Yes,No,No,SC01,M-2332,Primary/Other,Yes,Price; Direction/Movement,Yes,Yes,Yes,Yes,,Yes,2,20,A_Direct_Methodological_Priority,Detailed extraction for gap and methodology design,Low,Fusion; Optimization,stock prediction; stock price,direction prediction; price direction; price movement; price prediction; stock price,convolutional; deep learning; gru,accuracy; comparative; dataset; evaluation; experiments,"This paper introduces a novel deep learning approach for intraday stock price direction prediction, motivated by the need for more accurate models to enable profitable algorithmic trading.",algorithmic trading,,Unclear,Unclear,Unclear,Unclear,Unclear,Unclear,Unclear,Unclear,Unclear,Yes,Unclear,Yes,Yes,Unclear,Unclear,Unclear,Unclear,Unclear,,,,,,,,,,fusion,,gru,optimised,,,,,
doi:10.3390/math14162888,A Stock Market Price Prediction Model Integrating a CNN–Transformer Dual-Channel Dynamic Attention Architecture,Han C.; Guo J.; Feng X.,2026,Mathematics,10.3390/math14162888,"Stock market price prediction remains a persistent challenge owing to the non-stationarity, high noise content, and intricate spatiotemporal dependencies that characterize financial time series. Existing approaches typically excel at either local pattern extraction or long-range dependency modeling, yet seldom reconcile both within a unified framework. This paper introduces a CNN–Transformer dual-channel architecture equipped with a dynamic attention fusion module for stock price forecasting. The convolutional channel applies hierarchical dilated convolutions to distill fine-grained local patterns from multi-indicator sequences while suppressing high-frequency noise. Simultaneously, the Transformer channel employs multi-head self-attention to capture long-distance temporal correlations and regime-shift dynamics. A learnable gating mechanism then fuses the two feature streams by adaptively weighting local detail against global trend information according to market conditions. Experiments conducted on four real-world stock datasets spanning the S&P 500, CSI 300, NASDAQ Composite, and Hang Seng Index show that the proposed model reduces mean absolute error by 9.7–15.3% and root mean square error by 9.5–13.8% relative to competitive baselines including LSTM, CNN–LSTM, Informer, and PatchTST. Ablation studies further indicate that both channels and the fusion module contribute to prediction accuracy, and the architecture remains effective across markets with differing volatility profiles. © 2026 by the authors.",convolutional neural network; dual-channel architecture; dynamic attention fusion; financial time series; stock price prediction; transformer,Article,Yes,No,No,SC01,M-2500,Primary/Other,Yes,Price,Yes,Yes,Yes,No,,Yes,2,19,A_Direct_Methodological_Priority,Detailed extraction for gap and methodology design,Low,Fusion; Transformer_Attention,csi 300; hang seng; nasdaq; s&p 500; stock market; stock price,price forecasting; price prediction; stock price,attention; cnn; convolutional; lstm; neural network; transformer,accuracy; datasets; experiments,"A Stock Market Price Prediction Model Integrating a CNN–Transformer Dual-Channel Dynamic Attention Architecture || Stock market price prediction remains a persistent challenge owing to the non-stationarity, high noise content, and intricate spatiotemporal dependencies that characterize financial time series. || This paper introduces a CNN–Transformer dual-channel architecture equipped with a dynamic attention fusion module for stock price forecasting.",,,Yes,Unclear,Unclear,Unclear,Unclear,Unclear,Unclear,Unclear,Unclear,Yes,Yes,Yes,Unclear,Unclear,Unclear,Unclear,Unclear,Unclear,time series,,,,,,,,,fusion,informer; self-attention; transformer,lstm,,,,,,
doi:10.3390/e28010084,"Flexible Target Prediction for Quantitative Trading in the American Stock Market: A Hybrid Framework Integrating Ensemble Models, Fusion Models and Transfer Learning",Yan K.; Yue Z.; Wu C.C.; He Q.; Zhou J.; Hao Z.; Li Y.,2026,Entropy,10.3390/e28010084,"Stock price prediction is a core challenge in quantitative finance. While machine learning has advanced the modeling of complex financial time series, existing methods often rely on single-target predictions, underutilize multidimensional market information, and are disconnected from practical trading systems. To address these gaps, this research develops a hybrid machine learning framework for flexible target forecasting and systematic trading of major American technology stocks. The framework integrates Ensemble Models (AdaBoost, Decision Tree, LightGBM, Random Forest, XGBoost) with Fusion Models (Voting, Stacking, Blending) and introduces a Transfer Learning method enhanced by Dynamic Time Warping to facilitate knowledge sharing across assets, improving robustness. Focusing on ten key stocks, we forecast three distinct momentum indicators: next-day Closing Price Difference, Moving Average Difference, and Exponential Moving Average Difference. Empirical results demonstrate that the proposed Transfer Learning approach achieves superior predictive performance and trading simulations confirm that strategies based on these predicted momentum signals generate substantial returns. This research demonstrates that the proposed hybrid machine learning framework can mitigate the high information entropy inherent in financial markets, offering a systematic and practical method for integrating machine learning with quantitative trading. © 2026 by the authors.",American stock market; machine learning; quantitative trading; stock price prediction,Article,Yes,No,No,SC01,M-2366,Primary/Other,Yes,Price,Yes,Yes,Yes,No,,Yes,2,19,A_Direct_Methodological_Priority,Detailed extraction for gap and methodology design,Low,Technical_Indicators; Fusion,stock market; stock price,closing price; price prediction; stock price,lightgbm; machine learning; random forest; xgboost,results demonstrate,"Flexible Target Prediction for Quantitative Trading in the American Stock Market: A Hybrid Framework Integrating Ensemble Models, Fusion Models and Transfer Learning || Stock price prediction is a core challenge in quantitative finance.",,,Yes,Yes,Unclear,Unclear,Unclear,Unclear,Unclear,Unclear,Unclear,Yes,Unclear,Unclear,Unclear,Unclear,Unclear,Unclear,Unclear,Unclear,closing price; time series,moving average,,,,,,,,fusion,,,,,,,,
doi:10.3390/app16083716,MMCAD-Net: A Multi-Scale Multi-Level Convolutional Attention Decomposition Network for Stock Price Forecasting,Wu H.; Zhang Y.; Zhao Y.; Shi Z.,2026,Applied Sciences (Switzerland),10.3390/app16083716,"Stock price prediction is vital for quantitative investment but challenging due to multi-source data complexity, including endogenous, exogenous, and noise components. Standard deep learning models rely on end-to-end modeling of raw market data, failing to disentangle these distinct drivers and hindering prediction accuracy. To address this, we propose MMCAD-Net, a novel model based on time series decomposition. It first decomposes the original stock series into an exogenous cyclical component, endogenous temporal component and residual component, thereby disentangling the mixed temporal patterns. Subsequently, deep feature extraction and information refinement are applied to each component: multi-scale convolutions capture diverse patterns in the cyclical component; multi-level convolutional networks refine local and global features in the temporal component; and an attention mechanism sifts for potentially informative signals within the residuals. Finally, a multi-source feature aggregation mechanism fuses all enhanced information. Experiments on real-world stock market datasets demonstrate that MMCAD-Net surpasses mainstream models in both prediction accuracy and efficiency. Ablation studies further confirm the necessity and effectiveness of each core module. © 2026 by the authors.",attention mechanism; multi-scale convolution; multi-source feature aggregation; stock price prediction; time series decomposition; Commerce; Convolution; Costs; Deep learning; Electronic trading; Financial markets; Investments; Time series; Attention mechanisms; Feature aggregation; Multi-scale convolution; Multi-scales; Multi-source feature aggregation; Multi-Sources; Multilevels; Source features; Stock price prediction; Time series decomposition; Forecasting,Article,Yes,No,No,SC01,M-2345,Primary/Other,Yes,Price,Yes,Yes,Yes,No,,Yes,2,19,A_Direct_Methodological_Priority,Detailed extraction for gap and methodology design,Low,Multimodal; Transformer_Attention,stock market; stock price,price forecasting; price prediction; stock price,attention; convolutional; deep learning,accuracy; datasets; experiments,"MMCAD-Net: A Multi-Scale Multi-Level Convolutional Attention Decomposition Network for Stock Price Forecasting || Stock price prediction is vital for quantitative investment but challenging due to multi-source data complexity, including endogenous, exogenous, and noise components. || Experiments on real-world stock market datasets demonstrate that MMCAD-Net surpasses mainstream models in both prediction accuracy and efficiency.",,,Yes,Unclear,Unclear,Unclear,Unclear,Unclear,Unclear,Unclear,Yes,Unclear,Yes,Unclear,Unclear,Unclear,Unclear,Unclear,Unclear,Unclear,market data; time series,,,,,,,,multi-source,,attention mechanism,,,,,,,
doi:10.1108/ijicc-05-2025-0266,A hybrid neural framework for financial time series forecasting with CEEMDAN-CNN-BiLSTM-attention integration,Zhang H.; Huang Y.; Zhou N.; Du J.; Li X.,2025,International Journal of Intelligent Computing and Cybernetics,10.1108/ijicc-05-2025-0266,"Purpose Against the backdrop of policy intervention in China’s stock market, this paper proposes a prediction framework integrating frequency-domain multi-scale feature fusion with a multi-head attention mechanism for stock price forecasting. Design/methodology/approach The adaptive noise complete ensemble empirical mode decomposition (CEEMDAN) algorithm is combined with the k-means clustering algorithm to generate feature sequences across different frequency bands. Through Pearson correlation coefficient analysis, feature sequences with strong relevance to target labels are selected as model inputs. These preprocessed features are fed into a hybrid architecture comprising a convolutional neural network (CNN), bidirectional long short-term memory network (BiLSTM) and multi-head attention layers. Findings Extensive experiments on stock datasets from the Shanghai Stock Exchange (SHA) and Shenzhen Stock Exchange (SHE) demonstrate that the model achieves robust prediction accuracy and generalization capability and Welch’s t-test is performed to validate the results statistically. It achieves better prediction results in most datasets. Specifically, in the SHE: 000,021 dataset, the MSE is 0.906 and the MAE is 0.698, which are significantly lower than those of the baseline model. Originality/value This innovative approach integrating decomposition-aggregation algorithms with multi-head attention mechanisms offers a novel technical solution for stock market participants. The study concludes with a discussion on the model’s advantages, limitations and potential optimization directions. © 2025 Emerald Publishing Limited",Data decomposition; Deep learning; Feature fusion; Financial time series; Hybrid model; Stock market,Article,Yes,Yes,No,SC01; SD01; SD02,M-1630,Primary/Other,Yes,Price,Yes,Yes,Yes,No,,Yes,2,19,A_Direct_Methodological_Priority,Detailed extraction for gap and methodology design,Low,Fusion; Transformer_Attention,shanghai stock; stock market; stock price,price forecasting; stock price,attention; cnn; convolutional; deep learning; hybrid model; neural network,accuracy; dataset; datasets; experiments; mae; mse,"Purpose Against the backdrop of policy intervention in China’s stock market, this paper proposes a prediction framework integrating frequency-domain multi-scale feature fusion with a multi-head attention mechanism for stock price forecasting. || Findings Extensive experiments on stock datasets from the Shanghai Stock Exchange (SHA) and Shenzhen Stock Exchange (SHE) demonstrate that the model achieves robust prediction accuracy and generalization capability and Welch’s t-test is performed to validate the results statistically.",,,Yes,Unclear,Unclear,Unclear,Unclear,Unclear,Unclear,Unclear,Unclear,Yes,Yes,Yes,Unclear,Unclear,Unclear,Unclear,Unclear,Unclear,time series,,,,,,,,,feature fusion; fusion,attention mechanism,bilstm; long short-term memory,,,,,,
doi:10.3390/math13101565,A Pretrained Spatio-Temporal Hypergraph Transformer for Multi-Stock Trend Forecasting,Wu Y.; Xie L.; Wan H.; Xu H.,2025,Mathematics,10.3390/math13101565,"Predicting stock trends has garnered extensive attention from investors and researchers due to its potential to optimize stock investment returns. The fluctuation of stock prices is complex and influenced by multiple factors, presenting two major challenges: the first challenge lies in the the temporal dependence of individual stocks and the spatial correlation among multiple stocks. The second challenge emerges from having insufficient historical data availability for newly listed stocks. To address these challenges, this paper proposes a spatio-temporal hypergraph transformer (STHformer). The proposed model employs a temporal encoder with an aggregation module to capture temporal patterns, utilizes self-attention to dynamically generate hyperedges, and selects cross-attention to implement hypergraph-associated convolution. Furthermore, pretraining based on reconstruction of masked sequences is implemented. This framework enhances the model’s cold-start capability, making it more adaptable to newly listed stocks with insufficient training data. Experimental results show that the proposed model, after pretraining on data from over two thousand stocks, performed well on datasets from the stock markets of the United States and China. © 2025 by the authors.",hypergraph neural network; self-supervised pretraining; stock trend prediction; time series analysis,Article,Yes,No,No,SC01,M-2480,Primary/Other,Yes,Price; Trend,Yes,Yes,Yes,No,,Yes,3,19,A_Direct_Methodological_Priority,Detailed extraction for gap and methodology design,Low,Fusion; Transformer_Attention; Multi_Stock,stock markets; stock prices; stock trend; stock trends,stock prices; stock trend; stock trends; trend forecasting; trend prediction,attention; neural network; transformer,datasets; experimental; results show; training,"A Pretrained Spatio-Temporal Hypergraph Transformer for Multi-Stock Trend Forecasting || Predicting stock trends has garnered extensive attention from investors and researchers due to its potential to optimize stock investment returns. || The fluctuation of stock prices is complex and influenced by multiple factors, presenting two major challenges: the first challenge lies in the the temporal dependence of individual stocks and the spatial correlation among multiple stocks.",,,Yes,Unclear,Unclear,Unclear,Unclear,Unclear,Unclear,Unclear,Unclear,Yes,Yes,Unclear,Unclear,Unclear,Unclear,Unclear,Unclear,Yes,time series,,,,,,,,,cross-attention,self-attention; transformer,,,,,,,multi-stock; multiple stocks
doi:10.1007/s11042-024-19099-7,Exploring local–global stock price interconnections & patterns via augmented deep neural links for stock predictions,Dadiyala C.; Welekar R.,2025,Multimedia Tools and Applications,10.1007/s11042-024-19099-7,"In an era marked by the increasing influence of global market dynamics on local stocks through international trade, accurate stock price prediction remains a formidable challenge. Conventional stock prediction models often falter in capturing the intricate interplay of factors, including market sentiment, commodity price fluctuations, global market trends, and the symbiotic relationships between stocks and their parent companies. This research introduces a pioneering Interconnection Exploration Layer (IEL) that orchestrates the fusion of multiple event sources, enabling a precise estimation of a stock's direction and its delta-intensity. At its core, a deep learning model is meticulously crafted to enhance stock value prediction by harnessing the power of a Pattern Recognition Layer (PRL), adept at deciphering diverse temporal parameters extracted from global stock indices, and a Commodity Estimation Layer (CEL), finely attuned to tracking the temporal dynamics of gold and silver commodities. The innovation culminates in the creation of an exceptionally efficient stock representation vector, pivotal for training a bespoke 2D Convolutional Neural Network (CNN). Empirical results substantiate the model's efficacy, showcasing a remarkable 5% improvement in prediction accuracy compared to prevailing state-of-the-art stock prediction methodologies. Furthermore, the model's inherent scalability affords versatility, making it adaptable across diverse stock types. © The Author(s), under exclusive licence to Springer Science+Business Media, LLC, part of Springer Nature 2024.",Augmented; Commodity; Convolutional; Ensemble; Global; Local; Neural; News; Prediction; Stock; Tweets; Value; Convolution; Convolutional neural networks; Deep learning; Financial markets; International trade; Pattern recognition; Augmented; Commodity; Convolutional; Ensemble; Global; Local; Neural; News; Stock; Tweet; Value; Forecasting,Article,Yes,No,No,SC01,M-0250,Primary/Other,Yes,Price; Trend,Yes,Yes,Yes,Yes,Commodity,Yes,2,19,A_Direct_Methodological_Priority,Detailed extraction for gap and methodology design,Low,Sentiment; Fusion,stock indices; stock prediction; stock price,market trends; price prediction; stock price,cnn; convolutional; deep learning; deep neural; neural network; neural networks,accuracy; training,"Exploring local–global stock price interconnections & patterns via augmented deep neural links for stock predictions || In an era marked by the increasing influence of global market dynamics on local stocks through international trade, accurate stock price prediction remains a formidable challenge. || Conventional stock prediction models often falter in capturing the intricate interplay of factors, including market sentiment, commodity price fluctuations, global market trends, and the symbiotic relationships between stocks and their parent companies. || At its core, a deep learning model is meticulously crafted to enhance stock value prediction by harnessing the power of a Pattern Recognition Layer (PRL), adept at deciphering diverse temporal parameters extracted from global stock indices, and a Commodity Estimation Layer (CEL), finely attuned to tracking the temporal dynamics of gold and silver commodities. || Empirical results substantiate the model's efficacy, showcasing a remarkable 5% improvement in prediction accuracy compared to prevailing state-of-the-art stock prediction methodologies.",market sentiment,commodity price,Unclear,Unclear,Unclear,Unclear,Yes,Yes,Unclear,Unclear,Unclear,Yes,Unclear,Unclear,Unclear,Unclear,Unclear,Unclear,Unclear,Unclear,,,,,tweet; tweets,sentiment,,,,fusion,,,,,,,,
doi:10.62836/emi.v4i4.506,Stock Price Prediction Using LSTM with Attention-Based Multimodal Fusion Model,Jian-yi Sun,2025,Economics &amp; Management Information,10.62836/emi.v4i4.506,,,Misc,No,No,Yes,EL04,M-2719,Primary/Other,Yes,Price,Yes,Unclear,Yes,No,,Yes,2,19,A_Direct_Methodological_Priority,Detailed extraction for gap and methodology design,High,Multimodal; Fusion,stock price,price prediction; stock price,attention; lstm,,Stock Price Prediction Using LSTM with Attention-Based Multimodal Fusion Model,,,Unclear,Unclear,Unclear,Unclear,Unclear,Unclear,Unclear,Unclear,Yes,Yes,Unclear,Yes,Unclear,Unclear,Unclear,Unclear,Unclear,Unclear,,,,,,,,,multimodal,fusion,,lstm,,,,,,
doi:10.12785/ijcds/150134,A Future Trading System Using Ensemble Deep Learning,Devi U.; Mohan R.,2024,International Journal of Computing and Digital Systems,10.12785/ijcds/150134,"Stock price prediction is a challenging research problem due to various dependencies like news headlines, Twitter, microblogs, and price history. News headlines and price history are the most significant features for predicting stock prices, which help investors decide to sell, buy, or hold that maximizes the profits. The manual analysis of large amounts of news and price history information is impossible. Hence, automation is required to summarize the available data for wise trading decisions. We propose an ingenious Future Trading System Using Ensemble Deep Learning (FTSEDL) to improve the accuracy of the prediction. The objective is to develop FTSEDL that improves the Deep learning predictive model with a new context-based clustering, CbCA, and information fusion for an accurate stock price forecast. The CbCA filters the required features from the news datasets to generate quality datasets through context-based clustering. Information fusion combines the two vital features of stock price prediction: news headlines and price history. The present research experimented with six stocks, BHARATIARTL, SBIN, PNB, NXTDIGITAL, TCS, and WIPRO, covering possible up, down, and sideways trends to improve the predictive model evaluation. The experiment data considered the stock news and price history data from 8thAugust 2016 to 31th March 2023, i.e., 2427 trading days. CbCA achieved a homogeneity of 0.95, Completeness of 0.98, and Silhouette coefficient of 0.88. The proposed model, FTSEDL, achieved an accuracy of 91.693.09, RMSE of 13.14, and MAPE of 0.02, which outperformed the models in the recent literature. The FTSEDL has many advantages when compared with contemporary literature. In addition, there is vast scope to apply this concept in real time. © 2024 University of Bahrain. All rights reserved.",Artificial Intelligence; Clustering; Feature Extraction; Fusion; Stock,Article,Yes,No,No,SC01,M-1992,Primary/Other,Yes,Price,Yes,Yes,Yes,Yes,,Yes,2,19,A_Direct_Methodological_Priority,Detailed extraction for gap and methodology design,Low,Financial_News; Fusion,stock price; stock prices,price forecast; price prediction; stock price; stock prices,artificial intelligence; deep learning,accuracy; datasets; evaluation; experiment; mape; rmse,"Stock price prediction is a challenging research problem due to various dependencies like news headlines, Twitter, microblogs, and price history. || News headlines and price history are the most significant features for predicting stock prices, which help investors decide to sell, buy, or hold that maximizes the profits. || The objective is to develop FTSEDL that improves the Deep learning predictive model with a new context-based clustering, CbCA, and information fusion for an accurate stock price forecast. || Information fusion combines the two vital features of stock price prediction: news headlines and price history.",trading decisions,,Yes,Unclear,Unclear,Yes,Yes,Unclear,Unclear,Unclear,Unclear,Yes,Unclear,Unclear,Unclear,Unclear,Unclear,Unclear,Unclear,Unclear,price history,,,news headlines,twitter,,,,,fusion,,,,,,,,
doi:10.3934/era.2024314,CNN-Trans-SPP: A small Transformer with CNN for stock price prediction,Li Y.; Wang X.; Guo Y.,2024,Electronic Research Archive,10.3934/era.2024314,"Understanding the patterns of financial activities and predicting their evolution and changes has always been a significant challenge in the field of behavioral finance. Stock price prediction is particularly difficult due to the inherent complexity and stochastic nature of the stock market. Deep learning models offer a more robust solution to nonlinear problems compared to traditional algorithms. In this paper, we propose a simple yet effective fusion model that leverages the strengths of both transformers and convolutional neural networks (CNNs). The CNN component is employed to extract local features, while the Transformer component captures temporal dependencies. To validate the effectiveness of the proposed approach, we conducted experiments on four stocks representing different sectors, including finance, technology, industry, and agriculture. We performed both single-step and multi-step predictions. The experimental results demonstrate that our method significantly improves prediction accuracy, reducing error rates by 45%, 32%, and 36.8% compared to long short-term memory(LSTM), attention-based LSTM, and transformer models. © 2024 the Author(s), licensee AIMS Press. This is an open access article distributed under the terms of the Creative Commons Attribution License (http://creativecommons.org/licenses/by/4.0)",CNN; LSTM; stock price prediction; Transformer,Article,Yes,No,No,SC01,M-2569,Primary/Other,Yes,Price,Yes,Yes,Yes,No,,Yes,2,19,A_Direct_Methodological_Priority,Detailed extraction for gap and methodology design,Low,Fusion; Transformer_Attention,stock market; stock price,price prediction; stock price,attention; cnn; convolutional; deep learning; lstm; neural networks; transformer,accuracy; experimental; experiments; results demonstrate,CNN-Trans-SPP: A small Transformer with CNN for stock price prediction || Stock price prediction is particularly difficult due to the inherent complexity and stochastic nature of the stock market.,,,Unclear,Unclear,Unclear,Unclear,Unclear,Unclear,Unclear,Unclear,Unclear,Yes,Yes,Yes,Unclear,Unclear,Unclear,Unclear,Unclear,Unclear,,,,,,,,,,fusion,transformer,long short-term memory; lstm,,,,,,
doi:10.1007/s10489-024-05838-8,HDML: hybrid data-driven multi-task learning for China’s stock price forecast,Xu W.; Liu Y.; Liu W.; Li H.; Sun G.,2024,Applied Intelligence,10.1007/s10489-024-05838-8,"Recent years have witnessed the rapid development of the China’s stock market, but investment risks have also emerged. Stock price is always unstable and non-linear, affected not only by historical transaction data but also by national policies, news, and other data. Stock price and textual data are beginning to be employed in the prediction process. However, the challenge lies in effectively integrating feature information derived from stock price and textual information. To address the problem, in this paper, this paper proposes a Hybrid Data-driven Multi-task Learning(HDML) framework to predict stock price. HDML adopts hybrid data as model input, mining the transaction and capital flow data information in the stock market and considering the impact of investors’ emotions on the stock market. In addition, we incorporate multi-task learning, which predicts the closing price range of stock based on structured data and then corrects the prediction results through investors’ comment text data. HDML effectively captures the relationship between different modal data through multi-task learning and achieve improvements on both tasks. The experimental results show that compared with previous work, HDML reduces the RMSE of the evaluation set by 12.14% and improves the F1 score by an average of 13.64% at the same time. Moreover, value at risk (VaR), together with the HDML model, can help investors weigh the potential gains against the associated risks. © The Author(s), under exclusive licence to Springer Science+Business Media, LLC, part of Springer Nature 2024.",Data fusion; LSTM neural network; Multi-task learning; Self-attention; Stock prediction; Data driven; Investment risks; LSTM neural network; Multitask learning; Neural-networks; Non linear; Self-attention; Stock predictions; Stock price; Stock price forecasts; Multi-task learning,Article,Yes,No,No,SC01,M-0123,Primary/Other,Yes,Price,Yes,Yes,Yes,Yes,,Yes,2,19,A_Direct_Methodological_Priority,Detailed extraction for gap and methodology design,Low,Fusion; Transformer_Attention,stock market; stock prediction; stock price,closing price; price forecast; stock price,attention; lstm; neural network,evaluation; experimental; f1; results show; rmse,"HDML: hybrid data-driven multi-task learning for China’s stock price forecast || Stock price is always unstable and non-linear, affected not only by historical transaction data but also by national policies, news, and other data. || Stock price and textual data are beginning to be employed in the prediction process. || However, the challenge lies in effectively integrating feature information derived from stock price and textual information. || To address the problem, in this paper, this paper proposes a Hybrid Data-driven Multi-task Learning(HDML) framework to predict stock price.",value at risk,,Yes,Unclear,Unclear,Unclear,Unclear,Unclear,Unclear,Unclear,Unclear,Yes,Yes,Yes,Unclear,Unclear,Unclear,Unclear,Unclear,Unclear,closing price,,,,,,,,,data fusion; fusion,self-attention,lstm,,,,,,
doi:10.1016/j.patcog.2023.110211,Multimodal multiscale dynamic graph convolution networks for stock price prediction,Ruirui Liu and Haoxian Liu and Huichou Huang and Bo Song and Qingyao Wu,2024,Pattern Recognition,10.1016/j.patcog.2023.110211,"Predicting directional future stock price movements is very challenging due to the complex, stochastic, and evolving nature of the financial markets. Existing literature either neglects other timely and granular alternative data, such as media text data, or fails to extract and distill predictive multimodal features from the data. Moreover, the time-varying cross-sectional relations beyond sequential dependencies of stock prices are informative for forecasting price fluctuations, for which the modelling flexibility, however, is not adequate in most of the previous studies. In this paper, we propose a novel Multiscale Multimodal Dynamic Graph Convolution Network (Melody-GCN) to address these issues in stock price prediction. It contains three core modules: (1) multimodal fusing-diffusing blocks that effectively integrate and align the numerical and textual features; (2) a multiscale architecture that extracts and refines temporal features via a fine-to-coarse descending path and a coarse-to-fine ascending path progressively; and (3) dynamic spatio-temporal graph convolutional layers that learn the complex and evolving stock relations not only in between industries and individual companies but also across time horizons. Extensive experimental results and trading simulations on two real-world datasets demonstrate the superior performance of our proposed approach beyond other state-of-the-art models.","Stock movement prediction, Multimodal feature fusing, Multiscale architecture, Graph convolutional network",Article,No,Yes,No,SD01; SD02; SD05,M-1288,Primary/Other,Yes,Price; Direction/Movement,Yes,Yes,Yes,No,,Yes,2,19,A_Direct_Methodological_Priority,Detailed extraction for gap and methodology design,Low,Multimodal; Multi_Stock,stock movement; stock price; stock prices,movement prediction; price movements; price prediction; stock movement; stock price; stock prices,convolutional,datasets; experimental,"Multimodal multiscale dynamic graph convolution networks for stock price prediction || Predicting directional future stock price movements is very challenging due to the complex, stochastic, and evolving nature of the financial markets. || Moreover, the time-varying cross-sectional relations beyond sequential dependencies of stock prices are informative for forecasting price fluctuations, for which the modelling flexibility, however, is not adequate in most of the previous studies. || In this paper, we propose a novel Multiscale Multimodal Dynamic Graph Convolution Network (Melody-GCN) to address these issues in stock price prediction.",,,Unclear,Unclear,Unclear,Unclear,Unclear,Unclear,Unclear,Unclear,Yes,Unclear,Unclear,Unclear,Unclear,Unclear,Unclear,Unclear,Unclear,Yes,,,,,,,,,multimodal,,,,,,,,,cross-sectional
doi:10.23919/indiacom70271.2026.11526182,A Hybrid Optuna-Optimized Neural Network Framework for Multi-Source Stock Price Forecasting Under Event-Driven Volatility,Gaganpreet Kaur and Amanpreet Kaur,2026,International Conference on Computing for Sustainable Global Development,10.23919/indiacom70271.2026.11526182,,,Misc,No,No,Yes,EL05,M-2209,Primary/Other,Yes,Price,Yes,Unclear,Yes,No,,Yes,2,18,A_Direct_Methodological_Priority,Detailed extraction for gap and methodology design,Low,Multimodal; Optimization,stock price,price forecasting; stock price,neural network,,A Hybrid Optuna-Optimized Neural Network Framework for Multi-Source Stock Price Forecasting Under Event-Driven Volatility,,,Unclear,Unclear,Unclear,Unclear,Unclear,Unclear,Unclear,Unclear,Yes,Unclear,Unclear,Unclear,Yes,Unclear,Unclear,Unclear,Unclear,Unclear,,,,,,,,,multi-source,,,,optimized; optuna,,,,,
doi:10.1016/j.patcog.2026.113605,AC-HGL: Heterogeneous graph representation learning through adaptive correlation for stock movement prediction,Yang S.; Deng W.; Zeng Z.; Yang B.,2026,Pattern Recognition,10.1016/j.patcog.2026.113605,"Representation learning is a promising approach for Stock Movement Prediction (SMP), and Graph Neural Networks (GNNs) further improve its capability. These state-of-the-art SMP models employ different representation techniques (e.g., Transformer and GNN) to learn the embeddings of different stocks. However, these models face some limitations: 1) The adopted correlation graphs among stocks are either directly calculated or predefined (i.e., time-invariant) using daily information, which cannot differently respond to the discrepancies in strengths of features, leading to suboptimal descriptions; 2) The learned final representations are aggregated by using all available information, which increases computational noises and blurs time-varying spatial relationships. This work proposes an Adaptive Correlation Heterogeneous Graph representation Learning (AC-HGL) model for SMP. AC-HGL model is developed based on a designed Adaptive Correlation (AC) learning method for the representations of time-varying relationship graphs, and a designed Heterogeneous Graph Learning (HGL) method for the representations of all stock information. Specifically, both intra and exter aggregation modules are firstly designed to learn the spatiotemporal embeddings of different stock sequences, which incorporate the information of market volatility indices. The outputs are used in parallel and alternately for the downstream. Then AC method constructs multiple correlation graphs and aggregates them to acquire the adaptive correlation representations. And HGL method aggregates different representations of heterogeneous graphs via varying feature strengths, and optimizes the dynamic weights based on the contributions of different modules, which can improve the performance of the whole model. Results on different datasets demonstrate the superiority of AC-HGL compared to these state-of-the-art models. © 2026 Elsevier Ltd",Adaptive correlation graph; Feature Fusion; Graph representation learning; Heterogeneous homogenization; Stock Movement Prediction; Electronic trading; Embeddings; Graph neural networks; Graph theory; Graphic methods; Information use; Adaptive correlation graph; Correlation graphs; Features fusions; Graph representation; Graph representation learning; Heterogeneous graph; Heterogeneous homogenization; Movement prediction; Stock movement; Stock movement prediction; Forecasting,Article,Yes,Yes,No,SC01; SD01,M-1292,Primary/Other,Yes,Direction/Movement,Yes,Yes,Yes,No,,Yes,2,18,A_Direct_Methodological_Priority,Detailed extraction for gap and methodology design,Low,Fusion; Transformer_Attention,stock movement,movement prediction; stock movement,gnn; graph neural; neural networks; transformer,datasets,"AC-HGL: Heterogeneous graph representation learning through adaptive correlation for stock movement prediction || Representation learning is a promising approach for Stock Movement Prediction (SMP), and Graph Neural Networks (GNNs) further improve its capability.",,,Unclear,Unclear,Unclear,Unclear,Unclear,Unclear,Unclear,Unclear,Unclear,Yes,Yes,Unclear,Unclear,Unclear,Unclear,Unclear,Unclear,Unclear,,,,,,,,,,feature fusion; fusion,transformer,,,,,,,
doi:10.1016/j.ins.2025.122992,MSTAN: A multi-scale temporal attention network for stock prediction,Chen Y.; Ye N.; Zhang W.; Song S.; Li X.,2026,Information Sciences,10.1016/j.ins.2025.122992,"Stock price prediction remains a challenging task due to the inherent non-stationarity, multi-scale temporal dependencies, and complex cross-asset correlations in financial markets. In this paper, we propose MSTAN, a novel Multi-Scale Temporal Attention Network designed to model these spatiotemporal dependencies explicitly. MSTAN constructs multi-scale representations through a two-dimensional periodic reconstruction strategy and employs a Temporal Hybrid Attention mechanism to jointly learn local fluctuations and global trends jointly. Furthermore, MSTAN employs an adaptive module with channel-wise attention to dynamically capture inter-stock dependencies and integrates multi-scale features through a progressive coarse-to-fine fusion strategy. Extensive experiments across diverse datasets, including Chinese A-shares and the US market, demonstrate that MSTAN consistently outperforms state-of-the-art baselines, achieving MAE reductions of up to 28.6 %. Portfolio backtesting further validates its practical utility, showing superior risk-adjusted returns. © 2025",Attention mechanism; Inter-stock dependencies; Multi-scale fusion; Multi-scale temporal modeling; Stock price prediction; Commerce; Electronic trading; Financial markets; Investments; Asset correlation; Attention mechanisms; Inter-stock dependency; Multi-scale temporal modeling; Multi-scales; Multiscale fusion; Non-stationarities; Stock predictions; Stock price prediction; Temporal models; Forecasting,Article,Yes,Yes,No,SC01; SD01; SD02; SD04; SD05,M-0979,Primary/Other,Yes,Price,Yes,Yes,Yes,No,,Yes,2,18,A_Direct_Methodological_Priority,Detailed extraction for gap and methodology design,Low,Fusion; Transformer_Attention,stock prediction; stock price,price prediction; stock price,attention,backtesting; datasets; experiments; mae; outperforms,"MSTAN: A multi-scale temporal attention network for stock prediction || Stock price prediction remains a challenging task due to the inherent non-stationarity, multi-scale temporal dependencies, and complex cross-asset correlations in financial markets.",,,Unclear,Unclear,Unclear,Unclear,Unclear,Unclear,Unclear,Unclear,Unclear,Yes,Yes,Unclear,Unclear,Unclear,Unclear,Unclear,Unclear,Unclear,,,,,,,,,,fusion,attention mechanism,,,,,,,
doi:10.1016/j.asoc.2026.116087,NSC-Mamba: A hybrid model with adaptive temporal attention and state space dynamics for financial time series forecasting,Qiao X.; Liu D.; Xing H.; Zhao F.; Cheng D.,2026,Applied Soft Computing,10.1016/j.asoc.2026.116087,"Accurate stock price prediction is crucial for capturing industry trends and understanding macroeconomic dynamics. However, the non-stationary and long-range dependent nature of stock prices often causes existing methods to produce overly smoothed forecasts with delayed responses. To address these challenges, the Non-stationary Cross Mamba (NSC-Mamba) is proposed in this paper. Specifically, we introduce an adaptive temporal attention mechanism that dynamically learns scaling and shifting factors to enhance the model's adaptability to non-stationary trends and local structural variations. In addition, we design the CrossMamba module, which aggregates hidden states across layers to strengthen the model's ability to capture long-range dependencies. Finally, we propose the Gated Parallel Fusion of Attention and State-Space (GPFASS) module to adaptively regulate the fusion ratio of input features, effectively mitigating over-smoothing and lagging issues in prediction. Experimental results demonstrate that NSC-Mamba outperforms baseline models in prediction accuracy and better captures the dynamics of non-stationary financial time series, exhibiting strong practicality and robustness. © 2026 Elsevier B.V.",Adaptive temporal attention; CrossMamba; Gated parallel fusion of attention and state-space (GPFASS); Non-stationary Cross Mamba (NSC-Mamba); Stock forecasting; Costs; Dynamics; Electronic trading; Financial markets; State space methods; Time series; Adaptive temporal attention; Crossmamba; Financial time series forecasting; Gated parallel fusion of attention and state-space; Hybrid model; Non-stationary cross mamba; Nonstationary; Space dynamics; State-space; Stock forecasting; Forecasting,Article,Yes,Yes,No,SC01; SD01; SD05,M-0512,Primary/Other,Yes,Price,Yes,Yes,Yes,No,,Yes,2,18,A_Direct_Methodological_Priority,Detailed extraction for gap and methodology design,Low,Fusion; Transformer_Attention,stock forecasting; stock price; stock prices,price prediction; stock price; stock prices,attention; hybrid model,accuracy; experimental; outperforms; results demonstrate,"Accurate stock price prediction is crucial for capturing industry trends and understanding macroeconomic dynamics. || However, the non-stationary and long-range dependent nature of stock prices often causes existing methods to produce overly smoothed forecasts with delayed responses.",,,Yes,Unclear,Unclear,Unclear,Unclear,Unclear,Unclear,Unclear,Unclear,Yes,Yes,Unclear,Unclear,Unclear,Unclear,Unclear,Unclear,Unclear,time series,,,,,,,,,fusion,attention mechanism,,,,,,,
doi:10.1016/j.iref.2026.105681,Publishing media stock prediction based on TransXFormer,Xu Q.; Huan M.; Gao T.; Wang J.; Jia L.; Qi D.,2026,International Review of Economics and Finance,10.1016/j.iref.2026.105681,"Amid global economic restructuring and China's ""cultural power"" strategy, the publishing and media industry is transforming drastically. Traditional print media decline, fierce content platform competition, capital withdrawal and policy shifts bring systemic valuation fluctuations and capital desensitization risks. Listed firms' stock prices, key for industry monitoring, have financial time series with high non-linearity hard to capture via existing methods, causing forecast errors and risk misjudgments, a bottleneck for cultural-financial integration. To address these challenges, a TransXFormer end-to-end prediction model is proposed, which achieves collaborative modelling of long-memory structures and global attention via architectural innovation, realizes endogenous cross-scale fusion of macro fundamentals and multi-view trading data via the MPA-Macro Boost mechanism, and effectively captures long-range dependencies and dynamic uncertainty in financial time series via uncertainty-aware and temporal constraint mechanisms. In the stock price prediction task for two publishing and media ETF datasets and five publishing and media listed company datasets, end-to-end point prediction and interval prediction of listed companies' stock prices were achieved. Although the level-based R2 does not constitute direct evidence of return predictability, it nevertheless provides a measure of the model's short-horizon price-level predictive performance. Under this interpretation, the average R2 across the seven prediction tasks was 90%, with the highest value of 98.33% obtained on the 2007-2025 dataset for the 601999 Publishing and Media stock. © 2026 The Authors.",Causal convolution; Stock price prediction; Transformer; xLSTM,Article,Yes,Yes,No,SC01; SC05; SD01; SD02; SD05,M-1028,Primary/Other,Yes,Price,Yes,Yes,Yes,No,,Yes,2,18,A_Direct_Methodological_Priority,Detailed extraction for gap and methodology design,Low,Fusion; Transformer_Attention,stock prediction; stock price; stock prices,price prediction; stock price; stock prices,attention; transformer,dataset; datasets; r2,"Publishing media stock prediction based on TransXFormer || Listed firms' stock prices, key for industry monitoring, have financial time series with high non-linearity hard to capture via existing methods, causing forecast errors and risk misjudgments, a bottleneck for cultural-financial integration. || In the stock price prediction task for two publishing and media ETF datasets and five publishing and media listed company datasets, end-to-end point prediction and interval prediction of listed companies' stock prices were achieved.",,,Yes,Unclear,Unclear,Unclear,Unclear,Unclear,Unclear,Unclear,Unclear,Yes,Yes,Unclear,Unclear,Unclear,Unclear,Unclear,Unclear,Unclear,time series,,,,,,,,,fusion,transformer,,,,,,,
doi:10.1016/j.patcog.2025.111919,Stock investment selection via time series subpatterns and multi-relationship fusion,Shi Y.; Chi J.; Yi S.; Zhang C.,2026,Pattern Recognition,10.1016/j.patcog.2025.111919,"Due to the non-stationary dynamics and complex interrelationships in the stock market, stock investment selection remains a critical and challenging task in the fintech field. We propose a novel stock investment selection framework based on time series subpatterns and multi-relationship fusion. First, we propose a novel stock time-series subpattern representation that effectively captures local temporal patterns, enabling precise characterization of stock-specific features. We further learn the temporal dependencies among subpatterns to reveal implicit pattern changes in each stock's historical data. Second, unlike traditional methods that learn stock correlation coefficients and fuse them to obtain stock features, we leverage the Transformer Encoder's capability to capture inherent relationships between data, enabling the extraction of implicit short-term relationship between subpatterns of different stocks and thus directly obtaining features influenced by short-term inter-stock relationship. Third, we fuse the short-term and long-term stock relationships to obtain a fused relationship that influences stock trend changes. This multi-relationship fusion reflects the complex synchronous variation patterns between stocks and facilitates information exchange between long-term and short-term relationships, thereby uncovering the latent connections between these two types of relationships. Finally, we combine the temporal dependencies of stock subpatterns with the fused relationship to predict stock trends. Experimental results on three datasets demonstrate that the proposed method outperforms the state-of-the-art methods. © 2025 Elsevier Ltd",Machine learning; Stock prediction; Stock relationships; Artificial intelligence; Correlation methods; Electronic trading; Financial markets; Fintech; Investments; Time series; Learn+; Machine-learning; Non-stationary dynamics; Selection framework; Stock predictions; Stock relationship; Stock time series; Sub-patterns; Term relationship; Times series; Learning systems,Article,Yes,Yes,No,SC01; SD01; SD02,M-1290,Primary/Other,Yes,Trend,Yes,Yes,Yes,No,,Yes,2,18,A_Direct_Methodological_Priority,Detailed extraction for gap and methodology design,Low,Fusion; Transformer_Attention,stock market; stock prediction; stock trend; stock trends,stock trend; stock trends,artificial intelligence; machine learning; transformer,datasets; experimental; outperforms,"Third, we fuse the short-term and long-term stock relationships to obtain a fused relationship that influences stock trend changes. || Finally, we combine the temporal dependencies of stock subpatterns with the fused relationship to predict stock trends.",,,Yes,Unclear,Unclear,Unclear,Unclear,Unclear,Unclear,Unclear,Unclear,Yes,Yes,Unclear,Unclear,Unclear,Unclear,Unclear,Unclear,Unclear,time series,,,,,,,,,fusion,transformer,,,,,,,
doi:10.1016/j.asoc.2026.116034,StockConv: A lightweight convolutional neural network model for stock prediction-based investment,Zhang Y.; De Smedt J.,2026,Applied Soft Computing,10.1016/j.asoc.2026.116034,"Stock price forecasting is a widely-studied problem in quantitative finance. Current work captures spatial patterns among stocks for joint stock price forecasting with typical pipelines including learning the temporal features of each stock so temporal representations can be used to model spatial patterns among stocks to forecast. With the emergence of Transformer- and MLP-based models in time series analysis, convolution-based models have been diverted to the background despite their high computational efficiency and the capability to capture local patterns. We propose a CNN-based stock price forecasting model, StockConv, consisting of two modules combining the strengths of convolutional neural networks. The first module performs feature level learning to create a deep representation of all features of each stock by using a multi-scale dilated depthwise convolution and a pointwise convolution to capture and compress temporal patterns of all stocks. The second module employs a group pointwise convolution to capture the spatial relationships among stocks and is followed by the depthwise convolution to capture the temporal patterns of all stocks. The extracted features are used to forecast all stock returns. According to empirical results, our proposed StockConv outperforms the state-of-the-art models on S&P 500 and the NASDAQ market dataset in terms of predictive performance efficiently with fewer parameters to train. What's more, the proposed model is tested with different trading strategies and show the better financial performance compared with baseline models, with an increase of around 30% and 23% in terms of the Sharpe ratio on the S&P 500 and FTSE 100 markets, respectively. © 2026 Elsevier B.V.",Convolutional neural networks; Dilated depthwise convolution; Group pointwise convolution; Stock prediction; Commerce; Convolution; Convolutional neural networks; Costs; Electronic trading; Financial markets; Forecasting; Investments; Time series analysis; Convolutional neural network; Dilated depthwise convolution; Group pointwise convolution; Neural network model; Point wise; Prediction-based; Spatial patterns; Stock predictions; Stock price forecasting; Temporal pattern; Computational efficiency,Article,Yes,Yes,No,SC01; SD01,M-0510,Primary/Other,Yes,Price; Return,Yes,Yes,Yes,Yes,,Yes,2,18,A_Direct_Methodological_Priority,Detailed extraction for gap and methodology design,Low,Fusion; Transformer_Attention,ftse; nasdaq; s&p 500; stock prediction; stock price; stock returns,price forecasting; stock price; stock returns,cnn; convolutional; mlp; neural network; neural networks; transformer,dataset; outperforms,"StockConv: A lightweight convolutional neural network model for stock prediction-based investment || Stock price forecasting is a widely-studied problem in quantitative finance. || Current work captures spatial patterns among stocks for joint stock price forecasting with typical pipelines including learning the temporal features of each stock so temporal representations can be used to model spatial patterns among stocks to forecast. || We propose a CNN-based stock price forecasting model, StockConv, consisting of two modules combining the strengths of convolutional neural networks. || The extracted features are used to forecast all stock returns.",trading strategies,,Yes,Unclear,Unclear,Unclear,Unclear,Unclear,Unclear,Unclear,Unclear,Yes,Yes,Unclear,Unclear,Unclear,Unclear,Unclear,Unclear,Unclear,time series,,,,,,,,,feature level,transformer,,,,,,,
doi:10.1007/s11227-026-08482-w,Unifying relational and market dynamics to enhance stock trend prediction,Xiao S.; Jia X.; Yu C.; Li Q.,2026,Journal of Supercomputing,10.1007/s11227-026-08482-w,"Stock markets are characterised by intricate relational dynamics and continuously evolving market trends. However, existing methods have significant limitations. Firstly, current research struggles to address both the effects of momentum spillover between pairs of stocks and clustered localised systemic risks simultaneously, often treating these interdependent factors in isolation. Furthermore, these models fail to consider the way in which market trends impact individual stock characteristics based on their attributes. To overcome these limitations, we propose MARF (Market-Aware Relational Fusion), an innovative graph neural network framework that incorporates these dual relational dimensions within a market-informed context to improve stock trend prediction. Specifically, MARF incorporates a market-aware temporal embedding mechanism to capture the diverse influences of market conditions on stock-specific features. It utilises hypergraph neural networks and heterogeneous graph neural networks to model clustered and pairwise risks and employs a multi-head attention mechanism to synthesise embeddings dynamically across relationships involving industry, region, firm-executive and firm-shareholder interactions. When evaluated on two real-world datasets from China’s A-share market, MARF outperforms baseline models in terms of both DA and AUC, demonstrating superior predictive accuracy and profitability. This work offers a unified framework for understanding relational risks and market-driven influences, providing a foundation for more robust and advanced financial forecasting models. © The Author(s), under exclusive licence to Springer Science+Business Media, LLC, part of Springer Nature 2026.",Graph neural networks; Stock market prediction; Temporal-spatial modeling; Commerce; Competition; Electronic trading; Embeddings; Forecasting; Neural networks; Prediction models; Shareholders; 'current; Embeddings; Graph neural networks; Localised; Market dynamics; Market trends; Spatial modelling; Stock market prediction; Stock trend prediction; Temporal-spatial modeling; Financial markets,Article,Yes,No,No,SC01,M-0276,Primary/Other,Yes,Trend,Yes,Yes,Yes,No,,Yes,2,18,A_Direct_Methodological_Priority,Detailed extraction for gap and methodology design,Low,Fusion; Transformer_Attention,a-share; stock market; stock markets; stock trend,market trends; stock trend; trend prediction,attention; graph neural; neural network; neural networks,accuracy; auc; datasets; evaluated; outperforms,"Unifying relational and market dynamics to enhance stock trend prediction || Stock markets are characterised by intricate relational dynamics and continuously evolving market trends. || To overcome these limitations, we propose MARF (Market-Aware Relational Fusion), an innovative graph neural network framework that incorporates these dual relational dimensions within a market-informed context to improve stock trend prediction.",,,Unclear,Unclear,Unclear,Unclear,Unclear,Unclear,Unclear,Unclear,Unclear,Yes,Yes,Unclear,Unclear,Unclear,Unclear,Unclear,Unclear,Unclear,,,,,,,,,,fusion,attention mechanism,,,,,,,
doi:10.1007/s11227-025-07700-1,MA-MSTNet: mixed attention-based multi-scale temporal network for stock trend prediction,Wang X.; Zhang X.; Liu J.; Zuo Z.,2025,Journal of Supercomputing,10.1007/s11227-025-07700-1,"Accurate stock trend prediction is vital for financial decision-making, yet existing methods struggle to jointly model multivariate correlations and multi-scale temporal patterns. We propose MA-MSTNet, a novel Mixed Attention-based Multi-Scale Temporal Network that integrates Maximal Information Coefficient-guided attention to quantify feature dependencies while suppressing noise, multi-scale sliding window attention capturing high-to-low frequency features, and dynamic gated fusion for adaptive feature integration. Experiments on four stock indices (S&P 500, Nasdaq, etc.) demonstrate state-of-the-art performance (R2 up to 0.984), outperforming seven baselines. Crucially, the model achieves 6.5ms inference latency and 39% faster training per epoch, enabling real-time high-frequency trading. © The Author(s), under exclusive licence to Springer Science+Business Media, LLC, part of Springer Nature 2025.",Attention mechanism; Maximum information coefficient; Multi-scale sliding window attention mechanism; Multivariate forecasting; Stock forecasting; Electronic trading; Forecasting; Multivariant analysis; Attention mechanisms; Information coefficient; Maximum information coefficient; Multi-scale sliding window attention mechanism; Multi-scales; Multivariate forecasting; Sliding Window; Stock forecasting; Temporal networks; Decision making,Article,Yes,No,No,SC01,M-0274,Primary/Other,Yes,Trend,Yes,Yes,Yes,No,,Yes,2,18,A_Direct_Methodological_Priority,Detailed extraction for gap and methodology design,Low,Fusion; Transformer_Attention,nasdaq; s&p 500; stock forecasting; stock indices; stock trend,stock trend; trend prediction,attention,experiments; r2; training,"MA-MSTNet: mixed attention-based multi-scale temporal network for stock trend prediction || Accurate stock trend prediction is vital for financial decision-making, yet existing methods struggle to jointly model multivariate correlations and multi-scale temporal patterns.",,,Unclear,Unclear,Unclear,Unclear,Unclear,Unclear,Unclear,Unclear,Unclear,Yes,Yes,Unclear,Unclear,Unclear,Unclear,Unclear,Unclear,Unclear,,,,,,,,,,fusion; gated fusion,attention mechanism,,,,,,,
doi:10.1007/s10844-025-00938-4,MF-EDNet: predicting stock market sector indices based on multi-feature fusion under emergency events,Han T.; Yuan C.; Wang P.; Hao X.; Guo F.,2025,Journal of Intelligent Information Systems,10.1007/s10844-025-00938-4,"The impact of emergency events on the stock market cannot be underestimated, as their unpredictability poses significant challenges to investors’ stock operations. This calls for researchers and investors to seek more effective features and reasonable methods to mitigate risks. In the context of multi-feature prediction methods, analyzing the correlation between multi-dimensional features or data has always been a challenging issue. This paper proposes a stock market index prediction framework based on an encoder-decoder architecture (MF-EDNet). The framework leverages the dynamic correlation between stock data and futures data as prior knowledge, integrating features of both internal sequences (industry indices) and external sequences (futures data) to capture the impact of emergency events on the stock market. The newly proposed Multi-Dimensional Convolutional Attention Module (MCAM) further enhances the feature extraction and attention capabilities of the attention mechanism. Experiments on multiple industry indices in the Chinese stock market demonstrate that MF-EDNet can effectively extract important features from stock and futures data, exhibiting good predictive performance under emergency events. The proposed MF-EDNet model achieved improvements of 35.8% and 22.9% in the Matthews correlation coefficient (MCC), a 3.3% increase in accuracy (ACC) and a 7.86% enhancement in profit compared to previous state-of-the-art methods. © The Author(s), under exclusive licence to Springer Science+Business Media, LLC, part of Springer Nature 2025.",Emergency events; Encoder-decoder; Feature fusion; MCAM; Stock trend prediction; Commerce; Financial markets; Investments; Emergency events; Encoder-decoder; Features fusions; Industry indices; Market sectors; Multi dimensional; Multi-dimensional convolutional attention module; Multi-feature fusion; Multifeatures; Stock trend prediction; Marketplaces,Article,Yes,No,No,SC01,M-0240,Primary/Other,Yes,Trend,Yes,Yes,Yes,No,,Yes,2,18,A_Direct_Methodological_Priority,Detailed extraction for gap and methodology design,Low,Fusion; Transformer_Attention,market index; stock market; stock trend,stock trend; trend prediction,attention; convolutional,accuracy; experiments,This paper proposes a stock market index prediction framework based on an encoder-decoder architecture (MF-EDNet).,,,Unclear,Unclear,Unclear,Unclear,Unclear,Unclear,Unclear,Unclear,Unclear,Yes,Yes,Unclear,Unclear,Unclear,Unclear,Unclear,Unclear,Unclear,,,,,,,,,,feature fusion; fusion,attention mechanism,,,,,,,
doi:10.1016/j.inffus.2023.102049,Asset pricing via fused deep learning with visual clues,Tan J.; Deveci M.; Li J.; Zhong K.,2024,Information Fusion,10.1016/j.inffus.2023.102049,"Asset pricing via machine learning provides a promising way to capture price trends by fusing heterogeneous market factors to analyze their joint impact on stock movements rather than relying on statistical and econometric models in finance to explore the causality between a market indicator and stock returns. However, the fusion nature of machine learning also hides the way to unveil the internal mechanism of stock movements. In this study, a deep learning framework with visual clues is presented to unveil the entangled factors and their function on stock movements. In particular, a context-aware hierarchical attention mechanism (CHARM) is first proposed to encode unstructured textual media information to trace the literal power of news on such media-aware stock movements. The encoded media and other structured market factors are further fused via tensor-based learning to infer and visualize their interactions on stock fluctuations. Last, a pre-estimating method for locating turning points as trading clues is utilized to improve the efficiency of each investment opportunity. Experiments conducted in real securities markets demonstrate the proposed framework not only improve the readability of the investing strategies, but also enhance the predictive accuracy and the investing returns comparing with the state-of-the-art models, including AZFinText, TeSIA, eLSTM, CMT, MAC and SA-DLSTM. © 2023",Deep learning; Fusion; Multimodality; Stock prediction; Commerce; Costs; Deep learning; Financial markets; Learning systems; Asset pricing; Deep learning; Heterogeneous markets; Machine-learning; Market-factors; Multi-modality; Price trends; Stock movement; Stock predictions; Visual clues; Investments,Article,Yes,No,No,SC01,M-0946,Primary/Other,Yes,Return; Direction/Movement; Trend,Yes,Yes,Yes,No,,Yes,2,18,A_Direct_Methodological_Priority,Detailed extraction for gap and methodology design,Low,Fusion; Transformer_Attention,stock movement; stock prediction; stock returns,price trends; stock movement; stock movements; stock returns,attention; deep learning; machine learning,accuracy; experiments,Asset pricing via machine learning provides a promising way to capture price trends by fusing heterogeneous market factors to analyze their joint impact on stock movements rather than relying on statistical and econometric models in finance to explore the causality between a market indicator and stock returns.,,,Unclear,Unclear,Unclear,Unclear,Unclear,Unclear,Unclear,Unclear,Unclear,Yes,Yes,Unclear,Unclear,Unclear,Unclear,Unclear,Unclear,Unclear,,,,,,,,,,fusion,attention mechanism,,,,,,,
doi:10.4018/joeuc.340383,Deep Learning-Based Stock Market Prediction and Investment Model for Financial Management,Huang Y.; Vakharia V.,2024,Journal of Organizational and End User Computing,10.4018/joeuc.340383,"This study explores the potential application of deep learning techniques in stock market prediction and investment decision-making. The authors used multi-temporary stock data (MTS) for effective multi-scale feature extraction in reverse cross attention (RCA), combined with improved whale optimization algorithm (IWOA) to select the optimal parameters for the bidirectional long short-term memory network (BiLSTM) and constructed an innovative RCA-BiLSTM stock intelligent trend prediction model. At the same time, a complete RCA-BiLSTM-DQN stock intelligent prediction and investment model was established by combining the deep Q network (DQN) investment strategy. The research results indicate that the model has excellent sequence modeling and decision learning capabilities, which can capture the nonlinear characteristics and complex correlations of the market and provide more accurate prediction results. It can continuously improve the robustness and stability of the model through adaptive learning and automatic optimization. © 2024 IGI Global. All rights reserved.",BiLSTM; DQN; Financial Management; Intelligent Trend Prediction of Stocks; Investment Decisions; IWOA; RCA; Stock Market Forecast; Commerce; Decision making; Deep learning; Electronic trading; Feature extraction; Forecasting; Investments; Learning systems; Bidirectional long short-term memory network; Deep Q network; Financial managements; Improved whale optimization algorithm; Intelligent trend prediction of stock; Investment decisions; Market forecast; Memory network; Optimization algorithms; Reverse cross attention; Stock market forecast; Trend prediction; Financial markets,Article,Yes,Yes,No,SC01; SD01,M-2589,Primary/Other,Yes,Trend,Yes,Unclear,Yes,No,,Yes,2,18,A_Direct_Methodological_Priority,Detailed extraction for gap and methodology design,Low,Fusion; Metaheuristic,stock market,trend prediction,attention; deep learning,,Deep Learning-Based Stock Market Prediction and Investment Model for Financial Management || This study explores the potential application of deep learning techniques in stock market prediction and investment decision-making.,,,Unclear,Unclear,Unclear,Unclear,Unclear,Unclear,Unclear,Unclear,Unclear,Yes,Unclear,Yes,Unclear,Yes,Unclear,Unclear,Unclear,Unclear,,,,,,,,,,cross attention,,bilstm; long short-term memory,,whale optimization,,,,
doi:10.1007/s42979-024-03222-4,Fusion of Wavelet Decomposition and N-BEATS for Improved Stock Market Forecasting,Pramanick N.; Singhal V.; Neeraj; Mathew J.; Agarwal M.,2024,SN Computer Science,10.1007/s42979-024-03222-4,"Stock market forecasting is one of the most exciting areas of time series forecasting both for the industry and academia. Stock market is a complex, non-linear and non-stationary system with many governing factors and noise. Some of these factors can be quantified and modeled, whereas some factors possess a random walk behavior making the process of forecasting challenging. Various statistical methods, machine learning, and deep learning techniques are prevalent in stock market forecasting. Recently, there has been a paradigm shift towards hybrid models, showing some promising results. In this paper, we propose a technique that combines a recently proposed deep learning architecture N-BEATS with wavelet transformation for improved forecasting of future prices of stock market indices. This work uses daily time series data from five stock market indices, namely NIFTY 50, Dow Jones Industrial Average (DJIA), Nikkei 225, BSE SENSEX, and Hang Seng Index (HSI), for the experimental studies to compare the proposed technique with some traditional deep learning techniques. The empirical findings suggest that the proposed architecture has high accuracy as compared to some traditional time series forecasting methods and can improve the forecasting of non-linear and non-stationary stock market time series. © The Author(s), under exclusive licence to Springer Nature Singapore Pte Ltd. 2024.",00-01; 99-00; Deep learning; Forecasting; N-BEATS; Stock market; Time series,Article,Yes,No,No,SC01,M-0355,Primary/Other,Yes,Price,Yes,Yes,Yes,No,,Yes,2,18,A_Direct_Methodological_Priority,Detailed extraction for gap and methodology design,Low,Fusion; Indian_Market,djia; dow jones; hang seng; market indices; nifty; nifty 50; nikkei; sensex; stock market,future prices,deep learning; hybrid models; machine learning,accuracy; experimental,"Fusion of Wavelet Decomposition and N-BEATS for Improved Stock Market Forecasting || Stock market forecasting is one of the most exciting areas of time series forecasting both for the industry and academia. || Various statistical methods, machine learning, and deep learning techniques are prevalent in stock market forecasting. || In this paper, we propose a technique that combines a recently proposed deep learning architecture N-BEATS with wavelet transformation for improved forecasting of future prices of stock market indices. || The empirical findings suggest that the proposed architecture has high accuracy as compared to some traditional time series forecasting methods and can improve the forecasting of non-linear and non-stationary stock market time series. © The Author(s), under exclusive licence to Springer Nature Singapore Pte Ltd.",,,Yes,Unclear,Unclear,Unclear,Unclear,Unclear,Unclear,Unclear,Unclear,Yes,Unclear,Unclear,Unclear,Unclear,Unclear,Unclear,Yes,Unclear,time series,,,,,,,,,fusion,,,,,,,bse; nifty; nifty 50; sensex,
doi:10.1007/s10489-024-05789-0,Long short-term temporal fusion transformer for short-term forecasting of limit order book in China markets,Wu Y.; Wang S.; Fu X.,2024,Applied Intelligence,10.1007/s10489-024-05789-0,"Short-term forecasting of the Limit Order Book (LOB) is challenging due to market noise. Traditionally, technical analysis using candlestick charts has been effective for market analysis and predictions. Inspired by this, we introduce a novel methodology. First, we preprocess the LOB data into long-term frame data resembling candlestick patterns to reduce noise interference. We then present the Long Short-Term Temporal Fusion Transformer (LSTFT), skillfully integrating both short-term and long-term information to capture complex dependencies and enhance prediction accuracy. Additionally, we propose a Temporal Attention Mechanism (TAM) that effectively distinguishes between long-term and short-term temporal relationships in LOB data. Our experimental results demonstrate the effectiveness of our approach in accurately forecasting the Limit Order Book in the short term. © The Author(s), under exclusive licence to Springer Science+Business Media, LLC, part of Springer Nature 2024.",China stock market; Deep learning; High-frequency trading; Limit Order Book; Short-term price prediction; Transformer; Commerce; Deep learning; China markets; China's Stock Markets; Deep learning; High-frequency trading; Limit order book; Price prediction; Short-term forecasting; Short-term price prediction; Technical analysis; Transformer; Marketplaces,Article,Yes,No,No,SC01,M-0122,Primary/Other,Yes,Price,Yes,Yes,No,No,,Yes,3,18,A_Direct_Methodological_Priority,Detailed extraction for gap and methodology design,Low,Technical_Indicators; Fusion; Transformer_Attention,stock market; stock markets,price prediction,attention; deep learning; transformer,accuracy; experimental; results demonstrate,,,,Unclear,Yes,Unclear,Unclear,Unclear,Unclear,Unclear,Unclear,Unclear,Yes,Yes,Unclear,Unclear,Unclear,Unclear,Unclear,Unclear,Unclear,,technical analysis,,,,,,,,fusion,attention mechanism; temporal fusion transformer; transformer,,,,,,,
doi:10.54254/2755-2721/2026.34024,A Stock Return Prediction Model Based on BERT Fine-Tuning and Cross-Attention Fusion,Yiyuan Hong,2026,Applied and Computational Engineering,10.54254/2755-2721/2026.34024,,,Misc,No,No,Yes,EL04,M-2660,Primary/Other,Yes,Return,Yes,Unclear,Yes,No,,Yes,2,17,A_Direct_Methodological_Priority,Detailed extraction for gap and methodology design,Low,FinBERT_BERT_RoBERTa; Fusion,stock return,return prediction; stock return,attention; bert,,A Stock Return Prediction Model Based on BERT Fine-Tuning and Cross-Attention Fusion,,,Unclear,Unclear,Unclear,Unclear,Unclear,Unclear,Yes,Unclear,Unclear,Yes,Unclear,Unclear,Unclear,Unclear,Unclear,Unclear,Unclear,Unclear,,,,,,,bert,,,cross-attention; fusion,,,,,,,,
doi:10.1109/icoei68323.2026.11541328,"Decision-Centric, Regime-Aware Adaptive Ensemble for Financial Market Movement Prediction",Achari K.S.; Reddy J.H.; Prasanna G.G.; Vaishnavi A.; Angel G.M.; Nagaraju K.,2026,"Proceedings of 9th International Conference on Trends in Electronics and Informatics, ICOEI 2026",10.1109/icoei68323.2026.11541328,"Financial market movement prediction is a longstanding problem since financial time series are non-stationary, assume noise, and are volatile in nature. The traditional forecasting models that focus on price accuracy in a numerical sense will be poorly correlated with the demands and information requirements of real trading and risk management where orientation accuracy and capability to withstand market conditions are the more important factors. This study suggests a regime-wise, decision-oriented adaptive ensemble model of predicting financial market moves. Instead of modelling price level, the method develops forecasting as a directional classification problem and dynamically balances the contributions of the ensemble models based on the current market regimes. The framework combines volatility-based regime completion with adaptive ensemble fusion scheme that uses heterogeneous base learners which learns regime specific adaptive weights. The design permits the ensemble to remix predictive power amid both linear and nonlinear designs in a low and high volatility network, resulting in enhanced captivity to varying market convictions. An experiment is performed based on a publicly available S&P proxy dataset based on an index of the 500 biggest companies in the stock market to test the hypothesis on a walk-forward validation scheme to capture realistic predictive conditions. It is found that the adaptive ensemble has balanced performance, with an overall F1-score of 0.628, as opposed to 0.710 with Logistic Regression, 0.602 with Random Forest and 0.640 with a fixed ensemble. Evaluation regime-wise shows furthermore better performance in times of high volatility, with the adaptive ensemble having a F1-score of 0.641 compared to 0.610 in times of low volatility. The results indicate predictability and consistency of directional forecasts. © 2026 IEEE.",Adaptive Fusion; Ensemble Learning; Financial Market Prediction; Movement Classification; Non-Stationary Time Series; Regime Awareness; Commerce; Economic analysis; Electronic trading; Forecasting; Learning systems; Logistic regression; Risk management; Statistical tests; Time series; Adaptive fusion; Ensemble learning; Ensemble models; Financial market prediction; High volatility; Market prediction; Movement classification; Movement prediction; Non-stationary time series; Regime awareness; Financial markets,Conference paper,Yes,No,No,SC06,M-1776,Conference,Yes,Direction/Movement,Yes,Yes,No,No,,Yes,2,17,A_Direct_Methodological_Priority,Detailed extraction for gap and methodology design,Low,Fusion; Temporal_Validation,stock market,movement prediction,ensemble learning; random forest,accuracy; dataset; evaluation; experiment; f1,,,,Yes,Unclear,Unclear,Unclear,Unclear,Unclear,Unclear,Unclear,Unclear,Yes,Unclear,Unclear,Unclear,Unclear,Unclear,Yes,Unclear,Unclear,time series,,,,,,,,,fusion,,,,,,forward validation; walk-forward,,
doi:10.1016/j.engappai.2026.114755,Leveraging high-frequency intraday pattern for improved deep temporal learning of stock price dynamics,He J.; Xie Y.; Song X.; Ning H.,2026,Engineering Applications of Artificial Intelligence,10.1016/j.engappai.2026.114755,"High-frequency intraday data is crucial in financial modeling, but its high dimensionality and noise present significant challenges for pattern recognition and effective use in machine learning. In this paper, motivated by the stylized characteristics of intraday trading, we propose a novel dimension reduction method called price–volume balanced functional principal component analysis (PVB-FPCA) in terms of cumulative intraday return (CIDR) curves. Through PVB-FPCA, we make a key discovery: when crucial volume–price characteristics are incorporated, high-frequency intraday data reveals a remarkably robust and significant intraday trend pattern, described by the first functional principal component. By exploiting this pattern, we develop a network module that generates efficient low-dimensional representations of high-frequency intraday data. This approach addresses the challenges of high dimensionality and noise, enhancing the utility of high-frequency data. Building upon the module, we develop a novel deep temporal forecasting model, termed PVB-IntraFusionNet. We design a dual-channel temporal convolutional network (TCN) to extract low-frequency temporal price–volume features. These features are subsequently fused with high-frequency features via a cross multi-head attention mechanism to capture multi-scale dependencies. Through a carefully designed projection module, the fused features are utilized to generate dynamic forecasting results. Compared to state-of-the-arts, PVB-IntraFusionNet can efficiently leverage both low- and high-frequency patterns simultaneously, resulting in significantly improved forecasting performance. Through PVB-IntraFusionNet, this paper explores an effective approach for developing more accurate deep temporal learning models with high-frequency intraday data, demonstrating the potential of our method in addressing various financial learning problems. The numerical results on prominent NYSE/NASDAQ stocks further illustrate the efficiency and advantages of our approach. © 2026 Elsevier Ltd.",Cross attention mechanism; Cumulative intraday return curve; Deep temporal learning; Functional principal component analysis; High-frequency intraday data; Costs; Deep learning; Dimensionality reduction; Dynamics; Electronic trading; Financial markets; Forecasting; Learning systems; Pattern recognition; Attention mechanisms; Cross attention mechanism; Cumulative intraday return curve; Deep temporal learning; Functional principal component analysis; High frequency HF; High noise; High-frequency intraday data; Intraday data; Temporal learning; Principal component analysis,Article,Yes,No,No,SC01,M-0703,Primary/Other,Yes,Price,Yes,Unclear,Yes,No,,Yes,2,16,A_Direct_Methodological_Priority,Detailed extraction for gap and methodology design,Low,Fusion; Transformer_Attention,nasdaq; stock price,stock price,attention; convolutional; deep learning; machine learning; tcn,,Leveraging high-frequency intraday pattern for improved deep temporal learning of stock price dynamics,,,Yes,Unclear,Unclear,Unclear,Unclear,Unclear,Unclear,Unclear,Unclear,Yes,Yes,Unclear,Unclear,Unclear,Unclear,Unclear,Unclear,Unclear,volume,,,,,,,,,cross attention,attention mechanism,,,,,,,
doi:10.1016/j.neucom.2025.129721,ComNC: A unified framework for trends prediction integrating node and concept effects,Xiao S.; Li Q.; Gong X.; Zhao J.; Gu L.; Peng L.,2025,Neurocomputing,10.1016/j.neucom.2025.129721,"Recent studies have highlighted the potential of graph neural networks (GNNs) in embedding relational interactions within time-varying systems. These relationships predominantly encompass node-based pairwise interactions, concept-based synergistic relationships arising from common external shocks affecting multiple nodes, and latent, unobservable connections. While the effectiveness of embedding these relationships individually has been widely acknowledged, few studies have successfully integrated them into a unified framework. The primary challenge stems from the inherent ambiguity of these relationships and the dynamic nature of their interactions. In this study, we introduce ComNC, a novel framework designed to predict the trends of a time-varying system by unifying these three types of relationships. Specifically, ComNC estimates implicit node-based and concept-based relationships from observable time-series signals. It then captures the interactions between these diverse relationships through a cross-graph attention mechanism. The model is fed with input signals along with the three distinct relationships and their estimated dynamic interactions, which are subsequently fused by a unified feature fusion module to make final predictions. Experimental evaluations conducted on three real-world datasets demonstrate the superiority of ComNC over state-of-the-art methods, including AD-GAT, VGNN, HGNN, and HGTAN. Our method achieves at least a 2.10% improvement in Directional Accuracy (DA) and a 3.09% increase in Area Under the Curve (AUC). These results underscore the framework's effectiveness in capturing multi-type relationships and its potential to advance predictive modeling in complex networks. © 2025 Elsevier B.V.",Graph neural networks; Stock market prediction; Generative adversarial networks; Graph embeddings; Graph neural networks; Marketplaces; Concept-based; Embeddings; Graph neural networks; Interaction concepts; Node-based; Pairwise interaction; Stock market prediction; Time-varying systems; Trend prediction; Unified framework; accuracy; algorithm; area under the curve; Article; artificial neural network; binary classification; computer analysis; computer model; computer simulation; controlled study; convolutional neural network; embedding; feature fusion; graph neural network; human; hypergraph neural network; information processing; investment; non-negative matrix factorization; prediction; predictive model; sensitivity analysis; stock market; time series analysis; trade (economics); trends prediction; Prediction models,Article,Yes,Yes,No,SC01; SD01,M-1225,Primary/Other,Yes,Trend,Yes,Yes,No,No,,Yes,2,16,A_Direct_Methodological_Priority,Detailed extraction for gap and methodology design,Low,Fusion; Transformer_Attention,stock market,trend prediction,artificial neural network; attention; convolutional; graph neural; neural network; neural networks,accuracy; auc; datasets; experimental,,,,Yes,Unclear,Unclear,Unclear,Unclear,Unclear,Unclear,Unclear,Unclear,Yes,Yes,Unclear,Unclear,Unclear,Unclear,Unclear,Unclear,Unclear,time series,,,,,,,,,feature fusion; fusion,attention mechanism,,,,,,,
doi:10.13053/cys-30-1-5727,Integrating Multimodal Data for Enhanced Stock Market Trend Prediction: A Deep Neural Network and Regression Approach,Rath S.; Das N.R.; Pattanayak B.K.; Mohanty A.K.; Pati B.,2026,Computacion y Sistemas,10.13053/cys-30-1-5727,"The demand for accurate stock market trend prediction models has surged among financial traders, prompting the exploration of machine learning techniques to enhance predictive performance and reduce computational complexity. Traditional models often rely solely on historical stock data, which may not fully capture the intricate dynamics of financial markets. This research addresses this limitation by developing a model that utilizes Open, High, Low, and Close (OHLC) prices, integrating both classification and regression machine learning models to predict stock market trends. However, not all models are favorable for trend prediction and therefore, we compare using different models to find the best performing model. The regression models tested include: Long Short-Term Memory (LSTM): Achieved 99.31% accuracy, Linear Regression: Achieved 98.85% accuracy, Decision Tree: Achieved 98.22% accuracy, Stochastic Gradient Descent (SGD): Achieved 97.63% accuracy, Temporal Convolutional Networks (TCN): Achieved 96.95% accuracy, K-Nearest Neighbors (KNN): Achieved 80.35% accuracy, Random Forest: Achieved 57.12% accuracy. The classification models evaluated include: Artificial Neural Networks (ANN): Achieved 97.28% accuracy, Stochastic Gradient Descent (SGD): Achieved 93.65% accuracy, K-Nearest Neighbors (KNN): Achieved 89.53% accuracy, XGBoost: Achieved 87.01% accuracy, Decision Tree: Achieved 86.1% accuracy, Random Forest: Achieved 85.06% accuracy, Support Vector Machine (SVM): Achieved 61.94% accuracy, AdaBoost: Achieved 58.38% accuracy, Naïve Bayes: Achieved 51.4% accuracy. Here, it is observed that the regression models are performing better in trend prediction when compared with classification models. However, it has also been noticed that ANN in classification; LSTM, and Linear regression in regression are performing better than other models in their categories. © 2026, Instituto Politecnico Nacional. All rights reserved.",ada boosting; ANN; decision tree; KNN; KNN; linear regression; LSTM; naïve Bayes; random forest; SGD; Stock price trend prediction; SVM; TCN; XG boosting,Article,Yes,No,No,SC01,M-2003,Primary/Other,Yes,Price; Trend,Yes,Yes,Yes,No,,Yes,1,19,B_Direct_Stock_Forecasting,Related work / baseline / state-of-the-art comparison,Low,Multimodal,stock market; stock price,market trend; market trends; price trend; stock price; trend prediction,artificial neural networks; convolutional; deep neural; lstm; machine learning; neural network; neural networks; random forest; support vector; svm; tcn; xgboost,accuracy; evaluated,"Integrating Multimodal Data for Enhanced Stock Market Trend Prediction: A Deep Neural Network and Regression Approach || The demand for accurate stock market trend prediction models has surged among financial traders, prompting the exploration of machine learning techniques to enhance predictive performance and reduce computational complexity. || This research addresses this limitation by developing a model that utilizes Open, High, Low, and Close (OHLC) prices, integrating both classification and regression machine learning models to predict stock market trends.",,,Unclear,Unclear,Unclear,Unclear,Unclear,Unclear,Unclear,Unclear,Yes,Unclear,Unclear,Yes,Unclear,Unclear,Unclear,Unclear,Unclear,Unclear,,,,,,,,,multimodal,,,long short-term memory; lstm,,,,,,
doi:10.3390/jrfm19070493,Sequential Deep Learning for Predicting Shareholder Value Creation: Evidence from the Moroccan Stock Market,Jamil Y.; El Yamlahi I.; Amine N.B.,2026,Journal of Risk and Financial Management,10.3390/jrfm19070493,"This study investigates whether shareholder value creation, defined as beta-adjusted outperformance relative to a market benchmark, can be effectively predicted in an emerging market using a sequential machine learning framework. While prior research has predominantly focused on profitability forecasting or stock return prediction, the prediction of risk-adjusted shareholder value creation remains relatively underexplored, particularly in emerging economies such as Morocco. To address this gap, the study develops a predictive framework that combines market-based indicators, macroeconomic variables, and accounting fundamentals using only information realistically available to investors at each decision date. These variables are organized into firm-level temporal sequences based on a monthly decision-date panel of non-financial firms listed on the Casablanca Stock Exchange over the period 2010–2024. To capture nonlinear relationships and temporal dependencies in financial data, the empirical analysis compares baseline models with deep learning architectures, including GRU, LSTM, and CNN1D. The results indicate that deep learning models consistently outperform naïve and linear benchmark models, suggesting that shareholder value creation exhibits a measurable degree of predictability. With an AUC of 0.700 and a PR-AUC of 0.727, CNN1D achieves the strongest performance in the final evaluation setting and ranks as the best-performing model according to the primary AUC criterion. The findings also reveal that macroeconomic variables generate the strongest standalone predictive signal, whereas market-based variables exhibit comparatively weaker predictive power when considered in isolation. By extending financial prediction toward a risk-adjusted, benchmark-based, and investor-oriented framework, and by providing new empirical evidence on the value of temporal modeling and multi-source financial information for forecasting shareholder value creation in an emerging market context, this study contributes to the growing literature at the intersection of financial forecasting and artificial intelligence. © 2026 by the authors.",deep learning; emerging markets; macroeconomic variables; shareholder value creation; time-series analysis; total shareholder return,Article,Yes,No,No,SC01,M-2459,Primary/Other,Yes,Return,Yes,Yes,Yes,No,,Yes,1,19,B_Direct_Stock_Forecasting,Related work / baseline / state-of-the-art comparison,Low,Multimodal,stock market; stock return,return prediction; stock return,artificial intelligence; deep learning; gru; lstm; machine learning,auc; benchmark; evaluation; outperform,"While prior research has predominantly focused on profitability forecasting or stock return prediction, the prediction of risk-adjusted shareholder value creation remains relatively underexplored, particularly in emerging economies such as Morocco.",,,Unclear,Unclear,Unclear,Unclear,Unclear,Unclear,Unclear,Unclear,Yes,Unclear,Unclear,Yes,Unclear,Unclear,Unclear,Unclear,Unclear,Unclear,,,,,,,,,multi-source,,,gru; lstm,,,,,,
doi:10.1016/j.iswa.2024.200439,DeepInvesting: Stock market predictions with a sequence-oriented BiLSTM stacked model – A dataset case study of AMZN,Safari A.; Badamchizadeh M.A.,2024,Intelligent Systems with Applications,10.1016/j.iswa.2024.200439,"Intelligent forecasters are now being considered in the stock market, providing essential insights and strategic guidance to investors and traders by presenting analytical tools and predictive models, thus enabling informed decision-making and mitigating financial risks in this dynamic market. The importance of intelligent analyzers in stock trading routines is considered in this work, where DeepInvesting, a multimodal deep learning model tailored for stock price prediction, is introduced. Employing a Sequence-Oriented, Long-Term Dependent (SoLTD) architecture featuring Bidirectional Long Short-Term Memory (BiLSTM) networks, DeepInvesting is applied to essential features of the Amazon Corp. (AMZN) market dataset, gathered from Yahoo Finance, including Closing, Opening, High, Low, Volume, and Adj Close prices. Exceptional performance in forecasting Closing, Opening, High, Low, and Adj Close prices is demonstrated, with minimal Mean Absolute Percentage Error (MAPE) and Root Mean Squared Percentage Error (RMSPE) scores, coupled with high R-squared (R2) values, manifesting a robust fit to the data, as well as computational complexity, and Rates Per Second (RPS) metrics in comparison to other models of KNN, LSTM, RNN, CNN, and ANN. Finally, challenges in the accurate prediction of trading volumes are identified, highlighting an area for future enhancement. © 2024 The Author(s)",Algorithmic trading; Bidirectional LSTMS; Deep learning; Financial forecasting; Multimodal modeling; Stock price prediction; Costs; Deep learning; Financial markets; Marketplaces; Mean square error; Algorithmic trading; Bidirectional LSTMS; Deep learning; Financial forecasting; High-low; Multimodal models; Percentage error; Short term memory; Stock market prediction; Stock price prediction; Prediction models,Article,Yes,Yes,No,SC01; SD01; SD05,M-1054,Primary/Other,Yes,Price,Yes,Yes,Yes,Yes,,Yes,1,19,B_Direct_Stock_Forecasting,Related work / baseline / state-of-the-art comparison,Low,Multimodal,stock market; stock price,close prices; price prediction; stock price,cnn; deep learning; lstm; rnn,comparison; dataset; mape; r-squared; r2,"The importance of intelligent analyzers in stock trading routines is considered in this work, where DeepInvesting, a multimodal deep learning model tailored for stock price prediction, is introduced.",algorithmic trading,,Yes,Unclear,Unclear,Unclear,Unclear,Unclear,Unclear,Unclear,Yes,Unclear,Unclear,Yes,Unclear,Unclear,Unclear,Unclear,Unclear,Unclear,volume,,,,,,,,multimodal,,,bilstm; long short-term memory; lstm; rnn,,,,,,
doi:10.1002/for.70047,A Novel Decomposition-Ensemble Approach for Forecasting Stock Price With Quantum Neural Network and Big Data,Liu S.; Xie G.,2026,Journal of Forecasting,10.1002/for.70047,"Stock price forecasting has always been a classic and challenging task, attracting widespread attention from stakeholders such as market regulators, financial practitioners, and individual investors. Developing new models to improve the accuracy of stock price forecasting is also a persistent goal pursued by researchers. In recent years, quantum computing has developed rapidly. The emergence of quantum machine learning (QML) and quantum neural network (QNN) models has made it possible to develop new stock price forecasting models that leverage the advantages of quantum algorithms. To improve predictive accuracy, this study proposes a novel decomposition-ensemble approach based on multivariate empirical mode decomposition and QNN. In the prediction, multi-source big data from the stock market, search engines, and social media are employed to represent investor anticipation, attention, and sentiments, respectively. Using the daily average stock price in the Shenzhen Stock Exchange, an empirical analysis is conducted to illustrate the proposed approach. The results suggest that the proposed approach outperforms benchmark models, indicating that it is a promising method for forecasting stock price series with high volatility and nonlinearity. © 2025 John Wiley & Sons Ltd.",big data; decomposition-ensemble methodology; multivariate empirical mode decomposition; quantum neural network; stock price forecasting; Commerce; Costs; Economic and social effects; Electronic trading; Empirical mode decomposition; Financial markets; Forecasting; Investments; Quantum computers; Decomposition-ensemble methodology; Empirical Mode Decomposition; Ensemble approaches; Financial practitioners; Forecasting stock prices; Market regulators; Multivariate empirical mode decomposition; Quantum Computing; Quantum neural networks; Stock price forecasting; Big data,Article,Yes,No,No,SC01,M-0030,Primary/Other,Yes,Price,Yes,Yes,Yes,No,,Yes,1,18,B_Direct_Stock_Forecasting,Related work / baseline / state-of-the-art comparison,Low,Multimodal,stock market; stock price; stock prices,price forecasting; stock price; stock prices,attention; machine learning; neural network; neural networks,accuracy; benchmark; outperforms,"A Novel Decomposition-Ensemble Approach for Forecasting Stock Price With Quantum Neural Network and Big Data || Stock price forecasting has always been a classic and challenging task, attracting widespread attention from stakeholders such as market regulators, financial practitioners, and individual investors. || Developing new models to improve the accuracy of stock price forecasting is also a persistent goal pursued by researchers. || The emergence of quantum machine learning (QML) and quantum neural network (QNN) models has made it possible to develop new stock price forecasting models that leverage the advantages of quantum algorithms. || In the prediction, multi-source big data from the stock market, search engines, and social media are employed to represent investor anticipation, attention, and sentiments, respectively. || Using the daily average stock price in the Shenzhen Stock Exchange, an empirical analysis is conducted to illustrate the proposed approach. || The results suggest that the proposed approach outperforms benchmark models, indicating that it is a promising method for forecasting stock price series with high volatility and nonlinearity. © 2025 John Wiley & Sons Ltd.",,,Unclear,Unclear,Unclear,Unclear,Yes,Unclear,Unclear,Unclear,Yes,Unclear,Unclear,Unclear,Unclear,Unclear,Unclear,Unclear,Unclear,Unclear,,,,,social media,,,,multi-source,,,,,,,,,
doi:10.1016/j.fraope.2026.100748,AWDL-Net: Adaptive wavelet-based deep learning model for multi-scale financial time series forecasting,Daniel E.E.; Shehu M.D.; Alhassan J.K.; Abubakar U.; Oyewola D.O.,2026,Franklin Open,10.1016/j.fraope.2026.100748,"Forecasting financial time series is an extremely difficult task due to the many complexities and characteristics associated with financial time series, especially in emerging markets: nonlinearity, nonstationarity, volatility clustering, and multi-scale dynamics. To help overcome these issues, this study develops a new framework to forecast stock price market returns called the Adaptive Wavelet-Based Deep Learning Network (AWDL-Net). The AWDL-Net framework utilizes both wavelet-based multi-resolution analysis (including the Discrete Wavelet Transform) and adaptive deep learning to improve prediction accuracy. The AWDL-Net framework decomposes a given stock price series into multiple frequency components (via a wavelet-based multi-resolution analysis) so that both short and long-term trends in the data can be extracted at different frequency bands through a series of parallel deep learning learners. Additionally, the predictions made by the various parallel deep learning models will be combined through an adaptive data-driven fusion mechanism (making use of each model's performance) in order to generate a single composite forecast for the stock price series. The framework has been tested on pre-COVID stock prices for major commercial banks operating in Nigeria, and AWDL-NET has outperformed all standalone predictors such as RNN, LSTM, and 1DCNN across each of these banking institutions. For example, AWDL-Net demonstrated reduced error rates than traditional methods for Fidelity Bank (MSE: 0.0353, RMSE: 0.1880, MAE: 0.1562), Stanbic IBTC (MSE: 4.7250, RMSE: 2.1737, MAE: 1.7346) and UBA (MSE: 0.2295, RMSE: 0.4791, MAE: 0.3911). AWDL-Net also outperformed traditional methods for Wema Bank (MSE: 0.0091, RMSE: 0.0954, MAE: 0.0748), Zenith Bank (MSE: 0.8582, RMSE: 0.9264, MAE: 0.7753), GTBank (MSE: 2.4172, RMSE: 1.5547, MAE: 1.3441), and First Bank (MSE: 0.3078, RMSE: 0.5548, MAE: 0.4124). In terms of overall performance across all banks, AWDL-Net had the highest number of banks with the lowest error rates (MSE: 0.0447, RMSE: 0.2115, MAE: 0.1694), thereby substantiating its ability to accurately forecast future market conditions under various economic conditions. This study provides evidence for the effectiveness of using multiscale signal decomposition and adaptive model fusion to model complex nonlinear and temporal dependencies and contributes to the existing literature by presenting a fully adaptive, architecture-agnostic deep learning framework for financial forecasting. The proposed model can serve as a useful tool for both investment analysis and risk management and can also allow investors in emerging market economies plagued by macroeconomic uncertainty to assess the viability of their current investment decisions. © 2026 The Authors.",Deep learning; Financial time series; Multiscale analysis; Nigerian banking sector; Nonstationary data; Stock price forecasting; Wavelet decomposition; Banking; Commerce; Costs; Discrete wavelet transforms; Electronic trading; Financial markets; Forecasting; Investments; Learning systems; Multiresolution analysis; Time series; Time series analysis; Adaptive wavelets; Banking sectors; Deep learning; Financial time series; Multi scale analysis; Nigerian banking sector; Nigerians; Nonstationary data; Stock price forecasting; Wavelets decomposition; Deep learning; Wavelet decomposition,Article,Yes,Yes,No,SC01; SD01; SD02; SD05,M-0859,Primary/Other,Yes,Price; Return,Yes,Yes,Yes,No,,Yes,1,18,B_Direct_Stock_Forecasting,Related work / baseline / state-of-the-art comparison,Low,Fusion,stock price; stock prices,market returns; price forecasting; stock price; stock prices,deep learning; lstm; rnn,accuracy; mae; mse; rmse,"To help overcome these issues, this study develops a new framework to forecast stock price market returns called the Adaptive Wavelet-Based Deep Learning Network (AWDL-Net). || The AWDL-Net framework decomposes a given stock price series into multiple frequency components (via a wavelet-based multi-resolution analysis) so that both short and long-term trends in the data can be extracted at different frequency bands through a series of parallel deep learning learners. || Additionally, the predictions made by the various parallel deep learning models will be combined through an adaptive data-driven fusion mechanism (making use of each model's performance) in order to generate a single composite forecast for the stock price series. || The framework has been tested on pre-COVID stock prices for major commercial banks operating in Nigeria, and AWDL-NET has outperformed all standalone predictors such as RNN, LSTM, and 1DCNN across each of these banking institutions.",,,Yes,Unclear,Unclear,Unclear,Unclear,Unclear,Unclear,Unclear,Unclear,Yes,Unclear,Yes,Unclear,Unclear,Unclear,Unclear,Unclear,Unclear,time series,,,,,,,,,fusion,,lstm; rnn,,,,,,
doi:10.1016/j.eswa.2025.129566,Forecasting tourism stock index dynamics: a multiscale deep learning framework integrating emerging media data,Feng Shen and Shuai Huang and Wanqing Zhao and Dao Lan,2026,Expert Systems with Applications,10.1016/j.eswa.2025.129566,"This study introduces a novel multiscale and multivariable deep learning framework for tourism stock index forecasting. To address the research gap concerning emerging media’s impact on the tourism sector, our study innovatively integrate multi-source data, including Douyin (China’s prominent short video platform), into our predictive model. Our methodology employs a multiscale decomposition strategy to streamline feature extraction complexity, coupled with an enhanced temporal convolutional network model incorporating soft-thresholding denoising to mitigate noise interference. Furthermore, we implement an adaptive differentiated prediction strategy to optimize model flexibility. Empirical analysis utilizing the CSI Tourism Stock Index demonstrates that our proposed model outperforms benchmark models in both predictive accuracy and stability, thereby validating its efficacy in tourism stock index forecasting.","Tourism stock index, Time series forecasting, Emerging media data, Multiscale decomposition, Deep learning",Article,No,Yes,No,SD01; SD02; SD05,M-0825,Primary/Other,Yes,Price,Yes,Yes,Yes,No,,Yes,1,18,B_Direct_Stock_Forecasting,Related work / baseline / state-of-the-art comparison,Low,Multimodal,stock index,stock index forecasting,convolutional; deep learning,accuracy; benchmark; outperforms,"Forecasting tourism stock index dynamics: a multiscale deep learning framework integrating emerging media data || This study introduces a novel multiscale and multivariable deep learning framework for tourism stock index forecasting. || Empirical analysis utilizing the CSI Tourism Stock Index demonstrates that our proposed model outperforms benchmark models in both predictive accuracy and stability, thereby validating its efficacy in tourism stock index forecasting.",,,Yes,Unclear,Unclear,Unclear,Unclear,Unclear,Unclear,Unclear,Yes,Unclear,Unclear,Unclear,Unclear,Unclear,Unclear,Unclear,Unclear,Unclear,time series,,,,,,,,multi-source,,,,,,,,,
doi:10.1016/j.asoc.2026.114703,Relation-aware heterogeneous graph network multi-modal predictive modeling of stock movements,Abdullah Ali Salamai,2026,Applied Soft Computing,10.1016/j.asoc.2026.114703,"The predictive modeling of movements in stock price information has been common but a challenging task for achieving sustainable management of stock marketplaces. This can be attributed to the importance of this information in evading market risks and improving financing decisions. This task becomes more challenging because of the availability of different modalities of stock information (i.e., stock prices, tweets, events, charts, etc.) and the presence of lead-lag relationships. In this regard, graph neural networks (GNNs) have recently achieved great improvements in providing effective modeling and analysis of stock relationships. However, multi-modal stock data evolve with dynamism in the form of heterogeneous graph topologies that limit the representation power of the existing GNNs. To this end, this study presents a novel graph intelligence framework called relation-aware heterogeneous graph network (RHGN) for efficient prediction of stock movements from multi-modal information by learning different forms of relational knowledge from heterogeneous graphs constructed for every trading day. In particular, the relational graph convolutions are presented to extract distinctive node-wise relational knowledge from the subgraph of each type of relationship. Then, the multi-relation knowledge passing module is designed to empower the network to model the dynamicity of relational knowledge throughout various types of relationships. Simultaneously, the edge relations are encoded into trainable temporal representations, from which edgewise relational knowledge is learned by capturing the contextual interactions among stock entities. In RHGN, an adversarial graph learning mechanism is introduced to adaptively augment and perturb the node representations based on the gradient information to make the model robust against small oscillations in input data. Experimentations on four public multi-modal stock movement datasets have validated the efficiency of the RHGN over the state-of-the-art.","Stock movements, Portfolio management, Graph neural networks, Stock marketplaces, Multi-modal analysis, Adversarial learning, predictive modeling",Article,No,Yes,No,SD01; SD02,M-0499,Primary/Other,Yes,Price; Direction/Movement,Yes,Yes,Yes,No,,Yes,1,18,B_Direct_Stock_Forecasting,Related work / baseline / state-of-the-art comparison,Low,Multimodal,stock movement; stock price; stock prices,stock movement; stock movements; stock price; stock prices,graph neural; neural networks,datasets,"The predictive modeling of movements in stock price information has been common but a challenging task for achieving sustainable management of stock marketplaces. || This task becomes more challenging because of the availability of different modalities of stock information (i.e., stock prices, tweets, events, charts, etc.) and the presence of lead-lag relationships. || Experimentations on four public multi-modal stock movement datasets have validated the efficiency of the RHGN over the state-of-the-art.",,,Unclear,Unclear,Unclear,Unclear,Yes,Unclear,Unclear,Unclear,Yes,Unclear,Unclear,Unclear,Unclear,Unclear,Unclear,Unclear,Unclear,Unclear,,,,,tweets,,,,multi-modal,,,,,,,,,
doi:10.3390/e28050517,Spatiotemporal Fusion for Stock Prediction via Hypergraph Attention Gated Recurrent Units,Cao X.; Qian C.; Huang H.,2026,Entropy,10.3390/e28050517,"Stock prediction requires the joint modeling of temporal dynamics and cross-stock dependence. Existing graph-based and hypergraph-based forecasting methods often process spatial relation modeling and temporal evolution in separate stages, which may weaken the interaction between relational information and recurrent state updating. This study proposes a Recurrent Spatiotemporal Hypergraph Attention Gated Recurrent Unit model for stock forecasting, in which hypergraph-based higher order dependence and temporal dynamics are integrated within each recurrent update. The hypergraph is constructed offline from heterogeneous financial features through Tucker decomposition, similarity estimation, and Top-K sparsification, and is then used as a structured relational prior during forecasting. Experiments on CSI 300 constituent stocks from January 2014 to October 2024 show that RST-HGA-GRU achieves the best overall performance across multiple evaluation metrics and forecasting horizons from 1 to 6 days. Ablation, sensitivity, back testing, and multi-horizon Diebold–Mariano tests further support the effectiveness and robustness of the proposed framework. These results demonstrate that recurrent spatiotemporal fusion with hypergraph-based higher-order relation modeling is effective for stock price forecasting. © 2026 by the authors.",gated recurrent unit; higher-order stock dependence; hypergraph attention; recurrent spatiotemporal fusion; stock prediction; tucker decomposition,Article,Yes,No,No,SC01,M-2369,Primary/Other,Yes,Price,Yes,Yes,Yes,No,,Yes,1,18,B_Direct_Stock_Forecasting,Related work / baseline / state-of-the-art comparison,Low,Fusion,csi 300; stock forecasting; stock prediction; stock price,price forecasting; stock price,attention; gru,evaluation; experiments; results demonstrate; testing,"Spatiotemporal Fusion for Stock Prediction via Hypergraph Attention Gated Recurrent Units || Stock prediction requires the joint modeling of temporal dynamics and cross-stock dependence. || This study proposes a Recurrent Spatiotemporal Hypergraph Attention Gated Recurrent Unit model for stock forecasting, in which hypergraph-based higher order dependence and temporal dynamics are integrated within each recurrent update. || Experiments on CSI 300 constituent stocks from January 2014 to October 2024 show that RST-HGA-GRU achieves the best overall performance across multiple evaluation metrics and forecasting horizons from 1 to 6 days. || These results demonstrate that recurrent spatiotemporal fusion with hypergraph-based higher-order relation modeling is effective for stock price forecasting. © 2026 by the authors.",,,Unclear,Unclear,Unclear,Unclear,Unclear,Unclear,Unclear,Unclear,Unclear,Yes,Unclear,Yes,Unclear,Unclear,Unclear,Unclear,Unclear,Unclear,,,,,,,,,,fusion,,gru,,,,,,
doi:10.1109/tetci.2026.3663488,Taming Language Models for Predicting Stock Price With Causality Guidance,Luo Y.; Zheng J.; Chen N.; Wu D.,2026,IEEE Transactions on Emerging Topics in Computational Intelligence,10.1109/tetci.2026.3663488,"Predicting stock price trends not only needs qualitative analysis of textual information but also requires quantitative analysis of historical prices. Although recent advancements in language models have demonstrated their potential across various predictive tasks, current methods mainly focus on using a single modality with limited exploration of time series data in language models. To address both quantitative and qualitative analysis of stock price predicting tasks, we propose a multi-modality framework, the Joint Learning Time Series and Language Models (JLTSL) framework, which aligns time series information to language space. First, we encode time series data into temporal tokens, which can be used in joint training with textual tokens in language models. Second, we identify the presence of Granger Causality between time series sequences and their corresponding language representation. We utilize the Granger Causality test to select the prompt that has the strongest causality with the time series features to improve model performance. Our empirical evaluation across multiple datasets confirms that the JLTSL framework significantly outperforms existing benchmarks, underscoring its efficacy in predicting stock price trend. © 2026 IEEE. All rights reserved,",Granger causality; language model; multi-modal; Stock price prediction; time series; Artificial intelligence; Costs; Electronic trading; Financial markets; Forecasting; Investments; Natural language processing systems; Prediction models; Statistical tests; Time series analysis; Granger Causality; Joint learning; Language model; Learning time; Multi-modal; Price trends; Stock price; Stock price prediction; Time-series data; Times series; Time series,Article,Yes,No,No,SC01,M-1809,Primary/Other,Yes,Price; Trend,Yes,Yes,Yes,No,,Yes,1,18,B_Direct_Stock_Forecasting,Related work / baseline / state-of-the-art comparison,Low,Multimodal,stock price,price prediction; price trend; price trends; stock price,artificial intelligence,benchmarks; datasets; evaluation; outperforms; training,"Taming Language Models for Predicting Stock Price With Causality Guidance || Predicting stock price trends not only needs qualitative analysis of textual information but also requires quantitative analysis of historical prices. || To address both quantitative and qualitative analysis of stock price predicting tasks, we propose a multi-modality framework, the Joint Learning Time Series and Language Models (JLTSL) framework, which aligns time series information to language space. || Our empirical evaluation across multiple datasets confirms that the JLTSL framework significantly outperforms existing benchmarks, underscoring its efficacy in predicting stock price trend. © 2026 IEEE.",,,Yes,Unclear,Unclear,Unclear,Unclear,Unclear,Unclear,Unclear,Yes,Unclear,Unclear,Unclear,Unclear,Unclear,Unclear,Unclear,Unclear,Unclear,historical prices; time series,,,,,,,,multi-modal,,,,,,,,,
doi:10.1177/1088467x251406016,TLD-SVGP: A novel stock price prediction model based on time attention-driven LSTM network and dynamically balanced scalable sparse variational Gaussian process,Yan X.; Liu Z.; Chen X.,2026,Intelligent Data Analysis,10.1177/1088467x251406016,"Stock price prediction remains a challenging yet critical task in financial research, with significant implications for both investors and policymakers. However, due to the combined influence of external factors (e.g., political and market conditions) and internal factors (e.g., managerial competence and organizational structure), stock prices exhibit high volatility. In prior studies, recurrent neural network (RNN)-based deep learning models have dominated, where stock price data is modeled as a time series. Most researchers have focused on single time-scale features for model training, failing to capture stock price fluctuations across multiple time scales, ultimately leading to suboptimal performance in highly volatile periods. To address this issue, we propose a time attention-driven long short-term memory (TAD-LSTM) network combined with a dynamic balanced scalable sparse variational Gaussian process (DBS-SVGP) auxiliary learning method for stock price prediction. The TAD-LSTM module extracts coupling relationships between temporal patterns, enabling efficient feature extraction and fusion. Meanwhile, the DBS-SVGP module leverages temporal and feature variables to enhance TAD-LSTM outputs, enabling precise prediction across different time-scale fluctuations while overcoming scalability limitations in large datasets. Furthermore, the proposed approach integrates symmetry principles, ensuring robust predictive performance under dynamic market conditions. We conducted extensive experiments on the CSI300 Index Dataset, Alibaba Stock Dataset, Google Stock Market Dataset, and Netflix Stock Price Dataset to evaluate our proposed approach, systematically comparing it against state-of-the-art stock price prediction models. Experimental results demonstrate that TLD-SVGP outperforms all competing models across all four datasets, achieving the highest average R2 value (96.26%) and the lowest average MAPE (4.59%). © The Author(s) 2026",coupled relationships; dynamic balance; sparse variational Gaussian process; stock price prediction; time attention-driven; Commerce; Costs; Electronic trading; Financial markets; Forecasting; Gaussian distribution; Gaussian noise (electronic); Investments; Large datasets; Learning systems; Prediction models; Time measurement; Variational techniques; Coupled relationship; Dynamic balance; Gaussian Processes; Market condition; Price prediction models; Short term memory; Sparse variational gaussian process; Stock price; Stock price prediction; Time attention-driven; Long short-term memory,Article,Yes,No,No,SC01,M-1932,Primary/Other,Yes,Price,Yes,Yes,Yes,No,,Yes,1,18,B_Direct_Stock_Forecasting,Related work / baseline / state-of-the-art comparison,Low,Fusion,stock market; stock price; stock prices,price prediction; stock price; stock prices,attention; deep learning; lstm; neural network; recurrent neural; rnn,dataset; datasets; evaluate; experimental; experiments; mape; outperforms; r2; results demonstrate; training,"TLD-SVGP: A novel stock price prediction model based on time attention-driven LSTM network and dynamically balanced scalable sparse variational Gaussian process || Stock price prediction remains a challenging yet critical task in financial research, with significant implications for both investors and policymakers. || However, due to the combined influence of external factors (e.g., political and market conditions) and internal factors (e.g., managerial competence and organizational structure), stock prices exhibit high volatility. || In prior studies, recurrent neural network (RNN)-based deep learning models have dominated, where stock price data is modeled as a time series. || Most researchers have focused on single time-scale features for model training, failing to capture stock price fluctuations across multiple time scales, ultimately leading to suboptimal performance in highly volatile periods. || To address this issue, we propose a time attention-driven long short-term memory (TAD-LSTM) network combined with a dynamic balanced scalable sparse variational Gaussian process (DBS-SVGP) auxiliary learning method for stock price prediction. || We conducted extensive experiments on the CSI300 Index Dataset, Alibaba Stock Dataset, Google Stock Market Dataset, and Netflix Stock Price Dataset to evaluate our proposed approach, systematically comparing it against state-of-the-art stock price prediction models.",,,Yes,Unclear,Unclear,Unclear,Unclear,Unclear,Unclear,Unclear,Unclear,Yes,Unclear,Yes,Unclear,Unclear,Unclear,Unclear,Unclear,Unclear,time series,,,,,,,,,fusion,,long short-term memory; lstm; recurrent neural; rnn,,,,,,
doi:10.24874/pes07.01d.018,A FUSION MODEL FOR STOCK MARKET PREDICTION USING PROPHET AND LONG SHORT-TERM MEMORY NEURAL NETWORKS,Mishra S.; Manjunathan N.; Singh P.; Satapathy S.K.; Cho S.-B.; Mohanty S.N.,2025,Proceedings on Engineering Sciences,10.24874/pes07.01d.018,"Predicting the stock market can be difficult because of its inherent volatility and complexity. Machine learning approaches have demonstrated potential in identifying patterns and trends in financial data, enabling precise prediction-making in recent times. In this work, we combine the advantages of Prophet regression and Long Short-Term Memory (LSTM) neural networks to propose a fusion model for stock market prediction. Because the LSTM model is so good at capturing temporal relationships in sequential data, it is a great choice for studying historical trends in stock prices. Conversely, Facebook's Prophet is a powerful time-series forecasting tool that makes accurate predictions by taking into account patterns, seasonality, and holidays. Our fusion strategy takes advantage of the complimentary capabilities of both techniques by merging Prophet and LSTM models. The Prophet component takes seasonal trends and outside influences into consideration to further improve forecasts, while the LSTM component analyzes past stock market data to identify intricate patterns. We validate our fusion model's efficacy through tests on real-world stock market datasets. We compare our forecasts' accuracy to that of individual LSTM and Prophet models as well as conventional forecasting techniques. Our findings show that the fusion model performs better than stand-alone methods, resulting in increased reliability and prediction accuracy. Predicting the stock market can be difficult because of its inherent volatility and complexity. Machine learning approaches have demonstrated potential in identifying patterns and trends in financial data, enabling precise prediction-making in recent times. In this work, we combine the advantages of Prophet regression and Long Short-Term Memory (LSTM) neural networks to propose a fusion model for stock market prediction. Because the LSTM model is so good at capturing temporal relationships in sequential data, it is a great choice for studying historical trends in stock prices. Conversely, Facebook's Prophet is a powerful time-series forecasting tool that makes accurate predictions by taking into account patterns, seasonality, and holidays. Our fusion strategy takes advantage of the complimentary capabilities of both techniques by merging Prophet and LSTM models. The Prophet component takes seasonal trends and outside influences into consideration to further improve forecasts, while the LSTM component analyzes past stock market data to identify intricate patterns. We validate our fusion model's efficacy through tests on real-world stock market datasets. We compare our forecasts' accuracy to that of individual LSTM and Prophet models as well as conventional forecasting techniques. Our findings show that the fusion model performs better than stand-alone methods, resulting in increased reliability and prediction accuracy. © 2025 Published by Faculty of Engineering.",LSTM; MAE; Prophet Regression; RMSE MSE,Article,Yes,No,No,SC01,M-2239,Primary/Other,Yes,Price,Yes,Yes,Yes,No,,Yes,1,18,B_Direct_Stock_Forecasting,Related work / baseline / state-of-the-art comparison,Low,Fusion,stock market; stock prices,stock prices,lstm; machine learning; neural networks,accuracy; datasets; mae; mse; rmse,"A FUSION MODEL FOR STOCK MARKET PREDICTION USING PROPHET AND LONG SHORT-TERM MEMORY NEURAL NETWORKS || In this work, we combine the advantages of Prophet regression and Long Short-Term Memory (LSTM) neural networks to propose a fusion model for stock market prediction. || Because the LSTM model is so good at capturing temporal relationships in sequential data, it is a great choice for studying historical trends in stock prices. || In this work, we combine the advantages of Prophet regression and Long Short-Term Memory (LSTM) neural networks to propose a fusion model for stock market prediction. || Because the LSTM model is so good at capturing temporal relationships in sequential data, it is a great choice for studying historical trends in stock prices.",,,Yes,Unclear,Unclear,Unclear,Unclear,Unclear,Unclear,Unclear,Unclear,Yes,Unclear,Yes,Unclear,Unclear,Unclear,Unclear,Unclear,Unclear,market data,,,,,,,,,fusion,,long short-term memory; lstm,,,,,,
doi:10.12011/setp2024-0969,Short-term house prices forecasting approach with multi-source heterogeneous information and data traits; [融合多源异构信息和数据特征的住房价格短期预测方法],Wang X.; Shao J.; Hong J.; Chen M.,2025,Xitong Gongcheng Lilun yu Shijian/System Engineering Theory and Practice,10.12011/setp2024-0969,"House prices have distinctive economic attributes. An accurate house prices forecasting is significant. To capture real-time predictive information and improve forecasting accuracy, this paper proposes a short-term house price forecasting approach with multi-source heterogeneous information and data traits, Firstly, Weibo, Baidu and stock market are collected to construct the multi-source heterogeneous dataset. Subsequently, the memory-trait and mutualtrait of house prices series are analyzed by data-trait-driven method to guide the division of sample interval and model selection. Lastly, statistical models and machine learning models are employed to verify the effectiveness of the proposed approach. The average housing prices across 70 large and medium-sized cities in China are selected as the sample data. Empirical results show that the proposed approach can achieve better prediction accuracy at the short-term forecasting, and the multi-source heterogeneous information can significantly improve the prediction performance of house prices. This provides theoretical support for scientific decision-making of management departments. © (2025), (Systems Engineering Society of China). All rights reserved.",data-traits-driven; forecasting approach; house prices; multi-source heterogeneous information; 住房价格; 多源异构信息; 数据特征驱动; 预测方法; Artificial intelligence; Costs; Data accuracy; Decision making; Electronic trading; Forecasting; Learning systems; Data-trait-driven; Forecasting approach; Heterogeneous information; House's prices; Multi-source heterogeneous information; Multi-Sources; 住房价格; 多源异构信息; 数据特征驱动; 预测方法; Houses,Article,Yes,No,No,SC01,M-1979,Primary/Other,Yes,Price,Yes,Yes,Yes,No,,Yes,1,18,B_Direct_Stock_Forecasting,Related work / baseline / state-of-the-art comparison,Low,Multimodal,stock market,price forecasting,artificial intelligence; machine learning,accuracy; dataset; results show,"To capture real-time predictive information and improve forecasting accuracy, this paper proposes a short-term house price forecasting approach with multi-source heterogeneous information and data traits, Firstly, Weibo, Baidu and stock market are collected to construct the multi-source heterogeneous dataset.",,,Unclear,Unclear,Unclear,Unclear,Yes,Unclear,Unclear,Unclear,Yes,Unclear,Unclear,Unclear,Unclear,Unclear,Unclear,Unclear,Unclear,Unclear,,,,,weibo,,,,multi-source,,,,,,,,,
doi:10.1109/access.2025.3593851,SPPMFN: Efficient Multimodal Financial Time-Series Prediction Network With Self-Supervised Learning,Li N.; Chao G.; Zou J.; Jiang G.,2025,IEEE Access,10.1109/access.2025.3593851,"Financial time series exhibit high volatility and non-linearity, making analysis particularly challenging. Traditional statistical methods like ARIMA and GARCH struggle with non-linear data. At the same time, despite capturing complex price dynamics, machine learning and deep learning approaches often face the risk of overfitting. Additionally, the limited parameters of one-dimensional financial time series signals constrain feature representation. To tackle these challenges, we propose an efficient multimodal financial time series prediction network utilizing self-supervised learning based on the custom-designed SPPMFN network for stock trend forecasting. Our approach introduces a novel signal transformation strategy to extract richer multi-scale feature representations from financial time series signals. Specifically, we convert one-dimensional stock price time series into two-dimensional image sequences across varying time intervals using Gramian Angular Fields. These transformed data modalities are then simultaneously processed by the SPPMFN, enabling the extraction of features from multiple dimensions. Furthermore, we introduce a self-supervised learning framework that enhances the model’s ability to capture intrinsic relationships within the data, allowing it to detect underlying patterns while effectively mitigating overfitting. Experimental results on the CSI300E, CSI100E, and S&P500 datasets demonstrate the effectiveness of our method, showing superior performance in accurately predicting high-yield stocks and significantly outperforming industry benchmarks. Specifically, our model improves accuracy by over 3% and achieves a cumulative return of 21.62% on the CSI300E dataset. On the S&P500 dataset, accuracy increased by over 1.4% and cumulative return reached 18.66%. These findings highlight the robustness and practical applicability of our method across diverse financial markets. © 2013 IEEE.",Multimodal stock trend predictions; neural network; self-supervised learning; series-to-image; Benchmarking; Deep learning; Electronic trading; Financial markets; Forecasting; Learning algorithms; Pattern recognition; Self-supervised learning; Signal processing; Supervised learning; Time series; Time series analysis; Financial time series; Financial time series predictions; Multi-modal; Multimodal stock trend prediction; Neural-networks; One-dimensional; Overfitting; Series-to-lmage; Stock trend prediction; Time series signals; Neural networks,Article,Yes,No,No,SC01,M-1714,Primary/Other,Yes,Price; Trend,Yes,Yes,Yes,No,,Yes,1,18,B_Direct_Stock_Forecasting,Related work / baseline / state-of-the-art comparison,Low,Multimodal,s&p500; stock price; stock trend,stock price; stock trend; trend forecasting; trend prediction,deep learning; machine learning; neural network; neural networks,accuracy; benchmarks; dataset; datasets; experimental,"To tackle these challenges, we propose an efficient multimodal financial time series prediction network utilizing self-supervised learning based on the custom-designed SPPMFN network for stock trend forecasting. || Specifically, we convert one-dimensional stock price time series into two-dimensional image sequences across varying time intervals using Gramian Angular Fields.",,,Yes,Unclear,Unclear,Unclear,Unclear,Unclear,Unclear,Unclear,Yes,Unclear,Unclear,Unclear,Unclear,Unclear,Unclear,Unclear,Unclear,Unclear,time series,,,,,,,,multi-modal; multimodal,,,,,,,,,
doi:10.1142/s0219477524400182,Approach Advancing Stock Market Forecasting with Joint RMSE Loss LSTM-CNN Model,Kiran Kumar M.; Chandra Patni J.; Raparthi M.; Sherkuziyeva N.; Abdullah Bilal M.; Aurangzeb K.,2024,Fluctuation and Noise Letters,10.1142/s0219477524400182,"The intricacies and dynamism of financial markets pose challenges to models seeking to comprehensively capture the multitude of factors influencing stock price movements. As such, there remains room for improvement in forecasting accuracy. In response, we introduce a novel approach that unifies the Root Mean Square Error (RMSE), loss functions of Long Short-Term Memory (LSTM) and Convolutional Neural Networks (CNN). By concurrently optimizing their RMSE loss functions, our novel approach takes use of the capabilities of LSTM for learning long-term time series relationships and CNN for extracting deep features from data. To maximize the efficacy of each model branch within this unified framework, we split the training set into two different representations, one consisting of standard time series data and the other of standard picture data. We compare our proposed model to others in the field to demonstrate its viability, particularly Backpropagation (BP), LSTM, CNN, and a fusion LSTM-CNN model. Experimental evaluations conducted on three diverse datasets - Development Bank, Stock Connect Index (SCI), and Composite Index (CI) - validate the robust predictive performance and applicability of our joint RMSE loss LSTM-CNN model, thus showcasing its potential in financial forecasting. © 2024 World Scientific Publishing Company.",deep learning; financial forecasting; LSTM-CNN model; RMSE loss; Stock market; time series analysis,Article,Yes,No,No,SC01,M-1870,Primary/Other,Yes,Price; Direction/Movement,Yes,Yes,Yes,No,,Yes,1,18,B_Direct_Stock_Forecasting,Related work / baseline / state-of-the-art comparison,Low,Fusion,stock market; stock price,price movements; stock price,cnn; convolutional; deep learning; lstm; neural networks,accuracy; datasets; experimental; rmse; training,Approach Advancing Stock Market Forecasting with Joint RMSE Loss LSTM-CNN Model || The intricacies and dynamism of financial markets pose challenges to models seeking to comprehensively capture the multitude of factors influencing stock price movements.,,,Yes,Unclear,Unclear,Unclear,Unclear,Unclear,Unclear,Unclear,Unclear,Yes,Unclear,Yes,Unclear,Unclear,Unclear,Unclear,Unclear,Unclear,time series,,,,,,,,,fusion,,long short-term memory; lstm,,,,,,
doi:10.1016/j.procs.2024.09.511,Enhancing Stock Price Prediction: LSTM-RNN Fusion Model,Houda Harbaoui and Emna Ammar Elhadjamor,2024,Procedia Computer Science,10.1016/j.procs.2024.09.511,"In today’s dynamic stock market, accurate prediction stands as a linchpin for risk mitigation and amplified investment returns. This study introduces an innovative fusion model intertwining Convolutional Neural Networks (CNN) and Recurrent Neural Networks (RNN), inclusive of specialized units like Long Short-Term Memory (LSTM) and SimpleRNN. By leveraging LSTM’s aptitude for capturing long-term dependencies and RNN’s proficiency in short-term patterns, the fusion model amalgamates their predictive capabilities. Trained individually and merged seamlessly, these components yield superior forecasts for next-day stock closing prices. Validated across historical stock data, the model showcases remarkable enhancements in prediction accuracy, notably reducing Mean Absolute Error (MAE) and validation Root Mean Squared Error (RMSE), alongside noteworthy validation loss. Additionally, a comparative analysis against other prominent models such as CNN-BiLSTM, CNN-LSTM, BiLSTM, CNN, RNN, MLP, and LSTM demonstrates the fusion model’s superiority in key evaluation metrics.","Stock market prediction, Fusion models, Convolutional Neural Networks (CNN), Recurrent Neural Networks (RNN)",Article,No,Yes,No,SD01; SD02; SD04,M-1337,Primary/Other,Yes,Price,Yes,Yes,Yes,No,,Yes,1,18,B_Direct_Stock_Forecasting,Related work / baseline / state-of-the-art comparison,Low,Fusion,stock market; stock price,closing prices; price prediction; stock price,cnn; convolutional; lstm; mlp; neural networks; recurrent neural; rnn,accuracy; comparative; evaluation; mae; rmse,"Enhancing Stock Price Prediction: LSTM-RNN Fusion Model || In today’s dynamic stock market, accurate prediction stands as a linchpin for risk mitigation and amplified investment returns.",,,Unclear,Unclear,Unclear,Unclear,Unclear,Unclear,Unclear,Unclear,Unclear,Yes,Unclear,Yes,Unclear,Unclear,Unclear,Unclear,Unclear,Unclear,,,,,,,,,,fusion,,bilstm; long short-term memory; lstm; recurrent neural; rnn,,,,,,
doi:10.19678/j.issn.1000-3428.0067393,Prediction of Stock Market Trend Based on Multi-Agent Transmission Relationship,BAO Z.; YAO H.; FANG S.; YANG J.; YU K.,2024,Jisuanji Gongcheng/Computer Engineering,10.19678/j.issn.1000-3428.0067393,"Stock market trend prediction is a challenging problem in the field of machine learning. Owing to the dynamic and uncertain nature of some factors affecting the stock market, changes in stock market trends are difficult to predict. In response to the issues of poor sensitivity and weak adaptability in stock market prediction, starting from the transmission relationship between fast and slow variables, a Multi-Agent Transmission Influence Diagram（MATID） stock market trend prediction method is proposed using Agent technology to jointly model the fast and slow cycles in the stock market. First, the classification criteria of fast and slow periods in the stock market are provided, and the concept of period energy is introduced. Subsequently, a quantitative calculation method for periodic energy through feature fusion of relevant trend indicators is provided；the transmission factor representation method is provided by analyzing the dynamic action process of fast and slow periods. Thereafter, fast and slow periods are corresponded to different Agent, and a multi-Agent influence diagram model is used to model the transmission process of the fast and slow cycles. Furthermore, the stock market oscillator model is used to represent the transmission utility between fast and slow Agent. Finally, the automatic inference technique of a joint tree is used to predict the stock market trend. Experimental results under different sample sizes and different stock market trends demonstrate that compared with Gated Recurrent Unit （GRU）, Stacked Long Short-Term Memory（S-LSTM）, and Hybrid Recurrent Neural Network（Hybrid-RNN） prediction methods, the MATID method has good sensitivity and adaptability with approximately 1.5% ‒ 7.0%, 5.4% ‒ 6.7%, and 3.7%‒6.2% improvements in prediction, recall, and F1 value, respectively. © 2024, Editorial Office of Computer Engineering. All rights reserved.",joint tree; Multi-Agent Transmission Influence Diagram（MATID）; oscillator model; periodic transmission; utility function,Article,Yes,No,No,SC01,M-2169,Primary/Other,Yes,Trend,Yes,Yes,Yes,No,,Yes,1,18,B_Direct_Stock_Forecasting,Related work / baseline / state-of-the-art comparison,Low,Fusion,stock market,market trend; market trends; trend prediction,gru; lstm; machine learning; neural network; recurrent neural; rnn,experimental; f1; recall,"Prediction of Stock Market Trend Based on Multi-Agent Transmission Relationship || Stock market trend prediction is a challenging problem in the field of machine learning. || Owing to the dynamic and uncertain nature of some factors affecting the stock market, changes in stock market trends are difficult to predict. || In response to the issues of poor sensitivity and weak adaptability in stock market prediction, starting from the transmission relationship between fast and slow variables, a Multi-Agent Transmission Influence Diagram（MATID） stock market trend prediction method is proposed using Agent technology to jointly model the fast and slow cycles in the stock market. || Finally, the automatic inference technique of a joint tree is used to predict the stock market trend. || Experimental results under different sample sizes and different stock market trends demonstrate that compared with Gated Recurrent Unit （GRU）, Stacked Long Short-Term Memory（S-LSTM）, and Hybrid Recurrent Neural Network（Hybrid-RNN） prediction methods, the MATID method has good sensitivity and adaptability with approximately 1.5% ‒ 7.0%, 5.4% ‒ 6.7%, and 3.7%‒6.2% improvements in prediction, recall, and F1 value, respectively. © 2024, Editorial Office of Computer Engineering.",,,Unclear,Unclear,Unclear,Unclear,Unclear,Unclear,Unclear,Unclear,Unclear,Yes,Unclear,Yes,Unclear,Unclear,Unclear,Unclear,Unclear,Unclear,,,,,,,,,,feature fusion; fusion,,gru; long short-term memory; lstm; recurrent neural; rnn,,,,,,
doi:10.1016/j.heliyon.2024.e40024,Stock movement prediction in a hotel with multimodality and spatio-temporal features during the Covid-19 pandemic,Liu Y.; Ma L.,2024,Heliyon,10.1016/j.heliyon.2024.e40024,"The COVID-19 pandemic has underscored the importance of accurate stock prediction in the tourism industry, particularly for hotels. Despite the growing interest in leveraging consumer reviews for stock performance forecasting, existing methods often need to integrate the rich, multimodal data from these reviews fully. This study addresses this gap by developing a novel deep learning model, the Multimodal Spatio-Temporal Graph Convolutional Neural Network (MSGCN), specifically designed to predict hotel stock performance. Unlike traditional models, MSGCN captures the spatial relationships between hotels using a graph convolutional network and integrates multimodal information—including text, images, and ratings from consumer reviews—into the prediction process. Our research builds on existing literature by validating the efficacy of multimodal data in improving stock prediction and introducing a spatio-temporal component that enhances prediction accuracy. Through rigorous testing on two diverse datasets, our model demonstrates superior performance compared to existing approaches, showing robustness during and after the COVID-19 pandemic. The findings provide valuable insights for hotel managers and consumers, offering a powerful tool for making informed business decisions in a rapidly evolving market. © 2024 The Authors",Covid-19 pandemic; Graph convolutional network; Multimodal data; Spatio-temporal feature; Stock movement prediction,Article,Yes,Yes,No,SC01; SD01; SD05,M-0912,Primary/Other,Yes,Direction/Movement,Yes,Yes,Yes,No,,Yes,1,18,B_Direct_Stock_Forecasting,Related work / baseline / state-of-the-art comparison,Low,Multimodal,stock movement; stock prediction,movement prediction; stock movement,convolutional; deep learning; neural network,accuracy; datasets; testing,"Stock movement prediction in a hotel with multimodality and spatio-temporal features during the Covid-19 pandemic || The COVID-19 pandemic has underscored the importance of accurate stock prediction in the tourism industry, particularly for hotels. || Our research builds on existing literature by validating the efficacy of multimodal data in improving stock prediction and introducing a spatio-temporal component that enhances prediction accuracy.",,,Unclear,Unclear,Unclear,Unclear,Unclear,Unclear,Unclear,Unclear,Yes,Unclear,Unclear,Unclear,Unclear,Unclear,Unclear,Unclear,Unclear,Unclear,,,,,,,,,multimodal,,,,,,,,,
doi:10.1016/j.asoc.2024.111329,Stock trend prediction based on dynamic hypergraph spatio-temporal network,Liao S.; Xie L.; Du Y.; Chen S.; Wan H.; Xu H.,2024,Applied Soft Computing,10.1016/j.asoc.2024.111329,"Predicting stock trends is conducive to optimize returns from stock investments, which gains great interest from investors and researchers. Relations between stocks can provide important information for stock trend prediction. However existing stock prediction approaches only consider pairwise linkages, and ignore complex higher-order relations among stocks. To address these limitations, this paper proposes a dynamic hypergraph spatio-temporal network (DHSTN). DHSTN utilizes GRU to learn the sequential embedding of stocks, and a dynamic hypergraph network is proposed to learn the spatio-temporal relations among stocks. In the dynamic hypergraph network, firstly, a novel dynamic hypergraph construction module based on graph attention network is designed to capture stock higher-order spatial relations which are dynamically changing over time. Secondly, an industry relations aggregator based on hypergraph is considered in hypergraph convolution. Finally, a multi-relation fusion module is designed to integrate static and dynamic stock relations. Experiments on CSI300 and NASDAQ100 datasets show that DHSTN outperforms representative stock prediction methods by at least 4.99% in terms of F1-score and at least 47.9% in terms of sharpe ratio. © 2024 Elsevier B.V.",Deep neural network; Hypergraph neural network; Spatio-temporal learning; Stock trend prediction; Time series analysis; Forecasting; Investments; Time series analysis; High-order; Hyper graph; Hypergraph neural network; Neural-networks; Spatio-temporal; Spatio-temporal learning; Stock predictions; Stock trend prediction; Temporal networks; Time-series analysis; Deep neural networks,Article,Yes,Yes,No,SC01; SD01; SD02; SD04,M-0455,Primary/Other,Yes,Trend,Yes,Yes,Yes,No,,Yes,1,18,B_Direct_Stock_Forecasting,Related work / baseline / state-of-the-art comparison,Low,Fusion,stock prediction; stock trend; stock trends,stock trend; stock trends; trend prediction,attention; deep neural; gru; neural network; neural networks,datasets; experiments; f1; outperforms,"Stock trend prediction based on dynamic hypergraph spatio-temporal network || Predicting stock trends is conducive to optimize returns from stock investments, which gains great interest from investors and researchers. || Relations between stocks can provide important information for stock trend prediction. || However existing stock prediction approaches only consider pairwise linkages, and ignore complex higher-order relations among stocks. || Experiments on CSI300 and NASDAQ100 datasets show that DHSTN outperforms representative stock prediction methods by at least 4.99% in terms of F1-score and at least 47.9% in terms of sharpe ratio. © 2024 Elsevier B.V.",,,Yes,Unclear,Unclear,Unclear,Unclear,Unclear,Unclear,Unclear,Unclear,Yes,Unclear,Yes,Unclear,Unclear,Unclear,Unclear,Unclear,Unclear,time series,,,,,,,,,fusion,,gru,,,,,,
doi:10.3390/math14040708,LévyHyper: A Lévy Process-Driven Dynamic Hypergraph Framework for Stock Return Prediction with Jump-Aware Temporal Modeling,Luo S.; Chen J.,2026,Mathematics,10.3390/math14040708,"Stock return prediction for quantitative trading in U.S. equity markets has evolved from parametric econometric modeling toward data-driven deep learning systems that must jointly capture temporal dynamics, discontinuous jumps, and evolving cross-asset dependencies. Existing approaches still face three key challenges in deep learning-based stock return prediction: jump-aware temporal modeling is often missing or handled by ad hoc heuristics; higher-order stock relations are frequently encoded by static graphs/hypergraphs that do not adapt across market conditions, and temporal and relational learning are commonly implemented as sequential blocks with limited bidirectional interaction. We propose LévyHyper, an end-to-end framework that unifies jump-aware temporal encoding with regime-adaptive dynamic hypergraph learning and multi-scale hypergraph reasoning. LévyHyper integrates a neural jump-aware temporal layer motivated by Lévy jump-diffusion modeling, a regime-weighted fusion of predefined and learned hyperedges via a differentiable constructor, and a multi-scale hypergraph convolution module for hierarchical temporal aggregation. Experiments on S&P 500 data (463 stocks, 10 evaluation phases, prediction horizon (Formula presented.) trading days) show that LévyHyper improves IC/RankIC and portfolio-level Sharpe ratio over strong baselines on average. We additionally report uncertainty estimates, significance tests, and transaction-cost sensitivity to support robust conclusions. © 2026 by the authors.",dynamic hypergraph learning; financial time series; jump-diffusion models; Lévy process; stock return prediction,Article,Yes,No,No,SC01,M-2490,Primary/Other,Yes,Return,Yes,Yes,Yes,No,,Yes,1,17,B_Direct_Stock_Forecasting,Related work / baseline / state-of-the-art comparison,Low,Fusion,equity markets; s&p 500; stock return,return prediction; stock return,deep learning,evaluation; experiments,"LévyHyper: A Lévy Process-Driven Dynamic Hypergraph Framework for Stock Return Prediction with Jump-Aware Temporal Modeling || Stock return prediction for quantitative trading in U.S. equity markets has evolved from parametric econometric modeling toward data-driven deep learning systems that must jointly capture temporal dynamics, discontinuous jumps, and evolving cross-asset dependencies. || Existing approaches still face three key challenges in deep learning-based stock return prediction: jump-aware temporal modeling is often missing or handled by ad hoc heuristics; higher-order stock relations are frequently encoded by static graphs/hypergraphs that do not adapt across market conditions, and temporal and relational learning are commonly implemented as sequential blocks with limited bidirectional interaction. || Experiments on S&P 500 data (463 stocks, 10 evaluation phases, prediction horizon (Formula presented.) trading days) show that LévyHyper improves IC/RankIC and portfolio-level Sharpe ratio over strong baselines on average.",,,Yes,Unclear,Unclear,Unclear,Unclear,Unclear,Unclear,Unclear,Unclear,Yes,Unclear,Unclear,Unclear,Unclear,Unclear,Unclear,Unclear,Unclear,time series,,,,,,,,,fusion,,,,,,,,
doi:10.3390/app16031648,MDMF: A Market-Mainline-Driven Multi-Feature Fusion Model for Stock Trend Forecasting,Shi Z.; Zhao Y.; Zhang Y.; Wu H.,2026,Applied Sciences (Switzerland),10.3390/app16031648,"Accurate stock prediction is crucial for investment decisions and risk management, yet remains challenging due to the non-stationary, nonlinear, and noisy nature of financial markets. Although deep learning has advanced forecasting by modeling temporal patterns and stock relationships, most methods fail to capture structured, market-wide forces. Specifically, they miss the emergence and influence of “market mainlines”—persistent directional trends in groups of stocks with shared attributes that collectively drive market movement. To address this, we propose the Market-mainline-Driven Multi-feature Fusion Model (MDMF), which dynamically identifies multidimensional market mainline characteristics and captures their differential impact on individual stocks. The model incorporates a dual-channel encoding mechanism, a dynamic stock aggregation algorithm, and a differential influence module to integrate temporal, fundamental, and stock-specific features. Extensive experiments on real-world stock datasets show that MDMF outperforms state-of-the-art baselines in predictive accuracy and profitability, demonstrating its robustness and practical utility. Our study highlights the value of explicitly modeling market mainlines for enhancing stock prediction and offers insights into systematic market behavior. © 2026 by the authors.",deep neural network; graph attention networks; market mainline identification; stock trend prediction; Commerce; Electronic trading; Financial markets; Forecasting; Investments; Prediction models; Risk management; Fusion model; Graph attention network; Investment decisions; Investment risks; Market mainline identification; Multi-feature fusion; Neural-networks; Stock predictions; Stock trend prediction; Trend forecasting; algorithm; article; attention network; deep learning; deep neural network; encoding; financial market; forecasting; human; investment; market; prediction; risk management; Deep neural networks,Article,Yes,No,No,SC01,M-2344,Primary/Other,Yes,Trend,Yes,Yes,Yes,No,,Yes,1,17,B_Direct_Stock_Forecasting,Related work / baseline / state-of-the-art comparison,Low,Fusion,stock prediction; stock trend,stock trend; trend forecasting; trend prediction,attention; deep learning; deep neural; neural network; neural networks,accuracy; datasets; experiments; outperforms,"MDMF: A Market-Mainline-Driven Multi-Feature Fusion Model for Stock Trend Forecasting || Accurate stock prediction is crucial for investment decisions and risk management, yet remains challenging due to the non-stationary, nonlinear, and noisy nature of financial markets. || Our study highlights the value of explicitly modeling market mainlines for enhancing stock prediction and offers insights into systematic market behavior. © 2026 by the authors.",,,Unclear,Unclear,Unclear,Unclear,Unclear,Unclear,Unclear,Unclear,Unclear,Yes,Unclear,Unclear,Unclear,Unclear,Unclear,Unclear,Unclear,Unclear,,,,,,,,,,feature fusion; fusion,,,,,,,,
doi:10.1016/j.ins.2026.123113,VARDiff: Vision-augmented retrieval-guided diffusion for stock forecasting,Thi-Thu Nguyen and Xuan-Thong Truong and Thai-Binh Nguyen-Khac and Nhat-Hai Nguyen,2026,Information Sciences,10.1016/j.ins.2026.123113,"Stock price forecasting is a critical yet inherently difficult task in quantitative finance due to the volatile and non-stationary nature of financial time series. While diffusion models have emerged as promising tools for capturing predictive uncertainty, their effectiveness is often limited by insufficient data and the absence of informative guidance during generation. To address these challenges, we propose VARDiff, a diffusion forecasting architecture conditioned on visual-semantic references retrieved from a historical database. Our core novelty is a cross-attention-based denoising network that operates on delay embedding (DE) image representations of time series, fusing the target trajectory with its visually similar historical counterparts retrieved via a GAF-based visual encoding pipeline using a pre-trained VGG backbone to provide structured guidance during iterative denoising. VARDiff transforms historical price sequences into image representations and extracts semantic embeddings using a pre-trained vision encoder. These embeddings facilitate the retrieval of visually similar historical trajectories, which serve as external references to guide the denoising process of the diffusion model. Extensive experiments on nine benchmark stock datasets show that VARDiff reduces forecasting errors by an average of 16.27% (MSE) and 8.12% (MAE) compared to state-of-the-art baselines. The results underscore the effectiveness of integrating vision-based retrieval into diffusion forecasting, leading to more robust and data-efficient financial prediction.","Diffusion, Image retrieval, Stock forecasting",Article,No,Yes,No,SD01,M-0980,Primary/Other,Yes,Price,Yes,Yes,Yes,No,,Yes,1,17,B_Direct_Stock_Forecasting,Related work / baseline / state-of-the-art comparison,Low,Fusion,stock forecasting; stock price,price forecasting; stock price,attention,benchmark; datasets; experiments; mae; mse,VARDiff: Vision-augmented retrieval-guided diffusion for stock forecasting || Stock price forecasting is a critical yet inherently difficult task in quantitative finance due to the volatile and non-stationary nature of financial time series.,,,Yes,Unclear,Unclear,Unclear,Unclear,Unclear,Unclear,Unclear,Unclear,Yes,Unclear,Unclear,Unclear,Unclear,Unclear,Unclear,Unclear,Unclear,historical price; time series,,,,,,,,,cross-attention,,,,,,,,
doi:10.1109/tetci.2025.3542107,MTMD: Multi-Scale Temporal Memory Learning and Efficient Debiasing Framework for Stock Trend Forecasting,Wang M.; Tian J.; Zhang M.; Guo J.; Jia W.,2025,IEEE Transactions on Emerging Topics in Computational Intelligence,10.1109/tetci.2025.3542107,"The endeavor of stock trend forecasting is principally focused on predicting the future trajectory of the stock market, utilizing either manual or technical methodologies to optimize profitability. Recent advancements in machine learning technologies have showcased their efficacy in discerning authentic profit signals within the realm of stock trend forecasting, predominantly employing temporal data derived from historical stock price patterns. Nevertheless, the inherently volatile and dynamic characteristics of the stock market render the learning and capture of multi-scale temporal dependencies and stable trading opportunities a formidable challenge. This predicament is primarily attributed to the difficulty in distinguishing real profit signal patterns amidst a plethora of mixed, noisy data. In response to these complexities, we propose a Multi-Scale Temporal Memory Learning and Efficient Debiasing (MTMD) model. This innovative approach encompasses the creation of a learnable embedding coupled with external attention, serving as a memory module through self-similarity. It aims to mitigate noise interference and bolster temporal consistency within the model. The MTMD model adeptly amalgamates comprehensive local data at each timestamp while concurrently focusing on salient historical patterns on a global scale. Furthermore, the incorporation of a graph network, tailored to assimilate global and local information, facilitates the adaptive fusion of heterogeneous multi-scale data. Rigorous ablation studies and experimental evaluations affirm that the MTMD model surpasses contemporary state-of-the-art methodologies by a substantial margin in benchmark datasets.  © 2025 IEEE.",debiasing; Deep learning; multi-scale memory; stock trend forecasting; Adversarial machine learning; Contrastive Learning; Deep learning; Financial markets; Marketplaces; De-biasing; Deep learning; Machine learning technology; Memory efficient; Memory learning; Multi-scale memory; Multi-scales; Stock trend forecasting; Temporal memory; Trend forecasting; Profitability,Article,Yes,No,No,SC01,M-1808,Primary/Other,Yes,Price; Trend,Yes,Yes,Yes,No,,Yes,1,17,B_Direct_Stock_Forecasting,Related work / baseline / state-of-the-art comparison,Low,Fusion,stock market; stock price; stock trend,stock price; stock trend; trend forecasting,attention; deep learning; machine learning,benchmark; datasets; experimental,"MTMD: Multi-Scale Temporal Memory Learning and Efficient Debiasing Framework for Stock Trend Forecasting || The endeavor of stock trend forecasting is principally focused on predicting the future trajectory of the stock market, utilizing either manual or technical methodologies to optimize profitability. || Recent advancements in machine learning technologies have showcased their efficacy in discerning authentic profit signals within the realm of stock trend forecasting, predominantly employing temporal data derived from historical stock price patterns.",,,Unclear,Unclear,Unclear,Unclear,Unclear,Unclear,Unclear,Unclear,Unclear,Yes,Unclear,Unclear,Unclear,Unclear,Unclear,Unclear,Unclear,Unclear,,,,,,,,,,fusion,,,,,,,,
doi:10.3390/app15084315,STGAT: Spatial–Temporal Graph Attention Neural Network for Stock Prediction,Feng R.; Jiang S.; Liang X.; Xia M.,2025,Applied Sciences (Switzerland),10.3390/app15084315,"Stock price prediction and portfolio optimization are critical research areas in financial markets, as they directly impact investment strategies and risk management. Traditional statistical methods and machine learning approaches have been widely applied to these tasks, but they often fail to fully capture the complex dynamics of financial markets. Traditional statistical methods typically rely on unrealistic assumptions or oversimplified models, neglecting the nonlinear and high-dimensional characteristics of market data. Additionally, deep learning methods, especially temporal convolution networks and graph attention networks, have been introduced in this area and have achieved significant improvements in both stock price prediction and portfolio optimization. Therefore, this study proposes a Spatial–Temporal Graph Attention Network (STGAT) that integrates STL decomposition components and graph structures to model both temporal patterns and asset correlations. By combining graph attention mechanisms with temporal convolutional modules, STGAT effectively processes spatiotemporal data, enhancing the accuracy of stock price predictions. Empirical experiments on the CSI 500 and S&P 500 datasets demonstrate that STGAT outperforms other deep learning models in both prediction accuracy and portfolio performance. The investment portfolios constructed based on STGAT’s predictions achieve higher returns in real market scenarios, which validates the feasibility of spatiotemporal feature fusion for stock price prediction and highlights the advantages of graph attention networks in capturing complex market characteristics. This study not only provides a robust tool for portfolio optimization but also offers valuable insights for future research in intelligent financial systems. © 2025 by the authors.",graph attention network; portfolio management; stock price prediction; time series analysis; Cost estimating; Financial markets; Investments; Population statistics; Time series; Graph attention network; Neural-networks; Portfolio managements; Portfolio optimization; Price portfolio; Spatial temporals; Stock predictions; Stock price prediction; Temporal graphs; Time-series analysis; Risk management,Article,Yes,No,No,SC01,M-2339,Primary/Other,Yes,Price,Yes,Yes,Yes,Yes,,Yes,1,17,B_Direct_Stock_Forecasting,Related work / baseline / state-of-the-art comparison,Low,Fusion,s&p 500; stock prediction; stock price,price prediction; stock price,attention; convolutional; deep learning; machine learning; neural network; temporal convolution,accuracy; datasets; experiments; outperforms,"STGAT: Spatial–Temporal Graph Attention Neural Network for Stock Prediction || Stock price prediction and portfolio optimization are critical research areas in financial markets, as they directly impact investment strategies and risk management. || Additionally, deep learning methods, especially temporal convolution networks and graph attention networks, have been introduced in this area and have achieved significant improvements in both stock price prediction and portfolio optimization. || By combining graph attention mechanisms with temporal convolutional modules, STGAT effectively processes spatiotemporal data, enhancing the accuracy of stock price predictions. || Empirical experiments on the CSI 500 and S&P 500 datasets demonstrate that STGAT outperforms other deep learning models in both prediction accuracy and portfolio performance. || The investment portfolios constructed based on STGAT’s predictions achieve higher returns in real market scenarios, which validates the feasibility of spatiotemporal feature fusion for stock price prediction and highlights the advantages of graph attention networks in capturing complex market characteristics.",portfolio optimization,,Yes,Unclear,Unclear,Unclear,Unclear,Unclear,Unclear,Unclear,Unclear,Yes,Unclear,Unclear,Unclear,Unclear,Unclear,Unclear,Unclear,Unclear,market data; time series,,,,,,,,,feature fusion; fusion,,,,,,,,
doi:10.1371/journal.pone.0335554,Stock price dynamics prediction based on multi-scale fractals and deep learning,Du Y.; Tian Y.,2025,PLOS ONE,10.1371/journal.pone.0335554,"The complexity of stock price fluctuations stems from its multi-scale characteristics, nonlinear dynamic characteristics, and fractal structure. To better capture the fractal characteristics of stock prices, this paper creatively proposes a prediction method based on fractal feature extraction and deep learning. First, the generalized Hurst exponent Hq, high-order fractal dimension FDq, and multifractal spectrum MFSq are combined to characterize the long-range correlation and local complexity of stock price series from different scales. In addition, Rényi entropy and generalized fractional Brownian motion (GFBM) are introduced to enhance the descriptive ability of features. Secondly, a multi-scale fractal feature fusion mechanism (MSA) is designed to achieve feature aggregation in the time-frequency domain to improve the adaptability of the model to the nonlinear fluctuation pattern of stock prices. Finally, a multi-scale fractal loss function is constructed to integrate Rényi error, Hölder constraint and fractal spectrum deviation to enhance the ability of the model to maintain fractal structure. Experimental results show that the prediction performance of this method on multiple real market data is better than that of existing methods, and it shows better performance in terms of accuracy, stability and extreme volatility processing ability. This study provides a new theoretical framework for financial time series analysis and a new idea for the application of fractal theory in financial forecasting. © 2025 Du, Tian. This is an open access article distributed under the terms of the Creative Commons Attribution License, which permits unrestricted use, distribution, and reproduction in any medium, provided the original author and source are credited.","; Algorithms; Commerce; Deep Learning; Fractals; Humans; Investments; Models, Economic; adult; article; conceptual framework; controlled study; deep learning; diagnosis; entropy; feature extraction; female; forecasting; fractal analysis; human; prediction; price; time series analysis; volatilization; algorithm; commercial phenomena; economic model; economics; investment",Article,Yes,No,No,SC01,M-2029,Primary/Other,Yes,Price,Yes,Yes,Yes,No,,Yes,1,17,B_Direct_Stock_Forecasting,Related work / baseline / state-of-the-art comparison,Low,Fusion,stock price; stock prices,stock price; stock prices,deep learning,accuracy; experimental; results show,"Stock price dynamics prediction based on multi-scale fractals and deep learning || The complexity of stock price fluctuations stems from its multi-scale characteristics, nonlinear dynamic characteristics, and fractal structure. || To better capture the fractal characteristics of stock prices, this paper creatively proposes a prediction method based on fractal feature extraction and deep learning. || First, the generalized Hurst exponent Hq, high-order fractal dimension FDq, and multifractal spectrum MFSq are combined to characterize the long-range correlation and local complexity of stock price series from different scales. || Secondly, a multi-scale fractal feature fusion mechanism (MSA) is designed to achieve feature aggregation in the time-frequency domain to improve the adaptability of the model to the nonlinear fluctuation pattern of stock prices.",,,Yes,Unclear,Unclear,Unclear,Unclear,Unclear,Unclear,Unclear,Unclear,Yes,Unclear,Unclear,Unclear,Unclear,Unclear,Unclear,Unclear,Unclear,market data; time series,,,,,,,,,feature fusion; fusion,,,,,,,,
doi:10.4018/ijswis.346378,Predicting Stock Trends Using Web Semantics and Feature Fusion,Wenrui Zhou and Huxidan Jumahong and Ruihua Cui and Yanfei Wu and Changhua Jing and Ling Lin,2024,International Journal on Semantic Web and Information Systems,10.4018/ijswis.346378,"ABSTRACT Stock data are characterized by high dimensionality and sparsity, making stock trend prediction highly challenging. Although the Light Gradient Boosting Machine (LightGBM), based on web semantics, excels at capturing global features and efficiently performs in stock trend prediction, it does not consider the issue of declining prediction performance caused by the changing distribution of stock data over time (concept drift phenomenon). Accordingly, this work introduces the Convolutional Neural Network (CNN) into the prediction model to leverage its ability to effectively capture local features. Additionally, local features are combined with global features to obtain a comprehensive set of feature information. Lastly, the model processes new data in real-time, continuously learns new knowledge, updates model parameters, and effectively addresses the decline in model performance caused by concept drift. Experimental results demonstrate that the proposed model outperforms other models indicating its ability to efficiently perform well in stock trend prediction.","Concept Drift, Convolution Neural Network, Feature Fusion, Gradient Boosting Tree, Stock Trend Prediction",Article,No,Yes,No,SD01; SD02,M-2586,Primary/Other,Yes,Trend,Yes,Yes,Yes,No,,Yes,1,17,B_Direct_Stock_Forecasting,Related work / baseline / state-of-the-art comparison,Low,Fusion,stock trend; stock trends,stock trend; stock trends; trend prediction,cnn; convolutional; gradient boosting; lightgbm; neural network,experimental; outperforms; results demonstrate,"Predicting Stock Trends Using Web Semantics and Feature Fusion || ABSTRACT Stock data are characterized by high dimensionality and sparsity, making stock trend prediction highly challenging. || Although the Light Gradient Boosting Machine (LightGBM), based on web semantics, excels at capturing global features and efficiently performs in stock trend prediction, it does not consider the issue of declining prediction performance caused by the changing distribution of stock data over time (concept drift phenomenon). || Experimental results demonstrate that the proposed model outperforms other models indicating its ability to efficiently perform well in stock trend prediction.",,,Unclear,Unclear,Unclear,Unclear,Unclear,Unclear,Unclear,Unclear,Unclear,Yes,Unclear,Unclear,Unclear,Unclear,Unclear,Unclear,Unclear,Unclear,,,,,,,,,,feature fusion; fusion,,,,,,,,
title:a novel hybrid approach for stock market index forecasting using cnn lstm fusion model,A Novel Hybrid Approach for Stock Market Index Forecasting using CNN-LSTM Fusion Model,Mulla R.A.; Saini S.; Mane P.S.; Balkhande B.W.; Pawar M.E.; Deshmukh K.A.,2024,International Journal of Intelligent Systems and Applications in Engineering,,"Forecasting the path of currency exchange rates in the stock market is a highly investigated and demanding endeavour for investors and researchers in the current dynamic environment. The inherent unpredictability of the market makes it extremely challenging to forecast financial markets with a fair level of confidence. The emergence of artificial intelligence has witnessed intricate algorithms yielding encouraging results in the prediction of stock market trends. Predicting stock prices is essential for formulating a trading strategy and identifying favourable times to purchase or sell equities. Financial time series display heterogeneous time scale characteristics as a result of differing durations of influential variables and distinct trading behaviours of market participants.In order to tackle the difficulty of predicting stock values, we suggest utilising a model called the features Integration LSTM-CNN paradigm. This model combines features acquired from diverse representations of same data, especially, stock time series and stock chart graphics. The fusion neural network, in collaboration with the raw daily price series and the initial and secondary layers of the CNN, extracts diverse characteristics over several interval scales. These qualities encompass the price sequence's short-term, medium-term, and long-term attributes. The hybrid neural network presented incorporates LSTM deep convolution networks to effectively include temporal dependencies across the three categories of information. Subsequently, fully connected layers are utilised to generate complete visual representations for predicting the price trajectory. © 2024, Ismail Saritas. All rights reserved.",Long Short-Term Memory Networks; Machine Learning; Multiple Time Scale Features; Neural networks; Share market index; Stock Forecasting,Article,Yes,No,No,SC01,M-2758,Primary/Other,Yes,Price; Trend,Yes,Unclear,Yes,Yes,,Yes,1,16,B_Direct_Stock_Forecasting,Related work / baseline / state-of-the-art comparison,Low,Fusion,market index; stock forecasting; stock market; stock prices,market trends; stock prices,artificial intelligence; cnn; lstm; machine learning; neural network; neural networks,,A Novel Hybrid Approach for Stock Market Index Forecasting using CNN-LSTM Fusion Model || Forecasting the path of currency exchange rates in the stock market is a highly investigated and demanding endeavour for investors and researchers in the current dynamic environment. || The emergence of artificial intelligence has witnessed intricate algorithms yielding encouraging results in the prediction of stock market trends. || Predicting stock prices is essential for formulating a trading strategy and identifying favourable times to purchase or sell equities.,trading strategy,,Yes,Unclear,Unclear,Unclear,Unclear,Unclear,Unclear,Unclear,Unclear,Yes,Unclear,Yes,Unclear,Unclear,Unclear,Unclear,Unclear,Unclear,time series,,,,,,,,,fusion,,long short-term memory; lstm,,,,,,
doi:10.1016/j.inffus.2024.102468,Relational Fusion-based Stock Selection with Neural Recursive Ordinary Differential Equation Networks,Qiang Gao and Xinzhu Zhou and Li Huang and Kunpeng Zhang and Siyuan Liu and Fan Zhou,2024,Information Fusion,10.1016/j.inffus.2024.102468,"Stock selection attempts to rank a list of stocks for optimizing investment decision making, aiming at minimizing investment risks while maximizing profit returns. Recently, researchers have developed various (recurrent) neural network-based methods to tackle this problem. Without exceptions, they primarily leverage historical market volatility to enhance the selection performance. However, these approaches greatly rely on discrete sampled market observations, which either fail to consider the uncertainty of stock fluctuations or predict continuous stock dynamics in the future. Besides, some studies have considered the explicit stock interdependence derived from multiple domains (e.g., industry and shareholder). Nevertheless, the implicit cross-dependencies among different domains are under-explored. To address such limitations, we present a novel stock selection solution—StockODE, a latent variable model with Gaussian prior. Specifically, we devise a Movement Trend Correlation module to expose the time-varying relationships regarding stock movements. We design Neural Recursive Ordinary Differential Equation Networks (NRODEs) to capture the temporal evolution of stock volatility in a continuous dynamic manner. Moreover, we build a hierarchical hypergraph to incorporate the domain-aware dependencies among the stocks. Experiments conducted on two real-world stock market datasets demonstrate that StockODE significantly outperforms several baselines, such as up to 18.57% average improvement regarding SR.","Stock selection, Stock movement, Ordinary differential equations, Bayesian learning, Hypergraph learning",Article,No,Yes,No,SD01,M-0948,Primary/Other,Yes,Direction/Movement,Yes,Yes,No,Yes,,Yes,1,15,B_Direct_Stock_Forecasting,Related work / baseline / state-of-the-art comparison,Low,Fusion,stock market; stock movement,stock movement; stock movements,neural network,datasets; experiments; outperforms,,stock selection,,Unclear,Unclear,Unclear,Unclear,Unclear,Unclear,Unclear,Unclear,Unclear,Yes,Unclear,Unclear,Unclear,Unclear,Unclear,Unclear,Unclear,Unclear,,,,,,,,,,fusion,,,,,,,,
doi:10.22266/ijies2026.0228.51,"Volatility-aware Multimodal Market Forecasting via OPTICS Clustering, Spider Web Hyperparameter Optimization, and Incremental LSTM Prediction",Sardesai S.; Puchakayala P.R.A.; Ghori P.; Mahalaxmi U.S.B.K.,2026,International Journal of Intelligent Engineering and Systems,10.22266/ijies2026.0228.51,"This paper presents a combined multimodal predictive model based on stock market forecasting exploiting volatility-aware adaptive sampling, the Optics, Spider Web Optimization (SWO), Ball-Tree construction along with Incremental LSTM prediction. Proposed framework effectively integrates all opportunities available in the market as quantitative information, including prices and volumes, technical analysis variables, and sentiment analysis and pivots them into one model that is mutually supported. To evaluate the proposed multimodal stock market forecasting model, this paper uses a consolidated Yahoo Finance dataset of data between January 1, 2010, and December 31, 2020. This data contains the price and the volume of the stocks and the technical indicators like RSI and MACD, the sentiment data obtained by analysing the financial news and social media. Ball-Tree Models increase the scalability of the framework providing nearest-neighbor searches with high-dimensional financial data, whereas the domain of market regimes is determined by the use of the OPTICS clustering method based on the densities. Given the pivotal hyperparameters, the SWO algorithm has maximum optimization to enhance the predictive performance. It is highly dynamic because the framework is dynamically updated in real-time to deal even with volatile periods. The results were found to be highly improved and precision, recall and F1-score have all been found 80% and this means that the superiority of the work with regard to the prediction accuracy is achieved over the current models and therefore, the framework is a powerful tool of making decisions regarding finance in real time. © This article is licensed under a Creative Commons Attribution-ShareAlike 4.0 International License. License details: https://creativecommons.org/licenses/by-sa/4.0/",Ball-tree construction; Incremental LSTM; OPTICS clustering; Spider web optimization (SWO); Volatility-aware sampling,Article,Yes,No,No,SC01; SC02; SC04,M-2196,Primary/Other,Yes,Unclear,Yes,Yes,Yes,Yes,,No,5,20,B2_Potentially_Relevant,Check abstract/full text if strategically useful,Low,Technical_Indicators; Financial_News; Sentiment; Multimodal; Optimization,stock market,,lstm,accuracy; dataset; evaluate; f1; precision; recall,"This paper presents a combined multimodal predictive model based on stock market forecasting exploiting volatility-aware adaptive sampling, the Optics, Spider Web Optimization (SWO), Ball-Tree construction along with Incremental LSTM prediction. || To evaluate the proposed multimodal stock market forecasting model, this paper uses a consolidated Yahoo Finance dataset of data between January 1, 2010, and December 31, 2020.",sentiment analysis,,Yes,Yes,Unclear,Yes,Yes,Yes,Unclear,Unclear,Yes,Unclear,Unclear,Yes,Yes,Unclear,Unclear,Unclear,Unclear,Unclear,volume,macd; rsi; technical analysis; technical indicators,,financial news,social media,sentiment,,,multimodal,,,lstm,hyperparameter optimization,,,,,
doi:10.1016/j.ins.2024.121561,Graph-based stock prediction with multisource information and relational data fusion,Zhang Q.; Zhang Y.; Bao F.; Ning Y.; Zhang C.; Liu P.,2025,Information Sciences,10.1016/j.ins.2024.121561,"With the application of multisource information in different fields, the combination of different types of information, such as numerical data and text information, has become a favourable choice for performing stock market analyses. Despite the rich information provided by multisource data, building structured relationships remains challenging. In addition, some market relationship-based analysis methods use a predefined graph structure as a stock relationship graph, which makes it impossible to sensitively aggregate attribute features, and these methods cannot dynamically update market relationships or relationship strengths. In this paper, we propose a novel dynamic attribute-driven graph attention network incorporating sentiment (AGATS) information, transaction data, and text data. Inspired by behavioural finance, we separately extract sentiment information as a factor of technical indicators, and further realize the early fusion of technical indicators and textual data through tensor fusion. In particular, real-time intramarket dependencies and key attribute information are captured with graph networks, enabling dynamic relationship and relationship strength updates. Experiments conducted on real datasets show that our model is capable of ourperforming previously developed methods in prediction and trading. © 2024 Elsevier Inc.",Dynamic relationship; Knowledge graph; Multisource information; Stock prediction; Marketplaces; Data informations; Dynamic relationship; Graph-based; Information data; Knowledge graphs; Multi-source informations; Numerical data; Relational data; Stock predictions; Technical indicator; Knowledge graph,Article,Yes,Yes,No,SC02; SD01; SD02,M-0970,Primary/Other,Yes,Unclear,Yes,Yes,Yes,No,,No,4,20,B2_Potentially_Relevant,Check abstract/full text if strategically useful,Low,Technical_Indicators; Sentiment; Multimodal; Fusion,stock market; stock prediction,,attention,datasets; experiments,Graph-based stock prediction with multisource information and relational data fusion,,,Unclear,Yes,Unclear,Unclear,Unclear,Yes,Unclear,Unclear,Yes,Yes,Unclear,Unclear,Unclear,Unclear,Unclear,Unclear,Unclear,Unclear,,technical indicator; technical indicators,,,,sentiment,,,multi-source; multisource,data fusion; early fusion; fusion,,,,,,,,
doi:10.1016/j.eswa.2025.127357,Enhancing futures price forecasting with large-scale text feature extraction and compressed hybrid data-driven modeling,Lingyao Zhu and Huwei Liu and Junhui Zhao and Kaibo Liang and Li Zhou and Jianglong Yang,2025,Expert Systems with Applications,10.1016/j.eswa.2025.127357,"This paper proposes a large-scale text information extraction and hybrid structured data interpretability analysis approach, with the aim of enhancing futures price prediction in China. Specifically, this study collects and analyzes both structured time series data and unstructured text data related to soybean meal futures from 2015 to 2022. For structured data modeling, time series models such as ARIMAX, LSTM, and TCN are compared, and supervised learning models such as XGBoost and LightGBM demonstrate superior performance. For unstructured data, word embedding models such as RoBERTa and TinyBERT are utilized to extract semantic features from news and research reports. A compressed hybrid model combining structured data with 128-dimensional TinyBERT text features is constructed and further enhanced by adding technical indicator features. The hybrid model with compressed text features achieves improved performance and interpretability. To verify the real-world effectiveness, quantitative trading strategies are constructed based on the model predictions, and historical data backtesting shows positive returns. The proposed approach combining large-scale text feature extraction, compressed hybrid modeling and enhanced structured data achieves significant accuracy improvements in futures price forecasting compared to baseline models, providing a valuable reference for fusing multi-source data to enhance predictive analytics.","Futures price forecasting, Text feature extraction, Word embedding, Structured data modeling, Hybrid model, Backtesting",Article,No,Yes,No,SD01; SD02,M-0793,Primary/Other,Unclear,Price,Yes,Yes,No,Yes,,No,4,19,B2_Potentially_Relevant,Check abstract/full text if strategically useful,Low,Technical_Indicators; FinBERT_BERT_RoBERTa; Multimodal; XAI,,price forecasting; price prediction,hybrid model; lightgbm; lstm; roberta; tcn; xgboost,accuracy; backtesting,,trading strategies,,Yes,Yes,Unclear,Unclear,Unclear,Unclear,Yes,Unclear,Yes,Unclear,Unclear,Yes,Unclear,Unclear,Yes,Unclear,Unclear,Unclear,time series,technical indicator,,,,,roberta,,multi-source,,,lstm,,,interpretability,,,
doi:10.1016/j.neunet.2026.108870,A heterogeneous encoding disentangled representation network for financial time series forecasting,Bao W.; Tian G.; Cao Y.; Yang Y.; Wen S.,2026,Neural Networks,10.1016/j.neunet.2026.108870,"Financial time-series forecasting remains highly challenging due to non-stationarity, market noise, and complex dependencies across multiple temporal scales. Existing state-of-the-art models, although effective in long-sequence learning, often rely on single-stream architectures that struggle to disentangle heterogeneous temporal patterns and maintain contextual coherence. To address these limitations, this paper proposes HEDR-Net, a novel Heterogeneous Encoding Disentangled Representation Network that centres on a structural feature decoupling strategy and achieves coordinated modelling of trend, fluctuation, and raw signals. A wavelet-guided decomposition separates the input sequence into three semantically distinct channels, which are then encoded by structurally specialised subnetworks: Mamba for long-term trends, TCN for short-term fluctuations, and iTransformer for contextual dynamics. A dual cross-attention mechanism is introduced to enhance inter-branch interaction, followed by a Sparse Mixture of Feature Experts module that performs high-dimensional representation compression and adaptive fusion. Extensive experiments on multiple stock market benchmarks demonstrate that HEDR-Net consistently outperforms recent advanced models such as PatchTST and iTransformer, achieving superior forecasting accuracy, robustness, and cross-market generalisation. These results confirm the effectiveness of the proposed structural decoupling and heterogeneous fusion design in improving predictive performance and interpretability under complex financial conditions. © 2026 The Author(s). Published by Elsevier Ltd. This is an open access article under the CC BY license. http://creativecommons.org/licenses/by/4.0/","Cross-attention fusion; Deep learning; Feature disentanglement; Financial time-series forecasting; Neural network; Wavelet transform; Forecasting; Humans; Neural Networks, Computer; Prediction Algorithms; Representation Machine Learning; Time Factors; Commerce; Complex networks; Deep neural networks; Electronic trading; Financial markets; Forecasting; Signal encoding; Time series; Wavelet decomposition; Cross-attention fusion; Decouplings; Deep learning; Encodings; Feature disentanglement; Financial time series forecasting; Neural-networks; Non-stationarities; Temporal scale; Wavelets transform; Article; benchmarking; convolutional neural network; decomposition; deep learning; embedding; encoding; forecasting; mean absolute error; mean squared error; nerve cell network; noise; pandemic; prediction; qualitative analysis; recurrent neural network; semantics; sensitivity analysis; signal processing; time series analysis; training; wavelet transform; workflow; artificial neural network; feature learning (machine learning); forecasting; human; prediction algorithm; procedures; time factor; Encoding (symbols)",Article,Yes,No,No,SC01; SC05,M-1249,Primary/Other,Yes,Unclear,Yes,Yes,Yes,No,,No,4,18,B2_Potentially_Relevant,Check abstract/full text if strategically useful,Low,Fusion; Transformer_Attention; XAI; Multi_Stock,stock market,,artificial neural network; attention; convolutional; deep learning; deep neural; machine learning; neural network; neural networks; recurrent neural; tcn,accuracy; benchmarks; experiments; outperforms; training,"Extensive experiments on multiple stock market benchmarks demonstrate that HEDR-Net consistently outperforms recent advanced models such as PatchTST and iTransformer, achieving superior forecasting accuracy, robustness, and cross-market generalisation.",,,Yes,Unclear,Unclear,Unclear,Unclear,Unclear,Unclear,Unclear,Unclear,Yes,Yes,Yes,Unclear,Unclear,Yes,Unclear,Unclear,Yes,time series,,,,,,,,,cross-attention; fusion,attention mechanism; itransformer,recurrent neural,,,interpretability,,,cross-market
doi:10.1016/j.procs.2026.04.177,Enhancing Stock Market Forecasting in Emerging African Markets:A Multimodal Approach Integrating Sentiment Analysis and Technical Indicators Using Deep Learning,Bilal Azdine and Anouar Hasbaoui and Mounime Elkabbouri and Tariq Rachid and Marouane Kamal and Abdallah Abarda,2026,Procedia Computer Science,10.1016/j.procs.2026.04.177,"This study investigates the contribution of deep learning-based Natural Language Processing (NLP) and sentiment analysis to the forecasting of the Moroccan MSI 20 stock index. Unlike previous research focused on developed markets, this work introduces a multimodal architecture tailored for volatile emerging African contexts. Grounded in behavioral finance, our approach combines FinBERT-derived news sentiments with deep learning models (LSTM, GRU, and ANN) enriched by technical indicators such as RSI, %K, and %R. Empirical results on MSI 20 data (2020-2024) show improved prediction accuracy, with GRU achieving an R2 of 0.65 in daily forecasts. This approach challenges the Efficient Market Hypothesis (EMH) by quantifying emotional biases in volatile African markets, providing practical insights for investment strategies amid globalization and digitalization. The findings underscore the potential of AI-driven tools for African financial institutions to mitigate risks and optimize decision-making.","Stock market forecasting, Sentiment analysis, Deep learning, Technical indicators, Emerging African markets, FinBERT, Behavioral finance",Article,No,Yes,No,SD01; SD02; SD05,M-1374,Primary/Other,Yes,Unclear,Yes,Yes,Yes,Yes,,No,4,18,B2_Potentially_Relevant,Check abstract/full text if strategically useful,Low,Technical_Indicators; Sentiment; FinBERT_BERT_RoBERTa; Multimodal,stock index; stock market,,deep learning; finbert; gru; lstm,accuracy; r2,Enhancing Stock Market Forecasting in Emerging African Markets:A Multimodal Approach Integrating Sentiment Analysis and Technical Indicators Using Deep Learning || This study investigates the contribution of deep learning-based Natural Language Processing (NLP) and sentiment analysis to the forecasting of the Moroccan MSI 20 stock index.,sentiment analysis,,Unclear,Yes,Unclear,Unclear,Unclear,Yes,Yes,Unclear,Yes,Unclear,Unclear,Yes,Unclear,Unclear,Unclear,Unclear,Unclear,Unclear,,rsi; technical indicators,,,,sentiment,finbert,,multimodal,,,gru; lstm,,,,,,
doi:10.12720/jait.17.3.569-582,Explainable Hybrid Modeling of Stock Market Turning Points: An Integrated ARIMA-LSTM-SHAP Approach,Sodnomdavaa T.,2026,Journal of Advances in Information Technology,10.12720/jait.17.3.569-582,"In recent years, global shocks such as the COVID-19 pandemic, geopolitical conflicts, and trade tensions have substantially intensified volatility in financial markets, thereby increasing the frequency of price turning points. This study proposes a novel approach that addresses the growing demand for artificial intelligence models that are not only highly predictive but also interpretable. Traditional econometric models, such as Autoregressive Integrated Moving Average (ARIMA) and Generalized Autoregressive Conditional Heteroskedasticity (GARCH), are effective at capturing linear dependencies but fail to adequately represent nonlinear market dynamics. Meanwhile, machine learning methods, despite their strong predictive power, often exhibit limited interpretability. To bridge this gap, this paper presents an explainable hybrid framework that integrates ARIMA, Long Short-Term Memory (LSTM), and Shapley Additive exPlanations (SHAP). Using daily data from ten major global stock indices from January 1, 2010 to September 30, 2025, the study employs a hybrid labeling approach that combines price extrema, Relative Strength Index (RSI), and Moving Average Convergence Divergence (MACD) indicators. Forecasting accuracy is further enhanced by incorporating ARIMA residual–based feature fusion. The model’s performance is evaluated using both statistical (F1-Score, Precision-Recall Area Under the Curve (PR-AUC), Root Mean Squared Error (RMSE), and economic (Sharpe ratio) metrics within a walk-forward validation framework. The results show that the ARIMA-LSTM-SHAP model achieves an optimal balance between predictive accuracy and economic efficiency, achieving an F1-Score of 0.60 and a Sharpe ratio exceeding 1.5. The findings highlight the framework’s practical relevance for investors and policymakers by facilitating the early detection of turning cycles and supporting risk-informed decision-making. © 2026 by the authors.",adaptive market hypothesis; behavioral finance; economic validation; explainable artificial intelligence; turning-point detection,Article,Yes,No,Yes,EL06; EL07; SC01; SC05; SC06,M-1986,Primary/Other,Yes,Unclear,Yes,Yes,No,No,,No,4,18,B2_Potentially_Relevant,Check abstract/full text if strategically useful,Low,Technical_Indicators; Fusion; XAI; Temporal_Validation,stock indices; stock market,,artificial intelligence; lstm; machine learning,accuracy; auc; evaluated; f1; precision; recall; results show; rmse,,,,Unclear,Yes,Unclear,Unclear,Unclear,Unclear,Unclear,Unclear,Unclear,Yes,Unclear,Yes,Unclear,Unclear,Yes,Yes,Unclear,Unclear,,macd; moving average; relative strength index; rsi,,,,,,,,feature fusion; fusion,,long short-term memory; lstm,,,explainable; interpretability; interpretable; shap,forward validation; walk-forward,,
doi:10.18267/j.aip.299,Fairness-Aware Multimodal Machine Learning for Retail Stock Prediction from Sentiment and Market Data,Rastogi S.; Upreti K.; Shankar U.; Kshirsagar P.R.; Tak T.K.; Jain R.; Radhakrishnan G.V.,2026,Acta Informatica Pragensia,10.18267/j.aip.299,"Background: The introduction of retail investors to AI-powered trading platforms and especially on emerging markets, has resulted in a new set of risks linked to algorithmic bias and financial forecasting fairness. Social media sentiment and structured data multimodal strategies have demonstrated a potential, but frequently do not have ethical considerations. Objective: This work proposes a multimodal model predictive control (MPC) framework grounded in fairness-based forecasting of next-day returns on stock in stock market settings, particularly ethical behaviour and transparency of the model on retail markets. Methods: We combine BERT-based sentiment analysis of Reddit discussions and organized stock market indicators and use XGBoost as the fundamental model. Bias is measured using fairness metrics, including demographic parity difference and equal opportunity difference. Debiasing measures such as reweighting and stratified calibration were used to curb the differences in stock categories. Results: The first model has an overall accuracy of 72.3 with the highest accuracy of 83.1 in the case of Tesla – representing bias in the model. Fairness assessment shows some significant differences (DPD=0.23, EOD=0.31), but the mitigation decreases to 0.07. However, the massive performance improvement after adjustment brings up the issue of overfitting or fairness overcorrection. Conclusion: While the proposed debiased framework successfully reduces algorithmic bias, the trade-off between fairness and generalizability underscores the need for caution. These results hold significant implications for digital trading systems and regulatory frameworks of emerging economies such as India, where explainability and fairness of AI models are significant for ethical financial engagement. © 2026 by the author(s). Licensee Prague University of Economics and Business, Czech Republic. This article is an open access article distributed under the terms and conditions of the Creative Commons Attribution License (CC BY 4.0).",Algorithmic fairness; BERT embedding; Demographic parity; Financial machine learning; Hybrid model; Stock prediction,Article,Yes,No,No,SC01; SC02; SC05,M-2147,Primary/Other,Yes,Unclear,Yes,Yes,Yes,Yes,,No,5,18,B2_Potentially_Relevant,Check abstract/full text if strategically useful,Low,Sentiment; FinBERT_BERT_RoBERTa; Multimodal; XAI; Indian_Market,stock market; stock prediction,,bert; hybrid model; machine learning; xgboost,accuracy,"Fairness-Aware Multimodal Machine Learning for Retail Stock Prediction from Sentiment and Market Data || Objective: This work proposes a multimodal model predictive control (MPC) framework grounded in fairness-based forecasting of next-day returns on stock in stock market settings, particularly ethical behaviour and transparency of the model on retail markets.",sentiment analysis,,Yes,Unclear,Unclear,Unclear,Yes,Yes,Yes,Unclear,Yes,Unclear,Unclear,Unclear,Unclear,Unclear,Yes,Unclear,Yes,Unclear,market data,,,,reddit; social media,sentiment,bert,,multimodal,,,,,,explainability,,india,
doi:10.1016/j.asoc.2025.113623,Deep learning-based feature fusion and Forecasting approach for stock market Prediction,Chen T.-C.,2025,Applied Soft Computing,10.1016/j.asoc.2025.113623,"Generally, stock market prediction is a current renowned research topic. The existing prediction approaches are on the basis of the econometric and statistical approaches. Nevertheless, these approaches are complex to pact with non-stationary time series data. Thus, this study develops a new approach for stock market prediction utilizing a hybrid deep learning approach. In this work, the pre-processing stage is done initially with the assistance of yeo-jhonson transformation and padding-based Fourier transform (FT) denoising model. After that, technical indicators, like Williams's %R, Rate of Change, Triple Exponential Moving Average (TRIX), Average Directional Index (ADX), Average True Range (ATR), and Relative Strength Index (RSI), are extracted. Subsequently, the feature fusion procedure is done by utilizing Morisita's overlap index and Deep Belief Network (DBN) model. Lastly, stock market forecasting is done by a hybrid approach integrating Deep Long Short-Term Memory (Deep LSTM) and Multi-Layer Perceptron (MLP). Moreover, the proposed model is compared with the conventional models, such as Padding-based Fourier Transform Denoising (P-FTD)+Recurrent Neural Network (RNN), Feedforward Neural Network (FNN)+Back-propagation Neural Network (BPNN), Residual-CNN-Seq2Seq (RCSNet), Long short-term memory (LSTM), Competitive Feedback Particle Swarm Optimization-based Deep Recurrent Neural Network (CFPSO-based Deep RNN) and Rider Deep LSTM & Deep RNN. Finally, the experimentation analysis states that the performance of Deep LSTM-MLP is superior to conventional approaches regarding the MSE, RMSE and MAE with the values of 0.113, 0.337, and 0.169. © 2025",Deep learning; Feature fusion; Pre-processing; Prediction; Stock market; Technical indicators; Commerce; Competition; Deep neural networks; Electronic trading; Feedforward neural networks; Fourier transforms; Long short-term memory; Statistics; De-noising; Deep learning; Features fusions; Fourier; Multilayers perceptrons; Neural-networks; Pre-processing; Short term memory; Stock market prediction; Technical indicator; Financial markets; Forecasting,Article,Yes,Yes,No,SC01; SC04; SD01; SD04; SD05,M-0490,Primary/Other,Yes,Unclear,Yes,Yes,Yes,No,,No,3,18,B2_Potentially_Relevant,Check abstract/full text if strategically useful,Low,Technical_Indicators; Fusion; Metaheuristic,stock market,,cnn; deep learning; deep neural; lstm; mlp; neural network; neural networks; recurrent neural; rnn,mae; mse; rmse,"Deep learning-based feature fusion and Forecasting approach for stock market Prediction || Generally, stock market prediction is a current renowned research topic. || Thus, this study develops a new approach for stock market prediction utilizing a hybrid deep learning approach. || Lastly, stock market forecasting is done by a hybrid approach integrating Deep Long Short-Term Memory (Deep LSTM) and Multi-Layer Perceptron (MLP).",,,Yes,Yes,Unclear,Unclear,Unclear,Unclear,Unclear,Unclear,Unclear,Yes,Unclear,Yes,Unclear,Yes,Unclear,Unclear,Unclear,Unclear,time series,adx; atr; average true range; moving average; relative strength index; rsi; technical indicator; technical indicators,,,,,,,,feature fusion; fusion,,long short-term memory; lstm; recurrent neural; rnn,,particle swarm,,,,
doi:10.3778/j.issn.1002-8331.2502-0049,Integrating Multi-Source Heterogeneous Data for Predicting Extreme Volatility in Illiquid Stock Markets; [融合多源异构数据的小规模股票市场极端波动预测模型],CHEN Q.; XIE J.; CAO G.,2026,Computer Engineering and Applications,10.3778/j.issn.1002-8331.2502-0049,"In China’s financial markets, small-scale market stocks often exhibit extreme return volatility due to low liquidity and high information asymmetry. To effectively predict the return volatility of these stocks, this paper proposes a multi-scale & multi-modal stock forecasting network (MSSFNet) based on multi-source heterogeneous data. The model employs a multi-layer convolutional neural network (CNN) to extract complex fluctuation patterns from candlestick charts, combined with a long short-term memory (LSTM) network to capture temporal relationships. For investor comments, the paper conducts sentiment analysis and constructs a dynamically weighted sentiment factor, the cumulative sentiment impact score (CSIS), that accounts for comment influence propagation. This sentiment factor, along with macroeconomic indicators, is processed through a structured data module to extract features and temporal dependencies. The paper develops a self-attention projection fusion (SAPF) module to integrate candlestick chart features with text-macroeconomic features, generating cross-modal joint representations. The fused features are then fed into fully connected layers for final prediction. To validate its effectiveness, comparative experiments are conducted against various single-modality and multimodality models. Results demonstrate that MSSFNet achieves superior performance in predicting extreme volatility in small-scale market stocks, particularly under conditions of market illiquidity and information asymmetry. © (2026), (Journal of Computer Engineering and Applications Beijing Co., Ltd.; Science Press). All rights reserved.",investor sentiment; modal fusion; multi-modal; small-scale market; stock prediction; 多模态; 小规模市场; 投资者情绪; 模态融合; 股票预测; Commerce; Electronic trading; Financial markets; Forecasting; Investments; Network layers; Sentiment analysis; Investor's sentiments; Modal fusion; Multi-modal; Small scale; Small-scale market; Stock predictions; 多模态; 小规模市场; 投资者情绪; 模态融合; 股票预测; Long short-term memory,Article,Yes,No,No,SC01,M-2544,Primary/Other,Yes,Unclear,Yes,Yes,Yes,Yes,,No,4,17,B2_Potentially_Relevant,Check abstract/full text if strategically useful,Low,Sentiment; Multimodal; Fusion; Transformer_Attention,stock forecasting; stock markets; stock prediction,,attention; cnn; convolutional; lstm; neural network,comparative; experiments; results demonstrate,"To effectively predict the return volatility of these stocks, this paper proposes a multi-scale & multi-modal stock forecasting network (MSSFNet) based on multi-source heterogeneous data.",investor sentiment; sentiment analysis,,Unclear,Unclear,Unclear,Unclear,Unclear,Yes,Unclear,Unclear,Yes,Yes,Yes,Yes,Unclear,Unclear,Unclear,Unclear,Unclear,Unclear,,,,,,sentiment,,,cross-modal; heterogeneous data; multi-modal; multi-source,fusion,self-attention,long short-term memory; lstm,,,,,,
doi:10.1016/j.eswa.2025.130536,Transforming machine learning strategies in quantitative stock investment: A multisource information fusion and online ensemble modeling approach for superior alpha factors,Zhao Y.; Chen Z.; Cao C.; Li Y.; Ying J.; Mu J.; Yang C.,2026,Expert Systems with Applications,10.1016/j.eswa.2025.130536,"The real-world stock market environment offers opportunities for short-term prediction and arbitrage using machine learning techniques, with alpha factors playing a crucial role in this process. However, alpha factor models based on machine learning are currently facing key challenges, such as the limited modeling data sources and the inadequate adaptability to dynamic market conditions. To address these issues, this paper proposes a two-stage multisource information fusion and online ensemble modeling (MSIF-OEM) framework. This framework employs a parallel network architecture to extract temporal features from multisource trading data, including basic stock open, high, low, close, and volume (OHLCV) data, market snapshot data, limit order book (LOB) data and trade and quote (TAQ) data, and leverages ensemble learning and online learning techniques to synthesize alpha factors in real-time based on the extracted temporal features. Experiments conducted on full data from China’s A-share stock market demonstrate that the alpha factors synthesized by the MSIF-OEM framework exhibit significantly superior predictive performance. Furthermore, a detailed investigation of the framework’s components reveals several key insights that offer valuable guidance to the future development of machine learning strategies in quantitative stock investment. © 2025 Elsevier Ltd. All rights are reserved, including those for text and data mining, AI training, and similar technologies.","Ensemble learning; Information fusion; Multi-factor strategy; Online learning,; Stock market prediction; Transformer architecture; Commerce; Data mining; E-learning; Electronic document exchange; Electronic trading; Federated learning; Financial markets; Investments; Learning algorithms; Learning systems; Machine learning; Ensemble learning; Ensemble models; Machine-learning; Multi-factor; Multi-factor strategy; Multi-source information fusion; Online learning; Online learning,; Stock market prediction; Transformer architecture; Information fusion",Article,Yes,No,No,SC01,M-0832,Primary/Other,Yes,Unclear,Yes,Yes,Yes,No,,No,3,17,B2_Potentially_Relevant,Check abstract/full text if strategically useful,Low,Multimodal; Fusion; Transformer_Attention,a-share; stock market,,ensemble learning; machine learning; transformer,experiments; training,"The real-world stock market environment offers opportunities for short-term prediction and arbitrage using machine learning techniques, with alpha factors playing a crucial role in this process.",,,Yes,Unclear,Unclear,Unclear,Unclear,Unclear,Unclear,Unclear,Yes,Yes,Yes,Unclear,Unclear,Unclear,Unclear,Unclear,Unclear,Unclear,ohlcv; volume,,,,,,,,multi-source; multisource,fusion,transformer,,,,,,,
doi:10.1038/s41598-025-01856-9,Petri graph neural networks advance learning higher order multimodal complex interactions in graph structured data,Ademovic Tahirovic A.; Angeli D.; Tahirovic A.; Strbac G.,2025,Scientific Reports,10.1038/s41598-025-01856-9,"Graphs are widely used to model interconnected systems, offering powerful tools for data representation and problem-solving. However, their reliance on pairwise, single-type, and static connections limits their expressive capacity. Recent developments extend this foundation through higher-order structures, such as hypergraphs, multilayer, and temporal networks, which better capture complex real-world interactions. Many real-world systems, ranging from brain connectivity and genetic pathways to socio-economic networks, exhibit multimodal and higher-order dependencies that traditional networks fail to represent. This paper introduces a novel generalisation of message passing into learning-based function approximation, namely multimodal heterogeneous network flow, which models information propagation across different semantic domains under conservation constraints. This framework is defined via Petri nets, which extend hypergraphs to support concurrent, multimodal flow and richer structural representation. Building on this foundation, we present the Petri Graph Neural Network (PGNN), a new class of graph neural networks capable of learning over higher-order, multimodal structures. PGNN generalises message passing by incorporating flow conversion and concurrency, leading to enhanced expressive power, interpretability, and computational efficiency. The work opens new directions in learning over complex structures, transcending transformer-based and traditional hypergraph-based algorithms. We validate results through theoretical analysis and real-world experiments, while demonstrating superior performance in, e.g., stock market prediction. © The Author(s) 2025.",Heterogeneous network flow; Higher-order complex networks; Hypergraphs; Multilayer networks; Multimodal data; Petri nets; algorithm; article; graph neural network; human; learning; overlearning; Petri net; prediction; problem solving; stock market,Article,Yes,No,No,SC01; SC05,M-1495,Primary/Other,Yes,Unclear,Yes,Yes,Yes,No,,No,3,17,B2_Potentially_Relevant,Check abstract/full text if strategically useful,Low,Multimodal; Transformer_Attention; XAI,stock market,,graph neural; neural network; neural networks; transformer,experiments,"We validate results through theoretical analysis and real-world experiments, while demonstrating superior performance in, e.g., stock market prediction. © The Author(s) 2025.",,,Unclear,Unclear,Unclear,Unclear,Unclear,Unclear,Unclear,Unclear,Yes,Unclear,Yes,Unclear,Unclear,Unclear,Yes,Unclear,Unclear,Unclear,,,,,,,,,multimodal,,transformer,,,,interpretability,,,
title:pm2 5 pollution prediction method based on spatiotemporal fusion deep learning,PM2.5 Pollution Prediction Method Based on Spatiotemporal Fusion Deep Learning,Wang Q.; Mariano V.Y.,2025,Journal of Information Hiding and Multimedia Signal Processing,,"PM2.5 prediction is a typical time-series problem. Compared with the early application of single models, current research trends have increasingly focused on multimodel fusion strategies. Although complex network models have demonstrated promising performance in air pollution concentration prediction, prediction accuracy still has room for improvement due to limitations such as insufficient feature dimensions and inadequate mining of spatiotemporal correlations. This paper proposes a CNN-ECA-LSTM hybrid model that integrates spatiotemporal features and attention mechanisms. Conv1D is used to extract local spatiotemporal correlations from multi-source data, LSTM captures long-term dependencies of time series, ECA strengthens key feature weights, and achieves effective integration of spatiotemporal features and suppression of redundant information. Experimental research shows that the proposed model is significantly better than LSTM single model and CNN-LSTM hybrid model in predicting PM2.5 concentration, validating the synergistic enhancement of prediction accuracy by spatiotemporal fusion and attention mechanisms. This research not only provides an innovative solution for small-region pollution prediction but also offers valuable references for applying deep learning hybrid models to explore time-series big data in fields such as meteorological data, stock markets, economic analysis, and transportation. © (2025), (Taiwan Ubiquitous Information CO LTD). All rights reserved.",CNN-LSTM; CNNECA- LSTM; LSTM; PM2.5 Prediction; Spatiotemporal Fusion,Article,Yes,No,No,SC01,M-2793,Primary/Other,Yes,Unclear,Yes,Yes,Yes,No,,No,2,17,B2_Potentially_Relevant,Check abstract/full text if strategically useful,Low,Multimodal; Fusion,stock markets,,attention; cnn; deep learning; hybrid model; hybrid models; lstm,accuracy; experimental,"This research not only provides an innovative solution for small-region pollution prediction but also offers valuable references for applying deep learning hybrid models to explore time-series big data in fields such as meteorological data, stock markets, economic analysis, and transportation. © (2025), (Taiwan Ubiquitous Information CO LTD).",,,Yes,Unclear,Unclear,Unclear,Unclear,Unclear,Unclear,Unclear,Yes,Yes,Unclear,Yes,Unclear,Unclear,Unclear,Unclear,Unclear,Unclear,time series,,,,,,,,multi-source,fusion,,lstm,,,,,,
doi:10.1016/j.asoc.2025.113555,AI-fused construction portfolio investment system with risk hedging using machine learning and long-short strategies,Jui-Sheng Chou and Kai-Chun Lin and Tran-Bao-Quyen Pham,2025,Applied Soft Computing,10.1016/j.asoc.2025.113555,"Developing consistently profitable investment strategies presents a considerable challenge within the intricate and continuously evolving financial landscape. This manuscript introduces an automated investment model meticulously designed to optimize returns through dynamic portfolio management, with a focus on comprehensive short-term portfolio decision-making. Leveraging advanced methodologies, including machine learning, natural language processing (NLP), and deep learning techniques, this study develops a robust system capable of integrating various data sources, such as extensive financial indicators, technical analysis metrics, and sentiment analysis derived from NLP-based models. We delineate essential financial factors using extreme gradient boosting models trained on historical transaction data, financial indices, and detailed technical indicators. Furthermore, the model incorporates transformer-based NLP techniques to extract sentiment and market insights from textual data. The system autonomously identifies optimal long-short portfolio combinations and trading opportunities, employing dynamic weight adjustments informed by predictive analytics and technical indicators. Simulation results demonstrate that dynamically weighted portfolios can effectively respond to diverse economic conditions, yielding stable returns and reduced volatility, regardless of market direction. Although the scope of this study is confined to the listed construction sector in Taiwan, backtesting substantiates the robustness and potential scalability of the proposed methodology. Future research may seek to explore broader market applications to further validate the generalizability of the approach; nonetheless, the current findings already indicate significant promise for practical implementation in medium-frequency trading strategies.","Portfolio investment, Information fusion, Decision making, Machine and deep learning, Market sentiment analysis, Natural language processing, Adaptive risk hedging-based system",Article,No,Yes,No,SD01; SD02; SD03; SD04; SD05,M-0487,Primary/Other,Unclear,Direction/Movement,Yes,Yes,No,Yes,,No,4,16,B2_Potentially_Relevant,Check abstract/full text if strategically useful,Low,Technical_Indicators; Sentiment; Fusion; Transformer_Attention,,market direction,deep learning; gradient boosting; machine learning; transformer,backtesting; results demonstrate,,trading strategies; market sentiment; sentiment analysis,,Unclear,Yes,Unclear,Unclear,Unclear,Yes,Unclear,Unclear,Unclear,Yes,Yes,Unclear,Unclear,Unclear,Unclear,Unclear,Unclear,Unclear,,technical analysis; technical indicators,,,,sentiment,,,,fusion,transformer,,,,,,,
doi:10.1109/tla.2025.11045642,Brazilian Stock Market Forecast with Heterogeneous Data Integration for a Set of Stocks,Rosa M.J.A.; Souza M.R.; Silva Machado C.L.; Rigo S.J.; Barbosa J.L.V.,2025,IEEE Latin America Transactions ,10.1109/tla.2025.11045642,"The significant growth of the Brazilian stock market, coupled with the increase in investors in riskier assets, has generated a demand for automated forecasting tools. This research investigated the behavior and movement of stocks in the Brazilian market by integrating historical price series and textual data extracted from sentiments in X old Twitter messages and news collected from Google News. The analysis used natural language processing techniques for sentiment analysis, enabling an efficient fusion between numerical and textual information. Experiments were carried out with the assets PETR4, VALE3, BBDC4, and ITUB4, applying the Long Short Term Memory, Deep Neural Network, and Linear Regression models to predict the behavior of these assets. The results indicated that the LSTM models, especially Model 2, presented the best performance in terms of predictive capacity, with the lowest values of RMSE 0.0171 and high values of coefficint of determination ranging from 0.9707 to 0.9873. The study concludes that integrating numerical and textual data, combined with deep learning techniques, offers a promising approach to stock market forecasting, increasing forecasting gains. © 2003-2012 IEEE.",Financial market; Heterogeneous data; Natural Language Processing; Stock Exchange; Commerce; Data integration; Data mining; Deep neural networks; Electronic trading; Forecasting; Investments; Learning algorithms; Learning systems; Long short-term memory; Sentiment analysis; Forecasting tools; Heterogeneous data; Heterogeneous data integrations; Language processing; Market forecast; Natural language processing; Natural languages; Risky assets; Stock exchange; Textual data; Financial markets,Article,Yes,No,No,SC01; SC02,M-1816,Primary/Other,Yes,Unclear,Yes,Yes,Yes,Yes,,No,3,16,B2_Potentially_Relevant,Check abstract/full text if strategically useful,Low,Sentiment; Multimodal; Fusion,stock market,,deep learning; deep neural; lstm; neural network; neural networks,experiments; rmse,"Brazilian Stock Market Forecast with Heterogeneous Data Integration for a Set of Stocks || The significant growth of the Brazilian stock market, coupled with the increase in investors in riskier assets, has generated a demand for automated forecasting tools. || The study concludes that integrating numerical and textual data, combined with deep learning techniques, offers a promising approach to stock market forecasting, increasing forecasting gains. © 2003-2012 IEEE.",sentiment analysis,,Yes,Unclear,Unclear,Unclear,Yes,Yes,Unclear,Unclear,Yes,Yes,Unclear,Yes,Unclear,Unclear,Unclear,Unclear,Unclear,Unclear,historical price,,,,twitter,sentiment,,,heterogeneous data,fusion,,long short term memory; long short-term memory; lstm,,,,,,
doi:10.1108/jcms-12-2023-0049,Market resilience in turbulent times: a proactive approach to predicting stock market responses during geopolitical tensions,Maddodi S.; Kunte S.R.,2024,Journal of Capital Markets Studies,10.1108/jcms-12-2023-0049,"Purpose: The Indian stock market can be tricky when there's trouble in the world, like wars or big conflicts. It's like trying to read a secret message. We want to figure out what makes investors nervous or happy, because their feelings often affect how they buy and sell stocks. We're building a tool to make prediction that uses both numbers and people's opinions. Design/methodology/approach: Hybrid approach leverages Twitter sentiment, market data, volatility index (VIX) and momentum indicators like moving average convergence divergence (MACD) and relative strength index (RSI) to deliver accurate market insights for informed investment decisions during uncertainty. Findings: Our study reveals that geopolitical tensions' impact on stock markets is fleeting and confined to the short term. Capitalizing on this insight, we built a ground-breaking predictive model with an impressive 98.47% accuracy in forecasting stock market values during such events. Originality/value: To the best of the authors' knowledge, this model's originality lies in its focus on short-term impact, novel data fusion and high accuracy. Focus on short-term impact: Our model uniquely identifies and quantifies the fleeting effects of geopolitical tensions on market behavior, a previously under-researched area. Novel data fusion: Combining sentiment analysis with established market indicators like VIX and momentum offers a comprehensive and dynamic approach to predicting market movements during volatile periods. Advanced predictive accuracy: Achieving the prediction accuracy (98.47%) sets this model apart from existing solutions, making it a valuable tool for informed decision-making. © 2024, Srivatsa Maddodi and Srinivasa Rao Kunte.",Geopolitical tension; LSTM; Momentum indicator; Sentiment analysis; Stock market prediction,Article,Yes,No,No,SC01; SC02,M-1645,Primary/Other,Yes,Unclear,Yes,Yes,Yes,Yes,,No,4,16,B2_Potentially_Relevant,Check abstract/full text if strategically useful,Low,Technical_Indicators; Sentiment; Fusion; Indian_Market,stock market; stock markets,,lstm,accuracy,"Capitalizing on this insight, we built a ground-breaking predictive model with an impressive 98.47% accuracy in forecasting stock market values during such events.",buy and sell; sentiment analysis,,Yes,Yes,Unclear,Unclear,Yes,Yes,Unclear,Unclear,Unclear,Yes,Unclear,Yes,Unclear,Unclear,Unclear,Unclear,Yes,Unclear,market data,macd; momentum indicator; moving average; relative strength index; rsi,,,twitter,sentiment,,,,data fusion; fusion,,lstm,,,,,indian stock,
doi:10.1007/s10614-025-10929-w,An Accurate Multiple Data Based Stock Prediction and Sentiment Analysis Using Synergic Deep Info Convolutional Neural Network,Sanara T.M.; Salma M.U.,2026,Computational Economics,10.1007/s10614-025-10929-w,"Sentiment analysis is one of the most widely used methods for forecasting stock market action from consumer feedback. Most of the methods associated with sentiment analysis are limited due to low accuracy and enhanced error rate. This is addressed by proposing a synergic squeeze deep info convolutional neural network-advanced variable capsule equilibrium auto encoder (SSDCNN-AVCEAE) for sentiment analysis and accurate multiple data-based stock prediction. Stock market data from NSE Nifty 50 (Mar 2, 2020–May 10, 2021) and real-time twitter sentiment analysis are pre-processed through data cleaning and sentiment analyzer lexicon processes. Merging features using SSDCNN, optimized with random search algorithm, mitigates overfitting. SSDCNN eliminates redundant features. Selected features undergo classification by AVCEAE, a fusion of advanced capsule auto encoder (ACAE) and variable equilibrium optimization algorithm, enhancing prediction accuracy for rising or falling stock market movements while minimizing errors. Variable equilibrium optimization refines ACAE parameters. The proposed framework demonstrates exceptional performance with F1-Score, accuracy, false alarm rate, sensitivity, precision, specificity, and error rate reaching 98%, 99%, 0.1%, 99%, 99%, and 0.2%, respectively. The measurements highlight the model's ability to handle a variety of issues, making it a reliable option for precise stock prediction. © The Author(s), under exclusive licence to Springer Science+Business Media, LLC, part of Springer Nature 2025.",AVCEAE; Sentiment analysis; Sentiment analyzer lexicon process; SSDCNN; Stock market,Article,Yes,No,No,SC02,M-0180,Primary/Other,Yes,Unclear,Yes,Yes,Yes,Yes,,No,4,15,B2_Potentially_Relevant,Check abstract/full text if strategically useful,Low,Sentiment; Fusion; Optimization; Indian_Market,nifty; nifty 50; stock market; stock prediction,,convolutional; neural network,accuracy; f1; precision,"An Accurate Multiple Data Based Stock Prediction and Sentiment Analysis Using Synergic Deep Info Convolutional Neural Network || Sentiment analysis is one of the most widely used methods for forecasting stock market action from consumer feedback. || This is addressed by proposing a synergic squeeze deep info convolutional neural network-advanced variable capsule equilibrium auto encoder (SSDCNN-AVCEAE) for sentiment analysis and accurate multiple data-based stock prediction. || Selected features undergo classification by AVCEAE, a fusion of advanced capsule auto encoder (ACAE) and variable equilibrium optimization algorithm, enhancing prediction accuracy for rising or falling stock market movements while minimizing errors. || The measurements highlight the model's ability to handle a variety of issues, making it a reliable option for precise stock prediction. © The Author(s), under exclusive licence to Springer Science+Business Media, LLC, part of Springer Nature 2025.",sentiment analysis,,Yes,Unclear,Unclear,Unclear,Yes,Yes,Unclear,Unclear,Unclear,Yes,Unclear,Unclear,Yes,Unclear,Unclear,Unclear,Yes,Unclear,market data,,,,twitter,sentiment,,,,fusion,,,optimized; random search,,,,nifty; nifty 50; nse,
doi:10.1016/j.jnlssr.2025.100274,An adaptive recurrent neural network model for carbon emission trading market risk prediction,Xiao Liu and Siqi Jia and Chengshang Zhang and Enjun Wang and Tianfeng Feng and Shusen Guo and Xiaolu Fang and Wei Xu,2026,Journal of Safety Science and Resilience,10.1016/j.jnlssr.2025.100274,"Accurately predicting carbon emission trading market risk is significantly important for governments to dynamically monitor market trends and provide scientific decision-making support for market participants (such as enterprises and investors). It has become a hot topic in the field of carbon finance. This paper proposes an adaptive carbon emission trading market risk prediction method based on an improved recurrent neural network, focusing on exploring the dynamic relationship between trading volume and carbon market risk. By integrating carbon market transaction data, energy prices, and macroeconomic indicators, an adaptive recurrent neural network model is constructed. A novel gating mechanism is introduced to embed trading volume as dynamic information into the recurrent unit, enabling dynamic parameter adjustment, thus deeply analyzing the volume-risk interaction. The experimental results show that this model significantly improves forecasting accuracy through multi-source information fusion, and its modular design supports plug-and-play functionality, offering excellent transferability and reusability.","Carbon market, Risk prediction, Recurrent neural networks, Adaptive learning",Article,No,Yes,No,SD01; SD05,M-1139,Primary/Other,Unclear,Trend,Yes,Yes,No,Yes,,No,2,15,B2_Potentially_Relevant,Check abstract/full text if strategically useful,Low,Multimodal; Fusion,,market trends,neural network; neural networks; recurrent neural,accuracy; experimental; results show,,risk prediction,,Yes,Unclear,Unclear,Unclear,Unclear,Unclear,Unclear,Unclear,Yes,Yes,Unclear,Yes,Unclear,Unclear,Unclear,Unclear,Unclear,Unclear,trading volume; volume,,,,,,,,multi-source,fusion,,recurrent neural,,,,,,
doi:10.1016/j.neucom.2025.130168,MCI-GRU: Stock prediction model based on multi-head cross-attention and improved GRU,Zhu P.; Li Y.; Hu Y.; Xiang S.; Liu Q.; Cheng D.; Liang Y.,2025,Neurocomputing,10.1016/j.neucom.2025.130168,"As financial markets become increasingly complex and the era of big data unfolds, accurate stock prediction has become more critical. Although traditional time series models, such as GRU, have been widely applied to stock prediction, they still exhibit limitations in addressing the intricate nonlinear dynamics of markets, particularly in the flexible selection and effective utilization of key historical information. In recent years, emerging methods like Graph Neural Networks and Reinforcement Learning have shown significant potential in stock prediction. However, these methods often demand high data quality and quantity, and they tend to exhibit instability when dealing with data sparsity and noise. Moreover, the training and inference processes for these models are typically complex and computationally expensive, limiting their broad deployment in practical applications. Existing approaches also generally struggle to capture unobservable latent market states effectively, such as market sentiment and expectations, microstructural factors, and participant behavior patterns, leading to an inadequate understanding of market dynamics and subsequently impact prediction accuracy. To address these challenges, this paper proposes a stock prediction model, MCI-GRU, based on a multi-head cross-attention mechanism and an improved GRU. First, we enhance the GRU model by replacing the reset gate with an attention mechanism, thereby increasing the model's flexibility in selecting and utilizing historical information. Second, we design a multi-head cross-attention mechanism for learning unobservable latent market state representations, which are further enriched through interactions with both temporal features and cross-sectional features. Finally, extensive experiments conducted on the CSI 300 and CSI 500 datasets from the Chinese stock market, as well as the NASDAQ 100 and S&P 500 datasets from the U.S. stock market, demonstrate that the proposed method outperforms the current state-of-the-art methods across multiple metrics. Furthermore, this approach has been successfully applied in the real-world operations of a fund management company, validating its effectiveness and practicality in actual financial environments. © 2025 Elsevier B.V.",Cross-sectional features; Improved GRU; Multi-head cross-attention; Stock prediction; Temporal features; Financial markets; Graph neural networks; Attention mechanisms; Cross-sectional feature; Historical information; Improved GRU; Model-based OPC; Multi-head cross-attention; Prediction modelling; Stock predictions; Temporal features; Unobservable; article; benchmarking; big data; cross-sectional study; data quality; electric potential; financial market; graph neural network; human; noise; nonlinear system; prediction; predictive model; stock market; time series analysis; Prediction models,Article,Yes,Yes,No,SC01; SD01,M-1227,Primary/Other,Yes,Unclear,Yes,Yes,Yes,Yes,,No,4,15,B2_Potentially_Relevant,Check abstract/full text if strategically useful,Low,Sentiment; Fusion; Transformer_Attention; Multi_Stock,csi 300; nasdaq; s&p 500; stock market; stock prediction,,attention; graph neural; gru; neural network; neural networks,accuracy; datasets; experiments; outperforms; training,"MCI-GRU: Stock prediction model based on multi-head cross-attention and improved GRU || As financial markets become increasingly complex and the era of big data unfolds, accurate stock prediction has become more critical. || Although traditional time series models, such as GRU, have been widely applied to stock prediction, they still exhibit limitations in addressing the intricate nonlinear dynamics of markets, particularly in the flexible selection and effective utilization of key historical information. || In recent years, emerging methods like Graph Neural Networks and Reinforcement Learning have shown significant potential in stock prediction. || To address these challenges, this paper proposes a stock prediction model, MCI-GRU, based on a multi-head cross-attention mechanism and an improved GRU.",market sentiment,,Yes,Unclear,Unclear,Unclear,Unclear,Yes,Unclear,Unclear,Unclear,Yes,Yes,Yes,Unclear,Unclear,Unclear,Unclear,Unclear,Yes,time series,,,,,sentiment,,,,cross-attention,attention mechanism,gru,,,,,,cross-sectional
doi:10.14445/22315381/ijett-v73i4p106,Sentiment Analysis and Evolutionary Multimodal Autoencoders for Enhanced Stock Market Volatility Prediction Using Macroeconomic Indicators,Pulabaigari L.S.; Sivakumar C.,2025,International Journal of Engineering Trends and Technology,10.14445/22315381/ijett-v73i4p106,"Understanding and predicting stock market volatility is crucial for investors and policymakers. Conventional methods have difficulties explaining the fluctuations in frequency between macroeconomic variables and market changes in accounting. A possibly useful method to increase forecasting accuracy is sentiment analysis combined with advanced deep learning models. This work solves frequency mismatches and improves short-term volatility forecasting by means of macroeconomic variables and sentiment analysis. Starting with the treatment of macroeconomic indicators as exogenous variables, the proposed approach treats GDP growth, inflation rates, and interest rates as examples of such variables first. One can estimate investor attitude in sentiment indices by means of the sentiment analysis model that processes market news and social media data. These indices constitute the input for an Evolutionary Multimodal Optimization-based Autoencoder (EMO-AE), which uses macroeconomic variables to derive the output. The EMO-AE enables one to effectively capture nonlinear dependencies and complex patterns, generating a strong representation that can forecast stock market volatility precisely. Macroeconomic considerations taken into account clearly show that the accuracy of weather prediction rises. The model reduces a Root Mean Square Error (RMSE) of 15.2% and a Mean Absolute Percentage Error (MAPE) of 3.7% compared to the traditional methods. This indicates that combining sentiment analysis with DL approaches is a good approach to project the stock market's volatility. The findings highlight the significant role macroeconomic factors and sentiment analysis play in the forecast of the stock market environment. The recommended approach gives investors and financial analysts a more accurate tool for decision-making, thus lowering the related risks connected with market volatility. © 2025 Seventh Sense Research Group®",Evolutionary autoencoders; Forecasting accuracy; Macroeconomic variables; Sentiment analysis; Stock market volatility,Article,Yes,No,No,SC01,M-2040,Primary/Other,Yes,Unclear,Yes,Yes,Yes,Yes,,No,3,15,B2_Potentially_Relevant,Check abstract/full text if strategically useful,Low,Financial_News; Sentiment; Multimodal,stock market,,deep learning,accuracy; mape; rmse,"Sentiment Analysis and Evolutionary Multimodal Autoencoders for Enhanced Stock Market Volatility Prediction Using Macroeconomic Indicators || The EMO-AE enables one to effectively capture nonlinear dependencies and complex patterns, generating a strong representation that can forecast stock market volatility precisely. || The findings highlight the significant role macroeconomic factors and sentiment analysis play in the forecast of the stock market environment.",stock market volatility; volatility forecasting; volatility prediction; sentiment analysis,,Unclear,Unclear,Unclear,Yes,Yes,Yes,Unclear,Unclear,Yes,Unclear,Unclear,Unclear,Unclear,Unclear,Unclear,Unclear,Unclear,Unclear,,,,market news,social media,sentiment,,,multimodal,,,,,,,,,
doi:10.1142/s0219477524400091,Dual-Attention Based Multi-Path Approach for Intensifying Stock Market Forecasting,Jadhav S.R.; Bishnoi A.; Safarova N.; Khan F.; Aurangzeb K.; Alhussein M.,2024,Fluctuation and Noise Letters,10.1142/s0219477524400091,"In light of the existing challenges in capturing short-term fluctuations and achieving accurate predictions in stock market time series data, this research presents the ""Dual-Attention MDWT-CVT-LSTM,""a revolutionary financial time series forecasting model. This model makes use of a dual-attention mechanism in conjunction with a Variant Transformation-Gated Long Short-Term Memory (LSTM) network. The approach relies on the Multilevel Discrete Wavelet Transform (MDWT) to separate stock market index sequences into high-frequency and low-frequency components. Furthermore, a transformative gating mechanism is incorporated into the LSTM, featuring fusion gated units to create the VT-LSTM, effectively addressing abrupt short-term information changes. Within the dual-attention network, VT-LSTM is combined with one-dimensional temporal convolution (Conv1D) to extract spatial and temporal features of data at different frequencies. This facilitates the prediction of various sub-sequences, enabling multilevel and multi-path forecasting research. The experimental evaluation uses diverse models on stock market index datasets and individual stock datasets. The results show the superior prediction accuracy of the proposed model compared to alternative methods, underscoring its practical viability in stock market forecasting applications. © 2024 World Scientific Publishing Company.",dual-attention; multi-path forecasting; multilevel discrete wavelet transform; short-term fluctuations; Stock market forecasting; time series data,Article,Yes,No,No,SC01,M-1868,Primary/Other,Yes,Unclear,Yes,Yes,Yes,No,,No,2,15,B2_Potentially_Relevant,Check abstract/full text if strategically useful,Low,Fusion; Transformer_Attention,market index; stock market,,attention; lstm; temporal convolution,accuracy; datasets; evaluation; experimental; results show,"Dual-Attention Based Multi-Path Approach for Intensifying Stock Market Forecasting || In light of the existing challenges in capturing short-term fluctuations and achieving accurate predictions in stock market time series data, this research presents the ""Dual-Attention MDWT-CVT-LSTM,""a revolutionary financial time series forecasting model. || The results show the superior prediction accuracy of the proposed model compared to alternative methods, underscoring its practical viability in stock market forecasting applications. © 2024 World Scientific Publishing Company.",,,Yes,Unclear,Unclear,Unclear,Unclear,Unclear,Unclear,Unclear,Unclear,Yes,Yes,Yes,Unclear,Unclear,Unclear,Unclear,Unclear,Unclear,time series,,,,,,,,,fusion,attention mechanism,long short-term memory; lstm,,,,,,
doi:10.1016/j.eneco.2024.107459,Model-driven multimodal LSTM-CNN for unbiased structural forecasting of European Union allowances open-high-low-close price,Wenyang Huang and Jianyu Zhao and Xiaokang Wang,2024,Energy Economics,10.1016/j.eneco.2024.107459,"European Union allowances (EUAs), the “currency in circulation” of the EU Emissions Trading Scheme (ETS), have spawned a great deal of speculative trading. This study proposes a model-driven long short-term memory network (LSTM)-convolutional neural network (CNN) hybrid model that integrates numerical data features and candlestick features to achieve accurate and unbiased structural prediction of EUA futures open-high-low-close (OHLC) prices during the four phases of the EU ETS. During EU ETS Phase IV, the out-of-sample prediction outcomes of the LSTM-CNN model exhibited a mean absolute percentage error (MAPE) of 0.942%, a mean absolute error (MAE) of 0.877, a root mean squared error (RMSE) of 1.157, a goodness-of-fit (R2) of 0.953, an accuracy ratio (AR) of 0.544, and a forecast correct rate of ups and downs (UP) of 0.579. In comparison to Naive methods, vector autoregression (VAR) combined with vector error correction model (VECM), multiple linear regression (MLR), partial least squares (PLS), support vector regression (SVR), and standalone LSTM, the LSTM-CNN approach demonstrated a notable enhancement in the average MAPE across the four stages of the EU ETS—specifically, an improvement of 21.66%, 43.15%, 15.73%, 15.72%, 10.45%, and 5.91%, respectively. Drawing from the unbiased structural forecasts of OHLC data, this study proposes fruitful intraday trading strategies that attain substantive investment returns in the realm of EUA futures trading. The multimodal forecasting methodology and intraday trading strategies advanced in this study hold considerable promise within the domain of energy finance.","Multimodal LSTM-CNN, Unbiased structural forecast, OHLC data, EUA, EU ETS",Article,No,Yes,No,SD01; SD02; SD04,M-0637,Primary/Other,Unclear,Price,Yes,Yes,No,Yes,,No,2,15,B2_Potentially_Relevant,Check abstract/full text if strategically useful,Low,Multimodal; Temporal_Validation,,close price,cnn; convolutional; hybrid model; lstm; neural network; support vector,accuracy; comparison; mae; mape; r2; rmse,,trading strategies,,Yes,Unclear,Unclear,Unclear,Unclear,Unclear,Unclear,Unclear,Yes,Unclear,Unclear,Yes,Unclear,Unclear,Unclear,Yes,Unclear,Unclear,open-high-low-close,,,,,,,,multimodal,,,long short-term memory; lstm,,,,out-of-sample,,
doi:10.1016/j.apenergy.2026.127728,Energy transition and geopolitical risk in clean and fossil energy with multiscale time-varying connectedness and deep learning forecasts,Melike Aktaş Bozkurt,2026,Applied Energy,10.1016/j.apenergy.2026.127728,"Energy transition policies and geopolitical supply disruptions increasingly challenge energy-system affordability, security, and energy-market stability, creating a need for operational, horizon-specific transition-risk monitoring. This paper develops an applied, AI-enabled framework to monitor and forecast multiscale spillovers between clean and fossil energy exchange-traded funds (ETFs) and key energy-macro drivers. This study presents the first integrated and systematic analysis of connectedness dynamics between clean and fossil energy clusters using a unified multiscale connectedness and forecasting framework. Using daily data from 2014 to 2025, we build equal-weighted clean- and fossil-ETF composites and include EU ETS carbon futures, Brent crude, the CBOE Volatility Index, the Oil Volatility Index, the S&P 500, and gold. Synchrosqueezed continuous wavelet transforms provide regime-dependent time–frequency diagnostics and identify dominant cycle lengths that motivate short-, medium-, and long-run horizon bands. We then apply the maximal overlap discrete wavelet transform to decompose returns by horizon and to estimate frequency-specific connectedness using a time-varying parameter vector autoregression, producing total connectedness indices and clean, fossil-net connectedness measures. Finally, we forecast each connectedness index using deep learning models (NBEATSx, Temporal Fusion Transformer, temporal convolutional networks, and TimesNet) under rolling evaluation and quantify macro-driver relevance with permutation feature importance. Spillovers are structurally high, spike at short horizons during COVID-19, and become more persistent at medium–long horizons during the Russia-Ukraine and Middle East conflict regimes. Fossil ETFs act as long-run net transmitters, whereas clean ETFs transmit mainly at short/medium horizons under heightened uncertainty. The proposed indicators provide deployable, horizon-specific early-warning inputs for energy-market surveillance, utility hedging and procurement, and transition policy design toward Net Zero and SDG 7.","Connectedness, Spillovers, Wavelets, Forecasting, Geopolitics, Transition-risk",Article,No,Yes,No,SD01; SD05,M-0436,Primary/Other,Yes,Unclear,Yes,Yes,No,No,,No,3,14,B2_Potentially_Relevant,Check abstract/full text if strategically useful,Low,Fusion; Transformer_Attention; XAI,s&p 500,,convolutional; deep learning; transformer,evaluation,,,,Unclear,Unclear,Unclear,Unclear,Unclear,Unclear,Unclear,Unclear,Unclear,Yes,Yes,Unclear,Unclear,Unclear,Yes,Unclear,Unclear,Unclear,,,,,,,,,,fusion,temporal fusion transformer; transformer,,,,feature importance,,,
doi:10.1016/j.procs.2026.08.070,Network-Aware Financial Distress Prediction via Hierarchical Attention on Dynamic Heterogeneous Corporate Networks,Zhengqi Sun and Fei Shao and Fan Meng,2026,Procedia Computer Science,10.1016/j.procs.2026.08.070,"Financial distress prediction can benefit from inter-firm relationships such as guarantees, equity linkages, and market co-movements. Most existing models, however, treat firms as independent samples and therefore ignore network structure. We construct a dynamic heterogeneous corporate network with seven relation types for 3,797 Chinese A-share listed companies over 2010–2024 and study one-year-ahead distress prediction, where distress is defined as negative net profit in year t + 1. Our empirical analysis shows that firms in the highest neighbour-distress quintile have a distress rate 3.8× higher than firms in the lowest quintile, including among currently profitable firms. Logistic regressions with year fixed effects further indicate that market-correlation (OR=1.245) and industry (OR=1.137) exposure variables remain significant (p < 0.001) after accounting for firm-level financial characteristics. To model these signals, we propose RA-HTGNN, a Relation-Attention Temporal Heterogeneous Graph Neural Network that combines relation-specific graph convolution, relation-level attention, and GRU-based temporal encoding. A held-out stacking ensemble that combines RA-HTGNN with a Random Forest through a validation-trained meta-learner achieves AUC=0.839. Although standalone RA-HTGNN does not outperform the strongest tabular baseline, it contributes complementary signal that improves ensemble performance; ablations further show that sparse guarantee edges yield the strongest standalone GNN performance, whereas dense market-correlation edges contribute most through ensemble fusion.","financial distress prediction, heterogeneous graph neural network, temporal attention, guarantee network, corporate network dependence",Article,No,Yes,No,SD01,M-1384,Primary/Other,Yes,Unclear,Yes,Yes,Yes,No,,No,1,14,B2_Potentially_Relevant,Check abstract/full text if strategically useful,Low,Fusion,a-share,,attention; gnn; graph neural; gru; neural network; random forest,auc; outperform,"We construct a dynamic heterogeneous corporate network with seven relation types for 3,797 Chinese A-share listed companies over 2010–2024 and study one-year-ahead distress prediction, where distress is defined as negative net profit in year t + 1.",,,Unclear,Unclear,Unclear,Unclear,Unclear,Unclear,Unclear,Unclear,Unclear,Yes,Unclear,Yes,Unclear,Unclear,Unclear,Unclear,Unclear,Unclear,,,,,,,,,,fusion,,gru,,,,,,
doi:10.1016/j.finr.2025.100087,Research on ETF prediction based on Bi-LSTM-Bi-GRU,Chen Fei and Li XiuMei,2026,Finance Research Open,10.1016/j.finr.2025.100087,"Accurate prediction of ETF price trends is of great significance to investors' decision-making, risk management of financial institutions, and the stable operation of the market. In view of the non-stationarity of ETF price series and the complexity of the relationship between volume and price, as well as the limitations of traditional prediction methods in dealing with complex non-linear relationships and multi-dimensional input features, a combined model based on Bi-LSTM-Bi-GRU is proposed. The model design adopts a dual-branch parallel structure: the Bi-LSTM branch extracts long-term trend dependencies from the price series through bidirectional long short-term memory units, while the Bi-GRU branch captures short-term fluctuations driven by trading volume using the gating mechanism. The outputs of the two branches are fused through feature concatenation to integrate long- and short-term information. The model architecture includes an input layer, Bi-LSTM layer, Bi-GRU layer, feature fusion layer, fully connected layer, and output layer. Through feature fusion, the model can leverage the different features extracted by LSTM and GRU to enhance the accuracy of ETF price prediction. In this experiment, the training, validation, and testing sets were divided in a 6:2:2 ratio. The mean squared error (MSE) was used as the loss function. Hyperparameters were optimized through grid search, and learning rate scheduling and early stopping mechanisms were introduced to enhance training stability and generalization capability.Experimental studies have shown that the Bi-LSTM-Bi-GRU model significantly outperforms the comparison models in terms of MAE, RMSE, and R2, especially during periods of severe market volatility when its bidirectional structure can more accurately predict price turning points.","ETF prediction, Bidirectional recurrent neural network, Hybrid model, Time series analysis",Article,No,Yes,No,SD01; SD02; SD04; SD05,M-0853,Primary/Other,Unclear,Price; Trend,Yes,Yes,No,No,,No,2,14,B2_Potentially_Relevant,Check abstract/full text if strategically useful,Low,Fusion; Optimization,,price prediction; price trends,gru; hybrid model; lstm; neural network; recurrent neural,accuracy; comparison; experiment; experimental; mae; mse; outperforms; r2; rmse; testing; training,,,,Yes,Unclear,Unclear,Unclear,Unclear,Unclear,Unclear,Unclear,Unclear,Yes,Unclear,Yes,Yes,Unclear,Unclear,Unclear,Unclear,Unclear,time series; trading volume; volume,,,,,,,,,feature fusion; fusion,,bi-gru; bi-lstm; gru; long short-term memory; lstm; recurrent neural,grid search; optimized,,,,,
doi:10.1016/j.neucom.2025.129769,MEAI-Net: Multiview embedding and attention interaction for multivariate time series forecasting,Dong C.; Xu W.; Zhang F.; Hua Q.; Zhang Y.,2025,Neurocomputing,10.1016/j.neucom.2025.129769,"Multivariate time series (MTS) forecasting plays a critical role in diverse societal applications, including stock market analysis and climate change research. While many existing deep learning models have been proven to be effective in MTS forecasting through complex neural network structures and self-attention mechanisms, several challenges remain: (1) insufficient modeling of complex temporal dependencies, (2) limited ability to handle information redundancy and noise, and (3) inadequate capture of periodic characteristics of time series. To address these problems, we propose a Multiview time-dependent feature Embedding and downsampled subsequences Attention Interaction Network (MEAI-Net) for MTS forecasting. First, MEAI-Net adopts a multiview time-dependent feature embedding mechanism to extract various temporal dependency features from the sequences. Second, it reduces redundancy in the temporal sequence features through downsampling. Third, a subsequences cross-attention module is introduced to enhance information exchange between subsequences. Furthermore, we propose the period consistency loss designed to more effectively capture periodic patterns in time series data. Comprehensive experiments conducted on 12 widely used time series datasets demonstrate that MEAI-Net displays promising performance, providing a competitive alternative to current state-of-the-art approaches in MTS forecasting. © 2025",Attention interaction; Downsampling; Multivariate time series forecasting; Period consistency loss; Redundancy reduction; Deep learning; Financial markets; Network embeddings; Time series; Attention interaction; Down sampling; Multi-views; Multivariate time series; Multivariate time series forecasting; Period consistency loss; Redundancy reductions; Time dependent; Time series forecasting; Times series; article; climate change; deep learning; forecasting; human; nerve cell network; noise; stock market; time series analysis,Article,Yes,No,No,SC01,M-1226,Primary/Other,Yes,Unclear,Yes,Yes,Yes,No,,No,2,14,B2_Potentially_Relevant,Check abstract/full text if strategically useful,Low,Fusion; Transformer_Attention,stock market,,attention; deep learning; neural network,datasets; experiments,"Multivariate time series (MTS) forecasting plays a critical role in diverse societal applications, including stock market analysis and climate change research.",,,Yes,Unclear,Unclear,Unclear,Unclear,Unclear,Unclear,Unclear,Unclear,Yes,Yes,Unclear,Unclear,Unclear,Unclear,Unclear,Unclear,Unclear,time series,,,,,,,,,cross-attention,self-attention,,,,,,,
doi:10.1016/j.engappai.2024.108125,Multi-source data ensemble for energy price trend forecasting,Douglas Donizeti de Castilho Braz and Moisés Rocha dos Santos and Marcos Basile Saviano de Paula and Donato da Silva Filho and Ewerton Guarnier and Lucas Penido Alípio and Renato Tinós and André C.P.L.F. Carvalho,2024,Engineering Applications of Artificial Intelligence,10.1016/j.engappai.2024.108125,"Price trend prediction is critical across sectors, including finance, energy, and supply chains, guiding strategic decision-making. Machine Learning’s rise, fueled by abundant data and computational power, has transformed trend prediction. Advanced algorithms enable precise forecasting. The Brazilian Energy Commercialization Platform shapes the nation’s energy sector, influencing electricity contract trading. Despite opportunities, the Brazilian energy market faces liquidity challenges. This research introduces ensemble strategies utilizing diverse data sources and machine learning to enhance price trend prediction accuracy. One of the main contributions of this study is to investigate how the use of different data sources can improve the prediction of energy prices. The study considers Close-to-Close, Intraday, and Day Ahead trends, incorporating technical indicators, water flow rates, energy storage, precipitation, and load data. Employing stacking and performance-weighted averages, the proposed strategies aim to synergistically improve prediction accuracy and financial returns in the Brazilian energy market.","Machine learning, Trend prediction, Energy markets, Ensemble techniques, Stacking",Article,No,Yes,No,SD01,M-0662,Primary/Other,Unclear,Trend,Yes,Yes,No,No,,No,2,14,B2_Potentially_Relevant,Check abstract/full text if strategically useful,Low,Technical_Indicators; Multimodal,,price trend; trend forecasting; trend prediction,machine learning,accuracy,,,,Unclear,Yes,Unclear,Unclear,Unclear,Unclear,Unclear,Unclear,Yes,Unclear,Unclear,Unclear,Unclear,Unclear,Unclear,Unclear,Unclear,Unclear,,technical indicators,,,,,,,multi-source,,,,,,,,,
doi:10.1016/j.eswa.2024.123966,News-driven stock market index prediction based on trellis network and sentiment attention mechanism,Liu W.-J.; Ge Y.-B.; Gu Y.-C.,2024,Expert Systems with Applications,10.1016/j.eswa.2024.123966,"Applying deep learning, especially time series neural network, to stock market prediction, has become one of the important applications in the quantitative finance field. However, due to the multi-correlation and volatility of the stock market, how to timely and accurately predict it has become a challenging issue. In order to cope with this challenge, a news-driven stock market index prediction model based on TrellisNet and a sentiment attention mechanism (SA-TrellisNet) is proposed. A sentiment analysis model based on CNN and LSTM is presented to obtain the sentiment index of massive news crawled from authoritative financial websites. Furthermore, a sentiment attention mechanism is designed for data fusion of stock data and news sentiment index as the input of the simple and efficient TrellisNet network for model training and prediction. The performance of our model is systematically evaluated using seven major international stock market indices including S&P500, NYSE, DJI, NASDAQ, FTSE 100, Nikkei 225 and SSE, and comparative experiments demonstrate that SA-TrellisNet is competitive to the other state-of-the-art methods in predicting stock market indices. © 2024 Elsevier Ltd",LSTM-CNN; News sentiment analysis; Sentiment attention mechanism; Stock market index prediction; Trellis Network; Commerce; Financial markets; Forecasting; Long short-term memory; Sentiment analysis; Attention mechanisms; Index predictions; LSTM-CNN; Model-based OPC; News sentiment analyse; Sentiment analysis; Sentiment attention mechanism; Stock market index; Stock market index prediction; Trellis network; Data fusion,Article,Yes,Yes,No,SC01; SD01; SD02; SD03,M-0754,Primary/Other,Yes,Unclear,Yes,Yes,Yes,Yes,,No,3,14,B2_Potentially_Relevant,Check abstract/full text if strategically useful,Low,Sentiment; Fusion; Transformer_Attention,ftse; market index; market indices; nasdaq; nikkei; s&p500; stock market,,attention; cnn; deep learning; lstm; neural network,comparative; evaluated; experiments; training,"News-driven stock market index prediction based on trellis network and sentiment attention mechanism || Applying deep learning, especially time series neural network, to stock market prediction, has become one of the important applications in the quantitative finance field. || However, due to the multi-correlation and volatility of the stock market, how to timely and accurately predict it has become a challenging issue. || In order to cope with this challenge, a news-driven stock market index prediction model based on TrellisNet and a sentiment attention mechanism (SA-TrellisNet) is proposed.",sentiment analysis,,Yes,Unclear,Unclear,Unclear,Unclear,Yes,Unclear,Unclear,Unclear,Yes,Yes,Yes,Unclear,Unclear,Unclear,Unclear,Unclear,Unclear,time series,,,,,sentiment,,,,data fusion; fusion,attention mechanism,long short-term memory; lstm,,,,,,
doi:10.1016/j.eswa.2026.133114,GBT-BiLSTM: A novel fusion network with granular-ball computing for financial time series forecasting,Changjun Li and Yonghong Li and Shuang Hu and Sidong Xian and Linyan Zhou,2026,Expert Systems with Applications,10.1016/j.eswa.2026.133114,"Financial time series forecasting remains challenging due to high-frequency fluctuations, strong nonlinearity, and complex temporal dependence. Although deep learning models have been widely adopted in AI4Finance, many existing approaches rely on point-wise sequence modeling and are sensitive to noisy short-term price movements. To address these limitations, this paper proposes a Granular-Ball Transformer-BiLSTM (GBT-BiLSTM) model for financial time series forecasting. The proposed method constructs granular-balls from historical target series in the training set, aggregating locally coherent observations into coarse-grained structural representations. A BiLSTM branch captures fine-grained short-term price dynamics, while a Transformer-based granular-ball branch models global relations among ordered granular-balls. An adaptive gated fusion mechanism is further designed to integrate local temporal features and global structural information. Experiments on nine real financial datasets show that GBT-BiLSTM achieves the best performance across MAE, RMSE, MAPE, and R2, compared with representative deep-learning forecasting models. Statistical tests and volatility-regime analysis further confirm its overall competitiveness and robustness under different market conditions. The results demonstrate that granular-ball structural modeling can improve the robustness of financial time series forecasting by reducing local noise while preserving useful temporal patterns. Code is available at https://github.com/xdzxdz27/GBT-BiLSTM.","Granular-ball computing, AI4Finance, BiLSTM, Transformer, Financial time series forecasting",Article,No,Yes,No,SD01; SD05,M-0843,Primary/Other,Unclear,Direction/Movement,Yes,Yes,No,No,,No,2,13,B2_Potentially_Relevant,Check abstract/full text if strategically useful,Low,Fusion; Transformer_Attention,,price movements,deep learning; transformer,datasets; experiments; mae; mape; r2; results demonstrate; rmse; training,,,,Yes,Unclear,Unclear,Unclear,Unclear,Unclear,Unclear,Unclear,Unclear,Yes,Yes,Yes,Unclear,Unclear,Unclear,Unclear,Unclear,Unclear,time series,,,,,,,,,fusion; gated fusion,transformer,bilstm,,,,,,
doi:10.1108/k-05-2024-1228,Hybrid price prediction method combining TCN-BiGRU and attention mechanism for battery-grade lithium carbonate,Zhanglin Peng and Tianci Yin and Xuhui Zhu and Xiaonong Lu and Xiaoyu Li,2024,Kybernetes,10.1108/k-05-2024-1228,"Purpose To predict the price of battery-grade lithium carbonate accurately and provide proper guidance to investors, a method called MFTBGAM is proposed in this study. This method integrates textual and numerical information using TCN-BiGRU–Attention. Design/methodology/approach The Word2Vec model is initially employed to process the gathered textual data concerning battery-grade lithium carbonate. Subsequently, a dual-channel text-numerical extraction model, integrating TCN and BiGRU, is constructed to extract textual and numerical features separately. Following this, the attention mechanism is applied to extract fusion features from the textual and numerical data. Finally, the market price prediction results for battery-grade lithium carbonate are calculated and outputted using the fully connected layer. Findings Experiments in this study are carried out using datasets consisting of news and investor commentary. The findings reveal that the MFTBGAM model exhibits superior performance compared to alternative models, showing its efficacy in precisely forecasting the future market price of battery-grade lithium carbonate. Research limitations/implications The dataset analyzed in this study spans from 2020 to 2023, and thus, the forecast results are specifically relevant to this timeframe. Altering the sample data would necessitate repetition of the experimental process, resulting in different outcomes. Furthermore, recognizing that raw data might include noise and irrelevant information, future endeavors will explore efficient data preprocessing techniques to mitigate such issues, thereby enhancing the model’s predictive capabilities in long-term forecasting tasks. Social implications The price prediction model serves as a valuable tool for investors in the battery-grade lithium carbonate industry, facilitating informed investment decisions. By using the results of price prediction, investors can discern opportune moments for investment. Moreover, this study utilizes two distinct types of text information – news and investor comments – as independent sources of textual data input. This approach provides investors with a more precise and comprehensive understanding of market dynamics. Originality/value We propose a novel price prediction method based on TCN-BiGRU Attention for “text-numerical” information fusion. We separately use two types of textual information, news and investor comments, for prediction to enhance the model's effectiveness and generalization ability. Additionally, we utilize news datasets including both titles and content to improve the accuracy of battery-grade lithium carbonate market price predictions.","Price prediction, TCN, BiGRU, Attention mechanism, Battery-grade lithium carbonate",Article,No,Yes,No,SD01; SD02,M-1659,Primary/Other,Unclear,Price,Yes,Yes,No,No,,No,2,13,B2_Potentially_Relevant,Check abstract/full text if strategically useful,Low,Fusion; Transformer_Attention,,price prediction,attention; tcn,accuracy; dataset; datasets; experimental; experiments,,,,Unclear,Unclear,Unclear,Unclear,Unclear,Unclear,Unclear,Unclear,Unclear,Yes,Yes,Yes,Unclear,Unclear,Unclear,Unclear,Unclear,Unclear,,,,,,,,,,fusion,attention mechanism,bigru,,,,,,
doi:10.1016/j.najef.2024.102261,Research on information fusion of security analysts’ stock recommendations based on two-dimensional D-S evidence theory,Li Z.; Zhu W.; Wu Y.; Wu Z.,2024,North American Journal of Economics and Finance,10.1016/j.najef.2024.102261,"Security analysts play a vital role as an information intermediary in the stock market. Their stock recommendations are important references for investors. The efficiency of investment decision-making could be improved by judging the reliability of stock recommendations based on analyst characteristics and fusing the recommendations. We propose an information fusion method for security analysts’ stock recommendations based on two-dimensional Dempster-Shafer (D-S) evidence theory, which comprehensively considers the external and internal characteristics of analysts. The characteristics of analysts are used to measure the reliability of the stock recommendations and modify the evidence, then the D-S fusion rule is used for evidence fusion. Compared with the forecast results of statistical methods and machine learning methods, the two-dimensional D-S evidence theory model we proposed has a higher forecast accuracy, which effectively improves the information efficiency of the stock market and helps investors to make decisions efficiently and scientifically. © 2024 Elsevier Inc.",D-S evidence theory; Information fusion; Security analyst; Stock recommendation,Article,Yes,No,No,SC01,M-1206,Primary/Other,Yes,Unclear,Yes,Yes,Yes,No,,No,1,13,B2_Potentially_Relevant,Check abstract/full text if strategically useful,Low,Fusion,stock market,,machine learning,accuracy,"Compared with the forecast results of statistical methods and machine learning methods, the two-dimensional D-S evidence theory model we proposed has a higher forecast accuracy, which effectively improves the information efficiency of the stock market and helps investors to make decisions efficiently and scientifically. © 2024 Elsevier Inc.",,,Unclear,Unclear,Unclear,Unclear,Unclear,Unclear,Unclear,Unclear,Unclear,Yes,Unclear,Unclear,Unclear,Unclear,Unclear,Unclear,Unclear,Unclear,,,,,,,,,,fusion,,,,,,,,
doi:10.5038/2640-6489.9.2.1297,Advancing sustainable investing: A deep learning model for multi-source stock prediction,Hongxuan Yu and Tingting Zhang and M. Kizildag,2024,Journal of Global Business Insights,10.5038/2640-6489.9.2.1297,,,Misc,No,No,Yes,EL04,M-2621,Primary/Other,Yes,Unclear,Yes,Unclear,Yes,No,,No,1,12,B2_Potentially_Relevant,Check abstract/full text if strategically useful,Low,Multimodal,stock prediction,,deep learning,,Advancing sustainable investing: A deep learning model for multi-source stock prediction,,,Unclear,Unclear,Unclear,Unclear,Unclear,Unclear,Unclear,Unclear,Yes,Unclear,Unclear,Unclear,Unclear,Unclear,Unclear,Unclear,Unclear,Unclear,,,,,,,,,multi-source,,,,,,,,,
doi:10.1016/j.resourpol.2024.105205,"How do seasonal, significant events, and policies affect China's REE export prices? Based on deep learning perspective",Qing Guo and Zishan Mai,2024,Resources Policy,10.1016/j.resourpol.2024.105205,"This paper aims to accurately predict China's rare earth export prices and reveal the impact of variables such as seasonality, significant events, finance, and supply and demand on rare earth price volatility. Daily datasets of light and heavy rare earths from 2011 to 2023 were used, and the Tree-structured Parzen Estimator-Temporal Fusion Transformer model was employed to predict rare earth prices. Complete Ensemble Empirical Mode Decomposition with Adaptive Noise and partial dependence plots were used to reveal the factors affecting price volatility. The following conclusions were drawn: (1) The Tree-structured Parzen Estimator-Temporal Fusion Transformer deep learning model can provide more accurate rare earth price prediction information; (2) Light rare earth prices are more susceptible to cyclical influences, while heavy rare earth prices are more affected by significant events. The outbreak of COVID-19 has had a long-term impact on both light and heavy rare earth prices; (3) The fluctuations in heavy rare earth prices are mainly influenced by financial factors, while the fluctuations in light rare earth prices are influenced by multiple factors such as finance, supply and demand, and macroeconomics; (4) An increase in resource tax rates may lead to a decrease in rare earth prices, while an increase in restrictions on rare earth mining may lead to an increase in rare earth prices.","Rare earths, Prices, TFT model, Prediction, Influential factors",Article,No,Yes,No,SD01; SD02; SD04; SD05,M-1398,Primary/Other,Unclear,Price,Yes,Yes,No,No,,No,2,12,B2_Potentially_Relevant,Check abstract/full text if strategically useful,Low,Fusion; Transformer_Attention,,price prediction,deep learning; transformer,datasets,,,,Unclear,Unclear,Unclear,Unclear,Unclear,Unclear,Unclear,Unclear,Unclear,Yes,Yes,Unclear,Unclear,Unclear,Unclear,Unclear,Unclear,Unclear,,,,,,,,,,fusion,temporal fusion transformer; transformer,,,,,,,
doi:10.1002/moda.70024,Cotton Yield Prediction Model Based on Hyperspectral Feature Fusion and Machine Learning,Li L.; Wang X.; Yang Y.; Guo L.; Li F.,2025,Modern Agriculture,10.1002/moda.70024,"Cotton, as a globally significant economic crop, necessitates accurate yield prediction for field management and market regulation. This study aims to enhance the precision of cotton yield prediction by integrating hyperspectral feature fusion techniques with machine learning modelling approaches. A method widely used in finance and stock markets (MF-DFA) is introduced into the agricultural sector to extract multifractal features from cotton canopy spectra. These features are fused with other spectral characteristics, and machine learning algorithms are employed to construct yield prediction models. The results indicate that (1) building prediction models based on fused features effectively improves the accuracy and stability of cotton yield predictions, outperforming models based on single features; (2) the fusion of Vegetation Index (VI) and Fractal Parameters (FP) features yields the best prediction results during the flower and boll period, with R2 values of 0.6681 and 0.7009 for two consecutive years, respectively; (3) the Random Forest modelling approach exhibits higher prediction accuracy, and feature fusion parameters such as VI&FP and VI&FP&TR also perform well when applied to other model methods, demonstrating excellent generalisation capabilities. In conclusion, the prediction model based on hyperspectral feature fusion and machine learning provides a new and effective approach for cotton yield prediction. © 2025 The Author(s). Modern Agriculture published by Wiley-VCH GmbH.",cotton; feature fusion; hyperspectral; multifractal; prediction model; yield,Article,Yes,No,No,SC01,M-0052,Primary/Other,Yes,Unclear,Yes,Yes,No,No,,No,1,11,B2_Potentially_Relevant,Check abstract/full text if strategically useful,Low,Fusion,stock markets,,machine learning; random forest,accuracy; precision; r2,,,,Unclear,Unclear,Unclear,Unclear,Unclear,Unclear,Unclear,Unclear,Unclear,Yes,Unclear,Unclear,Unclear,Unclear,Unclear,Unclear,Unclear,Unclear,,,,,,,,,,feature fusion; fusion,,,,,,,,
doi:10.3390/electronics13193895,Reinforcement Learning-Based Multimodal Model for the Stock Investment Portfolio Management Task,Du S.; Shen H.,2024,Electronics (Switzerland),10.3390/electronics13193895,"Machine learning has been applied by more and more scholars in the field of quantitative investment, but traditional machine learning methods cannot provide high returns and strong stability at the same time. In this paper, a multimodal model based on reinforcement learning (RL) is constructed for the stock investment portfolio management task. Most of the previous methods based on RL have chosen the value-based RL methods. Policy gradient-based RL methods have been proven to be superior to value-based RL methods by a growing number of research. Commonly used policy gradient-based reinforcement learning methods are DDPG, TD3, SAC, and PPO. We conducted comparative experiments to select the most suitable method for the dataset in this paper. The final choice was DDPG. Furthermore, there will rarely be a way to refine the raw data before training the agent. The stock market has a large amount of data, and the data are complex. If the raw stock market data are fed directly to the agent, the agent cannot learn the information in the data efficiently and quickly. We use state representation learning (SRL) to process the raw stock data and then feed the processed data to the agent. It is not enough to train the agent using only stock data; we also added comment text data and image data. The comment text data comes from investors’ comments on stock bars. Image data are derived from pictures that can represent the overall direction of the market. We conducted experiments on three datasets and compared our proposed model with 11 other methods. We set up three evaluation indicators in the paper. Taken together, our proposed model works best. © 2024 by the authors.",multimodal; reinforcement learning; sentiment analysis; state representation learning; stock prediction,Article,Yes,No,No,SC01; SC02,M-2380,Primary/Other,Yes,Unclear,Yes,Yes,No,Yes,,No,2,11,B2_Potentially_Relevant,Check abstract/full text if strategically useful,Low,Sentiment; Multimodal,stock market; stock prediction,,machine learning,comparative; dataset; datasets; evaluation; experiments; training,,sentiment analysis,,Yes,Unclear,Unclear,Unclear,Unclear,Yes,Unclear,Unclear,Yes,Unclear,Unclear,Unclear,Unclear,Unclear,Unclear,Unclear,Unclear,Unclear,market data,,,,,sentiment,,,multimodal,,,,,,,,,
doi:10.3390/ijfs13030155,A Fusion of Statistical and Machine Learning Methods: GARCH-XGBoost for Improved Volatility Modelling of the JSE Top40 Index,Maingo I.; Ravele T.; Sigauke C.,2025,International Journal of Financial Studies,10.3390/ijfs13030155,"Volatility modelling is a key feature of financial risk management, portfolio optimisation, and forecasting, particularly for market indices such as the JSE Top40 Index, which serves as a benchmark for the South African stock market. This study investigates volatility modelling of the JSE Top40 Index log-returns from 2011 to 2025 using a hybrid approach that integrates statistical and machine learning techniques through a two-step approach. The ARMA(3,2) model was chosen as the optimal mean model, using the auto.arima() function from the forecast package in R (version 4.4.0). Several alternative variants of GARCH models, including sGARCH(1,1), GJR-GARCH(1,1), and EGARCH(1,1), were fitted under various conditional error distributions (i.e., STD, SSTD, GED, SGED, and GHD). The choice of the model was based on AIC, BIC, HQIC, and LL evaluation criteria, and ARMA(3,2)-EGARCH(1,1) was the best model according to the lowest evaluation criteria. Residual diagnostic results indicated that the model adequately captured autocorrelation, conditional heteroskedasticity, and asymmetry in JSE Top40 log-returns. Volatility persistence was also detected, confirming the persistence attributes of financial volatility. Thereafter, the ARMA(3,2)-EGARCH(1,1) model was coupled with XGBoost using standardised residuals extracted from ARMA(3,2)-EGARCH(1,1) as lagged features. The data was split into training (60%), testing (20%), and calibration (20%) sets. Based on the lowest values of forecast accuracy measures (i.e., MASE, RMSE, MAE, MAPE, and sMAPE), along with prediction intervals and their evaluation metrics (i.e., PICP, PINAW, PICAW, and PINAD), the hybrid model captured residual nonlinearities left by the standalone ARMA(3,2)-EGARCH(1,1) and demonstrated improved forecasting accuracy. The hybrid ARMA(3,2)-EGARCH(1,1)-XGBoost model outperforms the standalone ARMA(3,2)-EGARCH(1,1) model across all forecast accuracy measures. This highlights the robustness and suitability of the hybrid ARMA(3,2)-EGARCH(1,1)-XGBoost model for financial risk management in emerging markets and signifies the strengths of integrating statistical and machine learning methods in financial time series modelling. © 2025 by the authors.","ARMA(3,2); EGARCH(1,1); forecasting, hybrid model; JSE Top40 index; machine learning; risk management; time series; volatility modelling; XGBoost",Article,Yes,No,No,SC01,M-2419,Primary/Other,Yes,Unclear,Yes,Yes,Yes,Yes,,No,1,10,B2_Potentially_Relevant,Check abstract/full text if strategically useful,Low,Fusion,market indices; stock market,,hybrid model; machine learning; xgboost,accuracy; benchmark; evaluation; mae; mape; outperforms; rmse; testing; training,"Volatility modelling is a key feature of financial risk management, portfolio optimisation, and forecasting, particularly for market indices such as the JSE Top40 Index, which serves as a benchmark for the South African stock market.",portfolio optimisation,,Yes,Unclear,Unclear,Unclear,Unclear,Unclear,Unclear,Unclear,Unclear,Yes,Unclear,Unclear,Unclear,Unclear,Unclear,Unclear,Unclear,Unclear,time series,,,,,,,,,fusion,,,,,,,,
doi:10.1007/s00521-025-11468-z,A GARCH-temporal fusion transformer model for the volatility prediction of exchange traded funds,Petrosino L.; Bacco L.; Salvati G.; Merone M.; Papi M.,2025,Neural Computing and Applications,10.1007/s00521-025-11468-z,"Forecasting the volatility of financial assets—defined as the degree of their price variation over time—is a trending topic in financial research. Enhancing prediction accuracy is crucial in this field, as an asset’s volatility is widely used to assess the risk associated with its returns. In this context, we introduce a novel hybrid model that integrates traditional econometric techniques, specifically GARCH models, with the Temporal Fusion Transformer (TFT), a cutting-edge deep learning architecture. We designed such a model for analyzing Exchange Traded Funds (ETFs) composed of assets from the S&P 500, a benchmark index tracking 500 large US companies therefore reflecting the overall health and trends of the stock market, across various sectors. Utilizing volatility proxies such as historical volatility (HV) and the Garman–Klass (GK) method, our study demonstrates that the hybrid GARCH-TFT model significantly outperforms alternative models in forecasting the GK proxy and achieves performance comparable to the stand-alone TFT model for HV, underscoring the potential of merging machine learning approaches with traditional econometric methods to enhance predictive precision in volatile financial markets. © The Author(s), under exclusive licence to Springer-Verlag London Ltd., part of Springer Nature 2025.",Deep learning; Econometrics; ETF forecasting; Exchange traded funds; GARCH; Temporal fusion transformer; Volatility; Commerce; Economic analysis; Electronic trading; Financial markets; Forecasting; Learning systems; Statistics; Deep learning; Econometric; Exchange traded fund forecasting; Exchange-traded funds; Financial assets; GARCH; Temporal fusion transformer; Transformer modeling; Volatility; Deep learning,Article,Yes,No,No,SC01,M-0087,Primary/Other,Yes,Unclear,Yes,Yes,No,Yes,,No,2,9,B2_Potentially_Relevant,Check abstract/full text if strategically useful,Low,Fusion; Transformer_Attention,s&p 500; stock market,,deep learning; hybrid model; machine learning; transformer,accuracy; benchmark; outperforms; precision,,volatility prediction,,Unclear,Unclear,Unclear,Unclear,Unclear,Unclear,Unclear,Unclear,Unclear,Yes,Yes,Unclear,Unclear,Unclear,Unclear,Unclear,Unclear,Unclear,,,,,,,,,,fusion,temporal fusion transformer; transformer,,,,,,,
doi:10.1016/j.jeconom.2024.105921,Mind your language: Market responses to central bank speeches,Ahrens M.; Erdemlioglu D.; McMahon M.; Neely C.J.; Yang X.,2025,Journal of Econometrics,10.1016/j.jeconom.2024.105921,"Central bank communication between meetings often moves markets, but researchers have traditionally paid less attention to it. Using a dataset of U.S. Federal Reserve speeches, we develop supervised multimodal natural language processing methods to identify how monetary policy news affect bond and stock market volatility and tail risk through implied changes in forecasts of GDP, inflation, and unemployment. We find that forecast revisions derived from FOMC-member speech can help explain volatility and tail risk in both equity and bond markets. Speeches from Chairs tend to produce larger forecast revisions and unconditionally raise volatility and tail risk, but their economic signals can calm markets (reduce volatility and tail risk). There is some evidence that a speaker's monetary policy views may affect the impact of implied forecast revisions after conditioning on GDP growth. © 2024 The Author(s)",Central bank communication; High-frequency data; Multimodal machine learning; Natural language processing; Speech analysis; Tail risk; Volatility; Financial markets; Risk assessment; Central bank; Central bank communication; High frequency data; Language processing; Machine-learning; Multi-modal; Multimodal machine learning; Natural language processing; Natural languages; Tail risk; Volatility; Inflation,Article,Yes,No,No,SC01,M-1088,Primary/Other,Yes,Unclear,Yes,Yes,No,Yes,,No,1,9,B2_Potentially_Relevant,Check abstract/full text if strategically useful,Low,Multimodal,stock market,,attention; machine learning,dataset,,stock market volatility,,Unclear,Unclear,Unclear,Unclear,Unclear,Unclear,Unclear,Unclear,Yes,Unclear,Unclear,Unclear,Unclear,Unclear,Unclear,Unclear,Unclear,Unclear,,,,,,,,,multi-modal; multimodal,,,,,,,,,
doi:10.3934/qfe.2024014,Machine learning-based analysis of volatility quantitative investment strategies for American financial stocks,Yan K.; Li Y.,2024,Quantitative Finance and Economics,10.3934/qfe.2024014,"Volatility, a pivotal factor in the financial stock market, encapsulates the dynamic nature of asset prices and reflects both instability and risk. A volatility quantitative investment strategy is a methodology that utilizes information about volatility to guide investors in trading and profit-making. With the goal of enhancing the effectiveness and robustness of investment strategies, our methodology involved three prominent time series models with six machine learning models: K-nearest neighbors, AdaBoost, CatBoost, LightGBM, XGBoost, and random forest, which meticulously captured the intricate patterns within historical volatility data. These models synergistically combined to create eighteen novel fusion models to predict volatility with precision. By integrating the forecasting results with quantitative investing principles, we constructed a new strategy that achieved better returns in twelve selected American financial stocks. For investors navigating the real stock market, our findings serve as a valuable reference, potentially securing an average annualized return of approximately 5 to 10% for the American financial stocks under scrutiny in our research. © 2024 the Author(s), licensee AIMS Press.",machine learning; quantitative investment; time series; volatility prediction,Article,Yes,No,No,SC01,M-2575,Primary/Other,Yes,Unclear,Yes,Yes,No,Yes,,No,1,8,B2_Potentially_Relevant,Check abstract/full text if strategically useful,Low,Fusion,stock market,,catboost; lightgbm; machine learning; random forest; xgboost,precision,,predict volatility; volatility prediction,,Yes,Unclear,Unclear,Unclear,Unclear,Unclear,Unclear,Unclear,Unclear,Yes,Unclear,Unclear,Unclear,Unclear,Unclear,Unclear,Unclear,Unclear,time series,,,,,,,,,fusion,,,,,,,,
