Date,Adj Close,Close,Dividends,High,Low,Open,Stock Splits,Volume
2016-01-01,803.201171875,878.75,0.0,885.5999755859375,876.9000244140625,882.0,0.0,294006
2016-01-04,805.0750122070312,880.7999877929688,0.0,892.4500122070312,871.7000122070312,876.2000122070312,0.0,709103
2016-01-05,823.218505859375,900.6500244140625,0.0,905.0,881.2999877929688,881.2999877929688,0.0,1372748
2016-01-06,810.1934814453125,886.4000244140625,0.0,911.9000244140625,884.0,904.5,0.0,1716479
2016-01-07,797.3515625,872.3499755859375,0.0,891.5499877929688,869.0,883.0,0.0,990333
2016-01-08,799.4080200195312,874.5999755859375,0.0,881.9500122070312,866.5999755859375,879.0,0.0,886022
2016-01-11,798.7224731445312,873.8499755859375,0.0,884.0,861.5999755859375,870.0,0.0,801102
2016-01-12,797.8543090820312,872.9000244140625,0.0,885.5,870.2000122070312,882.0,0.0,998419
2016-01-13,793.87841796875,868.5499877929688,0.0,883.5,850.0499877929688,879.9500122070312,0.0,901426
2016-01-14,812.9358520507812,889.4000244140625,0.0,897.0,851.0999755859375,863.5,0.0,2296682
2016-01-15,803.6582641601562,879.25,0.0,894.9500122070312,874.2999877929688,893.0,0.0,1301590
2016-01-18,777.1970825195312,850.2999877929688,0.0,893.0,841.6500244140625,890.0,0.0,2335330
2016-01-19,772.8555908203125,845.5499877929688,0.0,868.4000244140625,826.0,867.9000244140625,0.0,2443365
2016-01-20,768.1024780273438,840.3499755859375,0.0,856.0,830.0,834.0,0.0,2247202
2016-01-21,771.8502197265625,844.4500122070312,0.0,856.0,841.0,850.0,0.0,1138753
2016-01-22,795.1578369140625,869.9500122070312,0.0,873.4000244140625,849.2000122070312,853.0,0.0,1774017
2016-01-25,803.0641479492188,878.5999755859375,0.0,882.0,868.1500244140625,870.0,0.0,1794107
2016-01-27,784.7379760742188,858.5499877929688,0.0,881.7999877929688,855.1500244140625,880.0,0.0,969509
2016-01-28,785.1035766601562,858.9500122070312,0.0,865.0,852.1500244140625,854.0,0.0,1392051
2016-01-29,795.1121826171875,869.9000244140625,0.0,875.0,859.0,864.0,0.0,1320575
2016-02-01,811.1075439453125,887.4000244140625,0.0,890.0,871.2999877929688,874.2000122070312,0.0,786217
2016-02-02,806.6287841796875,882.5,0.0,894.75,878.0,889.9000244140625,0.0,920875
2016-02-03,789.4451904296875,863.7000122070312,0.0,883.9500122070312,859.0499877929688,876.2000122070312,0.0,540771
2016-02-04,812.8899536132812,889.3499755859375,0.0,895.9500122070312,865.0,865.0,0.0,1658831
2016-02-05,821.9387817382812,899.25,0.0,903.4500122070312,886.4000244140625,889.0,0.0,1739178
2016-02-08,812.2044677734375,888.5999755859375,0.0,907.5,886.0,903.0,0.0,783143
2016-02-09,808.1826171875,884.2000122070312,0.0,894.2999877929688,878.5,884.9000244140625,0.0,636386
2016-02-10,801.1904296875,876.5499877929688,0.0,889.0,866.5,888.5,0.0,707101
2016-02-11,782.1328735351562,855.7000122070312,0.0,874.75,852.0,874.75,0.0,1004015
2016-02-12,781.40185546875,854.9000244140625,0.0,873.25,846.5,860.0,0.0,1089266
2016-02-15,784.8751831054688,858.7000122070312,0.0,872.2000122070312,853.0,866.0,0.0,703958
2016-02-16,768.0568237304688,840.2999877929688,0.0,860.1500244140625,836.0999755859375,855.0499877929688,0.0,985215
2016-02-17,782.4071655273438,856.0,0.0,858.9500122070312,827.0999755859375,844.0,0.0,1171983
2016-02-18,763.4410400390625,835.25,0.0,863.7999877929688,830.5999755859375,862.0,0.0,997874
2016-02-19,781.21875,854.7000122070312,0.0,856.9000244140625,829.0,834.9500122070312,0.0,799360
2016-02-22,795.9803466796875,870.8499755859375,0.0,873.2000122070312,854.0,856.0,0.0,609601
2016-02-23,801.693359375,877.0999755859375,0.0,879.9000244140625,866.1500244140625,871.0,0.0,1438921
2016-02-24,805.9888916015625,881.7999877929688,0.0,885.75,875.0,879.0,0.0,1289097
2016-02-25,787.6171264648438,861.7000122070312,0.0,884.9000244140625,858.7000122070312,880.5,0.0,1326303
2016-02-26,788.3941040039062,862.5499877929688,0.0,874.0,854.2000122070312,868.0,0.0,536753
2016-02-29,773.3583374023438,846.0999755859375,0.0,868.9500122070312,841.5999755859375,864.0999755859375,0.0,890886
2016-03-01,796.9859008789062,871.9500122070312,0.0,874.6500244140625,850.0,852.5999755859375,0.0,1161059
2016-03-02,796.8944702148438,871.8499755859375,0.0,880.9500122070312,866.5,876.0,0.0,808137
2016-03-03,804.5723266601562,880.25,0.0,896.5,871.75,874.4000244140625,0.0,1061326
2016-03-04,791.3646240234375,865.7999877929688,0.0,890.0999755859375,858.4000244140625,886.5999755859375,0.0,1039977
2016-03-08,800.4134521484375,875.7000122070312,0.0,881.7999877929688,858.0499877929688,867.9000244140625,0.0,1174011
2016-03-09,800.8704833984375,876.2000122070312,0.0,888.7999877929688,869.8499755859375,876.0,0.0,1401934
2016-03-10,817.8258056640625,894.75,0.0,896.0,870.0,870.0,0.0,810951
2016-03-11,821.1162719726562,898.3499755859375,0.0,903.7000122070312,891.5499877929688,900.0,0.0,1043602
2016-03-14,822.0302734375,899.3499755859375,0.0,903.2000122070312,888.5999755859375,898.0,0.0,788258
2016-03-15,808.54833984375,884.5999755859375,0.0,906.5,876.1500244140625,903.0,0.0,954046
2016-03-16,790.5419921875,864.9000244140625,0.0,882.0,862.0999755859375,880.2999877929688,0.0,1456263
2016-03-17,797.5343017578125,872.5499877929688,0.0,876.0,865.0999755859375,870.0,0.0,965277
2016-03-18,800.0936889648438,875.3499755859375,0.0,877.9000244140625,859.9500122070312,871.0,0.0,1072444
2016-03-21,785.7435302734375,859.6500244140625,0.0,875.0,852.4000244140625,873.25,0.0,1484160
2016-03-22,779.9850463867188,853.3499755859375,0.0,860.0,846.0499877929688,860.0,0.0,1746522
2016-03-23,776.923095703125,850.0,0.0,856.9000244140625,846.25,853.3499755859375,0.0,917099
2016-03-28,772.7183837890625,845.4000244140625,0.0,857.4500122070312,842.7000122070312,850.0,0.0,1722071
2016-03-29,782.4985961914062,856.0999755859375,0.0,860.0,845.0,847.4000244140625,0.0,1101097
2016-03-30,806.0347900390625,881.8499755859375,0.0,885.0,861.8499755859375,864.0,0.0,1470782
2016-03-31,793.7411499023438,868.4000244140625,0.0,884.25,865.0999755859375,880.5,0.0,1682214
2016-04-01,795.20361328125,870.0,0.0,883.9500122070312,865.0,871.0,0.0,853331
2016-04-04,809.9651489257812,886.1500244140625,0.0,888.5,865.25,874.0,0.0,662760
2016-04-05,795.06640625,869.8499755859375,0.0,885.4000244140625,862.0,885.4000244140625,0.0,762479
2016-04-06,789.0797119140625,863.2999877929688,0.0,875.0,860.6500244140625,869.7000122070312,0.0,451307
2016-04-07,784.4636840820312,858.25,0.0,869.0,855.0499877929688,864.0,0.0,449770
2016-04-08,778.3396606445312,851.5499877929688,0.0,861.4500122070312,849.5999755859375,860.0,0.0,448087
2016-04-11,786.0630493164062,860.0,0.0,861.9000244140625,842.75,850.0,0.0,651373
2016-04-12,792.3700561523438,866.9000244140625,0.0,870.0,859.5,861.7999877929688,0.0,433486
2016-04-13,799.1796264648438,874.3499755859375,0.0,876.0,866.0,870.5,0.0,692424
2016-04-18,809.0967407226562,885.2000122070312,0.0,886.5499877929688,875.0,884.25,0.0,685762
2016-04-20,809.6452026367188,885.7999877929688,0.0,887.75,875.25,885.0,0.0,778272
2016-04-21,812.7072143554688,889.1500244140625,0.0,895.0,885.0999755859375,890.0,0.0,702226
2016-04-22,796.6201171875,871.5499877929688,0.0,893.7000122070312,869.4000244140625,885.7000122070312,0.0,692414
2016-04-25,787.6629028320312,861.75,0.0,870.4000244140625,856.0,870.4000244140625,0.0,587700
2016-04-26,801.5101928710938,876.9000244140625,0.0,880.0,859.0499877929688,864.2000122070312,0.0,694778
2016-04-27,813.3470458984375,889.8499755859375,0.0,891.0,871.0,875.7000122070312,0.0,553126
2016-04-28,798.036865234375,873.0999755859375,0.0,894.5,870.0,889.8499755859375,0.0,1013142
2016-04-29,791.7759399414062,866.25,0.0,876.0,861.6500244140625,873.0,0.0,955985
2016-05-02,790.4506225585938,864.7999877929688,0.0,867.5,860.6500244140625,864.0,0.0,199724
2016-05-03,797.0315551757812,872.0,0.0,886.9000244140625,865.4000244140625,869.5,0.0,1073196
2016-05-04,798.4940185546875,873.5999755859375,0.0,879.0,864.0,872.0,0.0,469904
2016-05-05,792.507080078125,867.0499877929688,0.0,875.4500122070312,862.4500122070312,874.0999755859375,0.0,402567
2016-05-06,812.6158447265625,889.0499877929688,0.0,890.0,861.5,863.9500122070312,0.0,1249025
2016-05-09,828.6569213867188,906.5999755859375,0.0,913.9000244140625,893.6500244140625,894.9500122070312,0.0,1355429
2016-05-10,821.1162719726562,898.3499755859375,0.0,908.25,893.4500122070312,904.9500122070312,0.0,1034271
2016-05-11,829.7994995117188,907.8499755859375,0.0,919.0,887.5,892.0,0.0,2228431
2016-05-12,848.9483642578125,928.7999877929688,0.0,933.9000244140625,917.2000122070312,920.0,0.0,2382775
2016-05-13,862.521728515625,943.6500244140625,0.0,948.0,927.5999755859375,928.75,0.0,2285317
2016-05-16,870.7478637695312,952.6500244140625,0.0,957.7999877929688,945.0,948.9500122070312,0.0,1913343
2016-05-17,886.286376953125,969.6500244140625,0.0,972.0,947.75,953.5,0.0,1770437
2016-05-18,880.4364624023438,963.25,0.0,971.0,952.4500122070312,969.0,0.0,1273835
2016-05-19,874.5410766601562,956.7999877929688,0.0,968.8499755859375,952.0499877929688,968.8499755859375,0.0,1251713
2016-05-20,873.809814453125,956.0,0.0,963.0,950.75,956.0,0.0,972841
2016-05-23,865.2181396484375,946.5999755859375,0.0,960.0,943.6500244140625,959.9000244140625,0.0,726047
2016-05-24,874.0384521484375,956.25,0.0,962.4000244140625,941.7000122070312,952.4000244140625,0.0,490332
2016-05-25,897.8031616210938,982.25,0.0,985.0,962.7999877929688,963.1500244140625,0.0,815313
2016-05-26,906.5777587890625,991.8499755859375,0.0,999.5,973.4500122070312,988.5499877929688,0.0,1410903
2016-05-27,912.4276733398438,998.25,0.0,1001.7999877929688,986.4500122070312,991.9000244140625,0.0,1105534
2016-05-30,900.2254028320312,984.9000244140625,0.0,1004.25,978.4500122070312,994.0,0.0,1487177
2016-05-31,900.1795654296875,984.8499755859375,0.0,995.5,980.7000122070312,988.0,0.0,1151373
2016-06-01,933.8615112304688,1021.7000122070312,0.0,1025.0,989.0499877929688,989.0499877929688,0.0,2068760
2016-06-02,936.0094604492188,1024.050048828125,0.0,1029.0,996.5499877929688,1007.0,0.0,2420319
2016-06-03,937.152099609375,1025.300048828125,0.0,1032.0999755859375,1013.5,1023.5,0.0,2045789
2016-06-06,938.0661010742188,1026.300048828125,0.0,1032.3499755859375,1016.5999755859375,1017.0999755859375,0.0,1574228
2016-06-07,943.9614868164062,1032.75,0.0,1037.449951171875,1024.5999755859375,1025.3499755859375,0.0,755934
2016-06-08,930.5253295898438,1018.0499877929688,0.0,1029.0,1011.25,1029.0,0.0,933533
2016-06-09,912.9301147460938,998.7999877929688,0.0,1019.0,995.7000122070312,1018.0,0.0,1024252
2016-06-10,906.7605590820312,992.0499877929688,0.0,999.0,989.5999755859375,994.9500122070312,0.0,1313970
2016-06-13,909.3655395507812,994.9000244140625,0.0,996.5,985.0999755859375,987.0,0.0,808571
2016-06-14,901.687744140625,986.5,0.0,999.0,978.5999755859375,995.0,0.0,699283
2016-06-15,912.564697265625,998.4000244140625,0.0,1002.0,986.0,986.0,0.0,731016
2016-06-16,924.923828125,1006.5499877929688,5.3,1009.0,986.2000122070312,993.75,0.0,740810
2016-06-17,918.5374145507812,999.5999755859375,0.0,1014.8499755859375,994.0,1010.0,0.0,365441
2016-06-20,911.0942993164062,991.5,0.0,997.0,986.25,994.9500122070312,0.0,627622
2016-06-21,902.4107666015625,982.0499877929688,0.0,991.0,977.2000122070312,990.0,0.0,712870
2016-06-22,905.53515625,985.4500122070312,0.0,989.4500122070312,978.5,980.0,0.0,507154
2016-06-23,904.2943725585938,984.0999755859375,0.0,990.0,980.2999877929688,986.0999755859375,0.0,678141
2016-06-24,909.3024291992188,989.5499877929688,0.0,993.0,963.5999755859375,974.0999755859375,0.0,777600
2016-06-27,895.2891235351562,974.2999877929688,0.0,992.9500122070312,970.25,970.25,0.0,662651
2016-06-28,900.7108154296875,980.2000122070312,0.0,985.0,975.3499755859375,981.0,0.0,822749
2016-06-29,913.5753784179688,994.2000122070312,0.0,999.2999877929688,978.25,978.25,0.0,711457
2016-06-30,921.9375610351562,1003.2999877929688,0.0,1009.0,996.0499877929688,1004.8499755859375,0.0,1039352
2016-07-01,921.2022705078125,1002.5,0.0,1011.0999755859375,995.4500122070312,1002.7999877929688,0.0,1314022
2016-07-04,919.272705078125,1000.4000244140625,0.0,1017.0499877929688,998.2000122070312,1008.0,0.0,884699
2016-07-05,905.21337890625,985.0999755859375,0.0,1004.8499755859375,983.3499755859375,1003.0,0.0,523870
2016-07-07,907.6026611328125,987.7000122070312,0.0,997.0,985.0,989.3499755859375,0.0,757053
2016-07-08,928.7373657226562,1010.7000122070312,0.0,1013.9000244140625,988.1500244140625,992.9000244140625,0.0,1200518
2016-07-11,943.5319213867188,1026.800048828125,0.0,1033.0,1017.8499755859375,1020.0,0.0,1082293
2016-07-12,937.6967163085938,1020.4500122070312,0.0,1037.9000244140625,1016.7999877929688,1028.800048828125,0.0,1259777
2016-07-13,927.6346435546875,1009.5,0.0,1029.0,1006.4500122070312,1029.0,0.0,1319911
2016-07-14,935.077880859375,1017.5999755859375,0.0,1025.5,1009.0,1010.2000122070312,0.0,754274
2016-07-15,942.7048950195312,1025.9000244140625,0.0,1031.5,1018.2000122070312,1018.2000122070312,0.0,671924
2016-07-18,945.0939331054688,1028.5,0.0,1044.9000244140625,1025.25,1027.0999755859375,0.0,721547
2016-07-19,947.115478515625,1030.699951171875,0.0,1037.5,1021.2000122070312,1031.0,0.0,541334
2016-07-20,945.1399536132812,1028.550048828125,0.0,1036.4000244140625,1020.0,1029.25,0.0,529012
2016-07-21,958.1422729492188,1042.699951171875,0.0,1048.0,1026.550048828125,1029.800048828125,0.0,706661
2016-07-22,962.1395263671875,1047.050048828125,0.0,1054.0,1042.050048828125,1047.8499755859375,0.0,502766
2016-07-25,983.8258666992188,1070.6500244140625,0.0,1074.4000244140625,1047.1500244140625,1049.300048828125,0.0,734354
2016-07-26,974.7285766601562,1060.75,0.0,1074.949951171875,1055.0,1072.0999755859375,0.0,562982
2016-07-27,975.693603515625,1061.800048828125,0.0,1073.800048828125,1052.199951171875,1069.9000244140625,0.0,765267
2016-07-28,1036.5250244140625,1128.0,0.0,1153.800048828125,1068.0,1074.0,0.0,5831636
2016-07-29,1023.7984619140625,1114.1500244140625,0.0,1137.699951171875,1102.25,1127.5,0.0,1152956
2016-08-01,1030.0008544921875,1120.9000244140625,0.0,1134.0,1115.050048828125,1119.5999755859375,0.0,864041
2016-08-02,1032.252197265625,1123.3499755859375,0.0,1142.5,1118.6500244140625,1129.699951171875,0.0,832931
2016-08-03,1050.6761474609375,1143.4000244140625,0.0,1147.1500244140625,1124.050048828125,1132.449951171875,0.0,1130691
2016-08-04,1035.8818359375,1127.300048828125,0.0,1154.5999755859375,1116.699951171875,1152.050048828125,0.0,1075876
2016-08-05,1050.6300048828125,1143.3499755859375,0.0,1145.300048828125,1128.75,1131.0,0.0,543090
2016-08-08,1055.2247314453125,1148.3499755859375,0.0,1153.0,1136.0,1153.0,0.0,407801
2016-08-09,1053.5245361328125,1146.5,0.0,1154.949951171875,1134.0,1153.5999755859375,0.0,541100
2016-08-10,1038.316650390625,1129.949951171875,0.0,1148.449951171875,1128.0999755859375,1142.0999755859375,0.0,788849
2016-08-11,1052.23828125,1145.0999755859375,0.0,1147.5,1118.5999755859375,1130.0,0.0,651399
2016-08-12,1045.2547607421875,1137.5,0.0,1161.25,1125.4000244140625,1143.0,0.0,795382
2016-08-16,1038.0413818359375,1129.6500244140625,0.0,1147.800048828125,1126.9000244140625,1135.5,0.0,921462
2016-08-17,1023.2467041015625,1113.550048828125,0.0,1127.699951171875,1108.1500244140625,1115.0,0.0,742834
2016-08-18,1017.5494995117188,1107.3499755859375,0.0,1119.75,1102.550048828125,1119.75,0.0,1263890
2016-08-19,1023.2007446289062,1113.5,0.0,1126.9000244140625,1101.3499755859375,1101.3499755859375,0.0,864966
2016-08-22,1023.5684204101562,1113.9000244140625,0.0,1121.0,1105.0,1121.0,0.0,827995
2016-08-23,1034.9168701171875,1126.25,0.0,1129.6500244140625,1108.1500244140625,1112.699951171875,0.0,684493
2016-08-24,1028.1168212890625,1118.8499755859375,0.0,1130.199951171875,1115.5999755859375,1130.0,0.0,417969
2016-08-25,1016.2171630859375,1105.9000244140625,0.0,1126.5,1102.800048828125,1120.0999755859375,0.0,554850
2016-08-26,1032.2061767578125,1123.300048828125,0.0,1127.550048828125,1091.050048828125,1106.25,0.0,869672
2016-08-29,1021.6845703125,1111.8499755859375,0.0,1124.6500244140625,1104.1500244140625,1123.300048828125,0.0,452947
2016-08-30,1053.248779296875,1146.199951171875,0.0,1148.0,1110.0,1115.0,0.0,674826
2016-08-31,1064.000244140625,1157.9000244140625,0.0,1173.9000244140625,1149.0,1157.0,0.0,1668417
2016-09-01,1063.127197265625,1156.949951171875,0.0,1164.050048828125,1142.0,1159.8499755859375,0.0,621894
2016-09-02,1072.867431640625,1167.550048828125,0.0,1172.0,1151.300048828125,1158.949951171875,0.0,710106
2016-09-06,1106.4996337890625,1204.1500244140625,0.0,1213.9000244140625,1170.5999755859375,1175.0,0.0,1131704
2016-09-07,1081.73486328125,1177.199951171875,0.0,1209.0,1170.699951171875,1208.0,0.0,1092266
2016-09-08,1086.697021484375,1182.5999755859375,0.0,1190.0,1171.0,1179.0,0.0,888245
2016-09-09,1076.7271728515625,1171.75,0.0,1181.9000244140625,1168.0,1181.9000244140625,0.0,575102
2016-09-12,1060.9678955078125,1154.5999755859375,0.0,1163.0,1137.0,1156.3499755859375,0.0,465079
2016-09-14,1069.238037109375,1163.5999755859375,0.0,1178.949951171875,1150.0999755859375,1150.0999755859375,0.0,704633
2016-09-15,1078.38134765625,1173.550048828125,0.0,1175.5,1160.0,1170.0,0.0,616127
2016-09-16,1061.473388671875,1155.1500244140625,0.0,1181.25,1152.0,1173.5999755859375,0.0,1136226
2016-09-19,1069.238037109375,1163.5999755859375,0.0,1172.0,1157.199951171875,1157.199951171875,0.0,550698
2016-09-20,1070.5703125,1165.050048828125,0.0,1173.699951171875,1162.5999755859375,1164.0,0.0,966451
2016-09-21,1075.67041015625,1170.5999755859375,0.0,1176.0,1165.9000244140625,1165.9000244140625,0.0,615798
2016-09-22,1095.3345947265625,1192.0,0.0,1197.0,1175.0,1182.300048828125,0.0,913747
2016-09-23,1094.5997314453125,1191.199951171875,0.0,1203.5,1185.0,1201.0,0.0,668223
2016-09-26,1087.0648193359375,1183.0,0.0,1195.0,1174.9000244140625,1195.0,0.0,817715
2016-09-27,1095.84033203125,1192.550048828125,0.0,1203.0,1184.199951171875,1184.199951171875,0.0,532323
2016-09-28,1096.7130126953125,1193.5,0.0,1201.0,1188.0999755859375,1193.0,0.0,566690
2016-09-29,1072.6837158203125,1167.3499755859375,0.0,1203.3499755859375,1160.0,1194.3499755859375,0.0,1125599
2016-09-30,1066.572998046875,1160.699951171875,0.0,1179.949951171875,1156.0,1167.0,0.0,478253
2016-10-03,1096.2537841796875,1193.0,0.0,1199.0,1165.4000244140625,1170.0,0.0,747111
2016-10-04,1095.84033203125,1192.550048828125,0.0,1203.0,1179.4000244140625,1202.0,0.0,503642
2016-10-05,1110.7265625,1208.75,0.0,1224.0,1185.0,1188.0,0.0,1080751
2016-10-06,1111.4156494140625,1209.5,0.0,1222.4000244140625,1201.699951171875,1210.0999755859375,0.0,746006
2016-10-07,1088.5350341796875,1184.5999755859375,0.0,1210.0,1180.800048828125,1208.0,0.0,873434
2016-10-10,1114.3104248046875,1212.6500244140625,0.0,1219.0,1189.0,1189.0,0.0,570180
2016-10-13,1117.940185546875,1216.5999755859375,0.0,1227.300048828125,1208.8499755859375,1227.0,0.0,1391322
2016-10-14,1107.9698486328125,1205.75,0.0,1220.0,1202.25,1216.0999755859375,0.0,354200
2016-10-17,1086.421142578125,1182.300048828125,0.0,1208.4000244140625,1178.5,1208.0999755859375,0.0,365921
2016-10-18,1079.254150390625,1174.5,0.0,1193.3499755859375,1165.550048828125,1186.4000244140625,0.0,1339044
2016-10-19,1074.4757080078125,1169.300048828125,0.0,1184.1500244140625,1163.25,1180.0,0.0,1201677
2016-10-20,1071.2137451171875,1165.75,0.0,1177.0,1163.25,1175.0,0.0,448785
2016-10-21,1059.956787109375,1153.5,0.0,1172.9000244140625,1144.4000244140625,1172.9000244140625,0.0,948987
2016-10-24,1036.0654296875,1127.5,0.0,1162.0,1124.0999755859375,1161.1500244140625,0.0,1287073
2016-10-25,1047.32177734375,1139.75,0.0,1158.300048828125,1117.0999755859375,1131.949951171875,0.0,3014876
2016-10-26,1032.022216796875,1123.0999755859375,0.0,1157.0,1113.9000244140625,1153.300048828125,0.0,1323248
2016-10-27,997.4257202148438,1085.449951171875,0.0,1134.4000244140625,1081.0,1133.0,0.0,1764517
2016-10-28,983.1366577148438,1069.9000244140625,0.0,1096.949951171875,1066.050048828125,1081.0,0.0,1732990
2016-11-01,991.842041015625,1076.699951171875,2.65,1088.199951171875,1072.0,1077.0999755859375,0.0,983171
2016-11-02,978.9912719726562,1062.75,0.0,1083.3499755859375,1055.3499755859375,1067.9000244140625,0.0,872573
2016-11-03,955.4088745117188,1037.1500244140625,0.0,1075.0,1033.449951171875,1058.300048828125,0.0,1075107
2016-11-04,960.8438110351562,1043.050048828125,0.0,1054.800048828125,1035.0999755859375,1039.199951171875,0.0,976222
2016-11-07,955.5930786132812,1037.3499755859375,0.0,1059.5999755859375,1027.9000244140625,1048.0,0.0,829767
2016-11-08,973.6943969726562,1057.0,0.0,1060.0,1040.0,1044.75,0.0,780312
2016-11-09,968.1212158203125,1050.949951171875,0.0,1058.0999755859375,952.0,999.0,0.0,2005884
2016-11-10,931.5962524414062,1011.2999877929688,0.0,1060.0,1008.0,1056.0,0.0,1719037
2016-11-11,886.4581298828125,962.2999877929688,0.0,1004.9500122070312,958.0,1000.0,0.0,2665967
2016-11-15,820.5930786132812,890.7999877929688,0.0,970.9500122070312,869.0,970.9500122070312,0.0,5354021
2016-11-16,861.9544067382812,935.7000122070312,0.0,945.9000244140625,903.0,917.5,0.0,3032067
2016-11-17,846.0641479492188,918.4500122070312,0.0,947.1500244140625,917.0,946.0,0.0,1310176
2016-11-18,836.621826171875,908.2000122070312,0.0,928.9500122070312,899.8499755859375,925.9000244140625,0.0,1335202
2016-11-21,829.0679931640625,900.0,0.0,918.0,891.75,918.0,0.0,1639425
2016-11-22,836.2073364257812,907.75,0.0,912.9500122070312,895.0,908.0,0.0,1678288
2016-11-23,867.803955078125,942.0499877929688,0.0,946.4000244140625,912.0,915.9000244140625,0.0,2371811
2016-11-24,862.3229370117188,936.0999755859375,0.0,965.75,932.0499877929688,938.25,0.0,2908165
2016-11-25,870.9359741210938,945.4500122070312,0.0,953.2999877929688,938.7999877929688,943.9000244140625,0.0,1460489
2016-11-28,862.3229370117188,936.0999755859375,0.0,968.6500244140625,933.5,950.0,0.0,1335539
2016-11-29,883.0035400390625,958.5499877929688,0.0,967.0,935.2000122070312,940.4000244140625,0.0,2507536
2016-11-30,893.4591674804688,969.9000244140625,0.0,974.9000244140625,952.5499877929688,967.9500122070312,0.0,4460941
2016-12-01,865.1326293945312,939.1500244140625,0.0,968.0,936.0,967.0,0.0,1517103
2016-12-02,833.5358276367188,904.8499755859375,0.0,936.5,902.0,936.0,0.0,2139914
2016-12-05,863.7508544921875,937.6500244140625,0.0,941.5999755859375,895.25,910.0,0.0,1881935
2016-12-06,860.526611328125,934.1500244140625,0.0,944.7000122070312,924.1500244140625,940.9000244140625,0.0,889147
2016-12-07,858.7302856445312,932.2000122070312,0.0,948.5,928.2000122070312,936.0,0.0,809152
2016-12-08,862.3690185546875,936.1500244140625,0.0,947.5499877929688,929.7999877929688,941.9500122070312,0.0,1024529
2016-12-09,867.5277099609375,941.75,0.0,953.9500122070312,935.0499877929688,942.0,0.0,1600112
2016-12-12,838.5103149414062,910.25,0.0,937.1500244140625,909.0,931.2999877929688,0.0,1531811
2016-12-13,835.2860717773438,906.75,0.0,915.0,895.0,915.0,0.0,1572248
2016-12-14,842.287109375,914.3499755859375,0.0,923.2000122070312,908.0,908.0,0.0,944657
2016-12-15,831.8317260742188,903.0,0.0,916.75,901.7000122070312,909.6500244140625,0.0,958978
2016-12-16,828.9760131835938,899.9000244140625,0.0,911.9500122070312,898.0,911.9500122070312,0.0,1041676
2016-12-19,809.1702880859375,878.4000244140625,0.0,902.0,875.0999755859375,901.4000244140625,0.0,1905631
2016-12-20,797.471435546875,865.7000122070312,0.0,882.0,860.0499877929688,875.5,0.0,1811388
2016-12-21,797.3331298828125,865.5499877929688,0.0,876.5,861.5499877929688,867.2000122070312,0.0,1321988
2016-12-22,801.7088012695312,870.2999877929688,0.0,874.2999877929688,851.0999755859375,865.5499877929688,0.0,1472349
2016-12-23,805.1171875,874.0,0.0,885.0,861.5,875.0,0.0,1325637
2016-12-26,799.40576171875,867.7999877929688,0.0,885.0,860.0,874.0,0.0,1313467
2016-12-27,806.9595336914062,876.0,0.0,877.7999877929688,863.4000244140625,871.9000244140625,0.0,846898
2016-12-28,806.683349609375,875.7000122070312,0.0,890.0,869.5499877929688,876.0,0.0,1093720
2016-12-29,810.6903076171875,880.0499877929688,0.0,887.0,877.0,879.0,0.0,1203203
2016-12-30,820.823486328125,891.0499877929688,0.0,895.0,882.5,884.9500122070312,0.0,935476
2017-01-02,833.351806640625,904.6500244140625,0.0,907.5,882.25,893.0,0.0,1031421
2017-01-03,825.9360961914062,896.5999755859375,0.0,910.0,893.4500122070312,910.0,0.0,2068282
2017-01-04,835.1478271484375,906.5999755859375,0.0,914.5,897.0,901.9000244140625,0.0,1408241
2017-01-05,844.2676391601562,916.5,0.0,919.9000244140625,901.5,913.9000244140625,0.0,2569365
2017-01-06,856.2430419921875,929.5,0.0,932.5,914.5999755859375,918.0,0.0,1717545
2017-01-09,838.3719482421875,910.0999755859375,0.0,933.0499877929688,906.0,932.0,0.0,1356124
2017-01-10,850.8081665039062,923.5999755859375,0.0,929.0,907.9500122070312,915.0,0.0,1735052
2017-01-11,860.9873046875,934.6500244140625,0.0,940.5999755859375,921.5,926.5,0.0,1236472
2017-01-12,859.9737548828125,933.5499877929688,0.0,939.3499755859375,926.2999877929688,935.0,0.0,955700
2017-01-13,859.6975708007812,933.25,0.0,938.2000122070312,927.1500244140625,935.5499877929688,0.0,770385
2017-01-16,861.5399780273438,935.25,0.0,941.5499877929688,926.9000244140625,930.0,0.0,889759
2017-01-17,884.4774780273438,960.1500244140625,0.0,963.5,937.0,940.0,0.0,1742445
2017-01-18,887.4252319335938,963.3499755859375,0.0,972.4500122070312,960.0,960.1500244140625,0.0,1216887
2017-01-19,886.8264770507812,962.7000122070312,0.0,965.75,954.4000244140625,965.0999755859375,0.0,770727
2017-01-20,890.9718627929688,967.2000122070312,0.0,977.8499755859375,954.1500244140625,960.2999877929688,0.0,2190366
2017-01-23,888.6688842773438,964.7000122070312,0.0,973.5499877929688,957.75,967.4000244140625,0.0,1206139
2017-01-24,896.729248046875,973.4500122070312,0.0,979.8499755859375,953.5999755859375,963.5,0.0,1748158
2017-01-25,900.6443481445312,977.7000122070312,0.0,981.3499755859375,971.1500244140625,979.0,0.0,1128224
2017-01-27,893.1826782226562,969.5999755859375,0.0,989.5999755859375,964.0999755859375,979.7999877929688,0.0,1043635
2017-01-30,896.4990234375,973.2000122070312,0.0,979.0,963.0,969.0,0.0,572175
2017-01-31,894.1959228515625,970.7000122070312,0.0,977.5,964.0,972.7999877929688,0.0,603928
2017-02-01,912.8960571289062,991.0,0.0,1001.0499877929688,970.2000122070312,970.7000122070312,0.0,1241463
2017-02-02,911.0537109375,989.0,0.0,995.0,981.9500122070312,989.4500122070312,0.0,1365514
2017-02-03,908.1981811523438,985.9000244140625,0.0,993.9000244140625,981.0499877929688,990.0,0.0,465754
2017-02-06,914.27783203125,992.5,0.0,1004.9500122070312,985.5,990.0999755859375,0.0,744278
2017-02-07,920.5419921875,999.2999877929688,0.0,1003.9500122070312,990.2000122070312,992.0,0.0,577723
2017-02-08,919.0681762695312,997.7000122070312,0.0,1009.9000244140625,981.0,999.2999877929688,0.0,1192386
2017-02-09,923.8121948242188,1002.8499755859375,0.0,1005.0,991.0,999.0,0.0,493191
2017-02-10,914.7843627929688,993.0499877929688,0.0,1009.0,990.5,1005.9000244140625,0.0,479738
2017-02-13,907.1387329101562,984.75,0.0,1000.0,981.5,995.0,0.0,643641
2017-02-14,903.5,980.7999877929688,0.0,988.0499877929688,970.0,988.0,0.0,604108
2017-02-15,904.3290405273438,981.7000122070312,0.0,986.9500122070312,976.0,981.2000122070312,0.0,600970
2017-02-16,893.4591674804688,969.9000244140625,0.0,989.5499877929688,967.75,985.0,0.0,932357
2017-02-17,885.076171875,960.7999877929688,0.0,973.4000244140625,955.5999755859375,973.0,0.0,1142332
2017-02-20,898.8480834960938,975.75,0.0,979.9500122070312,953.8499755859375,961.0,0.0,1092302
2017-02-21,913.3566284179688,991.5,0.0,993.9500122070312,976.2999877929688,977.7000122070312,0.0,885074
2017-02-22,939.8869018554688,1020.2999877929688,0.0,1025.75,993.9000244140625,995.0999755859375,0.0,2809160
2017-02-23,929.4774169921875,1009.0,0.0,1030.0,1005.3499755859375,1030.0,0.0,1580357
2017-02-27,922.9830322265625,1001.9500122070312,0.0,1018.5499877929688,999.0,1010.0,0.0,738246
2017-02-28,943.4793701171875,1024.199951171875,0.0,1026.800048828125,998.1500244140625,1003.0999755859375,0.0,1368244
2017-03-01,951.355712890625,1032.75,0.0,1040.0,1026.050048828125,1030.0,0.0,1124115
2017-03-02,947.6708984375,1028.75,0.0,1044.75,1026.4000244140625,1037.9000244140625,0.0,1037442
2017-03-03,933.80712890625,1013.7000122070312,0.0,1027.050048828125,1006.0,1027.050048828125,0.0,596208
2017-03-06,948.2696533203125,1029.4000244140625,0.0,1033.800048828125,1016.0,1020.0,0.0,559268
2017-03-07,943.249267578125,1023.9500122070312,0.0,1032.5999755859375,1020.5,1030.550048828125,0.0,429279
2017-03-08,941.9594116210938,1022.5499877929688,0.0,1034.75,1015.0,1024.0,0.0,1164247
2017-03-09,949.8355712890625,1031.0999755859375,0.0,1040.800048828125,1025.0,1028.5,0.0,827512
2017-03-10,949.052734375,1030.25,0.0,1037.199951171875,1024.0999755859375,1024.0999755859375,0.0,579487
2017-03-14,986.9594116210938,1071.4000244140625,0.0,1077.800048828125,1040.5999755859375,1049.800048828125,0.0,1640301
2017-03-15,980.1889038085938,1064.050048828125,0.0,1075.5,1061.0999755859375,1068.0,0.0,619852
2017-03-16,1001.836669921875,1087.550048828125,0.0,1089.5,1068.25,1071.25,0.0,1382416
2017-03-17,994.3748168945312,1079.449951171875,0.0,1092.199951171875,1075.0,1090.25,0.0,782439
2017-03-20,994.6052856445312,1079.699951171875,0.0,1083.0,1067.1500244140625,1081.800048828125,0.0,423077
2017-03-21,984.4723510742188,1068.699951171875,0.0,1084.949951171875,1063.449951171875,1081.949951171875,0.0,1431610
2017-03-22,974.4772338867188,1057.8499755859375,0.0,1064.1500244140625,1048.550048828125,1058.0,0.0,661176
2017-03-23,977.9317626953125,1061.5999755859375,0.0,1070.0,1054.0,1060.0,0.0,466635
2017-03-24,980.3731079101562,1064.25,0.0,1073.0,1061.050048828125,1062.800048828125,0.0,435183
2017-03-27,960.7059326171875,1042.9000244140625,0.0,1068.0,1039.949951171875,1068.0,0.0,833514
2017-03-28,974.4772338867188,1057.8499755859375,0.0,1061.949951171875,1045.0,1045.0,0.0,452398
2017-03-29,983.9195556640625,1068.0999755859375,0.0,1079.0,1057.8499755859375,1062.0,0.0,1345902
2017-03-30,985.7621459960938,1070.0999755859375,0.0,1074.699951171875,1062.0,1068.0999755859375,0.0,1171200
2017-03-31,988.8941650390625,1073.5,0.0,1079.5,1065.0,1070.0,0.0,937954
2017-04-03,1003.9553833007812,1089.8499755859375,0.0,1098.449951171875,1068.5,1074.699951171875,0.0,790370
2017-04-05,997.2306518554688,1082.550048828125,0.0,1094.6500244140625,1068.800048828125,1094.0,0.0,927397
2017-04-06,1001.2379150390625,1086.9000244140625,0.0,1089.0,1071.5,1078.4000244140625,0.0,690411
2017-04-07,997.5990600585938,1082.949951171875,0.0,1089.9000244140625,1073.0999755859375,1077.0,0.0,837821
2017-04-10,975.7211303710938,1059.199951171875,0.0,1080.449951171875,1057.050048828125,1078.4000244140625,0.0,757492
2017-04-11,987.9730834960938,1072.5,0.0,1076.75,1056.550048828125,1063.699951171875,0.0,731062
2017-04-12,986.0843505859375,1070.449951171875,0.0,1081.9000244140625,1063.0999755859375,1075.5,0.0,719256
2017-04-13,993.3157958984375,1078.300048828125,0.0,1081.4000244140625,1066.1500244140625,1070.449951171875,0.0,328677
2017-04-17,975.8591918945312,1059.3499755859375,0.0,1080.0,1056.449951171875,1079.550048828125,0.0,506747
2017-04-18,958.44873046875,1040.449951171875,0.0,1068.949951171875,1037.300048828125,1062.4000244140625,0.0,722855
2017-04-19,966.23291015625,1048.9000244140625,0.0,1056.0,1033.699951171875,1044.0,0.0,398732
2017-04-20,975.352783203125,1058.800048828125,0.0,1062.75,1042.5,1056.0,0.0,493562
2017-04-21,981.4783935546875,1065.449951171875,0.0,1071.5,1054.199951171875,1065.9000244140625,0.0,701515
2017-04-24,985.6236572265625,1069.949951171875,0.0,1074.3499755859375,1063.699951171875,1066.0999755859375,0.0,363436
2017-04-25,1011.3710327148438,1097.9000244140625,0.0,1101.949951171875,1070.0,1074.699951171875,0.0,1060527
2017-04-26,1017.5891723632812,1104.6500244140625,0.0,1122.0,1092.75,1104.9000244140625,0.0,1870316
2017-04-27,1018.2337646484375,1105.3499755859375,0.0,1109.550048828125,1092.0,1104.9000244140625,0.0,666287
2017-04-28,1032.1435546875,1120.449951171875,0.0,1124.949951171875,1105.3499755859375,1106.5999755859375,0.0,1012065
2017-05-02,1024.45166015625,1112.0999755859375,0.0,1137.5,1100.0,1123.0999755859375,0.0,1031522
2017-05-03,1030.7158203125,1118.9000244140625,0.0,1123.949951171875,1113.0,1116.0,0.0,476101
2017-05-04,1043.3363037109375,1132.5999755859375,0.0,1135.0,1117.5999755859375,1118.9000244140625,0.0,878814
2017-05-05,1056.417236328125,1146.800048828125,0.0,1160.0,1134.0,1135.0,0.0,1518367
2017-05-08,1075.3470458984375,1167.3499755859375,0.0,1173.0,1143.4000244140625,1150.0,0.0,672001
2017-05-09,1073.459228515625,1165.300048828125,0.0,1176.8499755859375,1160.0999755859375,1172.449951171875,0.0,734416
2017-05-10,1067.0107421875,1158.300048828125,0.0,1182.0,1148.1500244140625,1167.0999755859375,0.0,1004939
2017-05-11,1074.5181884765625,1166.449951171875,0.0,1178.9000244140625,1152.300048828125,1159.0,0.0,1003768
2017-05-12,1043.658447265625,1132.949951171875,0.0,1179.0,1127.0,1170.199951171875,0.0,2500503
2017-05-15,1057.568359375,1148.050048828125,0.0,1149.9000244140625,1135.0,1142.9000244140625,0.0,729473
2017-05-16,1052.7783203125,1142.8499755859375,0.0,1149.699951171875,1129.5999755859375,1148.9000244140625,0.0,913600
2017-05-17,1063.924560546875,1154.949951171875,0.0,1159.0,1136.550048828125,1143.0,0.0,579709
2017-05-18,1060.6082763671875,1151.3499755859375,0.0,1159.800048828125,1140.0,1147.1500244140625,0.0,702003
2017-05-19,1034.6307373046875,1123.1500244140625,0.0,1144.800048828125,1098.800048828125,1139.8499755859375,0.0,1732673
2017-05-22,1024.8662109375,1112.550048828125,0.0,1137.8499755859375,1104.0,1124.25,0.0,1058940
2017-05-23,1012.2923583984375,1098.9000244140625,0.0,1126.550048828125,1091.449951171875,1119.949951171875,0.0,1374392
2017-05-24,1005.1989135742188,1091.199951171875,0.0,1107.050048828125,1080.5,1095.0,0.0,1551698
2017-05-25,1025.4652099609375,1113.199951171875,0.0,1125.0,1090.050048828125,1095.550048828125,0.0,1226634
2017-05-26,1043.1981201171875,1132.449951171875,0.0,1148.800048828125,1124.0,1124.949951171875,0.0,915210
2017-05-29,1056.1868896484375,1146.550048828125,0.0,1150.0,1125.0,1125.0,0.0,460152
2017-05-30,1068.070068359375,1159.449951171875,0.0,1166.0999755859375,1147.0,1150.0,0.0,460978
2017-05-31,1060.4703369140625,1151.199951171875,0.0,1165.0,1144.550048828125,1159.0,0.0,1488564
2017-06-01,1068.990966796875,1160.449951171875,0.0,1162.0,1133.0999755859375,1150.0,0.0,578030
2017-06-02,1072.5377197265625,1164.300048828125,0.0,1174.9000244140625,1160.199951171875,1161.199951171875,0.0,437401
2017-06-05,1070.00439453125,1161.550048828125,0.0,1176.4000244140625,1159.5,1165.0,0.0,425935
2017-06-06,1062.266845703125,1153.1500244140625,0.0,1165.300048828125,1141.050048828125,1162.1500244140625,0.0,787798
2017-06-07,1069.958251953125,1161.5,0.0,1168.0,1146.0,1154.0,0.0,531046
2017-06-08,1053.19287109375,1143.300048828125,0.0,1174.800048828125,1140.199951171875,1174.800048828125,0.0,1202971
2017-06-09,1064.6614990234375,1155.75,0.0,1157.5999755859375,1132.1500244140625,1145.0,0.0,559008
2017-06-12,1060.0096435546875,1150.699951171875,0.0,1158.6500244140625,1142.5999755859375,1154.4000244140625,0.0,649908
2017-06-13,1059.0882568359375,1149.699951171875,0.0,1154.25,1142.25,1151.199951171875,0.0,855507
2017-06-14,1058.9964599609375,1149.5999755859375,0.0,1152.8499755859375,1126.25,1151.0,0.0,931530
2017-06-15,1057.466064453125,1140.300048828125,7.65,1150.0,1133.3499755859375,1148.0,0.0,1003963
2017-06-16,1062.1956787109375,1145.4000244140625,0.0,1149.800048828125,1128.449951171875,1142.699951171875,0.0,1184164
2017-06-19,1070.31005859375,1154.1500244140625,0.0,1158.0,1137.949951171875,1149.0,0.0,808994
2017-06-20,1065.9512939453125,1149.449951171875,0.0,1156.8499755859375,1144.5,1155.0999755859375,0.0,804319
2017-06-21,1071.469482421875,1155.4000244140625,0.0,1160.4000244140625,1149.9000244140625,1158.0,0.0,553929
2017-06-22,1078.0997314453125,1162.550048828125,0.0,1171.0,1156.5999755859375,1157.0,0.0,651018
2017-06-23,1069.8465576171875,1153.6500244140625,0.0,1164.5,1146.0999755859375,1163.0,0.0,596082
2017-06-27,1051.762939453125,1134.1500244140625,0.0,1168.3499755859375,1130.0,1157.0,0.0,484244
2017-06-28,1028.5792236328125,1109.1500244140625,0.0,1128.8499755859375,1099.0,1125.0,0.0,930404
2017-06-29,1024.3131103515625,1104.550048828125,0.0,1126.949951171875,1100.0,1112.0,0.0,460382
2017-06-30,1022.8292846679688,1102.949951171875,0.0,1112.0,1083.300048828125,1099.949951171875,0.0,617697
2017-07-03,1038.8726806640625,1120.25,0.0,1123.449951171875,1104.199951171875,1107.0,0.0,512386
2017-07-04,1028.0225830078125,1108.550048828125,0.0,1126.449951171875,1106.800048828125,1123.800048828125,0.0,549148
2017-07-05,1044.8076171875,1126.6500244140625,0.0,1135.0,1108.550048828125,1108.550048828125,0.0,837353
2017-07-06,1049.908203125,1132.1500244140625,0.0,1144.0,1127.8499755859375,1135.0,0.0,532283
2017-07-07,1034.42138671875,1115.449951171875,0.0,1135.4000244140625,1112.050048828125,1135.0,0.0,364301
2017-07-10,1045.8280029296875,1127.75,0.0,1160.949951171875,1116.050048828125,1120.25,0.0,70264
2017-07-11,1049.5369873046875,1131.75,0.0,1135.0,1122.5999755859375,1125.0,0.0,532133
2017-07-12,1051.3455810546875,1133.699951171875,0.0,1137.4000244140625,1124.0999755859375,1136.0,0.0,373345
2017-07-13,1043.741455078125,1125.5,0.0,1144.25,1121.25,1139.800048828125,0.0,764694
2017-07-14,1036.183349609375,1117.3499755859375,0.0,1128.949951171875,1112.050048828125,1128.25,0.0,872831
2017-07-17,1043.6951904296875,1125.449951171875,0.0,1128.699951171875,1115.25,1120.5999755859375,0.0,1260921
2017-07-18,1063.30859375,1146.5999755859375,0.0,1150.0,1117.0,1118.0,0.0,648737
2017-07-19,1071.8868408203125,1155.8499755859375,0.0,1158.0,1146.050048828125,1154.949951171875,0.0,964588
2017-07-20,1071.6083984375,1155.550048828125,0.0,1157.8499755859375,1133.949951171875,1156.9000244140625,0.0,1287749
2017-07-21,1072.1182861328125,1156.0999755859375,0.0,1172.5,1148.0,1156.0,0.0,2017663
2017-07-24,1071.793701171875,1155.75,0.0,1159.5,1140.0,1151.5999755859375,0.0,2063340
2017-07-25,1066.5545654296875,1150.0999755859375,0.0,1165.0,1140.0,1160.050048828125,0.0,2963793
2017-07-26,1051.623779296875,1134.0,0.0,1144.800048828125,1126.0,1134.0,0.0,1973462
2017-07-27,1065.348876953125,1148.800048828125,0.0,1153.0,1136.050048828125,1136.550048828125,0.0,1033335
2017-07-28,1069.475341796875,1153.25,0.0,1156.9000244140625,1139.0,1148.0,0.0,616845
2017-07-31,1077.3115234375,1161.699951171875,0.0,1164.0,1146.0999755859375,1154.1500244140625,0.0,777721
2017-08-01,1064.7923583984375,1148.199951171875,0.0,1163.0,1140.5,1162.0,0.0,1176561
2017-08-02,1061.3612060546875,1144.5,0.0,1152.0,1135.0,1150.0,0.0,848781
2017-08-03,1062.8446044921875,1146.0999755859375,0.0,1148.9000244140625,1127.0999755859375,1143.0,0.0,997619
2017-08-04,1073.2315673828125,1157.300048828125,0.0,1159.949951171875,1140.6500244140625,1144.0,0.0,529318
2017-08-07,1066.1370849609375,1149.6500244140625,0.0,1160.75,1142.4000244140625,1160.0,0.0,576280
2017-08-08,1064.0040283203125,1147.3499755859375,0.0,1151.5,1139.0999755859375,1146.0,0.0,600256
2017-08-09,1071.6083984375,1155.550048828125,0.0,1158.9000244140625,1140.0999755859375,1147.800048828125,0.0,530763
2017-08-10,1067.4815673828125,1151.0999755859375,0.0,1160.300048828125,1146.0,1154.0,0.0,649594
2017-08-11,1060.8046875,1143.9000244140625,0.0,1148.75,1121.199951171875,1135.6500244140625,0.0,843233
2017-08-14,1070.1707763671875,1154.0,0.0,1163.699951171875,1145.0,1149.449951171875,0.0,511994
2017-08-16,1058.3935546875,1141.300048828125,0.0,1155.300048828125,1129.0,1154.3499755859375,0.0,857454
2017-08-17,1052.5045166015625,1134.949951171875,0.0,1142.800048828125,1132.0,1141.300048828125,0.0,494638
2017-08-18,1057.1878662109375,1140.0,0.0,1142.449951171875,1123.0,1131.949951171875,0.0,357491
2017-08-21,1052.0411376953125,1134.449951171875,0.0,1141.800048828125,1128.5,1141.800048828125,0.0,456594
2017-08-22,1047.404052734375,1129.449951171875,0.0,1142.5999755859375,1125.949951171875,1140.0999755859375,0.0,568911
2017-08-23,1058.3935546875,1141.300048828125,0.0,1144.5,1114.0,1131.800048828125,0.0,513036
2017-08-24,1053.107666015625,1135.5999755859375,0.0,1145.0,1131.0,1140.4000244140625,0.0,483362
2017-08-28,1071.9327392578125,1155.9000244140625,0.0,1159.75,1126.0999755859375,1131.5,0.0,751938
2017-08-29,1068.0379638671875,1151.699951171875,0.0,1155.0,1139.300048828125,1155.0,0.0,578071
2017-08-30,1069.568115234375,1153.3499755859375,0.0,1160.3499755859375,1144.300048828125,1149.9000244140625,0.0,674280
2017-08-31,1083.6639404296875,1168.550048828125,0.0,1174.0,1144.300048828125,1146.3499755859375,0.0,1131097
2017-09-01,1127.5743408203125,1215.9000244140625,0.0,1219.0,1166.0,1174.199951171875,0.0,1523879
2017-09-04,1110.0938720703125,1197.050048828125,0.0,1215.9000244140625,1192.0,1215.9000244140625,0.0,682612
2017-09-05,1118.7178955078125,1206.3499755859375,0.0,1223.050048828125,1200.4000244140625,1201.25,0.0,714964
2017-09-06,1118.4400634765625,1206.050048828125,0.0,1213.449951171875,1198.0,1198.3499755859375,0.0,370400
2017-09-07,1111.57763671875,1198.6500244140625,0.0,1218.800048828125,1193.949951171875,1218.0,0.0,832839
2017-09-08,1116.4925537109375,1203.949951171875,0.0,1206.0,1190.0,1195.0,0.0,477517
2017-09-11,1148.115478515625,1238.050048828125,0.0,1241.0,1199.5999755859375,1206.0,0.0,843302
2017-09-12,1165.0860595703125,1256.3499755859375,0.0,1259.949951171875,1236.050048828125,1242.0,0.0,1461215
2017-09-13,1163.7877197265625,1254.949951171875,0.0,1262.0,1249.0,1250.050048828125,0.0,913364
2017-09-14,1155.534423828125,1246.050048828125,0.0,1262.0,1241.0,1258.0,0.0,754072
2017-09-15,1155.0244140625,1245.5,0.0,1249.6500244140625,1226.199951171875,1230.5,0.0,912016
2017-09-18,1164.71533203125,1255.949951171875,0.0,1261.0,1248.800048828125,1250.0,0.0,419287
2017-09-19,1162.2576904296875,1253.300048828125,0.0,1262.0,1249.199951171875,1262.0,0.0,464997
2017-09-20,1147.4197998046875,1237.300048828125,0.0,1256.9000244140625,1235.0,1256.5,0.0,473176
2017-09-21,1139.8155517578125,1229.0999755859375,0.0,1247.25,1224.949951171875,1238.0,0.0,772766
2017-09-22,1125.11669921875,1213.25,0.0,1230.199951171875,1204.9000244140625,1218.050048828125,0.0,896125
2017-09-25,1110.000732421875,1196.949951171875,0.0,1213.449951171875,1192.0,1205.1500244140625,0.0,917093
2017-09-26,1088.7181396484375,1174.0,0.0,1189.75,1164.0,1187.0,0.0,740276
2017-09-27,1075.735107421875,1160.0,0.0,1178.550048828125,1152.8499755859375,1173.0999755859375,0.0,786410
2017-09-28,1047.914306640625,1130.0,0.0,1165.0,1123.0,1155.0,0.0,2353175
2017-09-29,1049.4908447265625,1131.699951171875,0.0,1144.949951171875,1127.0,1130.0,0.0,791548
2017-10-03,1065.348876953125,1148.800048828125,0.0,1160.0,1135.5,1141.300048828125,0.0,834092
2017-10-04,1070.2174072265625,1154.050048828125,0.0,1167.0999755859375,1147.550048828125,1154.0,0.0,626750
2017-10-05,1069.475341796875,1153.25,0.0,1161.5,1147.5999755859375,1149.6500244140625,0.0,327057
2017-10-06,1073.2315673828125,1157.300048828125,0.0,1169.699951171875,1153.0,1155.0,0.0,344962
2017-10-09,1074.4368896484375,1158.5999755859375,0.0,1169.800048828125,1152.800048828125,1169.800048828125,0.0,363972
2017-10-10,1078.51708984375,1163.0,0.0,1166.949951171875,1154.0,1156.0,0.0,316767
2017-10-11,1076.2913818359375,1160.5999755859375,0.0,1175.75,1155.0,1170.0,0.0,602214
2017-10-12,1074.622314453125,1158.800048828125,0.0,1162.0,1146.050048828125,1156.5,0.0,658884
2017-10-13,1088.949951171875,1174.25,0.0,1177.0999755859375,1154.1500244140625,1158.800048828125,0.0,417081
2017-10-16,1085.9827880859375,1171.050048828125,0.0,1185.0,1166.0,1181.0,0.0,689380
2017-10-17,1110.186279296875,1197.1500244140625,0.0,1200.0,1170.0,1170.0,0.0,979278
2017-10-18,1093.957763671875,1179.6500244140625,0.0,1197.800048828125,1170.0,1197.800048828125,0.0,523048
2017-10-19,1092.8912353515625,1178.5,0.0,1183.25,1171.1500244140625,1175.0,0.0,77085
2017-10-23,1088.8572998046875,1174.1500244140625,0.0,1191.8499755859375,1159.0,1184.449951171875,0.0,698954
2017-10-24,1134.0660400390625,1222.9000244140625,0.0,1234.0,1175.0,1175.0,0.0,2345084
2017-10-25,1114.4058837890625,1201.699951171875,0.0,1232.050048828125,1195.0,1222.9000244140625,0.0,1015698
2017-10-26,1104.6221923828125,1191.1500244140625,0.0,1203.6500244140625,1180.699951171875,1194.0,0.0,808543
2017-10-27,1098.5018310546875,1184.550048828125,0.0,1195.0,1178.5999755859375,1193.9000244140625,0.0,346755
2017-10-30,1096.6470947265625,1182.550048828125,0.0,1198.800048828125,1179.550048828125,1185.0,0.0,280643
2017-10-31,1097.5301513671875,1180.8499755859375,2.65,1188.8499755859375,1176.1500244140625,1182.0,0.0,279632
2017-11-01,1092.9757080078125,1175.949951171875,0.0,1188.550048828125,1174.0,1185.0,0.0,260543
2017-11-02,1095.2530517578125,1178.4000244140625,0.0,1181.949951171875,1166.0,1176.4000244140625,0.0,245949
2017-11-03,1089.7225341796875,1172.449951171875,0.0,1183.0999755859375,1167.300048828125,1182.449951171875,0.0,258595
2017-11-06,1080.335205078125,1162.3499755859375,0.0,1173.0999755859375,1155.0,1168.0,0.0,314729
2017-11-07,1060.909912109375,1141.449951171875,0.0,1164.6500244140625,1132.5,1158.0,0.0,758497
2017-11-08,1089.4903564453125,1172.199951171875,0.0,1179.4000244140625,1145.050048828125,1147.0999755859375,0.0,691775
2017-11-09,1111.2391357421875,1195.5999755859375,0.0,1198.449951171875,1173.5999755859375,1177.8499755859375,0.0,884722
2017-11-10,1095.438720703125,1178.5999755859375,0.0,1194.9000244140625,1160.0,1194.9000244140625,0.0,1130647
2017-11-13,1092.0462646484375,1174.949951171875,0.0,1189.5,1168.8499755859375,1184.0,0.0,363501
2017-11-14,1073.550537109375,1155.050048828125,0.0,1176.0,1152.4000244140625,1174.949951171875,0.0,547558
2017-11-15,1098.1806640625,1181.550048828125,0.0,1190.0,1151.050048828125,1155.0,0.0,829732
2017-11-16,1096.3216552734375,1179.550048828125,0.0,1189.0,1175.0,1183.0,0.0,429230
2017-11-17,1088.6536865234375,1171.300048828125,0.0,1193.9000244140625,1166.0,1186.0,0.0,454013
2017-11-20,1084.0531005859375,1166.3499755859375,0.0,1176.449951171875,1159.6500244140625,1173.0,0.0,255840
2017-11-21,1078.4296875,1160.300048828125,0.0,1175.0,1156.0,1168.5999755859375,0.0,421268
2017-11-22,1091.442138671875,1174.300048828125,0.0,1176.5,1155.0,1162.5,0.0,731572
2017-11-23,1077.7794189453125,1159.5999755859375,0.0,1177.9000244140625,1157.050048828125,1175.5,0.0,482632
2017-11-24,1077.7794189453125,1159.5999755859375,0.0,1164.0,1148.1500244140625,1164.0,0.0,406704
2017-11-27,1074.89794921875,1156.5,0.0,1160.0,1146.0999755859375,1158.0,0.0,373156
2017-11-28,1088.3751220703125,1171.0,0.0,1174.9000244140625,1150.1500244140625,1157.5,0.0,445227
2017-11-29,1072.43505859375,1153.8499755859375,0.0,1176.3499755859375,1148.25,1166.0,0.0,516698
2017-11-30,1065.836181640625,1146.75,0.0,1158.0,1141.3499755859375,1150.25,0.0,1433116
2017-12-01,1053.7530517578125,1133.75,0.0,1154.0,1130.25,1147.199951171875,0.0,397188
2017-12-04,1041.903076171875,1121.0,0.0,1145.449951171875,1117.0,1145.449951171875,0.0,455769
2017-12-05,1036.3262939453125,1115.0,0.0,1124.1500244140625,1108.050048828125,1122.0,0.0,702853
2017-12-06,1026.427490234375,1104.3499755859375,0.0,1114.949951171875,1099.0,1114.800048828125,0.0,723473
2017-12-07,1063.652099609375,1144.4000244140625,0.0,1151.0,1106.8499755859375,1108.0,0.0,986078
2017-12-08,1055.3798828125,1135.5,0.0,1153.5,1130.0999755859375,1144.949951171875,0.0,593327
2017-12-11,1046.41064453125,1125.8499755859375,0.0,1142.699951171875,1123.4000244140625,1142.0,0.0,551772
2017-12-12,1038.556884765625,1117.4000244140625,0.0,1131.8499755859375,1101.0,1131.8499755859375,0.0,1060836
2017-12-13,1037.7669677734375,1116.550048828125,0.0,1137.5,1110.0,1117.9000244140625,0.0,646677
2017-12-14,1044.18017578125,1123.449951171875,0.0,1129.550048828125,1115.4000244140625,1122.0,0.0,543059
2017-12-15,1039.76513671875,1118.699951171875,0.0,1134.699951171875,1116.0,1129.0,0.0,897594
2017-12-18,1056.9132080078125,1137.1500244140625,0.0,1139.949951171875,1110.0,1120.0,0.0,622558
2017-12-19,1057.4244384765625,1137.699951171875,0.0,1149.5,1130.949951171875,1149.0,0.0,459494
2017-12-20,1055.3798828125,1135.5,0.0,1141.949951171875,1125.0,1137.5,0.0,458160
2017-12-21,1057.61083984375,1137.9000244140625,0.0,1144.0,1130.4000244140625,1140.949951171875,0.0,460388
2017-12-22,1057.703369140625,1138.0,0.0,1142.5,1132.5,1137.0,0.0,377780
2017-12-26,1069.5538330078125,1150.75,0.0,1155.5999755859375,1140.199951171875,1142.0,0.0,820589
2017-12-27,1067.973876953125,1149.050048828125,0.0,1157.0,1142.0,1150.0,0.0,611258
2017-12-28,1063.652099609375,1144.4000244140625,0.0,1154.3499755859375,1138.3499755859375,1146.0,0.0,536350
2017-12-29,1076.7569580078125,1158.5,0.0,1172.5,1142.050048828125,1145.0999755859375,0.0,965848
2018-01-01,1062.954833984375,1143.6500244140625,0.0,1165.0,1138.0999755859375,1163.0,0.0,591349
2018-01-02,1062.1182861328125,1142.75,0.0,1150.0,1134.050048828125,1146.0,0.0,516171
2018-01-03,1061.328369140625,1141.9000244140625,0.0,1149.0,1135.300048828125,1149.0,0.0,593809
2018-01-04,1089.35107421875,1172.050048828125,0.0,1178.0,1145.9000244140625,1149.0,0.0,729965
2018-01-05,1101.6195068359375,1185.25,0.0,1192.0,1167.449951171875,1178.0,0.0,1151320
2018-01-08,1098.5989990234375,1182.0,0.0,1190.8499755859375,1173.5,1190.0,0.0,928875
2018-01-09,1108.868896484375,1193.050048828125,0.0,1197.199951171875,1175.0999755859375,1183.0999755859375,0.0,699621
2018-01-10,1094.323486328125,1177.4000244140625,0.0,1189.0999755859375,1171.0999755859375,1186.0,0.0,1102382
2018-01-11,1105.058349609375,1188.949951171875,0.0,1189.949951171875,1170.0,1179.9000244140625,0.0,475476
2018-01-12,1105.7554931640625,1189.699951171875,0.0,1192.550048828125,1176.0,1187.0,0.0,390841
2018-01-15,1119.09326171875,1204.050048828125,0.0,1208.199951171875,1182.449951171875,1189.6500244140625,0.0,723833
2018-01-16,1104.87255859375,1188.75,0.0,1204.050048828125,1184.0,1204.050048828125,0.0,557253
2018-01-17,1109.52001953125,1193.75,0.0,1196.4000244140625,1178.4000244140625,1186.800048828125,0.0,506648
2018-01-18,1104.40771484375,1188.25,0.0,1204.0999755859375,1181.0,1195.0,0.0,500762
2018-01-19,1105.9417724609375,1189.9000244140625,0.0,1195.0,1177.9000244140625,1183.0999755859375,0.0,722692
2018-01-22,1093.022216796875,1176.0,0.0,1193.699951171875,1164.0999755859375,1192.0,0.0,942542
2018-01-23,1087.352783203125,1169.9000244140625,0.0,1177.8499755859375,1156.199951171875,1176.0,0.0,1841634
2018-01-24,1069.8326416015625,1151.050048828125,0.0,1171.6500244140625,1145.050048828125,1170.0,0.0,1122469
2018-01-25,1069.27490234375,1150.449951171875,0.0,1161.4000244140625,1143.449951171875,1148.0,0.0,1563047
2018-01-29,1070.7620849609375,1152.050048828125,0.0,1164.25,1147.5999755859375,1154.0,0.0,1538762
2018-01-30,1047.2005615234375,1126.699951171875,0.0,1152.0,1123.449951171875,1151.0,0.0,1404578
2018-01-31,1048.6878662109375,1128.300048828125,0.0,1139.800048828125,1124.0,1128.0,0.0,961596
2018-02-01,1071.6451416015625,1153.0,0.0,1157.3499755859375,1126.0,1126.0,0.0,1103162
2018-02-02,1057.61083984375,1137.9000244140625,0.0,1148.0,1123.949951171875,1148.0,0.0,872105
2018-02-05,1054.07861328125,1134.0999755859375,0.0,1140.0,1114.300048828125,1121.199951171875,0.0,1263378
2018-02-06,1031.9114990234375,1110.25,0.0,1127.0,1090.0999755859375,1110.0,0.0,1055719
2018-02-07,1041.99609375,1121.0999755859375,0.0,1125.199951171875,1106.550048828125,1115.0,0.0,854461
2018-02-08,1044.73779296875,1124.050048828125,0.0,1131.300048828125,1110.0,1128.0,0.0,1185917
2018-02-09,1050.96533203125,1130.75,0.0,1142.25,1101.0,1101.0,0.0,666922
2018-02-12,1063.652099609375,1144.4000244140625,0.0,1150.0,1135.9000244140625,1138.0,0.0,646362
2018-02-14,1058.772216796875,1139.1500244140625,0.0,1144.0,1127.0,1144.0,0.0,691596
2018-02-15,1055.3333740234375,1135.449951171875,0.0,1139.9000244140625,1123.0,1135.0,0.0,471072
2018-02-16,1063.1407470703125,1143.8499755859375,0.0,1147.0,1130.0,1136.5,0.0,734476
2018-02-19,1041.2989501953125,1120.3499755859375,0.0,1145.800048828125,1111.550048828125,1145.0,0.0,443677
2018-02-20,1046.9219970703125,1126.4000244140625,0.0,1136.0,1112.75,1123.949951171875,0.0,662281
2018-02-21,1047.6654052734375,1127.199951171875,0.0,1133.25,1115.0,1132.3499755859375,0.0,720563
2018-02-22,1039.207275390625,1118.0999755859375,0.0,1126.4000244140625,1101.0,1122.699951171875,0.0,1559398
2018-02-23,1024.057861328125,1101.800048828125,0.0,1117.050048828125,1098.9000244140625,1117.050048828125,0.0,1140118
2018-02-26,1026.845947265625,1104.800048828125,0.0,1110.0,1095.4000244140625,1110.0,0.0,1170283
2018-02-27,1032.0045166015625,1110.3499755859375,0.0,1113.0,1098.949951171875,1104.800048828125,0.0,610498
2018-02-28,1038.88232421875,1117.75,0.0,1124.0,1099.25,1104.0,0.0,1006756
2018-03-01,1039.951171875,1118.9000244140625,0.0,1124.199951171875,1108.0,1120.0,0.0,736217
2018-03-05,1027.9149169921875,1105.949951171875,0.0,1114.8499755859375,1100.0,1110.25,0.0,529677
2018-03-06,1023.8717651367188,1101.5999755859375,0.0,1112.5999755859375,1100.0,1112.5999755859375,0.0,702294
2018-03-07,1029.1229248046875,1107.25,0.0,1109.949951171875,1095.25,1105.699951171875,0.0,669686
2018-03-08,1048.0372314453125,1127.5999755859375,0.0,1130.0,1107.5999755859375,1114.800048828125,0.0,751329
2018-03-09,1049.431396484375,1129.0999755859375,0.0,1140.0,1124.4000244140625,1133.0,0.0,1158526
2018-03-12,1051.6619873046875,1131.5,0.0,1134.0,1120.0,1131.0999755859375,0.0,527293
2018-03-13,1059.841064453125,1140.300048828125,0.0,1143.0,1125.199951171875,1125.199951171875,0.0,711550
2018-03-14,1056.7742919921875,1137.0,0.0,1144.449951171875,1131.0999755859375,1139.949951171875,0.0,1360578
2018-03-15,1078.894775390625,1160.800048828125,0.0,1163.75,1132.1500244140625,1132.1500244140625,0.0,1146702
2018-03-16,1043.5296630859375,1122.75,0.0,1159.9000244140625,1118.4000244140625,1159.9000244140625,0.0,1946844
2018-03-19,1024.7550048828125,1102.550048828125,0.0,1124.0,1097.9000244140625,1121.1500244140625,0.0,855444
2018-03-20,1028.42626953125,1106.5,0.0,1117.0,1092.1500244140625,1102.0,0.0,720303
2018-03-21,1025.6842041015625,1103.550048828125,0.0,1116.0,1100.0,1106.5,0.0,612237
2018-03-22,1028.983642578125,1107.0999755859375,0.0,1110.0,1100.0,1102.5,0.0,478426
2018-03-23,1034.14208984375,1112.6500244140625,0.0,1120.0,1093.050048828125,1094.8499755859375,0.0,828523
2018-03-26,1038.6966552734375,1117.550048828125,0.0,1119.0,1101.0,1112.0,0.0,479675
2018-03-27,1051.2904052734375,1131.0999755859375,0.0,1138.0,1116.4000244140625,1119.0,0.0,672158
2018-03-28,1041.344970703125,1120.4000244140625,0.0,1130.8499755859375,1115.0,1130.8499755859375,0.0,699839
2018-04-02,1068.9962158203125,1150.1500244140625,0.0,1153.949951171875,1111.5,1120.4000244140625,0.0,428944
2018-04-03,1070.8084716796875,1152.0999755859375,0.0,1156.699951171875,1138.949951171875,1145.050048828125,0.0,561118
2018-04-04,1055.8447265625,1136.0,0.0,1157.699951171875,1126.0,1156.9000244140625,0.0,607619
2018-04-05,1062.2578125,1142.9000244140625,0.0,1156.800048828125,1137.550048828125,1151.800048828125,0.0,549137
2018-04-06,1062.8154296875,1143.5,0.0,1152.800048828125,1135.0,1142.9000244140625,0.0,395626
2018-04-09,1075.781005859375,1157.449951171875,0.0,1171.5,1139.949951171875,1145.0,0.0,837112
2018-04-10,1075.1300048828125,1156.75,0.0,1167.699951171875,1152.9000244140625,1159.0,0.0,546269
2018-04-11,1074.2940673828125,1155.8499755859375,0.0,1158.5999755859375,1141.199951171875,1157.0,0.0,419140
2018-04-12,1082.984375,1165.199951171875,0.0,1169.9000244140625,1144.9000244140625,1149.5,0.0,360744
2018-04-13,1080.19580078125,1162.199951171875,0.0,1176.8499755859375,1157.8499755859375,1170.0,0.0,639579
2018-04-16,1095.6712646484375,1178.8499755859375,0.0,1188.5,1155.0,1160.0,0.0,550645
2018-04-17,1093.022216796875,1176.0,0.0,1187.4000244140625,1169.0,1180.0,0.0,432543
2018-04-18,1089.5830078125,1172.300048828125,0.0,1185.0,1168.0,1179.0,0.0,465763
2018-04-19,1082.79833984375,1165.0,0.0,1187.0,1162.5999755859375,1172.0,0.0,620949
2018-04-20,1077.5469970703125,1159.3499755859375,0.0,1165.949951171875,1142.25,1165.0,0.0,727517
2018-04-23,1095.5318603515625,1178.699951171875,0.0,1181.4000244140625,1145.4000244140625,1160.9000244140625,0.0,554353
2018-04-24,1087.538330078125,1170.0999755859375,0.0,1182.449951171875,1161.9000244140625,1177.5,0.0,484112
2018-04-25,1080.98583984375,1163.050048828125,0.0,1168.800048828125,1156.050048828125,1167.0,0.0,280574
2018-04-26,1074.1546630859375,1155.699951171875,0.0,1177.050048828125,1149.550048828125,1164.0,0.0,1638937
2018-04-27,1098.2271728515625,1181.5999755859375,0.0,1199.0999755859375,1164.25,1165.25,0.0,803227
2018-04-30,1116.9088134765625,1201.699951171875,0.0,1207.0,1182.4000244140625,1189.699951171875,0.0,505974
2018-05-02,1136.0552978515625,1222.300048828125,0.0,1230.5999755859375,1197.4000244140625,1200.25,0.0,2011978
2018-05-03,1121.6026611328125,1206.75,0.0,1230.0,1201.0,1220.300048828125,0.0,641515
2018-05-04,1106.4525146484375,1190.449951171875,0.0,1212.0,1178.0999755859375,1212.0,0.0,743905
2018-05-07,1129.5025634765625,1215.25,0.0,1220.800048828125,1180.0,1192.0,0.0,728801
2018-05-08,1124.5301513671875,1209.9000244140625,0.0,1224.0,1205.0,1219.0,0.0,627060
2018-05-09,1136.287353515625,1222.550048828125,0.0,1229.0999755859375,1197.5999755859375,1197.5999755859375,0.0,729538
2018-05-10,1131.77978515625,1217.699951171875,0.0,1238.0,1207.5,1232.0,0.0,1904962
2018-05-11,1195.678955078125,1286.449951171875,0.0,1291.9000244140625,1229.8499755859375,1237.0,0.0,4723019
2018-05-14,1205.8096923828125,1297.3499755859375,0.0,1305.0,1268.5999755859375,1285.0,0.0,1553283
2018-05-15,1221.888916015625,1314.6500244140625,0.0,1323.449951171875,1288.800048828125,1291.0,0.0,1368261
2018-05-16,1230.3004150390625,1323.699951171875,0.0,1332.0,1300.8499755859375,1305.1500244140625,0.0,736281
2018-05-17,1217.0557861328125,1309.449951171875,0.0,1330.0,1303.550048828125,1313.1500244140625,0.0,751423
2018-05-18,1216.0338134765625,1308.3499755859375,0.0,1316.4000244140625,1287.5999755859375,1305.0,0.0,939743
2018-05-21,1209.8529052734375,1301.699951171875,0.0,1314.699951171875,1290.8499755859375,1305.0,0.0,692442
2018-05-22,1196.050537109375,1286.8499755859375,0.0,1302.0,1279.0,1298.0,0.0,708573
2018-05-23,1188.3828125,1278.5999755859375,0.0,1292.1500244140625,1269.5999755859375,1281.0,0.0,509522
2018-05-24,1202.3243408203125,1293.5999755859375,0.0,1302.9000244140625,1263.0,1277.0999755859375,0.0,774173
2018-05-25,1201.16259765625,1292.3499755859375,0.0,1310.0,1280.0,1300.0,0.0,773652
2018-05-28,1228.5811767578125,1321.8499755859375,0.0,1331.9000244140625,1291.550048828125,1294.5,0.0,657272
2018-05-29,1207.8084716796875,1299.5,0.0,1330.0,1289.0,1326.0,0.0,769331
2018-05-30,1202.5567626953125,1293.8499755859375,0.0,1300.949951171875,1283.3499755859375,1290.0,0.0,478025
2018-05-31,1212.5947265625,1304.6500244140625,0.0,1311.699951171875,1287.0,1300.199951171875,0.0,1400776
2018-06-01,1201.8134765625,1293.050048828125,0.0,1310.0,1290.800048828125,1307.0,0.0,368820
2018-06-04,1193.820068359375,1284.449951171875,0.0,1297.5,1265.0,1295.0,0.0,939794
2018-06-05,1183.735595703125,1273.5999755859375,0.0,1293.300048828125,1270.550048828125,1276.25,0.0,524237
2018-06-06,1173.697509765625,1262.800048828125,0.0,1270.9000244140625,1245.050048828125,1270.9000244140625,0.0,1211557
2018-06-07,1199.7222900390625,1290.800048828125,0.0,1297.0,1256.0,1270.1500244140625,0.0,701247
2018-06-08,1188.614990234375,1278.8499755859375,0.0,1288.550048828125,1272.0,1275.0,0.0,442333
2018-06-11,1192.7509765625,1283.300048828125,0.0,1295.9000244140625,1275.199951171875,1279.0,0.0,373098
2018-06-12,1196.840576171875,1287.699951171875,0.0,1292.0,1275.199951171875,1278.550048828125,0.0,401090
2018-06-13,1195.6326904296875,1286.4000244140625,0.0,1292.75,1281.949951171875,1290.0,0.0,566241
2018-06-14,1201.0015869140625,1286.0999755859375,6.05,1289.6500244140625,1270.0,1280.449951171875,0.0,507824
2018-06-15,1197.35986328125,1282.199951171875,0.0,1286.6500244140625,1268.0999755859375,1284.9000244140625,0.0,1048699
2018-06-18,1197.2200927734375,1282.050048828125,0.0,1289.6500244140625,1271.0,1289.4000244140625,0.0,512049
2018-06-19,1185.2200927734375,1269.199951171875,0.0,1287.6500244140625,1265.0,1273.0,0.0,572488
2018-06-20,1187.181396484375,1271.300048828125,0.0,1275.0,1260.0,1275.0,0.0,484907
2018-06-21,1170.0921630859375,1253.0,0.0,1279.9000244140625,1246.0,1272.0,0.0,1179247
2018-06-22,1183.8193359375,1267.699951171875,0.0,1273.550048828125,1240.199951171875,1261.5,0.0,646452
2018-06-25,1170.5118408203125,1253.449951171875,0.0,1272.0999755859375,1249.300048828125,1268.0,0.0,936253
2018-06-26,1190.2630615234375,1274.5999755859375,0.0,1279.8499755859375,1253.0,1255.0,0.0,1262632
2018-06-27,1183.3057861328125,1267.1500244140625,0.0,1285.0,1263.0,1279.1500244140625,0.0,857951
2018-06-28,1184.4732666015625,1268.4000244140625,0.0,1273.449951171875,1250.0,1267.1500244140625,0.0,729637
2018-06-29,1180.784423828125,1264.449951171875,0.0,1271.0999755859375,1252.1500244140625,1268.25,0.0,622680
2018-07-02,1207.4920654296875,1293.050048828125,0.0,1297.949951171875,1261.0,1266.5,0.0,1437438
2018-07-03,1206.3714599609375,1291.8499755859375,0.0,1308.5999755859375,1288.0999755859375,1298.5999755859375,0.0,1399979
2018-07-04,1204.4571533203125,1289.800048828125,0.0,1299.949951171875,1282.75,1296.0,0.0,619316
2018-07-05,1233.9661865234375,1321.4000244140625,0.0,1330.0,1278.300048828125,1294.800048828125,0.0,1733903
2018-07-06,1235.6007080078125,1323.1500244140625,0.0,1335.4000244140625,1309.050048828125,1325.0,0.0,1662920
2018-07-09,1272.906982421875,1363.0999755859375,0.0,1367.9000244140625,1325.25,1330.0,0.0,1391869
2018-07-10,1279.7706298828125,1370.449951171875,0.0,1375.5,1355.0,1362.800048828125,0.0,796987
2018-07-11,1269.825439453125,1359.800048828125,0.0,1384.75,1357.3499755859375,1360.0,0.0,784238
2018-07-12,1268.0511474609375,1357.9000244140625,0.0,1379.0,1346.0,1370.0,0.0,953054
2018-07-13,1277.296142578125,1367.800048828125,0.0,1374.4000244140625,1358.699951171875,1359.5,0.0,655594
2018-07-16,1269.5919189453125,1359.550048828125,0.0,1394.9000244140625,1351.0999755859375,1370.0,0.0,1234066
2018-07-17,1285.18701171875,1376.25,0.0,1383.5,1353.0999755859375,1365.4000244140625,0.0,1166581
2018-07-18,1300.828857421875,1393.0,0.0,1399.949951171875,1377.550048828125,1386.0,0.0,1085504
2018-07-19,1310.166748046875,1403.0,0.0,1408.5,1393.949951171875,1395.0,0.0,848175
2018-07-20,1304.050537109375,1396.449951171875,0.0,1404.75,1381.5,1403.0,0.0,575194
2018-07-23,1338.3687744140625,1433.199951171875,0.0,1464.4000244140625,1396.5999755859375,1425.0999755859375,0.0,1975242
2018-07-24,1370.6326904296875,1467.75,0.0,1476.199951171875,1425.5,1443.0,0.0,2171087
2018-07-25,1354.1971435546875,1450.1500244140625,0.0,1490.5999755859375,1421.3499755859375,1453.0,0.0,4310816
2018-07-26,1338.975830078125,1433.8499755859375,0.0,1457.8499755859375,1422.25,1448.0999755859375,0.0,1732715
2018-07-27,1339.9095458984375,1434.8499755859375,0.0,1454.0,1425.3499755859375,1437.0,0.0,630981
2018-07-30,1335.5670166015625,1430.199951171875,0.0,1451.8499755859375,1427.0,1434.25,0.0,750392
2018-07-31,1355.364501953125,1451.4000244140625,0.0,1456.5999755859375,1426.0,1430.0,0.0,1221636
2018-08-01,1342.1041259765625,1437.199951171875,0.0,1459.949951171875,1430.800048828125,1458.0,0.0,1121286
2018-08-02,1324.5478515625,1418.4000244140625,0.0,1443.9000244140625,1414.8499755859375,1437.199951171875,0.0,836564
2018-08-03,1318.4315185546875,1411.8499755859375,0.0,1426.25,1407.0,1424.0,0.0,1002287
2018-08-06,1304.9376220703125,1397.4000244140625,0.0,1420.9000244140625,1394.699951171875,1420.0,0.0,795996
2018-08-07,1330.010986328125,1424.25,0.0,1438.0,1399.0,1399.0,0.0,1915936
2018-08-08,1331.41162109375,1425.75,0.0,1447.6500244140625,1417.0,1430.949951171875,0.0,1063862
2018-08-09,1323.567626953125,1417.3499755859375,0.0,1433.949951171875,1414.0999755859375,1431.9000244140625,0.0,903734
2018-08-10,1324.7349853515625,1418.5999755859375,0.0,1439.9000244140625,1409.25,1420.0,0.0,997053
2018-08-13,1306.665283203125,1399.25,0.0,1421.5999755859375,1397.0,1414.0,0.0,875198
2018-08-14,1302.7896728515625,1395.0999755859375,0.0,1416.699951171875,1391.550048828125,1407.9000244140625,0.0,729379
2018-08-16,1302.5098876953125,1394.800048828125,0.0,1410.0,1387.0,1401.0,0.0,1050412
2018-08-17,1307.97265625,1400.6500244140625,0.0,1405.1500244140625,1390.0,1403.0,0.0,537229
2018-08-20,1315.8634033203125,1409.0999755859375,0.0,1431.0,1398.0,1406.0,0.0,1259905
2018-08-21,1310.4471435546875,1403.300048828125,0.0,1425.949951171875,1395.4000244140625,1416.449951171875,0.0,1520772
2018-08-23,1302.463134765625,1394.75,0.0,1412.0,1390.699951171875,1410.0,0.0,859955
2018-08-24,1301.2957763671875,1393.5,0.0,1411.0,1385.050048828125,1395.0,0.0,919355
2018-08-27,1307.1787109375,1399.800048828125,0.0,1407.0,1396.5,1397.5,0.0,785772
2018-08-28,1314.3692626953125,1407.5,0.0,1419.6500244140625,1401.0,1402.0,0.0,1290318
2018-08-29,1301.7625732421875,1394.0,0.0,1413.75,1391.0,1413.75,0.0,743529
2018-08-30,1287.474853515625,1378.699951171875,0.0,1398.699951171875,1373.550048828125,1394.0999755859375,0.0,1062266
2018-08-31,1281.6383056640625,1372.449951171875,0.0,1392.0,1364.199951171875,1383.0,0.0,1006329
2018-09-03,1271.5062255859375,1361.5999755859375,0.0,1387.5,1355.0,1384.0,0.0,817733
2018-09-04,1224.53466796875,1311.300048828125,0.0,1364.5999755859375,1302.5,1360.0,0.0,1789240
2018-09-05,1233.8729248046875,1321.300048828125,0.0,1330.0,1302.449951171875,1314.5,0.0,1222703
2018-09-06,1227.522705078125,1314.5,0.0,1331.949951171875,1308.0,1327.949951171875,0.0,726455
2018-09-07,1228.9237060546875,1316.0,0.0,1322.800048828125,1310.0,1322.800048828125,0.0,912914
2018-09-10,1207.5389404296875,1293.0999755859375,0.0,1318.0,1280.5,1314.5999755859375,0.0,1121083
2018-09-11,1211.9744873046875,1297.8499755859375,0.0,1313.300048828125,1286.699951171875,1295.0,0.0,1676544
2018-09-12,1205.577880859375,1291.0,0.0,1303.5,1280.0,1303.5,0.0,1111171
2018-09-14,1245.6390380859375,1333.9000244140625,0.0,1336.550048828125,1297.550048828125,1298.800048828125,0.0,1498792
2018-09-17,1222.059814453125,1308.6500244140625,0.0,1329.949951171875,1302.0,1329.949951171875,0.0,965321
2018-09-18,1206.60498046875,1292.0999755859375,0.0,1331.75,1285.0,1306.0,0.0,1088372
2018-09-19,1205.9041748046875,1291.3499755859375,0.0,1319.199951171875,1287.0,1304.199951171875,0.0,929673
2018-09-21,1218.4180908203125,1304.75,0.0,1324.8499755859375,1211.9000244140625,1292.0999755859375,0.0,1867297
2018-09-24,1187.788330078125,1271.949951171875,0.0,1316.6500244140625,1256.0,1300.0,0.0,1691456
2018-09-25,1204.550537109375,1289.9000244140625,0.0,1304.8499755859375,1257.1500244140625,1271.800048828125,0.0,1262738
2018-09-26,1197.1732177734375,1282.0,0.0,1303.5,1274.0,1300.0,0.0,1338324
2018-09-27,1202.30908203125,1287.5,0.0,1314.0,1276.449951171875,1294.800048828125,0.0,1901166
2018-09-28,1207.725830078125,1293.300048828125,0.0,1315.0,1286.0,1293.0,0.0,1549540
2018-10-01,1195.1190185546875,1279.800048828125,0.0,1307.9000244140625,1269.0,1299.0,0.0,1143818
2018-10-03,1168.9248046875,1251.75,0.0,1269.0,1246.1500244140625,1264.9000244140625,0.0,1236645
2018-10-04,1143.664794921875,1224.699951171875,0.0,1239.199951171875,1214.0,1228.0,0.0,1557441
2018-10-05,1129.47021484375,1209.5,0.0,1240.0,1191.8499755859375,1221.449951171875,0.0,1344685
2018-10-08,1165.2359619140625,1247.800048828125,0.0,1254.0,1201.0999755859375,1210.0,0.0,1050759
2018-10-09,1121.906494140625,1201.4000244140625,0.0,1255.9000244140625,1191.0,1254.0,0.0,1088738
2018-10-10,1144.8319091796875,1225.949951171875,0.0,1240.8499755859375,1180.9000244140625,1205.9000244140625,0.0,803576
2018-10-11,1138.388427734375,1219.050048828125,0.0,1221.5,1190.449951171875,1201.0,0.0,781348
2018-10-12,1177.74951171875,1261.199951171875,0.0,1265.949951171875,1233.9000244140625,1233.9000244140625,0.0,1000950
2018-10-15,1167.57080078125,1250.300048828125,0.0,1257.199951171875,1241.5,1255.0,0.0,728514
2018-10-16,1183.72607421875,1267.5999755859375,0.0,1282.9000244140625,1252.550048828125,1257.0,0.0,908616
2018-10-17,1175.6951904296875,1259.0,0.0,1282.25,1255.0,1282.199951171875,0.0,698043
2018-10-19,1153.656494140625,1235.4000244140625,0.0,1287.0,1220.449951171875,1264.0,0.0,1449043
2018-10-22,1120.972412109375,1200.4000244140625,0.0,1247.1500244140625,1191.0,1245.0,0.0,1949683
2018-10-23,1063.1217041015625,1138.449951171875,0.0,1190.0,1118.0,1135.199951171875,0.0,8272850
2018-10-24,1108.3658447265625,1186.9000244140625,0.0,1199.0,1150.1500244140625,1160.0,0.0,2370198
2018-10-25,1120.645751953125,1200.050048828125,0.0,1208.949951171875,1175.0,1180.5,0.0,1995349
2018-10-26,1111.5411376953125,1190.300048828125,0.0,1202.0,1168.3499755859375,1200.0,0.0,1440249
2018-10-29,1119.5909423828125,1196.050048828125,2.85,1213.699951171875,1186.5,1194.800048828125,0.0,1186190
2018-10-30,1119.8250732421875,1196.300048828125,0.0,1208.0,1175.550048828125,1194.800048828125,0.0,1075337
2018-10-31,1151.7449951171875,1230.4000244140625,0.0,1234.949951171875,1183.8499755859375,1205.5999755859375,0.0,1561884
2018-11-01,1139.95068359375,1217.800048828125,0.0,1244.800048828125,1213.800048828125,1233.0,0.0,1200280
2018-11-02,1167.2843017578125,1247.0,0.0,1291.550048828125,1241.25,1242.0,0.0,2235848
2018-11-05,1164.5225830078125,1244.050048828125,0.0,1260.6500244140625,1232.5,1252.0,0.0,756887
2018-11-06,1159.327392578125,1238.5,0.0,1255.0,1235.0,1242.199951171875,0.0,815046
2018-11-07,1170.981689453125,1250.949951171875,0.0,1254.0,1239.199951171875,1250.0,0.0,100134
2018-11-09,1212.77734375,1295.5999755859375,0.0,1308.9000244140625,1256.8499755859375,1259.800048828125,0.0,2026920
2018-11-12,1197.05126953125,1278.800048828125,0.0,1314.9000244140625,1275.1500244140625,1295.0,0.0,1100286
2018-11-13,1202.761474609375,1284.9000244140625,0.0,1295.5999755859375,1277.449951171875,1277.449951171875,0.0,1632176
2018-11-14,1236.1324462890625,1320.550048828125,0.0,1337.949951171875,1302.0,1312.0,0.0,1631802
2018-11-15,1234.026123046875,1318.300048828125,0.0,1331.8499755859375,1313.4000244140625,1320.0,0.0,1065640
2018-11-16,1236.8343505859375,1321.300048828125,0.0,1329.800048828125,1313.199951171875,1320.0,0.0,1113304
2018-11-19,1228.2694091796875,1312.1500244140625,0.0,1329.8499755859375,1305.0,1329.0,0.0,784645
2018-11-20,1223.3077392578125,1306.8499755859375,0.0,1331.050048828125,1304.699951171875,1317.0,0.0,867729
2018-11-21,1239.5489501953125,1324.199951171875,0.0,1342.5,1313.75,1329.0,0.0,1374789
2018-11-22,1230.3751220703125,1314.4000244140625,0.0,1330.699951171875,1308.75,1330.0,0.0,691593
2018-11-26,1263.231689453125,1349.5,0.0,1357.550048828125,1323.5999755859375,1329.949951171875,0.0,2149117
2018-11-27,1253.964599609375,1339.5999755859375,0.0,1346.800048828125,1326.050048828125,1346.800048828125,0.0,1130756
2018-11-28,1239.5955810546875,1324.25,0.0,1354.550048828125,1319.1500244140625,1352.9000244140625,0.0,1205630
2018-11-29,1263.98046875,1350.300048828125,0.0,1355.0,1330.699951171875,1336.0,0.0,3556169
2018-11-30,1259.9088134765625,1345.949951171875,0.0,1361.75,1342.1500244140625,1352.800048828125,0.0,1030541
2018-12-03,1253.1221923828125,1338.699951171875,0.0,1359.0,1335.050048828125,1345.0,0.0,710748
2018-12-04,1244.4632568359375,1329.449951171875,0.0,1354.699951171875,1326.449951171875,1336.550048828125,0.0,830261
2018-12-05,1244.5101318359375,1329.5,0.0,1343.0,1323.5999755859375,1328.5,0.0,864628
2018-12-06,1212.3092041015625,1295.0999755859375,0.0,1324.949951171875,1286.5999755859375,1324.0,0.0,896350
2018-12-07,1234.3536376953125,1318.6500244140625,0.0,1324.0,1298.4000244140625,1306.5,0.0,1037026
2018-12-10,1192.7451171875,1274.199951171875,0.0,1306.25,1262.300048828125,1280.0,0.0,1074399
2018-12-11,1238.987548828125,1323.5999755859375,0.0,1336.449951171875,1252.1500244140625,1268.0,0.0,1746513
2018-12-12,1245.82080078125,1330.9000244140625,0.0,1337.199951171875,1311.8499755859375,1323.0,0.0,986580
2018-12-13,1235.8045654296875,1320.199951171875,0.0,1343.199951171875,1316.0,1338.449951171875,0.0,1175211
2018-12-14,1255.22802734375,1340.949951171875,0.0,1351.0,1320.0,1332.800048828125,0.0,1869410
2018-12-17,1250.4544677734375,1335.8499755859375,0.0,1344.949951171875,1330.0,1340.0,0.0,665295
2018-12-18,1269.03515625,1355.699951171875,0.0,1361.0,1327.550048828125,1338.449951171875,0.0,1581385
2018-12-19,1310.7373046875,1400.25,0.0,1406.800048828125,1370.0,1370.0,0.0,3334213
2018-12-20,1334.65380859375,1425.800048828125,0.0,1431.550048828125,1389.050048828125,1389.9000244140625,0.0,2578234
2018-12-21,1299.457763671875,1388.199951171875,0.0,1433.9000244140625,1382.300048828125,1433.9000244140625,0.0,2098064
2018-12-24,1270.2989501953125,1357.050048828125,0.0,1388.949951171875,1351.0999755859375,1388.0,0.0,1649577
2018-12-26,1275.8687744140625,1363.0,0.0,1374.9000244140625,1347.4000244140625,1367.949951171875,0.0,1790087
2018-12-27,1284.76123046875,1372.5,0.0,1384.75,1354.300048828125,1360.050048828125,0.0,2174090
2018-12-28,1278.6768798828125,1366.0,0.0,1383.0,1359.0,1383.0,0.0,1705033
2018-12-31,1285.276123046875,1373.050048828125,0.0,1378.0,1367.300048828125,1375.0,0.0,698593
2019-01-01,1283.8720703125,1371.550048828125,0.0,1379.699951171875,1358.5999755859375,1373.199951171875,0.0,664707
2019-01-02,1294.87109375,1383.300048828125,0.0,1386.8499755859375,1361.5999755859375,1367.0,0.0,1233780
2019-01-03,1299.55126953125,1388.300048828125,0.0,1393.8499755859375,1378.0,1381.800048828125,0.0,1636293
2019-01-04,1297.2578125,1385.8499755859375,0.0,1401.4000244140625,1381.4000244140625,1388.0,0.0,1202397
2019-01-07,1306.7591552734375,1396.0,0.0,1405.4000244140625,1383.75,1386.0,0.0,1074373
2019-01-08,1311.6734619140625,1401.25,0.0,1412.699951171875,1395.5,1401.0,0.0,1232440
2019-01-09,1312.3753662109375,1402.0,0.0,1414.0,1397.1500244140625,1402.5,0.0,973687
2019-01-10,1307.086669921875,1396.3499755859375,0.0,1400.0,1388.6500244140625,1390.0,0.0,1004783
2019-01-11,1313.919921875,1403.6500244140625,0.0,1406.199951171875,1392.4000244140625,1399.75,0.0,473391
2019-01-14,1299.8316650390625,1388.5999755859375,0.0,1410.5999755859375,1385.449951171875,1404.0,0.0,1360800
2019-01-15,1316.072998046875,1405.949951171875,0.0,1414.449951171875,1388.5999755859375,1388.5999755859375,0.0,1355920
2019-01-16,1300.90869140625,1389.75,0.0,1412.949951171875,1387.699951171875,1410.0,0.0,1189597
2019-01-17,1300.7681884765625,1389.5999755859375,0.0,1398.5,1383.800048828125,1390.0,0.0,853829
2019-01-18,1310.9246826171875,1400.449951171875,0.0,1404.75,1383.0,1391.0,0.0,1092189
2019-01-21,1331.1903076171875,1422.0999755859375,0.0,1424.800048828125,1395.199951171875,1395.199951171875,0.0,2513582
2019-01-22,1317.0089111328125,1406.949951171875,0.0,1432.050048828125,1375.25,1423.9000244140625,0.0,5483768
2019-01-23,1307.2738037109375,1396.550048828125,0.0,1429.449951171875,1390.0,1429.0,0.0,2702265
2019-01-24,1312.2352294921875,1401.8499755859375,0.0,1413.5,1396.5,1400.0,0.0,1562800
2019-01-25,1284.4337158203125,1372.1500244140625,0.0,1413.699951171875,1353.300048828125,1408.4000244140625,0.0,1613548
2019-01-28,1291.3138427734375,1379.5,0.0,1391.0,1366.8499755859375,1375.0,0.0,1590764
2019-01-29,1304.231689453125,1393.300048828125,0.0,1400.0,1373.199951171875,1377.0,0.0,1061762
2019-01-30,1301.5169677734375,1390.4000244140625,0.0,1416.800048828125,1372.0999755859375,1394.0,0.0,1313152
2019-01-31,1322.2978515625,1412.5999755859375,0.0,1415.0,1391.050048828125,1400.0,0.0,1256050
2019-02-01,1364.046875,1457.199951171875,0.0,1469.6500244140625,1408.199951171875,1412.4000244140625,0.0,2077539
2019-02-04,1353.890380859375,1446.3499755859375,0.0,1452.800048828125,1434.0,1444.0,0.0,735159
2019-02-05,1357.634521484375,1450.3499755859375,0.0,1466.9000244140625,1443.0999755859375,1444.949951171875,0.0,786962
2019-02-06,1375.4666748046875,1469.4000244140625,0.0,1476.199951171875,1452.300048828125,1457.8499755859375,0.0,1088914
2019-02-07,1378.322021484375,1472.449951171875,0.0,1476.800048828125,1457.0,1467.050048828125,0.0,697412
2019-02-08,1356.1834716796875,1448.800048828125,0.0,1480.0,1445.0,1468.0,0.0,1018518
2019-02-11,1345.2318115234375,1437.0999755859375,0.0,1457.300048828125,1427.0,1447.9000244140625,0.0,728051
2019-02-12,1359.27294921875,1452.0999755859375,0.0,1456.9000244140625,1435.25,1438.5,0.0,947583
2019-02-14,1309.7545166015625,1399.199951171875,0.0,1423.1500244140625,1396.5,1417.6500244140625,0.0,915441
2019-02-15,1304.512451171875,1393.5999755859375,0.0,1404.949951171875,1372.0999755859375,1400.800048828125,0.0,1113223
2019-02-18,1291.8287353515625,1380.050048828125,0.0,1401.699951171875,1345.0,1401.699951171875,0.0,1460282
2019-02-19,1289.7694091796875,1377.8499755859375,0.0,1396.949951171875,1371.0,1372.050048828125,0.0,697530
2019-02-20,1307.6015625,1396.9000244140625,0.0,1398.800048828125,1376.0,1380.0,0.0,843469
2019-02-21,1308.444091796875,1397.800048828125,0.0,1407.8499755859375,1390.300048828125,1399.0,0.0,677142
2019-02-22,1308.444091796875,1397.800048828125,0.0,1407.75,1384.199951171875,1399.0,0.0,801380
2019-02-25,1308.8651123046875,1398.25,0.0,1405.800048828125,1391.3499755859375,1399.949951171875,0.0,711217
2019-02-26,1312.3753662109375,1402.0,0.0,1407.0,1378.5999755859375,1396.9000244140625,0.0,1147218
2019-02-27,1315.8387451171875,1405.699951171875,0.0,1430.8499755859375,1395.0,1404.0,0.0,1462017
2019-02-28,1315.370849609375,1405.199951171875,0.0,1415.0,1401.449951171875,1414.800048828125,0.0,1230935
2019-03-01,1303.3421630859375,1392.3499755859375,0.0,1417.949951171875,1388.0999755859375,1409.0,0.0,783876
2019-03-05,1314.1072998046875,1403.8499755859375,0.0,1409.75,1382.699951171875,1393.5,0.0,1214257
2019-03-06,1304.6055908203125,1393.699951171875,0.0,1410.0,1386.550048828125,1408.0,0.0,720335
2019-03-07,1306.2442626953125,1395.449951171875,0.0,1405.5,1392.0,1398.5999755859375,0.0,746742
2019-03-08,1293.9815673828125,1382.3499755859375,0.0,1394.6500244140625,1380.0,1393.75,0.0,524331
2019-03-11,1329.0377197265625,1419.800048828125,0.0,1423.0,1385.0,1389.199951171875,0.0,1342007
2019-03-12,1336.8070068359375,1428.0999755859375,0.0,1445.3499755859375,1421.199951171875,1422.0,0.0,1333909
2019-03-13,1336.994384765625,1428.300048828125,0.0,1439.4000244140625,1417.0,1439.4000244140625,0.0,708227
2019-03-14,1343.0321044921875,1434.75,0.0,1446.949951171875,1420.0,1437.5999755859375,0.0,1113700
2019-03-15,1340.9725341796875,1432.550048828125,0.0,1457.0,1428.6500244140625,1434.0,0.0,1667627
2019-03-18,1353.1883544921875,1445.5999755859375,0.0,1460.5999755859375,1436.5999755859375,1446.0,0.0,1148000
2019-03-19,1360.9576416015625,1453.9000244140625,0.0,1459.8499755859375,1440.0,1442.0,0.0,886660
2019-03-20,1363.06396484375,1456.1500244140625,0.0,1466.0,1448.5,1462.0,0.0,764625
2019-03-22,1377.1986083984375,1471.25,0.0,1479.9000244140625,1452.5999755859375,1459.0,0.0,1380404
2019-03-25,1364.37451171875,1457.550048828125,0.0,1475.5999755859375,1451.5,1465.0999755859375,0.0,848078
2019-03-26,1390.1162109375,1485.050048828125,0.0,1492.25,1460.5,1460.5,0.0,1630147
2019-03-27,1377.9476318359375,1472.050048828125,0.0,1496.949951171875,1463.5,1494.0,0.0,1387002
2019-03-28,1401.30224609375,1497.0,0.0,1508.949951171875,1473.5,1473.5,0.0,1353947
2019-04-01,1397.32421875,1492.75,0.0,1504.0,1490.0,1496.75,0.0,707570
2019-04-02,1422.1771240234375,1519.300048828125,0.0,1523.449951171875,1484.550048828125,1493.0,0.0,1326634
2019-04-03,1401.8642578125,1497.5999755859375,0.0,1529.8499755859375,1493.0,1521.25,0.0,1606692
2019-04-04,1421.896240234375,1519.0,0.0,1525.0,1503.0,1504.800048828125,0.0,1409222
2019-04-05,1417.636962890625,1514.449951171875,0.0,1523.6500244140625,1503.0,1520.0,0.0,1129222
2019-04-08,1400.694091796875,1496.3499755859375,0.0,1514.0,1486.0,1514.0,0.0,925518
2019-04-09,1352.486328125,1444.8499755859375,0.0,1474.9000244140625,1437.199951171875,1464.699951171875,0.0,2642226
2019-04-10,1319.7237548828125,1409.8499755859375,0.0,1451.0,1405.3499755859375,1449.800048828125,0.0,2608319
2019-04-11,1332.173583984375,1423.1500244140625,0.0,1431.949951171875,1408.0,1409.699951171875,0.0,1494450
2019-04-12,1346.6826171875,1438.6500244140625,0.0,1444.800048828125,1425.800048828125,1432.75,0.0,1510649
2019-04-15,1340.03662109375,1431.550048828125,0.0,1451.449951171875,1427.0,1447.949951171875,0.0,791389
2019-04-16,1365.7315673828125,1459.0,0.0,1464.9000244140625,1440.25,1442.75,0.0,1463057
2019-04-18,1375.6539306640625,1469.5999755859375,0.0,1479.9000244140625,1460.300048828125,1464.0,0.0,1425676
2019-04-22,1351.08203125,1443.3499755859375,0.0,1459.949951171875,1435.0,1459.949951171875,0.0,737603
2019-04-23,1339.5216064453125,1431.0,0.0,1454.9000244140625,1425.9000244140625,1449.0,0.0,601653
2019-04-24,1357.3541259765625,1450.050048828125,0.0,1459.4000244140625,1431.0,1436.0,0.0,1154712
2019-04-25,1355.38818359375,1447.949951171875,0.0,1460.0,1438.0999755859375,1450.0,0.0,1161847
2019-04-26,1356.136962890625,1448.75,0.0,1459.3499755859375,1436.0,1450.0,0.0,704193
2019-04-30,1369.616455078125,1463.1500244140625,0.0,1477.0,1455.300048828125,1456.0,0.0,1525776
2019-05-02,1344.763427734375,1436.5999755859375,0.0,1472.9000244140625,1430.0999755859375,1465.0,0.0,774788
2019-05-03,1346.5889892578125,1438.550048828125,0.0,1456.0,1432.199951171875,1443.800048828125,0.0,1020007
2019-05-06,1322.4852294921875,1412.800048828125,0.0,1448.5999755859375,1408.550048828125,1434.949951171875,0.0,1161960
2019-05-07,1299.083251953125,1387.800048828125,0.0,1426.800048828125,1376.3499755859375,1426.800048828125,0.0,2863939
2019-05-08,1297.1175537109375,1385.699951171875,0.0,1395.0,1362.5999755859375,1382.0,0.0,1414591
2019-05-09,1267.6309814453125,1354.199951171875,0.0,1393.6500244140625,1346.550048828125,1384.949951171875,0.0,2628463
2019-05-10,1255.32177734375,1341.050048828125,0.0,1350.0,1314.0999755859375,1314.0999755859375,0.0,3476379
2019-05-13,1247.3182373046875,1332.5,0.0,1345.25,1323.6500244140625,1341.050048828125,0.0,862130
2019-05-14,1235.8514404296875,1320.25,0.0,1334.75,1302.0999755859375,1330.0,0.0,2167873
2019-05-15,1222.4654541015625,1305.949951171875,0.0,1329.0,1301.699951171875,1326.0,0.0,996276
2019-05-16,1221.0145263671875,1304.4000244140625,0.0,1314.0,1295.8499755859375,1312.0,0.0,726485
2019-05-17,1235.6173095703125,1320.0,0.0,1330.75,1301.0,1305.0,0.0,860934
2019-05-20,1286.1187744140625,1373.949951171875,0.0,1378.4000244140625,1335.0,1340.0,0.0,976630
2019-05-21,1270.9541015625,1357.75,0.0,1384.0,1352.699951171875,1384.0,0.0,1166297
2019-05-22,1280.969970703125,1368.449951171875,0.0,1373.75,1348.050048828125,1360.5,0.0,840075
2019-05-23,1280.315185546875,1367.75,0.0,1389.0,1357.699951171875,1389.0,0.0,1527569
2019-05-24,1295.9940185546875,1384.5,0.0,1400.449951171875,1376.1500244140625,1392.0,0.0,980933
2019-05-27,1279.472412109375,1366.8499755859375,0.0,1390.699951171875,1362.699951171875,1386.9000244140625,0.0,782730
2019-05-28,1277.1324462890625,1364.3499755859375,0.0,1388.8499755859375,1360.0,1369.949951171875,0.0,1562891
2019-05-29,1271.422119140625,1358.25,0.0,1366.949951171875,1347.0999755859375,1360.800048828125,0.0,582768
2019-05-30,1286.7271728515625,1374.5999755859375,0.0,1392.0,1353.9000244140625,1365.0,0.0,1032259
2019-05-31,1317.336669921875,1407.300048828125,0.0,1428.0,1381.0,1381.0,0.0,2559888
2019-06-03,1365.9656982421875,1459.25,0.0,1464.949951171875,1430.0,1431.949951171875,0.0,2867897
2019-06-04,1330.6290283203125,1421.5,0.0,1455.0,1417.050048828125,1455.0,0.0,1493226
2019-06-06,1337.228271484375,1428.550048828125,0.0,1461.8499755859375,1424.9000244140625,1434.949951171875,0.0,1985857
2019-06-07,1327.680419921875,1418.3499755859375,0.0,1439.8499755859375,1413.050048828125,1429.0,0.0,878470
2019-06-10,1331.658447265625,1422.5999755859375,0.0,1442.0,1418.5,1429.0,0.0,800967
2019-06-11,1334.373291015625,1425.5,0.0,1433.3499755859375,1409.5,1428.0,0.0,743047
2019-06-12,1334.3265380859375,1425.449951171875,0.0,1439.9000244140625,1421.0,1429.949951171875,0.0,874293
2019-06-13,1345.290283203125,1429.449951171875,7.65,1438.9000244140625,1422.199951171875,1429.0,0.0,1572720
2019-06-14,1329.573486328125,1412.75,0.0,1431.75,1411.0,1430.0,0.0,546091
2019-06-17,1319.409423828125,1401.949951171875,0.0,1425.0,1398.9000244140625,1417.0,0.0,962166
2019-06-18,1298.799072265625,1380.050048828125,0.0,1410.4000244140625,1376.050048828125,1405.0,0.0,1177437
2019-06-19,1299.833984375,1381.1500244140625,0.0,1396.4000244140625,1372.0,1382.0,0.0,692212
2019-06-20,1310.09228515625,1392.050048828125,0.0,1404.9000244140625,1360.699951171875,1365.550048828125,0.0,991210
2019-06-21,1301.5753173828125,1383.0,0.0,1394.6500244140625,1372.0,1379.949951171875,0.0,1242165
2019-06-24,1295.1287841796875,1376.1500244140625,0.0,1398.0,1368.25,1386.0,0.0,757055
2019-06-25,1282.846923828125,1363.0999755859375,0.0,1372.449951171875,1360.3499755859375,1371.0,0.0,1388994
2019-06-26,1279.882568359375,1359.949951171875,0.0,1369.550048828125,1352.0,1360.0,0.0,960174
2019-06-27,1281.2471923828125,1361.4000244140625,0.0,1369.6500244140625,1358.1500244140625,1361.0999755859375,0.0,2113899
2019-06-28,1278.1884765625,1358.1500244140625,0.0,1371.9000244140625,1350.0999755859375,1365.0,0.0,1131371
2019-07-01,1274.1416015625,1353.8499755859375,0.0,1374.5,1351.050048828125,1368.0,0.0,739182
2019-07-02,1266.5185546875,1345.75,0.0,1360.0,1340.699951171875,1356.0,0.0,1171118
2019-07-03,1272.400634765625,1352.0,0.0,1371.0,1349.5,1356.050048828125,0.0,1378288
2019-07-04,1279.6473388671875,1359.699951171875,0.0,1366.3499755859375,1351.1500244140625,1356.0,0.0,902077
2019-07-05,1278.7060546875,1358.699951171875,0.0,1373.449951171875,1351.449951171875,1363.9000244140625,0.0,966162
2019-07-08,1261.342041015625,1340.25,0.0,1358.4000244140625,1332.699951171875,1358.0,0.0,866416
2019-07-09,1243.2255859375,1321.0,0.0,1344.9000244140625,1291.25,1344.9000244140625,0.0,2037332
2019-07-10,1245.060546875,1322.949951171875,0.0,1340.3499755859375,1312.050048828125,1317.800048828125,0.0,1115080
2019-07-11,1254.0015869140625,1332.449951171875,0.0,1337.0,1311.050048828125,1317.0,0.0,757323
2019-07-12,1281.7646484375,1361.949951171875,0.0,1369.550048828125,1325.449951171875,1332.449951171875,0.0,1050985
2019-07-15,1273.48291015625,1353.1500244140625,0.0,1367.0,1347.050048828125,1362.8499755859375,0.0,666533
2019-07-16,1291.5054931640625,1372.300048828125,0.0,1375.0,1345.0,1352.0,0.0,782642
2019-07-17,1313.7159423828125,1395.9000244140625,0.0,1404.8499755859375,1375.5,1377.0,0.0,1599926
2019-07-18,1303.410400390625,1384.949951171875,0.0,1395.3499755859375,1377.199951171875,1395.0,0.0,802222
2019-07-19,1288.4937744140625,1369.0999755859375,0.0,1399.4000244140625,1365.0,1390.0999755859375,0.0,842552
2019-07-22,1321.527099609375,1404.199951171875,0.0,1410.0,1359.050048828125,1367.800048828125,0.0,1279369
2019-07-23,1345.1962890625,1429.3499755859375,0.0,1443.949951171875,1401.8499755859375,1409.0,0.0,2262423
2019-07-24,1396.0640869140625,1483.4000244140625,0.0,1493.5,1395.1500244140625,1430.5,0.0,7400250
2019-07-25,1407.781005859375,1495.8499755859375,0.0,1503.8499755859375,1459.050048828125,1481.300048828125,0.0,4194809
2019-07-26,1436.5794677734375,1526.449951171875,0.0,1530.800048828125,1485.5999755859375,1488.0999755859375,0.0,2420636
2019-07-29,1424.156982421875,1513.25,0.0,1538.25,1506.5999755859375,1524.9000244140625,0.0,1634196
2019-07-30,1419.9217529296875,1508.75,0.0,1527.0,1502.699951171875,1511.0999755859375,0.0,1436383
2019-07-31,1431.544189453125,1521.0999755859375,0.0,1525.0,1495.1500244140625,1507.0,0.0,1249734
2019-08-01,1416.1099853515625,1504.699951171875,0.0,1531.449951171875,1493.6500244140625,1515.0,0.0,2263295
2019-08-02,1454.225830078125,1545.199951171875,0.0,1550.0,1504.5,1509.0,0.0,3044783
2019-08-05,1435.5914306640625,1525.4000244140625,0.0,1551.0,1521.699951171875,1533.199951171875,0.0,1443728
2019-08-06,1473.659912109375,1565.8499755859375,0.0,1569.8499755859375,1524.050048828125,1530.0,0.0,2056715
2019-08-07,1467.4013671875,1559.199951171875,0.0,1575.0,1551.9000244140625,1563.300048828125,0.0,1583322
2019-08-08,1473.7069091796875,1565.9000244140625,0.0,1569.699951171875,1540.300048828125,1565.75,0.0,1579565
2019-08-09,1482.74169921875,1575.5,0.0,1581.9000244140625,1561.0,1569.199951171875,0.0,1154542
2019-08-13,1480.7183837890625,1573.3499755859375,0.0,1594.0,1568.0,1573.5,0.0,1612748
2019-08-14,1477.2830810546875,1569.699951171875,0.0,1575.5,1552.5,1574.5,0.0,1113095
2019-08-16,1503.3994140625,1597.449951171875,0.0,1600.8499755859375,1561.0,1571.0,0.0,1682359
2019-08-19,1493.04736328125,1586.449951171875,0.0,1609.550048828125,1582.199951171875,1599.0,0.0,1322246
2019-08-20,1501.234619140625,1595.1500244140625,0.0,1599.5,1582.699951171875,1585.0,0.0,1024331
2019-08-21,1495.58837890625,1589.1500244140625,0.0,1595.0,1578.550048828125,1585.25,0.0,704009
2019-08-22,1477.7537841796875,1570.199951171875,0.0,1593.9000244140625,1566.300048828125,1585.199951171875,0.0,985590
2019-08-23,1487.3531494140625,1580.4000244140625,0.0,1583.3499755859375,1555.6500244140625,1569.9000244140625,0.0,984637
2019-08-26,1503.4935302734375,1597.550048828125,0.0,1600.0,1577.1500244140625,1590.0,0.0,1153556
2019-08-27,1505.281494140625,1599.449951171875,0.0,1607.449951171875,1585.5,1600.0,0.0,1581449
2019-08-28,1508.763916015625,1603.1500244140625,0.0,1606.75,1590.5999755859375,1599.199951171875,0.0,565676
2019-08-29,1520.1513671875,1615.25,0.0,1619.9000244140625,1589.0,1602.8499755859375,0.0,861692
2019-08-30,1521.0457763671875,1616.199951171875,0.0,1622.5,1595.0999755859375,1616.0,0.0,1181516
2019-09-03,1483.9180908203125,1576.75,0.0,1609.5999755859375,1573.550048828125,1608.0,0.0,1289263
2019-09-04,1444.767578125,1535.1500244140625,0.0,1582.5999755859375,1527.800048828125,1579.0,0.0,2381389
2019-09-05,1430.2742919921875,1519.75,0.0,1545.9000244140625,1515.25,1537.0,0.0,1506173
2019-09-06,1442.179443359375,1532.4000244140625,0.0,1539.449951171875,1519.75,1524.0,0.0,801338
2019-09-09,1449.8963623046875,1540.5999755859375,0.0,1545.0,1524.199951171875,1530.550048828125,0.0,812836
2019-09-11,1469.5189208984375,1561.449951171875,0.0,1565.0,1542.6500244140625,1545.0,0.0,1541300
2019-09-12,1449.6142578125,1540.300048828125,0.0,1570.0,1537.1500244140625,1570.0,0.0,753116
2019-09-13,1457.0489501953125,1548.199951171875,0.0,1553.1500244140625,1528.0,1540.0,0.0,547381
2019-09-16,1431.7330322265625,1521.300048828125,0.0,1526.949951171875,1502.0999755859375,1510.0,0.0,1811073
2019-09-17,1440.7677001953125,1530.9000244140625,0.0,1543.300048828125,1518.5999755859375,1527.4000244140625,0.0,1353034
2019-09-18,1456.6258544921875,1547.75,0.0,1560.949951171875,1535.0,1542.1500244140625,0.0,1057300
2019-09-19,1462.413330078125,1553.9000244140625,0.0,1563.5,1545.0,1553.9000244140625,0.0,879908
2019-09-20,1572.619140625,1671.0,0.0,1725.25,1542.0999755859375,1559.0,0.0,3962166
2019-09-23,1696.6123046875,1802.75,0.0,1820.0,1697.8499755859375,1697.8499755859375,0.0,4253004
2019-09-24,1661.93212890625,1765.9000244140625,0.0,1802.949951171875,1752.0,1802.800048828125,0.0,2028042
2019-09-25,1648.6619873046875,1751.800048828125,0.0,1784.0,1728.25,1784.0,0.0,1794074
2019-09-26,1666.6844482421875,1770.949951171875,0.0,1780.0,1751.9000244140625,1761.800048828125,0.0,1674004
2019-09-27,1671.7198486328125,1776.300048828125,0.0,1781.4000244140625,1735.3499755859375,1770.0,0.0,1115289
2019-09-30,1658.4027099609375,1762.1500244140625,0.0,1770.0,1737.050048828125,1768.0,0.0,1041807
2019-10-01,1662.119873046875,1766.0999755859375,0.0,1799.9000244140625,1757.0,1768.949951171875,0.0,1317945
2019-10-03,1645.9798583984375,1748.949951171875,0.0,1768.25,1732.199951171875,1765.0,0.0,1010826
2019-10-04,1622.875244140625,1724.4000244140625,0.0,1761.699951171875,1717.0999755859375,1753.9000244140625,0.0,1231811
2019-10-07,1623.5811767578125,1725.1500244140625,0.0,1742.949951171875,1717.8499755859375,1724.949951171875,0.0,562559
2019-10-09,1669.037353515625,1773.449951171875,0.0,1778.0,1725.699951171875,1725.699951171875,0.0,1777552
2019-10-10,1673.8841552734375,1778.5999755859375,0.0,1793.0,1756.5,1765.0,0.0,1599166
2019-10-11,1684.8482666015625,1790.25,0.0,1801.800048828125,1764.050048828125,1787.5999755859375,0.0,1442236
2019-10-14,1692.80078125,1798.699951171875,0.0,1806.300048828125,1784.699951171875,1790.0,0.0,881724
2019-10-15,1696.94140625,1803.0999755859375,0.0,1825.0,1796.0,1807.699951171875,0.0,1204392
2019-10-16,1661.7435302734375,1765.699951171875,0.0,1814.0,1756.550048828125,1808.5,0.0,1403020
2019-10-17,1705.6002197265625,1812.300048828125,0.0,1816.6500244140625,1756.0,1772.0,0.0,1722055
2019-10-18,1709.7880859375,1816.75,0.0,1824.449951171875,1786.699951171875,1815.0,0.0,1682488
2019-10-22,1675.389892578125,1780.199951171875,0.0,1825.0,1775.0,1822.699951171875,0.0,2135313
2019-10-23,1663.343505859375,1767.4000244140625,0.0,1800.0,1762.0,1762.4000244140625,0.0,3369253
2019-10-24,1685.0836181640625,1790.5,0.0,1794.949951171875,1753.050048828125,1778.0,0.0,1497854
2019-10-25,1690.5421142578125,1796.300048828125,0.0,1808.4000244140625,1785.050048828125,1797.0,0.0,1202154
2019-10-27,1687.0596923828125,1792.5999755859375,0.0,1807.550048828125,1788.0999755859375,1802.0,0.0,124919
2019-10-29,1707.4354248046875,1814.25,0.0,1820.0,1772.550048828125,1792.0999755859375,0.0,1050123
2019-10-30,1717.2410888671875,1821.300048828125,3.35,1830.0,1804.0,1830.0,0.0,1133258
2019-10-31,1706.2098388671875,1809.5999755859375,0.0,1834.800048828125,1803.5,1826.300048828125,0.0,1297114
2019-11-01,1665.430419921875,1766.3499755859375,0.0,1821.0,1762.0,1816.0,0.0,1527660
2019-11-04,1683.8636474609375,1785.9000244140625,0.0,1790.0,1766.199951171875,1775.0,0.0,821893
2019-11-05,1691.3592529296875,1793.8499755859375,0.0,1797.800048828125,1767.5999755859375,1780.0,0.0,1251974
2019-11-06,1694.895263671875,1797.5999755859375,0.0,1815.0,1780.5999755859375,1789.0,0.0,1136777
2019-11-07,1722.5682373046875,1826.949951171875,0.0,1830.9000244140625,1798.199951171875,1810.0,0.0,1380635
2019-11-08,1692.3021240234375,1794.8499755859375,0.0,1826.800048828125,1790.800048828125,1826.0,0.0,1077136
2019-11-11,1672.59619140625,1773.949951171875,0.0,1793.949951171875,1768.0,1789.949951171875,0.0,860384
2019-11-13,1669.2962646484375,1770.449951171875,0.0,1787.0,1756.699951171875,1773.75,0.0,983760
2019-11-14,1670.6163330078125,1771.8499755859375,0.0,1800.0,1766.449951171875,1778.0,0.0,1116800
2019-11-15,1660.1033935546875,1760.699951171875,0.0,1784.0,1756.300048828125,1780.8499755859375,0.0,729613
2019-11-18,1639.6431884765625,1739.0,0.0,1765.449951171875,1734.5,1760.699951171875,0.0,1273055
2019-11-19,1623.0015869140625,1721.3499755859375,0.0,1748.0,1718.5,1747.949951171875,0.0,1187377
2019-11-20,1625.0289306640625,1723.5,0.0,1748.8499755859375,1715.449951171875,1729.9000244140625,0.0,1374382
2019-11-21,1622.058837890625,1720.3499755859375,0.0,1734.8499755859375,1711.0,1727.9000244140625,0.0,913095
2019-11-22,1586.6070556640625,1682.75,0.0,1713.949951171875,1676.0,1710.0,0.0,1275334
2019-11-25,1612.960205078125,1710.699951171875,0.0,1718.0,1666.1500244140625,1684.0,0.0,1320689
2019-11-26,1612.5830078125,1710.300048828125,0.0,1728.8499755859375,1687.5999755859375,1718.0,0.0,2714721
2019-11-27,1617.3443603515625,1715.3499755859375,0.0,1731.0,1704.5999755859375,1714.0,0.0,883771
2019-11-28,1616.637451171875,1714.5999755859375,0.0,1727.550048828125,1701.75,1718.25,0.0,691147
2019-11-29,1608.669921875,1706.1500244140625,0.0,1720.4000244140625,1677.3499755859375,1715.0,0.0,1890290
2019-12-02,1638.9359130859375,1738.25,0.0,1742.5,1698.3499755859375,1706.199951171875,0.0,1476972
2019-12-03,1637.23876953125,1736.449951171875,0.0,1750.949951171875,1725.0,1740.0,0.0,1374317
2019-12-04,1622.01171875,1720.300048828125,0.0,1734.4000244140625,1710.25,1731.199951171875,0.0,853421
2019-12-05,1617.816162109375,1715.8499755859375,0.0,1738.1500244140625,1707.0,1717.4000244140625,0.0,971984
2019-12-06,1618.5703125,1716.6500244140625,0.0,1747.5999755859375,1712.8499755859375,1722.9000244140625,0.0,1031777
2019-12-09,1627.7158203125,1726.3499755859375,0.0,1732.9000244140625,1711.0,1725.0,0.0,751290
2019-12-10,1615.2703857421875,1713.1500244140625,0.0,1732.0,1709.0,1726.0,0.0,686580
2019-12-11,1638.888671875,1738.199951171875,0.0,1741.5999755859375,1713.25,1718.0,0.0,827804
2019-12-12,1650.6275634765625,1750.6500244140625,0.0,1754.0,1728.0999755859375,1740.3499755859375,0.0,802332
2019-12-13,1644.310302734375,1743.949951171875,0.0,1757.699951171875,1735.550048828125,1751.0,0.0,960033
2019-12-16,1632.524658203125,1731.449951171875,0.0,1752.0,1728.050048828125,1744.0,0.0,707437
2019-12-17,1645.677734375,1745.4000244140625,0.0,1748.949951171875,1730.25,1735.199951171875,0.0,873024
2019-12-18,1676.8392333984375,1778.449951171875,0.0,1782.0,1733.6500244140625,1749.25,0.0,1476506
2019-12-19,1700.080810546875,1803.0999755859375,0.0,1807.800048828125,1775.5999755859375,1778.800048828125,0.0,2554245
2019-12-20,1696.45068359375,1799.25,0.0,1809.0,1795.0,1804.949951171875,0.0,1419128
2019-12-23,1704.2767333984375,1807.550048828125,0.0,1814.5999755859375,1786.199951171875,1795.800048828125,0.0,659899
2019-12-24,1700.4110107421875,1803.449951171875,0.0,1826.0,1799.050048828125,1812.0,0.0,896574
2019-12-26,1706.2098388671875,1809.5999755859375,0.0,1819.699951171875,1797.050048828125,1799.4000244140625,0.0,1161570
2019-12-27,1708.708251953125,1812.25,0.0,1826.0,1800.5999755859375,1811.0,0.0,930468
2019-12-30,1699.3267822265625,1802.300048828125,0.0,1818.449951171875,1798.699951171875,1810.0,0.0,562492
2019-12-31,1682.9677734375,1784.949951171875,0.0,1805.0,1781.0999755859375,1805.0,0.0,928396
2020-01-01,1690.74658203125,1793.199951171875,0.0,1802.550048828125,1783.199951171875,1790.199951171875,0.0,397285
2020-01-02,1688.342041015625,1790.6500244140625,0.0,1799.9000244140625,1783.4000244140625,1791.0,0.0,411266
2020-01-03,1651.3348388671875,1751.4000244140625,0.0,1779.800048828125,1747.050048828125,1779.800048828125,0.0,1318628
2020-01-06,1609.613037109375,1707.1500244140625,0.0,1738.0,1694.0,1737.949951171875,0.0,1871804
2020-01-07,1625.8773193359375,1724.4000244140625,0.0,1740.5,1711.0,1711.0,0.0,1033650
2020-01-08,1630.0260009765625,1728.800048828125,0.0,1736.0,1695.0,1696.0,0.0,1006057
2020-01-09,1671.2764892578125,1772.550048828125,0.0,1775.0,1741.0,1763.0,0.0,1781733
2020-01-10,1690.1337890625,1792.550048828125,0.0,1797.300048828125,1760.0,1772.0,0.0,1256612
2020-01-13,1701.7781982421875,1804.9000244140625,0.0,1807.949951171875,1794.3499755859375,1799.0,0.0,823821
2020-01-14,1715.2138671875,1819.1500244140625,0.0,1821.6500244140625,1804.800048828125,1805.0,0.0,775629
2020-01-15,1736.994140625,1842.25,0.0,1845.0,1810.0999755859375,1817.5,0.0,1252925
2020-01-16,1730.2996826171875,1835.1500244140625,0.0,1848.0,1828.75,1835.949951171875,0.0,1031569
2020-01-17,1725.4913330078125,1830.050048828125,0.0,1838.9000244140625,1815.0,1835.5999755859375,0.0,862204
2020-01-20,1743.1229248046875,1848.75,0.0,1862.25,1833.5999755859375,1838.0,0.0,1091453
2020-01-21,1707.2939453125,1810.75,0.0,1842.550048828125,1793.8499755859375,1839.949951171875,0.0,2101561
2020-01-22,1677.5936279296875,1779.25,0.0,1818.699951171875,1766.8499755859375,1815.0,0.0,3415306
2020-01-23,1674.62353515625,1776.0999755859375,0.0,1789.0,1757.0999755859375,1779.0,0.0,1885275
2020-01-24,1684.7122802734375,1786.800048828125,0.0,1799.9000244140625,1780.25,1783.6500244140625,0.0,1195596
2020-01-27,1686.1734619140625,1788.3499755859375,0.0,1805.75,1780.0,1787.0,0.0,969054
2020-01-28,1677.4521484375,1779.0999755859375,0.0,1794.0,1773.0,1794.0,0.0,873291
2020-01-29,1694.2821044921875,1796.949951171875,0.0,1803.8499755859375,1781.0,1787.0,0.0,873805
2020-01-30,1701.87255859375,1805.0,0.0,1808.9000244140625,1786.0,1800.0,0.0,1005975
2020-01-31,1693.0565185546875,1795.6500244140625,0.0,1824.0,1788.699951171875,1810.0,0.0,1169614
2020-02-03,1760.9427490234375,1867.6500244140625,0.0,1872.9000244140625,1765.0,1768.800048828125,0.0,2854532
2020-02-04,1783.2415771484375,1891.300048828125,0.0,1896.75,1855.050048828125,1870.0,0.0,1830049
2020-02-05,1766.458740234375,1873.5,0.0,1890.0,1866.1500244140625,1889.0,0.0,1344016
2020-02-06,1750.7127685546875,1856.800048828125,0.0,1882.4000244140625,1845.0,1878.0,0.0,995386
2020-02-07,1752.504150390625,1858.699951171875,0.0,1876.5,1850.5999755859375,1856.800048828125,0.0,632858
2020-02-10,1762.687255859375,1869.5,0.0,1872.75,1837.199951171875,1867.0,0.0,747711
2020-02-11,1770.7957763671875,1878.0999755859375,0.0,1894.5,1872.75,1880.0,0.0,1093021
2020-02-12,1785.50439453125,1893.699951171875,0.0,1916.699951171875,1878.199951171875,1880.0,0.0,1616826
2020-02-13,1766.977294921875,1874.050048828125,0.0,1901.949951171875,1868.050048828125,1889.0,0.0,638878
2020-02-14,1769.805908203125,1877.050048828125,0.0,1899.6500244140625,1870.0,1876.5,0.0,771464
2020-02-17,1773.907470703125,1881.4000244140625,0.0,1893.5,1870.5999755859375,1879.9000244140625,0.0,676579
2020-02-18,1757.1715087890625,1863.6500244140625,0.0,1879.9000244140625,1861.0,1879.9000244140625,0.0,683421
2020-02-19,1777.20751953125,1884.9000244140625,0.0,1892.75,1851.3499755859375,1870.0999755859375,0.0,723351
2020-02-20,1736.994140625,1842.25,0.0,1886.0,1839.050048828125,1883.0,0.0,1401879
2020-02-24,1715.025146484375,1818.949951171875,0.0,1853.0,1814.0,1845.25,0.0,1310832
2020-02-25,1721.7672119140625,1826.0999755859375,0.0,1843.550048828125,1820.199951171875,1838.4000244140625,0.0,897257
2020-02-26,1722.28564453125,1826.6500244140625,0.0,1845.0,1820.0,1826.0,0.0,1909619
2020-02-27,1738.4556884765625,1843.800048828125,0.0,1852.0,1810.449951171875,1829.8499755859375,0.0,1643273
2020-02-28,1695.2252197265625,1797.949951171875,0.0,1842.0999755859375,1783.1500244140625,1820.0,0.0,2964119
2020-03-02,1684.7122802734375,1786.800048828125,0.0,1837.449951171875,1769.25,1815.0999755859375,0.0,1219296
2020-03-03,1704.497314453125,1800.550048828125,7.15,1818.0,1767.0,1780.050048828125,0.0,1392463
2020-03-04,1749.36865234375,1847.949951171875,0.0,1857.449951171875,1804.050048828125,1804.050048828125,0.0,3050469
2020-03-05,1774.4549560546875,1874.449951171875,0.0,1882.0,1852.0999755859375,1854.0,0.0,2062439
2020-03-06,1777.2950439453125,1877.449951171875,0.0,1884.4000244140625,1835.0,1840.0,0.0,1393659
2020-03-09,1767.54443359375,1867.1500244140625,0.0,1915.9000244140625,1848.0,1888.0,0.0,3420741
2020-03-11,1782.406982421875,1882.8499755859375,0.0,1905.0,1851.5,1874.949951171875,0.0,3194186
2020-03-12,1745.0140380859375,1843.3499755859375,0.0,1874.800048828125,1815.0,1864.949951171875,0.0,6254349
2020-03-13,1701.7994384765625,1797.699951171875,0.0,1843.75,1669.8499755859375,1785.0,0.0,3878300
2020-03-16,1593.596923828125,1683.4000244140625,0.0,1777.0,1678.1500244140625,1777.0,0.0,2867336
2020-03-17,1639.2254638671875,1731.5999755859375,0.0,1779.800048828125,1670.0,1699.0,0.0,2643189
2020-03-18,1531.8748779296875,1618.199951171875,0.0,1758.550048828125,1608.0,1732.0,0.0,3676437
2020-03-19,1515.781982421875,1601.199951171875,0.0,1653.949951171875,1431.199951171875,1540.0,0.0,4906644
2020-03-20,1649.969970703125,1742.949951171875,0.0,1757.4000244140625,1570.550048828125,1610.0,0.0,3128629
2020-03-23,1418.5130615234375,1498.449951171875,0.0,1650.0,1490.75,1578.5999755859375,0.0,2155326
2020-03-24,1443.5048828125,1524.8499755859375,0.0,1598.0,1453.25,1556.550048828125,0.0,3910566
2020-03-25,1508.1614990234375,1593.1500244140625,0.0,1605.3499755859375,1446.0,1446.550048828125,0.0,2196415
2020-03-26,1530.69140625,1616.949951171875,0.0,1650.0,1574.0,1605.0,0.0,2622118
2020-03-27,1518.5743408203125,1604.1500244140625,0.0,1665.25,1550.199951171875,1664.800048828125,0.0,2102479
2020-03-30,1509.8651123046875,1594.949951171875,0.0,1619.5,1559.050048828125,1591.1500244140625,0.0,1844011
2020-03-31,1577.5982666015625,1666.5,0.0,1690.0,1601.800048828125,1625.0,0.0,2789174
2020-04-01,1517.675048828125,1603.199951171875,0.0,1655.0,1584.25,1650.050048828125,0.0,1559455
2020-04-03,1439.765625,1520.9000244140625,0.0,1616.0,1517.25,1615.0999755859375,0.0,2925847
2020-04-07,1537.1763916015625,1623.800048828125,0.0,1635.0,1538.0,1540.0,0.0,2733586
2020-04-08,1523.1185302734375,1608.949951171875,0.0,1687.800048828125,1600.0,1623.800048828125,0.0,2382213
2020-04-09,1563.25634765625,1651.3499755859375,0.0,1678.9000244140625,1618.949951171875,1640.0,0.0,1489539
2020-04-13,1591.1824951171875,1680.8499755859375,0.0,1703.6500244140625,1602.8499755859375,1646.0,0.0,2586159
2020-04-15,1626.540283203125,1718.199951171875,0.0,1736.75,1683.800048828125,1703.6500244140625,0.0,2508270
2020-04-16,1650.1119384765625,1743.0999755859375,0.0,1752.300048828125,1684.75,1691.0,0.0,1821296
2020-04-17,1662.5606689453125,1756.25,0.0,1783.699951171875,1727.0999755859375,1763.0,0.0,1398686
2020-04-20,1638.1365966796875,1730.449951171875,0.0,1758.6500244140625,1705.6500244140625,1758.25,0.0,1431055
2020-04-21,1633.9241943359375,1726.0,0.0,1753.949951171875,1700.0,1710.0,0.0,1594930
2020-04-22,1716.2828369140625,1813.0,0.0,1822.0,1712.25,1717.0999755859375,0.0,3727805
2020-04-23,1724.4715576171875,1821.6500244140625,0.0,1845.4000244140625,1801.050048828125,1807.0,0.0,2573552
2020-04-24,1730.056884765625,1827.550048828125,0.0,1842.800048828125,1814.0,1815.050048828125,0.0,2744768
2020-04-27,1752.5872802734375,1851.3499755859375,0.0,1859.800048828125,1818.0999755859375,1840.0,0.0,1770889
2020-04-28,1727.0750732421875,1824.4000244140625,0.0,1864.0,1806.300048828125,1847.199951171875,0.0,1934910
2020-04-29,1673.2105712890625,1767.5,0.0,1847.0,1755.9000244140625,1846.9000244140625,0.0,2931120
2020-04-30,1664.880126953125,1758.699951171875,0.0,1797.0,1741.0,1795.0,0.0,2926333
2020-05-04,1587.348876953125,1676.800048828125,0.0,1751.0,1671.5,1718.0,0.0,2942397
2020-05-05,1532.7744140625,1619.1500244140625,0.0,1692.9000244140625,1578.25,1681.0,0.0,5867890
2020-05-06,1524.727783203125,1610.6500244140625,0.0,1638.699951171875,1577.0,1615.0,0.0,3937921
2020-05-07,1509.249755859375,1594.300048828125,0.0,1628.699951171875,1545.199951171875,1609.949951171875,0.0,5256213
2020-05-08,1494.1981201171875,1578.4000244140625,0.0,1638.0,1570.0,1611.800048828125,0.0,5644426
2020-05-11,1485.86767578125,1569.5999755859375,0.0,1599.0,1555.0,1583.0,0.0,3767646
2020-05-12,1442.0848388671875,1523.3499755859375,0.0,1543.75,1512.0,1539.0,0.0,4504073
2020-05-13,1479.903564453125,1563.300048828125,0.0,1579.800048828125,1533.3499755859375,1579.800048828125,0.0,2940514
2020-05-14,1441.1856689453125,1522.4000244140625,0.0,1557.5999755859375,1517.0,1553.300048828125,0.0,2592264
2020-05-15,1470.1058349609375,1552.949951171875,0.0,1560.0,1510.0,1529.0,0.0,2860493
2020-05-18,1421.0216064453125,1501.0999755859375,0.0,1558.550048828125,1498.0999755859375,1558.0,0.0,2871905
2020-05-19,1423.7198486328125,1503.949951171875,0.0,1516.949951171875,1482.949951171875,1510.0,0.0,3164137
2020-05-20,1420.0279541015625,1500.050048828125,0.0,1514.0,1492.6500244140625,1503.949951171875,0.0,2057402
2020-05-21,1490.31689453125,1574.300048828125,0.0,1583.5,1501.0,1503.0,0.0,3845743
2020-05-22,1531.591064453125,1617.9000244140625,0.0,1625.0,1555.4000244140625,1568.800048828125,0.0,5203736
2020-05-26,1542.9033203125,1629.8499755859375,0.0,1656.949951171875,1620.0,1625.0,0.0,3552636
2020-05-27,1533.0582275390625,1619.449951171875,0.0,1636.8499755859375,1595.949951171875,1631.0,0.0,2260057
2020-05-28,1555.919921875,1643.5999755859375,0.0,1656.949951171875,1615.25,1622.0,0.0,3138915
2020-05-29,1593.3128662109375,1683.0999755859375,0.0,1699.0,1633.0999755859375,1639.0,0.0,3532977
2020-06-01,1602.9212646484375,1693.25,0.0,1711.9000244140625,1681.5,1706.5,0.0,2529255
2020-06-02,1618.115234375,1709.300048828125,0.0,1733.0,1680.0,1693.25,0.0,2440552
2020-06-03,1624.9783935546875,1716.550048828125,0.0,1744.0,1705.8499755859375,1724.0,0.0,3088817
2020-06-04,1546.595458984375,1633.75,0.0,1719.5999755859375,1627.0,1716.449951171875,0.0,4388930
2020-06-05,1551.1392822265625,1638.550048828125,0.0,1659.3499755859375,1621.0,1650.0,0.0,2884206
2020-06-08,1547.0687255859375,1634.25,0.0,1666.0,1629.0,1657.0,0.0,2046505
2020-06-09,1554.45263671875,1642.050048828125,0.0,1695.0,1636.75,1640.0,0.0,3671930
2020-06-10,1548.6778564453125,1635.949951171875,0.0,1675.0999755859375,1627.9000244140625,1648.0,0.0,2069280
2020-06-11,1524.680419921875,1610.5999755859375,0.0,1646.0,1607.0,1635.949951171875,0.0,1888420
2020-06-12,1550.0032958984375,1637.3499755859375,0.0,1642.949951171875,1577.5,1580.0,0.0,2391556
2020-06-15,1531.8748779296875,1618.199951171875,0.0,1650.6500244140625,1602.0999755859375,1629.0,0.0,1681166
2020-06-16,1535.188232421875,1621.699951171875,0.0,1640.25,1607.6500244140625,1639.0,0.0,1497691
2020-06-17,1510.291259765625,1595.4000244140625,0.0,1622.6500244140625,1590.4000244140625,1607.550048828125,0.0,1812788
2020-06-18,1512.5633544921875,1597.800048828125,0.0,1612.199951171875,1587.300048828125,1595.4000244140625,0.0,1417273
2020-06-19,1535.94580078125,1622.5,0.0,1630.0,1591.050048828125,1597.800048828125,0.0,2714342
2020-06-22,1564.0137939453125,1652.1500244140625,0.0,1673.5,1624.0,1633.0,0.0,2034739
2020-06-23,1594.0699462890625,1683.9000244140625,0.0,1689.0,1641.0,1659.8499755859375,0.0,2334863
2020-06-24,1654.04052734375,1747.25,0.0,1813.75,1684.0,1684.0,0.0,11545923
2020-06-25,1598.89794921875,1689.0,0.0,1747.0,1683.1500244140625,1740.0,0.0,4054785
2020-06-26,1596.768310546875,1686.75,0.0,1710.3499755859375,1670.699951171875,1710.0,0.0,2129986
2020-06-29,1601.6905517578125,1691.949951171875,0.0,1708.449951171875,1674.050048828125,1687.0,0.0,2753482
2020-06-30,1597.4307861328125,1687.449951171875,0.0,1718.0,1681.6500244140625,1708.9000244140625,0.0,1960731
2020-07-01,1597.951416015625,1688.0,0.0,1698.0,1680.050048828125,1698.0,0.0,1661296
2020-07-02,1596.4840087890625,1686.449951171875,0.0,1704.0,1660.0999755859375,1700.0,0.0,2038399
2020-07-03,1605.1932373046875,1695.6500244140625,0.0,1720.0,1690.0,1695.4000244140625,0.0,1988941
2020-07-06,1617.68896484375,1708.8499755859375,0.0,1712.0,1692.1500244140625,1708.949951171875,0.0,1236670
2020-07-07,1652.62060546875,1745.75,0.0,1749.9000244140625,1705.8499755859375,1708.949951171875,0.0,2983260
2020-07-08,1596.2947998046875,1686.25,0.0,1761.800048828125,1680.050048828125,1750.0,0.0,2725937
2020-07-09,1625.64111328125,1717.25,0.0,1722.0,1692.0999755859375,1694.0,0.0,1904661
2020-07-10,1612.6243896484375,1703.5,0.0,1711.0,1695.199951171875,1707.949951171875,0.0,1156043
2020-07-13,1614.6597900390625,1705.6500244140625,0.0,1732.9000244140625,1700.0,1708.0,0.0,1289791
2020-07-14,1598.3299560546875,1688.4000244140625,0.0,1718.0,1682.0999755859375,1705.6500244140625,0.0,1347120
2020-07-15,1582.4736328125,1671.6500244140625,0.0,1713.5999755859375,1663.300048828125,1700.0,0.0,1611341
2020-07-16,1602.8740234375,1693.199951171875,0.0,1697.0999755859375,1645.0999755859375,1679.800048828125,0.0,1442725
2020-07-17,1626.25634765625,1717.9000244140625,0.0,1742.5,1689.75,1695.0,0.0,2308792
2020-07-20,1658.1585693359375,1751.5999755859375,0.0,1757.3499755859375,1720.25,1727.0,0.0,1848600
2020-07-21,1632.2674560546875,1724.25,0.0,1771.75,1719.0,1761.0,0.0,2088461
2020-07-22,1605.2877197265625,1695.75,0.0,1736.4000244140625,1691.0,1724.25,0.0,1300409
2020-07-23,1637.076416015625,1727.800048828125,1.5,1740.0,1687.0,1690.0,0.0,2375218
2020-07-24,1622.153564453125,1712.050048828125,0.0,1727.0,1682.0,1724.0,0.0,3971563
2020-07-27,1684.7825927734375,1778.1500244140625,0.0,1788.0,1717.199951171875,1717.199951171875,0.0,6470525
2020-07-28,1667.25390625,1759.6500244140625,0.0,1792.6500244140625,1751.050048828125,1779.0,0.0,2534092
2020-07-29,1648.778076171875,1740.1500244140625,0.0,1779.9000244140625,1730.0,1770.0,0.0,1530981
2020-07-30,1651.809814453125,1743.3499755859375,0.0,1778.0,1728.0999755859375,1752.0,0.0,2113975
2020-07-31,1625.4222412109375,1715.5,0.0,1770.9000244140625,1710.4000244140625,1754.0,0.0,1678643
2020-08-03,1615.9471435546875,1705.5,0.0,1735.0,1697.5,1729.0,0.0,1437425
2020-08-04,1623.95361328125,1713.949951171875,0.0,1735.0,1708.550048828125,1719.0,0.0,1815396
2020-08-05,1626.18017578125,1716.300048828125,0.0,1741.949951171875,1712.5,1718.0,0.0,1416803
2020-08-06,1636.83935546875,1727.550048828125,0.0,1752.0999755859375,1720.0999755859375,1732.050048828125,0.0,1914507
2020-08-07,1711.4071044921875,1806.25,0.0,1816.9000244140625,1725.699951171875,1727.550048828125,0.0,5166075
2020-08-10,1688.761962890625,1782.3499755859375,0.0,1824.300048828125,1777.0,1810.0,0.0,1892614
2020-08-11,1695.5841064453125,1789.550048828125,0.0,1837.800048828125,1780.0,1800.0,0.0,3039662
2020-08-12,1702.8795166015625,1797.25,0.0,1806.0,1772.0,1789.949951171875,0.0,1679096
2020-08-13,1707.9013671875,1802.550048828125,0.0,1815.0,1788.0,1806.4000244140625,0.0,1192375
2020-08-14,1707.9013671875,1802.550048828125,0.0,1830.0,1795.5,1818.699951171875,0.0,1868376
2020-08-17,1740.2584228515625,1836.699951171875,0.0,1842.5,1801.8499755859375,1820.0,0.0,1634180
2020-08-18,1775.694580078125,1874.0999755859375,0.0,1884.0,1831.0,1831.0,0.0,2586298
2020-08-19,1786.685302734375,1885.699951171875,0.0,1902.4000244140625,1872.550048828125,1890.0,0.0,1947114
2020-08-20,1776.4525146484375,1874.9000244140625,0.0,1880.0,1857.050048828125,1867.949951171875,0.0,1538879
2020-08-21,1855.18896484375,1958.0,0.0,1973.25,1880.75,1887.9000244140625,0.0,5688228
2020-08-24,1859.12109375,1962.1500244140625,0.0,1996.0,1940.0,1958.0,0.0,3996329
2020-08-25,1895.5521240234375,2000.5999755859375,0.0,2016.8499755859375,1964.0,1964.25,0.0,3544399
2020-08-26,1867.8851318359375,1971.4000244140625,0.0,2009.0,1955.5,2000.949951171875,0.0,2245810
2020-08-27,1878.402587890625,1982.5,0.0,2009.0,1970.050048828125,1980.9000244140625,0.0,3116305
2020-08-28,1855.28369140625,1958.0999755859375,0.0,1997.0,1953.300048828125,1994.0,0.0,1842536
2020-08-31,1799.3818359375,1899.0999755859375,0.0,1983.9000244140625,1881.25,1977.0,0.0,2738522
2020-09-01,1875.37060546875,1979.300048828125,0.0,1988.0,1907.75,1925.0,0.0,3068285
2020-09-02,1841.876708984375,1943.949951171875,0.0,1997.0,1925.0,1977.949951171875,0.0,2569603
2020-09-03,1874.1387939453125,1978.0,0.0,1987.8499755859375,1945.0,1950.199951171875,0.0,1931667
2020-09-04,1853.62548828125,1956.3499755859375,0.0,1993.699951171875,1951.0,1958.0,0.0,1930422
2020-09-07,1878.0234375,1982.0999755859375,0.0,2003.6500244140625,1948.0999755859375,1965.0,0.0,2855392
2020-09-08,1857.4156494140625,1960.3499755859375,0.0,2001.949951171875,1952.0,1987.5,0.0,2401034
2020-09-09,1875.133544921875,1979.050048828125,0.0,1993.9000244140625,1958.0,1960.3499755859375,0.0,2776804
2020-09-10,1948.5643310546875,2056.550048828125,0.0,2069.699951171875,1981.0,1985.050048828125,0.0,5081252
2020-09-11,1929.046142578125,2035.949951171875,0.0,2069.949951171875,2022.0,2063.0,0.0,2599475
2020-09-14,1924.54541015625,2031.199951171875,0.0,2054.0,2005.0,2050.0,0.0,2142458
2020-09-15,1911.612060546875,2017.550048828125,0.0,2049.550048828125,2009.050048828125,2045.0,0.0,1997383
2020-09-16,1906.4482421875,2012.0999755859375,0.0,2027.0,1994.1500244140625,2027.0,0.0,1717740
2020-09-17,1902.5162353515625,2007.949951171875,0.0,2045.0,2000.0,2000.0,0.0,2416918
2020-09-18,1921.8924560546875,2028.4000244140625,0.0,2044.3499755859375,2015.0,2026.300048828125,0.0,3021436
2020-09-21,1868.9749755859375,1972.550048828125,0.0,2057.0,1962.300048828125,2036.4000244140625,0.0,2518361
2020-09-22,1835.7655029296875,1937.5,0.0,1995.699951171875,1926.3499755859375,1990.199951171875,0.0,1974860
2020-09-23,1844.34033203125,1946.550048828125,0.0,1990.0,1928.300048828125,1940.0,0.0,2732912
2020-09-24,1817.620849609375,1918.3499755859375,0.0,1945.0,1907.75,1941.550048828125,0.0,1906183
2020-09-25,1824.490234375,1925.5999755859375,0.0,1955.0,1908.0,1925.25,0.0,1939316
2020-09-28,1843.4400634765625,1945.5999755859375,0.0,1958.0,1930.0,1938.0,0.0,1137313
2020-09-29,1857.036376953125,1959.949951171875,0.0,1989.949951171875,1954.0,1960.0,0.0,1965383
2020-09-30,1882.0977783203125,1986.4000244140625,0.0,2004.0,1958.1500244140625,1966.0999755859375,0.0,2518982
2020-10-01,1933.3096923828125,2040.449951171875,0.0,2049.35009765625,1992.050048828125,2007.0,0.0,2014003
2020-10-05,1921.5135498046875,2028.0,0.0,2042.699951171875,2011.0,2040.449951171875,0.0,1554873
2020-10-06,1980.257568359375,2090.0,0.0,2097.89990234375,2045.0999755859375,2050.0,0.0,3152378
2020-10-07,1994.47021484375,2105.0,0.0,2118.800048828125,2073.949951171875,2080.0,0.0,2429595
2020-10-08,1978.9786376953125,2088.64990234375,0.0,2107.949951171875,2072.050048828125,2104.5,0.0,1427493
2020-10-09,1942.9268798828125,2050.60009765625,0.0,2108.89990234375,2045.1500244140625,2094.0,0.0,1636939
2020-10-12,1968.74609375,2077.85009765625,0.0,2086.449951171875,2041.25,2067.89990234375,0.0,2182836
2020-10-13,1956.2388916015625,2064.64990234375,0.0,2114.0,2054.050048828125,2077.0,0.0,2619233
2020-10-14,1962.58740234375,2071.35009765625,0.0,2085.5,2055.0,2070.0,0.0,1530471
2020-10-15,1980.6839599609375,2090.449951171875,0.0,2124.0,2066.050048828125,2070.0,0.0,4001883
2020-10-16,1952.969970703125,2061.199951171875,0.0,2090.0,2055.550048828125,2089.949951171875,0.0,2017706
2020-10-19,1961.4029541015625,2070.10009765625,0.0,2079.949951171875,2056.5,2079.949951171875,0.0,1338404
2020-10-20,2007.261474609375,2118.5,0.0,2131.800048828125,2067.35009765625,2077.89990234375,0.0,2377713
2020-10-21,2003.2821044921875,2114.300048828125,0.0,2143.85009765625,2081.25,2130.0,0.0,2895432
2020-10-22,1989.6378173828125,2099.89990234375,0.0,2116.85009765625,2076.800048828125,2114.199951171875,0.0,2755686
2020-10-23,2008.919677734375,2120.25,0.0,2129.39990234375,2096.0,2113.5,0.0,3070714
2020-10-26,1971.209716796875,2080.449951171875,0.0,2116.35009765625,2070.050048828125,2116.35009765625,0.0,1278139
2020-10-27,2082.397705078125,2197.800048828125,0.0,2207.35009765625,2085.0,2085.0,0.0,4964874
2020-10-28,2049.279541015625,2159.550048828125,3.35,2218.550048828125,2150.14990234375,2199.800048828125,0.0,3166047
2020-10-29,2111.81494140625,2225.449951171875,0.0,2233.25,2161.10009765625,2162.0,0.0,4795796
2020-10-30,2098.577392578125,2211.5,0.0,2242.85009765625,2195.5,2210.10009765625,0.0,3006197
2020-11-02,2061.900634765625,2172.85009765625,0.0,2225.89990234375,2166.10009765625,2198.0,0.0,1772571
2020-11-03,2044.6297607421875,2154.64990234375,0.0,2193.89990234375,2146.75,2193.89990234375,0.0,1781465
2020-11-04,2058.674072265625,2169.449951171875,0.0,2213.85009765625,2156.0,2160.0,0.0,2189957
2020-11-05,2124.008544921875,2238.300048828125,0.0,2245.699951171875,2183.64990234375,2190.0,0.0,2671841
2020-11-06,2096.251953125,2209.050048828125,0.0,2248.0,2202.5,2233.949951171875,0.0,2395965
2020-11-09,2111.576904296875,2225.199951171875,0.0,2249.0,2214.14990234375,2249.0,0.0,1691773
2020-11-10,2087.4267578125,2199.75,0.0,2238.550048828125,2189.0,2225.199951171875,0.0,1879561
2020-11-11,2070.298583984375,2181.699951171875,0.0,2223.0,2157.300048828125,2205.0,0.0,2387398
2020-11-12,2060.90380859375,2171.800048828125,0.0,2201.75,2162.0,2172.0,0.0,1626054
2020-11-13,2068.637939453125,2179.949951171875,0.0,2206.550048828125,2172.0,2180.5,0.0,1560060
2020-11-14,2073.05029296875,2184.60009765625,0.0,2193.39990234375,2180.35009765625,2192.0,0.0,146991
2020-11-17,2075.94482421875,2187.64990234375,0.0,2221.89990234375,2182.0,2206.39990234375,0.0,1699293
2020-11-18,2083.631103515625,2195.75,0.0,2210.0,2166.10009765625,2185.0,0.0,1817170
2020-11-19,2051.320068359375,2161.699951171875,0.0,2195.0,2156.699951171875,2175.0,0.0,2669522
2020-11-20,2055.922119140625,2166.550048828125,0.0,2190.050048828125,2160.550048828125,2163.35009765625,0.0,2196113
2020-11-23,2074.615966796875,2186.25,0.0,2196.949951171875,2138.800048828125,2160.550048828125,0.0,4002609
2020-11-24,2095.16064453125,2207.89990234375,0.0,2231.0,2191.0,2192.89990234375,0.0,2954306
2020-11-25,2044.29736328125,2154.300048828125,0.0,2208.699951171875,2150.0,2197.25,0.0,1682365
2020-11-26,2045.24658203125,2155.300048828125,0.0,2177.449951171875,2117.14990234375,2160.0,0.0,2247478
2020-11-27,2102.182861328125,2215.300048828125,0.0,2244.60009765625,2165.0,2170.0,0.0,10036402
2020-12-01,2116.179931640625,2230.050048828125,0.0,2275.0,2206.199951171875,2275.0,0.0,2235498
2020-12-02,2197.59912109375,2315.85009765625,0.0,2325.949951171875,2236.0,2241.0,0.0,3305952
2020-12-03,2288.26953125,2411.39990234375,0.0,2421.85009765625,2316.25,2340.0,0.0,4334658
2020-12-04,2314.222900390625,2438.75,0.0,2445.0,2375.0,2400.0,0.0,2789953
2020-12-07,2346.297119140625,2472.550048828125,0.0,2478.800048828125,2437.0,2440.0,0.0,1762501
2020-12-08,2314.364990234375,2438.89990234375,0.0,2484.199951171875,2427.949951171875,2470.550048828125,0.0,2090950
2020-12-09,2393.507080078125,2522.300048828125,0.0,2532.10009765625,2447.0,2450.0,0.0,2022370
2020-12-10,2397.065185546875,2526.050048828125,0.0,2552.0,2501.0,2515.949951171875,0.0,2372909
2020-12-11,2392.22607421875,2520.949951171875,0.0,2536.89990234375,2495.0,2516.0,0.0,2171653
2020-12-14,2418.036865234375,2548.14990234375,0.0,2553.89990234375,2521.0,2530.0,0.0,1280339
2020-12-15,2398.39404296875,2527.449951171875,0.0,2538.60009765625,2502.5,2535.0,0.0,1283286
2020-12-16,2450.58544921875,2582.449951171875,0.0,2587.89990234375,2537.60009765625,2540.0,0.0,1920875
2020-12-17,2443.563232421875,2575.050048828125,0.0,2603.35009765625,2557.0,2569.0,0.0,1750663
2020-12-18,2468.662841796875,2601.5,0.0,2636.0,2575.550048828125,2577.0,0.0,4402604
2020-12-21,2424.204833984375,2554.64990234375,0.0,2602.300048828125,2539.10009765625,2595.449951171875,0.0,1383048
2020-12-22,2467.998291015625,2600.800048828125,0.0,2613.60009765625,2496.199951171875,2541.0,0.0,1993090
2020-12-23,2507.61669921875,2642.550048828125,0.0,2650.0,2604.0,2604.0,0.0,1339307
2020-12-24,2513.02587890625,2648.25,0.0,2658.0,2613.0,2658.0,0.0,1143202
2020-12-28,2546.855224609375,2683.89990234375,0.0,2689.5,2629.550048828125,2654.25,0.0,1226254
2020-12-29,2559.0966796875,2696.800048828125,0.0,2712.449951171875,2673.0,2685.0,0.0,1562853
2020-12-30,2594.77685546875,2734.39990234375,0.0,2742.85009765625,2680.35009765625,2694.0,0.0,1614643
2020-12-31,2623.33984375,2764.5,0.0,2772.0,2725.050048828125,2734.39990234375,0.0,1526325
2021-01-01,2633.82568359375,2775.550048828125,0.0,2792.0,2750.0,2759.0,0.0,1246698
2021-01-04,2613.09130859375,2753.699951171875,0.0,2791.10009765625,2745.0,2781.10009765625,0.0,1360486
2021-01-05,2651.191162109375,2793.85009765625,0.0,2804.60009765625,2732.0,2753.699951171875,0.0,1299589
2021-01-06,2662.103759765625,2805.35009765625,0.0,2822.449951171875,2780.0,2801.300048828125,0.0,1697884
2021-01-07,2649.6728515625,2792.25,0.0,2831.85009765625,2781.5,2801.0,0.0,1142806
2021-01-08,2699.44482421875,2844.699951171875,0.0,2849.800048828125,2789.050048828125,2818.0,0.0,1660967
2021-01-11,2703.809814453125,2849.300048828125,0.0,2873.449951171875,2824.60009765625,2845.0,0.0,1517995
2021-01-12,2581.634521484375,2720.550048828125,0.0,2850.0,2712.14990234375,2849.60009765625,0.0,6674890
2021-01-13,2565.644287109375,2703.699951171875,0.0,2763.0,2678.0,2760.0,0.0,2862676
2021-01-14,2527.87646484375,2663.89990234375,0.0,2736.64990234375,2648.0,2713.0,0.0,2124950
2021-01-15,2458.603515625,2590.89990234375,0.0,2661.85009765625,2580.550048828125,2660.89990234375,0.0,2570436
2021-01-18,2456.0419921875,2588.199951171875,0.0,2619.85009765625,2555.39990234375,2592.0,0.0,2395168
2021-01-19,2509.9892578125,2645.050048828125,0.0,2676.60009765625,2590.0,2615.0,0.0,2558693
2021-01-20,2559.5234375,2697.25,0.0,2707.14990234375,2645.050048828125,2654.0,0.0,2065439
2021-01-21,2577.648681640625,2716.35009765625,0.0,2816.949951171875,2695.0,2726.949951171875,0.0,5015712
2021-01-22,2464.060546875,2596.64990234375,0.0,2768.85009765625,2590.0,2750.0,0.0,4945564
2021-01-25,2385.5830078125,2513.949951171875,0.0,2631.5,2501.0,2612.85009765625,0.0,3520087
2021-01-27,2312.1826171875,2436.60009765625,0.0,2525.0,2430.550048828125,2525.0,0.0,2700415
2021-01-28,2317.02197265625,2441.699951171875,0.0,2453.949951171875,2401.050048828125,2420.0,0.0,3035457
2021-01-29,2284.426513671875,2407.35009765625,0.0,2484.0,2400.0,2456.0,0.0,2768673
2021-02-01,2322.8115234375,2447.800048828125,0.0,2467.75,2376.89990234375,2426.60009765625,0.0,1797359
2021-02-02,2337.8515625,2463.64990234375,0.0,2520.0,2425.10009765625,2460.0,0.0,2679428
2021-02-03,2328.362548828125,2453.64990234375,0.0,2503.85009765625,2438.35009765625,2503.85009765625,0.0,2409356
2021-02-04,2279.159912109375,2401.800048828125,0.0,2456.0,2398.0,2456.0,0.0,3478562
2021-02-05,2255.389404296875,2376.75,0.0,2423.89990234375,2370.800048828125,2420.0,0.0,3303319
2021-02-08,2293.44140625,2416.85009765625,0.0,2434.89990234375,2373.39990234375,2394.0,0.0,3666313
2021-02-09,2378.845947265625,2506.85009765625,0.0,2532.449951171875,2423.64990234375,2432.5,0.0,7178572
2021-02-10,2382.404541015625,2510.60009765625,0.0,2555.0,2475.0,2529.0,0.0,4473123
2021-02-11,2377.565185546875,2505.5,0.0,2540.0,2495.10009765625,2524.949951171875,0.0,1446286
2021-02-12,2359.155517578125,2486.10009765625,0.0,2523.0,2464.199951171875,2518.0,0.0,1376085
2021-02-15,2331.30419921875,2456.75,0.0,2517.5,2448.550048828125,2495.0,0.0,1634576
2021-02-16,2325.135986328125,2450.25,0.0,2475.10009765625,2422.0,2472.0,0.0,1615849
2021-02-17,2266.206787109375,2388.14990234375,0.0,2455.050048828125,2382.0,2436.0,0.0,3178784
2021-02-18,2344.589599609375,2470.75,0.0,2479.60009765625,2395.25,2424.0,0.0,4253843
2021-02-19,2293.06201171875,2416.449951171875,0.0,2470.89990234375,2400.0,2470.89990234375,0.0,2244567
2021-02-22,2265.1630859375,2387.050048828125,0.0,2448.0,2380.0,2428.75,0.0,2002642
2021-02-23,2251.0712890625,2372.199951171875,0.0,2400.0,2315.0,2375.0,0.0,3267268
2021-02-24,2240.77587890625,2361.35009765625,0.0,2409.35009765625,2347.199951171875,2373.0,0.0,1708526
2021-02-25,2252.542236328125,2373.75,0.0,2386.25,2336.199951171875,2375.0,0.0,2839515
2021-02-26,2160.922119140625,2277.199951171875,0.0,2360.0,2260.0,2338.050048828125,0.0,3933813
2021-03-01,2241.67724609375,2362.300048828125,0.0,2369.89990234375,2300.0,2300.0,0.0,2545806
2021-03-02,2268.341796875,2390.39990234375,0.0,2402.550048828125,2359.0,2386.0,0.0,2033586
2021-03-03,2279.44482421875,2402.10009765625,0.0,2417.699951171875,2375.800048828125,2406.0,0.0,1591567
2021-03-04,2293.678955078125,2417.10009765625,0.0,2435.0,2350.0,2380.0,0.0,2149984
2021-03-05,2265.21044921875,2387.10009765625,0.0,2423.89990234375,2377.10009765625,2399.0,0.0,1953642
2021-03-08,2261.034912109375,2382.699951171875,0.0,2413.5,2360.050048828125,2383.0,0.0,1593838
2021-03-09,2298.99267578125,2422.699951171875,0.0,2444.0,2396.14990234375,2400.0,0.0,1800442
2021-03-10,2307.770263671875,2431.949951171875,0.0,2446.0,2415.550048828125,2446.0,0.0,1056102
2021-03-12,2278.732666015625,2401.35009765625,0.0,2464.64990234375,2397.0,2442.800048828125,0.0,1279203
2021-03-15,2234.75,2355.0,0.0,2427.550048828125,2343.050048828125,2402.550048828125,0.0,1524449
2021-03-16,2342.549072265625,2468.60009765625,0.0,2480.0,2375.35009765625,2379.199951171875,0.0,4230564
2021-03-17,2299.230224609375,2422.949951171875,0.0,2460.0,2411.10009765625,2460.0,0.0,1623187
2021-03-18,2281.769287109375,2404.550048828125,0.0,2468.85009765625,2390.0,2468.85009765625,0.0,1851739
2021-03-19,2288.127197265625,2411.25,0.0,2434.0,2355.35009765625,2393.0,0.0,3738079
2021-03-22,2301.839599609375,2425.699951171875,0.0,2438.10009765625,2390.0,2390.0,0.0,1489853
2021-03-23,2287.2255859375,2410.300048828125,0.0,2433.949951171875,2398.199951171875,2430.0,0.0,1745466
2021-03-24,2318.7783203125,2443.550048828125,0.0,2470.0,2410.0,2410.300048828125,0.0,4132092
2021-03-25,2279.53955078125,2402.199951171875,0.0,2469.0,2392.0,2450.949951171875,0.0,2272545
2021-03-26,2377.232666015625,2505.14990234375,0.0,2513.949951171875,2409.10009765625,2425.0,0.0,3084607
2021-03-30,2446.41015625,2578.050048828125,0.0,2583.449951171875,2521.5,2539.10009765625,0.0,2332884
2021-03-31,2407.8359375,2537.39990234375,0.0,2582.949951171875,2531.0,2578.050048828125,0.0,1616044
2021-04-01,2421.453125,2551.75,0.0,2564.550048828125,2532.0,2532.0,0.0,1219588
2021-04-05,2382.45166015625,2510.64990234375,0.0,2558.0,2484.5,2558.0,0.0,1268939
2021-04-06,2478.247314453125,2611.60009765625,0.0,2620.0,2504.5,2526.0,0.0,3372846
2021-04-07,2494.379150390625,2628.60009765625,0.0,2668.050048828125,2600.10009765625,2605.0,0.0,1937977
2021-04-08,2515.30322265625,2650.64990234375,0.0,2658.39990234375,2628.0,2630.0,0.0,897483
2021-04-09,2496.466552734375,2630.800048828125,0.0,2655.0,2610.14990234375,2635.0,0.0,1185017
2021-04-12,2469.326904296875,2602.199951171875,0.0,2610.0,2555.0,2578.199951171875,0.0,1427691
2021-04-13,2439.435546875,2570.699951171875,0.0,2626.0,2564.300048828125,2600.0,0.0,1200230
2021-04-15,2455.567138671875,2587.699951171875,0.0,2593.550048828125,2537.0,2590.0,0.0,1209829
2021-04-16,2527.68701171875,2663.699951171875,0.0,2693.5,2581.699951171875,2587.60009765625,0.0,2760777
2021-04-19,2440.57421875,2571.89990234375,0.0,2650.0,2566.85009765625,2650.0,0.0,1552036
2021-04-20,2423.25634765625,2553.64990234375,0.0,2604.699951171875,2528.800048828125,2600.0,0.0,1489287
2021-04-22,2383.0205078125,2511.25,0.0,2557.0,2488.0,2555.64990234375,0.0,1690758
2021-04-23,2389.37890625,2517.949951171875,0.0,2565.0,2496.199951171875,2527.10009765625,0.0,1614593
2021-04-26,2427.28857421875,2557.89990234375,0.0,2575.0,2530.0,2530.0,0.0,1103980
2021-04-27,2442.8994140625,2574.35009765625,0.0,2579.89990234375,2534.0,2545.0,0.0,866331
2021-04-28,2481.04638671875,2614.550048828125,0.0,2620.25,2575.0,2588.0,0.0,1065561
2021-04-29,2480.00244140625,2613.449951171875,0.0,2642.0,2570.0,2630.0,0.0,1295346
2021-04-30,2406.88671875,2536.39990234375,0.0,2605.800048828125,2524.050048828125,2595.0,0.0,1384907
2021-05-03,2450.30029296875,2582.14990234375,0.0,2595.10009765625,2505.60009765625,2510.0,0.0,1034774
2021-05-04,2455.04541015625,2587.14990234375,0.0,2617.949951171875,2571.550048828125,2605.0,0.0,1058140
2021-05-05,2436.54150390625,2567.64990234375,0.0,2617.0,2546.10009765625,2617.0,0.0,1220186
2021-05-06,2418.8916015625,2549.050048828125,0.0,2581.85009765625,2528.0,2579.85009765625,0.0,1518119
2021-05-07,2421.3583984375,2551.64990234375,0.0,2590.0,2541.5,2555.0,0.0,1416102
2021-05-10,2426.387939453125,2556.949951171875,0.0,2589.0,2542.14990234375,2589.0,0.0,1526814
2021-05-11,2425.723388671875,2556.25,0.0,2562.0,2521.300048828125,2533.0,0.0,1168363
2021-05-12,2425.676025390625,2556.199951171875,0.0,2588.949951171875,2530.0,2577.0,0.0,2085630
2021-05-14,2632.8291015625,2774.5,0.0,2835.25,2601.550048828125,2620.0,0.0,10543708
2021-05-17,2640.657470703125,2782.75,0.0,2824.199951171875,2747.550048828125,2782.0,0.0,2134352
2021-05-18,2677.71435546875,2821.800048828125,0.0,2845.0,2789.0,2797.0,0.0,1328605
2021-05-19,2672.067626953125,2815.85009765625,0.0,2849.0,2798.64990234375,2805.14990234375,0.0,1219067
2021-05-20,2651.4287109375,2794.10009765625,0.0,2845.0,2778.5,2814.0,0.0,1211975
2021-05-21,2687.86767578125,2832.5,0.0,2854.0,2795.0,2807.0,0.0,1328308
2021-05-24,2675.246826171875,2819.199951171875,0.0,2849.0,2808.199951171875,2846.0,0.0,813091
2021-05-25,2765.585205078125,2914.39990234375,0.0,2922.64990234375,2822.75,2836.89990234375,0.0,2730112
2021-05-26,2791.39697265625,2941.60009765625,0.0,2947.89990234375,2910.39990234375,2939.85009765625,0.0,1250531
2021-05-27,2798.7509765625,2949.35009765625,0.0,2965.0,2902.25,2950.0,0.0,2415085
2021-05-28,2790.5419921875,2940.699951171875,0.0,2963.800048828125,2931.14990234375,2958.14990234375,0.0,711383
2021-05-31,2825.463623046875,2977.5,0.0,2989.949951171875,2936.10009765625,2938.0,0.0,2093635
2021-06-01,2781.33837890625,2931.0,0.0,2982.60009765625,2915.10009765625,2965.0,0.0,1194073
2021-06-02,2755.43212890625,2903.699951171875,0.0,2933.75,2877.14990234375,2918.85009765625,0.0,2067842
2021-06-03,2785.4658203125,2935.35009765625,0.0,2942.0,2904.050048828125,2919.60009765625,0.0,1404434
2021-06-04,2775.54931640625,2924.89990234375,0.0,2990.0,2908.0,2953.0,0.0,1509084
2021-06-07,2783.33056640625,2933.10009765625,0.0,2941.0,2903.949951171875,2930.0,0.0,802415
2021-06-08,2776.83056640625,2926.25,0.0,2944.25,2907.5,2928.0,0.0,762931
2021-06-09,2793.247314453125,2943.550048828125,0.0,2965.0,2919.60009765625,2930.800048828125,0.0,1340352
2021-06-10,2813.798095703125,2950.60009765625,14.5,2959.300048828125,2920.64990234375,2945.0,0.0,1344559
2021-06-11,2819.18603515625,2956.25,0.0,2971.60009765625,2938.60009765625,2960.0,0.0,878445
2021-06-14,2813.13037109375,2949.89990234375,0.0,2970.0,2916.5,2955.10009765625,0.0,746823
2021-06-15,2901.1513671875,3042.199951171875,0.0,3050.0,2960.949951171875,2970.0,0.0,2262031
2021-06-16,2878.74072265625,3018.699951171875,0.0,3042.199951171875,3005.5,3029.0,0.0,859505
2021-06-17,2918.411865234375,3060.300048828125,0.0,3073.949951171875,3000.5,3017.949951171875,0.0,1533864
2021-06-18,2905.91943359375,3047.199951171875,0.0,3077.800048828125,3016.050048828125,3061.550048828125,0.0,2293860
2021-06-21,2926.27978515625,3068.550048828125,0.0,3079.14990234375,3021.050048828125,3024.199951171875,0.0,720491
2021-06-22,2871.206787109375,3010.800048828125,0.0,3092.85009765625,3004.199951171875,3085.0,0.0,1199238
2021-06-23,2848.843994140625,2987.35009765625,0.0,3030.0,2983.5,3030.0,0.0,1009007
2021-06-24,2902.15283203125,3043.25,0.0,3049.699951171875,2975.449951171875,2987.35009765625,0.0,985596
2021-06-25,2864.62646484375,3003.89990234375,0.0,3053.5,2985.0,3030.199951171875,0.0,786964
2021-06-28,2844.64794921875,2982.949951171875,0.0,3038.85009765625,2976.25,3024.0,0.0,891695
2021-06-29,2862.33837890625,3001.5,0.0,3023.85009765625,2973.050048828125,2989.0,0.0,1242734
2021-06-30,2853.9462890625,2992.699951171875,0.0,3030.0,2985.64990234375,2999.0,0.0,924522
2021-07-01,2881.50634765625,3021.60009765625,0.0,3026.89990234375,2997.0,3008.0,0.0,848235
2021-07-02,2865.676025390625,3005.0,0.0,3038.800048828125,2999.75,3032.949951171875,0.0,805542
2021-07-05,2875.021484375,3014.800048828125,0.0,3050.0,3007.10009765625,3020.0,0.0,863343
2021-07-06,2863.292236328125,3002.5,0.0,3029.5,2996.0,3003.0,0.0,762630
2021-07-07,2899.1484375,3040.10009765625,0.0,3069.0,3011.25,3065.0,0.0,1234865
2021-07-08,2887.895751953125,3028.300048828125,0.0,3059.0,3018.800048828125,3050.0,0.0,907391
2021-07-09,2871.016357421875,3010.60009765625,0.0,3039.14990234375,3007.0,3022.0,0.0,547082
2021-07-12,2860.335693359375,2999.39990234375,0.0,3042.85009765625,2991.050048828125,3034.89990234375,0.0,765566
2021-07-13,2855.042724609375,2993.85009765625,0.0,3021.10009765625,2985.35009765625,3020.0,0.0,703484
2021-07-14,2862.76708984375,3001.949951171875,0.0,3007.75,2984.199951171875,3003.0,0.0,470744
2021-07-15,2845.268310546875,2983.60009765625,0.0,3011.0,2971.10009765625,3010.0,0.0,635535
2021-07-16,2850.70361328125,2989.300048828125,0.0,3006.0,2965.0,2994.0,0.0,1062548
2021-07-19,2843.69482421875,2981.949951171875,0.0,2999.699951171875,2965.0,2989.300048828125,0.0,837836
2021-07-20,3012.583251953125,3159.050048828125,0.0,3179.5,2979.550048828125,2996.0,0.0,6755922
2021-07-22,2962.708251953125,3106.75,0.0,3165.0,3090.0,3130.0,0.0,1982572
2021-07-23,2940.774658203125,3083.75,0.0,3129.60009765625,3078.050048828125,3106.0,0.0,815329
2021-07-26,2919.270263671875,3061.199951171875,0.0,3119.0,3051.199951171875,3079.949951171875,0.0,1136884
2021-07-27,2888.229248046875,3028.64990234375,0.0,3081.5,3021.300048828125,3079.39990234375,0.0,904289
2021-07-28,2864.817626953125,3004.10009765625,0.0,3033.0,2984.0,3030.35009765625,0.0,996594
2021-07-29,2858.47607421875,2997.449951171875,0.0,3039.949951171875,2990.300048828125,3004.10009765625,0.0,762683
2021-07-30,2821.2841796875,2958.449951171875,0.0,3008.64990234375,2951.89990234375,3008.0,0.0,1067423
2021-08-02,2836.16064453125,2974.050048828125,0.0,2986.800048828125,2960.64990234375,2985.60009765625,0.0,832285
2021-08-03,2886.656005859375,3027.0,0.0,3065.0,2994.199951171875,3020.0,0.0,2433031
2021-08-04,2878.64501953125,3018.60009765625,0.0,3053.300048828125,3012.0,3040.60009765625,0.0,659295
2021-08-05,2849.84521484375,2988.39990234375,0.0,3040.0,2980.050048828125,3034.0,0.0,693694
2021-08-06,2828.9130859375,2966.449951171875,0.0,3001.0,2961.449951171875,2995.0,0.0,744159
2021-08-09,2853.80322265625,2992.550048828125,0.0,3015.0,2973.050048828125,2994.64990234375,0.0,825462
2021-08-10,2839.116943359375,2977.14990234375,0.0,3008.300048828125,2960.550048828125,2998.0,0.0,724335
2021-08-11,2834.7783203125,2972.60009765625,0.0,3001.449951171875,2952.550048828125,2987.39990234375,0.0,987941
2021-08-12,2837.543701171875,2975.5,0.0,2985.25,2958.0,2974.0,0.0,438552
2021-08-13,2850.131591796875,2988.699951171875,0.0,3002.0,2973.10009765625,2980.89990234375,0.0,572250
2021-08-16,2833.63330078125,2971.39990234375,0.0,2984.14990234375,2960.0,2980.0,0.0,461742
2021-08-17,2875.498291015625,3015.300048828125,0.0,3044.0,2973.10009765625,2974.0,0.0,2036757
2021-08-18,2862.385498046875,3001.550048828125,0.0,3048.0,2992.550048828125,3048.0,0.0,1375320
2021-08-20,2968.62060546875,3112.949951171875,0.0,3124.050048828125,3001.5,3001.5,0.0,3931334
2021-08-23,2934.76611328125,3077.449951171875,0.0,3163.85009765625,3051.0,3159.050048828125,0.0,1578949
2021-08-24,2904.72705078125,3045.949951171875,0.0,3092.800048828125,3034.550048828125,3092.800048828125,0.0,763704
2021-08-25,2897.193359375,3038.050048828125,0.0,3070.0,3012.60009765625,3026.0,0.0,797870
2021-08-26,2898.718994140625,3039.64990234375,0.0,3084.5,3026.199951171875,3064.0,0.0,1319516
2021-08-27,2896.001708984375,3036.800048828125,0.0,3057.949951171875,3020.5,3040.449951171875,0.0,634375
2021-08-30,2964.61572265625,3108.75,0.0,3114.25,3048.050048828125,3056.699951171875,0.0,1051747
2021-08-31,3052.922119140625,3201.35009765625,0.0,3210.0,3103.050048828125,3108.75,0.0,2283290
2021-09-01,3149.620849609375,3302.75,0.0,3333.0,3215.0,3230.050048828125,0.0,2423168
2021-09-02,3148.524658203125,3301.60009765625,0.0,3319.0,3266.64990234375,3312.949951171875,0.0,847517
2021-09-03,3184.0,3338.800048828125,0.0,3344.949951171875,3286.5,3301.60009765625,0.0,832039
2021-09-06,3161.82763671875,3315.550048828125,0.0,3347.699951171875,3305.89990234375,3342.0,0.0,664394
2021-09-07,3181.56787109375,3336.25,0.0,3394.60009765625,3323.85009765625,3333.5,0.0,1285818
2021-09-08,3181.901123046875,3336.60009765625,0.0,3361.550048828125,3297.0,3345.0,0.0,702598
2021-09-09,3191.2001953125,3346.35009765625,0.0,3359.0,3305.0,3305.0,0.0,591745
2021-09-13,3210.93994140625,3367.050048828125,0.0,3374.0,3330.35009765625,3346.60009765625,0.0,610920
2021-09-14,3206.600830078125,3362.5,0.0,3388.60009765625,3356.85009765625,3384.89990234375,0.0,569412
2021-09-15,3196.873291015625,3352.300048828125,0.0,3383.949951171875,3346.949951171875,3361.85009765625,0.0,587855
2021-09-16,3187.146484375,3342.10009765625,0.0,3371.0,3335.0,3350.0,0.0,516746
2021-09-17,3149.9072265625,3303.050048828125,0.0,3382.0,3285.050048828125,3352.0,0.0,1545695
2021-09-20,3119.86767578125,3271.550048828125,0.0,3315.0,3265.0,3299.949951171875,0.0,689288
2021-09-21,3155.77197265625,3309.199951171875,0.0,3335.0,3271.0,3271.550048828125,0.0,922057
2021-09-22,3163.68701171875,3317.5,0.0,3329.949951171875,3288.25,3328.5,0.0,825945
2021-09-23,3166.69091796875,3320.64990234375,0.0,3340.0,3315.0,3340.0,0.0,694716
2021-09-24,3288.708984375,3448.60009765625,0.0,3505.0,3320.85009765625,3330.0,0.0,2775975
2021-09-27,3271.591064453125,3430.64990234375,0.0,3470.0,3417.64990234375,3461.60009765625,0.0,902449
2021-09-28,3223.003173828125,3379.699951171875,0.0,3429.699951171875,3350.0,3424.89990234375,0.0,961271
2021-09-29,3168.979736328125,3323.050048828125,0.0,3381.699951171875,3310.0,3365.0,0.0,973387
2021-09-30,3094.21484375,3244.64990234375,0.0,3347.699951171875,3220.0,3329.89990234375,0.0,2077896
2021-10-01,3030.511962890625,3177.85009765625,0.0,3252.949951171875,3170.0,3248.0,0.0,1512332
2021-10-04,3053.160400390625,3201.60009765625,0.0,3230.5,3178.0,3202.800048828125,0.0,921241
2021-10-05,3103.84619140625,3254.75,0.0,3260.0,3191.64990234375,3208.550048828125,0.0,909337
2021-10-06,3063.317138671875,3212.25,0.0,3280.0,3200.64990234375,3262.0,0.0,786378
2021-10-07,3138.27294921875,3290.85009765625,0.0,3318.0,3220.0,3220.0,0.0,1177283
2021-10-08,3153.578369140625,3306.89990234375,0.0,3329.0,3264.10009765625,3307.0,0.0,882436
2021-10-11,3152.767578125,3306.050048828125,0.0,3344.35009765625,3297.75,3326.39990234375,0.0,460197
2021-10-12,3169.170654296875,3323.25,0.0,3335.0,3280.0,3280.0,0.0,564524
2021-10-13,3169.408935546875,3323.5,0.0,3358.89990234375,3291.39990234375,3343.0,0.0,770144
2021-10-14,3144.900390625,3297.800048828125,0.0,3352.949951171875,3290.0,3342.0,0.0,648597
2021-10-18,3091.21044921875,3241.5,0.0,3283.949951171875,3232.0,3252.5,0.0,1576121
2021-10-19,3036.138671875,3183.75,0.0,3269.10009765625,3176.10009765625,3260.89990234375,0.0,1042069
2021-10-20,3022.64453125,3169.60009765625,0.0,3219.949951171875,3136.64990234375,3190.0,0.0,1205540
2021-10-21,2862.81494140625,3002.0,0.0,3195.449951171875,2920.449951171875,3194.0,0.0,5103543
2021-10-22,2844.123779296875,2982.39990234375,0.0,3002.949951171875,2912.14990234375,2975.0,0.0,2855592
2021-10-25,2782.75732421875,2918.050048828125,0.0,2950.0,2857.25,2950.0,0.0,2161537
2021-10-26,2832.10791015625,2969.800048828125,0.0,3024.0,2898.0,2918.050048828125,0.0,1988263
2021-10-27,2951.169189453125,3094.64990234375,0.0,3145.0,3029.199951171875,3029.199951171875,0.0,4609951
2021-10-28,2975.32470703125,3116.300048828125,3.65,3147.60009765625,3062.0,3103.0,0.0,1791065
2021-10-29,2959.857666015625,3100.10009765625,0.0,3144.699951171875,3083.300048828125,3125.0,0.0,1118903
2021-11-01,2980.575927734375,3121.800048828125,0.0,3142.25,3091.64990234375,3128.0,0.0,750393
2021-11-02,2962.960693359375,3103.35009765625,0.0,3139.800048828125,3080.0,3120.0,0.0,881916
2021-11-03,3027.216064453125,3170.64990234375,0.0,3182.89990234375,3095.0,3102.10009765625,0.0,879227
2021-11-04,3016.332275390625,3159.25,0.0,3190.0,3145.0,3179.0,0.0,263595
2021-11-08,2996.043212890625,3138.0,0.0,3181.0,3095.14990234375,3165.0,0.0,787824
2021-11-09,3002.86962890625,3145.14990234375,0.0,3155.0,3120.0,3140.0,0.0,668840
2021-11-10,2967.6865234375,3108.300048828125,0.0,3136.64990234375,3080.5,3132.0,0.0,872975
2021-11-11,2924.9130859375,3063.5,0.0,3106.64990234375,3052.0,3090.0,0.0,958143
2021-11-12,2981.6259765625,3122.89990234375,0.0,3128.0,3075.800048828125,3089.0,0.0,682344
2021-11-15,3025.354736328125,3168.699951171875,0.0,3180.0,3126.0,3126.0,0.0,696377
2021-11-16,3009.12353515625,3151.699951171875,0.0,3209.0,3120.10009765625,3165.0,0.0,1400107
2021-11-17,3084.11962890625,3230.25,0.0,3239.89990234375,3165.050048828125,3170.0,0.0,1616452
2021-11-18,3080.873779296875,3226.85009765625,0.0,3260.0,3214.0,3249.85009765625,0.0,1609821
2021-11-22,3113.717529296875,3261.25,0.0,3308.35009765625,3215.050048828125,3241.0,0.0,2146970
2021-11-23,3041.442138671875,3185.550048828125,0.0,3288.300048828125,3171.550048828125,3261.25,0.0,1482618
2021-11-24,3014.18359375,3157.0,0.0,3208.89990234375,3150.0,3186.050048828125,0.0,1056213
2021-11-25,3002.010009765625,3144.25,0.0,3173.35009765625,3113.0,3156.5,0.0,728825
2021-11-26,3000.912841796875,3143.10009765625,0.0,3167.35009765625,3091.0,3101.0,0.0,1029110
2021-11-29,3002.05810546875,3144.300048828125,0.0,3178.89990234375,3071.89990234375,3131.0,0.0,876651
2021-11-30,3001.4375,3143.64990234375,0.0,3189.0,3116.14990234375,3116.14990234375,0.0,2340489
2021-12-01,2996.186279296875,3138.14990234375,0.0,3199.75,3124.10009765625,3155.89990234375,0.0,1741820
2021-12-02,3036.716064453125,3180.60009765625,0.0,3194.0,3152.25,3160.0,0.0,939320
2021-12-03,2969.7392578125,3110.449951171875,0.0,3187.449951171875,3106.0,3185.0,0.0,1216263
2021-12-06,2900.853515625,3038.300048828125,0.0,3115.0,3028.25,3115.0,0.0,1107363
2021-12-07,2893.262939453125,3030.35009765625,0.0,3069.0,3016.449951171875,3040.0,0.0,2056459
2021-12-08,2967.877685546875,3108.5,0.0,3123.0,3031.0,3031.89990234375,0.0,1171484
2021-12-09,3034.902099609375,3178.699951171875,0.0,3183.050048828125,3111.0,3152.39990234375,0.0,1287243
2021-12-10,3134.626953125,3283.14990234375,0.0,3292.0,3178.699951171875,3184.0,0.0,2554394
2021-12-13,3131.47607421875,3279.85009765625,0.0,3341.0,3270.949951171875,3285.10009765625,0.0,1265832
2021-12-14,3148.327392578125,3297.5,0.0,3305.0,3249.0,3274.0,0.0,863179
2021-12-15,3152.575927734375,3301.949951171875,0.0,3313.949951171875,3266.5,3278.14990234375,0.0,811946
2021-12-16,3149.378173828125,3298.60009765625,0.0,3325.0,3270.60009765625,3325.0,0.0,502930
2021-12-17,3096.961669921875,3243.699951171875,0.0,3293.300048828125,3227.699951171875,3275.0,0.0,1019403
2021-12-20,3092.90380859375,3239.449951171875,0.0,3275.0,3181.0,3227.0,0.0,948872
2021-12-21,3123.360595703125,3271.35009765625,0.0,3296.0,3240.0,3247.0,0.0,712026
2021-12-22,3131.715087890625,3280.10009765625,0.0,3285.64990234375,3241.0,3275.699951171875,0.0,619865
2021-12-23,3120.066650390625,3267.89990234375,0.0,3307.89990234375,3250.0,3290.0,0.0,1051596
2021-12-24,3136.2021484375,3284.800048828125,0.0,3300.0,3261.0,3280.0,0.0,651404
2021-12-27,3124.36279296875,3272.39990234375,0.0,3284.75,3226.199951171875,3280.10009765625,0.0,640701
2021-12-28,3215.8291015625,3368.199951171875,0.0,3375.0,3273.0,3275.949951171875,0.0,1211648
2021-12-29,3215.11328125,3367.449951171875,0.0,3386.0,3346.199951171875,3372.199951171875,0.0,598421
2021-12-30,3213.4423828125,3365.699951171875,0.0,3390.0,3350.300048828125,3363.25,0.0,691223
2021-12-31,3229.912109375,3382.949951171875,0.0,3405.0,3361.39990234375,3390.0,0.0,570671
2022-01-03,3267.5771484375,3422.39990234375,0.0,3440.89990234375,3383.0,3383.0,0.0,696276
2022-01-04,3302.80810546875,3459.300048828125,0.0,3472.449951171875,3415.050048828125,3434.0,0.0,790886
2022-01-05,3367.2548828125,3526.800048828125,0.0,3540.0,3452.050048828125,3470.0,0.0,1024506
2022-01-06,3355.654296875,3514.64990234375,0.0,3537.550048828125,3452.14990234375,3491.14990234375,0.0,1312743
2022-01-07,3414.515380859375,3576.300048828125,0.0,3582.0,3496.550048828125,3514.64990234375,0.0,964364
2022-01-10,3392.74658203125,3553.5,0.0,3590.0,3527.0,3580.0,0.0,657511
2022-01-11,3378.66357421875,3538.75,0.0,3564.0,3495.050048828125,3550.60009765625,0.0,734344
2022-01-12,3383.485595703125,3543.800048828125,0.0,3582.449951171875,3534.0,3556.89990234375,0.0,594543
2022-01-13,3299.89599609375,3456.25,0.0,3560.0,3450.0,3560.0,0.0,1153984
2022-01-14,3212.201171875,3364.39990234375,0.0,3462.0,3346.0,3462.0,0.0,1558978
2022-01-17,3225.806640625,3378.64990234375,0.0,3399.0,3321.0,3364.39990234375,0.0,1103159
2022-01-18,3221.080810546875,3373.699951171875,0.0,3396.449951171875,3351.0,3379.050048828125,0.0,558543
2022-01-19,3132.001220703125,3280.39990234375,0.0,3370.0,3267.75,3370.0,0.0,1495218
2022-01-20,3156.8251953125,3306.39990234375,0.0,3364.89990234375,3222.0,3282.0,0.0,3075678
2022-01-21,3126.70263671875,3274.85009765625,0.0,3324.949951171875,3241.75,3300.050048828125,0.0,1441694
2022-01-24,3012.4169921875,3155.14990234375,0.0,3270.0,3135.0,3268.0,0.0,1575665
2022-01-25,3004.731689453125,3147.10009765625,0.0,3156.949951171875,3010.75,3100.0,0.0,2699779
2022-01-27,2975.945068359375,3116.949951171875,0.0,3143.0,3071.25,3140.10009765625,0.0,1834684
2022-01-28,2970.121337890625,3110.85009765625,0.0,3170.0,3103.0,3130.0,0.0,892060
2022-01-31,3009.6484375,3152.25,0.0,3193.449951171875,3136.39990234375,3140.0,0.0,944530
2022-02-01,3051.65771484375,3196.25,0.0,3212.35009765625,3141.60009765625,3194.0,0.0,1008915
2022-02-02,3053.042236328125,3197.699951171875,0.0,3244.14990234375,3192.14990234375,3204.800048828125,0.0,667265
2022-02-03,3058.10302734375,3203.0,0.0,3241.60009765625,3190.199951171875,3212.85009765625,0.0,899753
2022-02-04,3090.23046875,3236.64990234375,0.0,3248.800048828125,3176.050048828125,3188.0,0.0,705765
2022-02-07,3031.082763671875,3174.699951171875,0.0,3251.199951171875,3143.10009765625,3234.0,0.0,860393
2022-02-08,3070.8486328125,3216.35009765625,0.0,3223.5,3166.199951171875,3179.0,0.0,799206
2022-02-09,3082.3056640625,3228.35009765625,0.0,3259.0,3222.75,3230.0,0.0,472725
2022-02-10,3092.235595703125,3238.75,0.0,3248.0,3176.0,3220.0,0.0,728666
2022-02-11,3070.801025390625,3216.300048828125,0.0,3229.949951171875,3182.5,3229.949951171875,0.0,587840
2022-02-14,3001.246337890625,3143.449951171875,0.0,3182.699951171875,3120.0,3140.0,0.0,681236
2022-02-15,3116.915771484375,3264.60009765625,0.0,3270.0,3132.85009765625,3140.0,0.0,676844
2022-02-16,3105.69775390625,3252.85009765625,0.0,3285.10009765625,3223.0,3280.0,0.0,624320
2022-02-17,3118.109375,3265.85009765625,0.0,3294.949951171875,3236.39990234375,3273.0,0.0,636735
2022-02-18,3111.044189453125,3258.449951171875,0.0,3272.0,3230.050048828125,3236.14990234375,0.0,423801
2022-02-21,3104.55126953125,3251.64990234375,0.0,3278.449951171875,3204.14990234375,3235.0,0.0,547472
2022-02-22,3081.15966796875,3227.14990234375,0.0,3236.800048828125,3120.0,3120.0,0.0,1147209
2022-02-23,3090.75537109375,3237.199951171875,0.0,3296.89990234375,3230.0,3236.89990234375,0.0,935896
2022-02-24,2930.21240234375,3069.050048828125,0.0,3197.800048828125,3051.5,3130.0,0.0,1823450
2022-02-25,2978.093505859375,3119.199951171875,0.0,3141.449951171875,3083.050048828125,3105.0,0.0,1239456
2022-02-28,3031.03515625,3174.64990234375,0.0,3190.5,3015.0,3090.0,0.0,1678348
2022-03-02,2891.92626953125,3028.949951171875,0.0,3111.199951171875,2991.10009765625,3107.0,0.0,3014206
2022-03-03,2741.98046875,2871.89990234375,0.0,3051.0,2862.0,3029.0,0.0,4406840
2022-03-04,2614.28125,2738.14990234375,0.0,2863.800048828125,2662.050048828125,2863.800048828125,0.0,6979253
2022-03-07,2585.9248046875,2708.449951171875,0.0,2727.949951171875,2599.35009765625,2649.89990234375,0.0,3233760
2022-03-08,2600.198486328125,2723.39990234375,0.0,2736.949951171875,2638.0,2690.0,0.0,2611102
2022-03-09,2744.89306640625,2874.949951171875,0.0,2890.0,2665.050048828125,2750.0,0.0,4076068
2022-03-10,2781.03076171875,2912.800048828125,0.0,3040.0,2891.199951171875,3000.0,0.0,3971987
2022-03-11,2799.3623046875,2932.0,0.0,2939.949951171875,2882.35009765625,2917.0,0.0,1265493
2022-03-14,2828.768798828125,2962.800048828125,0.0,2972.35009765625,2917.300048828125,2950.0,0.0,1214217
2022-03-15,2852.017333984375,2987.14990234375,0.0,3032.0,2966.0,2998.0,0.0,1857685
2022-03-16,2904.385986328125,3042.0,0.0,3050.0,3010.75,3043.0,0.0,1287234
2022-03-17,2994.70703125,3136.60009765625,0.0,3163.300048828125,3076.5,3113.5,0.0,2867519
2022-03-21,2907.966064453125,3045.75,0.0,3117.300048828125,3030.10009765625,3117.300048828125,0.0,1259015
2022-03-22,2913.1220703125,3051.14990234375,0.0,3062.699951171875,2975.0,3024.0,0.0,1515772
2022-03-23,2880.325927734375,3016.800048828125,0.0,3079.89990234375,3005.0,3060.0,0.0,948403
2022-03-24,2888.48876953125,3025.35009765625,0.0,3038.949951171875,2950.550048828125,2969.5,0.0,1243917
2022-03-25,2909.11181640625,3046.949951171875,0.0,3064.550048828125,2991.0,3025.35009765625,0.0,1083275
2022-03-28,2890.494140625,3027.449951171875,0.0,3058.60009765625,2995.64990234375,3046.949951171875,0.0,680332
2022-03-29,2904.958984375,3042.60009765625,0.0,3087.699951171875,3012.699951171875,3069.0,0.0,1120936
2022-03-30,2942.14697265625,3081.550048828125,0.0,3094.35009765625,3055.89990234375,3078.0,0.0,849545
2022-03-31,2940.618896484375,3079.949951171875,0.0,3129.25,3066.10009765625,3115.0,0.0,1464862
2022-04-01,2973.272216796875,3114.14990234375,0.0,3121.0,3087.64990234375,3110.0,0.0,637392
2022-04-04,2976.9482421875,3118.0,0.0,3143.0,3093.5,3124.949951171875,0.0,873264
2022-04-05,2998.716796875,3140.800048828125,0.0,3157.0,3080.0,3110.0,0.0,805874
2022-04-06,3011.3193359375,3154.0,0.0,3165.0,3113.0,3137.0,0.0,736379
2022-04-07,3012.274169921875,3155.0,0.0,3208.949951171875,3145.5,3154.0,0.0,1025244
2022-04-08,3061.20556640625,3206.25,0.0,3220.0,3151.199951171875,3168.0,0.0,678898
2022-04-11,3014.613037109375,3157.449951171875,0.0,3222.0,3150.0,3184.0,0.0,672652
2022-04-12,2987.115966796875,3128.64990234375,0.0,3162.10009765625,3114.14990234375,3154.699951171875,0.0,794265
2022-04-13,2941.287353515625,3080.64990234375,0.0,3121.89990234375,3066.10009765625,3117.199951171875,0.0,1121350
2022-04-18,2884.861083984375,3021.550048828125,0.0,3058.0,3013.0,3056.0,0.0,1032504
2022-04-19,2855.8837890625,2991.199951171875,0.0,3059.199951171875,2970.0,3030.0,0.0,749782
2022-04-20,2943.53125,3083.0,0.0,3089.5,2980.0,2991.300048828125,0.0,838182
2022-04-21,3015.376953125,3158.25,0.0,3174.39990234375,3086.050048828125,3089.800048828125,0.0,1069035
2022-04-22,3021.24853515625,3164.39990234375,0.0,3173.300048828125,3113.25,3121.5,0.0,681191
2022-04-25,2988.977783203125,3130.60009765625,0.0,3155.10009765625,3095.10009765625,3134.0,0.0,1096774
2022-04-26,2984.251708984375,3125.64990234375,0.0,3148.699951171875,3105.800048828125,3130.0,0.0,1703441
2022-04-27,3005.9248046875,3148.35009765625,0.0,3164.0,3085.949951171875,3096.0,0.0,963536
2022-04-28,3100.780517578125,3247.699951171875,0.0,3268.0,3170.0,3190.0,0.0,2001838
2022-04-29,3090.75537109375,3237.199951171875,0.0,3278.0,3221.300048828125,3249.0,0.0,1088970
2022-05-02,3055.238525390625,3200.0,0.0,3211.5,3154.050048828125,3195.0,0.0,595522
2022-05-04,2960.573974609375,3100.85009765625,0.0,3194.699951171875,3081.449951171875,3178.0,0.0,1120002
2022-05-05,2937.372802734375,3076.550048828125,0.0,3126.949951171875,3070.0,3104.75,0.0,724601
2022-05-06,2879.80078125,3016.25,0.0,3052.39990234375,3003.89990234375,3020.0,0.0,923941
2022-05-09,2869.29833984375,3005.25,0.0,3038.800048828125,2975.0,3000.85009765625,0.0,998324
2022-05-10,2946.729736328125,3086.35009765625,0.0,3138.75,3036.0,3051.0,0.0,2460016
2022-05-11,2915.5087890625,3053.64990234375,0.0,3109.550048828125,2979.0,3090.39990234375,0.0,1883969
2022-05-12,2902.4287109375,3039.949951171875,0.0,3078.0,2988.0,3042.0,0.0,1254245
2022-05-13,2925.390625,3064.0,0.0,3116.25,3035.300048828125,3074.39990234375,0.0,1121729
2022-05-16,2864.190673828125,2999.89990234375,0.0,3089.89990234375,2985.199951171875,3089.89990234375,0.0,733044
2022-05-17,2912.0244140625,3050.0,0.0,3056.60009765625,2951.0,2998.89990234375,0.0,1179081
2022-05-18,2959.857666015625,3100.10009765625,0.0,3128.800048828125,3026.0,3030.0,0.0,1379763
2022-05-19,2909.064697265625,3046.89990234375,0.0,3071.699951171875,3000.449951171875,3000.5,0.0,772390
2022-05-20,2969.262451171875,3109.949951171875,0.0,3125.0,3070.0,3080.0,0.0,778957
2022-05-23,3030.60546875,3174.199951171875,0.0,3188.0,3130.050048828125,3143.949951171875,0.0,813294
2022-05-24,2947.20703125,3086.85009765625,0.0,3183.64990234375,3070.0,3174.75,0.0,691307
2022-05-25,2709.662109375,2838.050048828125,0.0,3039.0,2826.300048828125,3039.0,0.0,3381427
2022-05-26,2711.667236328125,2840.14990234375,0.0,2860.0,2718.550048828125,2850.0,0.0,3212196
2022-05-27,2706.607177734375,2834.85009765625,0.0,2869.0,2781.0,2868.0,0.0,1879534
2022-05-30,2715.34326171875,2844.0,0.0,2884.0,2817.0,2880.0,0.0,2525482
2022-05-31,2730.28515625,2859.64990234375,0.0,2878.0,2811.0,2844.0,0.0,2408221
2022-06-01,2723.458740234375,2852.5,0.0,2939.89990234375,2832.050048828125,2859.64990234375,0.0,1770795
2022-06-02,2776.97314453125,2908.550048828125,0.0,2919.0,2848.0,2870.199951171875,0.0,1164197
2022-06-03,2756.30224609375,2886.89990234375,0.0,2919.449951171875,2856.0,2905.0,0.0,1228489
2022-06-06,2689.994140625,2817.449951171875,0.0,2872.0,2807.699951171875,2871.10009765625,0.0,1193698
2022-06-07,2620.53564453125,2744.699951171875,0.0,2804.0,2731.0,2800.0,0.0,1403598
2022-06-08,2582.822265625,2705.199951171875,0.0,2775.0,2700.0,2771.89990234375,0.0,1743575
2022-06-09,2580.03759765625,2686.800048828125,15.5,2697.60009765625,2633.75,2680.0,0.0,1857501
2022-06-10,2601.115234375,2708.75,0.0,2736.0,2652.0,2665.0,0.0,1592920
2022-06-13,2555.022216796875,2660.75,0.0,2683.0,2642.5,2669.949951171875,0.0,1674206
2022-06-14,2530.6796875,2635.39990234375,0.0,2666.35009765625,2585.0,2617.0,0.0,2296040
2022-06-15,2555.40673828125,2661.14990234375,0.0,2683.60009765625,2627.10009765625,2650.0,0.0,928842
2022-06-16,2551.853759765625,2657.449951171875,0.0,2725.449951171875,2640.0,2694.949951171875,0.0,1280628
2022-06-17,2477.673095703125,2580.199951171875,0.0,2657.0,2560.0,2650.10009765625,0.0,2043251
2022-06-20,2554.974609375,2660.699951171875,0.0,2673.35009765625,2588.35009765625,2600.0,0.0,1595360
2022-06-21,2571.92333984375,2678.35009765625,0.0,2710.0,2640.0,2674.949951171875,0.0,1042074
2022-06-22,2560.39990234375,2666.35009765625,0.0,2707.949951171875,2626.35009765625,2688.0,0.0,1871760
2022-06-23,2648.600341796875,2758.199951171875,0.0,2767.949951171875,2674.949951171875,2674.949951171875,0.0,1612872
2022-06-24,2651.192626953125,2760.89990234375,0.0,2784.800048828125,2726.0,2775.0,0.0,2215583
2022-06-27,2708.85693359375,2820.949951171875,0.0,2827.64990234375,2765.0,2779.89990234375,0.0,1295734
2022-06-28,2618.16015625,2726.5,0.0,2784.800048828125,2704.300048828125,2780.0,0.0,1838358
2022-06-29,2590.6005859375,2697.800048828125,0.0,2719.0,2678.0,2706.5,0.0,1066354
2022-06-30,2588.103515625,2695.199951171875,0.0,2726.949951171875,2680.0,2714.85009765625,0.0,1291447
2022-07-01,2662.955810546875,2773.14990234375,0.0,2780.0,2685.0,2704.89990234375,0.0,1477191
2022-07-04,2679.4248046875,2790.300048828125,0.0,2798.0,2744.800048828125,2775.14990234375,0.0,653147
2022-07-05,2656.666748046875,2766.60009765625,0.0,2812.300048828125,2760.0,2785.0,0.0,1073043
2022-07-06,2747.699462890625,2861.39990234375,0.0,2869.0,2805.14990234375,2830.550048828125,0.0,2085735
2022-07-07,2776.50732421875,2891.39990234375,0.0,2932.0,2876.800048828125,2901.39990234375,0.0,1469087
2022-07-08,2765.368408203125,2879.800048828125,0.0,2888.0,2840.5,2880.0,0.0,1274148
2022-07-11,2816.50244140625,2933.050048828125,0.0,2940.550048828125,2851.35009765625,2874.0,0.0,1081885
2022-07-12,2778.23583984375,2893.199951171875,0.0,2923.25,2885.39990234375,2920.0,0.0,1115524
2022-07-13,2824.328369140625,2941.199951171875,0.0,2968.949951171875,2926.050048828125,2949.0,0.0,2153712
2022-07-14,2822.360107421875,2939.14990234375,0.0,2954.85009765625,2912.39990234375,2952.10009765625,0.0,882479
2022-07-15,2859.810302734375,2978.14990234375,0.0,2985.0,2940.449951171875,2949.949951171875,0.0,1668006
2022-07-18,2897.932861328125,3017.85009765625,0.0,3025.0,2988.39990234375,2994.75,0.0,823390
2022-07-19,2899.13330078125,3019.10009765625,0.0,3023.0,2978.14990234375,2983.449951171875,0.0,638171
2022-07-20,2886.9853515625,3006.449951171875,0.0,3044.699951171875,3000.0,3033.0,0.0,867436
2022-07-21,2944.265869140625,3066.10009765625,0.0,3084.949951171875,2981.0,2981.0,0.0,1184060
2022-07-22,2945.513916015625,3067.39990234375,0.0,3092.75,3048.0,3066.10009765625,0.0,1268141
2022-07-25,2981.572021484375,3104.949951171875,0.0,3117.199951171875,3051.64990234375,3069.5,0.0,985844
2022-07-26,2984.98095703125,3108.5,0.0,3149.800048828125,3053.0,3096.0,0.0,2876310
2022-07-27,3059.449462890625,3186.050048828125,0.0,3193.0,3096.0,3118.949951171875,0.0,1976407
2022-07-28,3142.367919921875,3272.39990234375,0.0,3280.0,3182.0,3198.0,0.0,1332572
2022-07-29,3201.280029296875,3333.75,0.0,3354.35009765625,3275.0,3285.39990234375,0.0,1836550
2022-08-01,3192.446044921875,3324.550048828125,0.0,3355.0,3314.5,3340.050048828125,0.0,1076122
2022-08-02,3261.200439453125,3396.14990234375,0.0,3404.75,3325.60009765625,3331.0,0.0,1650536
2022-08-03,3302.972412109375,3439.64990234375,0.0,3448.0,3371.25,3404.0,0.0,1169005
2022-08-04,3322.99365234375,3460.5,0.0,3476.949951171875,3410.89990234375,3455.0,0.0,981434
2022-08-05,3335.86083984375,3473.89990234375,0.0,3491.949951171875,3451.550048828125,3475.0,0.0,792478
2022-08-08,3321.025390625,3458.449951171875,0.0,3476.949951171875,3436.550048828125,3465.0,0.0,724644
2022-08-10,3276.0849609375,3411.64990234375,0.0,3449.85009765625,3396.0,3441.0,0.0,1089295
2022-08-11,3269.89111328125,3405.199951171875,0.0,3477.949951171875,3390.0,3450.0,0.0,1410533
2022-08-12,3291.641357421875,3427.85009765625,0.0,3434.800048828125,3383.0,3399.0,0.0,548472
2022-08-16,3361.884521484375,3501.0,0.0,3509.449951171875,3455.300048828125,3470.0,0.0,911189
2022-08-17,3383.68212890625,3523.699951171875,0.0,3545.64990234375,3504.60009765625,3517.949951171875,0.0,817912
2022-08-18,3394.86962890625,3535.35009765625,0.0,3542.699951171875,3515.550048828125,3525.0,0.0,599877
2022-08-19,3344.167724609375,3482.550048828125,0.0,3538.5,3464.0,3520.0,0.0,581829
2022-08-22,3216.64453125,3349.75,0.0,3485.550048828125,3333.199951171875,3462.10009765625,0.0,2336567
2022-08-23,3223.22216796875,3356.60009765625,0.0,3383.949951171875,3316.85009765625,3333.0,0.0,831446
2022-08-24,3244.58837890625,3378.85009765625,0.0,3385.0,3302.0,3339.60009765625,0.0,1182154
2022-08-25,3228.8876953125,3362.5,0.0,3405.14990234375,3351.199951171875,3375.0,0.0,615392
2022-08-26,3191.485595703125,3323.550048828125,0.0,3384.5,3305.64990234375,3379.35009765625,0.0,1384783
2022-08-29,3210.40234375,3343.25,0.0,3348.35009765625,3236.699951171875,3247.0,0.0,1031166
2022-08-30,3256.83154296875,3391.60009765625,0.0,3409.75,3331.0,3331.0,0.0,1426459
2022-09-01,3309.59814453125,3446.550048828125,0.0,3474.39990234375,3315.0,3315.0,0.0,1417762
2022-09-02,3294.714111328125,3431.050048828125,0.0,3489.0,3425.0,3489.0,0.0,740821
2022-09-05,3288.71240234375,3424.800048828125,0.0,3450.0,3405.550048828125,3425.050048828125,0.0,518438
2022-09-06,3260.336669921875,3395.25,0.0,3434.550048828125,3384.0,3420.0,0.0,540937
2022-09-07,3265.23388671875,3400.35009765625,0.0,3435.0,3385.949951171875,3392.0,0.0,682921
2022-09-08,3313.0546875,3450.14990234375,0.0,3484.64990234375,3427.39990234375,3450.0,0.0,1143090
2022-09-09,3305.085205078125,3441.85009765625,0.0,3483.699951171875,3433.449951171875,3483.699951171875,0.0,702805
2022-09-12,3295.818115234375,3432.199951171875,0.0,3453.64990234375,3423.0,3441.85009765625,0.0,641280
2022-09-13,3286.21533203125,3422.199951171875,0.0,3459.0,3414.64990234375,3432.0,0.0,776044
2022-09-14,3302.300048828125,3438.949951171875,0.0,3448.5,3380.0,3380.0,0.0,816678
2022-09-15,3260.480712890625,3395.39990234375,0.0,3458.75,3389.10009765625,3440.0,0.0,590182
2022-09-16,3190.525146484375,3322.550048828125,0.0,3420.0,3309.550048828125,3412.39990234375,0.0,1598265
2022-09-19,3184.4755859375,3316.25,0.0,3342.10009765625,3231.300048828125,3320.64990234375,0.0,1013563
2022-09-20,3258.367919921875,3393.199951171875,0.0,3410.0,3334.0,3335.60009765625,0.0,708184
2022-09-21,3222.694091796875,3356.050048828125,0.0,3424.89990234375,3348.0,3405.0,0.0,605378
2022-09-22,3299.46728515625,3436.0,0.0,3440.0,3315.64990234375,3356.050048828125,0.0,829396
2022-09-23,3260.336669921875,3395.25,0.0,3437.949951171875,3382.699951171875,3435.0,0.0,513370
2022-09-26,3301.435546875,3438.050048828125,0.0,3468.0,3354.0,3370.0,0.0,1429914
2022-09-27,3332.74072265625,3470.64990234375,0.0,3500.0,3431.050048828125,3454.85009765625,0.0,1455383
2022-09-28,3428.7666015625,3570.64990234375,0.0,3582.89990234375,3420.0,3451.0,0.0,1843428
2022-09-29,3250.301513671875,3384.800048828125,0.0,3563.449951171875,3372.39990234375,3563.449951171875,0.0,2624894
2022-09-30,3209.634521484375,3342.449951171875,0.0,3411.89990234375,3285.25,3402.0,0.0,2159720
2022-10-03,3171.656005859375,3302.89990234375,0.0,3352.5,3285.75,3348.0,0.0,934543
2022-10-04,3205.121337890625,3337.75,0.0,3368.35009765625,3312.050048828125,3330.0,0.0,994382
2022-10-06,3196.671142578125,3328.949951171875,0.0,3366.75,3311.699951171875,3337.75,0.0,922770
2022-10-07,3210.8349609375,3343.699951171875,0.0,3359.60009765625,3287.25,3318.0,0.0,774544
2022-10-10,3147.69775390625,3277.949951171875,0.0,3299.0,3260.199951171875,3280.0,0.0,734377
2022-10-11,3167.623291015625,3298.699951171875,0.0,3360.0,3274.0,3290.5,0.0,1411316
2022-10-12,3119.12939453125,3248.199951171875,0.0,3339.5,3206.0,3335.0,0.0,1812549
2022-10-13,3081.487060546875,3209.0,0.0,3258.199951171875,3193.89990234375,3230.10009765625,0.0,779890
2022-10-14,3058.921142578125,3185.5,0.0,3246.0,3180.0,3235.0,0.0,845765
2022-10-17,3070.54052734375,3197.60009765625,0.0,3218.0,3170.10009765625,3185.5,0.0,1067773
2022-10-18,3097.667724609375,3225.85009765625,0.0,3250.0,3212.0,3218.0,0.0,1015424
2022-10-19,3085.088623046875,3212.75,0.0,3245.699951171875,3196.35009765625,3242.0,0.0,943543
2022-10-20,3016.09326171875,3140.89990234375,0.0,3241.85009765625,3101.800048828125,3198.0,0.0,2284352
2022-10-21,2969.5205078125,3092.39990234375,0.0,3164.75,3072.64990234375,3140.0,0.0,1738731
2022-10-24,2997.60791015625,3121.64990234375,0.0,3159.0,3116.0,3150.0,0.0,178709
2022-10-25,2962.318359375,3084.89990234375,0.0,3135.0,3079.89990234375,3134.0,0.0,1016316
2022-10-27,2922.515625,3043.449951171875,0.0,3123.0,3033.0,3123.0,0.0,2005709
2022-10-28,2932.070068359375,3053.39990234375,0.0,3071.60009765625,3040.0,3058.699951171875,0.0,715736
2022-10-31,2988.51904296875,3107.699951171875,4.4,3113.0,3061.050048828125,3082.0,0.0,814364
2022-11-01,3038.236083984375,3159.39990234375,0.0,3164.39990234375,3110.5,3110.5,0.0,939335
2022-11-02,3011.791015625,3131.89990234375,0.0,3159.949951171875,3122.10009765625,3158.0,0.0,787012
2022-11-03,3020.830810546875,3141.300048828125,0.0,3148.75,3105.0,3105.0,0.0,563798
2022-11-04,3059.3447265625,3181.35009765625,0.0,3185.0,3125.89990234375,3148.0,0.0,609757
2022-11-07,2984.5283203125,3103.550048828125,0.0,3198.0,3097.449951171875,3186.0,0.0,1669943
2022-11-09,2968.132080078125,3086.5,0.0,3146.0,3080.0,3146.0,0.0,1391333
2022-11-10,2928.36767578125,3045.14990234375,0.0,3086.0,3033.5,3086.0,0.0,1375007
2022-11-11,2938.224609375,3055.39990234375,0.0,3098.0,3048.0,3090.699951171875,0.0,810288
2022-11-14,2936.10888671875,3053.199951171875,0.0,3077.949951171875,3041.050048828125,3056.0,0.0,811702
2022-11-15,2961.208251953125,3079.300048828125,0.0,3095.0,3042.0,3068.5,0.0,873840
2022-11-16,2964.814453125,3083.050048828125,0.0,3093.0,3051.0,3079.300048828125,0.0,770953
2022-11-17,2953.8037109375,3071.60009765625,0.0,3096.550048828125,3060.0,3092.0,0.0,706271
2022-11-18,2976.787109375,3095.5,0.0,3114.85009765625,3055.75,3095.0,0.0,1258576
2022-11-21,2976.5947265625,3095.300048828125,0.0,3110.35009765625,3066.199951171875,3105.0,0.0,612194
2022-11-22,2984.81689453125,3103.85009765625,0.0,3119.5,3072.300048828125,3104.0,0.0,764079
2022-11-23,2981.8837890625,3100.800048828125,0.0,3114.800048828125,3090.0,3111.0,0.0,488341
2022-11-24,2995.82763671875,3115.300048828125,0.0,3120.25,3092.0,3117.949951171875,0.0,571872
2022-11-25,2988.95166015625,3108.14990234375,0.0,3119.800048828125,3075.25,3115.300048828125,0.0,898769
2022-11-28,3030.3505859375,3151.199951171875,0.0,3159.0,3096.699951171875,3108.14990234375,0.0,914689
2022-11-29,3014.820068359375,3135.050048828125,0.0,3169.0,3127.14990234375,3157.0,0.0,877720
2022-11-30,3053.38232421875,3175.14990234375,0.0,3199.949951171875,3133.300048828125,3139.89990234375,0.0,2547283
2022-12-01,3057.421142578125,3179.35009765625,0.0,3197.0,3161.25,3191.0,0.0,761717
2022-12-02,3022.89794921875,3143.449951171875,0.0,3174.300048828125,3134.0,3173.14990234375,0.0,932259
2022-12-05,3035.831787109375,3156.89990234375,0.0,3168.699951171875,3112.5,3130.0,0.0,926122
2022-12-06,3040.4482421875,3161.699951171875,0.0,3169.0,3125.0,3125.0,0.0,958365
2022-12-07,3102.76318359375,3226.5,0.0,3234.699951171875,3176.39990234375,3180.0,0.0,1832282
2022-12-08,3097.90673828125,3221.449951171875,0.0,3240.89990234375,3202.64990234375,3230.0,0.0,851312
2022-12-09,3103.19580078125,3226.949951171875,0.0,3242.35009765625,3206.0,3235.0,0.0,847879
2022-12-12,3044.920166015625,3166.35009765625,0.0,3230.0,3141.89990234375,3227.0,0.0,1323816
2022-12-13,3056.603759765625,3178.5,0.0,3185.0,3142.64990234375,3185.0,0.0,886601
2022-12-14,3025.302490234375,3145.949951171875,0.0,3195.0,3125.0,3179.0,0.0,1103870
2022-12-15,3010.540771484375,3130.60009765625,0.0,3161.199951171875,3116.699951171875,3142.0,0.0,799124
2022-12-16,2938.705810546875,3055.89990234375,0.0,3117.0,3050.300048828125,3115.0,0.0,1192821
2022-12-19,2962.794677734375,3080.949951171875,0.0,3088.0,3041.0,3062.0,0.0,655594
2022-12-20,2963.948974609375,3082.14990234375,0.0,3088.64990234375,3018.0,3075.050048828125,0.0,739257
2022-12-21,2951.92822265625,3069.64990234375,0.0,3112.449951171875,3050.050048828125,3085.0,0.0,616324
2022-12-22,2970.103515625,3088.550048828125,0.0,3093.5,3038.050048828125,3074.0,0.0,663202
2022-12-23,2940.62890625,3057.89990234375,0.0,3086.85009765625,3036.0,3078.949951171875,0.0,1230858
2022-12-26,2938.849853515625,3056.050048828125,0.0,3071.89990234375,3028.800048828125,3057.89990234375,0.0,536884
2022-12-27,2993.23095703125,3112.60009765625,0.0,3129.0,3056.300048828125,3060.0,0.0,729041
2022-12-28,3003.905517578125,3123.699951171875,0.0,3143.800048828125,3105.0,3109.949951171875,0.0,972274
2022-12-29,2995.683349609375,3115.14990234375,0.0,3125.0,3092.550048828125,3101.0,0.0,596265
2022-12-30,2969.478271484375,3087.89990234375,0.0,3130.75,3071.300048828125,3130.75,0.0,836220
2023-01-02,2930.3876953125,3047.25,0.0,3087.89990234375,3021.0,3087.89990234375,0.0,1015990
2023-01-03,2912.11572265625,3028.25,0.0,3059.949951171875,3025.0,3047.0,0.0,860367
2023-01-04,2901.1533203125,3016.85009765625,0.0,3050.0,3001.550048828125,3035.0,0.0,836382
2023-01-05,2889.132568359375,3004.35009765625,0.0,3046.60009765625,2995.39990234375,3039.550048828125,0.0,1113920
2023-01-06,2864.177734375,2978.39990234375,0.0,3023.5,2952.0,3010.0,0.0,1045526
2023-01-09,2869.706787109375,2984.14990234375,0.0,3017.64990234375,2951.0,2993.300048828125,0.0,808263
2023-01-10,2846.8203125,2960.35009765625,0.0,2985.0,2952.199951171875,2984.14990234375,0.0,864325
2023-01-11,2827.635009765625,2940.39990234375,0.0,2974.89990234375,2935.0,2974.89990234375,0.0,890426
2023-01-12,2804.12255859375,2915.949951171875,0.0,2939.85009765625,2896.0,2939.0,0.0,1558620
2023-01-13,2797.58349609375,2909.14990234375,0.0,2925.0,2871.75,2925.0,0.0,1507864
2023-01-16,2804.21875,2916.050048828125,0.0,2929.60009765625,2896.0,2925.0,0.0,644073
2023-01-17,2828.115478515625,2940.89990234375,0.0,2944.85009765625,2911.14990234375,2925.0,0.0,716489
2023-01-18,2832.29931640625,2945.25,0.0,2960.0,2929.35009765625,2947.949951171875,0.0,893808
2023-01-19,2756.232421875,2866.14990234375,0.0,2973.60009765625,2843.60009765625,2954.89990234375,0.0,2379947
2023-01-20,2680.88720703125,2787.800048828125,0.0,2848.0,2781.0,2848.0,0.0,3171005
2023-01-23,2677.666015625,2784.449951171875,0.0,2800.0,2767.85009765625,2800.0,0.0,1402260
2023-01-24,2702.81298828125,2810.60009765625,0.0,2827.10009765625,2784.449951171875,2795.0,0.0,1061471
2023-01-25,2668.578125,2775.0,0.0,2811.0,2767.10009765625,2810.89990234375,0.0,857953
2023-01-27,2618.235595703125,2722.64990234375,0.0,2772.85009765625,2685.85009765625,2766.60009765625,0.0,1801498
2023-01-30,2660.115478515625,2766.199951171875,0.0,2776.0,2696.25,2724.0,0.0,1171912
2023-01-31,2621.31298828125,2725.85009765625,0.0,2779.949951171875,2718.050048828125,2760.0,0.0,1961805
2023-02-01,2638.52685546875,2743.75,0.0,2778.0,2704.800048828125,2749.800048828125,0.0,1176872
2023-02-02,2601.887451171875,2705.64990234375,0.0,2741.0,2694.0,2741.0,0.0,1308570
2023-02-03,2654.538330078125,2760.39990234375,0.0,2763.89990234375,2700.0,2705.64990234375,0.0,1278409
2023-02-06,2648.575927734375,2754.199951171875,0.0,2765.0,2718.0,2760.39990234375,0.0,1120284
2023-02-07,2652.2783203125,2758.050048828125,0.0,2774.5,2748.14990234375,2762.0,0.0,732250
2023-02-08,2659.5390625,2765.60009765625,0.0,2784.0,2744.300048828125,2768.0,0.0,811956
2023-02-09,2706.659912109375,2814.60009765625,0.0,2820.35009765625,2766.14990234375,2781.949951171875,0.0,946372
2023-02-10,2697.04296875,2804.60009765625,0.0,2830.949951171875,2793.0,2830.0,0.0,700072
2023-02-13,2683.724365234375,2790.75,0.0,2829.0,2780.0,2814.5,0.0,467228
2023-02-14,2670.50146484375,2777.0,0.0,2804.75,2765.0,2804.75,0.0,524746
2023-02-15,2679.30078125,2786.14990234375,0.0,2798.300048828125,2754.0,2777.0,0.0,817717
2023-02-16,2698.341064453125,2805.949951171875,0.0,2834.35009765625,2790.10009765625,2797.0,0.0,788964
2023-02-17,2724.930908203125,2833.60009765625,0.0,2845.85009765625,2785.5,2802.949951171875,0.0,840526
2023-02-20,2717.189453125,2825.550048828125,0.0,2852.0,2812.10009765625,2845.0,0.0,646218
2023-02-21,2709.063720703125,2817.10009765625,0.0,2838.699951171875,2805.0,2837.0,0.0,631934
2023-02-22,2688.72509765625,2795.949951171875,0.0,2813.949951171875,2780.0,2809.949951171875,0.0,580270
2023-02-23,2602.176025390625,2705.949951171875,0.0,2805.550048828125,2700.10009765625,2805.0,0.0,1790570
2023-02-24,2633.477783203125,2738.5,0.0,2762.0,2710.0,2712.10009765625,0.0,1429040
2023-02-27,2644.440673828125,2749.89990234375,0.0,2758.64990234375,2725.050048828125,2740.39990234375,0.0,561317
2023-02-28,2720.31494140625,2828.800048828125,0.0,2839.0,2727.449951171875,2750.0,0.0,1815923
2023-03-01,2731.950927734375,2840.89990234375,0.0,2853.300048828125,2816.050048828125,2828.0,0.0,816598
2023-03-02,2725.218994140625,2833.89990234375,0.0,2849.0,2811.0,2831.0,0.0,604523
2023-03-03,2720.363037109375,2828.85009765625,0.0,2852.0,2810.64990234375,2837.050048828125,0.0,679295
2023-03-06,2754.6943359375,2864.550048828125,0.0,2884.0,2830.25,2843.0,0.0,1050267
2023-03-08,2749.885498046875,2859.550048828125,0.0,2870.0,2827.0,2870.0,0.0,580250
2023-03-09,2744.115478515625,2853.550048828125,0.0,2872.449951171875,2836.85009765625,2862.0,0.0,774224
2023-03-10,2721.660888671875,2830.199951171875,0.0,2844.0,2807.0,2844.0,0.0,489978
2023-03-13,2677.42529296875,2784.199951171875,0.0,2849.449951171875,2772.199951171875,2823.5,0.0,813217
2023-03-14,2640.3056640625,2745.60009765625,0.0,2786.949951171875,2740.050048828125,2782.949951171875,0.0,1060450
2023-03-15,2718.96875,2827.39990234375,0.0,2866.35009765625,2765.199951171875,2772.199951171875,0.0,2170346
2023-03-16,2782.293212890625,2893.25,0.0,2900.0,2828.699951171875,2850.0,0.0,1755487
2023-03-17,2752.866455078125,2862.64990234375,0.0,2923.949951171875,2855.050048828125,2923.949951171875,0.0,1848073
2023-03-20,2745.654296875,2855.14990234375,0.0,2915.0,2831.050048828125,2915.0,0.0,1074367
2023-03-21,2730.22021484375,2839.10009765625,0.0,2887.0,2835.0,2858.14990234375,0.0,691891
2023-03-22,2730.94091796875,2839.85009765625,0.0,2853.14990234375,2814.85009765625,2825.0,0.0,731807
2023-03-23,2690.50390625,2797.800048828125,0.0,2823.0,2767.75,2817.10009765625,0.0,1016581
2023-03-24,2691.1767578125,2798.5,0.0,2815.64990234375,2772.85009765625,2797.800048828125,0.0,784111
2023-03-27,2696.225341796875,2803.75,0.0,2820.0,2786.5,2798.5,0.0,791560
2023-03-28,2677.666015625,2784.449951171875,0.0,2810.60009765625,2765.0,2791.0,0.0,558581
2023-03-29,2664.25048828125,2770.5,0.0,2793.75,2755.0,2784.449951171875,0.0,1087648
2023-03-31,2655.739990234375,2761.64990234375,0.0,2775.0,2747.5,2756.050048828125,0.0,1967803
2023-04-03,2670.50146484375,2777.0,0.0,2781.64990234375,2708.64990234375,2746.949951171875,0.0,1035295
2023-04-05,2700.793212890625,2808.5,0.0,2811.550048828125,2752.25,2760.0,0.0,668643
2023-04-06,2702.091552734375,2809.85009765625,0.0,2825.0,2786.800048828125,2807.449951171875,0.0,627554
2023-04-10,2669.87646484375,2776.35009765625,0.0,2810.0,2755.10009765625,2810.0,0.0,1215461
2023-04-11,2648.191162109375,2753.800048828125,0.0,2790.0,2750.050048828125,2790.0,0.0,1246379
2023-04-12,2679.8779296875,2786.75,0.0,2806.199951171875,2751.0,2755.550048828125,0.0,2235399
2023-04-13,2701.995849609375,2809.75,0.0,2813.300048828125,2782.0,2786.699951171875,0.0,602597
2023-04-17,2734.066650390625,2843.10009765625,0.0,2845.60009765625,2806.0,2825.0,0.0,754555
2023-04-18,2745.125244140625,2854.60009765625,0.0,2858.449951171875,2830.10009765625,2848.0,0.0,717724
2023-04-19,2701.947265625,2809.699951171875,0.0,2852.699951171875,2800.64990234375,2836.35009765625,0.0,799624
2023-04-20,2734.78759765625,2843.85009765625,0.0,2851.0,2813.14990234375,2820.0,0.0,761101
2023-04-21,2771.571044921875,2882.10009765625,0.0,2887.0,2847.10009765625,2847.10009765625,0.0,894930
2023-04-24,2780.2255859375,2891.10009765625,0.0,2898.0,2852.0,2882.10009765625,0.0,782967
2023-04-25,2786.86083984375,2898.0,0.0,2901.75,2864.14990234375,2891.050048828125,0.0,636120
2023-04-26,2798.401123046875,2910.0,0.0,2916.449951171875,2888.050048828125,2896.949951171875,0.0,569221
2023-04-27,2788.736083984375,2899.949951171875,0.0,2920.0,2893.85009765625,2915.5,0.0,599461
2023-04-28,2791.04443359375,2902.35009765625,0.0,2919.949951171875,2846.60009765625,2919.949951171875,0.0,1080665
2023-05-02,2788.3515625,2899.550048828125,0.0,2933.699951171875,2893.0,2910.949951171875,0.0,663800
2023-05-03,2817.34521484375,2929.699951171875,0.0,2962.39990234375,2897.0,2918.0,0.0,1237193
2023-05-04,2868.456787109375,2982.85009765625,0.0,2986.14990234375,2922.14990234375,2948.0,0.0,1008540
2023-05-05,2897.402587890625,3012.949951171875,0.0,3025.0,2951.050048828125,2971.0,0.0,1326561
2023-05-08,2903.6533203125,3019.449951171875,0.0,3035.699951171875,2993.0,3015.0,0.0,941879
2023-05-09,2918.414794921875,3034.800048828125,0.0,3074.800048828125,3010.75,3016.050048828125,0.0,1025850
2023-05-10,2924.761474609375,3041.39990234375,0.0,3057.0,3018.89990234375,3042.949951171875,0.0,751851
2023-05-11,3019.33984375,3139.75,0.0,3156.14990234375,3031.5,3052.050048828125,0.0,3229605
2023-05-12,3011.021728515625,3131.10009765625,0.0,3179.75,3086.0,3139.0,0.0,1998170
2023-05-15,3011.88720703125,3132.0,0.0,3168.0,3121.050048828125,3134.199951171875,0.0,810281
2023-05-16,3017.753173828125,3138.10009765625,0.0,3165.699951171875,3122.35009765625,3132.0,0.0,822404
2023-05-17,2973.85400390625,3092.449951171875,0.0,3147.949951171875,3075.550048828125,3136.0,0.0,835371
2023-05-18,2989.817138671875,3109.050048828125,0.0,3125.0,3093.25,3105.64990234375,0.0,498067
2023-05-19,2966.16064453125,3084.449951171875,0.0,3127.949951171875,3068.050048828125,3124.0,0.0,633262
2023-05-22,2966.593505859375,3084.89990234375,0.0,3105.60009765625,3046.0,3070.0,0.0,659425
2023-05-23,3000.92431640625,3120.60009765625,0.0,3127.949951171875,3085.0,3087.0,0.0,581204
2023-05-24,2982.556884765625,3101.5,0.0,3133.14990234375,3098.0,3115.0,0.0,439465
2023-05-25,3003.76123046875,3123.550048828125,0.0,3129.0,3086.0,3101.5,0.0,500313
2023-05-26,3008.42529296875,3128.39990234375,0.0,3136.949951171875,3111.75,3123.0,0.0,568249
2023-05-29,3017.079833984375,3137.39990234375,0.0,3155.0,3116.050048828125,3147.199951171875,0.0,535712
2023-05-30,3023.8115234375,3144.39990234375,0.0,3155.0,3127.550048828125,3146.89990234375,0.0,506026
2023-05-31,3070.499755859375,3192.949951171875,0.0,3219.35009765625,3136.449951171875,3151.949951171875,0.0,2349066
2023-06-01,3116.41845703125,3240.699951171875,0.0,3249.89990234375,3207.0,3235.35009765625,0.0,1104861
2023-06-02,3113.100830078125,3237.25,0.0,3249.949951171875,3219.0,3239.39990234375,0.0,781973
2023-06-05,3077.038818359375,3199.75,0.0,3239.949951171875,3195.0,3239.949951171875,0.0,492565
2023-06-06,3089.540771484375,3212.75,0.0,3238.89990234375,3195.0,3207.75,0.0,577698
2023-06-07,3101.128662109375,3224.800048828125,0.0,3229.25,3206.25,3217.0,0.0,470038
2023-06-08,3089.0595703125,3212.25,0.0,3247.0,3193.0,3220.0,0.0,561161
2023-06-09,3078.943359375,3180.550048828125,21.25,3238.89990234375,3168.550048828125,3209.800048828125,0.0,1239045
2023-06-12,3092.68994140625,3194.75,0.0,3202.35009765625,3151.14990234375,3185.199951171875,0.0,1029156
2023-06-13,3158.614013671875,3262.85009765625,0.0,3272.0,3205.14990234375,3210.0,0.0,1598821
2023-06-14,3165.7294921875,3270.199951171875,0.0,3289.89990234375,3253.0,3265.0,0.0,741615
2023-06-15,3189.10791015625,3294.35009765625,0.0,3304.0,3273.35009765625,3276.0,0.0,806994
2023-06-16,3210.88916015625,3316.85009765625,0.0,3322.0,3286.550048828125,3291.75,0.0,984671
2023-06-19,3203.96728515625,3309.699951171875,0.0,3344.949951171875,3303.25,3318.85009765625,0.0,516915
2023-06-20,3212.679931640625,3318.699951171875,0.0,3326.85009765625,3277.10009765625,3315.0,0.0,866290
2023-06-21,3210.162841796875,3316.10009765625,0.0,3333.0,3300.0,3318.699951171875,0.0,742456
2023-06-22,3144.287109375,3248.050048828125,0.0,3326.85009765625,3242.449951171875,3325.0,0.0,871640
2023-06-23,3192.350341796875,3297.699951171875,0.0,3304.14990234375,3253.050048828125,3265.0,0.0,1260659
2023-06-26,3202.467041015625,3308.14990234375,0.0,3315.35009765625,3271.39990234375,3295.0,0.0,592801
2023-06-27,3219.74658203125,3326.0,0.0,3344.5,3273.35009765625,3275.0,0.0,914141
2023-06-28,3241.285888671875,3348.25,0.0,3355.25,3323.5,3331.0,0.0,713110
2023-06-30,3254.64501953125,3362.050048828125,0.0,3449.60009765625,3343.75,3353.0,0.0,1436363
2023-07-03,3251.402099609375,3358.699951171875,0.0,3379.949951171875,3337.199951171875,3365.0,0.0,474224
2023-07-04,3240.75341796875,3347.699951171875,0.0,3387.0,3331.0,3358.699951171875,0.0,473663
2023-07-05,3266.600341796875,3374.39990234375,0.0,3400.0,3340.75,3351.35009765625,0.0,632406
2023-07-06,3290.8017578125,3399.39990234375,0.0,3410.0,3367.800048828125,3410.0,0.0,693995
2023-07-07,3236.881103515625,3343.699951171875,0.0,3414.0,3337.14990234375,3385.0,0.0,620761
2023-07-10,3236.348876953125,3343.14990234375,0.0,3372.050048828125,3293.949951171875,3345.0,0.0,548838
2023-07-11,3284.170654296875,3392.550048828125,0.0,3399.949951171875,3345.0,3349.949951171875,0.0,772158
2023-07-12,3297.9169921875,3406.75,0.0,3414.39990234375,3362.25,3408.0,0.0,1025127
2023-07-13,3289.97900390625,3398.550048828125,0.0,3425.0,3384.35009765625,3425.0,0.0,750126
2023-07-14,3320.182373046875,3429.75,0.0,3439.0,3387.0,3398.550048828125,0.0,832843
2023-07-17,3349.85302734375,3460.39990234375,0.0,3473.0,3425.0,3429.75,0.0,817694
2023-07-18,3401.2080078125,3513.449951171875,0.0,3523.0,3455.60009765625,3460.0,0.0,962485
2023-07-19,3402.3701171875,3514.64990234375,0.0,3530.0,3482.5,3520.0,0.0,620289
2023-07-20,3413.357177734375,3526.0,0.0,3535.0,3494.949951171875,3510.050048828125,0.0,589848
2023-07-21,3405.322509765625,3517.699951171875,0.0,3537.949951171875,3505.0,3535.949951171875,0.0,857975
2023-07-24,3430.4921875,3543.699951171875,0.0,3568.0,3498.5,3506.0,0.0,680246
2023-07-25,3291.769775390625,3400.39990234375,0.0,3547.89990234375,3350.0,3547.89990234375,0.0,2555630
2023-07-26,3265.245361328125,3373.0,0.0,3413.0,3365.0,3399.85009765625,0.0,959076
2023-07-27,3261.76025390625,3369.39990234375,0.0,3414.0,3351.0,3390.0,0.0,874078
2023-07-28,3282.37939453125,3390.699951171875,0.0,3399.0,3364.5,3375.0,0.0,553750
2023-07-31,3269.456298828125,3377.35009765625,0.0,3388.0,3323.14990234375,3323.199951171875,0.0,933890
2023-08-01,3236.155029296875,3342.949951171875,0.0,3385.0,3338.0,3372.0,0.0,698667
2023-08-02,3255.4677734375,3362.89990234375,0.0,3371.949951171875,3330.64990234375,3341.199951171875,0.0,857218
2023-08-03,3229.76611328125,3336.35009765625,0.0,3379.949951171875,3317.949951171875,3370.0,0.0,711067
2023-08-04,3232.9609375,3339.64990234375,0.0,3373.300048828125,3323.0,3338.14990234375,0.0,519248
2023-08-07,3236.20361328125,3343.0,0.0,3350.0,3316.0,3316.050048828125,0.0,360358
2023-08-08,3241.092529296875,3348.050048828125,0.0,3359.949951171875,3332.64990234375,3343.0,0.0,500258
2023-08-09,3224.5869140625,3331.0,0.0,3356.949951171875,3303.0,3332.550048828125,0.0,643222
2023-08-10,3134.461181640625,3237.89990234375,0.0,3320.0,3230.0,3310.0,0.0,1253219
2023-08-11,3083.58984375,3185.35009765625,0.0,3248.949951171875,3180.0,3237.89990234375,0.0,919023
2023-08-14,3100.2890625,3202.60009765625,0.0,3209.89990234375,3152.25,3185.35009765625,0.0,815534
2023-08-16,3092.011962890625,3194.050048828125,0.0,3208.85009765625,3176.89990234375,3194.89990234375,0.0,597686
2023-08-17,3081.556884765625,3183.25,0.0,3224.0,3162.0,3223.89990234375,0.0,873392
2023-08-18,3062.486572265625,3163.550048828125,0.0,3185.5,3155.0,3174.89990234375,0.0,592652
2023-08-21,3080.637451171875,3182.300048828125,0.0,3187.5,3152.14990234375,3159.89990234375,0.0,353330
2023-08-22,3078.12060546875,3179.699951171875,0.0,3198.60009765625,3171.0,3198.60009765625,0.0,377068
2023-08-23,3067.56884765625,3168.800048828125,0.0,3196.0,3165.25,3186.0,0.0,370811
2023-08-24,3122.55419921875,3225.60009765625,0.0,3232.89990234375,3170.89990234375,3185.0,0.0,1167742
2023-08-25,3155.177490234375,3259.300048828125,0.0,3265.0,3216.199951171875,3224.89990234375,0.0,1363431
2023-08-28,3155.564453125,3259.699951171875,0.0,3272.0,3231.050048828125,3264.949951171875,0.0,707315
2023-08-29,3180.73388671875,3285.699951171875,0.0,3289.0,3255.050048828125,3261.0,0.0,533163
2023-08-30,3189.446533203125,3294.699951171875,0.0,3302.85009765625,3276.39990234375,3301.300048828125,0.0,599080
2023-08-31,3152.079833984375,3256.10009765625,0.0,3302.0,3220.0,3300.050048828125,0.0,1601967
2023-09-01,3155.419677734375,3259.550048828125,0.0,3264.199951171875,3217.10009765625,3241.10009765625,0.0,650131
2023-09-04,3132.1865234375,3235.550048828125,0.0,3266.25,3216.10009765625,3259.550048828125,0.0,696213
2023-09-05,3120.32763671875,3223.300048828125,0.0,3248.85009765625,3220.0,3245.0,0.0,597022
2023-09-06,3122.263916015625,3225.300048828125,0.0,3230.0,3195.0,3209.0,0.0,754106
2023-09-07,3142.641357421875,3246.35009765625,0.0,3253.75,3201.25,3225.300048828125,0.0,923108
2023-09-08,3134.606689453125,3238.050048828125,0.0,3263.050048828125,3232.0,3250.550048828125,0.0,395918
2023-09-11,3155.274169921875,3259.39990234375,0.0,3265.0,3242.0,3242.0,0.0,359345
2023-09-12,3152.80615234375,3256.85009765625,0.0,3279.800048828125,3243.0,3260.0,0.0,554905
2023-09-13,3173.0380859375,3277.75,0.0,3284.64990234375,3225.300048828125,3245.0,0.0,880907
2023-09-14,3136.73583984375,3240.25,0.0,3294.199951171875,3223.25,3282.0,0.0,1102554
2023-09-15,3094.528564453125,3196.64990234375,0.0,3240.0,3185.0,3235.0,0.0,1568607
2023-09-18,3103.870849609375,3206.300048828125,0.0,3229.89990234375,3190.0,3200.0,0.0,673602
2023-09-20,3111.663818359375,3214.35009765625,0.0,3228.0,3195.0,3206.300048828125,0.0,901084
2023-09-21,3140.5595703125,3244.199951171875,0.0,3261.199951171875,3180.550048828125,3210.0,0.0,845739
2023-09-22,3170.230712890625,3274.85009765625,0.0,3283.60009765625,3221.14990234375,3234.949951171875,0.0,896521
2023-09-25,3217.08447265625,3323.25,0.0,3334.800048828125,3271.14990234375,3272.300048828125,0.0,1422084
2023-09-26,3187.607421875,3292.800048828125,0.0,3324.89990234375,3260.35009765625,3323.0,0.0,834560
2023-09-27,3196.319580078125,3301.800048828125,0.0,3309.0,3271.699951171875,3288.0,0.0,516326
2023-09-28,3069.069091796875,3170.35009765625,0.0,3289.0,3155.0,3281.800048828125,0.0,2104381
2023-09-29,3060.06640625,3161.050048828125,0.0,3195.0,3134.0,3195.0,0.0,1550585
2023-10-03,3065.680908203125,3166.85009765625,0.0,3227.800048828125,3162.0,3166.10009765625,0.0,1219145
2023-10-04,3068.633544921875,3169.89990234375,0.0,3189.0,3151.35009765625,3164.949951171875,0.0,892584
2023-10-05,3103.822265625,3206.25,0.0,3232.10009765625,3174.300048828125,3210.0,0.0,1002610
2023-10-06,3093.657958984375,3195.75,0.0,3217.0,3190.0,3214.75,0.0,814257
2023-10-09,3052.07958984375,3152.800048828125,0.0,3163.0,3132.699951171875,3140.050048828125,0.0,700012
2023-10-10,3050.8212890625,3151.5,0.0,3164.89990234375,3140.050048828125,3150.0,0.0,847367
2023-10-11,3062.824951171875,3163.89990234375,0.0,3185.0,3152.050048828125,3169.0,0.0,1025317
2023-10-12,3058.1787109375,3159.10009765625,0.0,3188.5,3150.050048828125,3186.0,0.0,992531
2023-10-13,3048.207763671875,3148.800048828125,0.0,3172.0,3128.25,3150.0,0.0,854688
2023-10-16,3012.631591796875,3112.050048828125,0.0,3128.0,3096.10009765625,3124.0,0.0,853011
2023-10-17,3014.08349609375,3113.550048828125,0.0,3137.0,3091.800048828125,3137.0,0.0,792640
2023-10-18,2997.530029296875,3096.449951171875,0.0,3115.199951171875,3090.0,3110.0,0.0,481985
2023-10-19,3002.709228515625,3101.800048828125,0.0,3110.89990234375,3076.10009765625,3087.699951171875,0.0,568124
2023-10-20,3006.630126953125,3105.85009765625,0.0,3115.10009765625,3064.550048828125,3092.5,0.0,711434
2023-10-23,2973.86083984375,3072.0,0.0,3108.89990234375,3064.0,3096.050048828125,0.0,374476
2023-10-25,2963.01904296875,3060.800048828125,0.0,3108.0,3052.0,3093.39990234375,0.0,669290
2023-10-26,2865.72998046875,2960.300048828125,0.0,3055.0,2940.0,3051.10009765625,0.0,1834111
2023-10-27,2860.743896484375,2955.14990234375,0.0,2974.64990234375,2931.0,2932.800048828125,0.0,1708185
2023-10-30,2872.3125,2967.10009765625,0.0,2991.949951171875,2939.10009765625,2974.0,0.0,878885
2023-10-31,2899.998291015625,2995.699951171875,0.0,3012.75,2966.0,2969.0,0.0,1152306
2023-11-01,2840.802001953125,2934.550048828125,0.0,3008.89990234375,2930.0,2997.949951171875,0.0,1029990
2023-11-02,2860.985595703125,2955.39990234375,0.0,2962.0,2934.0,2961.050048828125,0.0,900125
2023-11-03,2887.751220703125,2977.85009765625,5.15,2982.89990234375,2942.0,2957.0,0.0,715997
2023-11-06,2937.644287109375,3029.300048828125,0.0,3034.050048828125,2983.85009765625,2998.0,0.0,620959
2023-11-07,2941.57177734375,3033.35009765625,0.0,3038.949951171875,3002.199951171875,3029.300048828125,0.0,757998
2023-11-08,3001.59912109375,3095.25,0.0,3098.949951171875,3046.199951171875,3058.0,0.0,783400
2023-11-09,2987.00390625,3080.199951171875,0.0,3111.39990234375,3074.050048828125,3100.0,0.0,849702
2023-11-10,2983.367919921875,3076.449951171875,0.0,3085.0,3040.10009765625,3070.0,0.0,364232
2023-11-13,2992.24072265625,3085.60009765625,0.0,3098.0,3065.0,3098.0,0.0,405941
2023-11-15,3021.9150390625,3116.199951171875,0.0,3118.85009765625,3078.699951171875,3085.699951171875,0.0,700017
2023-11-16,3035.58837890625,3130.300048828125,0.0,3140.89990234375,3097.60009765625,3119.0,0.0,675454
2023-11-17,3073.0205078125,3168.89990234375,0.0,3228.25,3145.64990234375,3150.0,0.0,1430175
2023-11-20,3045.334228515625,3140.35009765625,0.0,3171.89990234375,3132.0,3168.89990234375,0.0,406431
2023-11-21,3038.44921875,3133.25,0.0,3156.89990234375,3127.0,3156.89990234375,0.0,409069
2023-11-22,3038.206787109375,3133.0,0.0,3157.0,3121.199951171875,3140.0,0.0,489889
2023-11-23,3028.460693359375,3122.949951171875,0.0,3171.39990234375,3115.14990234375,3148.0,0.0,792460
2023-11-24,3041.26123046875,3136.14990234375,0.0,3139.800048828125,3111.0,3118.0,0.0,756329
2023-11-28,3053.09228515625,3148.35009765625,0.0,3160.0,3136.14990234375,3141.14990234375,0.0,647883
2023-11-29,3053.09228515625,3148.35009765625,0.0,3170.0,3142.0,3148.35009765625,0.0,620725
2023-11-30,3025.503173828125,3119.89990234375,0.0,3153.949951171875,3108.35009765625,3148.35009765625,0.0,1793116
2023-12-01,3077.38427734375,3173.39990234375,0.0,3190.60009765625,3140.25,3146.949951171875,0.0,960196
2023-12-04,3097.894775390625,3194.550048828125,0.0,3204.449951171875,3166.5,3190.0,0.0,1018189
2023-12-05,3128.635498046875,3226.25,0.0,3247.64990234375,3180.0,3197.0,0.0,1005550
2023-12-06,3154.139404296875,3252.550048828125,0.0,3289.0,3232.949951171875,3265.0,0.0,1229158
2023-12-07,3153.412353515625,3251.800048828125,0.0,3299.949951171875,3246.85009765625,3284.0,0.0,1071725
2023-12-08,3134.211181640625,3232.0,0.0,3269.800048828125,3227.800048828125,3255.0,0.0,895852
2023-12-11,3135.18115234375,3233.0,0.0,3245.0,3185.5,3230.0,0.0,910426
2023-12-12,3127.1806640625,3224.75,0.0,3257.050048828125,3210.0,3228.0,0.0,1019030
2023-12-13,3145.5087890625,3243.64990234375,0.0,3254.949951171875,3190.300048828125,3240.0,0.0,1052079
2023-12-14,3143.278564453125,3241.35009765625,0.0,3258.60009765625,3218.0,3255.0,0.0,923107
2023-12-15,3213.63330078125,3313.89990234375,0.0,3326.35009765625,3242.0,3250.0,0.0,1631687
2023-12-18,3231.234375,3332.050048828125,0.0,3335.800048828125,3296.0,3313.0,0.0,911936
2023-12-19,3235.113037109375,3336.050048828125,0.0,3353.89990234375,3300.14990234375,3335.949951171875,0.0,780448
2023-12-20,3197.390380859375,3297.14990234375,0.0,3359.949951171875,3282.64990234375,3336.050048828125,0.0,979762
2023-12-21,3203.014404296875,3302.949951171875,0.0,3320.0,3271.85009765625,3280.0,0.0,1585879
2023-12-22,3240.204345703125,3341.300048828125,0.0,3350.800048828125,3287.0,3309.89990234375,0.0,930563
2023-12-26,3280.98193359375,3383.35009765625,0.0,3391.89990234375,3345.199951171875,3349.949951171875,0.0,600190
2023-12-27,3301.443603515625,3404.449951171875,0.0,3409.949951171875,3354.0,3381.050048828125,0.0,837182
2023-12-28,3294.461669921875,3397.25,0.0,3419.949951171875,3373.050048828125,3405.0,0.0,779250
2023-12-29,3299.45556640625,3402.39990234375,0.0,3422.949951171875,3383.89990234375,3410.0,0.0,615676
2024-01-01,3293.3466796875,3396.10009765625,0.0,3411.800048828125,3389.14990234375,3403.0,0.0,283951
2024-01-02,3288.739990234375,3391.35009765625,0.0,3398.89990234375,3345.0,3396.0,0.0,552394
2024-01-03,3271.527099609375,3373.60009765625,0.0,3399.0,3365.0,3391.35009765625,0.0,379131
2024-01-04,3277.68505859375,3379.949951171875,0.0,3401.25,3363.800048828125,3372.0,0.0,777127
2024-01-05,3254.0234375,3355.550048828125,0.0,3380.39990234375,3348.0,3379.949951171875,0.0,416956
2024-01-08,3198.602294921875,3298.39990234375,0.0,3376.5,3294.85009765625,3355.0,0.0,545884
2024-01-09,3168.636962890625,3267.5,0.0,3315.0,3262.25,3310.0,0.0,670704
2024-01-10,3187.401611328125,3286.85009765625,0.0,3293.0,3258.199951171875,3292.0,0.0,691087
2024-01-11,3188.7109375,3288.199951171875,0.0,3309.199951171875,3270.699951171875,3286.85009765625,0.0,537469
2024-01-12,3178.625732421875,3277.800048828125,0.0,3294.949951171875,3244.0,3294.949951171875,0.0,673004
2024-01-15,3174.84326171875,3273.89990234375,0.0,3287.199951171875,3258.60009765625,3282.199951171875,0.0,728116
2024-01-16,3197.1474609375,3296.89990234375,0.0,3320.0,3273.89990234375,3274.949951171875,0.0,748215
2024-01-17,3144.199951171875,3242.300048828125,0.0,3304.35009765625,3193.050048828125,3294.10009765625,0.0,2239241
2024-01-18,3068.12353515625,3163.85009765625,0.0,3257.949951171875,3048.60009765625,3257.949951171875,0.0,1979174
2024-01-19,3070.063232421875,3165.85009765625,0.0,3201.550048828125,3148.60009765625,3177.800048828125,0.0,936201
2024-01-23,2962.27587890625,3054.699951171875,0.0,3109.0,3021.550048828125,3087.550048828125,0.0,2365225
2024-01-24,2908.697265625,2999.449951171875,0.0,3055.0,2976.10009765625,3055.0,0.0,2665932
2024-01-25,2859.967529296875,2949.199951171875,0.0,3016.0,2942.300048828125,3010.050048828125,0.0,2001961
2024-01-29,2886.00537109375,2976.050048828125,0.0,2988.449951171875,2940.050048828125,2940.050048828125,0.0,1862723
2024-01-30,2864.719970703125,2954.10009765625,0.0,3005.0,2951.050048828125,2990.0,0.0,1273188
2024-01-31,2868.356201171875,2957.85009765625,0.0,2971.89990234375,2948.050048828125,2966.0,0.0,1771244
2024-02-01,2840.718505859375,2929.35009765625,0.0,2972.85009765625,2919.949951171875,2961.0,0.0,3006472
2024-02-02,2847.458251953125,2936.300048828125,0.0,2962.35009765625,2924.050048828125,2950.0,0.0,1881911
2024-02-05,2829.081298828125,2917.35009765625,0.0,2965.0,2912.0,2950.0,0.0,923435
2024-02-06,2842.270263671875,2930.949951171875,0.0,2947.0,2902.64990234375,2931.0,0.0,1471312
2024-02-07,2890.950927734375,2981.14990234375,0.0,3002.949951171875,2936.050048828125,2957.0,0.0,1134012
2024-02-08,2840.961181640625,2929.60009765625,0.0,2999.75,2919.800048828125,2999.75,0.0,1633654
2024-02-09,2862.343505859375,2951.64990234375,0.0,2959.0,2910.550048828125,2930.0,0.0,1144765
2024-02-12,2864.4287109375,2953.800048828125,0.0,2964.949951171875,2920.050048828125,2951.64990234375,0.0,614469
2024-02-13,2881.690185546875,2971.60009765625,0.0,2981.25,2945.699951171875,2964.949951171875,0.0,717118
2024-02-14,2886.344970703125,2976.39990234375,0.0,2980.800048828125,2936.050048828125,2969.89990234375,0.0,750339
2024-02-15,2925.2802734375,3016.550048828125,0.0,3024.5,2967.449951171875,2980.0,0.0,1068730
2024-02-16,2916.8916015625,3007.89990234375,0.0,3035.0,3000.0,3035.0,0.0,1179473
2024-02-19,2907.388427734375,2998.10009765625,0.0,3018.699951171875,2987.5,3007.89990234375,0.0,560700
2024-02-20,2920.5283203125,3011.64990234375,0.0,3017.10009765625,2972.10009765625,2998.10009765625,0.0,729371
2024-02-21,2910.9765625,3001.800048828125,0.0,3026.75,2983.5,3012.050048828125,0.0,927130
2024-02-22,2926.104248046875,3017.39990234375,0.0,3027.199951171875,2932.10009765625,2983.0,0.0,2615821
2024-02-23,2895.605712890625,2985.949951171875,0.0,3005.0,2966.199951171875,2999.0,0.0,1650523
2024-02-26,2781.660888671875,2868.449951171875,0.0,2930.0,2847.800048828125,2920.0,0.0,3524491
2024-02-27,2773.0302734375,2859.550048828125,0.0,2870.0,2850.10009765625,2855.0,0.0,1296180
2024-02-28,2709.802978515625,2794.35009765625,0.0,2859.39990234375,2785.5,2850.14990234375,0.0,2472196
2024-02-29,2736.519287109375,2821.89990234375,0.0,2838.0,2776.75,2785.0,0.0,2284424
2024-03-01,2746.071044921875,2831.75,0.0,2845.949951171875,2815.050048828125,2832.89990234375,0.0,978174
2024-03-04,2746.071044921875,2831.75,0.0,2860.949951171875,2828.0,2860.0,0.0,971299
2024-03-05,2735.064453125,2820.39990234375,0.0,2834.85009765625,2805.0,2834.0,0.0,736381
2024-03-06,2741.756103515625,2827.300048828125,0.0,2839.0,2777.75,2827.949951171875,0.0,1723066
2024-03-07,2783.697509765625,2870.550048828125,0.0,2894.0,2825.0,2825.0,0.0,1564364
2024-03-11,2789.80712890625,2876.85009765625,0.0,2896.550048828125,2853.10009765625,2895.550048828125,0.0,866546
2024-03-12,2789.1279296875,2876.14990234375,0.0,2899.89990234375,2865.449951171875,2880.0,0.0,663186
2024-03-13,2773.612060546875,2860.14990234375,0.0,2887.25,2835.0,2878.60009765625,0.0,955841
2024-03-14,2804.740966796875,2892.25,0.0,2898.050048828125,2841.0,2860.0,0.0,1381741
2024-03-15,2780.788330078125,2867.550048828125,0.0,2896.949951171875,2850.0,2895.0,0.0,1356226
2024-03-18,2760.375,2846.5,0.0,2866.0,2817.25,2866.0,0.0,940424
2024-03-19,2729.925537109375,2815.10009765625,0.0,2840.0,2801.0,2840.0,0.0,1199135
2024-03-20,2739.4287109375,2824.89990234375,0.0,2837.050048828125,2797.550048828125,2815.10009765625,0.0,818910
2024-03-21,2735.7919921875,2821.14990234375,0.0,2845.39990234375,2806.0,2845.0,0.0,1167680
2024-03-22,2755.526611328125,2841.5,0.0,2855.14990234375,2808.0,2821.14990234375,0.0,1652689
2024-03-26,2729.48876953125,2814.64990234375,0.0,2844.14990234375,2810.0,2820.0,0.0,1372390
2024-03-27,2744.859130859375,2830.5,0.0,2842.85009765625,2817.699951171875,2817.949951171875,0.0,1156231
2024-03-28,2760.61767578125,2846.75,0.0,2868.0,2819.0,2835.050048828125,0.0,1864623
2024-04-01,2784.134033203125,2871.0,0.0,2886.449951171875,2852.35009765625,2860.949951171875,0.0,558086
2024-04-02,2787.237060546875,2874.199951171875,0.0,2892.39990234375,2856.0,2874.050048828125,0.0,562473
2024-04-03,2782.5341796875,2869.35009765625,0.0,2884.550048828125,2845.0,2845.0,0.0,816676
2024-04-04,2830.0029296875,2918.300048828125,0.0,2943.25,2851.25,2870.0,0.0,1831347
2024-04-05,2796.20703125,2883.449951171875,0.0,2927.75,2880.0,2924.0,0.0,1155672
2024-04-08,2804.49853515625,2892.0,0.0,2908.949951171875,2873.800048828125,2908.0,0.0,570695
2024-04-09,2770.702880859375,2857.14990234375,0.0,2916.449951171875,2845.0,2893.0,0.0,1017670
2024-04-10,2809.104736328125,2896.75,0.0,2899.10009765625,2858.0,2883.300048828125,0.0,740495
2024-04-12,2768.133056640625,2854.5,0.0,2893.0,2845.0,2890.0,0.0,1766311
2024-04-15,2758.3388671875,2844.39990234375,0.0,2853.5,2812.35009765625,2830.199951171875,0.0,884519
2024-04-16,2744.37451171875,2830.0,0.0,2841.449951171875,2820.0,2827.64990234375,0.0,911249
2024-04-18,2722.7490234375,2807.699951171875,0.0,2859.199951171875,2800.10009765625,2855.0,0.0,1732434
2024-04-19,2723.57373046875,2808.550048828125,0.0,2822.10009765625,2766.14990234375,2790.0,0.0,1337807
2024-04-22,2755.865966796875,2841.85009765625,0.0,2846.60009765625,2814.050048828125,2846.60009765625,0.0,676040
2024-04-23,2787.915771484375,2874.89990234375,0.0,2877.949951171875,2844.0,2852.0,0.0,929062
2024-04-24,2780.982177734375,2867.75,0.0,2883.10009765625,2860.0,2882.949951171875,0.0,718441
2024-04-25,2774.872802734375,2861.449951171875,0.0,2869.89990234375,2829.050048828125,2865.0,0.0,1594152
2024-04-26,2758.09619140625,2844.14990234375,0.0,2878.199951171875,2837.050048828125,2870.0,0.0,625507
2024-04-29,2781.418701171875,2868.199951171875,0.0,2873.949951171875,2839.0,2844.14990234375,0.0,566219
2024-04-30,2788.885498046875,2875.89990234375,0.0,2912.0,2855.0,2855.0,0.0,1290649
2024-05-02,2885.375,2975.39990234375,0.0,2988.0,2875.10009765625,2875.10009765625,0.0,2493406
2024-05-03,2841.1064453125,2929.75,0.0,2997.0,2909.25,2983.050048828125,0.0,1594445
2024-05-06,2843.433837890625,2932.14990234375,0.0,2959.0,2911.199951171875,2950.0,0.0,768806
2024-05-07,2824.863037109375,2913.0,0.0,2967.949951171875,2904.0,2947.0,0.0,629534
2024-05-08,2757.27197265625,2843.300048828125,0.0,2905.0,2821.0,2900.0,0.0,1652877
2024-05-09,2628.102294921875,2710.10009765625,0.0,2853.949951171875,2703.800048828125,2828.0,0.0,3547959
2024-05-10,2687.40185546875,2771.25,0.0,2792.60009765625,2670.10009765625,2699.0,0.0,2478584
2024-05-13,2792.134521484375,2879.25,0.0,2895.0,2754.10009765625,2771.25,0.0,2748823
2024-05-14,2779.4306640625,2866.14990234375,0.0,2888.0,2842.0,2879.0,0.0,999330
2024-05-15,2728.567626953125,2813.699951171875,0.0,2874.25,2806.14990234375,2866.14990234375,0.0,1230520
2024-05-16,2728.906982421875,2814.050048828125,0.0,2837.60009765625,2786.550048828125,2821.050048828125,0.0,1534319
2024-05-17,2724.882568359375,2809.89990234375,0.0,2838.199951171875,2786.10009765625,2814.60009765625,0.0,1325150
2024-05-21,2765.514892578125,2851.800048828125,0.0,2866.949951171875,2801.0,2815.0,0.0,921822
2024-05-22,2798.437744140625,2885.75,0.0,2895.0,2836.60009765625,2851.800048828125,0.0,933846
2024-05-23,2815.89306640625,2903.75,0.0,2921.25,2877.300048828125,2885.0,0.0,1181894
2024-05-24,2787.770751953125,2874.75,0.0,2910.199951171875,2867.0,2910.199951171875,0.0,755822
2024-05-27,2785.39453125,2872.300048828125,0.0,2898.300048828125,2855.550048828125,2887.89990234375,0.0,817091
2024-05-28,2823.11767578125,2911.199951171875,0.0,2921.0,2864.0,2875.85009765625,0.0,1084544
2024-05-29,2812.402099609375,2900.14990234375,0.0,2921.699951171875,2881.10009765625,2896.0,0.0,1758297
2024-05-30,2796.44970703125,2883.699951171875,0.0,2910.85009765625,2875.0,2875.25,0.0,1344426
2024-05-31,2794.025146484375,2881.199951171875,0.0,2906.0,2855.60009765625,2883.699951171875,0.0,2520363
2024-06-03,2779.721435546875,2866.449951171875,0.0,2950.0,2860.050048828125,2950.0,0.0,952701
2024-06-04,2771.187744140625,2857.64990234375,0.0,2897.0,2775.75,2880.0,0.0,2683847
2024-06-05,2872.13818359375,2961.75,0.0,3027.300048828125,2864.5,2864.5,0.0,2410576
2024-06-06,2816.911376953125,2904.800048828125,0.0,2961.75,2882.25,2960.0,0.0,1689408
2024-06-07,2839.1181640625,2927.699951171875,0.0,2943.10009765625,2888.85009765625,2904.800048828125,0.0,1600180
2024-06-10,2848.67041015625,2937.550048828125,0.0,2951.89990234375,2915.0,2928.0,0.0,876867
2024-06-11,2841.865234375,2902.449951171875,28.15,2920.35009765625,2895.0,2915.0,0.0,855430
2024-06-12,2845.145263671875,2905.800048828125,0.0,2918.0,2865.64990234375,2909.0,0.0,1701770
2024-06-13,2849.257568359375,2910.0,0.0,2929.0,2905.0,2929.0,0.0,726380
2024-06-14,2860.615966796875,2921.60009765625,0.0,2931.35009765625,2905.10009765625,2910.0,0.0,982815
2024-06-18,2857.580322265625,2918.5,0.0,2928.0,2905.0,2921.60009765625,0.0,741098
2024-06-19,2831.339599609375,2891.699951171875,0.0,2920.0,2882.64990234375,2918.0,0.0,1018294
2024-06-20,2854.642822265625,2915.5,0.0,2924.5,2872.39990234375,2885.0,0.0,1129752
2024-06-21,2830.5078125,2890.85009765625,0.0,2928.0,2880.10009765625,2925.0,0.0,1722379
2024-06-24,2835.59912109375,2896.050048828125,0.0,2899.949951171875,2871.39990234375,2883.0,0.0,892125
2024-06-25,2798.78369140625,2858.449951171875,0.0,2894.949951171875,2856.0,2876.0,0.0,1217792
2024-06-26,2803.581787109375,2863.35009765625,0.0,2873.85009765625,2844.050048828125,2860.199951171875,0.0,960622
2024-06-27,2820.716552734375,2880.85009765625,0.0,2903.0,2845.0,2860.75,0.0,1628022
2024-06-28,2856.16064453125,2917.050048828125,0.0,2932.0,2862.199951171875,2865.0,0.0,1206712
2024-07-01,2866.686279296875,2927.800048828125,0.0,2939.0,2888.0,2889.300048828125,0.0,1104110
2024-07-02,2864.532470703125,2925.60009765625,0.0,2936.0,2912.0,2927.800048828125,0.0,1064295
2024-07-03,2864.483154296875,2925.550048828125,0.0,2948.949951171875,2916.0,2929.699951171875,0.0,925189
2024-07-04,2873.63818359375,2934.89990234375,0.0,2968.449951171875,2923.0,2940.0,0.0,968666
2024-07-05,2874.617431640625,2935.89990234375,0.0,2946.89990234375,2913.10009765625,2937.14990234375,0.0,817429
2024-07-08,2837.655029296875,2898.14990234375,0.0,2935.89990234375,2890.699951171875,2935.89990234375,0.0,828260
2024-07-09,2844.362060546875,2905.0,0.0,2913.199951171875,2890.0,2908.949951171875,0.0,685431
2024-07-10,2933.903076171875,2996.449951171875,0.0,3014.5,2894.35009765625,2900.050048828125,0.0,2299950
2024-07-11,2958.968994140625,3022.050048828125,0.0,3030.0,2973.0,2999.0,0.0,1968980
2024-07-12,2936.546630859375,2999.14990234375,0.0,3052.0,2970.89990234375,3025.0,0.0,1879930
2024-07-15,2894.787109375,2956.5,0.0,2999.0,2932.550048828125,2999.0,0.0,2425341
2024-07-16,2912.362548828125,2974.449951171875,0.0,3015.949951171875,2941.5,2959.0,0.0,2085611
2024-07-18,2870.358154296875,2931.550048828125,0.0,2957.89990234375,2842.0,2875.0,0.0,5384611
2024-07-19,2884.55517578125,2946.050048828125,0.0,2980.0,2917.25,2925.0,0.0,2164746
2024-07-22,2873.05078125,2934.300048828125,0.0,2973.35009765625,2917.14990234375,2937.0,0.0,1616347
2024-07-23,2836.627197265625,2897.10009765625,0.0,2947.300048828125,2886.0,2934.300048828125,0.0,1906312
2024-07-24,2851.99951171875,2912.800048828125,0.0,2927.0,2886.199951171875,2901.0,0.0,1476148
2024-07-25,2840.837158203125,2901.39990234375,0.0,2908.699951171875,2885.25,2892.050048828125,0.0,1239922
2024-07-26,2888.569580078125,2950.14990234375,0.0,2964.449951171875,2900.699951171875,2902.199951171875,0.0,1359780
2024-07-29,2893.024658203125,2954.699951171875,0.0,2965.10009765625,2936.0,2953.050048828125,0.0,854408
2024-07-30,2942.32373046875,3005.050048828125,0.0,3032.800048828125,2970.0,2973.5,0.0,2144591
2024-07-31,3020.06640625,3084.449951171875,0.0,3098.0,3005.050048828125,3005.050048828125,0.0,3549501
2024-08-01,3034.655517578125,3099.35009765625,0.0,3128.949951171875,3062.800048828125,3088.0,0.0,1675122
2024-08-02,3041.85205078125,3106.699951171875,0.0,3129.050048828125,3060.0,3070.0,0.0,1348780
2024-08-05,3028.82958984375,3093.39990234375,0.0,3145.0,3055.300048828125,3069.949951171875,0.0,2019141
2024-08-06,3037.00537109375,3101.75,0.0,3135.0,3086.050048828125,3101.699951171875,0.0,885743
2024-08-07,3036.71142578125,3101.449951171875,0.0,3118.5,3060.050048828125,3101.75,0.0,1907105
2024-08-08,2942.66650390625,3005.39990234375,0.0,3089.699951171875,2990.39990234375,3080.0,0.0,1280109
2024-08-09,2977.1318359375,3040.60009765625,0.0,3052.75,2966.0,3039.0,0.0,1665414
2024-08-12,2989.468505859375,3053.199951171875,0.0,3084.0,3003.699951171875,3020.0,0.0,1736881
2024-08-13,2960.437744140625,3023.550048828125,0.0,3059.800048828125,3013.0,3054.89990234375,0.0,502260
2024-08-14,2962.689697265625,3025.85009765625,0.0,3034.800048828125,2994.050048828125,3034.800048828125,0.0,454671
2024-08-16,2984.52392578125,3048.14990234375,0.0,3054.0,3003.0,3054.0,0.0,514229
2024-08-19,3012.086669921875,3076.300048828125,0.0,3087.85009765625,3038.35009765625,3053.949951171875,0.0,542858
2024-08-20,3038.425048828125,3103.199951171875,0.0,3106.35009765625,3078.0,3096.0,0.0,668282
2024-08-21,3085.765869140625,3151.550048828125,0.0,3170.60009765625,3084.050048828125,3101.0,0.0,1186536
2024-08-22,3120.083984375,3186.60009765625,0.0,3198.64990234375,3156.050048828125,3167.0,0.0,1540888
2024-08-23,3088.801025390625,3154.64990234375,0.0,3198.60009765625,3148.75,3190.0,0.0,779284
2024-08-26,3105.15283203125,3171.35009765625,0.0,3177.449951171875,3141.5,3155.0,0.0,472874
2024-08-27,3100.10986328125,3166.199951171875,0.0,3203.64990234375,3150.0,3154.0,0.0,1003501
2024-08-28,3060.259521484375,3125.5,0.0,3165.5,3118.800048828125,3152.949951171875,0.0,538366
2024-08-29,3050.81103515625,3115.85009765625,0.0,3143.949951171875,3092.699951171875,3125.5,0.0,849866
2024-08-30,3061.532470703125,3126.800048828125,0.0,3166.75,3110.699951171875,3130.050048828125,0.0,1567031
2024-09-02,3085.17822265625,3150.949951171875,0.0,3184.0,3139.60009765625,3148.0,0.0,702358
2024-09-03,3088.9970703125,3154.85009765625,0.0,3174.550048828125,3147.5,3164.949951171875,0.0,577471
2024-09-04,3164.193603515625,3231.64990234375,0.0,3252.0,3155.5,3155.5,0.0,2379110
2024-09-05,3170.656005859375,3238.25,0.0,3257.0,3217.0,3240.0,0.0,1482119
2024-09-06,3205.365966796875,3273.699951171875,0.0,3285.89990234375,3225.35009765625,3238.0,0.0,2131256
2024-09-09,3212.268798828125,3280.75,0.0,3314.0,3258.0,3273.699951171875,0.0,1272289
2024-09-10,3226.270263671875,3295.050048828125,0.0,3310.0,3270.89990234375,3290.0,0.0,928920
2024-09-11,3297.159423828125,3367.449951171875,0.0,3382.949951171875,3315.0,3315.0,0.0,2561892
2024-09-12,3312.62939453125,3383.25,0.0,3393.0,3340.300048828125,3370.0,0.0,1643536
2024-09-13,3287.955322265625,3358.050048828125,0.0,3369.699951171875,3320.89990234375,3355.550048828125,0.0,1029400
2024-09-16,3266.169921875,3335.800048828125,0.0,3394.89990234375,3330.60009765625,3360.0,0.0,1019280
2024-09-17,3243.650146484375,3312.800048828125,0.0,3349.89990234375,3301.800048828125,3335.800048828125,0.0,586834
2024-09-18,3206.296142578125,3274.64990234375,0.0,3324.85009765625,3251.550048828125,3312.800048828125,0.0,410510
2024-09-19,3225.095703125,3293.85009765625,0.0,3320.0,3275.0,3294.0,0.0,963456
2024-09-20,3237.921875,3306.949951171875,0.0,3324.800048828125,3266.050048828125,3304.0,0.0,1504277
2024-09-23,3209.037841796875,3277.449951171875,0.0,3324.89990234375,3273.199951171875,3316.949951171875,0.0,522775
2024-09-24,3180.59423828125,3248.39990234375,0.0,3297.75,3241.10009765625,3277.449951171875,0.0,1057933
2024-09-25,3177.0205078125,3244.75,0.0,3252.0,3206.75,3252.0,0.0,740636
2024-09-26,3208.646484375,3277.050048828125,0.0,3285.85009765625,3227.10009765625,3250.0,0.0,951080
2024-09-27,3241.642822265625,3310.75,0.0,3337.949951171875,3277.050048828125,3290.949951171875,0.0,1315996
2024-09-30,3259.610107421875,3329.10009765625,0.0,3358.0,3305.14990234375,3310.75,0.0,1088162
2024-10-01,3208.93994140625,3277.35009765625,0.0,3328.949951171875,3244.050048828125,3317.0,0.0,968660
2024-10-03,3083.5625,3149.300048828125,0.0,3225.89990234375,3126.5,3192.300048828125,0.0,1741363
2024-10-04,3008.36572265625,3072.5,0.0,3156.75,3054.550048828125,3135.0,0.0,1551818
2024-10-07,2998.32958984375,3062.25,0.0,3098.550048828125,3038.0,3075.0,0.0,909812
2024-10-08,3023.59130859375,3088.050048828125,0.0,3099.0,3045.64990234375,3058.0,0.0,817718
2024-10-09,3014.583251953125,3078.85009765625,0.0,3146.699951171875,3071.75,3095.550048828125,0.0,1225598
2024-10-10,2995.24560546875,3059.10009765625,0.0,3095.0,3043.0,3090.050048828125,0.0,1161933
2024-10-11,2973.802734375,3037.199951171875,0.0,3064.0,3026.0,3059.199951171875,0.0,976017
2024-10-14,2975.711669921875,3039.14990234375,0.0,3055.0,3017.199951171875,3037.0,0.0,716011
2024-10-15,3003.078369140625,3067.10009765625,0.0,3096.800048828125,3047.64990234375,3075.0,0.0,1242322
2024-10-16,3017.765380859375,3082.10009765625,0.0,3103.550048828125,3066.10009765625,3088.0,0.0,764001
2024-10-17,2992.0634765625,3055.85009765625,0.0,3085.0,3037.0,3082.89990234375,0.0,674481
2024-10-18,2929.69287109375,2992.14990234375,0.0,3069.0,2980.60009765625,3057.0,0.0,899318
2024-10-21,2985.55224609375,3049.199951171875,0.0,3057.0,3000.550048828125,3007.050048828125,0.0,806970
2024-10-22,2944.086181640625,3006.85009765625,0.0,3057.949951171875,2995.25,3054.0,0.0,541838
2024-10-23,2927.2939453125,2989.699951171875,0.0,3026.5,2972.050048828125,2999.949951171875,0.0,624689
2024-10-24,2909.963623046875,2972.0,0.0,3002.300048828125,2951.0,2989.699951171875,0.0,571259
2024-10-25,2896.255859375,2958.0,0.0,3015.550048828125,2952.0,2975.5,0.0,1047769
2024-10-28,2939.1904296875,3001.85009765625,0.0,3021.699951171875,2963.050048828125,2987.89990234375,0.0,504961
2024-10-29,2930.37841796875,2992.85009765625,0.0,3028.0,2941.10009765625,3020.0,0.0,613459
2024-10-30,2934.098876953125,2996.64990234375,0.0,3006.0,2963.550048828125,3006.0,0.0,812725
2024-10-31,2874.372314453125,2935.64990234375,0.0,2996.5,2919.0,2994.199951171875,0.0,1031171
2024-11-01,2878.48486328125,2939.85009765625,0.0,2965.75,2930.0,2958.0,0.0,112249
2024-11-04,2854.447265625,2915.300048828125,0.0,2962.14990234375,2885.5,2962.14990234375,0.0,1146008
2024-11-05,2827.03173828125,2887.300048828125,0.0,2918.800048828125,2872.699951171875,2895.0,0.0,935417
2024-11-06,2836.822998046875,2897.300048828125,0.0,2907.85009765625,2860.0,2890.5,0.0,1817087
2024-11-07,2783.509521484375,2842.85009765625,0.0,2904.949951171875,2825.0,2900.0,0.0,1112489
2024-11-08,2711.6416015625,2769.449951171875,0.0,2847.0,2762.39990234375,2842.85009765625,0.0,2060410
2024-11-11,2490.0166015625,2543.10009765625,0.0,2598.75,2506.0,2565.050048828125,0.0,8854840
2024-11-12,2423.19091796875,2474.85009765625,0.0,2535.0,2470.0,2535.0,0.0,3445898
2024-11-13,2418.931396484375,2470.5,0.0,2498.0,2451.10009765625,2470.0,0.0,1803766
2024-11-14,2431.317626953125,2483.14990234375,0.0,2501.75,2466.199951171875,2482.800048828125,0.0,1206967
2024-11-18,2431.856201171875,2483.699951171875,0.0,2520.0,2470.800048828125,2520.0,0.0,945471
2024-11-19,2436.0244140625,2483.699951171875,4.25,2503.199951171875,2472.35009765625,2488.0,0.0,941508
2024-11-21,2381.54052734375,2428.14990234375,0.0,2465.949951171875,2425.0,2454.699951171875,0.0,1377572
2024-11-22,2424.745361328125,2472.199951171875,0.0,2493.949951171875,2422.949951171875,2430.0,0.0,3805843
2024-11-25,2412.4853515625,2459.699951171875,0.0,2507.949951171875,2450.050048828125,2505.0,0.0,1857124
2024-11-26,2456.915771484375,2505.0,0.0,2518.0,2457.60009765625,2459.89990234375,0.0,1152258
2024-11-27,2444.06689453125,2491.89990234375,0.0,2517.64990234375,2480.0,2517.5,0.0,864653
2024-11-28,2410.866943359375,2458.050048828125,0.0,2506.0,2453.300048828125,2500.0,0.0,1506133
2024-11-29,2432.00341796875,2479.60009765625,0.0,2491.5,2455.050048828125,2458.050048828125,0.0,1030854
2024-12-02,2431.4638671875,2479.050048828125,0.0,2486.0,2461.35009765625,2479.60009765625,0.0,914624
2024-12-03,2421.998779296875,2469.39990234375,0.0,2494.0,2463.5,2494.0,0.0,1341985
2024-12-04,2412.239990234375,2459.449951171875,0.0,2479.10009765625,2453.199951171875,2478.89990234375,0.0,1005012
2024-12-05,2405.129150390625,2452.199951171875,0.0,2466.89990234375,2423.89990234375,2465.0,0.0,3190834
2024-12-06,2383.061279296875,2429.699951171875,0.0,2468.0,2427.0,2468.0,0.0,1735948
2024-12-09,2345.937744140625,2391.85009765625,0.0,2439.0,2387.0,2438.14990234375,0.0,2301281
2024-12-10,2343.044189453125,2388.89990234375,0.0,2404.64990234375,2385.050048828125,2399.89990234375,0.0,1657888
2024-12-11,2370.899169921875,2417.300048828125,0.0,2428.0,2392.64990234375,2399.75,0.0,1337700
2024-12-12,2343.681884765625,2389.550048828125,0.0,2415.0,2380.699951171875,2413.0,0.0,1089028
2024-12-13,2361.434326171875,2407.64990234375,0.0,2412.0,2354.0,2389.550048828125,0.0,1150861
2024-12-16,2356.137939453125,2402.25,0.0,2419.949951171875,2386.14990234375,2419.949951171875,0.0,987775
2024-12-17,2310.77587890625,2356.0,0.0,2399.89990234375,2350.5,2388.0,0.0,1258218
2024-12-18,2300.428466796875,2345.449951171875,0.0,2372.699951171875,2341.0,2356.800048828125,0.0,855682
2024-12-19,2247.857177734375,2291.85009765625,0.0,2325.0,2265.35009765625,2325.0,0.0,2784409
2024-12-20,2238.53955078125,2282.35009765625,0.0,2318.0,2276.0,2297.0,0.0,1719502
2024-12-23,2235.449951171875,2279.199951171875,0.0,2302.550048828125,2266.050048828125,2300.0,0.0,855647
2024-12-24,2240.157958984375,2284.0,0.0,2295.0,2277.14990234375,2282.10009765625,0.0,601558
2024-12-26,2218.972412109375,2262.39990234375,0.0,2287.449951171875,2256.5,2284.0,0.0,1267334
2024-12-27,2227.799560546875,2271.39990234375,0.0,2290.800048828125,2260.050048828125,2270.25,0.0,821790
2024-12-30,2244.326416015625,2288.25,0.0,2298.800048828125,2256.800048828125,2280.25,0.0,1076940
2024-12-31,2237.55859375,2281.35009765625,0.0,2297.64990234375,2273.0,2280.0,0.0,685486
2025-01-01,2260.411376953125,2304.64990234375,0.0,2323.199951171875,2280.0,2280.0,0.0,1067328
2025-01-02,2298.2705078125,2343.25,0.0,2347.949951171875,2294.0,2314.0,0.0,1342922
2025-01-03,2291.11083984375,2335.949951171875,0.0,2348.949951171875,2322.14990234375,2344.0,0.0,1355319
2025-01-06,2223.63134765625,2267.14990234375,0.0,2340.0,2256.699951171875,2335.949951171875,0.0,1190987
2025-01-07,2248.5927734375,2292.60009765625,0.0,2316.0,2272.0,2272.0,0.0,740798
2025-01-08,2289.54150390625,2334.35009765625,0.0,2338.0,2272.699951171875,2287.050048828125,0.0,1439632
2025-01-09,2305.087158203125,2350.199951171875,0.0,2361.39990234375,2321.300048828125,2341.89990234375,0.0,1362304
2025-01-10,2276.202392578125,2320.75,0.0,2348.89990234375,2316.0,2335.60009765625,0.0,1214334
2025-01-13,2209.409423828125,2252.64990234375,0.0,2301.89990234375,2246.39990234375,2291.75,0.0,1181928
2025-01-14,2196.953369140625,2239.949951171875,0.0,2286.35009765625,2237.0,2269.0,0.0,1316807
2025-01-15,2186.900146484375,2229.699951171875,0.0,2253.75,2220.0,2249.0,0.0,1308999
2025-01-16,2173.07080078125,2215.60009765625,0.0,2239.85009765625,2207.800048828125,2239.0,0.0,1936087
2025-01-17,2217.599365234375,2261.0,0.0,2269.050048828125,2212.5,2225.64990234375,0.0,878848
2025-01-20,2236.77392578125,2280.550048828125,0.0,2286.89990234375,2251.0,2272.25,0.0,555716
2025-01-21,2216.9619140625,2260.35009765625,0.0,2315.0,2255.0,2280.550048828125,0.0,1410294
2025-01-22,2218.67822265625,2262.10009765625,0.0,2270.0,2244.89990234375,2270.0,0.0,835523
2025-01-23,2232.65478515625,2276.35009765625,0.0,2301.800048828125,2246.199951171875,2262.10009765625,0.0,1142465
2025-01-24,2218.972412109375,2262.39990234375,0.0,2296.550048828125,2255.050048828125,2283.0,0.0,543202
2025-01-27,2208.28173828125,2251.5,0.0,2277.75,2246.199951171875,2255.300048828125,0.0,1097939
2025-01-28,2198.76806640625,2241.800048828125,0.0,2267.050048828125,2234.10009765625,2260.0,0.0,897501
2025-01-29,2180.47607421875,2223.14990234375,0.0,2246.800048828125,2212.050048828125,2241.800048828125,0.0,1281088
2025-01-30,2206.66357421875,2249.85009765625,0.0,2259.25,2215.0,2223.14990234375,0.0,1155718
2025-01-31,2256.635498046875,2300.800048828125,0.0,2305.0,2234.85009765625,2255.0,0.0,1292909
2025-02-01,2306.018798828125,2351.14990234375,0.0,2389.0,2285.300048828125,2312.0,0.0,1318619
2025-02-03,2248.249267578125,2292.25,0.0,2364.449951171875,2277.699951171875,2351.14990234375,0.0,1070382
2025-02-04,2309.157470703125,2354.35009765625,0.0,2418.60009765625,2263.75,2304.64990234375,0.0,5373733
2025-02-05,2231.526611328125,2275.199951171875,0.0,2295.550048828125,2237.25,2269.0,0.0,3474642
2025-02-06,2219.953369140625,2263.39990234375,0.0,2298.89990234375,2260.25,2287.199951171875,0.0,1285954
2025-02-07,2227.407470703125,2271.0,0.0,2276.300048828125,2243.199951171875,2266.0,0.0,1336756
2025-02-10,2226.57373046875,2270.14990234375,0.0,2278.0,2254.0,2271.050048828125,0.0,1181565
2025-02-11,2197.83642578125,2240.85009765625,0.0,2282.89990234375,2226.0,2279.0,0.0,1607942
2025-02-12,2185.47802734375,2228.25,0.0,2247.949951171875,2185.699951171875,2241.85009765625,0.0,1181706
2025-02-13,2193.4716796875,2236.39990234375,0.0,2249.949951171875,2220.0,2228.25,0.0,921923
2025-02-14,2188.4697265625,2231.300048828125,0.0,2250.550048828125,2203.0,2236.39990234375,0.0,1380052
2025-02-17,2207.644287109375,2250.85009765625,0.0,2260.0,2226.050048828125,2231.300048828125,0.0,923900
2025-02-18,2194.648681640625,2237.60009765625,0.0,2251.949951171875,2218.75,2248.0,0.0,735853
2025-02-19,2196.119873046875,2239.10009765625,0.0,2249.800048828125,2226.10009765625,2237.60009765625,0.0,645234
2025-02-20,2205.87890625,2249.050048828125,0.0,2257.10009765625,2231.050048828125,2239.10009765625,0.0,637442
2025-02-21,2214.264892578125,2257.60009765625,0.0,2265.800048828125,2237.0,2249.050048828125,0.0,755585
2025-02-24,2203.08349609375,2246.199951171875,0.0,2259.0,2241.0,2245.89990234375,0.0,765042
2025-02-25,2182.045166015625,2224.75,0.0,2257.10009765625,2217.699951171875,2246.199951171875,0.0,947702
2025-02-27,2171.158203125,2213.64990234375,0.0,2228.39990234375,2198.0,2214.0,0.0,1027196
2025-02-28,2137.908935546875,2179.75,0.0,2211.35009765625,2175.800048828125,2210.0,0.0,1701193
2025-03-03,2124.815185546875,2166.39990234375,0.0,2193.35009765625,2129.0,2179.75,0.0,959068
2025-03-04,2091.173828125,2132.10009765625,0.0,2159.85009765625,2124.75,2154.050048828125,0.0,2180989
2025-03-05,2122.608154296875,2164.14990234375,0.0,2182.800048828125,2124.75,2132.0,0.0,1535212
2025-03-06,2224.170654296875,2267.699951171875,0.0,2275.0,2183.10009765625,2189.85009765625,0.0,1985096
2025-03-07,2226.426513671875,2270.0,0.0,2277.949951171875,2248.0,2267.699951171875,0.0,921429
2025-03-10,2234.861572265625,2278.60009765625,0.0,2293.0,2261.85009765625,2270.0,0.0,1072395
2025-03-11,2243.492431640625,2287.39990234375,0.0,2290.89990234375,2257.89990234375,2274.0,0.0,601228
2025-03-12,2208.085693359375,2251.300048828125,0.0,2295.949951171875,2247.0,2287.39990234375,0.0,749216
2025-03-13,2188.4697265625,2231.300048828125,0.0,2257.199951171875,2222.5,2255.25,0.0,747470
2025-03-17,2176.945068359375,2219.550048828125,0.0,2239.25,2196.050048828125,2205.0,0.0,838015
2025-03-18,2176.945068359375,2219.550048828125,0.0,2219.550048828125,2219.550048828125,2219.550048828125,0.0,0
2025-03-19,2236.921142578125,2280.699951171875,0.0,2287.949951171875,2267.85009765625,2274.0,0.0,663292
2025-03-20,2243.29638671875,2287.199951171875,0.0,2307.0,2268.75,2290.0,0.0,1166849
2025-03-21,2256.242919921875,2300.39990234375,0.0,2314.5,2277.85009765625,2291.64990234375,0.0,1624115
2025-03-24,2277.9189453125,2322.5,0.0,2330.25,2302.10009765625,2302.39990234375,0.0,1100353
2025-03-25,2286.010498046875,2330.75,0.0,2344.5,2308.0,2325.0,0.0,1828005
2025-03-26,2278.556396484375,2323.14990234375,0.0,2340.949951171875,2304.0,2340.0,0.0,1934287
2025-03-27,2293.219482421875,2338.10009765625,0.0,2350.10009765625,2290.5,2315.0,0.0,1497861
2025-03-28,2295.72021484375,2340.64990234375,0.0,2364.0,2325.0,2343.949951171875,0.0,1281871
2025-04-01,2271.543701171875,2316.0,0.0,2361.699951171875,2305.75,2342.0,0.0,970583
2025-04-02,2262.373046875,2306.64990234375,0.0,2328.39990234375,2292.14990234375,2328.0,0.0,792693
2025-04-03,2304.302490234375,2349.39990234375,0.0,2354.89990234375,2289.800048828125,2295.0,0.0,608846
2025-04-04,2310.8251953125,2356.050048828125,0.0,2363.949951171875,2302.800048828125,2349.39990234375,0.0,1163188
2025-04-07,2296.4072265625,2341.35009765625,0.0,2354.0,2190.0,2190.0,0.0,1745817
2025-04-08,2348.242431640625,2394.199951171875,0.0,2420.0,2356.0,2356.0,0.0,1876867
2025-04-09,2364.866943359375,2411.14990234375,0.0,2429.449951171875,2390.89990234375,2400.0,0.0,1186937
2025-04-11,2347.654296875,2393.60009765625,0.0,2448.0,2380.25,2439.5,0.0,968152
2025-04-15,2369.329833984375,2415.699951171875,0.0,2425.0,2385.0,2414.89990234375,0.0,1141122
2025-04-16,2412.681396484375,2459.89990234375,0.0,2468.5,2403.699951171875,2405.10009765625,0.0,1166695
2025-04-17,2420.52783203125,2467.89990234375,0.0,2476.39990234375,2431.0,2459.89990234375,0.0,885840
2025-04-21,2398.067626953125,2445.0,0.0,2470.89990234375,2441.0,2465.89990234375,0.0,541913
2025-04-22,2385.317138671875,2432.0,0.0,2450.0,2413.5,2445.0,0.0,543647
2025-04-23,2406.011962890625,2453.10009765625,0.0,2456.60009765625,2425.60009765625,2437.0,0.0,744684
2025-04-24,2417.094970703125,2464.39990234375,0.0,2491.0,2435.89990234375,2450.0,0.0,1203452
2025-04-25,2384.9248046875,2431.60009765625,0.0,2468.699951171875,2413.699951171875,2464.300048828125,0.0,702217
2025-04-28,2405.129150390625,2452.199951171875,0.0,2459.800048828125,2405.0,2419.89990234375,0.0,554920
2025-04-29,2404.050537109375,2451.10009765625,0.0,2472.0,2441.60009765625,2460.0,0.0,1235066
2025-04-30,2379.137939453125,2425.699951171875,0.0,2462.199951171875,2401.5,2450.0,0.0,1479669
2025-05-02,2363.7392578125,2410.0,0.0,2444.89990234375,2398.0,2425.0,0.0,744673
2025-05-05,2390.122802734375,2436.89990234375,0.0,2475.0,2423.10009765625,2423.10009765625,0.0,1229588
2025-05-06,2371.585693359375,2418.0,0.0,2449.89990234375,2391.10009765625,2442.0,0.0,702802
2025-05-07,2289.29638671875,2334.10009765625,0.0,2405.699951171875,2318.5,2388.0,0.0,1711738
2025-05-08,2258.401123046875,2302.60009765625,0.0,2349.10009765625,2293.5,2322.0,0.0,2292261
2025-05-09,2255.45849609375,2299.60009765625,0.0,2331.800048828125,2245.0,2246.60009765625,0.0,1503010
2025-05-12,2311.16796875,2356.39990234375,0.0,2378.5,2321.0,2330.0,0.0,940135
2025-05-13,2279.978759765625,2324.60009765625,0.0,2358.0,2315.10009765625,2354.0,0.0,1220489
2025-05-14,2238.490478515625,2282.300048828125,0.0,2319.0,2277.10009765625,2319.0,0.0,1549845
2025-05-15,2285.1767578125,2329.89990234375,0.0,2335.5,2268.0,2285.0,0.0,1675015
2025-05-16,2308.421875,2353.60009765625,0.0,2355.0,2315.0,2333.89990234375,0.0,785113
2025-05-19,2286.64794921875,2331.39990234375,0.0,2378.89990234375,2326.60009765625,2353.60009765625,0.0,552961
2025-05-20,2251.53515625,2295.60009765625,0.0,2347.699951171875,2291.39990234375,2347.5,0.0,1095824
2025-05-21,2268.0126953125,2312.39990234375,0.0,2316.199951171875,2290.0,2296.0,0.0,469330
2025-05-22,2255.06591796875,2299.199951171875,0.0,2310.0,2283.10009765625,2309.199951171875,0.0,916504
2025-05-23,2271.05322265625,2315.5,0.0,2329.0,2295.0,2301.800048828125,0.0,458035
2025-05-26,2282.528564453125,2327.199951171875,0.0,2338.0,2302.800048828125,2316.0,0.0,1258062
2025-05-27,2282.921142578125,2327.60009765625,0.0,2351.60009765625,2301.10009765625,2313.10009765625,0.0,2485428
2025-05-28,2258.9892578125,2303.199951171875,0.0,2333.0,2300.300048828125,2327.60009765625,0.0,774808
2025-05-29,2250.260009765625,2294.300048828125,0.0,2309.0,2286.5,2303.199951171875,0.0,1414643
2025-05-30,2215.73583984375,2259.10009765625,0.0,2304.0,2255.0,2296.5,0.0,3610431
2025-06-02,2223.189697265625,2266.699951171875,0.0,2272.300048828125,2257.89990234375,2259.10009765625,0.0,702789
2025-06-03,2212.401123046875,2255.699951171875,0.0,2287.300048828125,2246.699951171875,2272.60009765625,0.0,792587
2025-06-04,2205.82958984375,2249.0,0.0,2261.0,2240.89990234375,2249.5,0.0,768079
2025-06-05,2200.435302734375,2243.5,0.0,2261.0,2233.0,2251.10009765625,0.0,996614
2025-06-06,2202.1025390625,2245.199951171875,0.0,2252.60009765625,2239.0,2249.10009765625,0.0,822087
2025-06-09,2204.750732421875,2247.89990234375,0.0,2255.800048828125,2236.0,2240.0,0.0,1041851
2025-06-10,2196.386474609375,2218.89990234375,20.55,2240.0,2215.199951171875,2240.0,0.0,1809051
2025-06-11,2186.388916015625,2208.800048828125,0.0,2225.89990234375,2207.199951171875,2209.0,0.0,1430888
2025-06-12,2196.88134765625,2219.39990234375,0.0,2263.0,2208.10009765625,2224.0,0.0,3417373
2025-06-13,2191.734130859375,2214.199951171875,0.0,2217.10009765625,2174.800048828125,2175.0,0.0,1786807
2025-06-16,2222.02392578125,2244.800048828125,0.0,2250.0,2209.300048828125,2214.199951171875,0.0,1301826
2025-06-17,2241.82080078125,2264.800048828125,0.0,2281.0,2227.0,2231.0,0.0,1540986
2025-06-18,2258.25244140625,2281.39990234375,0.0,2284.0,2255.0,2257.0,0.0,1131156
2025-06-19,2244.988525390625,2268.0,0.0,2285.0,2264.0,2270.0,0.0,524926
2025-06-20,2262.5087890625,2285.699951171875,0.0,2289.89990234375,2263.0,2267.0,0.0,1945026
2025-06-23,2241.128173828125,2264.10009765625,0.0,2272.800048828125,2253.89990234375,2261.199951171875,0.0,596186
2025-06-24,2252.21435546875,2275.300048828125,0.0,2309.699951171875,2268.89990234375,2305.0,0.0,1044179
2025-06-25,2256.767578125,2279.89990234375,0.0,2294.300048828125,2275.39990234375,2276.10009765625,0.0,807368
2025-06-26,2266.5673828125,2289.800048828125,0.0,2292.60009765625,2280.199951171875,2287.0,0.0,921519
2025-06-27,2334.76806640625,2358.699951171875,0.0,2364.5,2277.10009765625,2283.0,0.0,1555059
2025-06-30,2317.3466796875,2341.10009765625,0.0,2369.89990234375,2326.10009765625,2362.0,0.0,785414
2025-07-01,2345.458740234375,2369.5,0.0,2400.0,2350.199951171875,2380.5,0.0,1232160
2025-07-02,2394.852294921875,2419.39990234375,0.0,2430.0,2327.0,2340.0,0.0,1936030
2025-07-03,2406.2353515625,2430.89990234375,0.0,2464.39990234375,2425.0,2428.89990234375,0.0,1547480
2025-07-04,2399.603515625,2424.199951171875,0.0,2443.0,2412.0,2430.89990234375,0.0,602309
2025-07-07,2418.014892578125,2442.800048828125,0.0,2465.10009765625,2421.0,2423.300048828125,0.0,869054
2025-07-08,2459.390869140625,2484.60009765625,0.0,2488.0,2437.300048828125,2440.5,0.0,1136367
2025-07-09,2473.545654296875,2498.89990234375,0.0,2535.0,2492.89990234375,2520.5,0.0,2328636
2025-07-10,2426.32958984375,2451.199951171875,0.0,2512.0,2445.10009765625,2507.300048828125,0.0,932859
2025-07-11,2414.451416015625,2439.199951171875,0.0,2484.800048828125,2435.5,2447.5,0.0,1050411
2025-07-14,2377.23291015625,2401.60009765625,0.0,2448.60009765625,2391.0,2431.10009765625,0.0,891618
2025-07-15,2369.215087890625,2393.5,0.0,2415.0,2386.300048828125,2409.89990234375,0.0,610228
2025-07-16,2386.04248046875,2410.5,0.0,2422.39990234375,2371.0,2381.0,0.0,1200909
2025-07-17,2374.560302734375,2398.89990234375,0.0,2414.0,2394.0,2404.10009765625,0.0,526163
2025-07-18,2358.2275390625,2382.39990234375,0.0,2405.0,2372.300048828125,2400.60009765625,0.0,599552
2025-07-21,2351.298583984375,2375.39990234375,0.0,2408.0,2360.800048828125,2382.39990234375,0.0,390931
2025-07-22,2341.2021484375,2365.199951171875,0.0,2380.800048828125,2361.300048828125,2375.39990234375,0.0,411317
2025-07-23,2351.298583984375,2375.39990234375,0.0,2384.699951171875,2352.60009765625,2363.0,0.0,368999
2025-07-24,2328.2353515625,2352.10009765625,0.0,2380.0,2341.0,2375.39990234375,0.0,506960
2025-07-25,2312.496337890625,2336.199951171875,0.0,2350.5,2325.800048828125,2340.0,0.0,383636
2025-07-28,2335.658935546875,2359.60009765625,0.0,2366.39990234375,2320.0,2336.199951171875,0.0,650364
2025-07-29,2377.1337890625,2401.5,0.0,2418.300048828125,2325.0,2359.0,0.0,1742815
2025-07-30,2391.288818359375,2415.800048828125,0.0,2443.800048828125,2366.5,2409.0,0.0,1685818
2025-07-31,2371.788818359375,2396.10009765625,0.0,2417.199951171875,2373.5,2401.39990234375,0.0,1274735
2025-08-01,2406.33447265625,2431.0,0.0,2472.0,2378.0,2378.0,0.0,2225293
2025-08-04,2424.94384765625,2449.800048828125,0.0,2467.0,2439.60009765625,2443.199951171875,0.0,1165898
2025-08-05,2412.075927734375,2436.800048828125,0.0,2463.699951171875,2409.10009765625,2461.89990234375,0.0,659094
2025-08-06,2465.923828125,2491.199951171875,0.0,2505.60009765625,2440.0,2440.0,0.0,2019109
2025-08-07,2481.068603515625,2506.5,0.0,2510.0,2466.89990234375,2484.10009765625,0.0,1502806
2025-08-08,2450.482177734375,2475.60009765625,0.0,2511.699951171875,2468.5,2506.5,0.0,1178226
2025-08-11,2463.84521484375,2489.10009765625,0.0,2504.199951171875,2452.0,2463.89990234375,0.0,721135
2025-08-12,2453.15478515625,2478.300048828125,0.0,2502.800048828125,2474.0,2489.10009765625,0.0,608984
2025-08-13,2474.83251953125,2500.199951171875,0.0,2504.39990234375,2461.199951171875,2479.800048828125,0.0,350844
2025-08-14,2503.043212890625,2528.699951171875,0.0,2534.89990234375,2497.699951171875,2505.0,0.0,1088550
2025-08-18,2561.147705078125,2587.39990234375,0.0,2595.0,2536.60009765625,2550.0,0.0,1755615
2025-08-19,2553.228759765625,2579.39990234375,0.0,2595.0,2561.199951171875,2587.39990234375,0.0,698587
2025-08-20,2544.023193359375,2570.10009765625,0.0,2579.300048828125,2563.39990234375,2578.0,0.0,308028
2025-08-21,2540.558837890625,2566.60009765625,0.0,2576.0,2559.300048828125,2574.89990234375,0.0,781082
2025-08-22,2479.088623046875,2504.5,0.0,2569.300048828125,2501.10009765625,2562.800048828125,0.0,523774
2025-08-25,2467.6064453125,2492.89990234375,0.0,2522.5,2476.0,2516.0,0.0,766497
2025-08-26,2456.22314453125,2481.39990234375,0.0,2523.300048828125,2468.0,2481.10009765625,0.0,7106393
2025-08-28,2463.74609375,2489.0,0.0,2528.0,2465.0,2465.0,0.0,1485769
2025-08-29,2493.0458984375,2518.60009765625,0.0,2531.60009765625,2490.0,2491.0,0.0,1798653
2025-09-01,2544.122314453125,2570.199951171875,0.0,2577.800048828125,2515.10009765625,2518.0,0.0,1314833
2025-09-02,2514.228759765625,2540.0,0.0,2571.89990234375,2531.0,2569.0,0.0,1024054
2025-09-03,2527.987548828125,2553.89990234375,0.0,2565.10009765625,2527.300048828125,2530.0,0.0,925847
2025-09-04,2542.53857421875,2568.60009765625,0.0,2583.0,2553.0,2553.89990234375,0.0,933071
2025-09-05,2553.7236328125,2579.89990234375,0.0,2602.0,2565.0,2565.0,0.0,1153436
2025-09-08,2505.1220703125,2530.800048828125,0.0,2589.60009765625,2526.39990234375,2579.89990234375,0.0,742880
2025-09-09,2511.55615234375,2537.300048828125,0.0,2551.60009765625,2524.800048828125,2540.0,0.0,702450
2025-09-10,2517.4951171875,2543.300048828125,0.0,2555.0,2525.10009765625,2537.300048828125,0.0,520584
2025-09-11,2529.96728515625,2555.89990234375,0.0,2559.5,2535.699951171875,2541.0,0.0,423961
2025-09-12,2520.46484375,2546.300048828125,0.0,2568.300048828125,2537.199951171875,2560.0,0.0,547539
2025-09-15,2477.2080078125,2502.60009765625,0.0,2543.5,2498.0,2535.10009765625,0.0,583051
2025-09-16,2455.728271484375,2480.89990234375,0.0,2509.89990234375,2474.5,2495.0,0.0,760790
2025-09-17,2468.29931640625,2493.60009765625,0.0,2496.89990234375,2480.800048828125,2482.0,0.0,359627
2025-09-18,2453.550537109375,2478.699951171875,0.0,2506.199951171875,2469.300048828125,2497.89990234375,0.0,400796
2025-09-19,2456.520263671875,2481.699951171875,0.0,2509.5,2468.5,2475.0,0.0,3731525
2025-09-22,2457.509765625,2482.699951171875,0.0,2503.0,2474.10009765625,2494.10009765625,0.0,872806
2025-09-23,2422.0732421875,2446.89990234375,0.0,2483.800048828125,2428.0,2472.10009765625,0.0,1332111
2025-09-24,2432.268798828125,2457.199951171875,0.0,2475.0,2443.199951171875,2446.0,0.0,637749
2025-09-25,2379.6083984375,2404.0,0.0,2462.699951171875,2388.0,2458.5,0.0,1518215
2025-09-26,2319.029541015625,2342.800048828125,0.0,2400.0,2339.0,2397.5,0.0,1089446
2025-09-29,2318.83154296875,2342.60009765625,0.0,2363.699951171875,2329.199951171875,2342.89990234375,0.0,950369
2025-09-30,2326.156494140625,2350.0,0.0,2388.800048828125,2340.0,2352.0,0.0,778874
2025-10-01,2312.1005859375,2335.800048828125,0.0,2357.0,2321.199951171875,2353.39990234375,0.0,648279
2025-10-03,2333.87744140625,2357.800048828125,0.0,2362.699951171875,2336.10009765625,2342.199951171875,0.0,659872
2025-10-06,2330.907958984375,2354.800048828125,0.0,2359.199951171875,2334.10009765625,2355.0,0.0,362107
2025-10-07,2328.927978515625,2352.800048828125,0.0,2371.39990234375,2346.0,2355.0,0.0,498524
2025-10-08,2304.87451171875,2328.5,0.0,2369.39990234375,2320.0,2360.0,0.0,701799
2025-10-09,2312.6943359375,2336.39990234375,0.0,2341.0,2323.800048828125,2328.5,0.0,587567
2025-10-10,2316.455810546875,2340.199951171875,0.0,2357.800048828125,2336.60009765625,2338.89990234375,0.0,1117236
2025-10-13,2318.732421875,2342.5,0.0,2366.60009765625,2337.0,2340.199951171875,0.0,667732
2025-10-14,2294.580322265625,2318.10009765625,0.0,2355.0,2308.0,2342.39990234375,0.0,353345
2025-10-15,2351.001708984375,2375.10009765625,0.0,2384.0,2325.0,2330.0,0.0,753640
2025-10-16,2385.25048828125,2409.699951171875,0.0,2420.800048828125,2366.89990234375,2377.0,0.0,715890
2025-10-17,2482.355224609375,2507.800048828125,0.0,2544.0,2421.0,2421.0,0.0,3719960
2025-10-20,2490.47216796875,2516.0,0.0,2537.10009765625,2500.699951171875,2507.800048828125,0.0,714986
2025-10-21,2479.18798828125,2504.60009765625,0.0,2519.199951171875,2484.0,2513.0,0.0,107942
2025-10-23,2477.010009765625,2502.39990234375,0.0,2546.0,2496.800048828125,2518.89990234375,0.0,811738
2025-10-24,2476.218505859375,2501.60009765625,0.0,2506.699951171875,2486.300048828125,2495.0,0.0,327596
2025-10-27,2493.243896484375,2518.800048828125,0.0,2530.0,2499.60009765625,2501.60009765625,0.0,550089
2025-10-28,2483.840087890625,2509.300048828125,0.0,2528.60009765625,2492.0,2515.0,0.0,1103957
2025-10-29,2512.94189453125,2538.699951171875,0.0,2550.800048828125,2512.5,2520.0,0.0,615292
2025-10-30,2497.89599609375,2523.5,0.0,2538.699951171875,2513.300048828125,2535.5,0.0,736486
2025-10-31,2485.32470703125,2510.800048828125,0.0,2530.0,2505.300048828125,2523.39990234375,0.0,609128
2025-11-03,2486.710693359375,2512.199951171875,0.0,2515.300048828125,2495.0,2496.199951171875,0.0,425210
2025-11-04,2461.469482421875,2486.699951171875,0.0,2521.0,2479.699951171875,2510.0,0.0,527087
2025-11-06,2576.490478515625,2602.89990234375,0.0,2631.0,2560.10009765625,2560.10009765625,0.0,4448622
2025-11-07,2587.280029296875,2613.800048828125,0.0,2618.89990234375,2585.0,2602.89990234375,0.0,791663
2025-11-10,2623.50830078125,2650.39990234375,0.0,2666.800048828125,2611.10009765625,2613.800048828125,0.0,1706880
2025-11-11,2630.239501953125,2657.199951171875,0.0,2664.89990234375,2633.39990234375,2650.39990234375,0.0,776404
2025-11-12,2741.697265625,2769.800048828125,0.0,2838.699951171875,2642.10009765625,2660.0,0.0,2859196
2025-11-13,2850.184814453125,2879.39990234375,0.0,2897.10009765625,2840.0,2858.89990234375,0.0,5933630
2025-11-14,2876.910888671875,2906.39990234375,0.0,2909.89990234375,2862.0,2865.10009765625,0.0,2494076
2025-11-17,2858.5986328125,2887.89990234375,0.0,2926.89990234375,2880.0,2906.39990234375,0.0,1230683
2025-11-18,2881.00439453125,2906.0,4.5,2916.0,2862.10009765625,2886.0,0.0,1819066
2025-11-19,2868.81005859375,2893.699951171875,0.0,2916.0,2887.199951171875,2914.0,0.0,1387906
2025-11-20,2835.201904296875,2859.800048828125,0.0,2906.10009765625,2852.5,2897.39990234375,0.0,1062883
2025-11-21,2851.857421875,2876.60009765625,0.0,2895.60009765625,2854.10009765625,2869.0,0.0,857340
2025-11-24,2854.434814453125,2879.199951171875,0.0,2896.5,2864.5,2876.0,0.0,5404326
2025-11-25,2851.064208984375,2875.800048828125,0.0,2908.5,2869.0,2899.89990234375,0.0,972417
2025-11-26,2849.27978515625,2874.0,0.0,2896.199951171875,2857.60009765625,2880.0,0.0,570376
2025-11-27,2854.3359375,2879.10009765625,0.0,2914.5,2871.39990234375,2880.0,0.0,1158685
2025-11-28,2849.676025390625,2874.39990234375,0.0,2889.89990234375,2855.800048828125,2880.0,0.0,748446
2025-12-01,2842.934814453125,2867.60009765625,0.0,2887.5,2848.0,2877.699951171875,0.0,499153
2025-12-02,2928.988037109375,2954.39990234375,0.0,2962.0,2861.199951171875,2867.0,0.0,2102147
2025-12-03,2928.095947265625,2953.5,0.0,2969.199951171875,2932.60009765625,2969.0,0.0,1252456
2025-12-04,2931.763916015625,2957.199951171875,0.0,2985.699951171875,2934.0,2950.0,0.0,1466098
2025-12-05,2942.966796875,2968.5,0.0,2973.5,2941.0,2955.0,0.0,944978
2025-12-08,2903.112548828125,2928.300048828125,0.0,2974.5,2914.800048828125,2970.0,0.0,983544
2025-12-09,2771.95068359375,2796.0,0.0,2913.5,2788.5,2910.0,0.0,1839391
2025-12-10,2780.37744140625,2804.5,0.0,2824.0,2796.699951171875,2810.0,0.0,845073
2025-12-11,2755.4931640625,2779.39990234375,0.0,2811.60009765625,2763.199951171875,2800.0,0.0,777422
2025-12-12,2741.01904296875,2764.800048828125,0.0,2797.0,2746.0,2795.0,0.0,977696
2025-12-15,2756.286376953125,2780.199951171875,0.0,2802.0,2758.699951171875,2773.10009765625,0.0,1029674
2025-12-16,2766.894287109375,2790.89990234375,0.0,2808.0,2776.10009765625,2793.0,0.0,916244
2025-12-17,2761.739013671875,2785.699951171875,0.0,2806.5,2772.0,2800.0,0.0,636499
2025-12-18,2735.962646484375,2759.699951171875,0.0,2793.800048828125,2755.300048828125,2780.0,0.0,417994
2025-12-19,2775.81689453125,2799.89990234375,0.0,2812.39990234375,2759.699951171875,2766.39990234375,0.0,3895542
2025-12-22,2783.450927734375,2807.60009765625,0.0,2823.10009765625,2780.300048828125,2785.800048828125,0.0,463953
2025-12-23,2783.649169921875,2807.800048828125,0.0,2819.0,2783.10009765625,2798.0,0.0,431068
2025-12-24,2761.540771484375,2785.5,0.0,2824.699951171875,2782.0,2807.800048828125,0.0,512144
2025-12-26,2722.87646484375,2746.5,0.0,2794.39990234375,2743.0,2785.0,0.0,532078
2025-12-29,2751.527587890625,2775.39990234375,0.0,2793.800048828125,2735.0,2746.5,0.0,815529
2025-12-30,2734.574951171875,2758.300048828125,0.0,2792.39990234375,2741.0,2770.300048828125,0.0,4833527
2025-12-31,2745.678466796875,2769.5,0.0,2796.800048828125,2754.89990234375,2755.0,0.0,1274705
2026-01-01,2728.3291015625,2752.0,0.0,2782.699951171875,2746.10009765625,2775.89990234375,0.0,327945
2026-01-02,2748.751953125,2772.60009765625,0.0,2799.0,2755.800048828125,2755.800048828125,0.0,508884
2026-01-05,2791.382080078125,2815.60009765625,0.0,2828.0,2769.0,2770.0,0.0,866733
2026-01-06,2821.322265625,2845.800048828125,0.0,2848.39990234375,2811.60009765625,2820.0,0.0,875891
2026-01-07,2785.235107421875,2809.39990234375,0.0,2854.699951171875,2801.10009765625,2845.800048828125,0.0,636748
2026-01-08,2762.5322265625,2786.5,0.0,2804.699951171875,2770.10009765625,2795.0,0.0,620031
2026-01-09,2801.19677734375,2825.5,0.0,2856.699951171875,2786.199951171875,2789.89990234375,0.0,1657381
2026-01-12,2871.48681640625,2896.39990234375,0.0,2900.0,2808.0,2826.0,0.0,1743901
2026-01-13,2861.473876953125,2886.300048828125,0.0,2914.5,2870.800048828125,2900.0,0.0,1051986
2026-01-14,2789.696533203125,2813.89990234375,0.0,2884.0,2807.300048828125,2884.0,0.0,958254
2026-01-15,2789.696533203125,2813.89990234375,0.0,2813.89990234375,2813.89990234375,2813.89990234375,0.0,0
2026-01-16,2733.186767578125,2756.89990234375,0.0,2826.5,2750.5,2787.89990234375,0.0,1143463
2026-01-19,2730.311767578125,2754.0,0.0,2786.300048828125,2724.699951171875,2756.89990234375,0.0,1342048
2026-01-20,2652.586181640625,2675.60009765625,0.0,2740.10009765625,2669.300048828125,2740.0,0.0,911151
2026-01-21,2638.2109375,2661.10009765625,0.0,2688.0,2648.0,2670.0,0.0,914318
2026-01-22,2680.543701171875,2703.800048828125,0.0,2729.89990234375,2665.300048828125,2665.300048828125,0.0,1290346
2026-01-23,2680.4443359375,2703.699951171875,0.0,2782.89990234375,2690.800048828125,2703.800048828125,0.0,1786635
2026-01-27,2600.240478515625,2622.800048828125,0.0,2734.699951171875,2546.0,2719.89990234375,0.0,3818761
2026-01-28,2490.195068359375,2511.800048828125,0.0,2548.5,2451.0,2535.0,0.0,3430002
2026-01-29,2395.218994140625,2416.0,0.0,2514.89990234375,2410.0,2511.800048828125,0.0,3488159
2026-01-30,2407.413330078125,2428.300048828125,0.0,2445.0,2400.5,2417.0,0.0,2048843
2026-02-02,2381.339599609375,2402.0,0.0,2429.5,2372.0,2374.89990234375,0.0,1183482
2026-02-03,2405.133056640625,2426.0,0.0,2525.0,2391.0,2525.0,0.0,2233860
2026-02-04,2431.603271484375,2452.699951171875,0.0,2463.800048828125,2417.10009765625,2430.0,0.0,970973
2026-02-05,2411.1806640625,2432.10009765625,0.0,2455.800048828125,2402.60009765625,2445.0,0.0,1047405
2026-02-06,2380.447265625,2401.10009765625,0.0,2444.0,2386.10009765625,2432.0,0.0,1043982
2026-02-09,2396.60693359375,2417.39990234375,0.0,2426.199951171875,2396.800048828125,2404.0,0.0,669839
2026-02-10,2373.011962890625,2393.60009765625,0.0,2420.0,2386.89990234375,2419.0,0.0,1513620
2026-02-11,2371.921142578125,2392.5,0.0,2405.699951171875,2376.300048828125,2399.0,0.0,3177710
2026-02-12,2389.766357421875,2410.5,0.0,2413.89990234375,2377.0,2398.0,0.0,607767
2026-02-13,2346.045654296875,2366.39990234375,0.0,2411.800048828125,2360.10009765625,2408.89990234375,0.0,675635
2026-02-16,2376.580810546875,2397.199951171875,0.0,2405.10009765625,2356.800048828125,2360.0,0.0,683108
2026-02-17,2416.434814453125,2437.39990234375,0.0,2452.39990234375,2399.5,2399.5,0.0,1004356
2026-02-18,2411.1806640625,2432.10009765625,0.0,2448.199951171875,2416.5,2440.0,0.0,551809
2026-02-19,2380.14990234375,2400.800048828125,0.0,2428.0,2391.10009765625,2420.0,0.0,971600
2026-02-20,2407.215087890625,2428.10009765625,0.0,2435.699951171875,2376.10009765625,2378.199951171875,0.0,790329
2026-02-23,2408.80126953125,2429.699951171875,0.0,2446.60009765625,2411.5,2424.699951171875,0.0,634365
2026-02-24,2392.34423828125,2413.10009765625,0.0,2441.5,2403.699951171875,2413.0,0.0,499660
2026-02-25,2395.615478515625,2416.39990234375,0.0,2427.89990234375,2400.0,2416.0,0.0,526764
2026-02-26,2374.300537109375,2394.89990234375,0.0,2422.199951171875,2382.0,2416.10009765625,0.0,588742
2026-02-27,2355.761474609375,2376.199951171875,0.0,2397.60009765625,2359.0,2385.0,0.0,2531619
2026-03-02,2287.255859375,2307.10009765625,0.0,2337.89990234375,2283.5,2300.0,0.0,2528308
2026-03-04,2265.544189453125,2285.199951171875,0.0,2290.89990234375,2216.300048828125,2260.699951171875,0.0,1610358
2026-03-05,2268.121826171875,2287.800048828125,0.0,2313.0,2253.699951171875,2285.199951171875,0.0,925040
2026-03-06,2259.89306640625,2279.5,0.0,2307.89990234375,2253.699951171875,2261.699951171875,0.0,979742
2026-03-09,2201.6982421875,2220.800048828125,0.0,2230.0,2162.60009765625,2200.0,0.0,2198153
2026-03-10,2260.785400390625,2280.39990234375,0.0,2305.10009765625,2251.60009765625,2251.60009765625,0.0,1192174
2026-03-11,2212.8017578125,2232.0,0.0,2302.0,2226.0,2290.0,0.0,687786
2026-03-12,2202.094482421875,2221.199951171875,0.0,2249.89990234375,2201.0,2208.0,0.0,1384055
2026-03-13,2177.904541015625,2196.800048828125,0.0,2219.699951171875,2190.0,2204.699951171875,0.0,949233
2026-03-16,2198.624755859375,2217.699951171875,0.0,2227.800048828125,2175.10009765625,2185.39990234375,0.0,1111587
2026-03-17,2218.948486328125,2238.199951171875,0.0,2261.5,2217.199951171875,2217.699951171875,0.0,875461
2026-03-18,2242.642822265625,2262.10009765625,0.0,2270.39990234375,2228.60009765625,2235.10009765625,0.0,844912
2026-03-19,2167.197509765625,2186.0,0.0,2239.0,2180.60009765625,2220.0,0.0,889334
2026-03-20,2176.516357421875,2195.39990234375,0.0,2224.5,2185.0,2210.89990234375,0.0,875920
2026-03-23,2103.053955078125,2121.300048828125,0.0,2180.0,2115.0,2180.0,0.0,978398
2026-03-24,2198.228271484375,2217.300048828125,0.0,2224.5,2153.300048828125,2184.0,0.0,1561016
2026-03-25,2250.673095703125,2270.199951171875,0.0,2289.699951171875,2222.0,2225.10009765625,0.0,1270855
2026-03-27,2188.413330078125,2207.39990234375,0.0,2269.0,2201.10009765625,2246.300048828125,0.0,1089010
2026-03-30,2146.576171875,2165.199951171875,0.0,2202.89990234375,2151.0,2185.300048828125,0.0,1513565
2026-04-01,2206.655029296875,2225.800048828125,0.0,2246.60009765625,2198.39990234375,2224.800048828125,0.0,1209900
2026-04-02,2150.34375,2169.0,0.0,2185.10009765625,2142.39990234375,2185.0,0.0,1854061
2026-04-06,2165.511962890625,2184.300048828125,0.0,2193.199951171875,2145.89990234375,2169.0,0.0,2048228
2026-04-07,2167.395751953125,2186.199951171875,0.0,2198.699951171875,2145.0,2167.699951171875,0.0,1793007
2026-04-08,2262.76806640625,2282.39990234375,0.0,2336.89990234375,2245.199951171875,2284.5,0.0,2914767
2026-04-09,2250.078369140625,2269.60009765625,0.0,2289.60009765625,2252.0,2275.0,0.0,1980060
2026-04-10,2340.394775390625,2360.699951171875,0.0,2376.89990234375,2267.699951171875,2267.699951171875,0.0,3018178
2026-04-13,2332.166015625,2352.39990234375,0.0,2362.5,2262.0,2279.89990234375,0.0,1734562
2026-04-15,2402.258056640625,2423.10009765625,0.0,2426.0,2381.0,2400.5,0.0,1182431
2026-04-16,2419.31005859375,2440.300048828125,0.0,2446.60009765625,2411.60009765625,2435.0,0.0,1496210
2026-04-17,2442.80615234375,2464.0,0.0,2486.10009765625,2417.5,2425.0,0.0,1286575
2026-04-20,2495.152099609375,2516.800048828125,0.0,2523.800048828125,2456.5,2470.0,0.0,1203157
2026-04-21,2521.7216796875,2543.60009765625,0.0,2582.0,2513.699951171875,2516.300048828125,0.0,1681872
2026-04-22,2540.85546875,2562.89990234375,0.0,2572.0,2500.0,2500.0,0.0,1126584
2026-04-23,2499.71240234375,2521.39990234375,0.0,2541.699951171875,2510.0,2530.0,0.0,1378614
2026-04-24,2463.724853515625,2485.10009765625,0.0,2538.89990234375,2470.699951171875,2521.39990234375,0.0,436871
2026-04-27,2463.82373046875,2485.199951171875,0.0,2519.800048828125,2475.5,2503.0,0.0,452134
2026-04-28,2441.41845703125,2462.60009765625,0.0,2499.0,2456.10009765625,2475.0,0.0,556571
2026-04-29,2426.25,2447.300048828125,0.0,2477.89990234375,2438.60009765625,2469.89990234375,0.0,603585
2026-04-30,2423.473876953125,2444.5,0.0,2455.89990234375,2385.5,2426.699951171875,0.0,823684
2026-05-01,2423.473876953125,2444.5,0.0,2444.5,2444.5,2444.5,0.0,0
2026-05-04,2427.04296875,2448.10009765625,0.0,2507.0,2442.300048828125,2460.0,0.0,581159
2026-05-05,2409.0986328125,2430.0,0.0,2454.89990234375,2415.0,2430.0,0.0,327682
2026-05-06,2497.333251953125,2519.0,0.0,2529.0,2440.39990234375,2460.0,0.0,1395987
2026-05-07,2508.83349609375,2530.60009765625,0.0,2555.800048828125,2511.300048828125,2534.60009765625,0.0,1053513
2026-05-08,2577.537109375,2599.89990234375,0.0,2607.39990234375,2515.39990234375,2540.0,0.0,2327900
2026-05-11,2544.028076171875,2566.10009765625,0.0,2607.89990234375,2555.0,2578.89990234375,0.0,1271257
2026-05-12,2483.94921875,2505.5,0.0,2555.699951171875,2500.0,2546.199951171875,0.0,628802
2026-05-13,2595.085205078125,2617.60009765625,0.0,2642.39990234375,2554.0,2554.0,0.0,3515018
2026-05-14,2599.6455078125,2622.199951171875,0.0,2665.699951171875,2610.0,2620.0,0.0,1040916
2026-05-15,2583.1884765625,2605.60009765625,0.0,2640.0,2592.800048828125,2622.199951171875,0.0,796240
2026-05-18,2591.51611328125,2614.0,0.0,2619.39990234375,2556.0,2580.10009765625,0.0,898479
2026-05-19,2578.330322265625,2600.699951171875,0.0,2646.0,2595.10009765625,2629.0,0.0,688639
2026-05-20,2576.24853515625,2598.60009765625,0.0,2614.0,2562.0,2562.0,0.0,586190
2026-05-21,2576.44677734375,2598.800048828125,0.0,2648.300048828125,2590.800048828125,2625.0,0.0,1031843
2026-05-22,2617.09423828125,2639.800048828125,0.0,2664.699951171875,2600.199951171875,2606.10009765625,0.0,1556434
2026-05-25,2634.939453125,2657.800048828125,0.0,2684.10009765625,2653.199951171875,2672.0,0.0,815621
2026-05-26,2624.232177734375,2647.0,0.0,2664.300048828125,2635.89990234375,2650.0,0.0,486267
2026-05-27,2648.91796875,2671.89990234375,0.0,2689.60009765625,2642.0,2644.800048828125,0.0,858457
2026-05-28,2648.91796875,2671.89990234375,0.0,2671.89990234375,2671.89990234375,2671.89990234375,0.0,0
2026-05-29,2648.62060546875,2671.60009765625,0.0,2748.199951171875,2631.60009765625,2676.10009765625,0.0,5062328
2026-06-01,2609.757568359375,2632.39990234375,0.0,2778.800048828125,2626.699951171875,2732.60009765625,0.0,2224344
2026-06-02,2637.814208984375,2660.699951171875,0.0,2672.10009765625,2607.89990234375,2626.10009765625,0.0,1026319
2026-06-03,2639.49951171875,2662.39990234375,0.0,2676.0,2624.699951171875,2652.10009765625,0.0,958774
2026-06-04,2638.706787109375,2661.60009765625,0.0,2698.800048828125,2644.89990234375,2663.89990234375,0.0,1840743
2026-06-05,2663.590576171875,2686.699951171875,0.0,2699.800048828125,2665.0,2666.0,0.0,1615011
2026-06-08,2636.3271484375,2659.199951171875,0.0,2675.0,2630.10009765625,2643.300048828125,0.0,1262904
2026-06-09,2684.806640625,2708.10009765625,0.0,2719.0,2661.5,2666.199951171875,0.0,1416560
2026-06-10,2691.74658203125,2715.10009765625,0.0,2744.0,2700.0,2711.10009765625,0.0,1395772
2026-06-11,2667.75439453125,2690.89990234375,0.0,2706.699951171875,2671.0,2693.89990234375,0.0,771558
2026-06-12,2723.7685546875,2747.39990234375,0.0,2753.0,2709.39990234375,2725.699951171875,0.0,1078025
2026-06-15,2715.73828125,2739.300048828125,0.0,2832.699951171875,2730.0,2820.300048828125,0.0,2752021
2026-06-16,2724.462646484375,2748.10009765625,0.0,2771.0,2735.0,2741.0,0.0,962931
2026-06-17,2714.449462890625,2738.0,0.0,2768.89990234375,2732.5,2764.0,0.0,557209
2026-06-18,2731.30322265625,2755.0,0.0,2765.0,2728.199951171875,2745.0,0.0,600888
2026-06-19,2709.393310546875,2732.89990234375,0.0,2752.89990234375,2718.800048828125,2752.89990234375,0.0,838991
2026-06-22,2651.0,2674.0,0.0,2756.5,2670.0,2742.699951171875,0.0,1033475
2026-06-23,2661.199951171875,2661.199951171875,23.0,2695.39990234375,2650.10009765625,2669.0,0.0,1182151
2026-06-24,2667.5,2667.5,0.0,2687.60009765625,2653.60009765625,2662.0,0.0,1264476
2026-06-25,2645.199951171875,2645.199951171875,0.0,2690.699951171875,2637.10009765625,2690.0,0.0,2050810
2026-06-26,2645.199951171875,2645.199951171875,0.0,2645.199951171875,2645.199951171875,2645.199951171875,0.0,0
2026-06-29,2656.89990234375,2656.89990234375,0.0,2687.800048828125,2630.0,2631.300048828125,0.0,4752587
2026-06-30,2635.699951171875,2635.699951171875,0.0,2672.10009765625,2630.300048828125,2658.0,0.0,1821479
