Date,Adj Close,Close,Dividends,High,Low,Open,Stock Splits,Volume
2016-01-01,287.0634765625,306.87811279296875,0.0,310.0325012207031,304.30950927734375,306.3824157714844,0.0,1387248
2016-01-04,275.51348876953125,294.5308837890625,0.0,305.48114013671875,289.3035888671875,304.6249694824219,0.0,3498169
2016-01-05,272.68914794921875,291.51165771484375,0.0,296.288330078125,289.3035888671875,294.71112060546875,0.0,2351113
2016-01-06,271.6354064941406,290.3851013183594,0.0,299.66802978515625,288.0868835449219,293.7197570800781,0.0,2678635
2016-01-07,271.7618713378906,290.5202941894531,0.0,293.6296081542969,285.3380432128906,289.2134704589844,0.0,3135368
2016-01-08,273.0263977050781,291.8721618652344,0.0,292.8635559082031,287.0504455566406,292.2777404785156,0.0,1999282
2016-01-11,270.7501525878906,289.43878173828125,0.0,292.0073547363281,283.62567138671875,289.3035888671875,0.0,2795794
2016-01-12,265.9025573730469,284.25653076171875,0.0,293.3141784667969,282.63427734375,290.204833984375,0.0,3262399
2016-01-13,260.1697082519531,278.12799072265625,0.0,290.7005310058594,272.2247619628906,289.3035888671875,0.0,5044083
2016-01-14,260.2961730957031,278.26318359375,0.0,281.1922607421875,270.82781982421875,276.5958557128906,0.0,3633282
2016-01-15,258.0620422363281,275.8748474121094,0.0,280.921875,273.17108154296875,280.921875,0.0,3572695
2016-01-18,253.13015747070312,270.6025085449219,0.0,278.2181091308594,264.8344421386719,277.406982421875,0.0,4574694
2016-01-19,261.6028747558594,279.6601257324219,0.0,281.5527648925781,268.9351806640625,271.99945068359375,0.0,3707778
2016-01-20,261.0127868652344,279.02923583984375,0.0,282.8595886230469,272.90069580078125,278.0378723144531,0.0,5629713
2016-01-21,260.7598876953125,278.7588806152344,0.0,282.45404052734375,273.6667785644531,282.0935363769531,0.0,3422136
2016-01-22,251.82337951660156,269.2055358886719,0.0,280.47125244140625,262.7615661621094,280.3811340332031,0.0,5904068
2016-01-25,250.8116912841797,268.1240234375,0.0,271.2333679199219,263.6628112792969,270.24200439453125,0.0,3479687
2016-01-27,251.0646209716797,268.3944091796875,0.0,269.9265441894531,262.98687744140625,268.1240234375,0.0,5644966
2016-01-28,245.66905212402344,262.6263732910156,0.0,266.636962890625,259.8775329589844,265.2400207519531,0.0,7080505
2016-01-29,244.40438842773438,261.27447509765625,0.0,267.94378662109375,254.4249267578125,260.8238525390625,0.0,7373584
2016-02-01,250.0529327392578,267.3128967285156,0.0,268.5746765136719,262.44610595703125,263.3473815917969,0.0,4425387
2016-02-02,254.7740936279297,272.3599548339844,0.0,273.9822082519531,266.50177001953125,267.3128967285156,0.0,4808715
2016-02-03,252.75071716308594,270.1969299316406,0.0,271.99945068359375,266.9073486328125,271.008056640625,0.0,5232930
2016-02-04,256.50238037109375,274.20751953125,0.0,275.6044616699219,271.8191833496094,273.8019714355469,0.0,3411138
2016-02-05,258.9894104003906,276.8662414550781,0.0,278.0378723144531,272.2247619628906,272.2698059082031,0.0,2647351
2016-02-08,262.1930847167969,280.291015625,0.0,282.5441589355469,275.4242248535156,277.9026794433594,0.0,2753109
2016-02-09,263.24688720703125,281.4175720214844,0.0,282.94970703125,276.68597412109375,278.4884948730469,0.0,3145945
2016-02-10,262.4459533691406,280.5613708496094,0.0,283.8509826660156,278.0378723144531,280.291015625,0.0,10180024
2016-02-11,260.2540283203125,278.2181091308594,0.0,284.3466796875,274.3877868652344,274.8834533691406,0.0,6520711
2016-02-12,273.6165771484375,292.5030517578125,0.0,297.4148864746094,277.1365966796875,281.64288330078125,0.0,4049410
2016-02-15,268.8533630371094,287.41094970703125,0.0,297.32476806640625,285.2028503417969,296.1080627441406,0.0,5615585
2016-02-16,265.8182373046875,284.1664123535156,0.0,292.8184814453125,282.76947021484375,290.5202941894531,0.0,2910959
2016-02-17,269.4012451171875,287.99676513671875,0.0,289.8443298339844,278.12799072265625,282.5441589355469,0.0,3974587
2016-02-18,270.7923278808594,289.48382568359375,0.0,291.19622802734375,284.84234619140625,291.1061096191406,0.0,2569038
2016-02-19,274.88116455078125,293.85491943359375,0.0,295.56732177734375,285.4732360839844,288.85296630859375,0.0,5961801
2016-02-22,277.4524841308594,296.603759765625,0.0,301.8310546875,290.204833984375,292.4579772949219,0.0,3455165
2016-02-23,270.8766174316406,289.5739440917969,0.0,300.1186828613281,286.68994140625,300.1186828613281,0.0,5437598
2016-02-24,273.1107482910156,291.9622802734375,0.0,293.404296875,286.28436279296875,286.7349853515625,0.0,2523354
2016-02-25,271.9303894042969,290.7005310058594,0.0,293.3141784667969,286.5998229980469,292.8635559082031,0.0,9556967
2016-02-26,268.0523376464844,286.55474853515625,0.0,292.7734069824219,285.69854736328125,292.7734069824219,0.0,7064596
2016-02-29,265.98681640625,284.3466796875,0.0,290.5202941894531,282.1385803222656,285.69854736328125,0.0,3988625
2016-03-01,270.37078857421875,289.033203125,0.0,290.4752197265625,279.61505126953125,284.3917236328125,0.0,4830530
2016-03-02,275.13409423828125,294.12530517578125,0.0,295.3870544433594,289.3035888671875,290.204833984375,0.0,3289694
2016-03-03,281.0777282714844,300.47918701171875,0.0,301.8761291503906,292.0073547363281,295.972900390625,0.0,3265002
2016-03-04,277.5790100097656,296.73895263671875,0.0,303.40826416015625,294.8012390136719,299.2174072265625,0.0,2167900
2016-03-08,279.475830078125,298.76678466796875,0.0,301.0199279785156,294.4858093261719,296.9642639160156,0.0,2393678
2016-03-09,282.08935546875,301.5606689453125,0.0,302.687255859375,295.88275146484375,296.5587158203125,0.0,3430173
2016-03-10,283.5225830078125,303.0928039550781,0.0,305.2558288574219,298.316162109375,299.2624816894531,0.0,1837525
2016-03-11,284.3235168457031,303.9490051269531,0.0,305.345947265625,301.0199279785156,301.9211730957031,0.0,3018179
2016-03-14,287.2742004394531,307.1034240722656,0.0,308.22998046875,299.03717041015625,302.0563659667969,0.0,2633043
2016-03-15,289.0867919921875,309.0411071777344,0.0,310.4831237792969,302.82244873046875,306.4274597167969,0.0,2309456
2016-03-16,285.3773193359375,305.0755920410156,0.0,310.7535095214844,302.28167724609375,307.5540466308594,0.0,4361912
2016-03-17,287.2742004394531,307.1034240722656,0.0,316.97216796875,304.6700134277344,307.5990905761719,0.0,7155690
2016-03-18,290.2671203613281,310.3028869628906,0.0,313.86285400390625,306.4725341796875,311.6547546386719,0.0,3951904
2016-03-21,298.1497802734375,318.7296447753906,0.0,319.9463195800781,309.3114929199219,310.9337463378906,0.0,2813415
2016-03-22,295.8313293457031,316.25115966796875,0.0,321.47845458984375,310.6183166503906,319.856201171875,0.0,4425316
2016-03-23,301.9857177734375,322.8303527832031,0.0,325.7143859863281,317.2425537109375,317.2425537109375,0.0,5116641
2016-03-28,294.90399169921875,315.2597961425781,0.0,325.3538818359375,312.60107421875,323.46124267578125,0.0,4630593
2016-03-29,298.8663635253906,319.4956970214844,0.0,322.4247741699219,311.88006591796875,312.73626708984375,0.0,4073263
2016-03-30,298.2762145996094,318.86480712890625,0.0,323.77667236328125,316.4314270019531,319.9463195800781,0.0,4229163
2016-03-31,295.7469482421875,316.1610412597656,0.0,321.43341064453125,312.3307189941406,318.5944519042969,0.0,7926944
2016-04-01,282.8059997558594,302.3267517089844,0.0,315.62030029296875,299.3976745605469,315.62030029296875,0.0,4517171
2016-04-04,293.8079833984375,314.0881652832031,0.0,316.25115966796875,302.4168701171875,302.4168701171875,0.0,3434762
2016-04-05,278.6329040527344,297.86553955078125,0.0,312.28564453125,296.5587158203125,312.28564453125,0.0,5289842
2016-04-06,282.0050048828125,301.4705505371094,0.0,306.02191162109375,298.8118591308594,300.52423095703125,0.0,3037097
2016-04-07,279.2651062011719,298.5414733886719,0.0,303.0928039550781,296.73895263671875,302.9125671386719,0.0,2415746
2016-04-08,282.08935546875,301.5606689453125,0.0,304.0841979980469,293.4493713378906,299.17236328125,0.0,2319546
2016-04-11,293.59722900390625,313.86285400390625,0.0,315.4400329589844,307.3287353515625,307.7342834472656,0.0,4524262
2016-04-12,295.15692138671875,315.5301818847656,0.0,317.69317626953125,310.1676940917969,313.8177795410156,0.0,3089585
2016-04-13,296.1263732910156,316.5666198730469,0.0,328.5082702636719,315.07952880859375,316.3863525390625,0.0,6614377
2016-04-18,302.99737548828125,323.911865234375,0.0,327.1563720703125,317.4228210449219,319.99139404296875,0.0,2828391
2016-04-20,300.6789855957031,321.43341064453125,0.0,328.3730773925781,319.13519287109375,328.0576477050781,0.0,3250868
2016-04-21,301.1847839355469,321.9741516113281,0.0,323.5513610839844,316.34130859375,322.5149230957031,0.0,2218219
2016-04-22,297.6860656738281,318.23394775390625,0.0,322.60504150390625,315.2147216796875,316.34130859375,0.0,1460160
2016-04-25,302.61798095703125,323.50628662109375,0.0,328.0576477050781,319.3154602050781,319.3154602050781,0.0,3431082
2016-04-26,303.8404541015625,324.8131103515625,0.0,327.87738037109375,320.30682373046875,322.1544189453125,0.0,2605766
2016-04-27,314.5051574707031,336.2140197753906,0.0,343.7395324707031,326.39031982421875,328.9588928222656,0.0,8618572
2016-04-28,314.2100830078125,335.8985900878906,0.0,346.9840393066406,333.9158020019531,345.58709716796875,0.0,10016684
2016-04-29,306.5382080078125,327.6971435546875,0.0,335.8084716796875,324.9032287597656,335.13250732421875,0.0,5411248
2016-05-02,301.64849853515625,322.4698486328125,0.0,328.5082702636719,321.2080993652344,327.1563720703125,0.0,1745061
2016-05-03,310.5428466796875,331.9781188964844,0.0,333.9158020019531,322.6501159667969,322.6501159667969,0.0,4349238
2016-05-04,304.7256164550781,325.7594299316406,0.0,332.78924560546875,323.8217468261719,329.8150939941406,0.0,1883272
2016-05-05,298.7820739746094,319.40557861328125,0.0,329.86016845703125,316.9271240234375,326.70574951171875,0.0,2375047
2016-05-06,302.7444763183594,323.6414794921875,0.0,328.46319580078125,319.40557861328125,321.74884033203125,0.0,3196077
2016-05-09,309.2360534667969,330.5811767578125,0.0,331.5725402832031,322.8303527832031,324.67791748046875,0.0,2070741
2016-05-10,310.9643249511719,332.4287414550781,0.0,332.8343200683594,324.76806640625,331.2120361328125,0.0,2932396
2016-05-11,302.57586669921875,323.46124267578125,0.0,340.1795654296875,321.74884033203125,328.5082702636719,0.0,5316307
2016-05-12,305.273681640625,326.3452453613281,0.0,327.6520690917969,320.57720947265625,327.1563720703125,0.0,3224321
2016-05-13,299.2035827636719,319.856201171875,0.0,326.255126953125,318.143798828125,326.255126953125,0.0,4006032
2016-05-16,297.9811706542969,318.54937744140625,0.0,320.9827880859375,308.9960632324219,319.9463195800781,0.0,2996171
2016-05-17,296.084228515625,316.52154541015625,0.0,323.5513610839844,314.17828369140625,320.84759521484375,0.0,2749594
2016-05-18,296.1263732910156,316.5666198730469,0.0,317.7833251953125,312.9615783691406,315.4400329589844,0.0,2421651
2016-05-19,290.6886291503906,310.7535095214844,0.0,317.96356201171875,309.49176025390625,316.5666198730469,0.0,2741126
2016-05-20,288.285888671875,308.1849060058594,0.0,312.28564453125,305.7966003417969,311.744873046875,0.0,4199413
2016-05-23,291.5738830566406,311.6998291015625,0.0,314.3134765625,307.77935791015625,312.46588134765625,0.0,1842701
2016-05-24,290.9837341308594,311.0689392089844,0.0,312.69122314453125,308.04974365234375,311.744873046875,0.0,2293594
2016-05-25,296.4636535644531,316.9271240234375,0.0,317.69317626953125,312.73626708984375,312.8263854980469,0.0,2157455
2016-05-26,297.475341796875,318.0086364746094,0.0,320.84759521484375,313.4122009277344,317.2425537109375,0.0,5273432
2016-05-27,296.1263732910156,316.5666198730469,0.0,322.28961181640625,315.03448486328125,318.0987548828125,0.0,3075870
2016-05-30,300.0466613769531,320.7574462890625,0.0,321.9291076660156,317.4678649902344,318.23394775390625,0.0,2845695
2016-05-31,296.25286865234375,316.7018127441406,0.0,321.74884033203125,312.8714599609375,321.6587219238281,0.0,24281872
2016-06-01,306.24322509765625,327.3817138671875,0.0,328.3730773925781,317.512939453125,318.6394958496094,0.0,3081625
2016-06-02,308.7301940917969,330.0404052734375,0.0,331.66265869140625,324.2723693847656,325.6693115234375,0.0,2604662
2016-06-03,301.9435729980469,322.7852783203125,0.0,329.58978271484375,320.26177978515625,328.9588928222656,0.0,3677399
2016-06-06,294.018798828125,314.3134765625,0.0,323.596435546875,312.9165344238281,321.74884033203125,0.0,5264582
2016-06-07,294.3559875488281,314.6739807128906,0.0,317.3326721191406,313.00665283203125,314.3134765625,0.0,4463323
2016-06-08,297.3066711425781,317.828369140625,0.0,322.87542724609375,316.8820495605469,320.4870910644531,0.0,2654000
2016-06-09,296.1263732910156,316.5666198730469,0.0,321.2080993652344,315.2597961425781,320.3969421386719,0.0,1549979
2016-06-10,295.99993896484375,316.4314270019531,0.0,318.6394958496094,313.27703857421875,315.169677734375,0.0,2180603
2016-06-13,288.66534423828125,308.5904846191406,0.0,315.89068603515625,307.8244323730469,313.90789794921875,0.0,2180335
2016-06-14,288.87603759765625,308.8157958984375,0.0,310.4831237792969,304.03912353515625,309.3114929199219,0.0,3358585
2016-06-15,296.6744384765625,317.1524353027344,0.0,318.0086364746094,312.73626708984375,313.6375427246094,0.0,3259569
2016-06-16,292.121826171875,312.28564453125,0.0,317.1974792480469,307.5540466308594,316.8370056152344,0.0,2614007
2016-06-17,300.9740295410156,321.74884033203125,0.0,323.46124267578125,310.4380798339844,313.6375427246094,0.0,5592177
2016-06-20,307.2969970703125,328.5082702636719,0.0,329.86016845703125,318.86480712890625,320.84759521484375,0.0,3205939
2016-06-21,305.3579406738281,326.4353942871094,0.0,328.68853759765625,324.5877990722656,326.4804382324219,0.0,1615514
2016-06-22,306.07452392578125,327.2014465332031,0.0,330.76141357421875,325.21868896484375,328.0125732421875,0.0,2399688
2016-06-23,307.5499572753906,328.7786560058594,0.0,329.6348571777344,326.255126953125,328.68853759765625,0.0,1405739
2016-06-24,300.0045166015625,320.71240234375,0.0,324.4526062011719,314.2684020996094,321.74884033203125,0.0,2445195
2016-06-27,296.0420837402344,316.47650146484375,0.0,322.60504150390625,315.2147216796875,319.0450744628906,0.0,2697253
2016-06-28,301.0583801269531,321.8389587402344,0.0,323.1007385253906,317.06231689453125,317.5579833984375,0.0,3541398
2016-06-29,300.29962158203125,321.02783203125,0.0,324.7229919433594,319.2703857421875,323.1007385253906,0.0,2469054
2016-06-30,309.2360534667969,330.5811767578125,0.0,333.4651794433594,320.3518981933594,322.6501159667969,0.0,4076692
2016-07-01,310.5428466796875,331.9781188964844,0.0,336.0337829589844,326.8409423828125,329.6799011230469,0.0,2907785
2016-07-04,314.75811767578125,336.4844055175781,0.0,338.7825927734375,332.47381591796875,333.96087646484375,0.0,1855655
2016-07-05,308.4773254394531,329.77001953125,0.0,337.0702209472656,327.6971435546875,337.0702209472656,0.0,1559936
2016-07-07,306.3275146484375,327.4718322753906,0.0,334.6368103027344,326.8409423828125,328.9588928222656,0.0,2606039
2016-07-08,299.3300476074219,319.99139404296875,0.0,326.4804382324219,318.143798828125,325.1285705566406,0.0,1746867
2016-07-11,303.3767395019531,324.3174133300781,0.0,329.77001953125,322.6951599121094,329.77001953125,0.0,2437511
2016-07-12,306.2853698730469,327.4267578125,0.0,328.5082702636719,324.4526062011719,326.6156311035156,0.0,1333227
2016-07-13,306.6225891113281,327.7872619628906,0.0,329.8150939941406,323.6414794921875,329.77001953125,0.0,1609500
2016-07-14,309.3625183105469,330.7163391113281,0.0,331.3923034667969,326.11993408203125,327.6971435546875,0.0,1097465
2016-07-15,319.4371337890625,341.48638916015625,0.0,342.4327087402344,329.31939697265625,329.31939697265625,0.0,2814751
2016-07-18,305.73736572265625,326.8409423828125,0.0,342.4777526855469,325.39892578125,342.2073974609375,0.0,3592796
2016-07-19,307.12841796875,328.3280334472656,0.0,331.8429260253906,322.28961181640625,323.596435546875,0.0,3552577
2016-07-20,306.36962890625,327.5168762207031,0.0,330.7163391113281,325.6693115234375,328.2378845214844,0.0,2845114
2016-07-21,310.1213073730469,331.5274963378906,0.0,333.19482421875,326.70574951171875,329.77001953125,0.0,2198453
2016-07-22,309.69970703125,331.07684326171875,0.0,333.2849426269531,328.14776611328125,331.66265869140625,0.0,2559958
2016-07-25,313.5778503417969,335.2226257324219,0.0,335.98870849609375,327.24652099609375,328.0576477050781,0.0,1850765
2016-07-26,311.807373046875,333.3299865722656,0.0,336.1239013671875,330.626220703125,333.4651794433594,0.0,1862583
2016-07-27,314.0837097167969,335.7633972167969,0.0,339.9992980957031,332.0231628417969,334.0960693359375,0.0,2593217
2016-07-28,313.53570556640625,335.1775817871094,0.0,344.10003662109375,327.6971435546875,344.10003662109375,0.0,8216550
2016-07-29,305.2314758300781,326.3002014160156,0.0,335.1775817871094,324.8581848144531,335.1775817871094,0.0,4178023
2016-08-01,306.87548828125,328.0576477050781,0.0,330.76141357421875,326.3452453613281,327.56195068359375,0.0,1775282
2016-08-02,301.64849853515625,322.4698486328125,0.0,328.7786560058594,320.5321350097656,326.1650085449219,0.0,3557285
2016-08-03,302.5336608886719,323.4161682128906,0.0,324.8131103515625,318.369140625,323.6865539550781,0.0,2491473
2016-08-04,308.7723693847656,330.0854797363281,0.0,332.338623046875,318.1888732910156,324.2723693847656,0.0,3301158
2016-08-05,306.87548828125,328.0576477050781,0.0,334.81707763671875,324.04705810546875,330.9416809082031,0.0,4259304
2016-08-08,296.3792724609375,316.8370056152344,0.0,328.8687744140625,314.8091735839844,327.1563720703125,0.0,5372323
2016-08-09,294.6089172363281,314.9443359375,0.0,319.99139404296875,310.70843505859375,318.0536804199219,0.0,5734542
2016-08-10,292.0797424316406,312.2405700683594,0.0,318.5043029785156,310.9337463378906,316.34130859375,0.0,1704178
2016-08-11,293.1461486816406,312.15045166015625,1.22571,312.5109558105469,308.22998046875,312.0603332519531,0.0,2758046
2016-08-12,294.3734130859375,313.457275390625,0.0,314.5387878417969,310.12261962890625,310.2578125,0.0,2615030
2016-08-16,289.8452453613281,308.63555908203125,0.0,316.65673828125,306.1571044921875,314.0881652832031,0.0,4152972
2016-08-17,292.55364990234375,311.5195617675781,0.0,314.9894104003906,309.5818786621094,309.5818786621094,0.0,3575486
2016-08-18,298.9015808105469,318.27899169921875,0.0,318.9549560546875,312.60107421875,313.9980163574219,0.0,2093475
2016-08-19,297.4204406738281,316.7018127441406,0.0,319.9463195800781,313.00665283203125,319.0450744628906,0.0,1895295
2016-08-22,296.4046936035156,315.62030029296875,0.0,318.143798828125,311.9251403808594,316.34130859375,0.0,983587
2016-08-23,299.4093933105469,318.81976318359375,0.0,320.30682373046875,310.66339111328125,313.6375427246094,0.0,2546554
2016-08-24,298.43609619140625,317.7833251953125,0.0,322.9655456542969,315.4400329589844,319.0450744628906,0.0,1809971
2016-08-25,292.84991455078125,311.83502197265625,0.0,319.0450744628906,310.12261962890625,316.5666198730469,0.0,3583163
2016-08-26,291.1147766113281,309.9874267578125,0.0,313.7276611328125,307.8244323730469,313.1868896484375,0.0,1250748
2016-08-29,289.97222900390625,308.770751953125,0.0,313.4122009277344,302.146484375,309.5818786621094,0.0,2828305
2016-08-30,280.8735046386719,299.08221435546875,0.0,310.12261962890625,296.288330078125,308.9059143066406,0.0,4487274
2016-08-31,280.7042541503906,298.9019775390625,0.0,303.6335754394531,296.3784484863281,299.4427185058594,0.0,7103241
2016-09-01,263.0993957519531,280.15582275390625,0.0,299.5328369140625,271.72906494140625,297.4148864746094,0.0,39290697
2016-09-02,269.912841796875,287.41094970703125,0.0,289.2585144042969,276.2353515625,277.722412109375,0.0,17010250
2016-09-06,272.11346435546875,289.75421142578125,0.0,290.92584228515625,281.778076171875,287.41094970703125,0.0,7841855
2016-09-07,270.9707946777344,288.5375061035156,0.0,290.5653381347656,284.8874206542969,287.0504455566406,0.0,3788590
2016-09-08,274.56793212890625,292.36785888671875,0.0,294.8913879394531,287.5010681152344,288.5375061035156,0.0,3819474
2016-09-09,272.62127685546875,290.2949523925781,0.0,294.4858093261719,286.9152526855469,291.5567321777344,0.0,3280689
2016-09-12,269.1933288574219,286.6448669433594,0.0,290.1597900390625,283.08489990234375,286.5096740722656,0.0,3494956
2016-09-14,270.71685791015625,288.26715087890625,0.0,291.3314208984375,285.7886657714844,285.7886657714844,0.0,2224288
2016-09-15,273.12908935546875,290.8357238769531,0.0,292.9085998535156,285.6084289550781,287.546142578125,0.0,2301243
2016-09-16,273.890869140625,291.6468505859375,0.0,294.260498046875,289.3937072753906,290.2949523925781,0.0,3584872
2016-09-19,274.3562927246094,292.1425476074219,0.0,292.9085998535156,289.3486328125,291.1061096191406,0.0,1697274
2016-09-20,270.1666564941406,287.6813049316406,0.0,292.0073547363281,286.3294372558594,292.0073547363281,0.0,3040194
2016-09-21,272.4096374511719,290.06964111328125,0.0,291.1061096191406,287.32080078125,288.7628173828125,0.0,1845538
2016-09-22,276.76849365234375,294.71112060546875,0.0,295.56732177734375,290.7906494140625,291.6468505859375,0.0,1642721
2016-09-23,276.72625732421875,294.66607666015625,0.0,297.4148864746094,292.0073547363281,293.80987548828125,0.0,2369838
2016-09-26,271.1401062011719,288.7177734375,0.0,296.2432556152344,287.5911865234375,293.80987548828125,0.0,2391218
2016-09-27,266.442626953125,283.7157897949219,0.0,290.1147155761719,283.03985595703125,290.1147155761719,0.0,2490305
2016-09-28,272.3250427246094,289.9795227050781,0.0,291.51165771484375,280.3811340332031,282.5892028808594,0.0,3263576
2016-09-29,267.2043762207031,284.52691650390625,0.0,291.7369689941406,283.08489990234375,290.65545654296875,0.0,6941546
2016-09-30,265.7654724121094,282.9947814941406,0.0,285.2479248046875,277.6773681640625,284.5719909667969,0.0,6355157
2016-10-03,269.7435302734375,287.2306823730469,0.0,288.4023132324219,282.9947814941406,282.9947814941406,0.0,1672721
2016-10-04,274.2294006347656,292.0073547363281,0.0,292.7734069824219,284.8874206542969,286.149169921875,0.0,2908344
2016-10-05,272.28265380859375,289.9344482421875,0.0,293.945068359375,288.9430847167969,290.204833984375,0.0,1439691
2016-10-06,272.7905578613281,290.4752197265625,0.0,293.1339111328125,287.5911865234375,292.8635559082031,0.0,1741337
2016-10-07,270.3783264160156,287.9066467285156,0.0,292.4129333496094,285.8788146972656,290.74560546875,0.0,1477152
2016-10-10,267.3736572265625,284.7071838378906,0.0,288.31219482421875,283.8960266113281,286.68994140625,0.0,2687189
2016-10-13,259.62921142578125,276.4606628417969,0.0,282.9046630859375,275.3341064453125,282.0484619140625,0.0,3440146
2016-10-14,258.486572265625,275.24395751953125,0.0,277.4971008300781,272.5401916503906,277.4971008300781,0.0,5431236
2016-10-17,255.0164337158203,271.548828125,0.0,275.6495361328125,266.9974670410156,275.24395751953125,0.0,3779712
2016-10-18,259.5446472167969,276.37054443359375,0.0,277.5872497558594,267.7184753417969,272.1796875,0.0,5102965
2016-10-19,259.7984924316406,276.64093017578125,0.0,278.8940734863281,273.9822082519531,276.37054443359375,0.0,5073975
2016-10-20,261.6181945800781,278.57861328125,0.0,279.84039306640625,274.8834533691406,276.7760925292969,0.0,5290430
2016-10-21,262.16839599609375,279.1644287109375,0.0,280.6515197753906,275.4242248535156,280.6515197753906,0.0,2362713
2016-10-24,259.5446472167969,276.37054443359375,0.0,277.5872497558594,273.6667785644531,276.10015869140625,0.0,2185144
2016-10-25,263.9034729003906,281.01202392578125,0.0,281.5527648925781,271.9093017578125,273.5315856933594,0.0,4024793
2016-10-26,268.8971252441406,286.3294372558594,0.0,291.0159606933594,283.7157897949219,283.8960266113281,0.0,6538988
2016-10-27,273.4676513671875,291.19622802734375,0.0,293.4944152832031,282.63427734375,283.490478515625,0.0,5615716
2016-10-28,269.8704833984375,287.3658752441406,0.0,291.06103515625,286.82513427734375,291.06103515625,0.0,1566275
2016-11-01,268.6855773925781,286.1041259765625,0.0,289.033203125,285.0226135253906,286.5998229980469,0.0,2398681
2016-11-02,262.0414123535156,279.02923583984375,0.0,284.4367980957031,278.1730651855469,284.3466796875,0.0,2221637
2016-11-03,261.4913024902344,278.44342041015625,0.0,284.21148681640625,275.1538391113281,278.4884948730469,0.0,2989059
2016-11-04,259.5868835449219,276.41558837890625,0.0,279.88543701171875,274.02728271484375,279.1644287109375,0.0,2376146
2016-11-07,258.6559143066406,275.4242248535156,0.0,281.1021423339844,273.7118225097656,281.1021423339844,0.0,1847168
2016-11-08,258.06341552734375,274.7933349609375,0.0,276.4606628417969,271.2784423828125,276.3254699707031,0.0,1527704
2016-11-09,254.76251220703125,271.2784423828125,0.0,274.8834533691406,255.1008758544922,259.5621032714844,0.0,5669889
2016-11-10,261.23736572265625,278.1730651855469,0.0,283.08489990234375,273.3062744140625,274.8834533691406,0.0,3190980
2016-11-11,255.10105895996094,271.6389465332031,0.0,277.54217529296875,268.8901062011719,273.9822082519531,0.0,1886129
2016-11-15,256.15899658203125,272.7655029296875,0.0,274.7933349609375,264.9696350097656,273.0809631347656,0.0,3114405
2016-11-16,262.0837097167969,279.0743103027344,0.0,280.6064453125,273.351318359375,274.92852783203125,0.0,2746958
2016-11-17,251.50390625,267.80859375,0.0,284.4367980957031,266.0060729980469,280.6515197753906,0.0,4236589
2016-11-18,257.09002685546875,273.75689697265625,0.0,274.3877868652344,266.0962219238281,268.9351806640625,0.0,3641254
2016-11-21,253.49288940429688,269.9265441894531,0.0,275.379150390625,268.0789794921875,274.34271240234375,0.0,1826207
2016-11-22,257.2593078613281,273.9371337890625,0.0,275.2890319824219,265.8708801269531,271.2784423828125,0.0,3327374
2016-11-23,254.38162231445312,270.87286376953125,0.0,277.81256103515625,269.6111145019531,275.2890319824219,0.0,1970256
2016-11-24,255.94741821289062,272.5401916503906,0.0,274.61309814453125,268.9351806640625,271.2784423828125,0.0,4795418
2016-11-25,254.76251220703125,271.2784423828125,0.0,275.78472900390625,269.1604919433594,272.9908142089844,0.0,2099139
2016-11-28,269.8282165527344,287.32080078125,0.0,289.48382568359375,271.2784423828125,271.2784423828125,0.0,4886483
2016-11-29,274.94879150390625,292.7734069824219,0.0,293.80987548828125,285.518310546875,289.1233215332031,0.0,4516337
2016-11-30,274.73724365234375,292.548095703125,0.0,294.5308837890625,291.82708740234375,292.9085998535156,0.0,4993485
2016-12-01,269.3203430175781,286.7800598144531,0.0,292.7283630371094,282.5892028808594,292.0073547363281,0.0,7124295
2016-12-02,269.65887451171875,287.14056396484375,0.0,289.5739440917969,283.2651672363281,283.8960266113281,0.0,1836012
2016-12-05,276.55694580078125,294.4858093261719,0.0,296.1982116699219,286.149169921875,286.149169921875,0.0,2481220
2016-12-06,278.3343811035156,296.3784484863281,0.0,299.17236328125,292.68328857421875,294.6210021972656,0.0,3142493
2016-12-07,277.7419128417969,295.74755859375,0.0,301.8761291503906,292.9987487792969,297.14453125,0.0,2899591
2016-12-08,281.3813781738281,299.62298583984375,0.0,301.0199279785156,295.972900390625,298.1358947753906,0.0,2061325
2016-12-09,281.00042724609375,299.2174072265625,0.0,304.1292724609375,296.603759765625,301.1551208496094,0.0,2646396
2016-12-12,278.5882568359375,296.6488342285156,0.0,297.4148864746094,294.3055725097656,296.9642639160156,0.0,775144
2016-12-13,279.30767822265625,297.4148864746094,0.0,298.2710876464844,293.80987548828125,293.80987548828125,0.0,1063869
2016-12-14,273.04443359375,290.74560546875,0.0,297.1895751953125,289.75421142578125,295.7025146484375,0.0,1481398
2016-12-15,269.5319519042969,287.00537109375,0.0,290.5202941894531,286.149169921875,289.1233215332031,0.0,3073256
2016-12-16,262.5915222167969,279.61505126953125,0.0,288.04180908203125,277.9927978515625,287.5010681152344,0.0,4401700
2016-12-19,258.57122802734375,275.3341064453125,0.0,280.74163818359375,274.07232666015625,279.750244140625,0.0,4126010
2016-12-20,256.0743408203125,272.6753845214844,0.0,276.4606628417969,269.5660400390625,275.78472900390625,0.0,3596096
2016-12-21,255.35496520996094,271.9093017578125,0.0,276.10015869140625,270.3771667480469,274.07232666015625,0.0,2651665
2016-12-22,247.3565673828125,263.3924255371094,0.0,271.2333679199219,261.5899353027344,269.9265441894531,0.0,3156188
2016-12-23,250.149658203125,266.3665771484375,0.0,267.80859375,262.40106201171875,266.23138427734375,0.0,2047449
2016-12-26,250.6151580810547,266.8622741699219,0.0,267.67340087890625,260.1929626464844,265.4202575683594,0.0,2719536
2016-12-27,253.5775146484375,270.01666259765625,0.0,271.0981750488281,262.40106201171875,266.77215576171875,0.0,2548216
2016-12-28,253.49288940429688,269.9265441894531,0.0,273.17108154296875,267.4931640625,269.4759216308594,0.0,2899350
2016-12-29,256.45526123046875,273.0809631347656,0.0,274.3877868652344,268.1240234375,271.6389465332031,0.0,3551526
2016-12-30,258.6981201171875,275.4692687988281,0.0,276.7760925292969,270.4673156738281,271.548828125,0.0,1955045
2017-01-02,263.22637939453125,280.291015625,0.0,281.1922607421875,273.17108154296875,273.17108154296875,0.0,1643255
2017-01-03,257.68255615234375,274.3877868652344,0.0,282.94970703125,270.3771667480469,281.147216796875,0.0,3286354
2017-01-04,265.6808776855469,282.9046630859375,0.0,284.0762939453125,269.6111145019531,272.5401916503906,0.0,5776206
2017-01-05,271.7748718261719,289.3937072753906,0.0,291.1061096191406,279.434814453125,282.22869873046875,0.0,4268281
2017-01-06,270.6322021484375,288.177001953125,0.0,297.4148864746094,286.87017822265625,287.6362609863281,0.0,2656936
2017-01-09,269.10870361328125,286.55474853515625,0.0,289.6640930175781,284.9775390625,288.9430847167969,0.0,2635116
2017-01-10,270.928466796875,288.4924621582031,0.0,289.3035888671875,285.7436218261719,287.5010681152344,0.0,1058176
2017-01-11,273.1714172363281,290.8807678222656,0.0,292.5931701660156,287.32080078125,289.3937072753906,0.0,2609766
2017-01-12,272.3673400878906,290.02459716796875,0.0,293.22406005859375,288.4023132324219,291.51165771484375,0.0,1680284
2017-01-13,271.0131530761719,288.58258056640625,0.0,292.9085998535156,284.79730224609375,290.5653381347656,0.0,2614161
2017-01-16,269.65887451171875,287.14056396484375,0.0,291.46661376953125,285.96893310546875,288.4023132324219,0.0,1871694
2017-01-17,269.57427978515625,287.0504455566406,0.0,288.2220764160156,285.7886657714844,287.41094970703125,0.0,2050997
2017-01-18,265.6808776855469,282.9046630859375,0.0,287.32080078125,280.5163269042969,286.5998229980469,0.0,3670155
2017-01-19,268.3892822265625,285.7886657714844,0.0,290.74560546875,280.291015625,282.9947814941406,0.0,2526854
2017-01-20,271.309326171875,288.89801025390625,0.0,295.1617431640625,283.03985595703125,283.03985595703125,0.0,3784887
2017-01-23,270.5476379394531,288.0868835449219,0.0,290.204833984375,284.25653076171875,289.3035888671875,0.0,1985278
2017-01-24,267.8815002441406,285.2479248046875,0.0,287.5010681152344,283.5805969238281,286.5998229980469,0.0,2393587
2017-01-25,263.52264404296875,280.6064453125,0.0,283.62567138671875,274.8834533691406,274.8834533691406,0.0,14931206
2017-01-27,274.01776123046875,291.78204345703125,0.0,295.6123962402344,279.6601257324219,279.6601257324219,0.0,3540993
2017-01-30,292.55364990234375,311.5195617675781,0.0,333.4201354980469,290.2949523925781,291.19622802734375,0.0,23241046
2017-01-31,294.7119140625,313.8177795410156,0.0,318.143798828125,309.1763000488281,314.5838623046875,0.0,11732135
2017-02-01,292.0881652832031,311.0238952636719,0.0,315.34991455078125,306.5626525878906,311.83502197265625,0.0,4103983
2017-02-02,299.0285339355469,318.4141845703125,0.0,324.2723693847656,310.2578125,310.9337463378906,0.0,6964972
2017-02-03,299.45172119140625,318.86480712890625,0.0,326.255126953125,317.4228210449219,318.4141845703125,0.0,2662623
2017-02-06,300.6789855957031,320.171630859375,0.0,321.7037658691406,317.828369140625,319.0450744628906,0.0,1504449
2017-02-07,298.9015808105469,318.27899169921875,0.0,323.37109375,316.1610412597656,319.2253112792969,0.0,4062008
2017-02-08,298.0975036621094,317.4228210449219,0.0,320.71240234375,312.6461486816406,319.9463195800781,0.0,4888372
2017-02-09,300.6789855957031,320.171630859375,0.0,321.74884033203125,316.1610412597656,317.2876281738281,0.0,2043938
2017-02-10,302.62567138671875,322.2445373535156,0.0,324.8131103515625,319.99139404296875,321.74884033203125,0.0,2203893
2017-02-13,303.0488586425781,322.6951599121094,0.0,324.4526062011719,318.4592590332031,318.54937744140625,0.0,3669035
2017-02-14,312.2744445800781,332.51885986328125,0.0,333.37506103515625,319.9463195800781,322.199462890625,0.0,4739203
2017-02-15,309.1851501464844,329.2292785644531,0.0,335.71832275390625,324.5427551269531,333.37506103515625,0.0,3974478
2017-02-16,309.52374267578125,329.58978271484375,0.0,332.47381591796875,324.7229919433594,325.6242370605469,0.0,4049974
2017-02-17,312.739990234375,333.0145568847656,0.0,335.4479675292969,326.5255126953125,330.76141357421875,0.0,2551827
2017-02-20,317.6913757324219,338.28692626953125,0.0,341.5765075683594,333.6003723144531,333.6003723144531,0.0,3876138
2017-02-21,307.11151123046875,327.0212097167969,0.0,340.5851135253906,324.0019836425781,335.3578186035156,0.0,7028108
2017-02-22,305.5457458496094,325.3538818359375,0.0,335.71832275390625,323.6414794921875,327.0662536621094,0.0,7531248
2017-02-23,309.9892272949219,330.0854797363281,0.0,361.4041748046875,327.7872619628906,334.366455078125,0.0,39500561
2017-02-27,301.05987548828125,320.57720947265625,0.0,331.1669921875,317.7382507324219,330.76141357421875,0.0,10077345
2017-02-28,309.0582275390625,329.0940856933594,0.0,336.25909423828125,321.2080993652344,321.74884033203125,0.0,13488220
2017-03-01,307.02685546875,326.9310607910156,0.0,332.4287414550781,325.7594299316406,332.1583557128906,0.0,3826413
2017-03-02,302.0331726074219,321.6136474609375,0.0,329.86016845703125,317.4228210449219,328.0576477050781,0.0,4657721
2017-03-03,301.4407653808594,320.9827880859375,0.0,325.80450439453125,318.4141845703125,321.6136474609375,0.0,4021692
2017-03-06,305.96893310546875,325.80450439453125,0.0,328.0576477050781,321.9291076660156,324.4526062011719,0.0,3302817
2017-03-07,305.6303405761719,325.4440002441406,0.0,326.66070556640625,321.16302490234375,325.3538818359375,0.0,3171320
2017-03-08,305.2917785644531,325.08349609375,0.0,328.14776611328125,323.1007385253906,324.63287353515625,0.0,3024515
2017-03-09,304.86859130859375,324.63287353515625,0.0,326.1650085449219,321.43341064453125,324.3174133300781,0.0,1304223
2017-03-10,308.8466796875,328.8687744140625,0.0,330.310791015625,324.4075622558594,325.21868896484375,0.0,2319807
2017-03-14,305.6303405761719,325.4440002441406,0.0,333.2849426269531,323.19085693359375,329.86016845703125,0.0,5921380
2017-03-15,307.40777587890625,327.3366394042969,0.0,329.995361328125,321.02783203125,324.4526062011719,0.0,7389777
2017-03-16,305.2494201660156,325.0384216308594,0.0,329.4996643066406,323.6414794921875,328.0576477050781,0.0,2670827
2017-03-17,293.56927490234375,312.60107421875,0.0,327.1563720703125,310.0325012207031,325.48907470703125,0.0,6378625
2017-03-20,295.7276611328125,314.8992919921875,0.0,317.512939453125,305.75152587890625,311.83502197265625,0.0,4737850
2017-03-21,296.15081787109375,315.34991455078125,0.0,317.06231689453125,310.97882080078125,314.5387878417969,0.0,2511084
2017-03-22,286.248046875,304.8052062988281,0.0,314.0881652832031,293.6296081542969,312.73626708984375,0.0,8955493
2017-03-23,286.5019836425781,305.0755920410156,0.0,307.9595947265625,302.4168701171875,305.345947265625,0.0,4762081
2017-03-24,288.19476318359375,306.87811279296875,0.0,313.3671569824219,304.8052062988281,307.6892395019531,0.0,5308761
2017-03-27,286.6712951660156,305.2558288574219,0.0,308.09478759765625,302.0563659667969,306.4274597167969,0.0,3212610
2017-03-28,288.4064025878906,307.1034240722656,0.0,309.5818786621094,305.16571044921875,307.23858642578125,0.0,2316105
2017-03-29,291.8765563964844,310.7985534667969,0.0,312.1955261230469,307.50897216796875,308.68060302734375,0.0,9825597
2017-03-30,297.2511291503906,316.52154541015625,0.0,317.6030578613281,308.4102478027344,310.7985534667969,0.0,4345156
2017-03-31,296.27777099609375,315.485107421875,0.0,317.512939453125,310.9337463378906,315.4400329589844,0.0,5787371
2017-04-03,289.29510498046875,308.04974365234375,0.0,311.83502197265625,303.0477600097656,311.83502197265625,0.0,7333921
2017-04-05,291.5802917480469,310.4831237792969,0.0,312.9615783691406,305.6163330078125,309.086181640625,0.0,4693744
2017-04-06,289.29510498046875,308.04974365234375,0.0,309.1312561035156,304.26446533203125,309.1312561035156,0.0,2412374
2017-04-07,291.7496337890625,310.66339111328125,0.0,315.8456115722656,308.0046691894531,310.07757568359375,0.0,6347228
2017-04-10,292.5959777832031,311.56463623046875,0.0,313.9980163574219,308.2750549316406,313.90789794921875,0.0,1532435
2017-04-11,296.4046936035156,315.62030029296875,0.0,320.6222839355469,308.9960632324219,309.1312561035156,0.0,2327556
2017-04-12,296.91253662109375,316.1610412597656,0.0,318.9549560546875,311.24920654296875,312.73626708984375,0.0,2529238
2017-04-13,287.98321533203125,306.65277099609375,0.0,318.5944519042969,305.75152587890625,315.4400329589844,0.0,6554985
2017-04-17,288.8718566894531,307.5990905761719,0.0,309.401611328125,304.9854431152344,308.95098876953125,0.0,2089233
2017-04-18,286.75592041015625,305.345947265625,0.0,309.4466857910156,303.0928039550781,306.4274597167969,0.0,6170878
2017-04-19,287.729248046875,306.3824157714844,0.0,308.0046691894531,299.8933410644531,305.88671875,0.0,2779410
2017-04-20,290.09918212890625,308.9059143066406,0.0,309.85223388671875,304.6700134277344,308.22998046875,0.0,2097176
2017-04-21,290.1414489746094,308.95098876953125,0.0,311.83502197265625,306.6978454589844,308.22998046875,0.0,1500170
2017-04-24,291.7073059082031,310.6183166503906,0.0,312.2405700683594,305.2107849121094,310.0325012207031,0.0,1487606
2017-04-25,299.5787048339844,319.0,0.0,324.2723693847656,307.6892395019531,309.1312561035156,0.0,4747068
2017-04-26,302.62567138671875,322.2445373535156,0.0,324.4526062011719,317.2425537109375,319.0,0.0,3272330
2017-04-27,302.9219055175781,322.5599670410156,0.0,326.2100524902344,318.81976318359375,319.2703857421875,0.0,4978376
2017-04-28,300.89056396484375,320.3969421386719,0.0,322.5599670410156,315.89068603515625,320.2167053222656,0.0,2985691
2017-05-02,294.2041320800781,313.27703857421875,0.0,320.8025207519531,312.46588134765625,320.3969421386719,0.0,2436068
2017-05-03,293.1461486816406,312.15045166015625,0.0,315.4400329589844,309.8973083496094,313.7276611328125,0.0,2616848
2017-05-04,292.84991455078125,311.83502197265625,0.0,316.7018127441406,309.7621154785156,312.46588134765625,0.0,1345900
2017-05-05,291.7919006347656,310.70843505859375,0.0,314.5387878417969,309.26641845703125,312.2405700683594,0.0,1708526
2017-05-08,297.3357238769531,316.6116638183594,0.0,320.171630859375,310.3028869628906,310.70843505859375,0.0,2955948
2017-05-09,292.215087890625,311.1590576171875,0.0,316.34130859375,309.6719970703125,315.4400329589844,0.0,3126657
2017-05-10,315.4907531738281,335.9436340332031,0.0,342.8382568359375,303.2730712890625,303.2730712890625,0.0,27085852
2017-05-11,309.7776794433594,329.86016845703125,0.0,334.23126220703125,326.66070556640625,333.4651794433594,0.0,8059693
2017-05-12,309.0158996582031,329.0490417480469,0.0,333.7355651855469,325.80450439453125,326.4804382324219,0.0,4070508
2017-05-15,308.2117919921875,328.1928405761719,0.0,333.4201354980469,325.7143859863281,329.86016845703125,0.0,4132180
2017-05-16,316.844970703125,337.3856506347656,0.0,340.35980224609375,329.3644714355469,329.77001953125,0.0,6500818
2017-05-17,318.19921875,338.8276672363281,0.0,343.28887939453125,334.54669189453125,334.54669189453125,0.0,5842838
2017-05-18,313.7979736328125,334.1411437988281,0.0,343.9197692871094,332.20343017578125,336.7998352050781,0.0,3683713
2017-05-19,315.4907531738281,335.9436340332031,0.0,342.0271301269531,331.7978515625,336.1689453125,0.0,6026064
2017-05-22,315.32147216796875,335.7633972167969,0.0,341.21600341796875,334.7269592285156,337.0702209472656,0.0,3037325
2017-05-23,314.7713623046875,335.1775817871094,0.0,339.0980529785156,334.366455078125,335.3127746582031,0.0,6451328
2017-05-24,311.7666015625,331.9781188964844,0.0,336.1689453125,329.5447082519531,331.66265869140625,0.0,7704006
2017-05-25,313.75567626953125,334.0960693359375,0.0,339.18817138671875,325.1285705566406,330.76141357421875,0.0,15733429
2017-05-26,316.210205078125,336.709716796875,0.0,342.8833312988281,332.1133117675781,332.5639343261719,0.0,3171630
2017-05-29,315.7869873046875,336.25909423828125,0.0,341.48638916015625,331.5725402832031,337.70111083984375,0.0,2214859
2017-05-30,313.75567626953125,334.0960693359375,0.0,339.59375,332.8793640136719,337.7912292480469,0.0,2172819
2017-05-31,314.4751281738281,334.8621520996094,0.0,339.6838684082031,331.7077331542969,337.0702209472656,0.0,17087943
2017-06-01,310.53936767578125,330.6712951660156,0.0,336.5294494628906,329.7249755859375,333.4651794433594,0.0,2467620
2017-06-02,315.9139709472656,336.394287109375,0.0,343.6944580078125,333.2849426269531,334.1861877441406,0.0,5747881
2017-06-05,315.19451904296875,335.6282043457031,0.0,340.4949951171875,334.681884765625,336.3492126464844,0.0,2588187
2017-06-06,312.31683349609375,332.5639343261719,0.0,335.71832275390625,330.76141357421875,333.4651794433594,0.0,3666864
2017-06-07,315.5330505371094,335.98870849609375,0.0,338.19677734375,334.366455078125,336.57452392578125,0.0,4307736
2017-06-08,311.2164611816406,331.3923034667969,0.0,337.3406066894531,330.49102783203125,336.1239013671875,0.0,3858535
2017-06-09,311.3011169433594,331.482421875,0.0,334.4565734863281,330.0854797363281,331.4373474121094,0.0,3205017
2017-06-12,309.10052490234375,329.13916015625,0.0,335.08746337890625,327.6520690917969,330.6712951660156,0.0,2462371
2017-06-13,307.40777587890625,327.3366394042969,0.0,332.1133117675781,326.3452453613281,328.0576477050781,0.0,1257634
2017-06-14,309.3544616699219,329.4095153808594,0.0,332.1583557128906,325.8495788574219,327.6070251464844,0.0,2338631
2017-06-15,309.1851501464844,329.2292785644531,0.0,333.9158020019531,328.46319580078125,329.4095153808594,0.0,2823152
2017-06-16,308.80426025390625,328.8236999511719,0.0,331.2120361328125,324.9933776855469,329.86016845703125,0.0,4962261
2017-06-19,311.0472106933594,331.2120361328125,0.0,332.338623046875,327.3817138671875,328.0576477050781,0.0,1888109
2017-06-20,310.2854309082031,330.4009094238281,0.0,334.23126220703125,329.6348571777344,332.338623046875,0.0,2553936
2017-06-21,310.87799072265625,331.03179931640625,0.0,331.8429260253906,328.5082702636719,330.2206726074219,0.0,2945763
2017-06-22,309.9468994140625,330.0404052734375,0.0,332.51885986328125,326.70574951171875,331.4373474121094,0.0,7013343
2017-06-23,309.9468994140625,330.0404052734375,0.0,332.1583557128906,327.3817138671875,329.77001953125,0.0,5681037
2017-06-27,314.390380859375,334.7720031738281,0.0,338.7825927734375,328.9588928222656,328.9588928222656,0.0,4226917
2017-06-28,319.2572021484375,339.9542541503906,0.0,343.96484375,331.2120361328125,337.88134765625,0.0,4209925
2017-06-29,323.7007141113281,344.68585205078125,0.0,348.20074462890625,340.4048767089844,340.4499206542969,0.0,4698010
2017-06-30,321.37310791015625,342.2073974609375,0.0,345.99267578125,335.8084716796875,344.68585205078125,0.0,3628132
2017-07-03,323.3621826171875,344.3253479003906,0.0,346.2179870605469,339.59375,343.7845764160156,0.0,1687712
2017-07-04,321.0346374511719,341.8468933105469,0.0,345.99267578125,340.765380859375,345.99267578125,0.0,1836644
2017-07-05,318.4953918457031,339.1430969238281,0.0,341.1258850097656,336.4844055175781,339.77398681640625,0.0,2338530
2017-07-06,322.72735595703125,343.6493835449219,0.0,345.0463562011719,337.025146484375,339.368408203125,0.0,2399488
2017-07-07,326.6207275390625,347.795166015625,0.0,349.2822570800781,345.1815185546875,346.0827941894531,0.0,4849963
2017-07-10,343.3791809082031,365.64007568359375,0.0,369.6506652832031,351.6255187988281,353.3379211425781,0.0,2101702
2017-07-11,334.7037658691406,356.4021911621094,0.0,368.52410888671875,354.59967041015625,364.2431335449219,0.0,6175288
2017-07-12,336.10028076171875,357.8892517089844,0.0,362.5758056640625,355.50091552734375,358.5201416015625,0.0,2894251
2017-07-13,342.08233642578125,363.34185791015625,0.901257,364.9190673828125,359.3312683105469,362.5307312011719,0.0,2879273
2017-07-14,345.34918212890625,366.81170654296875,0.0,368.25372314453125,362.4856872558594,365.05426025390625,0.0,2424013
2017-07-17,346.5795593261719,368.1185302734375,0.0,369.5154724121094,365.8653869628906,369.0648498535156,0.0,2517635
2017-07-18,346.4522705078125,367.98333740234375,0.0,387.5406188964844,366.0906982421875,366.0906982421875,0.0,4039652
2017-07-19,357.440673828125,379.6546325683594,0.0,381.05157470703125,367.0370178222656,369.5154724121094,0.0,5104135
2017-07-20,356.21026611328125,378.3478088378906,0.0,382.5837097167969,375.0131530761719,380.33056640625,0.0,3406260
2017-07-21,348.9978332519531,370.6871032714844,0.0,375.82427978515625,362.8461608886719,375.82427978515625,0.0,12143745
2017-07-24,356.42242431640625,378.5731201171875,0.0,380.78118896484375,365.95550537109375,366.81170654296875,0.0,5425590
2017-07-25,362.9985046386719,385.557861328125,0.0,388.9826354980469,377.31134033203125,380.9163818359375,0.0,7134553
2017-07-26,361.68328857421875,384.1609191894531,0.0,387.585693359375,380.1052551269531,387.5406188964844,0.0,5764897
2017-07-27,353.0283203125,374.96807861328125,0.0,384.6115417480469,370.8222961425781,383.93560791015625,0.0,15443045
2017-07-28,350.69488525390625,372.4896240234375,0.0,374.4723815917969,367.8932189941406,372.2643127441406,0.0,1940125
2017-07-31,355.489013671875,377.58172607421875,0.0,379.8348693847656,369.5154724121094,374.0217590332031,0.0,2953735
2017-08-01,353.8768310546875,375.8693542480469,0.0,381.2318115234375,372.89520263671875,378.6632385253906,0.0,2448373
2017-08-02,352.85858154296875,374.787841796875,0.0,380.9163818359375,371.9939270019531,379.29412841796875,0.0,2195053
2017-08-03,359.94378662109375,382.3133239746094,0.0,383.12445068359375,372.444580078125,374.8779602050781,0.0,2812811
2017-08-04,357.1436462402344,379.33917236328125,0.0,381.5472717285156,370.9574890136719,381.5472717285156,0.0,3004061
2017-08-07,354.2162780761719,376.2298583984375,0.0,380.8713073730469,375.3285827636719,379.29412841796875,0.0,1299253
2017-08-08,354.5132141113281,376.5452880859375,0.0,383.0343322753906,373.21063232421875,376.27490234375,0.0,1994391
2017-08-09,353.0283203125,374.96807861328125,0.0,377.58172607421875,371.3179931640625,377.58172607421875,0.0,1360936
2017-08-10,353.1980285644531,375.1483459472656,0.0,378.9786682128906,371.58837890625,374.11187744140625,0.0,1661135
2017-08-11,351.7555236816406,373.6162109375,0.0,376.72552490234375,369.5154724121094,371.3179931640625,0.0,2538665
2017-08-14,346.6644287109375,368.2086486816406,0.0,373.52606201171875,365.1443786621094,372.21923828125,0.0,2234285
2017-08-16,345.98553466796875,367.4876403808594,0.0,370.5068664550781,363.88262939453125,366.81170654296875,0.0,4181433
2017-08-17,353.2828674316406,375.23846435546875,0.0,378.5280456542969,365.8653869628906,370.416748046875,0.0,3282886
2017-08-18,357.228515625,379.4293212890625,0.0,380.6910705566406,371.9939270019531,373.075439453125,0.0,3062360
2017-08-21,355.65875244140625,377.7619934082031,0.0,383.7553405761719,376.27490234375,381.63739013671875,0.0,2075746
2017-08-22,358.161865234375,380.4206848144531,0.0,383.0343322753906,375.418701171875,380.9614562988281,0.0,3456653
2017-08-23,366.4774475097656,389.2530212402344,0.0,391.1456604003906,382.3133239746094,382.3583984375,0.0,4754764
2017-08-24,367.3683776855469,390.1993408203125,0.0,391.4610900878906,385.73809814453125,390.244384765625,0.0,2773039
2017-08-28,368.59869384765625,391.50616455078125,0.0,394.8858642578125,387.72088623046875,391.1456604003906,0.0,2806489
2017-08-29,363.2530212402344,385.8282470703125,0.0,392.4975280761719,385.15228271484375,392.4975280761719,0.0,2102533
2017-08-30,364.0167236328125,386.6393737792969,0.0,389.07275390625,385.2874755859375,388.89251708984375,0.0,2389197
2017-08-31,362.91363525390625,385.4677429199219,0.0,389.1628723144531,382.2682800292969,389.1628723144531,0.0,7912495
2017-09-01,358.54376220703125,380.8262634277344,0.0,387.9461975097656,379.60955810546875,387.5406188964844,0.0,1996184
2017-09-04,353.3253173828125,375.2835388183594,0.0,382.9892883300781,372.8501281738281,381.2318115234375,0.0,1409182
2017-09-05,344.9249267578125,366.361083984375,0.0,373.931640625,358.6102600097656,373.21063232421875,0.0,7204076
2017-09-06,341.53076171875,362.75604248046875,0.0,365.5048828125,361.89984130859375,361.89984130859375,0.0,2064288
2017-09-07,337.1184997558594,358.06951904296875,0.0,367.21728515625,356.04168701171875,362.8461608886719,0.0,2642421
2017-09-08,342.37939453125,363.6573181152344,0.0,364.8739929199219,357.4386291503906,358.6102600097656,0.0,2013742
2017-09-11,341.9126892089844,363.16162109375,0.0,367.1722106933594,359.1510314941406,366.81170654296875,0.0,1612161
2017-09-12,343.82183837890625,365.189453125,0.0,366.81170654296875,358.70037841796875,366.81170654296875,0.0,2583110
2017-09-13,340.8095703125,361.989990234375,0.0,367.4425964355469,360.3226623535156,367.1722106933594,0.0,1877714
2017-09-14,338.4761962890625,359.51153564453125,0.0,366.361083984375,357.79913330078125,366.361083984375,0.0,1667328
2017-09-15,336.01544189453125,356.89788818359375,0.0,363.16162109375,354.5095520019531,360.5028991699219,0.0,5339372
2017-09-18,336.5670166015625,357.48370361328125,0.0,361.6294860839844,356.1768798828125,359.6016540527344,0.0,1309340
2017-09-19,334.9972229003906,355.8163757324219,0.0,359.6016540527344,352.0310974121094,359.6016540527344,0.0,1103781
2017-09-20,336.7366638183594,357.6639404296875,0.0,359.51153564453125,334.366455078125,334.366455078125,0.0,11779464
2017-09-21,339.4943542480469,360.593017578125,0.0,362.6659240722656,351.2650146484375,353.2928466796875,0.0,6557075
2017-09-22,335.46392822265625,356.31207275390625,0.0,361.3591003417969,352.6169128417969,358.70037841796875,0.0,5273742
2017-09-25,330.712158203125,351.2650146484375,0.0,357.7090148925781,349.1470642089844,357.7090148925781,0.0,3002284
2017-09-26,328.6756896972656,349.10198974609375,0.0,353.6533508300781,345.2265930175781,349.0118713378906,0.0,4203146
2017-09-27,327.48773193359375,347.8402404785156,0.0,351.4903259277344,346.3531799316406,349.64276123046875,0.0,2714173
2017-09-28,324.17852783203125,344.3253479003906,0.0,350.49896240234375,340.224609375,349.2371826171875,0.0,16167139
2017-09-29,330.45758056640625,350.99462890625,0.0,353.15765380859375,341.7117004394531,344.2351989746094,0.0,5337179
2017-10-03,326.38470458984375,346.6686096191406,0.0,354.1039733886719,345.1815185546875,353.2928466796875,0.0,1842563
2017-10-04,320.020751953125,339.9091796875,0.0,348.3809814453125,338.9628601074219,347.88531494140625,0.0,3138906
2017-10-05,320.4874572753906,340.4048767089844,0.0,343.0635681152344,336.30413818359375,339.5486755371094,0.0,3371352
2017-10-06,324.390625,344.5506591796875,0.0,345.6772155761719,340.8554992675781,340.8554992675781,0.0,1065853
2017-10-09,321.5480651855469,341.53143310546875,0.0,343.9197692871094,340.2696838378906,342.8382568359375,0.0,1192143
2017-10-10,326.3422546386719,346.62353515625,0.0,349.2822570800781,337.9714660644531,341.9820556640625,0.0,1502210
2017-10-11,342.4217529296875,363.7023620605469,0.0,366.2709655761719,347.88531494140625,348.0655517578125,0.0,7774168
2017-10-12,339.6216735839844,360.72821044921875,0.0,364.8289489746094,356.62750244140625,363.3869323730469,0.0,4023386
2017-10-13,365.62890625,388.35174560546875,0.0,393.84942626953125,379.2490539550781,387.5406188964844,0.0,45960026
2017-10-16,384.6358337402344,408.5399169921875,0.0,412.5955810546875,389.52337646484375,389.52337646484375,0.0,21145098
2017-10-17,395.3696594238281,419.9408264160156,0.0,423.0050964355469,410.16217041015625,410.97332763671875,0.0,18843801
2017-10-18,391.9755554199219,416.3357849121094,0.0,422.6896667480469,412.3251953125,421.78839111328125,0.0,9015866
2017-10-19,401.9881591796875,426.97064208984375,0.0,430.6207275390625,417.73272705078125,419.0846252441406,0.0,2646228
2017-10-23,422.0133361816406,448.24029541015625,0.0,451.890380859375,428.0971984863281,428.0971984863281,0.0,29564820
2017-10-24,426.0013427734375,452.4761962890625,0.0,454.8645324707031,444.9056396484375,444.9056396484375,0.0,17646810
2017-10-25,437.6261291503906,464.82342529296875,0.0,466.85125732421875,445.1309509277344,453.2422790527344,0.0,10080877
2017-10-26,433.8502197265625,460.8128356933594,0.0,468.0679626464844,452.8367004394531,461.0832214355469,0.0,11031934
2017-10-27,411.78857421875,437.3801574707031,0.0,461.17333984375,435.3072509765625,461.0832214355469,0.0,8904315
2017-10-30,418.23736572265625,444.2297058105469,0.0,448.5557556152344,438.05609130859375,442.0666809082031,0.0,7211306
2017-10-31,421.885986328125,448.1051025390625,0.0,453.6929016113281,438.64190673828125,441.6160583496094,0.0,12690735
2017-11-01,457.439208984375,485.8677978515625,0.0,490.9148254394531,459.6412048339844,467.3018798828125,0.0,35708310
2017-11-02,460.9181213378906,489.5629577636719,0.0,494.3846740722656,478.20709228515625,491.14013671875,0.0,10951971
2017-11-03,459.2634582519531,487.80548095703125,0.0,509.03009033203125,484.2455139160156,489.5629577636719,0.0,18131291
2017-11-06,451.8813781738281,479.9645690917969,0.0,490.82470703125,475.0977783203125,486.58880615234375,0.0,8295950
2017-11-07,436.438232421875,463.5616760253906,0.0,483.6146545410156,461.5338439941406,482.9837646484375,0.0,7054590
2017-11-08,420.2738342285156,446.3927307128906,0.0,458.7399597167969,435.39739990234375,447.0235900878906,0.0,50336608
2017-11-09,427.86810302734375,454.458984375,0.0,457.83868408203125,446.3927307128906,452.6564636230469,0.0,10980638
2017-11-10,427.1893005371094,453.73797607421875,0.0,461.2184143066406,447.5643615722656,456.93743896484375,0.0,10487687
2017-11-13,422.5648498535156,448.82611083984375,0.0,456.7121276855469,447.6094055175781,453.3323974609375,0.0,7079805
2017-11-14,422.6921691894531,448.9613037109375,0.0,455.0447998046875,445.9421081542969,450.4033203125,0.0,6449030
2017-11-15,413.0189514160156,438.6869812011719,0.0,449.7273864746094,435.75787353515625,448.82611083984375,0.0,9690914
2017-11-16,415.69183349609375,441.52593994140625,0.0,446.0322265625,433.6399230957031,440.7148132324219,0.0,10682218
2017-11-17,418.7464599609375,444.77044677734375,0.0,455.9911193847656,442.5623779296875,446.1223449707031,0.0,11712737
2017-11-20,418.0252380371094,444.00439453125,0.0,447.65447998046875,440.7148132324219,445.35626220703125,0.0,5804375
2017-11-21,427.0195617675781,453.5577087402344,0.0,458.96527099609375,445.6717224121094,446.3927307128906,0.0,10087242
2017-11-22,423.4981994628906,449.8175048828125,0.0,457.3880615234375,446.5279235839844,454.6842956542969,0.0,3621523
2017-11-23,421.164794921875,447.33905029296875,0.0,456.93743896484375,444.77044677734375,453.3323974609375,0.0,5918577
2017-11-24,421.5466613769531,447.7445983886719,0.0,451.7552185058594,446.1223449707031,447.92486572265625,0.0,3900017
2017-11-27,422.5648498535156,448.82611083984375,0.0,450.4483947753906,442.5173034667969,446.9334716796875,0.0,3499938
2017-11-28,417.47369384765625,443.4185791015625,0.0,448.78106689453125,441.79632568359375,448.78106689453125,0.0,3346897
2017-11-29,420.6556701660156,446.79827880859375,0.0,448.1501770019531,441.6160583496094,443.4185791015625,0.0,5898170
2017-11-30,421.2496032714844,447.4291687011719,0.0,450.087890625,442.3370666503906,443.7340087890625,0.0,14879534
2017-12-01,410.81280517578125,436.3437194824219,0.0,449.6372375488281,434.27081298828125,449.6372375488281,0.0,6127500
2017-12-04,410.9400634765625,436.4788818359375,0.0,443.4185791015625,434.85662841796875,437.1097717285156,0.0,3040197
2017-12-05,416.3282165527344,442.2018737792969,0.0,443.3735046386719,429.7645263671875,437.6955871582031,0.0,4264268
2017-12-06,410.2188415527344,435.71282958984375,0.0,444.31982421875,431.7022399902344,438.461669921875,0.0,8331495
2017-12-07,436.7351989746094,463.8771057128906,0.0,467.3018798828125,436.3887634277344,437.1097717285156,0.0,6949368
2017-12-08,445.602294921875,473.2952575683594,0.0,478.43243408203125,464.23760986328125,464.2826843261719,0.0,14197096
2017-12-11,452.00860595703125,480.0997314453125,0.0,484.87640380859375,472.5742492675781,478.3873596191406,0.0,12378453
2017-12-12,444.4991760253906,472.1236267089844,0.0,481.1812438964844,469.14947509765625,480.4602355957031,0.0,3625294
2017-12-13,438.9837646484375,466.26544189453125,0.0,480.3701171875,463.4264831542969,475.86383056640625,0.0,7920791
2017-12-14,441.4869384765625,468.9241638183594,0.0,473.1600646972656,460.5424499511719,466.7611389160156,0.0,3350247
2017-12-15,439.4928894042969,466.80621337890625,0.0,477.5311584472656,463.92218017578125,475.68359375,0.0,6986672
2017-12-18,446.53564453125,474.28662109375,0.0,479.2886047363281,446.21246337890625,455.22503662109375,0.0,10462828
2017-12-19,455.31787109375,483.6146545410156,0.0,486.8591613769531,468.8340148925781,474.7372741699219,0.0,6870721
2017-12-20,448.78424072265625,476.6749572753906,0.0,487.4449768066406,474.4668884277344,486.6789245605469,0.0,7494558
2017-12-21,444.71136474609375,472.34893798828125,0.0,479.2435607910156,470.456298828125,476.314453125,0.0,5651594
2017-12-22,448.4872131347656,476.3595275878906,0.0,485.73260498046875,471.76312255859375,474.8724670410156,0.0,9484716
2017-12-26,460.7059631347656,489.337646484375,0.0,492.44696044921875,473.3853759765625,478.5675964355469,0.0,6436620
2017-12-27,453.6632385253906,481.8572082519531,0.0,493.4383544921875,478.20709228515625,490.7345886230469,0.0,6700159
2017-12-28,450.8631591796875,478.883056640625,0.0,484.4708557128906,477.7564697265625,481.7220153808594,0.0,8699172
2017-12-29,449.4206237792969,477.3509216308594,0.0,485.281982421875,470.456298828125,479.2886047363281,0.0,7502053
2018-01-01,447.9356689453125,475.7737121582031,0.0,484.9665222167969,473.52056884765625,478.5675964355469,0.0,4807939
2018-01-02,438.3049621582031,465.54443359375,0.0,480.2799987792969,461.30853271484375,480.2799987792969,0.0,5242199
2018-01-03,439.70501708984375,467.0315246582031,0.0,473.6106872558594,463.92218017578125,467.8876953125,0.0,6333269
2018-01-04,443.7779235839844,471.3575439453125,0.0,475.142822265625,463.6968688964844,467.7525329589844,0.0,5953924
2018-01-05,458.2028503417969,486.6789245605469,0.0,488.93206787109375,467.3469543457031,473.1600646972656,0.0,8008838
2018-01-08,438.13525390625,465.36419677734375,0.0,481.40655517578125,463.4264831542969,481.40655517578125,0.0,12287843
2018-01-09,432.57745361328125,459.4609680175781,0.0,469.60009765625,454.8645324707031,466.85125732421875,0.0,7541257
2018-01-10,429.6923522949219,456.39666748046875,0.0,466.400634765625,454.5040283203125,464.1474914550781,0.0,6667296
2018-01-11,436.7776184082031,463.92218017578125,0.0,465.67962646484375,453.5126647949219,457.83868408203125,0.0,5905519
2018-01-12,432.3652648925781,459.2356262207031,0.0,466.26544189453125,454.6842956542969,465.0487365722656,0.0,4847824
2018-01-15,428.0802307128906,454.6842956542969,0.0,461.3986511230469,452.8367004394531,459.4609680175781,0.0,2834570
2018-01-16,421.9284362792969,448.1501770019531,0.0,462.9307861328125,442.8778076171875,457.83868408203125,0.0,6420450
2018-01-17,424.177001953125,450.53851318359375,0.0,453.5126647949219,442.9228820800781,446.1223449707031,0.0,6824337
2018-01-18,420.0192565917969,446.1223449707031,0.0,458.5596923828125,444.31982421875,451.5298767089844,0.0,7912892
2018-01-19,422.48004150390625,448.7359924316406,0.0,450.85394287109375,435.75787353515625,436.2085266113281,0.0,9966300
2018-01-22,416.3706359863281,442.2469482421875,0.0,449.2767333984375,439.81353759765625,446.6630859375,0.0,4532165
2018-01-23,417.5585632324219,443.5086975097656,0.0,449.547119140625,440.5345458984375,445.2210998535156,0.0,6150836
2018-01-24,389.89666748046875,414.1277160644531,0.0,438.91229248046875,410.2072448730469,438.8221740722656,0.0,29348889
2018-01-25,384.126708984375,407.9991760253906,0.0,417.73272705078125,400.56378173828125,417.73272705078125,0.0,20580178
2018-01-29,373.8596496582031,397.0939636230469,0.0,402.32122802734375,392.09197998046875,400.1582336425781,0.0,27139736
2018-01-30,376.2850646972656,397.0939636230469,2.559571,406.5571594238281,394.0747375488281,397.0939636230469,0.0,10679523
2018-01-31,375.6445007324219,396.4179992675781,0.0,401.96075439453125,393.30865478515625,398.80633544921875,0.0,7069368
2018-02-01,374.40618896484375,395.1111755371094,0.0,402.86199951171875,387.6307373046875,396.5982666015625,0.0,8096718
2018-02-02,360.698974609375,380.64599609375,0.0,397.0038146972656,374.7427673339844,394.5704345703125,0.0,6668088
2018-02-05,375.94342041015625,396.73345947265625,0.0,402.6366882324219,370.59698486328125,376.5002136230469,0.0,15080352
2018-02-06,375.0467224121094,395.7871398925781,0.0,403.5379333496094,377.2212219238281,378.5280456542969,0.0,9331070
2018-02-07,367.4458312988281,387.76593017578125,0.0,405.0250244140625,384.9269714355469,401.0144348144531,0.0,10982569
2018-02-08,367.0615234375,387.3603820800781,0.0,392.94818115234375,383.0343322753906,391.1456604003906,0.0,6173490
2018-02-09,360.8271179199219,380.78118896484375,0.0,391.1005859375,378.2576599121094,382.1330871582031,0.0,5393964
2018-02-12,362.44976806640625,382.49359130859375,0.0,388.44189453125,379.7447509765625,387.3603820800781,0.0,3987231
2018-02-14,371.3316650390625,391.8666687011719,0.0,395.2013244628906,384.2059631347656,384.2059631347656,0.0,10468199
2018-02-15,366.3355712890625,386.59429931640625,0.0,395.92230224609375,384.56646728515625,395.92230224609375,0.0,4583095
2018-02-16,358.4358215332031,378.2576599121094,0.0,392.0018615722656,377.0860290527344,392.0018615722656,0.0,4403814
2018-02-19,353.8667907714844,373.4359436035156,0.0,378.5280456542969,363.3869323730469,378.3928527832031,0.0,6457099
2018-02-20,357.06939697265625,376.815673828125,0.0,380.51080322265625,374.11187744140625,374.11187744140625,0.0,8022411
2018-02-21,358.39312744140625,378.2126159667969,0.0,380.78118896484375,376.13970947265625,378.5280456542969,0.0,4731875
2018-02-22,355.3612976074219,375.0131530761719,0.0,377.85211181640625,372.5346984863281,377.446533203125,0.0,10769504
2018-02-23,363.431884765625,383.530029296875,0.0,385.9183654785156,375.9143981933594,377.6268005371094,0.0,7504250
2018-02-26,361.3822021484375,381.36700439453125,0.0,387.5406188964844,379.29412841796875,387.5406188964844,0.0,4071745
2018-02-27,367.65936279296875,387.9912414550781,0.0,389.928955078125,382.4034423828125,383.7553405761719,0.0,5188255
2018-02-28,365.9939880371094,386.2337951660156,0.0,390.6950378417969,383.845458984375,387.5406188964844,0.0,25920217
2018-03-01,365.3107604980469,385.5127868652344,0.0,393.4889221191406,383.71026611328125,386.6844177246094,0.0,5837005
2018-03-05,359.9303894042969,379.8348693847656,0.0,384.9269714355469,376.3650207519531,384.7917785644531,0.0,3863655
2018-03-06,353.4824523925781,373.0303955078125,0.0,385.42266845703125,370.0562438964844,381.8627014160156,0.0,4204736
2018-03-07,344.3443603515625,363.3869323730469,0.0,375.1933898925781,352.6169128417969,370.1012878417969,0.0,12064643
2018-03-08,342.7217102050781,361.6745300292969,0.0,373.21063232421875,355.9966125488281,370.86737060546875,0.0,8664079
2018-03-09,343.4476318359375,362.44061279296875,0.0,368.1636047363281,358.2948303222656,364.9190673828125,0.0,5093353
2018-03-12,360.0157775878906,379.92498779296875,0.0,382.5837097167969,364.1079406738281,365.0091857910156,0.0,8387164
2018-03-13,364.0724182128906,384.2059631347656,0.0,387.3603820800781,378.6632385253906,381.2318115234375,0.0,5712773
2018-03-14,360.91253662109375,380.8713073730469,0.0,383.845458984375,377.2212219238281,383.845458984375,0.0,4194515
2018-03-15,359.0763854980469,378.9336242675781,0.0,382.4034423828125,376.0495910644531,380.8713073730469,0.0,3636202
2018-03-16,355.91644287109375,375.5989685058594,0.0,384.6115417480469,372.8050537109375,374.2470703125,0.0,8030364
2018-03-19,341.31256103515625,360.1874694824219,0.0,379.9700622558594,357.52874755859375,376.72552490234375,0.0,6000592
2018-03-20,341.9530944824219,360.8634033203125,0.0,363.6573181152344,353.9237365722656,359.6016540527344,0.0,8280683
2018-03-21,357.1548156738281,376.9057922363281,0.0,378.6632385253906,362.4856872558594,363.2066650390625,0.0,9266412
2018-03-22,354.934326171875,374.5625305175781,0.0,378.75335693359375,371.4081115722656,373.1205139160156,0.0,5382163
2018-03-23,352.4576416015625,371.9488830566406,0.0,377.58172607421875,365.189453125,371.90380859375,0.0,5696201
2018-03-26,359.9730529785156,379.87994384765625,0.0,381.2318115234375,366.4512023925781,371.3179931640625,0.0,4884776
2018-03-27,352.8846130371094,372.3995056152344,0.0,380.6910705566406,367.8932189941406,380.33056640625,0.0,6746611
2018-03-28,340.501220703125,359.3312683105469,0.0,372.2643127441406,356.35711669921875,370.416748046875,0.0,11413279
2018-04-02,337.4266662597656,356.08673095703125,0.0,362.0801086425781,351.9409484863281,360.0522766113281,0.0,5533293
2018-04-03,343.4903259277344,362.4856872558594,0.0,364.1079406738281,352.6169128417969,352.6169128417969,0.0,5059176
2018-04-04,337.3840637207031,356.04168701171875,0.0,364.8289489746094,354.1490478515625,364.1079406738281,0.0,4025117
2018-04-05,336.4018859863281,355.0052490234375,0.0,361.31402587890625,352.5267639160156,358.79052734375,0.0,9747139
2018-04-06,328.75836181640625,346.9389953613281,0.0,357.3485107421875,345.27166748046875,355.2756042480469,0.0,9425575
2018-04-09,324.787109375,342.7481384277344,0.0,348.51617431640625,339.45855712890625,345.0914001464844,0.0,13296149
2018-04-10,329.270751953125,347.479736328125,0.0,348.51617431640625,337.5208435058594,343.424072265625,0.0,13281396
2018-04-11,329.0572204589844,347.2544250488281,0.0,352.2113342285156,345.4969787597656,349.68780517578125,0.0,7693575
2018-04-12,324.7016906738281,342.65802001953125,0.0,347.4346618652344,341.7567443847656,346.0827941894531,0.0,4967973
2018-04-13,322.7374572753906,340.5851135253906,0.0,348.0655517578125,338.6924743652344,345.136474609375,0.0,7738347
2018-04-16,321.669921875,339.45855712890625,0.0,342.7481384277344,337.5208435058594,339.77398681640625,0.0,4140008
2018-04-17,326.28167724609375,344.3253479003906,0.0,345.58709716796875,337.2054138183594,339.77398681640625,0.0,6356203
2018-04-18,328.1605224609375,346.30810546875,0.0,353.15765380859375,344.595703125,345.8124084472656,0.0,6360948
2018-04-19,337.6402587890625,356.31207275390625,0.0,358.06951904296875,347.3896179199219,350.36376953125,0.0,3848720
2018-04-20,343.3194885253906,362.305419921875,0.0,363.8375549316406,352.7971496582031,354.6897888183594,0.0,7492919
2018-04-23,344.04547119140625,363.0715026855469,0.0,366.361083984375,357.6639404296875,361.85479736328125,0.0,4195101
2018-04-24,346.9491882324219,366.1357727050781,0.0,368.25372314453125,357.4386291503906,362.2153015136719,0.0,6982218
2018-04-25,358.56396484375,378.3928527832031,0.0,385.1973571777344,371.3179931640625,373.52606201171875,0.0,22192116
2018-04-26,349.4685363769531,368.7944641113281,0.0,378.5280456542969,365.4147644042969,378.5280456542969,0.0,13874130
2018-04-27,349.0841979980469,368.388916015625,0.0,371.0926818847656,361.4041748046875,366.1357727050781,0.0,5013031
2018-04-30,349.7674865722656,369.10992431640625,0.0,372.444580078125,364.2881774902344,366.81170654296875,0.0,3633132
2018-05-02,348.8280334472656,368.1185302734375,0.0,372.1291198730469,365.91046142578125,372.1291198730469,0.0,6754394
2018-05-03,345.36920166015625,364.46844482421875,0.0,367.71295166015625,359.6016540527344,366.1808166503906,0.0,4124205
2018-05-04,338.8358459472656,357.5738220214844,0.0,377.0409851074219,355.0953674316406,370.28155517578125,0.0,15994662
2018-05-07,340.1169128417969,358.92572021484375,0.0,364.6036376953125,356.4472351074219,361.85479736328125,0.0,6553080
2018-05-08,342.59356689453125,361.5393371582031,0.0,363.16162109375,357.618896484375,361.8097229003906,0.0,3955811
2018-05-09,343.7038269042969,362.71099853515625,0.0,369.0648498535156,357.9793701171875,363.3869323730469,0.0,9019801
2018-05-10,351.9452209472656,371.4081115722656,0.0,372.8501281738281,364.017822265625,364.8739929199219,0.0,9023511
2018-05-11,330.1675109863281,348.4260559082031,0.0,362.9363098144531,343.82965087890625,360.6380920410156,0.0,25555353
2018-05-14,327.22100830078125,345.31671142578125,0.0,355.0953674316406,340.94561767578125,347.88531494140625,0.0,9823967
2018-05-15,326.19622802734375,344.2351989746094,0.0,349.822998046875,340.9906921386719,345.1815185546875,0.0,7078344
2018-05-16,320.5596618652344,338.28692626953125,0.0,345.136474609375,337.0702209472656,345.136474609375,0.0,6766242
2018-05-17,313.9409484863281,331.30218505859375,0.0,341.53143310546875,329.3644714355469,339.9992980957031,0.0,9999816
2018-05-18,308.6033020019531,325.6693115234375,0.0,331.7077331542969,319.99139404296875,331.7077331542969,0.0,12433574
2018-05-21,307.4502868652344,324.4526062011719,0.0,332.78924560546875,320.1265869140625,325.6693115234375,0.0,5482372
2018-05-22,309.0302429199219,326.11993408203125,0.0,334.4565734863281,316.8820495605469,321.7037658691406,0.0,7236788
2018-05-23,304.7174072265625,321.568603515625,0.0,329.6799011230469,319.2703857421875,326.07489013671875,0.0,6604278
2018-05-24,317.6132507324219,335.1775817871094,0.0,336.9801025390625,321.6587219238281,323.5513610839844,0.0,4997302
2018-05-25,321.9260559082031,339.7289123535156,0.0,342.4777526855469,330.76141357421875,335.5380859375,0.0,4145304
2018-05-28,320.3888854980469,338.1066589355469,0.0,343.1987609863281,334.1861877441406,340.3147277832031,0.0,6609989
2018-05-29,323.8049621582031,341.7117004394531,0.0,344.0098876953125,334.5917663574219,338.8276672363281,0.0,3858054
2018-05-30,320.9439697265625,338.6924743652344,0.0,341.48638916015625,336.1689453125,341.48638916015625,0.0,3737750
2018-05-31,319.06512451171875,336.709716796875,0.0,345.3617858886719,334.5917663574219,338.9628601074219,0.0,11979616
2018-06-01,327.6908264160156,345.8124084472656,0.0,347.795166015625,335.7633972167969,337.56591796875,0.0,4548210
2018-06-04,317.9548645019531,335.5380859375,0.0,348.5612487792969,333.5553283691406,346.0827941894531,0.0,3958335
2018-06-05,311.1226501464844,328.3280334472656,0.0,335.4930114746094,322.2445373535156,334.7269592285156,0.0,5535807
2018-06-06,324.3173522949219,342.25244140625,0.0,344.1901550292969,326.3452453613281,326.3452453613281,0.0,5566018
2018-06-07,324.4881896972656,342.4327087402344,0.0,348.1106262207031,337.9714660644531,342.2073974609375,0.0,4036551
2018-06-08,322.4385070800781,340.2696838378906,0.0,345.58709716796875,335.4930114746094,342.0271301269531,0.0,4298662
2018-06-11,332.0462951660156,350.4088134765625,0.0,353.11260986328125,340.4499206542969,340.4499206542969,0.0,6040503
2018-06-12,325.08599853515625,343.0635681152344,0.0,354.5545959472656,342.07220458984375,351.4452819824219,0.0,6132581
2018-06-13,320.8158874511719,338.5572814941406,0.0,345.0914001464844,336.4393310546875,337.0702209472656,0.0,7432828
2018-06-14,321.54180908203125,339.3233642578125,0.0,346.0827941894531,336.6195983886719,336.6195983886719,0.0,5218952
2018-06-15,323.0363464355469,340.90057373046875,0.0,342.70306396484375,333.64544677734375,341.3061218261719,0.0,6339567
2018-06-18,316.75921630859375,334.27630615234375,0.0,343.28887939453125,331.7077331542969,340.63018798828125,0.0,3120256
2018-06-19,317.0154113769531,334.54669189453125,0.0,338.7825927734375,332.7441711425781,334.366455078125,0.0,3962117
2018-06-20,317.6132507324219,335.1775817871094,0.0,339.3233642578125,333.8707580566406,335.71832275390625,0.0,2785850
2018-06-21,314.88037109375,332.2935485839844,0.0,337.9714660644531,327.87738037109375,337.9264221191406,0.0,4261882
2018-06-22,319.8764343261719,337.56591796875,0.0,339.3233642578125,330.1305236816406,334.3213806152344,0.0,3404583
2018-06-25,319.5348205566406,337.2054138183594,0.0,340.63018798828125,335.08746337890625,335.2677001953125,0.0,3337617
2018-06-26,324.7016906738281,342.65802001953125,0.0,344.9562072753906,336.3492126464844,337.0702209472656,0.0,4792013
2018-06-27,320.8158874511719,338.5572814941406,0.0,343.87469482421875,336.25909423828125,343.6043395996094,0.0,3786049
2018-06-28,322.7801513671875,340.63018798828125,0.0,343.7395324707031,332.1583557128906,336.7998352050781,0.0,6498784
2018-06-29,326.19622802734375,344.2351989746094,0.0,345.451904296875,338.2418518066406,338.2418518066406,0.0,3820380
2018-07-02,314.32525634765625,331.7077331542969,0.0,343.7395324707031,329.45458984375,343.4691467285156,0.0,4872211
2018-07-03,316.6311340332031,334.1411437988281,0.0,337.6109619140625,329.9502868652344,337.6109619140625,0.0,3092637
2018-07-04,313.7701721191406,331.1219177246094,0.0,335.1775817871094,326.8860168457031,334.23126220703125,0.0,4355428
2018-07-05,310.3539733886719,327.5168762207031,0.0,330.5361022949219,324.1371765136719,328.9588928222656,0.0,7104382
2018-07-06,309.37188720703125,326.4804382324219,0.0,329.31939697265625,324.36248779296875,326.255126953125,0.0,8008826
2018-07-09,309.2437744140625,326.3452453613281,0.0,330.2206726074219,325.8946228027344,329.86016845703125,0.0,5248262
2018-07-10,314.11175537109375,331.482421875,0.0,333.2849426269531,326.70574951171875,326.70574951171875,0.0,1879352
2018-07-11,309.1583557128906,326.255126953125,0.0,332.47381591796875,325.26373291015625,332.47381591796875,0.0,2085140
2018-07-12,309.2864990234375,326.39031982421875,0.0,328.9588928222656,324.76806640625,328.9588928222656,0.0,2299214
2018-07-13,306.5535583496094,323.50628662109375,0.0,328.8236999511719,322.06427001953125,328.0576477050781,0.0,5311215
2018-07-16,296.6895446777344,313.0967712402344,0.0,324.227294921875,310.7535095214844,320.84759521484375,0.0,3618410
2018-07-17,292.54754638671875,308.7256774902344,0.0,316.0709228515625,306.4274597167969,312.73626708984375,0.0,5420158
2018-07-18,287.6368408203125,303.54345703125,0.0,311.0238952636719,298.316162109375,310.12261962890625,0.0,5322210
2018-07-19,294.639892578125,310.9337463378906,0.0,313.1868896484375,304.26446533203125,305.5262145996094,0.0,5027938
2018-07-20,294.98150634765625,311.29425048828125,0.0,313.3671569824219,306.742919921875,309.1312561035156,0.0,4212334
2018-07-23,306.5535583496094,323.50628662109375,0.0,324.4526062011719,310.9337463378906,311.3843994140625,0.0,4145242
2018-07-24,304.7174072265625,321.568603515625,0.0,330.2657165527344,320.171630859375,325.7143859863281,0.0,4350541
2018-07-25,300.874267578125,317.512939453125,0.0,320.6673278808594,309.5818786621094,320.0364685058594,0.0,5175174
2018-07-26,305.4433288574219,322.33465576171875,0.0,324.4526062011719,317.5579833984375,318.1888732910156,0.0,3816677
2018-07-27,311.4642639160156,328.68853759765625,0.0,336.9801025390625,316.9271240234375,324.36248779296875,0.0,9016962
2018-07-30,327.30645751953125,345.4068603515625,0.0,350.49896240234375,320.2167053222656,323.5513610839844,0.0,7476176
2018-07-31,333.5836181640625,352.0310974121094,0.0,353.7885437011719,341.3061218261719,344.2802734375,0.0,8096298
2018-08-01,328.3740539550781,346.5334167480469,0.0,359.6016540527344,344.8660888671875,351.4903259277344,0.0,9444961
2018-08-02,320.637451171875,336.1689453125,2.253143,346.75872802734375,332.7441711425781,345.5420227050781,0.0,6186750
2018-08-03,321.9268798828125,337.5208435058594,0.0,339.6838684082031,333.82568359375,337.7912292480469,0.0,3647704
2018-08-06,331.59759521484375,347.6600036621094,0.0,349.4174499511719,337.70111083984375,337.8362731933594,0.0,4039536
2018-08-07,328.2880554199219,344.1901550292969,0.0,348.6063232421875,341.80181884765625,347.6600036621094,0.0,2430919
2018-08-08,331.2107849121094,347.2544250488281,0.0,349.5976867675781,336.5294494628906,342.56787109375,0.0,3321970
2018-08-09,315.5227355957031,330.8064880371094,0.0,348.1556701660156,328.5082702636719,348.1556701660156,0.0,12249927
2018-08-10,317.8866882324219,333.2849426269531,0.0,337.7912292480469,329.0490417480469,331.8429260253906,0.0,4489796
2018-08-13,318.1875305175781,333.6003723144531,0.0,338.6474304199219,327.1563720703125,332.47381591796875,0.0,4235777
2018-08-14,315.47979736328125,330.76141357421875,0.0,335.8985900878906,328.0576477050781,333.6003723144531,0.0,3215464
2018-08-16,319.7778625488281,335.2677001953125,0.0,337.0702209472656,329.13916015625,330.3558349609375,0.0,3012465
2018-08-17,319.2620544433594,334.7269592285156,0.0,337.9714660644531,329.995361328125,335.3127746582031,0.0,3362891
2018-08-20,318.5313720703125,333.96087646484375,0.0,336.9350280761719,331.03179931640625,335.6282043457031,0.0,2837782
2018-08-21,316.5542907714844,331.88800048828125,0.0,333.82568359375,327.24652099609375,328.0576477050781,0.0,3451323
2018-08-23,317.97265625,333.37506103515625,0.0,339.5486755371094,331.7528076171875,335.5380859375,0.0,4746745
2018-08-24,317.1559753417969,332.51885986328125,0.0,334.1861877441406,328.9588928222656,333.4651794433594,0.0,2318341
2018-08-27,325.9241027832031,341.7117004394531,0.0,345.90252685546875,331.1219177246094,333.4651794433594,0.0,6589318
2018-08-28,323.904052734375,339.59375,0.0,347.61492919921875,338.33197021484375,344.595703125,0.0,4072000
2018-08-29,322.270751953125,337.88134765625,0.0,344.68585205078125,335.9436340332031,340.67523193359375,0.0,4481303
2018-08-30,329.319580078125,345.27166748046875,0.0,346.9840393066406,338.5572814941406,340.04437255859375,0.0,7796683
2018-08-31,329.9643249511719,345.9476013183594,0.0,347.88531494140625,338.87274169921875,342.3425598144531,0.0,8709625
2018-09-03,329.92132568359375,345.90252685546875,0.0,349.0118713378906,342.8833312988281,348.78656005859375,0.0,4176986
2018-09-04,325.2364501953125,340.9906921386719,0.0,345.58709716796875,338.60235595703125,344.5506591796875,0.0,3202349
2018-09-05,319.8208312988281,335.3127746582031,0.0,340.5400695800781,330.0854797363281,337.9714660644531,0.0,6639329
2018-09-06,320.0357666015625,335.5380859375,0.0,337.70111083984375,331.7528076171875,337.025146484375,0.0,2611929
2018-09-07,334.9071350097656,351.12982177734375,0.0,352.6619567871094,332.3836669921875,336.9801025390625,0.0,5463110
2018-09-10,333.8755798339844,350.0483093261719,0.0,358.249755859375,344.4605407714844,350.8594665527344,0.0,5613805
2018-09-11,325.53729248046875,341.3061218261719,0.0,353.6533508300781,340.1795654296875,350.1384582519531,0.0,5815679
2018-09-12,323.8179931640625,339.50360107421875,0.0,344.41546630859375,335.08746337890625,343.28887939453125,0.0,4065958
2018-09-14,329.7494812011719,345.7222900390625,0.0,349.8680725097656,336.1689453125,340.67523193359375,0.0,3596796
2018-09-17,328.4170227050781,344.3253479003906,0.0,352.3916015625,339.8641052246094,342.6129455566406,0.0,3424364
2018-09-18,321.2392272949219,336.7998352050781,0.0,346.8038024902344,335.7633972167969,342.65802001953125,0.0,2955053
2018-09-19,318.1015930175781,333.51025390625,0.0,342.8382568359375,324.7229919433594,337.5208435058594,0.0,2182182
2018-09-21,318.4884033203125,333.9158020019531,0.0,342.3425598144531,321.9741516113281,328.8687744140625,0.0,6106651
2018-09-24,306.1958923339844,321.02783203125,0.0,336.0788269042969,315.89068603515625,333.82568359375,0.0,7884016
2018-09-25,309.8922424316406,324.9032287597656,0.0,327.7422180175781,310.0325012207031,323.7315979003906,0.0,6854558
2018-09-26,310.57989501953125,325.6242370605469,0.0,328.9588928222656,321.884033203125,327.1563720703125,0.0,4398347
2018-09-27,306.711669921875,321.568603515625,0.0,327.56195068359375,319.6308898925781,325.80450439453125,0.0,4483893
2018-09-28,291.02362060546875,305.1206359863281,0.0,323.5513610839844,302.0563659667969,321.568603515625,0.0,12408231
2018-10-01,280.8801574707031,294.4858093261719,0.0,306.4274597167969,289.9344482421875,305.5262145996094,0.0,10867591
2018-10-03,273.74530029296875,287.00537109375,0.0,294.98150634765625,285.11273193359375,293.80987548828125,0.0,7389608
2018-10-04,266.6104736328125,279.5249328613281,0.0,286.1041259765625,272.31488037109375,284.21148681640625,0.0,8969681
2018-10-05,256.681884765625,269.11541748046875,0.0,284.7071838378906,263.0769958496094,278.0378723144531,0.0,7954131
2018-10-08,253.7592010498047,266.0511474609375,0.0,269.2956848144531,262.265869140625,269.2956848144531,0.0,10015308
2018-10-09,248.42955017089844,260.4633483886719,0.0,267.5832824707031,258.66082763671875,266.9974670410156,0.0,9499251
2018-10-10,253.67324829101562,265.9610290527344,0.0,273.8019714355469,256.1373291015625,260.4633483886719,0.0,11334821
2018-10-11,245.29197692871094,257.17376708984375,0.0,265.6906433105469,254.37986755371094,260.41827392578125,0.0,5194191
2018-10-12,249.33216857910156,261.40966796875,0.0,263.7078857421875,256.5428771972656,259.5621032714844,0.0,9995231
2018-10-15,250.2347869873047,262.3559875488281,0.0,264.0683898925781,256.00213623046875,261.40966796875,0.0,2892892
2018-10-16,252.7276611328125,264.9696350097656,0.0,266.6820373535156,260.64361572265625,263.5276184082031,0.0,3341220
2018-10-17,247.999755859375,260.0127258300781,0.0,268.8901062011719,256.5428771972656,267.2227783203125,0.0,4302545
2018-10-19,246.9682159423828,258.93121337890625,0.0,264.2486267089844,256.497802734375,258.66082763671875,0.0,4139025
2018-10-22,245.63580322265625,257.5342712402344,0.0,261.3645935058594,249.51307678222656,260.8689270019531,0.0,7247010
2018-10-23,245.76478576660156,257.6694641113281,0.0,261.9053649902344,255.05580139160156,255.1008758544922,0.0,7364748
2018-10-24,271.5103454589844,284.662109375,0.0,296.288330078125,258.34539794921875,261.3645935058594,0.0,13531404
2018-10-25,254.0600128173828,266.3665771484375,0.0,279.750244140625,263.30230712890625,276.68597412109375,0.0,16981629
2018-10-26,256.1231384277344,268.52960205078125,0.0,275.78472900390625,258.66082763671875,267.7635192871094,0.0,8719999
2018-10-29,252.81361389160156,265.05975341796875,0.0,273.5766296386719,261.3645935058594,269.5660400390625,0.0,6271130
2018-10-30,251.52420043945312,263.7078857421875,0.0,267.8536682128906,260.7787780761719,265.3752136230469,0.0,5334354
2018-10-31,251.30929565429688,263.4825744628906,0.0,265.8708801269531,251.36065673828125,263.9782409667969,0.0,8163543
2018-11-01,252.29783630371094,264.5190124511719,0.0,268.5746765136719,258.9762878417969,264.0683898925781,0.0,5268238
2018-11-02,259.6476135253906,272.2247619628906,0.0,277.406982421875,264.5190124511719,264.8795166015625,0.0,4910534
2018-11-05,262.8113708496094,273.2611999511719,2.253143,275.24395751953125,268.5746765136719,271.0981750488281,0.0,4841471
2018-11-06,264.4149475097656,274.92852783203125,0.0,277.54217529296875,272.9908142089844,273.9822082519531,0.0,2943744
2018-11-07,265.455078125,276.0100402832031,0.0,278.4884948730469,273.9371337890625,278.4884948730469,0.0,307017
2018-11-09,259.8209228515625,270.15185546875,0.0,273.44146728515625,260.1929626464844,261.1843566894531,0.0,9425801
2018-11-12,256.7438049316406,266.952392578125,0.0,274.8834533691406,264.9696350097656,271.2784423828125,0.0,6792319
2018-11-13,257.9139709472656,268.1690979003906,0.0,273.9822082519531,261.6349792480469,266.77215576171875,0.0,4317488
2018-11-14,261.16448974609375,271.548828125,0.0,281.01202392578125,268.5746765136719,270.3771667480469,0.0,5418605
2018-11-15,263.85150146484375,274.34271240234375,0.0,276.41558837890625,268.5746765136719,271.548828125,0.0,4493893
2018-11-16,288.4250793457031,299.8933410644531,0.0,303.54345703125,272.1796875,272.9908142089844,0.0,25046229
2018-11-19,291.9789123535156,303.5885009765625,0.0,305.43609619140625,287.5010681152344,296.8741455078125,0.0,13062401
2018-11-20,287.73162841796875,299.17236328125,0.0,305.9317932128906,295.88275146484375,300.20880126953125,0.0,11910774
2018-11-21,288.3817138671875,299.8482971191406,0.0,305.9317932128906,297.5500793457031,298.316162109375,0.0,9406787
2018-11-22,284.17779541015625,295.4772033691406,0.0,306.2472229003906,289.6640930175781,299.1272888183594,0.0,9903933
2018-11-26,289.98529052734375,301.515625,0.0,305.43609619140625,295.6574401855469,295.6574401855469,0.0,6623860
2018-11-27,284.43780517578125,295.74755859375,0.0,302.7322998046875,292.09747314453125,300.9298095703125,0.0,7734474
2018-11-28,272.2593688964844,283.08489990234375,0.0,299.93841552734375,280.291015625,299.2174072265625,0.0,10180878
2018-11-29,274.94647216796875,285.8788146972656,0.0,290.204833984375,281.1922607421875,289.3035888671875,0.0,9217365
2018-11-30,271.73931884765625,282.5441589355469,0.0,292.2777404785156,280.0206298828125,287.5010681152344,0.0,6595578
2018-12-03,277.15679931640625,288.177001953125,0.0,289.3035888671875,283.4454040527344,285.2479248046875,0.0,3368628
2018-12-04,276.1165771484375,287.0954895019531,0.0,291.5567321777344,279.61505126953125,289.3035888671875,0.0,7156660
2018-12-05,271.132568359375,281.91326904296875,0.0,289.16839599609375,279.57000732421875,288.1319580078125,0.0,5027352
2018-12-06,263.5047912597656,273.9822082519531,0.0,280.291015625,272.1796875,280.291015625,0.0,6566491
2018-12-07,263.4614562988281,273.9371337890625,0.0,277.406982421875,269.43084716796875,274.8834533691406,0.0,5298884
2018-12-10,255.6603240966797,265.8258361816406,0.0,271.8642578125,262.13067626953125,268.980224609375,0.0,5748768
2018-12-11,251.58642578125,261.5899353027344,0.0,265.33013916015625,254.154541015625,259.5621032714844,0.0,9994368
2018-12-12,264.8482971191406,275.379150390625,0.0,280.291015625,262.71649169921875,264.9696350097656,0.0,10299827
2018-12-13,262.72467041015625,273.17108154296875,0.0,281.9583435058594,271.7741394042969,278.0378723144531,0.0,7666679
2018-12-14,276.723388671875,287.72637939453125,0.0,300.47918701171875,275.063720703125,275.063720703125,0.0,22730782
2018-12-17,273.2128601074219,284.0762939453125,0.0,291.2863464355469,281.91326904296875,287.72637939453125,0.0,6809035
2018-12-18,275.4665222167969,286.4195556640625,0.0,289.033203125,280.8317565917969,283.1750183105469,0.0,6272518
2018-12-19,279.7138366699219,290.8357238769531,0.0,292.0073547363281,286.6448669433594,287.9516906738281,0.0,5789644
2018-12-20,274.3830261230469,285.2929992675781,0.0,289.7992858886719,282.9947814941406,285.69854736328125,0.0,5987582
2018-12-21,266.8852844238281,277.4971008300781,0.0,292.68328857421875,275.4242248535156,288.4023132324219,0.0,12363968
2018-12-24,267.9254150390625,278.57861328125,0.0,281.462646484375,274.20751953125,279.2095031738281,0.0,5225655
2018-12-26,277.7635498046875,288.8078918457031,0.0,291.1061096191406,272.720458984375,277.7674865722656,0.0,8367166
2018-12-27,274.5130615234375,285.42816162109375,0.0,291.7369689941406,282.9947814941406,291.2863464355469,0.0,8764732
2018-12-28,274.3830261230469,285.2929992675781,0.0,289.3035888671875,283.4454040527344,285.6084289550781,0.0,5184819
2018-12-31,270.87249755859375,281.64288330078125,0.0,289.2134704589844,280.3811340332031,287.5010681152344,0.0,4210832
2019-01-01,276.9400634765625,287.9516906738281,0.0,290.204833984375,282.3638916015625,284.7522277832031,0.0,6117146
2019-01-02,271.0025634765625,281.778076171875,0.0,289.3035888671875,278.57861328125,285.6084289550781,0.0,6218991
2019-01-03,271.73931884765625,282.5441589355469,0.0,284.3466796875,277.54217529296875,281.64288330078125,0.0,6230813
2019-01-04,279.4971618652344,290.61041259765625,0.0,292.63824462890625,281.59783935546875,281.59783935546875,0.0,11361086
2019-01-07,281.66412353515625,292.8635559082031,0.0,295.5222473144531,290.2949523925781,292.36785888671875,0.0,5511088
2019-01-08,285.39129638671875,296.73895263671875,0.0,298.9920959472656,291.3314208984375,291.78204345703125,0.0,7194973
2019-01-09,289.9419860839844,301.4705505371094,0.0,304.5348205566406,294.98150634765625,300.2989196777344,0.0,8018192
2019-01-10,292.3689880371094,303.99407958984375,0.0,305.2107849121094,299.5779113769531,303.3181457519531,0.0,5748158
2019-01-11,290.4620056152344,302.0113220214844,0.0,303.99407958984375,296.5136413574219,303.85888671875,0.0,5922578
2019-01-14,287.4282531738281,298.8569030761719,0.0,301.7409362792969,295.74755859375,301.11004638671875,0.0,3674704
2019-01-15,292.7590026855469,304.3996276855469,0.0,305.8416442871094,294.260498046875,297.4148864746094,0.0,5706902
2019-01-16,289.4652099609375,300.974853515625,0.0,311.1590576171875,298.6766662597656,303.4983825683594,0.0,7705383
2019-01-17,287.8183288574219,299.2624816894531,0.0,303.4983825683594,297.59515380859375,300.1186828613281,0.0,4569576
2019-01-18,269.7023620605469,280.42620849609375,0.0,299.62298583984375,274.2525939941406,297.86553955078125,0.0,16359865
2019-01-21,269.875732421875,280.6064453125,0.0,284.3466796875,275.78472900390625,280.0206298828125,0.0,8621248
2019-01-22,264.2415771484375,274.748291015625,0.0,281.2823791503906,271.7741394042969,281.1922607421875,0.0,8770625
2019-01-23,263.2447814941406,273.7118225097656,0.0,277.0464782714844,272.4500732421875,276.5057373046875,0.0,5617992
2019-01-24,261.46783447265625,271.8642578125,0.0,277.406982421875,265.4202575683594,276.41558837890625,0.0,10389592
2019-01-25,266.53857421875,277.1365966796875,0.0,281.1922607421875,272.1796875,273.9822082519531,0.0,6040052
2019-01-28,264.5015869140625,275.0186462402344,0.0,278.8039245605469,265.60052490234375,277.5872497558594,0.0,4546062
2019-01-29,266.8419494628906,277.4520568847656,0.0,279.0743103027344,271.9093017578125,274.8834533691406,0.0,3210022
2019-01-30,263.2447814941406,273.7118225097656,0.0,282.0033874511719,270.4673156738281,278.4884948730469,0.0,6553462
2019-01-31,265.58514404296875,276.1452331542969,0.0,279.7953186035156,273.21612548828125,274.4328308105469,0.0,9493241
2019-02-01,270.30914306640625,281.05706787109375,0.0,289.2134704589844,274.8834533691406,274.9736022949219,0.0,9243929
2019-02-04,265.7151184082031,276.2804260253906,0.0,280.0657043457031,272.3599548339844,279.3897399902344,0.0,3895812
2019-02-05,267.14532470703125,277.7674865722656,0.0,280.8768310546875,263.9331970214844,266.23138427734375,0.0,14678663
2019-02-06,267.6220703125,278.26318359375,0.0,279.84039306640625,271.2784423828125,276.68597412109375,0.0,5202682
2019-02-07,269.7023620605469,280.42620849609375,0.0,283.35528564453125,275.063720703125,278.12799072265625,0.0,3852519
2019-02-08,271.5226745605469,282.31884765625,0.0,283.1750183105469,275.8748474121094,278.4884948730469,0.0,3413931
2019-02-11,270.61248779296875,281.3725280761719,0.0,284.3016052246094,280.291015625,283.8960266113281,0.0,3303611
2019-02-12,269.7890930175781,280.5163269042969,0.0,284.4367980957031,279.0743103027344,280.921875,0.0,2226134
2019-02-14,260.7310485839844,271.0981750488281,0.0,279.29962158203125,267.2227783203125,278.4884948730469,0.0,8573394
2019-02-15,264.02484130859375,274.52294921875,0.0,275.82977294921875,267.9888610839844,271.2784423828125,0.0,6727458
2019-02-18,262.2479553222656,272.6753845214844,0.0,276.8211669921875,270.4222412109375,276.5958557128906,0.0,4440252
2019-02-19,263.2447814941406,273.7118225097656,0.0,282.5441589355469,271.7741394042969,273.89208984375,0.0,7593977
2019-02-20,267.8387145996094,278.4884948730469,0.0,280.15582275390625,274.8384094238281,275.379150390625,0.0,6216966
2019-02-21,268.618896484375,279.29962158203125,0.0,280.291015625,273.0809631347656,275.6946105957031,0.0,5805770
2019-02-22,272.042724609375,282.8595886230469,0.0,285.2479248046875,277.6322937011719,278.6687316894531,0.0,6199607
2019-02-25,274.98980712890625,285.9238586425781,0.0,288.4023132324219,280.8317565917969,282.9947814941406,0.0,4154758
2019-02-26,273.4295349121094,284.3016052246094,0.0,288.85296630859375,282.45404052734375,284.52691650390625,0.0,5562215
2019-02-27,277.5035095214844,288.5375061035156,0.0,293.1339111328125,283.3102111816406,287.45599365234375,0.0,4527145
2019-02-28,275.6832275390625,286.6448669433594,0.0,294.66607666015625,284.7522277832031,292.8184814453125,0.0,7687680
2019-03-01,266.6685485839844,277.27178955078125,0.0,286.4195556640625,272.2698059082031,286.4195556640625,0.0,29577827
2019-03-05,266.8419494628906,277.4520568847656,0.0,278.6687316894531,273.6217041015625,277.5872497558594,0.0,11396759
2019-03-06,268.18548583984375,278.8489990234375,0.0,282.31884765625,277.85760498046875,280.2459411621094,0.0,7093395
2019-03-07,266.6685485839844,277.27178955078125,0.0,281.3725280761719,276.68597412109375,279.3897399902344,0.0,6466583
2019-03-08,267.5787048339844,278.2181091308594,0.0,281.1922607421875,277.27178955078125,279.1644287109375,0.0,4441514
2019-03-11,289.335205078125,300.83966064453125,0.0,303.8138122558594,278.2181091308594,278.5335693359375,0.0,17059011
2019-03-12,304.93743896484375,317.06231689453125,0.0,319.0450744628906,296.8290710449219,299.93841552734375,0.0,30070085
2019-03-13,292.7590026855469,304.3996276855469,0.0,321.3432922363281,303.2730712890625,314.0881652832031,0.0,13993813
2019-03-14,296.7896423339844,308.5904846191406,0.0,311.7899475097656,301.515625,303.72369384765625,0.0,6931287
2019-03-15,292.7156677246094,304.3545837402344,0.0,310.7985534667969,298.49639892578125,310.0325012207031,0.0,11536718
2019-03-18,286.60479736328125,298.0007019042969,0.0,309.7170715332031,296.7840270996094,304.6249694824219,0.0,5844953
2019-03-19,291.8922424316406,303.4983825683594,0.0,305.9317932128906,299.2174072265625,299.2174072265625,0.0,5639437
2019-03-20,289.508544921875,301.0199279785156,0.0,306.33734130859375,299.5328369140625,303.85888671875,0.0,3309504
2019-03-22,287.3848876953125,298.8118591308594,0.0,313.0967712402344,296.7840270996094,302.82244873046875,0.0,9113700
2019-03-25,283.4410095214844,294.71112060546875,0.0,301.8310546875,291.2863464355469,300.0285339355469,0.0,5253505
2019-03-26,284.13446044921875,295.43212890625,0.0,298.6766662597656,294.0351867675781,296.1080627441406,0.0,4247229
2019-03-27,279.5404357910156,290.65545654296875,0.0,300.1186828613281,288.7628173828125,298.316162109375,0.0,5951916
2019-03-28,285.998046875,297.3698425292969,0.0,300.1186828613281,286.3744812011719,290.74560546875,0.0,13616927
2019-04-01,295.4027404785156,307.1484680175781,0.0,310.8887023925781,300.2989196777344,300.9298095703125,0.0,7080411
2019-04-02,308.9680480957031,321.2531433105469,0.0,323.5513610839844,309.1312561035156,309.1312561035156,0.0,22251488
2019-04-03,303.37725830078125,315.4400329589844,0.0,327.1563720703125,313.1868896484375,320.84759521484375,0.0,12250809
2019-04-04,309.2714538574219,321.568603515625,0.0,324.0019836425781,317.2425537109375,317.2425537109375,0.0,12168154
2019-04-05,309.1413879394531,321.43341064453125,0.0,324.227294921875,318.6394958496094,323.19085693359375,0.0,3728070
2019-04-08,307.6678466796875,319.9012756347656,0.0,327.87738037109375,317.7382507324219,323.0105895996094,0.0,5656181
2019-04-09,304.7640686035156,316.8820495605469,0.0,325.3538818359375,307.77935791015625,323.1457824707031,0.0,10073980
2019-04-10,294.70928955078125,306.4274597167969,0.0,319.40557861328125,304.6249694824219,316.1610412597656,0.0,4759411
2019-04-11,300.2134094238281,312.15045166015625,0.0,316.5666198730469,303.85888671875,307.9595947265625,0.0,18189273
2019-04-12,296.3995361328125,308.1849060058594,0.0,315.7554931640625,305.5262145996094,312.73626708984375,0.0,8349759
2019-04-15,301.38360595703125,313.3671569824219,0.0,314.5387878417969,301.7409362792969,310.8436279296875,0.0,10210051
2019-04-16,302.2937316894531,314.3134765625,0.0,316.4314270019531,307.1034240722656,313.6375427246094,0.0,9519380
2019-04-18,300.7335205078125,312.69122314453125,0.0,315.8456115722656,299.80322265625,314.9894104003906,0.0,16138821
2019-04-22,302.8571472167969,314.8992919921875,0.0,323.1457824707031,303.3631896972656,310.0325012207031,0.0,15339393
2019-04-23,298.7869873046875,310.667236328125,0.0,319.4031982421875,308.40960693359375,319.0105895996094,0.0,11627154
2019-04-24,306.3392333984375,318.519775390625,0.0,320.28662109375,309.7838134765625,310.667236328125,0.0,7161510
2019-04-25,310.1153564453125,322.4460754394531,0.0,326.7649841308594,315.08428955078125,316.85113525390625,0.0,11517967
2019-04-26,307.23602294921875,319.4522705078125,0.0,329.5133972167969,316.3603210449219,323.9184265136719,0.0,5000316
2019-04-30,302.374267578125,314.3971862792969,0.0,320.77740478515625,308.2623596191406,318.02899169921875,0.0,6139942
2019-05-02,306.05596923828125,318.2253112792969,0.0,323.3294982910156,315.6732482910156,316.94927978515625,0.0,7925814
2019-05-03,312.9002990722656,325.3417053222656,0.0,327.6974792480469,318.470703125,318.470703125,0.0,9901409
2019-05-06,314.788330078125,327.3048400878906,0.0,330.2004699707031,320.4829406738281,325.3417053222656,0.0,14870120
2019-05-07,306.76397705078125,318.96148681640625,0.0,334.5684814453125,315.5260009765625,333.734130859375,0.0,17735230
2019-05-08,306.3392333984375,318.519775390625,0.0,321.4154357910156,314.20086669921875,318.86334228515625,0.0,4864438
2019-05-09,297.7956848144531,309.6365661621094,0.0,320.1884460449219,306.8390808105469,315.3296813964844,0.0,7998137
2019-05-10,305.96160888671875,318.1271667480469,0.0,322.3479309082031,309.39117431640625,313.0229797363281,0.0,7855974
2019-05-13,300.8166198730469,312.777587890625,0.0,321.3172607421875,308.851318359375,315.5750732421875,0.0,6620278
2019-05-14,317.76202392578125,330.39678955078125,0.0,333.4396667480469,309.39117431640625,310.1764221191406,0.0,10954653
2019-05-15,312.7113952636719,325.1453857421875,0.0,331.77099609375,322.64239501953125,329.807861328125,0.0,7782551
2019-05-16,307.0000305175781,319.2068786621094,0.0,327.1576232910156,315.13336181640625,325.8815612792969,0.0,4591691
2019-05-17,310.068115234375,322.3970031738281,0.0,324.60552978515625,316.2131042480469,317.7345275878906,0.0,4117918
2019-05-20,321.066162109375,333.8323059082031,0.0,335.648193359375,324.8999938964844,325.9306640625,0.0,7858379
2019-05-21,312.1449890136719,324.55645751953125,0.0,333.8323059082031,322.4951477050781,333.734130859375,0.0,4316609
2019-05-22,316.3931579589844,328.9735107421875,0.0,331.721923828125,322.59332275390625,324.8999938964844,0.0,6791987
2019-05-23,319.8388977050781,332.5562438964844,0.0,342.5682678222656,328.041015625,331.32928466796875,0.0,5449864
2019-05-24,333.43304443359375,346.6908874511719,0.0,349.43927001953125,333.734130859375,333.7832336425781,0.0,9756740
2019-05-27,329.9400634765625,343.0590515136719,0.0,345.4148254394531,339.96710205078125,343.25537109375,0.0,4004333
2019-05-28,326.25830078125,339.2309265136719,0.0,345.2185363769531,335.4028015136719,342.3228759765625,0.0,8643505
2019-05-29,319.8388977050781,332.5562438964844,0.0,338.78924560546875,331.6237487792969,337.464111328125,0.0,4581547
2019-05-30,327.2967529296875,340.3106689453125,0.0,343.108154296875,333.29241943359375,333.734130859375,0.0,14152211
2019-05-31,329.27923583984375,342.3719787597656,0.0,345.9056091308594,338.1021423339844,342.5682678222656,0.0,11028688
2019-06-03,333.0081787109375,346.2491760253906,0.0,349.1938781738281,342.4210510253906,345.022216796875,0.0,5214139
2019-06-04,332.6777648925781,345.9056091308594,0.0,349.39019775390625,343.304443359375,344.53143310546875,0.0,6749428
2019-06-06,333.99945068359375,347.2798156738281,0.0,349.39019775390625,342.0774841308594,346.2982482910156,0.0,10510811
2019-06-07,337.1147766113281,350.5190124511719,0.0,355.2796325683594,345.3166809082031,347.2798156738281,0.0,5879853
2019-06-10,343.1094055175781,356.7519836425781,0.0,357.92987060546875,347.1325988769531,348.2613830566406,0.0,5992522
2019-06-11,342.9205017089844,356.5556640625,0.0,360.1874694824219,351.6478271484375,356.3102722167969,0.0,5668149
2019-06-12,339.75799560546875,353.26739501953125,0.0,355.7213439941406,350.5190124511719,355.7213439941406,0.0,2868026
2019-06-13,343.39251708984375,357.04644775390625,0.0,358.2243347167969,350.4699401855469,350.4699401855469,0.0,3839377
2019-06-14,333.52740478515625,346.7890319824219,0.0,356.2611999511719,345.16943359375,355.8685607910156,0.0,5170880
2019-06-17,324.74786376953125,337.6604309082031,0.0,349.0466613769531,335.7954406738281,349.0466613769531,0.0,7087101
2019-06-18,325.83355712890625,338.78924560546875,0.0,340.9486999511719,334.9120178222656,339.0346374511719,0.0,4977568
2019-06-19,322.0102233886719,334.8138732910156,0.0,341.5867004394531,328.1391906738281,340.1143493652344,0.0,4008250
2019-06-20,329.04327392578125,342.1265869140625,0.0,343.54986572265625,332.9488830566406,332.9979553222656,0.0,3563847
2019-06-21,324.55908203125,337.464111328125,0.0,343.4516906738281,336.3843688964844,341.0959167480469,0.0,9764198
2019-06-24,325.78631591796875,338.7401428222656,0.0,342.1265869140625,337.1696472167969,338.78924560546875,0.0,3310679
2019-06-25,329.0904541015625,342.1756591796875,0.0,345.51300048828125,338.2002868652344,339.0837097167969,0.0,2848907
2019-06-26,326.2110900878906,339.1818542480469,0.0,345.51300048828125,336.2371520996094,343.54986572265625,0.0,4732848
2019-06-27,329.13763427734375,342.2247314453125,0.0,344.3841857910156,334.6175537109375,340.85052490234375,0.0,13137225
2019-06-28,327.24957275390625,340.2615966796875,0.0,343.54986572265625,336.1880798339844,341.9793395996094,0.0,8737050
2019-07-01,328.9960632324219,342.0774841308594,0.0,343.4026184082031,338.78924560546875,340.6051330566406,0.0,3469130
2019-07-02,333.8105773925781,347.08349609375,0.0,347.9669189453125,340.9486999511719,342.5682678222656,0.0,3816212
2019-07-03,333.43304443359375,346.6908874511719,0.0,349.9300537109375,343.304443359375,346.3963928222656,0.0,8473243
2019-07-04,342.448486328125,356.06488037109375,0.0,358.2734069824219,346.49456787109375,346.8381042480469,0.0,8565250
2019-07-05,344.3837890625,358.07708740234375,0.0,364.3100891113281,353.8563537597656,356.06488037109375,0.0,6878479
2019-07-08,336.45391845703125,349.8319091796875,0.0,357.6844787597656,347.9178466796875,355.3287048339844,0.0,3543845
2019-07-09,342.02374267578125,355.6231689453125,0.0,356.5556640625,347.57427978515625,349.43927001953125,0.0,3931858
2019-07-10,338.48358154296875,351.9422912597656,0.0,358.1752624511719,347.1325988769531,356.2121276855469,0.0,5299464
2019-07-11,340.56048583984375,354.10174560546875,0.0,355.7213439941406,349.7337341308594,351.6478271484375,0.0,3513505
2019-07-12,336.17071533203125,349.5374450683594,0.0,354.15081787109375,347.6233825683594,354.15081787109375,0.0,4750306
2019-07-15,330.978515625,344.1387939453125,0.0,352.776611328125,342.71551513671875,351.0097961425781,0.0,3524295
2019-07-16,331.1201171875,344.2860412597656,0.0,348.40863037109375,343.206298828125,344.53143310546875,0.0,3651688
2019-07-17,326.87200927734375,339.86895751953125,0.0,346.88720703125,338.4456787109375,344.0897216796875,0.0,4765414
2019-07-18,323.33184814453125,336.1880798339844,0.0,344.72772216796875,332.3599548339844,341.5867004394531,0.0,3711155
2019-07-19,320.9245300292969,333.68505859375,0.0,339.6235656738281,329.906005859375,337.1696472167969,0.0,2517348
2019-07-22,323.3790588378906,336.2371520996094,0.0,337.1696472167969,329.41522216796875,332.7525634765625,0.0,3120156
2019-07-23,324.3702697753906,337.2677917480469,0.0,342.0774841308594,331.18206787109375,336.6297607421875,0.0,3682410
2019-07-24,319.9333190917969,332.6544189453125,0.0,338.3966064453125,329.5624694824219,337.6604309082031,0.0,4840787
2019-07-25,320.0277099609375,332.7525634765625,0.0,337.1205749511719,328.38458251953125,328.8262939453125,0.0,7600173
2019-07-26,316.15716552734375,328.7281188964844,0.0,332.6544189453125,322.151611328125,331.77099609375,0.0,5089100
2019-07-29,315.82672119140625,328.38458251953125,0.0,330.24957275390625,322.0534362792969,328.5318298339844,0.0,5072884
2019-07-30,326.39996337890625,339.378173828125,0.0,341.8811950683594,328.9735107421875,330.7894287109375,0.0,12960949
2019-07-31,318.7060241699219,331.37835693359375,0.0,347.2307434082031,326.56866455078125,336.87518310546875,0.0,11065547
2019-08-01,305.7728271484375,317.93084716796875,0.0,332.5071716308594,315.2315368652344,328.8262939453125,0.0,9957404
2019-08-02,324.32305908203125,337.2187194824219,0.0,348.40863037109375,321.1700439453125,325.8815612792969,0.0,28586783
2019-08-05,337.6811828613281,351.1079406738281,0.0,354.9851379394531,332.8016357421875,333.8323059082031,0.0,15513355
2019-08-06,347.8294982910156,361.65985107421875,0.0,368.48175048828125,347.57427978515625,347.57427978515625,0.0,17339262
2019-08-07,345.6110534667969,359.3531494140625,0.0,366.076904296875,355.8194885253906,361.2181396484375,0.0,12759435
2019-08-08,351.322509765625,365.2916564941406,0.0,371.77001953125,358.6660461425781,359.2549743652344,0.0,16351434
2019-08-09,350.3784484863281,364.3100891113281,0.0,366.8621520996094,357.4390869140625,365.1444091796875,0.0,7844936
2019-08-13,331.9697570800781,345.16943359375,0.0,358.2734069824219,339.77081298828125,354.54345703125,0.0,14292351
2019-08-14,340.98529052734375,354.54345703125,0.0,357.1446228027344,340.89959716796875,348.45770263671875,0.0,7813907
2019-08-16,341.3157043457031,354.8869934082031,0.0,358.2734069824219,348.45770263671875,353.3655700683594,0.0,5827109
2019-08-19,340.7964782714844,354.3471374511719,0.0,359.5003662109375,353.16925048828125,356.7519836425781,0.0,4606667
2019-08-20,338.0115966796875,351.4515075683594,0.0,355.6722412109375,350.8134765625,353.8563537597656,0.0,5364922
2019-08-21,335.0378723144531,348.35955810546875,0.0,353.5618896484375,346.6418151855469,351.40240478515625,0.0,4122882
2019-08-22,333.0081787109375,346.2491760253906,0.0,350.6171569824219,344.53143310546875,348.45770263671875,0.0,3171984
2019-08-23,336.45391845703125,349.8319091796875,0.0,352.33489990234375,344.0406494140625,347.47613525390625,0.0,4676421
2019-08-26,340.466064453125,354.0035705566406,0.0,355.96673583984375,340.5069885253906,351.35333251953125,0.0,5024254
2019-08-27,328.80718994140625,341.8811950683594,0.0,361.4144287109375,338.3966064453125,355.8194885253906,0.0,32805677
2019-08-28,326.4471435546875,339.42724609375,0.0,343.0590515136719,334.22491455078125,343.0590515136719,0.0,5628194
2019-08-29,324.27587890625,337.1696472167969,0.0,343.304443359375,334.8629455566406,336.04083251953125,0.0,6040518
2019-08-30,327.3912048339844,340.4088134765625,0.0,343.1572265625,332.5071716308594,338.6419982910156,0.0,4855098
2019-09-03,317.998046875,330.6421813964844,0.0,339.5744934082031,329.31707763671875,339.1327819824219,0.0,4305439
2019-09-04,326.3528137207031,339.3291015625,0.0,340.9486999511719,328.9244384765625,329.807861328125,0.0,5241168
2019-09-05,328.24078369140625,341.292236328125,0.0,342.9118347167969,334.6666259765625,338.6419982910156,0.0,3325608
2019-09-06,329.7040710449219,342.81365966796875,0.0,347.47613525390625,338.7401428222656,343.74615478515625,0.0,6392799
2019-09-09,336.5010986328125,349.8809814453125,0.0,350.8134765625,343.108154296875,344.4823303222656,0.0,3782198
2019-09-11,335.2266845703125,348.5558776855469,0.0,355.2796325683594,344.72772216796875,355.08331298828125,0.0,4900745
2019-09-12,328.09918212890625,341.1449890136719,0.0,351.7950439453125,340.3597412109375,351.7950439453125,0.0,5639186
2019-09-13,323.8510437011719,336.7279357910156,0.0,343.25537109375,334.6175537109375,341.194091796875,0.0,5012583
2019-09-16,324.74786376953125,337.6604309082031,0.0,339.0346374511719,332.16363525390625,336.6788635253906,0.0,5104088
2019-09-17,320.83013916015625,333.5869140625,0.0,342.3719787597656,326.42144775390625,342.3719787597656,0.0,8486044
2019-09-18,316.8179931640625,329.41522216796875,0.0,337.8076477050781,328.43365478515625,335.3046569824219,0.0,7631530
2019-09-19,318.7060241699219,331.37835693359375,0.0,336.2371520996094,328.5318298339844,332.16363525390625,0.0,11891538
2019-09-20,336.45391845703125,349.8319091796875,0.0,358.37158203125,328.8753662109375,333.4396667480469,0.0,15819981
2019-09-23,328.5240478515625,341.5867004394531,0.0,355.5740966796875,338.6419982910156,349.43927001953125,0.0,5854791
2019-09-24,329.13763427734375,342.2247314453125,0.0,345.51300048828125,339.0346374511719,341.5867004394531,0.0,4811334
2019-09-25,322.5293884277344,335.3537292480469,0.0,344.4823303222656,331.77099609375,342.61737060546875,0.0,4697149
2019-09-26,324.7950439453125,337.7095031738281,0.0,340.6542053222656,334.17584228515625,334.7648010253906,0.0,4958745
2019-09-27,329.5624694824219,342.66644287109375,0.0,348.35955810546875,332.9979553222656,337.6604309082031,0.0,3416220
2019-09-30,346.50787353515625,360.28564453125,0.0,367.990966796875,337.90582275390625,346.49456787109375,0.0,19984719
2019-10-01,331.30889892578125,344.4823303222656,0.0,363.8193054199219,340.4579162597656,363.1812744140625,0.0,7344343
2019-10-03,325.5975341796875,338.5438537597656,0.0,349.0466613769531,335.01019287109375,344.4823303222656,0.0,5037665
2019-10-04,320.4997253417969,333.24334716796875,0.0,342.2738037109375,328.0901184082031,341.8811950683594,0.0,4794009
2019-10-07,322.4350280761719,335.2555847167969,0.0,340.3597412109375,330.8875732421875,331.77099609375,0.0,3566103
2019-10-09,339.2860107421875,352.776611328125,0.0,354.19989013671875,332.7525634765625,336.7770080566406,0.0,8848384
2019-10-10,356.1370544433594,370.29766845703125,0.0,377.90484619140625,355.3287048339844,356.2121276855469,0.0,48555442
2019-10-11,361.4708251953125,375.8435363769531,0.0,378.2483825683594,365.7333679199219,368.0400390625,0.0,11113337
2019-10-14,371.5248107910156,386.2972717285156,0.0,389.6836853027344,373.24237060546875,377.3649597167969,0.0,10930620
2019-10-15,362.1788635253906,376.5797119140625,0.0,384.72674560546875,374.5184020996094,382.81268310546875,0.0,8746356
2019-10-16,363.6893310546875,378.1502380371094,0.0,379.6716613769531,370.39581298828125,374.07672119140625,0.0,9079900
2019-10-17,364.2557373046875,378.7391662597656,0.0,380.3587646484375,372.0644836425781,377.90484619140625,0.0,4877679
2019-10-18,362.03729248046875,376.4324951171875,0.0,379.2790222167969,373.4877624511719,377.8557434082031,0.0,4053714
2019-10-22,353.163330078125,367.2057189941406,0.0,389.1929016113281,360.432861328125,374.7637939453125,0.0,11570680
2019-10-23,340.1828308105469,353.7091064453125,0.0,371.0338439941406,348.45770263671875,366.61676025390625,0.0,13588127
2019-10-24,351.5112609863281,365.48797607421875,0.0,369.41424560546875,319.5013732910156,347.42706298828125,0.0,74062675
2019-10-25,354.154541015625,368.2363586425781,0.0,371.4264831542969,355.9176330566406,363.0830993652344,0.0,28275934
2019-10-27,352.2193298339844,366.2241516113281,0.0,368.5799255371094,358.86236572265625,365.1444091796875,0.0,2033141
2019-10-29,339.75799560546875,353.26739501953125,0.0,358.91143798828125,346.59271240234375,356.3102722167969,0.0,36912144
2019-10-30,347.35748291015625,361.1690368652344,0.0,364.5063781738281,354.0035705566406,357.5863037109375,0.0,17185921
2019-10-31,353.304931640625,367.3529357910156,0.0,369.85595703125,357.04644775390625,359.94207763671875,0.0,13034332
2019-11-01,352.1720886230469,366.175048828125,0.0,369.46331787109375,356.6538391113281,356.6538391113281,0.0,13938891
2019-11-04,356.84503173828125,371.0338439941406,0.0,374.6656494140625,367.1075439453125,371.27923583984375,0.0,7763797
2019-11-05,362.4620361328125,376.8741760253906,0.0,378.3956298828125,367.6474304199219,370.0522766113281,0.0,6766429
2019-11-06,350.6616516113281,364.60455322265625,0.0,378.2974548339844,363.4266662597656,377.90484619140625,0.0,8335534
2019-11-07,350.94482421875,364.8990173339844,0.0,368.5799255371094,362.248779296875,367.892822265625,0.0,4906572
2019-11-08,348.4903259277344,362.346923828125,0.0,368.9234619140625,359.84393310546875,363.1812744140625,0.0,6094415
2019-11-11,350.7088623046875,364.65362548828125,0.0,367.0584716796875,361.4635314941406,364.4082336425781,0.0,2826663
2019-11-13,347.97113037109375,361.80706787109375,0.0,366.51861572265625,359.4022216796875,365.2425842285156,0.0,6544841
2019-11-14,342.2125244140625,355.8194885253906,0.0,360.334716796875,343.8443298339844,351.30426025390625,0.0,21487581
2019-11-15,371.0527648925781,385.8064880371094,0.0,391.1560363769531,350.6662292480469,351.25518798828125,0.0,56210391
2019-11-18,386.2989501953125,401.6588439941406,0.0,412.7996826171875,384.8739929199219,388.7021179199219,0.0,43462375
2019-11-19,414.7615661621094,431.25323486328125,0.0,437.4371032714844,413.68310546875,419.03265380859375,0.0,63965674
2019-11-20,412.8262939453125,429.2409973144531,0.0,444.60260009765625,425.118408203125,440.03826904296875,0.0,56689066
2019-11-21,402.44195556640625,418.4437255859375,0.0,434.34515380859375,414.4192810058594,434.34515380859375,0.0,22595291
2019-11-22,397.10809326171875,412.8978271484375,0.0,422.0264587402344,409.3150939941406,415.20452880859375,0.0,17090583
2019-11-25,426.1372375488281,443.0811462402344,0.0,447.2528381347656,413.5849304199219,413.5849304199219,0.0,34112216
2019-11-26,408.1533508300781,424.3822326660156,0.0,438.7622375488281,421.9773864746094,436.7991027832031,0.0,23906748
2019-11-27,409.0973815917969,425.3638000488281,0.0,428.946533203125,418.5418701171875,425.5110168457031,0.0,13586924
2019-11-28,412.212646484375,428.60296630859375,0.0,435.7193603515625,420.6031799316406,425.3638000488281,0.0,22352772
2019-11-29,417.6880798339844,434.29608154296875,0.0,441.3634033203125,427.130615234375,431.4986267089844,0.0,20386454
2019-12-02,432.93426513671875,450.1484680175781,0.0,476.65087890625,446.66387939453125,462.4671630859375,0.0,56782244
2019-12-03,433.4062805175781,450.6392517089844,0.0,456.4795837402344,437.04449462890625,454.27105712890625,0.0,24319749
2019-12-04,435.5775451660156,452.8968505859375,0.0,456.23419189453125,446.3203430175781,452.35699462890625,0.0,16851755
2019-12-05,422.3138427734375,439.10577392578125,0.0,455.0563049316406,437.14263916015625,454.7618408203125,0.0,17642464
2019-12-06,419.9537658691406,436.65185546875,0.0,444.0627136230469,434.688720703125,443.5719299316406,0.0,11629491
2019-12-09,420.8977966308594,437.6334228515625,0.0,443.2774658203125,433.5599060058594,439.3511657714844,0.0,8012971
2019-12-10,421.98345947265625,438.7622375488281,0.0,442.6885070800781,435.08135986328125,437.2408142089844,0.0,7274085
2019-12-11,417.9712829589844,434.590576171875,0.0,440.7744445800781,432.4801940917969,436.3083190917969,0.0,6931352
2019-12-12,414.10076904296875,430.5661315917969,0.0,435.6702880859375,428.45574951171875,434.73779296875,0.0,7527779
2019-12-13,403.85797119140625,419.91607666015625,0.0,432.5783386230469,418.1492614746094,431.8912353515625,0.0,13320154
2019-12-16,398.2409362792969,414.0757141113281,0.0,423.1061706542969,412.7015380859375,422.4681701660156,0.0,7093336
2019-12-17,415.3279724121094,431.8421630859375,0.0,433.36358642578125,409.904052734375,416.9222717285156,0.0,23423482
2019-12-18,413.7703552246094,430.2225646972656,0.0,438.8603820800781,426.1490478515625,438.7622375488281,0.0,17986000
2019-12-19,424.29632568359375,441.1670837402344,0.0,448.3816223144531,422.3209228515625,427.9649658203125,0.0,14236801
2019-12-20,428.4029235839844,445.4369201660156,0.0,451.915283203125,437.4862060546875,441.6087951660156,0.0,21689127
2019-12-23,429.34686279296875,446.4184875488281,0.0,450.6883239746094,438.2223815917969,440.7744445800781,0.0,10630886
2019-12-24,431.5653991699219,448.7251892089844,0.0,451.5226745605469,444.0627136230469,446.1240234375,0.0,6974012
2019-12-26,422.5026550292969,439.3020935058594,0.0,448.087158203125,437.7806701660156,446.9092712402344,0.0,5997570
2019-12-27,429.630126953125,446.71295166015625,0.0,448.62701416015625,440.7253723144531,440.7253723144531,0.0,5997611
2019-12-30,434.7279357910156,452.0134582519531,0.0,456.13604736328125,446.71295166015625,451.5226745605469,0.0,12141748
2019-12-31,430.2909240722656,447.4000549316406,0.0,453.9765930175781,446.1240234375,451.5226745605469,0.0,5212590
2020-01-01,427.9308776855469,444.9461364746094,0.0,452.0134582519531,441.4615478515625,447.64544677734375,0.0,5154996
2020-01-02,429.72454833984375,446.8111267089844,0.0,450.9337158203125,445.1424560546875,445.73138427734375,0.0,4933053
2020-01-03,429.630126953125,446.71295166015625,0.0,450.7373962402344,443.1793212890625,447.3019104003906,0.0,5154587
2020-01-06,424.485107421875,441.3634033203125,0.0,449.0196533203125,436.4555358886719,445.5350646972656,0.0,7538915
2020-01-07,420.1897888183594,436.8972473144531,0.0,446.9092712402344,434.9341125488281,443.67010498046875,0.0,4353883
2020-01-08,433.1702575683594,450.39385986328125,0.0,452.25885009765625,432.23480224609375,434.4433288574219,0.0,14118818
2020-01-09,434.35028076171875,451.6208190917969,0.0,466.1971435546875,446.9092712402344,459.7678527832031,0.0,18180867
2020-01-10,431.42376708984375,448.57794189453125,0.0,457.3630065917969,445.8295593261719,456.23419189453125,0.0,37724966
2020-01-13,442.65777587890625,460.2586364746094,0.0,461.6328430175781,445.8786315917969,450.54107666015625,0.0,15206224
2020-01-14,443.0826110839844,460.7003479003906,0.0,463.9395446777344,458.00103759765625,460.2586364746094,0.0,8238486
2020-01-15,441.66656494140625,459.2279968261719,0.0,463.301513671875,456.4305114746094,460.84759521484375,0.0,10875259
2020-01-16,447.37799072265625,465.16650390625,0.0,468.1602783203125,459.375244140625,460.5531005859375,0.0,16290593
2020-01-17,472.06451416015625,490.8345947265625,0.0,494.5154724121094,466.3443908691406,466.3443908691406,0.0,61915666
2020-01-20,480.23040771484375,499.3251647949219,0.0,503.25146484375,485.1414794921875,489.8039245605469,0.0,45298836
2020-01-21,483.10968017578125,502.3189697265625,0.0,505.5090637207031,495.1044006347656,500.6012268066406,0.0,65202963
2020-01-22,485.7057800292969,505.0182800292969,0.0,514.0978393554688,497.3620300292969,505.263671875,0.0,20285793
2020-01-23,494.34368896484375,513.9996337890625,0.0,516.3063354492188,502.90789794921875,505.5090637207031,0.0,15772863
2020-01-24,494.9101257324219,514.588623046875,0.0,517.6314697265625,504.67474365234375,510.90771484375,0.0,23824625
2020-01-27,485.6114196777344,504.9201354980469,0.0,514.4413452148438,502.4661865234375,511.54571533203125,0.0,11856786
2020-01-28,463.7569580078125,482.1967468261719,0.0,504.9201354980469,477.14166259765625,504.87103271484375,0.0,31674769
2020-01-29,462.81292724609375,481.2151794433594,0.0,492.1596984863281,479.2520446777344,484.0126647949219,0.0,20037283
2020-01-30,462.3880920410156,480.7734680175781,0.0,483.81634521484375,471.2522277832031,482.93292236328125,0.0,15337903
2020-01-31,468.66595458984375,487.3009338378906,0.0,490.1965637207031,478.02508544921875,484.1108093261719,0.0,18356252
2020-02-03,481.50482177734375,500.6502990722656,0.0,503.88946533203125,486.9082946777344,486.9082946777344,0.0,15212799
2020-02-04,489.8595275878906,509.3371887207031,0.0,512.968994140625,494.17193603515625,504.5274963378906,0.0,14646591
2020-02-05,503.5008239746094,523.5208740234375,0.0,527.5944213867188,506.2943115234375,508.4537658691406,0.0,30647706
2020-02-06,516.1980590820312,536.7230224609375,0.0,542.6124267578125,524.257080078125,525.1895751953125,0.0,17180298
2020-02-07,509.25946044921875,529.5084838867188,0.0,538.8825073242188,528.33056640625,538.7843017578125,0.0,8967847
2020-02-10,508.5514221191406,528.7722778320312,0.0,533.631103515625,526.22021484375,530.24462890625,0.0,8570467
2020-02-11,504.39764404296875,524.453369140625,0.0,534.6126708984375,522.9319458007812,529.5575561523438,0.0,6622800
2020-02-12,509.4010314941406,529.6557006835938,0.0,532.3550415039062,525.1405029296875,526.1220703125,0.0,5160923
2020-02-13,509.73150634765625,529.999267578125,0.0,532.7476806640625,521.9503784179688,529.7538452148438,0.0,5729055
2020-02-14,533.3795166015625,554.587646484375,0.0,557.0906372070312,524.404296875,534.8580322265625,0.0,37517890
2020-02-17,533.2379150390625,554.4403686523438,0.0,558.2194213867188,546.2442626953125,554.5385131835938,0.0,23354434
2020-02-18,517.56689453125,538.1463012695312,0.0,558.3666381835938,527.3980712890625,552.968017578125,0.0,21865560
2020-02-19,512.9883422851562,533.3856811523438,0.0,543.397705078125,528.8213500976562,538.9806518554688,0.0,22088140
2020-02-20,515.0652465820312,535.545166015625,0.0,541.8272094726562,528.6741333007812,533.68017578125,0.0,16010058
2020-02-24,500.243896484375,520.1344604492188,0.0,532.060546875,517.3860473632812,532.011474609375,0.0,9834434
2020-02-25,505.2945251464844,525.3858642578125,0.0,528.0361328125,521.1651000976562,523.1773681640625,0.0,9804202
2020-02-26,505.955322265625,526.072998046875,0.0,529.4594116210938,510.7113952636719,522.8828735351562,0.0,18965240
2020-02-27,501.89593505859375,521.8522338867188,0.0,525.9747924804688,517.2879028320312,524.8460083007812,0.0,11381143
2020-02-28,494.2021179199219,513.8524169921875,0.0,518.662109375,504.0367126464844,515.2266235351562,0.0,16934165
2020-03-02,489.3403015136719,508.7973327636719,0.0,526.1220703125,502.4171142578125,524.158935546875,0.0,10096159
2020-03-03,491.6531982421875,511.2021789550781,0.0,523.5208740234375,504.67474365234375,514.3432006835938,0.0,10563605
2020-03-04,487.8298645019531,507.226806640625,0.0,522.9810180664062,498.04913330078125,515.3247680664062,0.0,18066379
2020-03-05,497.41180419921875,517.1897583007812,0.0,520.9197387695312,507.128662109375,513.1653442382812,0.0,14344961
2020-03-06,490.0955505371094,509.58258056640625,0.0,513.9996337890625,502.02447509765625,508.2083740234375,0.0,9503868
2020-03-09,468.4771728515625,487.1046142578125,0.0,502.5643615722656,482.00042724609375,500.6012268066406,0.0,15664232
2020-03-11,466.1642761230469,484.69976806640625,0.0,499.12884521484375,478.02508544921875,478.02508544921875,0.0,21401999
2020-03-12,438.9288635253906,456.3814392089844,0.0,472.6264343261719,450.7373962402344,469.6817321777344,0.0,14471096
2020-03-13,464.3233947753906,482.78570556640625,0.0,499.6687316894531,412.25982666015625,445.4369201660156,0.0,24254296
2020-03-16,438.7872619628906,456.23419189453125,0.0,483.86541748046875,447.7436218261719,463.5469055175781,0.0,14936276
2020-03-17,429.2525329589844,446.3203430175781,0.0,472.1356506347656,436.16107177734375,456.4305114746094,0.0,12629709
2020-03-18,401.7339172363281,417.7075500488281,0.0,469.9761962890625,399.94110107421875,451.5226745605469,0.0,29342689
2020-03-19,419.8593444824219,436.5537109375,0.0,443.3265380859375,355.08331298828125,408.7752380371094,0.0,24017236
2020-03-20,436.7575988769531,454.1238098144531,0.0,463.301513671875,428.60296630859375,436.7991027832031,0.0,19758966
2020-03-23,384.5524597167969,399.84295654296875,0.0,437.4862060546875,392.1376037597656,408.7261657714844,0.0,14907385
2020-03-24,381.4371643066406,396.603759765625,0.0,429.7808532714844,392.775634765625,403.3275146484375,0.0,12947855
2020-03-25,405.0852355957031,421.1921081542969,0.0,430.1734924316406,398.1252136230469,399.05767822265625,0.0,14093189
2020-03-26,444.3570556640625,462.0254821777344,0.0,484.356201171875,412.5052185058594,418.6400451660156,0.0,22302573
2020-03-27,423.8243103027344,440.6763000488281,0.0,466.0499267578125,429.43731689453125,462.0254821777344,0.0,16378409
2020-03-30,406.9260559082031,423.1061706542969,0.0,441.0198669433594,420.1123962402344,435.6702880859375,0.0,10210726
2020-03-31,416.224853515625,432.774658203125,0.0,438.7622375488281,416.18609619140625,432.872802734375,0.0,17059457
2020-04-01,397.7689208984375,413.5849304199219,0.0,431.8912353515625,404.7998962402344,431.8912353515625,0.0,9646905
2020-04-03,400.223388671875,416.13702392578125,0.0,424.0386657714844,407.94091796875,424.0386657714844,0.0,14419445
2020-04-07,443.8850402832031,461.5346984863281,0.0,476.7981262207031,425.16748046875,425.16748046875,0.0,15553539
2020-04-08,435.81353759765625,453.1422424316406,0.0,482.0495300292969,444.65167236328125,465.60821533203125,0.0,13639333
2020-04-09,461.3497009277344,479.6937561035156,0.0,483.2274169921875,462.3199462890625,462.3199462890625,0.0,11962829
2020-04-13,483.5345153808594,502.76068115234375,0.0,511.3003234863281,481.95135498046875,481.95135498046875,0.0,24416550
2020-04-15,481.9296569824219,501.0920104980469,0.0,526.072998046875,495.742431640625,524.10986328125,0.0,26277115
2020-04-16,472.44207763671875,491.2272033691406,0.0,503.5459289550781,488.184326171875,490.7854919433594,0.0,17401120
2020-04-17,474.33013916015625,493.1903381347656,0.0,503.0551452636719,489.0186767578125,501.5827941894531,0.0,16430317
2020-04-20,462.860107421875,481.2642517089844,0.0,498.3435974121094,477.9269104003906,498.3435974121094,0.0,11688508
2020-04-21,472.48931884765625,491.2762756347656,0.0,494.5154724121094,470.3197326660156,475.0803527832031,0.0,15781695
2020-04-22,473.33892822265625,492.1596984863281,0.0,507.52130126953125,482.9820251464844,506.4906311035156,0.0,18447565
2020-04-23,468.24114990234375,486.8592224121094,0.0,497.9509582519531,482.00042724609375,492.6014099121094,0.0,12767355
2020-04-24,466.589111328125,485.1414794921875,0.0,489.8039245605469,475.5220642089844,485.77947998046875,0.0,12161869
2020-04-27,466.4002380371094,484.9451599121094,0.0,493.779296875,482.0495300292969,488.8714294433594,0.0,10074370
2020-04-28,458.47039794921875,476.699951171875,0.0,488.2825012207031,475.17852783203125,488.2825012207031,0.0,11729091
2020-04-29,468.24114990234375,486.8592224121094,0.0,489.2149963378906,478.07415771484375,481.90228271484375,0.0,8371711
2020-04-30,485.5169677734375,504.82196044921875,0.0,506.4415588378906,486.073974609375,493.828369140625,0.0,20170888
2020-05-04,502.6983947753906,522.6865844726562,0.0,530.04833984375,490.6873474121094,493.1903381347656,0.0,34658164
2020-05-05,498.4974060058594,518.3185424804688,0.0,543.495849609375,516.3554077148438,528.085205078125,0.0,30498970
2020-05-06,515.4427490234375,535.937744140625,0.0,541.287353515625,520.28173828125,521.9503784179688,0.0,26074684
2020-05-07,498.4974060058594,518.3185424804688,0.0,535.2997436523438,514.784912109375,535.2997436523438,0.0,15823732
2020-05-08,500.3855285644531,520.28173828125,0.0,535.741455078125,518.56396484375,530.04833984375,0.0,13847608
2020-05-11,506.1912841796875,526.318359375,0.0,538.3917236328125,522.2939453125,523.2264404296875,0.0,14490804
2020-05-12,528.5177001953125,549.5325317382812,0.0,553.6060180664062,520.723388671875,523.1773681640625,0.0,23041211
2020-05-13,524.8359985351562,545.7044067382812,0.0,559.2500610351562,539.1769409179688,557.9249877929688,0.0,21509772
2020-05-14,509.6370849609375,529.901123046875,0.0,552.1336669921875,525.2386474609375,540.9437866210938,0.0,13428330
2020-05-15,523.0895385742188,543.8884887695312,0.0,546.6369018554688,529.4594116210938,533.4838256835938,0.0,14758117
2020-05-18,507.9377746582031,528.13427734375,0.0,548.6981811523438,525.3367919921875,546.6369018554688,0.0,21991328
2020-05-19,565.2879028320312,587.7647094726562,0.0,592.3781127929688,546.7350463867188,548.2073974609375,0.0,73259076
2020-05-20,560.8036499023438,583.1022338867188,0.0,600.721435546875,577.752685546875,593.8504638671875,0.0,36412918
2020-05-21,561.275634765625,583.593017578125,0.0,593.3596801757812,574.6116943359375,579.61767578125,0.0,20673544
2020-05-22,560.0013427734375,582.2679443359375,0.0,586.3905029296875,576.1821899414062,585.9978637695312,0.0,11630640
2020-05-26,527.951416015625,548.943603515625,0.0,565.8265991210938,547.27490234375,561.4586181640625,0.0,77933211
2020-05-27,531.5858154296875,552.72265625,0.0,555.1275024414062,543.6431274414062,550.6613159179688,0.0,22948762
2020-05-28,531.2555541992188,552.3790893554688,0.0,557.5323486328125,545.7534790039062,554.2440795898438,0.0,16574283
2020-05-29,521.6735229492188,542.4161376953125,0.0,553.6060180664062,533.7783203125,547.7166137695312,0.0,55206200
2020-06-01,527.762451171875,548.7472534179688,0.0,551.2993774414062,540.0112915039062,548.6981811523438,0.0,40024637
2020-06-02,526.8656616210938,547.8147583007812,0.0,561.7531127929688,545.8516235351562,552.6244506835938,0.0,32573015
2020-06-03,520.7766723632812,541.483642578125,0.0,557.8267822265625,539.1278686523438,557.5323486328125,0.0,29783799
2020-06-04,540.41259765625,561.9003295898438,0.0,574.6116943359375,539.42236328125,542.1216430664062,0.0,30007267
2020-06-05,551.6466674804688,573.5809936523438,0.0,579.1268920898438,556.9924926757812,573.2374877929688,0.0,48771843
2020-06-08,552.4017944335938,574.3662719726562,0.0,582.7587280273438,568.5259399414062,577.1637573242188,0.0,20813563
2020-06-09,536.0228271484375,557.3359985351562,0.0,580.7464599609375,555.2747192382812,569.3111572265625,0.0,15219451
2020-06-10,535.3619995117188,556.64892578125,0.0,565.3848876953125,552.673583984375,560.47705078125,0.0,19489440
2020-06-11,520.9654541015625,541.679931640625,0.0,563.2254638671875,536.6248779296875,559.4954833984375,0.0,27803048
2020-06-12,528.7537231445312,549.7778930664062,0.0,551.6428833007812,530.04833984375,530.04833984375,0.0,19224358
2020-06-15,519.8798217773438,540.5511474609375,0.0,553.3606567382812,538.8825073242188,545.7534790039062,0.0,13838935
2020-06-16,514.4043579101562,534.8580322265625,0.0,548.99267578125,527.1036376953125,547.7166137695312,0.0,19430678
2020-06-17,531.9161987304688,553.066162109375,0.0,555.0784301757812,531.0299072265625,536.7720947265625,0.0,20916747
2020-06-18,529.5089721679688,550.5631713867188,0.0,562.342041015625,547.9129638671875,553.8514404296875,0.0,19692591
2020-06-19,540.4597778320312,561.9494018554688,0.0,567.5443725585938,550.6613159179688,551.5447387695312,0.0,41924711
2020-06-22,548.5313110351562,570.3418579101562,0.0,577.1637573242188,559.8881225585938,565.1885986328125,0.0,12954502
2020-06-23,546.4071655273438,568.13330078125,0.0,573.826416015625,563.7653198242188,570.3418579101562,0.0,9944839
2020-06-24,526.1575927734375,547.07861328125,0.0,571.2743530273438,544.7719116210938,570.292724609375,0.0,12619809
2020-06-25,527.7153930664062,548.6981811523438,0.0,553.3115844726562,539.8640747070312,543.6921997070312,0.0,15881470
2020-06-26,529.0369262695312,550.0723876953125,0.0,555.9617919921875,546.8822631835938,549.6797485351562,0.0,11317405
2020-06-29,535.3619995117188,556.64892578125,0.0,558.46484375,541.0419311523438,548.6000366210938,0.0,13162970
2020-06-30,528.5177001953125,549.5325317382812,0.0,566.366455078125,547.127685546875,561.4586181640625,0.0,13182057
2020-07-01,528.8009033203125,549.8270263671875,0.0,564.4033203125,548.0111083984375,564.4033203125,0.0,13894655
2020-07-02,527.1961669921875,548.1583251953125,0.0,556.55078125,547.323974609375,554.3912963867188,0.0,13795692
2020-07-03,548.9088745117188,570.7344360351562,0.0,572.6976318359375,550.2686767578125,551.4465942382812,0.0,21005887
2020-07-06,544.3302612304688,565.9738159179688,0.0,578.4398193359375,564.452392578125,576.7711181640625,0.0,16114629
2020-07-07,535.4091796875,556.697998046875,0.0,571.86328125,555.6182861328125,568.32958984375,0.0,12759442
2020-07-08,529.8866577148438,550.955810546875,0.0,563.4217529296875,548.6981811523438,561.4586181640625,0.0,9581306
2020-07-09,536.8252563476562,558.1703491210938,0.0,559.7408447265625,549.9742431640625,553.6060180664062,0.0,8611659
2020-07-10,542.53662109375,564.1088256835938,0.0,568.32958984375,555.2256469726562,558.612060546875,0.0,13532330
2020-07-13,553.95947265625,575.98583984375,0.0,578.1453247070312,559.4954833984375,563.9125366210938,0.0,16660491
2020-07-14,556.3667602539062,578.4888916015625,0.0,585.8015747070312,567.8878784179688,573.728271484375,0.0,32935464
2020-07-15,532.0579223632812,553.2134399414062,0.0,578.0962524414062,549.336181640625,578.0962524414062,0.0,20062926
2020-07-16,531.2555541992188,552.3790893554688,0.0,555.7655029296875,543.1032104492188,555.4710083007812,0.0,11528871
2020-07-17,535.0315551757812,556.3053588867188,0.0,563.3236083984375,551.3975219726562,552.72265625,0.0,12189475
2020-07-20,543.5279541015625,565.1395263671875,0.0,571.76513671875,557.1397094726562,560.47705078125,0.0,9789671
2020-07-21,535.9755859375,557.2869262695312,0.0,573.0411376953125,555.9127197265625,569.3111572265625,0.0,12005925
2020-07-22,537.2972412109375,558.6611328125,0.0,564.8941040039062,552.4281616210938,557.5323486328125,0.0,11034525
2020-07-23,535.4563598632812,556.7470703125,0.0,565.1395263671875,553.6060180664062,559.4954833984375,0.0,9718786
2020-07-24,528.14013671875,549.139892578125,0.0,556.943359375,545.16455078125,554.587646484375,0.0,9960443
2020-07-27,528.187255859375,549.18896484375,0.0,553.3606567382812,534.1218872070312,547.9129638671875,0.0,10895560
2020-07-28,533.001953125,554.1950073242188,0.0,563.6671752929688,545.06640625,548.2073974609375,0.0,14210206
2020-07-29,534.5123291015625,555.7655029296875,0.0,558.6611328125,549.9251708984375,554.8330078125,0.0,9979767
2020-07-30,521.7678833007812,542.5142822265625,0.0,569.7528686523438,533.0421142578125,565.3848876953125,0.0,45326361
2020-07-31,523.7975463867188,544.6246948242188,0.0,548.99267578125,536.2322387695312,540.7474365234375,0.0,13917435
2020-08-03,516.7172241210938,537.2628784179688,0.0,546.2442626953125,536.3303833007812,544.2811279296875,0.0,9392745
2020-08-04,518.2749633789062,538.8825073242188,0.0,543.15234375,535.79052734375,537.9009399414062,0.0,12035116
2020-08-05,527.6680908203125,548.6491088867188,0.0,550.1705322265625,536.4776611328125,541.8272094726562,0.0,12920232
2020-08-06,526.1048583984375,545.06640625,1.963142,551.3484497070312,542.4652099609375,551.3484497070312,0.0,10620956
2020-08-07,531.315673828125,550.4650268554688,0.0,553.01708984375,541.8762817382812,545.7534790039062,0.0,7346008
2020-08-10,529.4682006835938,548.5509643554688,0.0,554.587646484375,544.5756225585938,553.9005126953125,0.0,9594610
2020-08-11,522.1256103515625,540.9437866210938,0.0,550.1705322265625,540.0603637695312,547.7166137695312,0.0,8290695
2020-08-12,518.9044189453125,537.6064453125,0.0,550.90673828125,535.2997436523438,539.8640747070312,0.0,12613101
2020-08-13,507.2037048339844,525.4840087890625,0.0,538.1953735351562,514.588623046875,524.158935546875,0.0,37464752
2020-08-14,500.8086242675781,518.8584594726562,0.0,532.8458251953125,515.3247680664062,532.8458251953125,0.0,18550546
2020-08-17,493.9871520996094,511.7911071777344,0.0,522.6865844726562,508.55194091796875,520.7725219726562,0.0,19369462
2020-08-18,498.6295471191406,516.600830078125,0.0,519.3492431640625,510.56414794921875,512.4291381835938,0.0,13771669
2020-08-19,507.6773681640625,525.9747924804688,0.0,529.9501953125,517.3860473632812,519.2510375976562,0.0,17395288
2020-08-20,497.9189758300781,515.8646240234375,0.0,523.7662963867188,513.067138671875,521.2142333984375,0.0,13690809
2020-08-21,492.8976135253906,510.6623229980469,0.0,520.0363159179688,506.4906311035156,520.0363159179688,0.0,22244899
2020-08-24,499.1980285644531,517.1897583007812,0.0,522.58837890625,498.8343811035156,508.3556213378906,0.0,29714401
2020-08-25,500.85601806640625,518.9075317382812,0.0,525.7785034179688,516.3063354492188,524.6497192382812,0.0,19881871
2020-08-26,487.449951171875,505.0182800292969,0.0,518.662109375,502.5643615722656,518.662109375,0.0,26386996
2020-08-27,484.27606201171875,501.7300109863281,0.0,508.944580078125,498.6380615234375,504.9201354980469,0.0,22268191
2020-08-28,495.9294128417969,513.8033447265625,0.0,519.7909545898438,502.6625061035156,502.6625061035156,0.0,22217757
2020-08-31,486.12353515625,503.6440734863281,0.0,512.674560546875,499.1779479980469,508.944580078125,0.0,190329697
2020-09-01,517.5306396484375,536.1831665039062,0.0,545.213623046875,504.72381591796875,507.9629821777344,0.0,75732733
2020-09-02,521.6046142578125,540.4039306640625,0.0,548.6981811523438,535.0543823242188,539.8640747070312,0.0,35680638
2020-09-03,509.7143859863281,528.085205078125,0.0,542.7106323242188,525.7785034179688,540.4039306640625,0.0,25084656
2020-09-04,495.6451110839844,513.5088500976562,0.0,528.085205078125,509.9261474609375,521.7050170898438,0.0,28610361
2020-09-07,488.3499755859375,505.9507751464844,0.0,518.2694702148438,500.89569091796875,515.3247680664062,0.0,16450037
2020-09-08,471.9122009277344,488.9205322265625,0.0,507.3249816894531,484.8960876464844,506.4906311035156,0.0,33745174
2020-09-09,477.73883056640625,494.9571838378906,0.0,497.3129577636719,482.0495300292969,484.159912109375,0.0,32068518
2020-09-10,471.20159912109375,488.184326171875,0.0,498.6380615234375,482.1476745605469,498.6380615234375,0.0,21400064
2020-09-11,465.80126953125,482.5893859863281,0.0,493.1903381347656,479.5465087890625,490.098388671875,0.0,15888599
2020-09-14,449.1739807128906,465.3628234863281,0.0,488.086181640625,459.6697082519531,486.8592224121094,0.0,53032505
2020-09-15,460.0220031738281,476.601806640625,0.0,478.6630859375,461.387451171875,466.3934631347656,0.0,31436333
2020-09-16,456.4217834472656,472.871826171875,0.0,481.6568908691406,471.6939392089844,478.02508544921875,0.0,13379581
2020-09-17,453.8163757324219,470.1725158691406,0.0,473.4607849121094,465.2646484375,471.1540832519531,0.0,13750507
2020-09-18,468.5487976074219,485.4359436035156,0.0,488.47882080078125,466.54071044921875,474.0987854003906,0.0,55830089
2020-09-21,443.1578063964844,459.12982177734375,0.0,486.8592224121094,452.7496337890625,486.8592224121094,0.0,23162880
2020-09-22,446.18963623046875,462.2708740234375,0.0,469.6817321777344,452.5042419433594,459.86602783203125,0.0,18950065
2020-09-23,410.9927673339844,425.8055114746094,0.0,458.3936462402344,416.08795166015625,458.3936462402344,0.0,86810146
2020-09-24,397.2550964355469,411.5727233886719,0.0,425.5110168457031,408.48077392578125,417.4130554199219,0.0,36458719
2020-09-25,416.53521728515625,431.5476989746094,0.0,436.7500305175781,414.3702087402344,417.16766357421875,0.0,34232784
2020-09-28,420.32489013671875,435.4739685058594,0.0,439.4002685546875,426.0509033203125,437.7806701660156,0.0,21445626
2020-09-29,412.6981201171875,427.57232666015625,0.0,436.3573913574219,421.5847473144531,435.8175354003906,0.0,18187111
2020-09-30,398.8183898925781,413.19232177734375,0.0,432.28387451171875,410.44390869140625,429.9281005859375,0.0,27686374
2020-10-01,409.6190185546875,424.3822326660156,0.0,426.59075927734375,415.8425598144531,418.1492614746094,0.0,13593932
2020-10-05,402.13433837890625,416.6278076171875,0.0,429.43731689453125,415.20452880859375,424.3822326660156,0.0,15282146
2020-10-06,404.3134460449219,418.88543701171875,0.0,422.0755310058594,415.3027038574219,419.1308288574219,0.0,11078299
2020-10-07,400.2395324707031,414.6646728515625,0.0,423.79327392578125,413.33953857421875,419.91607666015625,0.0,10393534
2020-10-08,402.13433837890625,416.6278076171875,0.0,427.47418212890625,411.37640380859375,418.1492614746094,0.0,17018635
2020-10-09,402.8449401855469,417.3639831542969,0.0,426.9833984375,415.4989929199219,420.1123962402344,0.0,20948615
2020-10-12,393.2285461425781,407.4010314941406,0.0,422.6644592285156,404.260009765625,420.1123962402344,0.0,14326607
2020-10-13,393.46539306640625,407.64642333984375,0.0,419.6216125488281,405.4869689941406,413.3886413574219,0.0,28303313
2020-10-14,391.5232238769531,405.63421630859375,0.0,411.76904296875,403.72015380859375,408.7261657714844,0.0,14374547
2020-10-15,378.21185302734375,391.8431396484375,0.0,407.8427429199219,387.7205505371094,405.7814636230469,0.0,28378188
2020-10-16,380.5330505371094,394.24798583984375,0.0,399.79388427734375,391.0088195800781,396.99639892578125,0.0,23786283
2020-10-19,376.7907409667969,390.37078857421875,0.0,397.1927185058594,386.7389831542969,396.11297607421875,0.0,17237471
2020-10-20,383.7069091796875,397.5362548828125,0.0,405.58514404296875,389.6346130371094,390.37078857421875,0.0,26395238
2020-10-21,396.9709167480469,411.27825927734375,0.0,412.4561462402344,396.11297607421875,398.2233581542969,0.0,23929199
2020-10-22,408.0083923339844,422.71356201171875,0.0,424.3822326660156,410.29669189453125,411.27825927734375,0.0,27014551
2020-10-23,411.56121826171875,426.3944396972656,0.0,429.53546142578125,419.42529296875,426.8852233886719,0.0,18512271
2020-10-26,411.2296142578125,426.0509033203125,0.0,431.35137939453125,420.1123962402344,426.3453674316406,0.0,11956996
2020-10-27,410.5664367675781,425.3638000488281,0.0,430.8115234375,419.6216125488281,426.0509033203125,0.0,13021129
2020-10-28,428.0937805175781,443.5228576660156,0.0,479.00665283203125,433.8543701171875,437.7806701660156,0.0,125905730
2020-10-29,427.0989990234375,442.4922180175781,0.0,448.6761169433594,436.7991027832031,439.4493408203125,0.0,25537340
2020-10-30,410.94537353515625,425.75640869140625,0.0,446.51666259765625,422.5663146972656,446.51666259765625,0.0,23483928
2020-11-02,433.3520202636719,448.9705810546875,0.0,451.5226745605469,426.9833984375,426.9833984375,0.0,28703578
2020-11-03,430.6991882324219,446.22216796875,0.0,452.2097473144531,439.2039489746094,449.55950927734375,0.0,16337850
2020-11-04,429.2306823730469,444.70074462890625,0.0,447.1546630859375,438.90948486328125,444.65167236328125,0.0,10191499
2020-11-05,433.2572326660156,448.8724060058594,0.0,453.38763427734375,444.259033203125,448.57794189453125,0.0,9407770
2020-11-06,426.246337890625,441.6087951660156,0.0,451.8662109375,440.47998046875,448.57794189453125,0.0,12195207
2020-11-09,446.9949035644531,463.1051940917969,0.0,466.0008239746094,444.2099609375,447.8908386230469,0.0,24953555
2020-11-10,441.8787841796875,457.8047180175781,0.0,465.4118957519531,456.4305114746094,465.2646484375,0.0,9800899
2020-11-11,453.4373779296875,469.7798767089844,0.0,472.47918701171875,455.4980163574219,459.3261413574219,0.0,16032885
2020-11-12,454.6216735839844,471.0068359375,0.0,474.29510498046875,466.2953186035156,468.0621337890625,0.0,14785276
2020-11-13,450.7372131347656,466.9823913574219,0.0,469.1909484863281,461.33837890625,468.2093811035156,0.0,8428163
2020-11-14,456.1849060058594,472.6264343261719,0.0,478.02508544921875,470.1725158691406,478.02508544921875,0.0,4014491
2020-11-17,459.0745544433594,475.6202392578125,0.0,485.8285827636719,472.38104248046875,481.85321044921875,0.0,19050384
2020-11-18,453.2478942871094,469.58355712890625,0.0,476.06195068359375,462.4180908203125,475.0312805175781,0.0,10504589
2020-11-19,443.915771484375,459.91510009765625,0.0,472.5773620605469,458.3936462402344,467.227783203125,0.0,11541941
2020-11-20,458.2692565917969,474.785888671875,0.0,476.9944152832031,456.7740783691406,461.82916259765625,0.0,12090462
2020-11-23,452.15838623046875,468.45477294921875,0.0,477.7796936035156,466.3443908691406,477.7796936035156,0.0,10193531
2020-11-24,449.31610107421875,465.5100402832031,0.0,472.38104248046875,462.5162658691406,469.58355712890625,0.0,9346208
2020-11-25,439.69970703125,455.5470886230469,0.0,469.0927734375,450.1975402832031,467.7185974121094,0.0,14497115
2020-11-26,443.7736511230469,459.7678527832031,0.0,460.99481201171875,451.6208190917969,460.06231689453125,0.0,11535113
2020-11-27,438.8944091796875,454.7127685546875,0.0,463.9395446777344,453.4858093261719,459.6697082519531,0.0,18491882
2020-12-01,454.2427062988281,470.6142272949219,0.0,473.6080017089844,452.0134582519531,459.12982177734375,0.0,18534936
2020-12-02,459.4061584472656,475.9637756347656,0.0,478.9084777832031,465.313720703125,472.1356506347656,0.0,20948620
2020-12-03,454.6690368652344,471.0559387207031,0.0,480.1354675292969,465.2646484375,478.12322998046875,0.0,20094168
2020-12-04,467.7909240722656,484.65069580078125,0.0,488.62603759765625,474.4914245605469,477.8778381347656,0.0,31622330
2020-12-07,482.19171142578125,499.570556640625,0.0,501.0920104980469,485.4850158691406,488.8223571777344,0.0,22541162
2020-12-08,477.1230163574219,494.31915283203125,0.0,506.73602294921875,490.44195556640625,504.5274963378906,0.0,19661141
2020-12-09,476.6019287109375,493.779296875,0.0,497.558349609375,489.902099609375,495.59521484375,0.0,11826802
2020-12-10,478.5915222167969,495.8406066894531,0.0,499.3742370605469,484.9942321777344,492.2578430175781,0.0,13441906
2020-12-11,477.88092041015625,495.1044006347656,0.0,499.12884521484375,488.13525390625,499.12884521484375,0.0,14019094
2020-12-14,476.6019287109375,493.779296875,0.0,502.5643615722656,491.914306640625,497.656494140625,0.0,14147649
2020-12-15,477.69146728515625,494.9081115722656,0.0,497.4601745605469,488.9205322265625,496.5276794433594,0.0,13320211
2020-12-16,489.060546875,506.68695068359375,0.0,509.2390441894531,492.8468017578125,494.9081115722656,0.0,17707777
2020-12-17,488.01837158203125,505.60723876953125,0.0,512.870849609375,502.5643615722656,507.4721984863281,0.0,20023766
2020-12-18,483.8023376464844,501.2392272949219,0.0,505.4109191894531,495.742431640625,504.4293518066406,0.0,11000487
2020-12-21,465.0906982421875,481.85321044921875,0.0,501.7790832519531,471.30133056640625,498.14727783203125,0.0,15539470
2020-12-22,473.99652099609375,491.0799865722656,0.0,495.693359375,476.601806640625,484.8960876464844,0.0,21632475
2020-12-23,480.5337219238281,497.8528137207031,0.0,500.11041259765625,489.2149963378906,491.0799865722656,0.0,13326963
2020-12-24,490.1027526855469,507.7666931152344,0.0,513.3616333007812,501.04290771484375,510.41693115234375,0.0,21241048
2020-12-28,494.1766052246094,511.9874267578125,0.0,517.2879028320312,507.07958984375,510.51507568359375,0.0,13124256
2020-12-29,492.8976135253906,510.6623229980469,0.0,515.2756958007812,505.60723876953125,513.3616333007812,0.0,11457626
2020-12-30,489.0132141113281,506.63787841796875,0.0,513.7542724609375,503.84039306640625,513.7542724609375,0.0,10691466
2020-12-31,482.9022521972656,500.3067321777344,0.0,508.8954772949219,496.9693908691406,507.57037353515625,0.0,15816475
2021-01-01,488.0657653808594,505.65631103515625,0.0,506.8832702636719,498.8343811035156,502.80975341796875,0.0,10377082
2021-01-04,489.9132385253906,507.57037353515625,0.0,510.90771484375,502.1717224121094,507.4721984863281,0.0,13489114
2021-01-05,486.9762268066406,504.5274963378906,0.0,507.3740539550781,501.6809387207031,504.5274963378906,0.0,10689423
2021-01-06,497.6820983886719,515.6192626953125,0.0,521.9503784179688,503.6440734863281,505.5090637207031,0.0,30837593
2021-01-07,516.5831909179688,535.2015991210938,0.0,544.2320556640625,517.3860473632812,522.19580078125,0.0,39444841
2021-01-08,511.84613037109375,530.2937622070312,0.0,539.61865234375,527.3980712890625,539.1769409179688,0.0,14538362
2021-01-11,518.3833618164062,537.0665893554688,0.0,544.1339111328125,531.5206909179688,531.5206909179688,0.0,19892197
2021-01-12,536.0054321289062,555.3237915039062,0.0,558.513916015625,534.9561767578125,538.8825073242188,0.0,25857074
2021-01-13,547.8482055664062,567.5934448242188,0.0,590.6112670898438,556.55078125,577.1637573242188,0.0,85239439
2021-01-14,550.0272827148438,569.85107421875,0.0,574.022705078125,559.5445556640625,571.96142578125,0.0,16974338
2021-01-15,570.9653930664062,591.5437622070312,0.0,599.3963623046875,582.8568725585938,598.3165893554688,0.0,57451072
2021-01-18,556.0908813476562,576.1331176757812,0.0,591.8873291015625,573.2374877929688,591.5437622070312,0.0,21359539
2021-01-19,561.1596069335938,581.384521484375,0.0,586.4395751953125,575.69140625,580.2066040039062,0.0,11034273
2021-01-20,564.8071899414062,585.16357421875,0.0,591.3965454101562,578.1453247070312,581.384521484375,0.0,13333007
2021-01-21,550.7852172851562,570.6362915039062,0.0,592.91796875,563.8143920898438,589.18798828125,0.0,17380638
2021-01-22,546.5218505859375,566.21923828125,0.0,574.7589111328125,562.1947631835938,573.1392822265625,0.0,12662954
2021-01-25,550.2167358398438,570.04736328125,0.0,577.0165405273438,559.0537719726562,568.32958984375,0.0,12503932
2021-01-27,540.7899169921875,560.2807006835938,0.0,571.0289306640625,551.9864501953125,569.3111572265625,0.0,15567653
2021-01-28,540.8846435546875,560.37890625,0.0,565.2376708984375,552.3790893554688,556.0599975585938,0.0,15201598
2021-01-29,524.4942016601562,543.397705078125,0.0,567.8388061523438,540.4530029296875,567.8388061523438,0.0,25521965
2021-02-01,548.700927734375,568.4768676757812,0.0,570.3909301757812,539.0787963867188,548.6981811523438,0.0,14212955
2021-02-02,567.8389282226562,588.3045654296875,0.0,594.4884643554688,568.5750122070312,574.120849609375,0.0,21711996
2021-02-03,576.8394775390625,597.6295166015625,0.0,611.0279541015625,588.4027099609375,598.1693725585938,0.0,30641248
2021-02-04,569.0232543945312,589.5315551757812,0.0,611.5187377929688,584.6727905273438,603.5679931640625,0.0,51976676
2021-02-05,550.54833984375,570.3909301757812,0.0,594.73388671875,565.6303100585938,592.6725463867188,0.0,35465208
2021-02-08,565.8966064453125,586.2923583984375,0.0,592.5253295898438,573.924560546875,578.1453247070312,0.0,21646080
2021-02-09,567.4598999023438,587.9119262695312,0.0,596.5498046875,584.0347290039062,587.8628540039062,0.0,20927436
2021-02-10,559.169921875,579.3231811523438,0.0,596.5498046875,569.5565795898438,593.8013916015625,0.0,31642664
2021-02-11,566.6546020507812,587.07763671875,0.0,592.4271850585938,578.1453247070312,581.0900268554688,0.0,19253595
2021-02-12,555.4276123046875,575.4459838867188,0.0,586.8322143554688,573.826416015625,586.8322143554688,0.0,15905053
2021-02-15,562.4860229492188,582.7587280273438,0.0,591.8873291015625,579.1268920898438,581.1881713867188,0.0,17972742
2021-02-16,562.7227783203125,583.0040893554688,0.0,590.5131225585938,582.0715942382812,584.0347290039062,0.0,15064854
2021-02-17,562.6280517578125,582.9059448242188,0.0,587.7647094726562,579.1759643554688,585.9487915039062,0.0,16436661
2021-02-18,558.0803833007812,578.1943969726562,0.0,586.9794311523438,574.4153442382812,585.9978637695312,0.0,22193564
2021-02-19,550.7852172851562,570.6362915039062,0.0,585.0162963867188,564.8941040039062,579.1268920898438,0.0,19465126
2021-02-22,540.316162109375,559.7899169921875,0.0,574.120849609375,557.5323486328125,571.2743530273438,0.0,20227667
2021-02-23,535.8159790039062,555.1275024414062,0.0,566.366455078125,553.6060180664062,564.4033203125,0.0,23764401
2021-02-24,542.826904296875,562.39111328125,0.0,563.5198974609375,554.783935546875,557.6304931640625,0.0,8888950
2021-02-25,548.700927734375,568.4768676757812,0.0,573.67919921875,566.41552734375,569.2130126953125,0.0,16230241
2021-02-26,527.05224609375,546.0479736328125,0.0,575.1515502929688,541.581787109375,563.9125366210938,0.0,198547005
2021-03-01,504.2193298339844,522.39208984375,0.0,548.7963256835938,511.39849853515625,547.7166137695312,0.0,55091122
2021-03-02,512.7462158203125,531.2262573242188,0.0,533.974609375,519.1038208007812,530.5391235351562,0.0,30622757
2021-03-03,517.5780639648438,536.2322387695312,0.0,540.6002197265625,530.04833984375,538.6370849609375,0.0,24669015
2021-03-04,511.23028564453125,529.6557006835938,0.0,535.937744140625,528.085205078125,530.04833984375,0.0,17678275
2021-03-05,504.7878112792969,522.9810180664062,0.0,528.5759887695312,514.73583984375,525.1405029296875,0.0,16658703
2021-03-08,498.0611267089844,516.0119018554688,0.0,525.5822143554688,515.0794067382812,521.2142333984375,0.0,15293359
2021-03-09,494.3187561035156,512.1346435546875,0.0,522.19580078125,504.82196044921875,520.330810546875,0.0,20181762
2021-03-10,498.2031555175781,516.1591186523438,0.0,520.723388671875,506.8341979980469,510.6132507324219,0.0,19013738
2021-03-12,496.63995361328125,514.5394897460938,0.0,522.9319458007812,511.9383544921875,520.7725219726562,0.0,11624491
2021-03-15,495.3609313964844,513.2144165039062,0.0,518.0731811523438,506.8832702636719,518.0731811523438,0.0,10875944
2021-03-16,501.4718322753906,519.5455322265625,0.0,523.9135131835938,514.3432006835938,514.3432006835938,0.0,13252045
2021-03-17,495.4082946777344,513.2634887695312,0.0,521.2142333984375,509.43536376953125,519.0547485351562,0.0,8482758
2021-03-18,499.48223876953125,517.4842529296875,0.0,522.39208984375,505.8526306152344,520.0853881835938,0.0,12465338
2021-03-19,502.0876159667969,520.1835327148438,0.0,524.8950805664062,515.8155517578125,518.2694702148438,0.0,49597558
2021-03-22,500.24017333984375,518.2694702148438,0.0,524.158935546875,513.3616333007812,523.2264404296875,0.0,13581706
2021-03-23,501.4244079589844,519.4964599609375,0.0,522.637451171875,512.5272827148438,519.9381713867188,0.0,15239339
2021-03-24,496.1188659667969,513.9996337890625,0.0,523.6190795898438,511.8892822265625,518.2694702148438,0.0,10801499
2021-03-25,481.0547790527344,498.3926696777344,0.0,513.9996337890625,490.3437805175781,513.7542724609375,0.0,17572322
2021-03-26,495.02935791015625,512.870849609375,0.0,515.2266235351562,501.1901550292969,502.6625061035156,0.0,11148490
2021-03-30,494.0819091796875,511.8892822265625,0.0,518.1713256835938,506.73602294921875,518.0731811523438,0.0,10691124
2021-03-31,490.1027526855469,507.7666931152344,0.0,516.2081909179688,506.73602294921875,512.7236328125,0.0,7712521
2021-04-01,493.4186706542969,511.2021789550781,0.0,514.2450561523438,505.0673522949219,510.3678283691406,0.0,7111516
2021-04-05,500.47698974609375,518.514892578125,0.0,519.2510375976562,505.1164245605469,511.2021789550781,0.0,9376649
2021-04-06,504.2193298339844,522.39208984375,0.0,527.93798828125,514.883056640625,518.76025390625,0.0,13115141
2021-04-07,513.1251831054688,531.6188354492188,0.0,536.8211669921875,525.3858642578125,527.1036376953125,0.0,21391503
2021-04-08,514.4515380859375,532.9930419921875,0.0,538.4407958984375,530.5391235351562,536.7230224609375,0.0,11367448
2021-04-09,516.5831909179688,535.2015991210938,0.0,539.61865234375,526.6128540039062,529.5575561523438,0.0,11641539
2021-04-12,494.9819641113281,512.82177734375,0.0,528.9195556640625,508.944580078125,527.6434936523438,0.0,9869735
2021-04-13,507.9615783691406,526.269287109375,0.0,530.04833984375,513.4597778320312,516.698974609375,0.0,6657701
2021-04-15,510.993408203125,529.4103393554688,0.0,536.0850219726562,520.47802734375,530.04833984375,0.0,9989813
2021-04-16,512.31982421875,530.7845458984375,0.0,534.1218872070312,528.085205078125,530.097412109375,0.0,6273393
2021-04-19,498.77166748046875,516.748046875,0.0,525.1405029296875,513.6070556640625,522.441162109375,0.0,7368743
2021-04-20,502.3244934082031,520.428955078125,0.0,527.1036376953125,516.2081909179688,519.2510375976562,0.0,7369109
2021-04-22,502.9403076171875,521.0669555664062,0.0,523.5699462890625,516.3554077148438,520.2326049804688,0.0,6675147
2021-04-23,495.12408447265625,512.968994140625,0.0,522.637451171875,509.53350830078125,519.2510375976562,0.0,7123670
2021-04-26,499.8138122558594,517.8277587890625,0.0,518.76025390625,513.1162719726562,513.1162719726562,0.0,5929161
2021-04-27,506.20892333984375,524.453369140625,0.0,528.6250610351562,516.5517578125,517.7296142578125,0.0,9875033
2021-04-28,515.6832275390625,534.2691040039062,0.0,537.9009399414062,525.7294311523438,526.072998046875,0.0,12195400
2021-04-29,512.41455078125,530.8826904296875,0.0,539.8640747070312,529.1649169921875,539.569580078125,0.0,8846896
2021-04-30,508.5301208496094,526.8582153320312,0.0,536.9193115234375,523.6681518554688,523.6681518554688,0.0,8331737
2021-05-03,529.4682006835938,548.5509643554688,0.0,552.1336669921875,519.3001098632812,520.2326049804688,0.0,14556346
2021-05-04,523.4047241210938,542.2689208984375,0.0,555.5200805664062,536.6248779296875,555.5200805664062,0.0,14196229
2021-05-05,530.5103759765625,549.6306762695312,0.0,554.5385131835938,543.7903442382812,546.6369018554688,0.0,12095639
2021-05-06,529.3734741210938,548.4528198242188,0.0,553.9986572265625,542.4161376953125,549.6306762695312,0.0,9169742
2021-05-07,538.61083984375,558.0231323242188,0.0,562.342041015625,546.6369018554688,550.857666015625,0.0,12894499
2021-05-10,542.4479370117188,561.9984741210938,0.0,566.366455078125,558.612060546875,561.4586181640625,0.0,8365615
2021-05-11,538.51611328125,557.9249877929688,0.0,564.256103515625,553.6551513671875,555.0784301757812,0.0,8033470
2021-05-12,532.2157592773438,551.3975219726562,0.0,558.6611328125,547.9129638671875,557.5323486328125,0.0,6815070
2021-05-14,530.9367065429688,550.0723876953125,0.0,558.857421875,545.9006958007812,553.6060180664062,0.0,7697716
2021-05-17,520.7518920898438,539.5205078125,0.0,553.5569458007812,535.741455078125,553.5569458007812,0.0,13677009
2021-05-18,508.1512451171875,526.4656372070312,0.0,542.7106323242188,524.6987915039062,537.4100952148438,0.0,34968901
2021-05-19,500.4296569824219,518.4658203125,0.0,530.5881958007812,516.502685546875,527.987060546875,0.0,19583966
2021-05-20,493.2765808105469,511.054931640625,0.0,521.2142333984375,510.41693115234375,521.2142333984375,0.0,14036583
2021-05-21,503.0350646972656,521.1651000976562,0.0,523.4718017578125,512.3800659179688,513.6070556640625,0.0,10492773
2021-05-24,499.103271484375,517.0916137695312,0.0,523.1773681640625,516.3063354492188,521.2142333984375,0.0,6386039
2021-05-25,498.4400634765625,516.4044799804688,0.0,521.0178833007812,514.833984375,520.1344604492188,0.0,9412913
2021-05-26,498.1084899902344,516.0609741210938,0.0,521.0178833007812,515.3247680664062,519.2510375976562,0.0,6908901
2021-05-27,492.4712829589844,510.2206115722656,0.0,517.2879028320312,509.140869140625,516.4044799804688,0.0,22783169
2021-05-28,496.07147216796875,513.9505615234375,0.0,518.76025390625,510.8095397949219,512.6254272460938,0.0,10248988
2021-05-31,506.7774353027344,525.0423583984375,0.0,526.1220703125,515.4229125976562,515.8155517578125,0.0,12803471
2021-06-01,504.88250732421875,523.0791625976562,0.0,528.4778442382812,520.527099609375,527.5453491210938,0.0,8435896
2021-06-02,501.6612548828125,519.7418212890625,0.0,524.7478637695312,518.2694702148438,520.1344604492188,0.0,10567595
2021-06-03,504.0772705078125,522.244873046875,0.0,523.5699462890625,518.76025390625,520.2326049804688,0.0,6290021
2021-06-04,504.6930847167969,522.8828735351562,0.0,525.9257202148438,521.4105224609375,524.10986328125,0.0,4878809
2021-06-07,508.2459716796875,526.5637817382812,0.0,531.0299072265625,523.1773681640625,524.158935546875,0.0,9674473
2021-06-08,518.0517578125,536.7230224609375,0.0,537.9009399414062,524.158935546875,528.183349609375,0.0,12822963
2021-06-09,511.6092224121094,530.04833984375,0.0,541.33642578125,525.4840087890625,539.765869140625,0.0,12674395
2021-06-10,516.488525390625,535.1034545898438,0.0,537.753662109375,530.3919067382812,533.87646484375,0.0,7018193
2021-06-11,512.41455078125,530.8826904296875,0.0,539.61865234375,530.097412109375,535.4469604492188,0.0,7777365
2021-06-14,510.993408203125,529.4103393554688,0.0,530.8826904296875,519.5455322265625,530.8826904296875,0.0,5714387
2021-06-15,513.977783203125,532.5022583007812,0.0,533.631103515625,528.4778442382812,531.0299072265625,0.0,7264778
2021-06-16,508.5301208496094,526.8582153320312,0.0,533.7783203125,525.0423583984375,533.7783203125,0.0,10045600
2021-06-17,500.85601806640625,518.9075317382812,0.0,531.2753295898438,517.3369750976562,529.5575561523438,0.0,10214732
2021-06-18,510.42498779296875,528.8213500976562,0.0,531.913330078125,509.43536376953125,521.6068115234375,0.0,15000348
2021-06-21,511.23028564453125,529.6557006835938,0.0,531.913330078125,523.1773681640625,525.1405029296875,0.0,5742834
2021-06-22,508.19854736328125,526.5147094726562,0.0,538.8825073242188,525.6312866210938,537.9500122070312,0.0,9114558
2021-06-23,505.97210693359375,524.2080078125,0.0,529.2630615234375,522.8828735351562,528.085205078125,0.0,4767421
2021-06-24,500.95074462890625,519.0056762695312,0.0,525.5822143554688,517.6805419921875,525.1405029296875,0.0,6419922
2021-06-25,506.9668884277344,525.2386474609375,0.0,526.02392578125,519.5946044921875,521.5086669921875,0.0,5504204
2021-06-28,503.27197265625,521.4105224609375,0.0,527.1036376953125,520.67431640625,527.1036376953125,0.0,5265796
2021-06-29,497.3505554199219,515.2756958007812,0.0,522.441162109375,514.3432006835938,521.4595947265625,0.0,8713975
2021-06-30,498.013671875,515.9627685546875,0.0,520.625244140625,514.686767578125,517.2879028320312,0.0,5760552
2021-07-01,495.17144775390625,513.01806640625,0.0,521.2142333984375,512.3800659179688,519.2510375976562,0.0,6575188
2021-07-02,497.39788818359375,515.3247680664062,0.0,523.1773681640625,510.41693115234375,515.9136962890625,0.0,13309063
2021-07-05,496.403076171875,514.2941284179688,0.0,518.76025390625,513.6561279296875,518.2694702148438,0.0,6373586
2021-07-06,498.4400634765625,516.4044799804688,0.0,517.9750366210938,511.49664306640625,513.8524169921875,0.0,10494366
2021-07-07,501.7560729980469,519.8400268554688,0.0,520.8215942382812,513.5579223632812,513.5579223632812,0.0,6669192
2021-07-08,497.6820983886719,515.6192626953125,0.0,522.9810180664062,513.9014892578125,520.2326049804688,0.0,5400962
2021-07-09,508.0563659667969,526.367431640625,0.0,527.5944213867188,513.3616333007812,515.8155517578125,0.0,7303645
2021-07-12,501.80340576171875,519.8890991210938,0.0,529.0177001953125,518.9075317382812,529.0177001953125,0.0,8932790
2021-07-13,502.182373046875,520.28173828125,0.0,525.6312866210938,518.4658203125,523.7172241210938,0.0,8138019
2021-07-14,502.182373046875,520.28173828125,0.0,521.6068115234375,516.9443969726562,519.2510375976562,0.0,6666859
2021-07-15,497.82421875,515.7664794921875,0.0,522.6865844726562,515.3247680664062,522.6865844726562,0.0,6886797
2021-07-16,512.6987915039062,531.1771240234375,0.0,533.3856811523438,516.2572631835938,517.2879028320312,0.0,11251138
2021-07-19,510.14068603515625,528.5269165039062,0.0,534.6617431640625,519.5455322265625,529.0667724609375,0.0,9130551
2021-07-20,498.1084899902344,516.0609741210938,0.0,526.9072875976562,513.3616333007812,526.5637817382812,0.0,7646460
2021-07-22,517.95703125,536.6248779296875,0.0,537.9009399414062,513.9996337890625,521.3123779296875,0.0,20220601
2021-07-23,519.4728393554688,538.1953735351562,0.0,550.3178100585938,522.9319458007812,537.6064453125,0.0,33200836
2021-07-26,515.4462890625,534.023681640625,0.0,543.6431274414062,532.109619140625,534.9561767578125,0.0,5214592
2021-07-27,512.13037109375,530.5881958007812,0.0,535.741455078125,526.269287109375,535.741455078125,0.0,5835018
2021-07-28,538.0424194335938,557.4341430664062,0.0,560.1825561523438,527.93798828125,529.5575561523438,0.0,32532037
2021-07-29,537.331787109375,556.697998046875,0.0,566.072021484375,554.587646484375,563.5198974609375,0.0,15844335
2021-07-30,532.1210327148438,551.2993774414062,0.0,558.0231323242188,547.5203247070312,555.4710083007812,0.0,10125413
2021-08-02,535.43701171875,554.73486328125,0.0,559.4464111328125,549.6797485351562,555.5692138671875,0.0,6372299
2021-08-03,549.6957397460938,569.5075073242188,0.0,571.2743530273438,551.7410888671875,557.5323486328125,0.0,21680353
2021-08-04,544.20068359375,563.8143920898438,0.0,576.0840454101562,559.7899169921875,564.4033203125,0.0,21816567
2021-08-05,567.2230834960938,587.6665649414062,0.0,607.5924682617188,566.8572387695312,566.8572387695312,0.0,72423461
2021-08-06,575.9393920898438,596.697021484375,0.0,605.5802612304688,577.654541015625,583.5439453125,0.0,29055626
2021-08-09,567.7442016601562,588.2064208984375,0.0,601.4085693359375,586.5377807617188,598.75830078125,0.0,10078649
2021-08-10,589.487548828125,610.7334594726562,0.0,616.4265747070312,587.3720703125,591.10205078125,0.0,34514358
2021-08-11,588.2085571289062,609.4083862304688,0.0,617.653564453125,602.39013671875,610.7334594726562,0.0,18731287
2021-08-12,590.3875732421875,611.6659545898438,0.0,617.3590698242188,605.6293334960938,611.5187377929688,0.0,8430316
2021-08-13,603.5568237304688,625.309814453125,0.0,627.0275268554688,606.7090454101562,611.6659545898438,0.0,21079044
2021-08-16,600.714599609375,622.3651123046875,0.0,632.1317138671875,620.3528442382812,626.9784545898438,0.0,10506327
2021-08-17,593.41943359375,614.8070068359375,0.0,626.2423095703125,611.5187377929688,622.3651123046875,0.0,11311229
2021-08-18,590.1981201171875,611.4696655273438,0.0,622.3160400390625,609.4083862304688,614.3652954101562,0.0,7136872
2021-08-20,581.4345092773438,602.39013671875,0.0,621.33447265625,595.8135986328125,608.083251953125,0.0,12770173
2021-08-23,589.9138793945312,611.1751708984375,0.0,618.8804931640625,596.4025268554688,607.0034790039062,0.0,12790616
2021-08-24,587.4979248046875,608.6721801757812,0.0,616.3775024414062,605.6784057617188,616.3775024414062,0.0,5885050
2021-08-25,580.2501831054688,601.1631469726562,0.0,610.8807373046875,599.7398681640625,610.8807373046875,0.0,8127668
2021-08-26,556.04345703125,576.0840454101562,0.0,600.2306518554688,573.5319213867188,598.75830078125,0.0,26316897
2021-08-27,563.8597412109375,584.1820068359375,0.0,594.2431030273438,574.2681274414062,577.9490356445312,0.0,16444274
2021-08-30,587.82958984375,609.0157470703125,0.0,613.4818725585938,579.2250366210938,585.0162963867188,0.0,40506274
2021-08-31,629.1372680664062,651.8121948242188,0.0,655.78759765625,613.4818725585938,614.5125122070312,0.0,60781970
2021-09-01,631.3637084960938,654.118896484375,0.0,660.8917846679688,641.9474487304688,655.689453125,0.0,30796359
2021-09-02,631.45849609375,654.2171020507812,0.0,661.3334350585938,651.8121948242188,657.603515625,0.0,18951106
2021-09-03,623.8317260742188,646.3154296875,0.0,657.2599487304688,641.9474487304688,655.689453125,0.0,7920313
2021-09-06,620.18408203125,642.536376953125,0.0,653.4808959960938,641.3585205078125,652.15576171875,0.0,10223448
2021-09-07,635.2955322265625,658.1924438476562,0.0,667.9590454101562,636.0579833984375,645.8246459960938,0.0,28185127
2021-09-08,632.7374877929688,655.5421752929688,0.0,671.1982421875,652.7446899414062,665.505126953125,0.0,20876941
2021-09-09,650.0753784179688,673.5049438476562,0.0,675.5171508789062,654.7569580078125,655.5421752929688,0.0,19784500
2021-09-13,656.8494262695312,680.523193359375,0.0,684.1549682617188,673.21044921875,679.2471313476562,0.0,19704664
2021-09-14,657.7021484375,681.4066162109375,0.0,686.8052368164062,676.4005737304688,682.1918334960938,0.0,11694600
2021-09-15,687.3565063476562,712.1297607421875,0.0,721.4055786132812,683.3206787109375,684.1549682617188,0.0,56796797
2021-09-16,680.8192749023438,705.35693359375,0.0,723.4178466796875,702.2158813476562,721.4547119140625,0.0,45001991
2021-09-17,689.8671264648438,714.7308959960938,0.0,721.2092895507812,707.7127075195312,707.7127075195312,0.0,26649321
2021-09-20,686.8353881835938,711.5899047851562,0.0,720.1786499023438,707.0255737304688,711.6389770507812,0.0,14330899
2021-09-21,688.446044921875,713.258544921875,0.0,727.0986938476562,708.6942749023438,709.5776977539062,0.0,14216876
2021-09-22,688.5408325195312,713.3567504882812,0.0,718.55908203125,710.7555541992188,713.6021118164062,0.0,16348622
2021-09-23,688.588134765625,713.4058227539062,0.0,726.460693359375,709.8721313476562,719.8841552734375,0.0,26497345
2021-09-24,700.5257568359375,725.7736206054688,0.0,739.1229858398438,714.5836791992188,715.6143188476562,0.0,72175065
2021-09-27,697.4142456054688,722.5499877929688,0.0,731.9000244140625,718.1500244140625,731.0,0.0,11282248
2021-09-28,671.9326782226562,696.1500244140625,0.0,726.7999877929688,686.0,724.4000244140625,0.0,21944239
2021-09-29,669.9539794921875,694.0999755859375,0.0,702.0,689.1500244140625,697.0,0.0,16729859
2021-09-30,664.3556518554688,688.2999877929688,0.0,709.7999877929688,686.7999877929688,695.7999877929688,0.0,13911568
2021-10-01,652.3870849609375,675.9000244140625,0.0,687.3499755859375,667.6500244140625,687.3499755859375,0.0,14952128
2021-10-04,657.6957397460938,681.4000244140625,0.0,686.2000122070312,669.7000122070312,675.0,0.0,8917898
2021-10-05,674.9248046875,699.25,0.0,703.4500122070312,680.4000244140625,684.4000244140625,0.0,25598885
2021-10-06,667.3479614257812,691.4000244140625,0.0,707.9500122070312,688.2000122070312,705.75,0.0,10406502
2021-10-07,668.40966796875,692.5,0.0,702.2000122070312,691.2999877929688,695.75,0.0,8121590
2021-10-08,671.3052368164062,695.5,0.0,699.5499877929688,688.9000244140625,695.1500244140625,0.0,6297352
2021-10-11,666.8170166015625,690.8499755859375,0.0,696.0499877929688,685.0,693.0999755859375,0.0,8792050
2021-10-12,662.4735717773438,686.3499755859375,0.0,698.4000244140625,684.2000122070312,691.0,0.0,8579567
2021-10-13,665.9000854492188,689.9000244140625,0.0,696.7999877929688,683.0999755859375,689.0,0.0,7062149
2021-10-14,661.9426879882812,685.7999877929688,0.0,694.0,681.8499755859375,693.0,0.0,9820591
2021-10-18,656.9235229492188,680.5999755859375,0.0,701.9500122070312,679.6500244140625,700.0,0.0,8574445
2021-10-19,657.4061889648438,681.0999755859375,0.0,699.0,675.4500122070312,699.0,0.0,7328862
2021-10-20,683.8047485351562,708.4500122070312,0.0,713.9000244140625,681.4000244140625,683.4000244140625,0.0,21217306
2021-10-21,671.8360595703125,696.0499877929688,0.0,712.3499755859375,689.2000122070312,710.9500122070312,0.0,8908979
2021-10-22,670.3400268554688,694.5,0.0,705.2999877929688,684.25,698.5,0.0,6587256
2021-10-25,667.058349609375,691.0999755859375,0.0,704.0,675.0,693.0,0.0,9540441
2021-10-26,671.9808959960938,696.2000122070312,0.0,709.8499755859375,689.0,695.0,0.0,10953878
2021-10-27,677.9169311523438,702.3499755859375,0.0,714.6500244140625,694.0,699.4000244140625,0.0,11878571
2021-10-28,665.7553100585938,689.75,0.0,706.0499877929688,684.4000244140625,702.75,0.0,8884507
2021-10-29,661.5083618164062,685.3499755859375,0.0,701.0,677.0499877929688,692.2000122070312,0.0,8602343
2021-11-01,687.7138061523438,712.5,0.0,722.7999877929688,689.5999755859375,689.9500122070312,0.0,17121001
2021-11-02,689.1134033203125,713.9500122070312,0.0,723.0999755859375,709.5499877929688,712.5,0.0,7725455
2021-11-03,674.780029296875,699.0999755859375,0.0,732.5,696.0,725.75,0.0,23261507
2021-11-04,676.7103881835938,701.0999755859375,0.0,704.7999877929688,699.2000122070312,704.0,0.0,1064714
2021-11-08,684.3356323242188,709.0,0.0,714.9000244140625,704.0,707.4500122070312,0.0,7565546
2021-11-09,688.3895263671875,713.2000122070312,0.0,716.4500122070312,705.1500244140625,711.7000122070312,0.0,5278131
2021-11-10,709.865478515625,735.4500122070312,0.0,738.0,707.3499755859375,717.5,0.0,15180490
2021-11-11,703.2538452148438,728.5999755859375,0.0,738.5999755859375,724.25,735.0,0.0,7421118
2021-11-12,717.6354370117188,743.5,0.0,745.0,725.25,733.0,0.0,9207508
2021-11-15,711.8925170898438,737.5499877929688,0.0,746.0,736.2000122070312,740.0,0.0,5454742
2021-11-16,704.8946533203125,730.2999877929688,0.0,742.0499877929688,727.0499877929688,741.3499755859375,0.0,4639931
2021-11-17,695.0011596679688,720.0499877929688,0.0,732.3499755859375,716.25,724.5499877929688,0.0,8002927
2021-11-18,689.49951171875,714.3499755859375,0.0,723.4500122070312,708.0,720.5999755859375,0.0,4469597
2021-11-22,716.2841186523438,742.0999755859375,0.0,755.9500122070312,733.0999755859375,740.0,0.0,36884348
2021-11-23,732.4998168945312,758.9000244140625,0.0,761.0,735.7000122070312,745.0,0.0,18240414
2021-11-24,732.4998168945312,758.9000244140625,0.0,781.7999877929688,756.25,764.0,0.0,21653712
2021-11-25,738.5323486328125,765.1500244140625,0.0,768.5,752.7999877929688,759.0499877929688,0.0,8483653
2021-11-26,713.0506591796875,738.75,0.0,763.0,733.0999755859375,763.0,0.0,11142921
2021-11-29,713.6297607421875,739.3499755859375,0.0,755.0,727.0999755859375,752.0,0.0,15885643
2021-11-30,702.9159545898438,728.25,0.0,750.2000122070312,722.6500244140625,740.0,0.0,14272616
2021-12-01,697.1246948242188,722.25,0.0,737.4000244140625,718.25,733.0,0.0,10488561
2021-12-02,707.06640625,732.5499877929688,0.0,735.7000122070312,714.1500244140625,723.9000244140625,0.0,11507427
2021-12-03,693.3602905273438,718.3499755859375,0.0,734.6500244140625,716.2999877929688,730.0,0.0,11024093
2021-12-06,673.332275390625,697.5999755859375,0.0,721.9000244140625,693.8499755859375,718.0,0.0,8804487
2021-12-07,674.5386352539062,698.8499755859375,0.0,705.7000122070312,694.0999755859375,702.3499755859375,0.0,10238693
2021-12-08,690.2716674804688,715.1500244140625,0.0,719.0,702.2999877929688,705.0,0.0,8296393
2021-12-09,689.1134033203125,713.9500122070312,0.0,723.9500122070312,711.0,716.7999877929688,0.0,9069515
2021-12-10,685.9765014648438,710.7000122070312,0.0,718.9000244140625,707.0,711.0,0.0,4251339
2021-12-13,678.6408081054688,703.0999755859375,0.0,718.4000244140625,698.3499755859375,715.0,0.0,9896899
2021-12-14,667.5408935546875,691.5999755859375,0.0,706.2999877929688,688.4000244140625,701.0,0.0,9275631
2021-12-15,661.6048583984375,685.4500122070312,0.0,694.9000244140625,684.0999755859375,691.75,0.0,7674319
2021-12-16,657.6957397460938,681.4000244140625,0.0,689.9000244140625,677.5999755859375,689.9000244140625,0.0,9633006
2021-12-17,642.8796997070312,666.0499877929688,0.0,685.7000122070312,661.0999755859375,681.0,0.0,13850460
2021-12-20,635.35107421875,658.25,0.0,661.1500244140625,645.0999755859375,659.1500244140625,0.0,11812939
2021-12-21,643.796630859375,667.0,0.0,670.9000244140625,659.2000122070312,663.9500122070312,0.0,8084499
2021-12-22,660.9292602539062,684.75,0.0,686.0,667.0,667.0,0.0,8522226
2021-12-23,655.137939453125,678.75,0.0,689.0,675.5,689.0,0.0,5602466
2021-12-24,653.4970703125,677.0499877929688,0.0,682.8499755859375,672.6500244140625,682.0999755859375,0.0,3756020
2021-12-27,652.2423706054688,675.75,0.0,678.3499755859375,668.6500244140625,674.9500122070312,0.0,3658572
2021-12-28,656.3927001953125,680.0499877929688,0.0,683.5,675.0499877929688,679.8499755859375,0.0,3892590
2021-12-29,653.3040771484375,676.8499755859375,0.0,683.5,675.0,679.9500122070312,0.0,3847574
2021-12-30,655.717041015625,679.3499755859375,0.0,685.7999877929688,674.2000122070312,677.5,0.0,5701612
2021-12-31,660.0122680664062,683.7999877929688,0.0,694.0999755859375,680.0,680.5,0.0,4598628
2022-01-03,667.2513427734375,691.2999877929688,0.0,692.5999755859375,683.0999755859375,687.7999877929688,0.0,2939833
2022-01-04,673.1873779296875,697.4500122070312,0.0,703.25,690.4000244140625,692.25,0.0,6473875
2022-01-05,675.6487426757812,700.0,0.0,702.75,691.75,700.9000244140625,0.0,4586105
2022-01-06,685.68701171875,710.4000244140625,0.0,720.5,700.0,702.0,0.0,21642414
2022-01-07,680.1852416992188,704.7000122070312,0.0,715.1500244140625,701.4500122070312,713.9000244140625,0.0,4315015
2022-01-10,680.426513671875,704.9500122070312,0.0,711.3499755859375,703.6500244140625,705.4000244140625,0.0,3565324
2022-01-11,678.978759765625,703.4500122070312,0.0,709.5499877929688,694.5999755859375,703.0,0.0,10642484
2022-01-12,704.7981567382812,730.2000122070312,0.0,732.7000122070312,704.2000122070312,707.9500122070312,0.0,12366953
2022-01-13,706.3424072265625,731.7999877929688,0.0,735.6500244140625,726.1500244140625,729.0,0.0,5829874
2022-01-14,695.5320434570312,720.5999755859375,0.0,730.9000244140625,718.4500122070312,729.9500122070312,0.0,5344096
2022-01-17,703.2538452148438,728.5999755859375,0.0,734.75,719.5499877929688,720.0,0.0,4340924
2022-01-18,689.49951171875,714.3499755859375,0.0,730.7000122070312,712.5499877929688,727.0,0.0,4312058
2022-01-19,679.219970703125,703.7000122070312,0.0,715.0,701.7000122070312,714.0,0.0,5879490
2022-01-20,690.5131225585938,715.4000244140625,0.0,719.6500244140625,705.25,706.0,0.0,4812496
2022-01-21,671.0638427734375,695.25,0.0,714.0,689.3499755859375,709.5999755859375,0.0,6704622
2022-01-24,665.9000854492188,689.9000244140625,0.0,707.0,677.3499755859375,690.2999877929688,0.0,11091633
2022-01-25,687.08642578125,711.8499755859375,0.0,720.4500122070312,682.1500244140625,684.0,0.0,14128764
2022-01-27,682.6466064453125,707.25,0.0,716.0,701.5,706.5,0.0,8937312
2022-01-28,690.8990478515625,715.7999877929688,0.0,754.0,701.6500244140625,714.9000244140625,0.0,21450677
2022-01-31,703.9293823242188,729.2999877929688,0.0,735.0,719.5499877929688,728.0,0.0,10745370
2022-02-01,697.8967895507812,723.0499877929688,0.0,735.0,718.2999877929688,733.0,0.0,4814511
2022-02-02,699.8272705078125,725.0499877929688,0.0,731.75,720.5,726.0999755859375,0.0,3286577
2022-02-03,696.5455932617188,721.6500244140625,0.0,729.0,718.5,726.0,0.0,3651578
2022-02-04,695.1460571289062,720.2000122070312,0.0,723.25,716.5,721.0999755859375,0.0,3284198
2022-02-07,681.922607421875,706.5,0.0,720.0999755859375,699.5,718.0,0.0,6833983
2022-02-08,684.2391967773438,708.9000244140625,0.0,714.7000122070312,701.0,711.2000122070312,0.0,7167684
2022-02-09,694.3256225585938,719.3499755859375,0.0,726.0999755859375,702.1500244140625,707.0999755859375,0.0,10185173
2022-02-10,698.862060546875,724.0499877929688,0.0,726.9500122070312,708.5999755859375,722.9500122070312,0.0,6074014
2022-02-11,690.2716674804688,715.1500244140625,0.0,725.4000244140625,710.9000244140625,721.7000122070312,0.0,5646980
2022-02-14,665.7069702148438,689.7000122070312,0.0,704.0,685.0,704.0,0.0,7441445
2022-02-15,686.796875,711.5499877929688,0.0,713.0999755859375,686.5999755859375,696.0,0.0,4650249
2022-02-16,696.6903686523438,721.7999877929688,0.0,728.2000122070312,708.0,717.4000244140625,0.0,5433910
2022-02-17,692.0572509765625,717.0,0.0,727.5,715.0,724.4500122070312,0.0,5107708
2022-02-18,687.7621459960938,712.5499877929688,0.0,719.5499877929688,711.3499755859375,712.0499877929688,0.0,4099366
2022-02-21,685.2525024414062,709.9500122070312,0.0,716.5499877929688,703.0,708.0499877929688,0.0,4307430
2022-02-22,674.9248046875,699.25,0.0,702.5,687.5,694.2000122070312,0.0,9148804
2022-02-23,679.8956298828125,704.4000244140625,0.0,708.9500122070312,699.5,700.0999755859375,0.0,4124469
2022-02-24,647.5610961914062,670.9000244140625,0.0,688.5499877929688,645.4500122070312,682.0,0.0,14139461
2022-02-25,664.693603515625,688.6500244140625,0.0,695.1500244140625,677.5,677.5,0.0,6452099
2022-02-28,662.6183471679688,686.5,0.0,690.0,666.4500122070312,681.0,0.0,8301523
2022-03-02,650.7944946289062,674.25,0.0,684.0,666.0,684.0,0.0,10220908
2022-03-03,648.6710815429688,672.0499877929688,0.0,679.7999877929688,668.5999755859375,675.0,0.0,6517030
2022-03-04,630.9594116210938,653.7000122070312,0.0,667.9500122070312,650.0,665.0,0.0,7094874
2022-03-07,651.9044799804688,675.4000244140625,0.0,679.3499755859375,639.0,640.0,0.0,12615451
2022-03-08,659.2400512695312,683.0,0.0,686.8499755859375,667.5999755859375,675.0,0.0,8462985
2022-03-09,667.4444580078125,691.5,0.0,698.0,674.2999877929688,682.0,0.0,9896395
2022-03-10,673.4769897460938,697.75,0.0,707.5,690.5999755859375,699.9500122070312,0.0,5989327
2022-03-11,670.6778564453125,694.8499755859375,0.0,702.4000244140625,691.5,696.7000122070312,0.0,3353880
2022-03-14,676.0347900390625,700.4000244140625,0.0,704.8499755859375,688.1500244140625,688.1500244140625,0.0,4016137
2022-03-15,678.6408081054688,703.0999755859375,0.0,709.5,695.5,699.0,0.0,6006439
2022-03-16,687.2313232421875,712.0,0.0,715.5,705.0,710.0,0.0,3843706
2022-03-17,697.7521362304688,722.9000244140625,0.0,727.9500122070312,715.0,720.0,0.0,8168953
2022-03-21,683.5634765625,708.2000122070312,0.0,724.3499755859375,706.7999877929688,722.0,0.0,6317305
2022-03-22,694.2291259765625,719.25,0.0,721.0,705.8499755859375,708.5,0.0,3000133
2022-03-23,680.426513671875,704.9500122070312,0.0,719.8499755859375,703.0,719.25,0.0,7974713
2022-03-24,681.7777709960938,706.3499755859375,0.0,708.8499755859375,697.8499755859375,698.0,0.0,3597143
2022-03-25,684.6734619140625,709.3499755859375,0.0,714.4500122070312,705.8499755859375,712.2999877929688,0.0,2930336
2022-03-28,707.5488891601562,733.0499877929688,0.0,737.0,710.0999755859375,715.25,0.0,7960258
2022-03-29,728.6871337890625,754.9500122070312,0.0,763.0,737.0,740.4000244140625,0.0,15833573
2022-03-30,723.4267578125,749.5,0.0,769.9000244140625,744.5999755859375,762.75,0.0,9938988
2022-03-31,728.6871337890625,754.9500122070312,0.0,759.0,739.7000122070312,753.0,0.0,7371181
2022-04-01,732.1136474609375,758.5,0.0,766.6500244140625,749.25,759.7999877929688,0.0,5920139
2022-04-04,741.0901489257812,767.7999877929688,0.0,775.0,756.2000122070312,757.8499755859375,0.0,5783224
2022-04-05,739.9318237304688,766.5999755859375,0.0,773.7999877929688,761.0,767.7999877929688,0.0,3990794
2022-04-06,748.6670532226562,775.6500244140625,0.0,780.7000122070312,763.0,764.0,0.0,7490027
2022-04-07,735.8779907226562,762.4000244140625,0.0,777.8499755859375,759.5499877929688,775.0,0.0,5818505
2022-04-08,735.5883178710938,762.0999755859375,0.0,768.3499755859375,757.5999755859375,768.3499755859375,0.0,5583587
2022-04-11,731.6792602539062,758.0499877929688,0.0,765.2000122070312,756.0,757.0,0.0,4927865
2022-04-12,715.849853515625,741.6500244140625,0.0,759.9500122070312,740.0999755859375,759.9500122070312,0.0,3904026
2022-04-13,714.8846435546875,740.6500244140625,0.0,756.5,737.9500122070312,742.0,0.0,6343030
2022-04-18,704.1224365234375,729.5,0.0,740.1500244140625,723.4000244140625,736.6500244140625,0.0,8950327
2022-04-19,698.3311767578125,723.5,0.0,739.0,716.8499755859375,739.0,0.0,9957060
2022-04-20,713.6297607421875,739.3499755859375,0.0,744.5,723.9500122070312,730.0499877929688,0.0,6632292
2022-04-21,710.1550903320312,735.75,0.0,743.9000244140625,730.0,743.9000244140625,0.0,6111830
2022-04-22,713.0506591796875,738.75,0.0,740.9000244140625,729.0,731.0,0.0,5182247
2022-04-25,713.6297607421875,739.3499755859375,0.0,743.0,729.1500244140625,729.9500122070312,0.0,3571031
2022-04-26,729.990234375,756.2999877929688,0.0,758.9000244140625,739.0999755859375,745.0,0.0,4987848
2022-04-27,726.3223876953125,752.5,0.0,761.5499877929688,746.4000244140625,750.0,0.0,4571399
2022-04-28,721.3515014648438,747.3499755859375,0.0,754.2999877929688,744.5999755859375,751.0,0.0,6101866
2022-04-29,713.2919921875,739.0,0.0,761.0,735.5499877929688,752.0,0.0,7219115
2022-05-02,715.5601806640625,741.3499755859375,0.0,742.9500122070312,730.3499755859375,734.0,0.0,3938533
2022-05-04,697.2694702148438,722.4000244140625,0.0,739.3499755859375,717.0,737.0,0.0,6785271
2022-05-05,693.9395141601562,718.9500122070312,0.0,733.0999755859375,714.25,726.0,0.0,4836692
2022-05-06,685.5421142578125,710.25,0.0,723.9000244140625,707.75,711.25,0.0,5912312
2022-05-09,686.7486572265625,711.5,0.0,720.5,704.4500122070312,706.0999755859375,0.0,4819274
2022-05-10,694.615234375,719.6500244140625,0.0,728.5,710.1500244140625,711.0,0.0,6746893
2022-05-11,697.7037963867188,722.8499755859375,0.0,735.0,716.9000244140625,719.6500244140625,0.0,6919703
2022-05-12,680.8609008789062,705.4000244140625,0.0,722.7999877929688,701.25,715.25,0.0,6754953
2022-05-13,665.9000854492188,689.9000244140625,0.0,713.0,684.75,713.0,0.0,11938252
2022-05-16,669.085205078125,693.2000122070312,0.0,698.0,679.6500244140625,685.8499755859375,0.0,5412233
2022-05-17,682.4534912109375,707.0499877929688,0.0,710.0,690.8499755859375,695.0,0.0,4847812
2022-05-18,671.9326782226562,696.1500244140625,0.0,727.1500244140625,689.2000122070312,721.0,0.0,18992703
2022-05-19,650.7944946289062,674.25,0.0,693.0,667.8499755859375,685.0,0.0,7322668
2022-05-20,663.9696044921875,687.9000244140625,0.0,691.5,683.0,688.5,0.0,5577407
2022-05-23,661.9909057617188,685.8499755859375,0.0,693.9000244140625,679.5999755859375,681.7999877929688,0.0,3788601
2022-05-24,654.6071166992188,678.2000122070312,0.0,689.25,675.8499755859375,689.25,0.0,4053608
2022-05-25,664.2591552734375,688.2000122070312,0.0,689.9000244140625,679.5499877929688,681.25,0.0,4188088
2022-05-26,669.5196533203125,693.6500244140625,0.0,695.5,675.9000244140625,690.0,0.0,5780597
2022-05-27,660.5913696289062,684.4000244140625,0.0,700.0,676.0,697.0499877929688,0.0,7131633
2022-05-30,674.731689453125,699.0499877929688,0.0,703.75,683.0,687.4500122070312,0.0,4675033
2022-05-31,675.841796875,700.2000122070312,0.0,706.5999755859375,692.5999755859375,697.5,0.0,44593174
2022-06-01,670.4849243164062,694.6500244140625,0.0,706.2000122070312,691.25,701.5499877929688,0.0,3749781
2022-06-02,671.7396240234375,695.9500122070312,0.0,696.9500122070312,683.0499877929688,688.9000244140625,0.0,3466993
2022-06-03,662.6183471679688,686.5,0.0,700.7999877929688,685.25,697.0499877929688,0.0,6673615
2022-06-06,659.19189453125,682.9500122070312,0.0,689.7999877929688,676.5,682.2000122070312,0.0,6407024
2022-06-07,661.4601440429688,685.2999877929688,0.0,687.25,673.2999877929688,678.1500244140625,0.0,8349903
2022-06-08,640.2254028320312,663.2999877929688,0.0,687.7999877929688,660.4500122070312,682.5,0.0,13904149
2022-06-09,652.8213500976562,676.3499755859375,0.0,679.4000244140625,655.0999755859375,660.0,0.0,6774925
2022-06-10,649.9258422851562,673.3499755859375,0.0,676.4500122070312,668.0,668.0,0.0,3221484
2022-06-13,647.9471435546875,671.2999877929688,0.0,673.3499755859375,658.0,660.0999755859375,0.0,5982102
2022-06-14,658.3231811523438,682.0499877929688,0.0,689.4000244140625,669.0999755859375,669.0999755859375,0.0,8878530
2022-06-15,658.3713989257812,682.0999755859375,0.0,685.0,673.5,681.9500122070312,0.0,6005970
2022-06-16,631.4419555664062,654.2000122070312,0.0,683.9000244140625,650.0,683.0999755859375,0.0,9525587
2022-06-17,621.259033203125,643.6500244140625,0.0,661.75,638.0,656.0,0.0,11085830
2022-06-20,618.6046142578125,640.9000244140625,0.0,647.4500122070312,634.2000122070312,644.9500122070312,0.0,3883001
2022-06-21,631.5384521484375,654.2999877929688,0.0,658.1500244140625,640.5,642.0999755859375,0.0,3515991
2022-06-22,620.4868774414062,642.8499755859375,0.0,650.3499755859375,641.4500122070312,648.5999755859375,0.0,4348884
2022-06-23,637.2332153320312,660.2000122070312,0.0,664.5999755859375,647.75,648.1500244140625,0.0,4336533
2022-06-24,647.8505859375,671.2000122070312,0.0,675.7000122070312,662.0999755859375,662.0999755859375,0.0,5621332
2022-06-27,660.1570434570312,683.9500122070312,0.0,687.0,671.2000122070312,675.0,0.0,5284297
2022-06-28,657.4544677734375,681.1500244140625,0.0,684.9000244140625,676.2999877929688,683.0,0.0,3216376
2022-06-29,663.8731689453125,687.7999877929688,0.0,689.0999755859375,675.0,677.0,0.0,5011798
2022-06-30,661.1222534179688,684.9500122070312,0.0,691.5999755859375,679.0,689.7999877929688,0.0,6505666
2022-07-01,650.0223388671875,673.4500122070312,0.0,685.7999877929688,666.0,684.8499755859375,0.0,4488771
2022-07-04,658.1783447265625,681.9000244140625,0.0,685.5,666.0499877929688,670.5,0.0,4229588
2022-07-05,660.6396484375,684.4500122070312,0.0,689.2999877929688,680.0499877929688,683.2999877929688,0.0,3494504
2022-07-06,669.8092041015625,693.9500122070312,0.0,694.9500122070312,684.2000122070312,684.5,0.0,4697006
2022-07-07,662.9078369140625,686.7999877929688,0.0,696.5,685.4500122070312,692.0,0.0,3485283
2022-07-08,670.967529296875,695.1500244140625,0.0,696.5999755859375,686.6500244140625,688.0,0.0,2732170
2022-07-11,637.5711059570312,660.5499877929688,0.0,681.0,658.9500122070312,675.0,0.0,18687521
2022-07-12,639.9358520507812,663.0,0.0,666.9000244140625,660.0,663.25,0.0,7416645
2022-07-13,621.1141967773438,643.5,0.0,670.0,641.0,670.0,0.0,12030163
2022-07-14,619.32861328125,641.6500244140625,0.0,652.2000122070312,628.75,650.0,0.0,11379990
2022-07-15,629.12548828125,651.7999877929688,0.0,657.5,643.25,648.9500122070312,0.0,5567877
2022-07-18,639.9840698242188,663.0499877929688,0.0,670.0,649.1500244140625,657.0,0.0,8982417
2022-07-19,649.4915161132812,672.9000244140625,0.0,677.0,663.0999755859375,675.0,0.0,7836419
2022-07-20,647.3197631835938,670.6500244140625,0.0,680.0,668.2000122070312,680.0,0.0,4458819
2022-07-21,654.7518310546875,678.3499755859375,0.0,679.9500122070312,671.2000122070312,671.5,0.0,3550107
2022-07-22,655.2344970703125,678.8499755859375,0.0,681.9000244140625,675.2000122070312,679.7000122070312,0.0,2415220
2022-07-25,654.8001098632812,678.4000244140625,0.0,686.5499877929688,676.5499877929688,680.0,0.0,2913348
2022-07-26,660.3018798828125,684.0999755859375,0.0,685.3499755859375,670.25,682.5999755859375,0.0,5016687
2022-07-27,651.421875,674.9000244140625,0.0,683.9500122070312,669.7000122070312,683.9500122070312,0.0,6237523
2022-07-28,643.6519165039062,666.8499755859375,0.0,679.4000244140625,664.2000122070312,678.7999877929688,0.0,7374170
2022-07-29,654.3657836914062,677.9500122070312,0.0,680.6500244140625,671.0,672.7999877929688,0.0,7669970
2022-08-01,673.2711181640625,694.4500122070312,3.0,697.7999877929688,677.0499877929688,677.9500122070312,0.0,8812526
2022-08-02,665.8543090820312,686.7999877929688,0.0,700.2999877929688,681.1500244140625,700.0,0.0,6236599
2022-08-03,672.0107421875,693.1500244140625,0.0,696.8499755859375,687.0,688.0,0.0,5237250
2022-08-04,673.1256103515625,694.2999877929688,0.0,698.5,680.7000122070312,698.2000122070312,0.0,6352142
2022-08-05,682.1905517578125,703.6500244140625,0.0,710.0,696.3499755859375,698.0,0.0,5811092
2022-08-08,682.869140625,704.3499755859375,0.0,709.8499755859375,699.0,707.9500122070312,0.0,5918607
2022-08-10,693.436767578125,715.25,0.0,718.0,706.0,713.9000244140625,0.0,12201239
2022-08-11,688.1528930664062,709.7999877929688,0.0,719.4000244140625,705.7000122070312,718.7999877929688,0.0,7142902
2022-08-12,688.0560302734375,709.7000122070312,0.0,712.5,706.6500244140625,709.8499755859375,0.0,4540159
2022-08-16,682.6267700195312,704.0999755859375,0.0,716.0,700.5,715.0,0.0,6679663
2022-08-17,700.9019775390625,722.9500122070312,0.0,724.6500244140625,702.2999877929688,707.0,0.0,8812954
2022-08-18,710.8392944335938,733.2000122070312,0.0,736.0,720.9000244140625,725.0,0.0,10354897
2022-08-19,709.9667358398438,732.2999877929688,0.0,737.5999755859375,726.0,730.2000122070312,0.0,13743828
2022-08-22,705.4100952148438,727.5999755859375,0.0,734.4000244140625,724.4000244140625,731.8499755859375,0.0,8118490
2022-08-23,715.1051025390625,737.5999755859375,0.0,742.5999755859375,722.5499877929688,725.0,0.0,8229797
2022-08-24,716.2200317382812,738.75,0.0,754.2000122070312,718.0,722.8499755859375,0.0,14922081
2022-08-25,718.4014892578125,741.0,0.0,754.0499877929688,735.25,744.7999877929688,0.0,9849958
2022-08-26,708.5609741210938,730.8499755859375,0.0,741.5,728.0,741.5,0.0,5928897
2022-08-29,698.62353515625,720.5999755859375,0.0,724.9000244140625,715.0999755859375,717.7000122070312,0.0,5878942
2022-08-30,704.4406127929688,726.5999755859375,0.0,730.0999755859375,711.7999877929688,722.0,0.0,8894800
2022-09-01,712.6328735351562,735.0499877929688,0.0,746.0,726.5,726.5,0.0,11869518
2022-09-02,712.5844116210938,735.0,0.0,740.9000244140625,719.6500244140625,725.0,0.0,5693707
2022-09-05,717.8197631835938,740.4000244140625,0.0,741.9500122070312,733.25,735.0,0.0,3660135
2022-09-06,738.0338134765625,761.25,0.0,765.0,740.4000244140625,740.4000244140625,0.0,10166270
2022-09-07,730.1323852539062,753.0999755859375,0.0,761.9000244140625,686.2000122070312,755.5,0.0,126794211
2022-09-08,746.3230590820312,769.7999877929688,0.0,776.0,757.0499877929688,759.0,0.0,10648073
2022-09-09,742.3966064453125,765.75,0.0,774.7999877929688,762.9000244140625,773.0,0.0,4627905
2022-09-12,745.6929321289062,769.1500244140625,0.0,771.4000244140625,764.5,767.0,0.0,2654087
2022-09-13,760.3323974609375,784.25,0.0,788.9000244140625,770.0,774.0,0.0,8335652
2022-09-14,759.4598999023438,783.3499755859375,0.0,788.4000244140625,775.75,776.0,0.0,6645392
2022-09-15,761.156494140625,785.0999755859375,0.0,790.6500244140625,782.0,788.0,0.0,5485310
2022-09-16,755.872802734375,779.6500244140625,0.0,788.0,776.4500122070312,788.0,0.0,20211162
2022-09-19,758.8781127929688,782.75,0.0,786.0,772.2000122070312,773.5,0.0,5760313
2022-09-20,767.9915161132812,792.1500244140625,0.0,796.9500122070312,785.0,786.7000122070312,0.0,7936714
2022-09-21,756.4059448242188,780.2000122070312,0.0,797.0,779.0,792.1500244140625,0.0,9966193
2022-09-22,760.18701171875,784.0999755859375,0.0,794.7999877929688,776.3499755859375,791.2000122070312,0.0,7721133
2022-09-23,747.8258056640625,771.3499755859375,0.0,788.0,768.7000122070312,788.0,0.0,9271829
2022-09-26,732.02294921875,755.0499877929688,0.0,771.1500244140625,753.2000122070312,769.9500122070312,0.0,13144297
2022-09-27,737.4036254882812,760.5999755859375,0.0,765.0,757.2000122070312,758.8499755859375,0.0,5965026
2022-09-28,738.227783203125,761.4500122070312,0.0,771.0,755.0,755.5,0.0,5546932
2022-09-29,741.3302001953125,764.6500244140625,0.0,769.0,759.2999877929688,763.9500122070312,0.0,5413233
2022-09-30,775.505126953125,799.9000244140625,0.0,809.0,761.4500122070312,765.9500122070312,0.0,7469164
2022-10-03,778.849853515625,803.3499755859375,0.0,815.5499877929688,798.0499877929688,803.4000244140625,0.0,12619046
2022-10-04,784.0368041992188,808.7000122070312,0.0,816.75,807.5,813.0,0.0,5772140
2022-10-06,764.5497436523438,788.5999755859375,0.0,815.8499755859375,786.6500244140625,810.5499877929688,0.0,6503205
2022-10-07,768.9124755859375,793.0999755859375,0.0,796.7999877929688,784.7000122070312,792.0,0.0,6025982
2022-10-10,768.1853637695312,792.3499755859375,0.0,794.7999877929688,779.7000122070312,784.9500122070312,0.0,3519416
2022-10-11,756.5028686523438,780.2999877929688,0.0,797.5,776.0,797.5,0.0,3699862
2022-10-12,751.8977661132812,775.5499877929688,0.0,781.3499755859375,769.2000122070312,780.2999877929688,0.0,5984299
2022-10-13,745.4506225585938,768.9000244140625,0.0,779.0,767.6500244140625,775.0,0.0,2842056
2022-10-14,742.5905151367188,765.9500122070312,0.0,779.9500122070312,763.0499877929688,779.9500122070312,0.0,3608210
2022-10-17,742.6390380859375,766.0,0.0,771.0,759.8499755859375,761.0,0.0,4566333
2022-10-18,759.2659912109375,783.1500244140625,0.0,785.5999755859375,768.6500244140625,769.8499755859375,0.0,4391263
2022-10-19,759.5083618164062,783.4000244140625,0.0,788.6500244140625,779.5,787.9500122070312,0.0,5219180
2022-10-20,768.7186889648438,792.9000244140625,0.0,794.0,778.2999877929688,782.0,0.0,4756732
2022-10-21,773.1298217773438,797.4500122070312,0.0,802.8499755859375,789.75,790.0,0.0,4807736
2022-10-24,777.6380004882812,802.0999755859375,0.0,807.5,800.0,800.0,0.0,522406
2022-10-25,777.8319091796875,802.2999877929688,0.0,806.3499755859375,798.7000122070312,806.1500244140625,0.0,3184277
2022-10-27,792.1805419921875,817.0999755859375,0.0,822.2000122070312,804.2000122070312,806.5,0.0,8159181
2022-10-28,791.9381713867188,816.8499755859375,0.0,824.4000244140625,811.2999877929688,819.0,0.0,3905093
2022-10-31,806.6260986328125,832.0,0.0,833.7999877929688,820.0,823.0,0.0,5487233
2022-11-01,810.0679321289062,835.5499877929688,0.0,841.4500122070312,821.0499877929688,828.0,0.0,10488759
2022-11-02,785.1516723632812,809.8499755859375,0.0,830.0,807.25,830.0,0.0,11729925
2022-11-03,793.683349609375,818.6500244140625,0.0,824.4000244140625,804.2000122070312,809.75,0.0,5897840
2022-11-04,791.5018920898438,816.4000244140625,0.0,821.7999877929688,809.2000122070312,815.7000122070312,0.0,3768226
2022-11-07,797.6098022460938,822.7000122070312,0.0,824.0499877929688,809.0,817.0,0.0,7171570
2022-11-09,794.0711059570312,819.0499877929688,0.0,825.5,814.4500122070312,824.2000122070312,0.0,3969171
2022-11-10,800.5667724609375,825.75,0.0,830.7000122070312,817.5499877929688,819.7999877929688,0.0,4425290
2022-11-11,801.6817016601562,826.9000244140625,0.0,836.9000244140625,823.7999877929688,830.75,0.0,4325441
2022-11-14,796.834228515625,821.9000244140625,0.0,830.7999877929688,817.0,818.0,0.0,10406576
2022-11-15,809.7770385742188,835.25,0.0,838.75,822.6500244140625,822.6500244140625,0.0,6229710
2022-11-16,815.545654296875,841.2000122070312,0.0,844.0499877929688,828.0499877929688,837.5,0.0,3445345
2022-11-17,820.3447265625,846.1500244140625,0.0,849.4000244140625,838.4000244140625,841.7999877929688,0.0,4545534
2022-11-18,811.7644653320312,837.2999877929688,0.0,851.8499755859375,831.0999755859375,849.9500122070312,0.0,7405949
2022-11-21,825.2406616210938,851.2000122070312,0.0,852.7999877929688,835.0,837.0,0.0,5527122
2022-11-22,821.7504272460938,847.5999755859375,0.0,860.5499877929688,845.0999755859375,853.4000244140625,0.0,7601660
2022-11-23,817.5330810546875,843.25,0.0,851.8499755859375,841.5999755859375,851.8499755859375,0.0,4596816
2022-11-24,822.4775390625,848.3499755859375,0.0,851.0,837.75,846.0,0.0,3455310
2022-11-25,821.023193359375,846.8499755859375,0.0,860.0,841.5999755859375,852.0,0.0,2991065
2022-11-28,811.8615112304688,837.4000244140625,0.0,852.5499877929688,836.0499877929688,840.25,0.0,3668846
2022-11-29,810.3587036132812,835.8499755859375,0.0,844.7999877929688,835.0,839.0,0.0,2680296
2022-11-30,822.8653564453125,848.75,0.0,852.0,832.5999755859375,834.7999877929688,0.0,6874390
2022-12-01,822.7199096679688,848.5999755859375,0.0,853.2000122070312,841.5999755859375,853.0,0.0,4506664
2022-12-02,822.7684326171875,848.6500244140625,0.0,851.9500122070312,839.0999755859375,851.4000244140625,0.0,3505272
2022-12-05,818.3571166992188,844.0999755859375,0.0,851.5999755859375,840.8499755859375,851.0,0.0,3311316
2022-12-06,807.9349365234375,833.3499755859375,0.0,845.0,829.7000122070312,844.9000244140625,0.0,5567349
2022-12-07,808.565185546875,834.0,0.0,841.5999755859375,832.0,837.5499877929688,0.0,3771882
2022-12-08,807.2078247070312,832.5999755859375,0.0,840.2000122070312,826.2999877929688,833.0,0.0,4822179
2022-12-09,809.437744140625,834.9000244140625,0.0,836.5999755859375,823.9500122070312,830.2999877929688,0.0,4615843
2022-12-12,803.135986328125,828.4000244140625,0.0,836.9500122070312,825.4000244140625,832.5999755859375,0.0,3149823
2022-12-13,812.4916381835938,838.0499877929688,0.0,840.0,822.0,822.0,0.0,3832999
2022-12-14,803.9115600585938,829.2000122070312,0.0,842.0,828.1500244140625,840.6500244140625,0.0,7491333
2022-12-15,801.1483764648438,826.3499755859375,0.0,831.0,824.3499755859375,829.0,0.0,2996482
2022-12-16,797.6582641601562,822.75,0.0,832.7000122070312,819.9000244140625,825.0,0.0,4309644
2022-12-19,814.77001953125,840.4000244140625,0.0,845.0499877929688,822.0,822.7000122070312,0.0,6397169
2022-12-20,803.669189453125,828.9500122070312,0.0,839.75,822.0,839.75,0.0,2828863
2022-12-21,789.1751098632812,814.0,0.0,833.0499877929688,812.3499755859375,833.0,0.0,5079337
2022-12-22,791.69580078125,816.5999755859375,0.0,824.7000122070312,809.5,819.0,0.0,3626834
2022-12-23,783.9883422851562,808.6500244140625,0.0,817.9500122070312,805.0,814.0,0.0,2804496
2022-12-26,786.2666015625,811.0,0.0,815.2000122070312,801.1500244140625,805.0499877929688,0.0,6023206
2022-12-27,789.9507446289062,814.7999877929688,0.0,819.4500122070312,805.0,815.0,0.0,1782053
2022-12-28,779.2862548828125,803.7999877929688,0.0,813.9000244140625,801.4500122070312,813.0,0.0,2907741
2022-12-29,795.7192993164062,820.75,0.0,824.75,760.0999755859375,807.0499877929688,0.0,6110313
2022-12-30,781.5160522460938,806.0999755859375,0.0,824.7999877929688,804.9500122070312,824.7000122070312,0.0,3113243
2023-01-02,788.6903686523438,813.5,0.0,816.2000122070312,805.5999755859375,806.25,0.0,1626846
2023-01-03,792.665283203125,817.5999755859375,0.0,818.7999877929688,808.5,810.3499755859375,0.0,1717603
2023-01-04,787.042236328125,811.7999877929688,0.0,820.4500122070312,806.2000122070312,818.9500122070312,0.0,2970216
2023-01-05,782.4855346679688,807.0999755859375,0.0,825.0,803.75,825.0,0.0,5297349
2023-01-06,771.7240600585938,796.0,0.0,812.25,792.0,807.5499877929688,0.0,3199618
2023-01-09,794.410400390625,819.4000244140625,0.0,821.5,801.0499877929688,802.7000122070312,0.0,4340729
2023-01-10,768.670166015625,792.8499755859375,0.0,826.0999755859375,790.2999877929688,826.0999755859375,0.0,8392344
2023-01-11,742.20263671875,765.5499877929688,0.0,779.6500244140625,751.6500244140625,775.0,0.0,28389020
2023-01-12,733.8165893554688,756.9000244140625,0.0,769.2999877929688,753.5499877929688,765.0,0.0,12732671
2023-01-13,740.9907836914062,764.2999877929688,0.0,765.9500122070312,752.0,757.0,0.0,12279288
2023-01-16,735.9979248046875,759.1500244140625,0.0,768.0999755859375,754.6500244140625,766.4000244140625,0.0,5779293
2023-01-17,742.34814453125,765.7000122070312,0.0,768.9000244140625,758.75,759.1500244140625,0.0,6594428
2023-01-18,752.8671875,776.5499877929688,0.0,780.0,766.0,768.2000122070312,0.0,5800899
2023-01-19,748.4559936523438,772.0,0.0,776.5,765.6500244140625,776.0,0.0,4169463
2023-01-20,741.1362915039062,764.4500122070312,0.0,775.8499755859375,758.2999877929688,775.8499755859375,0.0,6289718
2023-01-23,749.1347045898438,772.7000122070312,0.0,776.0,763.8499755859375,767.9000244140625,0.0,2685320
2023-01-24,751.9947509765625,775.6500244140625,0.0,777.5499877929688,761.0,773.0,0.0,5012125
2023-01-25,752.8187255859375,776.5,0.0,780.5,768.0,774.9500122070312,0.0,6560514
2023-01-27,750.8796997070312,774.5,0.0,778.9000244140625,765.7999877929688,774.9500122070312,0.0,6745926
2023-01-30,746.7109375,770.2000122070312,0.0,774.9500122070312,763.0,771.5999755859375,0.0,5420851
2023-01-31,746.807861328125,770.2999877929688,0.0,779.0,768.4000244140625,775.0,0.0,8537557
2023-02-01,745.6444091796875,769.0999755859375,0.0,784.6500244140625,756.5999755859375,775.9500122070312,0.0,4472974
2023-02-02,754.0305786132812,777.75,0.0,781.0,765.0499877929688,765.0999755859375,0.0,2841909
2023-02-03,768.7186889648438,792.9000244140625,0.0,794.9500122070312,778.4000244140625,779.9000244140625,0.0,5493687
2023-02-06,765.179931640625,789.25,0.0,794.6500244140625,778.7999877929688,789.7000122070312,0.0,2407975
2023-02-07,761.93212890625,785.9000244140625,0.0,795.8499755859375,783.0,793.9000244140625,0.0,4126502
2023-02-08,751.46142578125,775.0999755859375,0.0,781.0,765.0,778.0,0.0,9951783
2023-02-09,743.2691650390625,766.6500244140625,0.0,775.0999755859375,761.2999877929688,770.0,0.0,5913945
2023-02-10,748.4075317382812,771.9500122070312,0.0,773.2000122070312,761.0,768.9500122070312,0.0,2954992
2023-02-13,745.15966796875,768.5999755859375,0.0,779.5999755859375,766.7000122070312,771.0,0.0,3705892
2023-02-14,751.5584106445312,775.2000122070312,0.0,777.5999755859375,766.2000122070312,769.0,0.0,3502010
2023-02-15,761.4473876953125,785.4000244140625,0.0,787.1500244140625,772.2000122070312,775.0,0.0,3602838
2023-02-16,760.5263061523438,784.4500122070312,0.0,790.5,780.5999755859375,789.6500244140625,0.0,3399428
2023-02-17,753.109619140625,776.7999877929688,0.0,787.4500122070312,770.2999877929688,785.9500122070312,0.0,3093216
2023-02-20,755.387939453125,779.1500244140625,0.0,793.7999877929688,777.0999755859375,781.25,0.0,3381774
2023-02-21,755.2909545898438,779.0499877929688,0.0,788.0,778.1500244140625,783.0499877929688,0.0,2769616
2023-02-22,748.6015014648438,772.1500244140625,0.0,781.6500244140625,766.5,777.0,0.0,3261898
2023-02-23,739.6820678710938,762.9500122070312,0.0,777.5,761.8499755859375,774.0,0.0,4062194
2023-02-24,734.0103759765625,757.0999755859375,0.0,775.7999877929688,755.0,775.7000122070312,0.0,4357223
2023-02-27,729.9385375976562,752.9000244140625,0.0,754.4000244140625,738.4500122070312,753.0,0.0,6719439
2023-02-28,719.6134033203125,742.25,0.0,757.0999755859375,739.6500244140625,755.0,0.0,10562614
2023-03-01,727.3208618164062,750.2000122070312,0.0,753.4500122070312,741.0,742.4000244140625,0.0,3744982
2023-03-02,717.52880859375,740.0999755859375,0.0,751.7999877929688,735.7999877929688,751.0,0.0,4910541
2023-03-03,741.0877685546875,764.4000244140625,0.0,765.9000244140625,743.5499877929688,745.0,0.0,5759333
2023-03-06,743.220703125,766.5999755859375,0.0,775.9000244140625,765.0999755859375,766.7000122070312,0.0,4597345
2023-03-08,743.1721801757812,766.5499877929688,0.0,769.9000244140625,760.7000122070312,764.0,0.0,3546995
2023-03-09,749.8133544921875,773.4000244140625,0.0,795.0,770.2000122070312,795.0,0.0,5240056
2023-03-10,750.1526489257812,773.75,0.0,778.9500122070312,768.2000122070312,773.0,0.0,4113931
2023-03-13,741.9603881835938,765.2999877929688,0.0,777.7999877929688,763.1500244140625,777.4500122070312,0.0,3447889
2023-03-14,748.2620239257812,771.7999877929688,0.0,776.75,764.0,764.0,0.0,3753502
2023-03-15,733.57421875,756.6500244140625,0.0,765.5499877929688,752.5,758.0,0.0,8101060
2023-03-16,723.2005615234375,745.9500122070312,0.0,759.0,743.5,750.0,0.0,7465693
2023-03-17,734.1558227539062,757.25,0.0,759.4500122070312,739.1500244140625,750.0,0.0,9306857
2023-03-20,731.780517578125,754.7999877929688,0.0,759.7999877929688,748.7999877929688,754.9500122070312,0.0,3566109
2023-03-21,733.864990234375,756.9500122070312,0.0,766.0,755.1500244140625,760.0,0.0,5332221
2023-03-22,733.6226806640625,756.7000122070312,0.0,763.2000122070312,753.1500244140625,761.0,0.0,2680654
2023-03-23,740.263671875,763.5499877929688,0.0,765.7999877929688,756.8499755859375,758.0,0.0,2454948
2023-03-24,739.197265625,762.4500122070312,0.0,767.0,758.8499755859375,763.5499877929688,0.0,2336818
2023-03-27,738.5186767578125,761.75,0.0,769.7000122070312,759.3499755859375,763.0,0.0,2258853
2023-03-28,725.6242065429688,748.4500122070312,0.0,765.5999755859375,742.7999877929688,765.5999755859375,0.0,4166723
2023-03-29,720.922119140625,743.5999755859375,0.0,754.9000244140625,738.8499755859375,751.0,0.0,4891868
2023-03-31,726.157470703125,749.0,0.0,753.0,742.0499877929688,752.1500244140625,0.0,5796532
2023-04-03,737.3551635742188,760.5499877929688,0.0,761.9000244140625,752.0499877929688,755.0,0.0,2120667
2023-04-05,740.1668090820312,763.4500122070312,0.0,768.0,756.0,768.0,0.0,3197932
2023-04-06,742.5905151367188,765.9500122070312,0.0,768.7000122070312,759.0999755859375,762.5999755859375,0.0,1777379
2023-04-10,746.274658203125,769.75,0.0,776.2999877929688,766.4500122070312,768.9500122070312,0.0,1701065
2023-04-11,750.5404663085938,774.1500244140625,0.0,776.0,768.1500244140625,776.0,0.0,3485481
2023-04-12,747.5834350585938,771.0999755859375,0.0,774.5499877929688,765.0999755859375,774.0,0.0,3794841
2023-04-13,743.656982421875,767.0499877929688,0.0,771.1500244140625,765.4500122070312,770.0,0.0,4292170
2023-04-17,736.482666015625,759.6500244140625,0.0,789.0,754.3499755859375,789.0,0.0,9083437
2023-04-18,736.5796508789062,759.75,0.0,765.0,752.5499877929688,765.0,0.0,4051481
2023-04-19,741.3302001953125,764.6500244140625,0.0,766.8499755859375,756.0,761.3499755859375,0.0,3429794
2023-04-20,748.7468872070312,772.2999877929688,0.0,773.75,762.5999755859375,764.0,0.0,2355441
2023-04-21,741.8634643554688,765.2000122070312,0.0,775.25,764.4500122070312,769.5999755859375,0.0,4524208
2023-04-24,737.0643310546875,760.25,0.0,767.4000244140625,755.6500244140625,765.2000122070312,0.0,5271105
2023-04-25,749.0377197265625,772.5999755859375,0.0,777.0,761.75,764.9500122070312,0.0,5773233
2023-04-26,749.86181640625,773.4500122070312,0.0,779.9000244140625,767.0999755859375,779.9000244140625,0.0,5057352
2023-04-27,762.5137939453125,786.5,0.0,789.2000122070312,771.3499755859375,772.0,0.0,4129769
2023-04-28,774.92333984375,799.2999877929688,0.0,802.0499877929688,787.2000122070312,789.8499755859375,0.0,6572656
2023-05-02,766.1010131835938,790.2000122070312,0.0,806.7999877929688,788.5499877929688,800.25,0.0,6301210
2023-05-03,755.5333251953125,779.2999877929688,0.0,794.5,777.2000122070312,794.5,0.0,3908267
2023-05-04,765.0344848632812,789.0999755859375,0.0,792.7000122070312,773.6500244140625,779.2999877929688,0.0,2457671
2023-05-05,763.289306640625,787.2999877929688,0.0,790.9500122070312,780.25,789.0999755859375,0.0,1438467
2023-05-08,769.5426635742188,793.75,0.0,795.2999877929688,785.2000122070312,789.9000244140625,0.0,2489174
2023-05-09,769.397216796875,793.5999755859375,0.0,798.3499755859375,790.5,796.9000244140625,0.0,2486331
2023-05-10,771.7725219726562,796.0499877929688,0.0,797.5499877929688,788.0499877929688,797.0,0.0,2737334
2023-05-11,764.5497436523438,788.5999755859375,0.0,794.5499877929688,783.7000122070312,794.5499877929688,0.0,4808171
2023-05-12,767.797607421875,791.9500122070312,0.0,793.7000122070312,784.5,787.5,0.0,2576010
2023-05-15,772.7420043945312,797.0499877929688,0.0,802.5,789.5499877929688,793.0,0.0,7569060
2023-05-16,763.337890625,787.3499755859375,0.0,801.25,784.0,800.8499755859375,0.0,4846217
2023-05-17,768.0884399414062,792.25,0.0,797.6500244140625,783.9000244140625,788.0,0.0,6529233
2023-05-18,774.9718627929688,799.3499755859375,0.0,803.0,794.6500244140625,797.9500122070312,0.0,11383252
2023-05-19,781.1766967773438,805.75,0.0,808.3499755859375,793.25,799.3499755859375,0.0,3432240
2023-05-22,777.3956298828125,801.8499755859375,0.0,804.0,799.5,801.0,0.0,9996762
2023-05-23,775.5535888671875,799.9500122070312,0.0,808.9500122070312,797.9500122070312,808.9500122070312,0.0,6516636
2023-05-24,776.95947265625,801.4000244140625,0.0,802.9000244140625,795.0,802.9000244140625,0.0,9104329
2023-05-25,797.6098022460938,822.7000122070312,0.0,825.5,797.8499755859375,799.5999755859375,0.0,9570396
2023-05-26,793.004638671875,817.9500122070312,0.0,829.3499755859375,813.4000244140625,827.9000244140625,0.0,6150206
2023-05-29,796.2039184570312,821.25,0.0,829.4000244140625,818.0,829.4000244140625,0.0,3684829
2023-05-30,793.489501953125,818.4500122070312,0.0,826.3499755859375,812.7999877929688,821.25,0.0,5148256
2023-05-31,823.9802856445312,849.9000244140625,0.0,888.75,818.0,819.0,0.0,47342125
2023-06-01,802.6996459960938,827.9500122070312,0.0,837.9500122070312,823.0,837.9500122070312,0.0,9713155
2023-06-02,810.9889526367188,836.5,0.0,839.2999877929688,826.9500122070312,832.7999877929688,0.0,6834131
2023-06-05,809.0499267578125,834.5,0.0,841.3499755859375,832.1500244140625,838.5,0.0,5298053
2023-06-06,804.1539916992188,829.4500122070312,0.0,838.25,826.1500244140625,834.5,0.0,2722174
2023-06-07,818.5025634765625,844.25,0.0,847.5,827.25,828.9000244140625,0.0,4110739
2023-06-08,810.504150390625,836.0,0.0,849.4000244140625,834.5499877929688,847.7000122070312,0.0,4050621
2023-06-09,808.0804443359375,833.5,0.0,839.7999877929688,828.9500122070312,838.5499877929688,0.0,3332436
2023-06-12,810.843505859375,836.3499755859375,0.0,843.0999755859375,831.75,834.8499755859375,0.0,1569715
2023-06-13,808.904541015625,834.3499755859375,0.0,844.0,832.75,838.0999755859375,0.0,3224345
2023-06-14,802.6996459960938,827.9500122070312,0.0,833.9500122070312,819.0,832.0,0.0,5108720
2023-06-15,804.3963012695312,829.7000122070312,0.0,833.7999877929688,824.2000122070312,827.0,0.0,3865201
2023-06-16,812.2493286132812,837.7999877929688,0.0,840.0,820.7999877929688,822.5,0.0,4907797
2023-06-19,802.8936157226562,828.1500244140625,0.0,840.0,827.5,840.0,0.0,3017364
2023-06-20,805.8505249023438,831.2000122070312,0.0,833.7000122070312,826.8499755859375,828.0999755859375,0.0,2691557
2023-06-21,813.4127197265625,839.0,0.0,840.75,830.4000244140625,832.0,0.0,3022724
2023-06-22,817.0968017578125,842.7999877929688,0.0,843.5,834.7000122070312,836.7000122070312,0.0,4380046
2023-06-23,828.7307739257812,854.7999877929688,0.0,862.75,841.3499755859375,844.0,0.0,7667340
2023-06-26,825.9677124023438,851.9500122070312,0.0,857.3499755859375,846.3499755859375,857.3499755859375,0.0,4431992
2023-06-27,838.5227661132812,864.9000244140625,0.0,871.3499755859375,853.5999755859375,856.5,0.0,5533649
2023-06-28,845.6001586914062,872.2000122070312,0.0,873.5999755859375,863.5999755859375,869.5,0.0,6272649
2023-06-30,851.950439453125,878.75,0.0,883.0,867.0499877929688,880.0,0.0,5217511
2023-07-03,852.3381958007812,879.1500244140625,0.0,884.1500244140625,874.5999755859375,880.0,0.0,3333167
2023-07-04,838.76513671875,865.1500244140625,0.0,873.7999877929688,853.2999877929688,873.7999877929688,0.0,7397493
2023-07-05,840.219482421875,866.6500244140625,0.0,871.0,863.0499877929688,868.0,0.0,4284477
2023-07-06,843.1279296875,869.6500244140625,0.0,877.9000244140625,863.4500122070312,864.3499755859375,0.0,6365222
2023-07-07,843.903564453125,870.4500122070312,0.0,883.5999755859375,862.5,865.0,0.0,18763997
2023-07-10,858.3976440429688,885.4000244140625,0.0,889.5999755859375,865.0,867.0,0.0,4310681
2023-07-11,864.6994018554688,891.9000244140625,0.0,893.1500244140625,886.2999877929688,890.0,0.0,3353977
2023-07-12,862.8088989257812,889.9500122070312,0.0,895.7000122070312,883.0999755859375,889.9500122070312,0.0,3033186
2023-07-13,858.0582275390625,885.0499877929688,0.0,893.2999877929688,883.25,891.3499755859375,0.0,4228714
2023-07-14,859.4639892578125,886.5,0.0,890.25,879.6500244140625,885.0,0.0,3860080
2023-07-17,851.3201904296875,878.0999755859375,0.0,896.6500244140625,876.0,886.0,0.0,5614592
2023-07-18,848.7510986328125,875.4500122070312,0.0,880.2000122070312,863.1500244140625,877.0499877929688,0.0,4731911
2023-07-19,844.1943969726562,870.75,0.0,877.0,867.2000122070312,875.4500122070312,0.0,6641825
2023-07-20,857.8643798828125,884.8499755859375,0.0,886.7000122070312,868.0,871.0,0.0,3779959
2023-07-21,858.9793090820312,886.0,0.0,891.9000244140625,874.7999877929688,878.0999755859375,0.0,7001587
2023-07-24,861.063720703125,888.1500244140625,0.0,892.5999755859375,880.7999877929688,885.0,0.0,4125577
2023-07-25,856.7009887695312,883.6500244140625,0.0,894.7000122070312,879.0999755859375,888.0,0.0,3652262
2023-07-26,862.2756958007812,889.4000244140625,0.0,896.5,883.2999877929688,886.5,0.0,2845581
2023-07-27,867.8502197265625,895.1500244140625,0.0,901.4000244140625,888.1500244140625,889.3499755859375,0.0,3445446
2023-07-28,867.8017578125,895.0999755859375,0.0,899.9000244140625,890.5499877929688,899.9000244140625,0.0,2314339
2023-07-31,862.7603759765625,889.9000244140625,0.0,897.7999877929688,885.25,894.0,0.0,4424817
2023-08-01,864.45703125,891.6500244140625,0.0,897.4000244140625,888.1500244140625,894.5,0.0,2087412
2023-08-02,851.3201904296875,878.0999755859375,0.0,890.6500244140625,872.5999755859375,883.2000122070312,0.0,3328903
2023-08-03,845.115478515625,871.7000122070312,0.0,882.0499877929688,865.0999755859375,875.0,0.0,4642067
2023-08-04,862.51806640625,889.6500244140625,0.0,892.9500122070312,866.2000122070312,869.0,0.0,7066276
2023-08-07,864.214599609375,891.4000244140625,0.0,900.5499877929688,884.0999755859375,885.1500244140625,0.0,4086452
2023-08-08,858.3976440429688,885.4000244140625,0.0,894.2999877929688,880.4500122070312,892.0,0.0,3282856
2023-08-09,856.74951171875,883.7000122070312,0.0,897.4500122070312,878.7999877929688,885.0,0.0,3185159
2023-08-10,848.120849609375,874.7999877929688,0.0,883.9000244140625,868.2000122070312,882.0,0.0,3439922
2023-08-11,847.8773803710938,870.5499877929688,4.0,873.7000122070312,865.0,872.0,0.0,2812690
2023-08-14,844.468505859375,867.0499877929688,0.0,870.5999755859375,857.5999755859375,870.5,0.0,2665905
2023-08-16,834.631591796875,856.9500122070312,0.0,874.0,853.2000122070312,870.0,0.0,3962408
2023-08-17,834.3881225585938,856.7000122070312,0.0,859.8499755859375,850.0,857.2000122070312,0.0,3013019
2023-08-18,833.9498291015625,856.25,0.0,862.0,852.25,856.7000122070312,0.0,4929835
2023-08-21,849.2409057617188,871.9500122070312,0.0,874.0,854.0999755859375,855.6500244140625,0.0,3220142
2023-08-22,854.79248046875,877.6500244140625,0.0,879.9500122070312,866.2000122070312,871.0,0.0,3333869
2023-08-23,845.5399169921875,868.1500244140625,0.0,877.0,866.7999877929688,877.0,0.0,1860153
2023-08-24,846.8060302734375,869.4500122070312,0.0,874.7000122070312,864.2000122070312,873.0,0.0,2842728
2023-08-25,850.75048828125,873.5,0.0,875.9500122070312,861.0999755859375,869.4500122070312,0.0,3124339
2023-08-28,847.6825561523438,870.3499755859375,0.0,875.75,865.8499755859375,874.0499877929688,0.0,3094455
2023-08-29,832.9271240234375,855.2000122070312,0.0,870.0,848.5,870.0,0.0,14064286
2023-08-30,835.4107055664062,857.75,0.0,862.5999755859375,856.4500122070312,859.8499755859375,0.0,3261665
2023-08-31,834.0958862304688,856.4000244140625,0.0,859.5,847.0499877929688,855.5,0.0,12528190
2023-09-01,843.3971557617188,865.9500122070312,0.0,867.5499877929688,852.75,853.1500244140625,0.0,4427899
2023-09-04,842.7640991210938,865.2999877929688,0.0,869.4500122070312,859.7000122070312,865.75,0.0,3102649
2023-09-05,843.3484497070312,865.9000244140625,0.0,867.7999877929688,858.4000244140625,863.0999755859375,0.0,2216754
2023-09-06,857.3734741210938,880.2999877929688,0.0,882.4000244140625,865.7999877929688,867.1500244140625,0.0,4235096
2023-09-07,852.503662109375,875.2999877929688,0.0,883.7000122070312,873.1500244140625,880.2999877929688,0.0,4532834
2023-09-08,862.7788696289062,885.8499755859375,0.0,890.6500244140625,878.1500244140625,881.7999877929688,0.0,3741470
2023-09-11,867.5999755859375,890.7999877929688,0.0,892.2999877929688,883.5999755859375,888.0,0.0,2733894
2023-09-12,867.21044921875,890.4000244140625,0.0,896.5,885.0,894.9000244140625,0.0,4106031
2023-09-13,891.3157958984375,915.1500244140625,0.0,918.0,885.5499877929688,888.0499877929688,0.0,5222561
2023-09-14,891.1210327148438,914.9500122070312,0.0,920.5999755859375,910.0999755859375,920.2999877929688,0.0,5513106
2023-09-15,911.7689208984375,936.1500244140625,0.0,948.7000122070312,910.0,912.5999755859375,0.0,14003428
2023-09-18,896.2343139648438,920.2000122070312,0.0,935.7999877929688,918.0,929.4000244140625,0.0,2977375
2023-09-20,886.981689453125,910.7000122070312,0.0,919.2999877929688,904.7999877929688,911.0,0.0,5241903
2023-09-21,894.0428466796875,917.9500122070312,0.0,920.1500244140625,903.3499755859375,910.2000122070312,0.0,4896202
2023-09-22,887.6635131835938,911.4000244140625,0.0,922.3499755859375,903.7999877929688,917.9500122070312,0.0,6112928
2023-09-25,886.6895751953125,910.4000244140625,0.0,913.3499755859375,902.0499877929688,912.0,0.0,5278045
2023-09-26,888.9296264648438,912.7000122070312,0.0,920.9500122070312,908.0,910.0,0.0,5355047
2023-09-27,896.282958984375,920.25,0.0,921.0499877929688,907.4500122070312,914.9500122070312,0.0,4713145
2023-09-28,901.5423583984375,925.6500244140625,0.0,932.0,918.5999755859375,926.0,0.0,7386917
2023-09-29,902.2728271484375,926.4000244140625,0.0,936.4000244140625,921.7999877929688,932.0,0.0,5608557
2023-10-03,901.201416015625,925.2999877929688,0.0,928.25,916.0499877929688,918.25,0.0,4338272
2023-10-04,900.1787719726562,924.25,0.0,925.9500122070312,918.2999877929688,918.2999877929688,0.0,5603669
2023-10-05,904.6589965820312,928.8499755859375,0.0,929.5999755859375,919.4000244140625,925.0499877929688,0.0,7063132
2023-10-06,901.9319458007812,926.0499877929688,0.0,929.2000122070312,924.2999877929688,929.2000122070312,0.0,2420855
2023-10-09,900.4710083007812,924.5499877929688,0.0,928.0499877929688,916.5499877929688,918.0,0.0,2248103
2023-10-10,923.651123046875,948.3499755859375,0.0,954.0499877929688,921.0499877929688,924.5499877929688,0.0,7897875
2023-10-11,930.7122802734375,955.5999755859375,0.0,956.7999877929688,948.0,948.5,0.0,5645289
2023-10-12,925.5990600585938,950.3499755859375,0.0,956.7999877929688,947.0,955.5999755859375,0.0,5544735
2023-10-13,929.3487548828125,954.2000122070312,0.0,955.9500122070312,946.2999877929688,946.2999877929688,0.0,4421671
2023-10-16,921.8980102539062,946.5499877929688,0.0,958.75,943.8499755859375,957.9500122070312,0.0,1881721
2023-10-17,928.8131713867188,953.6500244140625,0.0,960.25,946.0,946.5499877929688,0.0,3863410
2023-10-18,928.033935546875,952.8499755859375,0.0,958.9000244140625,950.6500244140625,953.0,0.0,2334392
2023-10-19,918.3917846679688,942.9500122070312,0.0,951.2999877929688,941.3499755859375,945.7999877929688,0.0,4306963
2023-10-20,920.5831909179688,945.2000122070312,0.0,947.5,937.0,937.7999877929688,0.0,3125104
2023-10-23,914.8368530273438,939.2999877929688,0.0,949.0999755859375,937.0,941.5999755859375,0.0,2180066
2023-10-25,898.57177734375,922.5999755859375,0.0,939.6500244140625,919.0,924.5999755859375,0.0,6365249
2023-10-26,881.9171752929688,905.5,0.0,924.5999755859375,900.0499877929688,921.6500244140625,0.0,6595332
2023-10-27,890.7800903320312,914.5999755859375,0.0,918.4000244140625,906.4500122070312,910.75,0.0,3508393
2023-10-30,902.1267700195312,926.25,0.0,931.9500122070312,910.3499755859375,914.7999877929688,0.0,3686768
2023-10-31,890.5853881835938,914.4000244140625,0.0,923.5499877929688,912.4000244140625,920.2999877929688,0.0,5697563
2023-11-01,889.6600952148438,913.4500122070312,0.0,914.5499877929688,895.4500122070312,903.0,0.0,4821458
2023-11-02,899.7892456054688,923.8499755859375,0.0,925.9500122070312,916.4000244140625,920.0,0.0,6611573
2023-11-03,906.509521484375,930.75,0.0,933.7000122070312,922.2000122070312,925.0,0.0,3895154
2023-11-06,914.739501953125,939.2000122070312,0.0,940.7000122070312,930.0,934.2000122070312,0.0,2760800
2023-11-07,912.742919921875,937.1500244140625,0.0,938.9500122070312,932.4500122070312,936.0499877929688,0.0,3616946
2023-11-08,912.353271484375,936.75,0.0,941.7999877929688,934.4000244140625,941.7999877929688,0.0,1808553
2023-11-09,908.06787109375,932.3499755859375,0.0,937.2999877929688,930.5499877929688,936.75,0.0,3914416
2023-11-10,911.1358032226562,935.5,0.0,937.0,929.0,929.0,0.0,1345614
2023-11-13,910.6488037109375,935.0,0.0,940.2999877929688,933.7999877929688,938.0,0.0,1656368
2023-11-15,925.2581787109375,950.0,0.0,952.7000122070312,936.2000122070312,948.0,0.0,4816316
2023-11-16,924.8198852539062,949.5499877929688,0.0,953.9000244140625,943.25,949.0,0.0,5310736
2023-11-17,922.6284790039062,947.2999877929688,0.0,954.0,946.0,948.7999877929688,0.0,3249469
2023-11-20,936.361328125,961.4000244140625,0.0,964.2999877929688,941.9500122070312,949.0,0.0,4646962
2023-11-21,945.5651245117188,970.8499755859375,0.0,976.3499755859375,961.0,967.0,0.0,5704644
2023-11-22,944.4938354492188,969.75,0.0,976.2999877929688,965.9500122070312,974.2999877929688,0.0,3309732
2023-11-23,951.214111328125,976.6500244140625,0.0,981.0,963.7000122070312,970.0,0.0,2749555
2023-11-24,947.8052978515625,973.1500244140625,0.0,977.1500244140625,971.0,975.0,0.0,2322104
2023-11-28,959.2492065429688,984.9000244140625,0.0,988.0,971.2000122070312,974.0499877929688,0.0,5096984
2023-11-29,969.4757690429688,995.4000244140625,0.0,1007.0999755859375,990.9500122070312,995.9000244140625,0.0,5647918
2023-11-30,988.2730712890625,1014.7000122070312,0.0,1018.2000122070312,992.7000122070312,995.0,0.0,9934052
2023-12-01,988.2730712890625,1014.7000122070312,0.0,1022.5499877929688,1008.2000122070312,1015.0,0.0,5544950
2023-12-04,1005.9991455078125,1032.9000244140625,0.0,1044.0,1025.199951171875,1036.0,0.0,5164902
2023-12-05,1004.2460327148438,1031.0999755859375,0.0,1045.949951171875,1022.0999755859375,1038.800048828125,0.0,4266159
2023-12-06,997.7691040039062,1024.449951171875,0.0,1035.0,1013.4500122070312,1029.0999755859375,0.0,4121251
2023-12-07,973.9559936523438,1000.0,0.0,1019.7000122070312,998.0,1015.0,0.0,13805235
2023-12-08,974.1994018554688,1000.25,0.0,1004.0,991.2999877929688,998.7000122070312,0.0,6630766
2023-12-11,974.7838134765625,1000.8499755859375,0.0,1004.5999755859375,992.0499877929688,996.0999755859375,0.0,6195119
2023-12-12,969.3296508789062,995.25,0.0,1000.8499755859375,987.0,999.25,0.0,7119331
2023-12-13,973.8585815429688,999.9000244140625,0.0,1002.0,991.5,993.2000122070312,0.0,4153219
2023-12-14,979.0205078125,1005.2000122070312,0.0,1011.2000122070312,999.1500244140625,1006.0,0.0,6541673
2023-12-15,966.7000122070312,992.5499877929688,0.0,1010.8499755859375,988.25,999.6500244140625,0.0,10119597
2023-12-18,964.4598999023438,990.25,0.0,998.7999877929688,982.1500244140625,995.0,0.0,5750263
2023-12-19,962.706787109375,988.4500122070312,0.0,997.9500122070312,985.9000244140625,995.4500122070312,0.0,3912964
2023-12-20,946.2468872070312,971.5499877929688,0.0,993.6500244140625,969.0,992.9000244140625,0.0,3990591
2023-12-21,952.4315795898438,977.9000244140625,0.0,981.5499877929688,960.0,968.0,0.0,4294277
2023-12-22,963.778076171875,989.5499877929688,0.0,998.9500122070312,975.5499877929688,981.9000244140625,0.0,4605120
2023-12-26,973.8098754882812,999.8499755859375,0.0,1002.5,989.6500244140625,995.0,0.0,2460643
2023-12-27,994.6038208007812,1021.2000122070312,0.0,1024.050048828125,998.0,1000.0,0.0,4791379
2023-12-28,1009.7000122070312,1036.699951171875,0.0,1041.949951171875,1022.2000122070312,1023.9000244140625,0.0,5288328
2023-12-29,1005.3173217773438,1032.199951171875,0.0,1043.25,1024.4000244140625,1033.1500244140625,0.0,4631749
2024-01-01,986.6660766601562,1013.0499877929688,0.0,1031.949951171875,1007.0,1031.949951171875,0.0,3804406
2024-01-02,995.0908813476562,1021.7000122070312,0.0,1025.449951171875,1016.0,1017.4000244140625,0.0,6865791
2024-01-03,1008.2392578125,1035.199951171875,0.0,1037.0,1021.3499755859375,1031.949951171875,0.0,3604276
2024-01-04,1020.6085205078125,1047.9000244140625,0.0,1058.800048828125,1027.550048828125,1035.25,0.0,4664043
2024-01-05,1019.3423461914062,1046.5999755859375,0.0,1063.6500244140625,1038.949951171875,1053.800048828125,0.0,4008221
2024-01-08,1021.7285766601562,1049.050048828125,0.0,1059.0,1045.25,1050.0,0.0,4489695
2024-01-09,1036.776123046875,1064.5,0.0,1067.9000244140625,1048.050048828125,1057.0,0.0,3371125
2024-01-10,1035.02294921875,1062.699951171875,0.0,1073.300048828125,1055.300048828125,1066.949951171875,0.0,3111573
2024-01-11,1035.1690673828125,1062.8499755859375,0.0,1073.9000244140625,1057.3499755859375,1065.75,0.0,2604325
2024-01-12,1048.3173828125,1076.3499755859375,0.0,1078.550048828125,1051.5999755859375,1058.0999755859375,0.0,3394013
2024-01-15,1073.6890869140625,1102.4000244140625,0.0,1104.699951171875,1074.550048828125,1078.050048828125,0.0,3312897
2024-01-16,1067.3583984375,1095.9000244140625,0.0,1117.0,1093.0,1107.0,0.0,5025540
2024-01-17,1056.9857177734375,1085.25,0.0,1108.949951171875,1078.800048828125,1092.0,0.0,4568700
2024-01-18,1058.739013671875,1087.050048828125,0.0,1096.0,1075.199951171875,1075.199951171875,0.0,4407330
2024-01-19,1095.700439453125,1125.0,0.0,1136.3499755859375,1089.800048828125,1091.0,0.0,11753391
2024-01-23,1127.841064453125,1158.0,0.0,1172.550048828125,1135.0,1145.0,0.0,18194595
2024-01-24,1158.9588623046875,1189.949951171875,0.0,1194.0,1140.0999755859375,1140.0999755859375,0.0,9546592
2024-01-25,1130.3245849609375,1160.550048828125,0.0,1200.6500244140625,1157.050048828125,1186.0,0.0,11424697
2024-01-29,1131.8829345703125,1162.1500244140625,0.0,1169.75,1158.0,1158.0,0.0,4015858
2024-01-30,1128.47412109375,1158.6500244140625,0.0,1180.8499755859375,1154.550048828125,1162.1500244140625,0.0,3902023
2024-01-31,1140.210205078125,1170.699951171875,0.0,1175.050048828125,1146.199951171875,1159.0,0.0,5981966
2024-02-01,1121.218017578125,1151.199951171875,0.0,1170.199951171875,1148.949951171875,1165.050048828125,0.0,3606209
2024-02-02,1120.8284912109375,1150.800048828125,0.0,1175.199951171875,1145.300048828125,1155.0,0.0,4969983
2024-02-05,1084.5487060546875,1113.550048828125,0.0,1159.6500244140625,1110.0,1154.3499755859375,0.0,7809331
2024-02-06,1104.5147705078125,1134.050048828125,0.0,1156.0999755859375,1123.0,1125.0,0.0,9863065
2024-02-07,1104.7581787109375,1134.300048828125,0.0,1148.25,1131.800048828125,1138.800048828125,0.0,2770694
2024-02-08,1112.40380859375,1142.1500244140625,0.0,1146.5,1116.199951171875,1144.4000244140625,0.0,6519392
2024-02-09,1091.0740966796875,1120.25,0.0,1145.949951171875,1116.25,1145.949951171875,0.0,4203171
2024-02-12,1089.5645751953125,1118.699951171875,0.0,1129.0,1111.300048828125,1122.9000244140625,0.0,3887976
2024-02-13,1088.736572265625,1117.8499755859375,0.0,1125.0,1103.800048828125,1111.0,0.0,3211554
2024-02-14,1086.7886962890625,1115.8499755859375,0.0,1121.1500244140625,1104.699951171875,1110.0,0.0,4653070
2024-02-15,1091.512451171875,1120.699951171875,0.0,1131.449951171875,1109.4000244140625,1122.300048828125,0.0,5056712
2024-02-16,1090.8306884765625,1120.0,0.0,1127.050048828125,1116.8499755859375,1124.0,0.0,3091952
2024-02-19,1112.4525146484375,1142.199951171875,0.0,1145.0,1118.3499755859375,1121.050048828125,0.0,4711035
2024-02-20,1114.15673828125,1143.949951171875,0.0,1151.5999755859375,1135.0,1145.0,0.0,5397418
2024-02-21,1110.21240234375,1139.9000244140625,0.0,1159.1500244140625,1132.5999755859375,1155.0,0.0,4570259
2024-02-22,1105.975830078125,1135.550048828125,0.0,1138.75,1097.6500244140625,1137.5999755859375,0.0,8642368
2024-02-23,1096.4310302734375,1125.75,0.0,1131.8499755859375,1115.300048828125,1127.0,0.0,6709844
2024-02-26,1081.1397705078125,1110.050048828125,0.0,1125.9000244140625,1104.3499755859375,1118.0999755859375,0.0,3186134
2024-02-27,1098.1353759765625,1127.5,0.0,1131.0,1101.300048828125,1113.0,0.0,7149094
2024-02-28,1099.352783203125,1128.75,0.0,1152.6500244140625,1123.5,1133.4000244140625,0.0,5302711
2024-02-29,1094.093505859375,1123.3499755859375,0.0,1137.949951171875,1099.0,1118.8499755859375,0.0,13818650
2024-03-01,1099.3040771484375,1128.699951171875,0.0,1140.75,1117.4000244140625,1128.0,0.0,5927490
2024-03-04,1103.9791259765625,1133.5,0.0,1149.25,1132.0,1132.0,0.0,5855090
2024-03-05,1138.4571533203125,1168.9000244140625,0.0,1179.75,1133.050048828125,1133.050048828125,0.0,5375008
2024-03-06,1162.6112060546875,1193.699951171875,0.0,1196.5999755859375,1157.3499755859375,1173.949951171875,0.0,5464839
2024-03-07,1168.454833984375,1199.699951171875,0.0,1213.5999755859375,1189.449951171875,1209.8499755859375,0.0,8903981
2024-03-11,1165.4356689453125,1196.5999755859375,0.0,1218.300048828125,1186.0,1186.0,0.0,6679208
2024-03-12,1172.886474609375,1204.25,0.0,1208.0,1197.800048828125,1200.0,0.0,4249548
2024-03-13,1138.3109130859375,1168.75,0.0,1212.0,1151.699951171875,1212.0,0.0,7528096
2024-03-14,1163.48779296875,1194.5999755859375,0.0,1199.699951171875,1163.550048828125,1173.949951171875,0.0,8569080
2024-03-15,1188.226318359375,1220.0,0.0,1222.800048828125,1187.8499755859375,1190.0,0.0,10115416
2024-03-18,1193.3883056640625,1225.300048828125,0.0,1230.550048828125,1215.199951171875,1225.0,0.0,4141080
2024-03-19,1196.3587646484375,1228.3499755859375,0.0,1240.4000244140625,1214.5999755859375,1216.199951171875,0.0,7703719
2024-03-20,1199.718994140625,1231.800048828125,0.0,1239.0,1223.6500244140625,1228.25,0.0,6596032
2024-03-21,1189.0054931640625,1220.800048828125,0.0,1242.9000244140625,1214.0999755859375,1238.0,0.0,9952250
2024-03-22,1203.906982421875,1236.0999755859375,0.0,1245.0,1222.0,1226.949951171875,0.0,7840007
2024-03-26,1181.5059814453125,1213.0999755859375,0.0,1234.0,1210.0,1225.0,0.0,10898138
2024-03-27,1192.9013671875,1224.800048828125,0.0,1228.25,1210.550048828125,1210.550048828125,0.0,5779169
2024-03-28,1196.6021728515625,1228.5999755859375,0.0,1238.5,1220.300048828125,1226.949951171875,0.0,10518377
2024-04-01,1185.645263671875,1217.3499755859375,0.0,1231.9000244140625,1208.0,1228.0,0.0,5461473
2024-04-02,1176.7823486328125,1208.25,0.0,1227.75,1203.199951171875,1225.0,0.0,3625577
2024-04-03,1193.77783203125,1225.699951171875,0.0,1240.5999755859375,1189.449951171875,1195.0,0.0,9532291
2024-04-04,1175.418701171875,1206.8499755859375,0.0,1233.0,1201.300048828125,1231.949951171875,0.0,7327626
2024-04-05,1159.9815673828125,1191.0,0.0,1211.3499755859375,1188.949951171875,1205.9000244140625,0.0,4227519
2024-04-08,1173.3245849609375,1204.699951171875,0.0,1210.550048828125,1183.0999755859375,1188.0,0.0,4827733
2024-04-09,1173.0811767578125,1204.449951171875,0.0,1214.949951171875,1198.300048828125,1214.949951171875,0.0,3372798
2024-04-10,1197.3814697265625,1229.4000244140625,0.0,1230.699951171875,1208.75,1213.25,0.0,6442196
2024-04-12,1193.6318359375,1225.550048828125,0.0,1231.8499755859375,1219.550048828125,1226.0999755859375,0.0,7877073
2024-04-15,1192.6578369140625,1224.550048828125,0.0,1235.0,1210.3499755859375,1210.5999755859375,0.0,4281602
2024-04-16,1184.7686767578125,1216.449951171875,0.0,1233.949951171875,1212.050048828125,1223.9000244140625,0.0,5235632
2024-04-18,1232.7847900390625,1265.75,0.0,1281.8499755859375,1215.800048828125,1220.0,0.0,19939924
2024-04-19,1255.42919921875,1289.0,0.0,1296.5,1253.3499755859375,1280.0,0.0,13103862
2024-04-22,1263.756591796875,1297.550048828125,0.0,1305.4000244140625,1288.25,1304.0,0.0,7894656
2024-04-23,1307.3897705078125,1342.3499755859375,0.0,1351.0,1302.0999755859375,1310.0,0.0,12074766
2024-04-24,1301.5947265625,1336.4000244140625,0.0,1354.0,1333.550048828125,1352.0,0.0,6277492
2024-04-25,1303.8348388671875,1338.699951171875,0.0,1343.800048828125,1324.3499755859375,1331.0,0.0,8512627
2024-04-26,1291.465576171875,1326.0,0.0,1345.699951171875,1322.0,1338.0,0.0,5289771
2024-04-29,1297.74755859375,1332.449951171875,0.0,1346.0,1320.0,1324.5,0.0,3195888
2024-04-30,1287.862060546875,1322.300048828125,0.0,1334.800048828125,1319.949951171875,1323.1500244140625,0.0,5272565
2024-05-02,1270.0872802734375,1304.050048828125,0.0,1319.9000244140625,1293.5999755859375,1315.25,0.0,7995432
2024-05-03,1244.13134765625,1277.4000244140625,0.0,1310.5,1258.1500244140625,1306.0,0.0,11290875
2024-05-06,1249.97509765625,1283.4000244140625,0.0,1298.449951171875,1273.199951171875,1275.0,0.0,5555467
2024-05-07,1252.653564453125,1286.1500244140625,0.0,1294.449951171875,1271.0,1286.3499755859375,0.0,5767030
2024-05-08,1255.0396728515625,1288.5999755859375,0.0,1299.4000244140625,1274.699951171875,1276.1500244140625,0.0,2682816
2024-05-09,1242.2320556640625,1275.449951171875,0.0,1295.300048828125,1270.050048828125,1283.0,0.0,4809145
2024-05-10,1267.2628173828125,1301.1500244140625,0.0,1308.5,1271.75,1275.050048828125,0.0,5532513
2024-05-13,1252.458740234375,1285.949951171875,0.0,1302.9000244140625,1281.4000244140625,1301.1500244140625,0.0,3703942
2024-05-14,1250.8516845703125,1284.300048828125,0.0,1299.9000244140625,1280.699951171875,1290.550048828125,0.0,3262908
2024-05-15,1275.784912109375,1309.9000244140625,0.0,1318.25,1280.5,1281.550048828125,0.0,6891004
2024-05-16,1310.068115234375,1345.0999755859375,0.0,1356.8499755859375,1321.300048828125,1328.0,0.0,11932181
2024-05-17,1309.43505859375,1344.449951171875,0.0,1360.0,1339.25,1353.5999755859375,0.0,6614017
2024-05-21,1309.2891845703125,1344.300048828125,0.0,1362.75,1335.75,1356.0,0.0,5422220
2024-05-22,1312.7952880859375,1347.9000244140625,0.0,1351.0,1329.550048828125,1342.1500244140625,0.0,3026723
2024-05-23,1338.26416015625,1374.050048828125,0.0,1377.300048828125,1344.300048828125,1350.75,0.0,7147341
2024-05-24,1352.337890625,1388.5,0.0,1397.75,1374.050048828125,1375.5,0.0,5622368
2024-05-27,1348.2958984375,1384.3499755859375,0.0,1407.0,1378.0,1396.0,0.0,6553974
2024-05-28,1335.34228515625,1371.050048828125,0.0,1386.949951171875,1366.9000244140625,1384.800048828125,0.0,2068963
2024-05-29,1341.2347412109375,1377.0999755859375,0.0,1390.25,1355.5,1355.5,0.0,4445083
2024-05-30,1341.283447265625,1377.1500244140625,0.0,1386.449951171875,1363.5,1378.800048828125,0.0,7100303
2024-05-31,1336.998046875,1372.75,0.0,1388.0,1338.0,1380.0,0.0,24825643
2024-06-03,1354.8701171875,1391.0999755859375,0.0,1420.449951171875,1385.0,1415.300048828125,0.0,6017122
2024-06-04,1265.8504638671875,1299.699951171875,0.0,1397.0,1219.050048828125,1391.0999755859375,0.0,19924421
2024-06-05,1309.337646484375,1344.3499755859375,0.0,1348.75,1279.8499755859375,1325.6500244140625,0.0,12175520
2024-06-06,1334.9041748046875,1370.5999755859375,0.0,1376.25,1329.0,1359.0,0.0,10279789
2024-06-07,1388.130615234375,1425.25,0.0,1430.6500244140625,1363.1500244140625,1370.5999755859375,0.0,12280748
2024-06-10,1388.909912109375,1426.050048828125,0.0,1436.6500244140625,1421.050048828125,1421.050048828125,0.0,5318477
2024-06-11,1390.07861328125,1427.25,0.0,1434.5999755859375,1413.0,1426.0,0.0,4416792
2024-06-12,1400.938232421875,1438.4000244140625,0.0,1447.8499755859375,1422.0999755859375,1425.0,0.0,4876138
2024-06-13,1388.6177978515625,1425.75,0.0,1455.949951171875,1420.449951171875,1449.0,0.0,7990376
2024-06-14,1390.2247314453125,1427.4000244140625,0.0,1434.0,1420.949951171875,1434.0,0.0,3978442
2024-06-18,1391.1500244140625,1428.3499755859375,0.0,1444.0,1418.0,1444.0,0.0,8671131
2024-06-19,1356.087646484375,1392.3499755859375,0.0,1434.800048828125,1388.300048828125,1433.949951171875,0.0,8640918
2024-06-20,1345.1793212890625,1381.1500244140625,0.0,1406.949951171875,1376.25,1405.949951171875,0.0,8742855
2024-06-21,1379.17041015625,1416.050048828125,0.0,1423.949951171875,1372.8499755859375,1384.949951171875,0.0,43929578
2024-06-24,1382.82275390625,1419.800048828125,0.0,1423.800048828125,1389.3499755859375,1402.0,0.0,6195831
2024-06-25,1378.098876953125,1414.949951171875,0.0,1434.0,1409.8499755859375,1434.0,0.0,6353748
2024-06-26,1421.48876953125,1459.5,0.0,1479.949951171875,1408.949951171875,1414.949951171875,0.0,9579826
2024-06-27,1437.3642578125,1475.800048828125,0.0,1489.0,1440.050048828125,1464.0,0.0,19675528
2024-06-28,1406.441162109375,1444.050048828125,0.0,1536.25,1436.6500244140625,1536.25,0.0,29145832
2024-07-01,1416.1319580078125,1454.0,0.0,1466.800048828125,1449.25,1450.0,0.0,6011806
2024-07-02,1381.994873046875,1418.949951171875,0.0,1473.4000244140625,1417.0,1462.0,0.0,7792632
2024-07-03,1382.871337890625,1419.8499755859375,0.0,1432.4000244140625,1408.449951171875,1427.949951171875,0.0,8261388
2024-07-04,1385.988037109375,1423.050048828125,0.0,1441.0999755859375,1411.5,1418.0,0.0,9570938
2024-07-05,1392.4647216796875,1429.699951171875,0.0,1433.5999755859375,1416.8499755859375,1422.5,0.0,4881198
2024-07-08,1397.77294921875,1435.1500244140625,0.0,1438.8499755859375,1423.1500244140625,1431.0,0.0,3261797
2024-07-09,1398.16259765625,1435.550048828125,0.0,1441.6500244140625,1428.1500244140625,1436.0,0.0,2897480
2024-07-10,1407.4151611328125,1445.050048828125,0.0,1448.75,1426.1500244140625,1441.0,0.0,3416762
2024-07-11,1400.5,1437.949951171875,0.0,1450.8499755859375,1428.0,1450.0,0.0,4178558
2024-07-12,1395.92236328125,1433.25,0.0,1447.5999755859375,1421.449951171875,1442.0,0.0,6342135
2024-07-15,1400.1590576171875,1437.5999755859375,0.0,1440.0,1426.050048828125,1433.25,0.0,3324806
2024-07-16,1428.306396484375,1466.5,0.0,1473.300048828125,1445.0,1452.0,0.0,6967651
2024-07-18,1445.009765625,1483.6500244140625,0.0,1485.949951171875,1459.050048828125,1466.0,0.0,6470342
2024-07-19,1423.6800537109375,1461.75,0.0,1480.0,1451.949951171875,1480.0,0.0,3858596
2024-07-22,1427.2352294921875,1465.4000244140625,0.0,1472.0,1449.050048828125,1450.0,0.0,3560584
2024-07-23,1427.527099609375,1465.699951171875,0.0,1470.0,1428.449951171875,1470.0,0.0,2936143
2024-07-24,1417.30078125,1455.199951171875,0.0,1475.5999755859375,1436.550048828125,1466.0,0.0,4529339
2024-07-25,1411.408203125,1449.1500244140625,0.0,1454.0,1440.0999755859375,1445.0,0.0,4277756
2024-07-26,1474.9588623046875,1514.4000244140625,0.0,1520.0,1449.1500244140625,1450.25,0.0,9564987
2024-07-29,1442.7696533203125,1481.3499755859375,0.0,1525.0,1477.050048828125,1525.0,0.0,4589313
2024-07-30,1432.0560302734375,1470.3499755859375,0.0,1484.9000244140625,1464.050048828125,1484.4000244140625,0.0,4263689
2024-07-31,1452.7042236328125,1491.550048828125,0.0,1504.1500244140625,1473.1500244140625,1477.8499755859375,0.0,5634305
2024-08-01,1466.2906494140625,1505.5,0.0,1511.0,1485.0,1485.0,0.0,4531379
2024-08-02,1454.8955078125,1493.800048828125,0.0,1505.1500244140625,1483.5999755859375,1494.0999755859375,0.0,3335905
2024-08-05,1427.527099609375,1465.699951171875,0.0,1488.0,1451.5,1482.0,0.0,5111901
2024-08-06,1405.9542236328125,1443.550048828125,0.0,1492.9000244140625,1431.0999755859375,1483.0999755859375,0.0,8249573
2024-08-07,1412.0263671875,1441.75,8.0,1454.9000244140625,1422.5999755859375,1452.0,0.0,5700734
2024-08-08,1421.8692626953125,1451.800048828125,0.0,1466.5,1430.0,1435.0,0.0,5986360
2024-08-09,1433.91552734375,1464.0999755859375,0.0,1482.0,1457.300048828125,1465.0,0.0,3615910
2024-08-12,1428.5289306640625,1458.5999755859375,0.0,1477.5,1445.0,1466.0,0.0,4028226
2024-08-13,1429.606201171875,1459.699951171875,0.0,1478.4000244140625,1450.3499755859375,1468.0,0.0,4495208
2024-08-14,1441.3587646484375,1471.699951171875,0.0,1480.0999755859375,1453.0999755859375,1453.0999755859375,0.0,5891784
2024-08-16,1452.964599609375,1483.550048828125,0.0,1491.0,1468.0999755859375,1480.0,0.0,7176426
2024-08-19,1439.3511962890625,1469.6500244140625,0.0,1489.0999755859375,1464.300048828125,1487.0,0.0,4404075
2024-08-20,1419.2738037109375,1449.1500244140625,0.0,1484.75,1446.5,1480.0,0.0,10046892
2024-08-21,1433.2789306640625,1463.449951171875,0.0,1466.5999755859375,1447.699951171875,1453.0,0.0,6175510
2024-08-22,1455.706787109375,1486.3499755859375,0.0,1499.9000244140625,1465.0,1473.699951171875,0.0,6781325
2024-08-23,1475.686279296875,1506.75,0.0,1510.0,1479.3499755859375,1493.0,0.0,6238112
2024-08-26,1482.34619140625,1513.550048828125,0.0,1520.699951171875,1505.0,1509.0,0.0,4307432
2024-08-27,1491.3564453125,1522.75,0.0,1526.3499755859375,1502.0,1518.0,0.0,3965066
2024-08-28,1524.263671875,1556.3499755859375,0.0,1564.5,1521.6500244140625,1527.949951171875,0.0,6225319
2024-08-29,1533.616943359375,1565.9000244140625,0.0,1571.699951171875,1545.949951171875,1565.0,0.0,8036748
2024-08-30,1556.28955078125,1589.050048828125,0.0,1608.4000244140625,1561.5999755859375,1576.0,0.0,37820442
2024-09-02,1538.954345703125,1571.3499755859375,0.0,1605.0,1565.5,1605.0,0.0,4890314
2024-09-03,1528.4261474609375,1560.5999755859375,0.0,1579.0,1558.5999755859375,1579.0,0.0,4546295
2024-09-04,1529.6993408203125,1561.9000244140625,0.0,1566.0,1542.0,1558.0,0.0,5213811
2024-09-05,1515.3023681640625,1547.199951171875,0.0,1563.0,1541.5,1559.0,0.0,5652812
2024-09-06,1507.516357421875,1539.25,0.0,1555.5999755859375,1530.199951171875,1552.800048828125,0.0,5497805
2024-09-09,1510.84619140625,1542.6500244140625,0.0,1546.75,1523.25,1523.25,0.0,3912508
2024-09-10,1545.3204345703125,1577.8499755859375,0.0,1586.0,1545.1500244140625,1545.1500244140625,0.0,6163457
2024-09-11,1545.271484375,1577.800048828125,0.0,1598.9000244140625,1574.449951171875,1578.449951171875,0.0,5994914
2024-09-12,1612.7999267578125,1646.75,0.0,1652.800048828125,1590.0999755859375,1596.1500244140625,0.0,12204496
2024-09-13,1600.7535400390625,1634.449951171875,0.0,1654.9000244140625,1631.050048828125,1651.0,0.0,5609618
2024-09-16,1601.73291015625,1635.449951171875,0.0,1652.949951171875,1630.0999755859375,1634.449951171875,0.0,3762063
2024-09-17,1627.49072265625,1661.75,0.0,1666.050048828125,1638.5,1650.0,0.0,4223072
2024-09-18,1620.781982421875,1654.9000244140625,0.0,1670.949951171875,1647.8499755859375,1655.199951171875,0.0,3171195
2024-09-19,1630.5267333984375,1664.8499755859375,0.0,1711.699951171875,1647.699951171875,1647.699951171875,0.0,8498240
2024-09-20,1676.4599609375,1711.75,0.0,1723.4000244140625,1666.0,1671.0,0.0,21646275
2024-09-23,1714.362060546875,1750.449951171875,0.0,1754.25,1719.0,1719.0,0.0,5001827
2024-09-24,1720.4342041015625,1756.6500244140625,0.0,1767.550048828125,1746.0999755859375,1752.0,0.0,7579205
2024-09-25,1724.1070556640625,1760.4000244140625,0.0,1766.9000244140625,1745.0,1755.550048828125,0.0,4017103
2024-09-26,1734.5863037109375,1771.0999755859375,0.0,1779.0,1746.1500244140625,1770.0,0.0,7417423
2024-09-27,1698.8388671875,1734.5999755859375,0.0,1763.449951171875,1722.5,1755.199951171875,0.0,7116861
2024-09-30,1674.3052978515625,1709.550048828125,0.0,1733.0,1704.199951171875,1714.0,0.0,6907288
2024-10-01,1663.678955078125,1698.699951171875,0.0,1722.8499755859375,1696.0,1705.0,0.0,3649090
2024-10-03,1638.949462890625,1673.449951171875,0.0,1695.0,1665.0,1665.0,0.0,7200276
2024-10-04,1607.0706787109375,1640.9000244140625,0.0,1686.699951171875,1630.1500244140625,1670.050048828125,0.0,8576527
2024-10-07,1627.7845458984375,1662.050048828125,0.0,1670.0,1642.449951171875,1651.0,0.0,5387707
2024-10-08,1623.2794189453125,1657.449951171875,0.0,1679.5,1652.0,1662.5999755859375,0.0,5224335
2024-10-09,1643.503662109375,1678.0999755859375,0.0,1704.5999755859375,1661.050048828125,1666.75,0.0,3414614
2024-10-10,1643.503662109375,1678.0999755859375,0.0,1698.949951171875,1665.0,1686.5999755859375,0.0,5047657
2024-10-11,1652.612060546875,1687.4000244140625,0.0,1690.25,1658.6500244140625,1678.0999755859375,0.0,2367678
2024-10-14,1660.6429443359375,1695.5999755859375,0.0,1710.050048828125,1679.3499755859375,1686.0,0.0,2069815
2024-10-15,1681.8465576171875,1717.25,0.0,1732.75,1699.949951171875,1708.0,0.0,5891334
2024-10-16,1698.2021484375,1733.949951171875,0.0,1742.25,1717.0999755859375,1720.0,0.0,3299887
2024-10-17,1666.0784912109375,1701.1500244140625,0.0,1737.949951171875,1694.4000244140625,1736.75,0.0,4373392
2024-10-18,1672.640380859375,1707.8499755859375,0.0,1716.0999755859375,1685.199951171875,1710.0,0.0,4154915
2024-10-21,1657.6558837890625,1692.550048828125,0.0,1708.949951171875,1662.0,1705.550048828125,0.0,3836168
2024-10-22,1657.3619384765625,1692.25,0.0,1712.9000244140625,1687.3499755859375,1692.0,0.0,3070057
2024-10-23,1651.044921875,1685.800048828125,0.0,1701.3499755859375,1680.0999755859375,1690.0,0.0,2764757
2024-10-24,1643.846435546875,1678.449951171875,0.0,1693.0,1657.4000244140625,1687.0,0.0,3669575
2024-10-25,1631.653076171875,1666.0,0.0,1684.75,1655.8499755859375,1681.0999755859375,0.0,3434386
2024-10-28,1629.0577392578125,1663.3499755859375,0.0,1677.8499755859375,1645.6500244140625,1658.1500244140625,0.0,2811651
2024-10-29,1603.348876953125,1637.0999755859375,0.0,1667.949951171875,1610.0,1650.5,0.0,6990747
2024-10-30,1599.67626953125,1633.3499755859375,0.0,1651.0,1617.800048828125,1627.800048828125,0.0,4622628
2024-10-31,1579.35400390625,1612.5999755859375,0.0,1638.800048828125,1602.1500244140625,1634.0,0.0,4921681
2024-11-01,1583.1246337890625,1616.449951171875,0.0,1626.3499755859375,1605.3499755859375,1620.0,0.0,279441
2024-11-04,1558.4442138671875,1591.25,0.0,1623.8499755859375,1573.050048828125,1619.1500244140625,0.0,6094029
2024-11-05,1545.8592529296875,1578.4000244140625,0.0,1593.9000244140625,1566.0,1583.25,0.0,6473278
2024-11-06,1565.838623046875,1598.800048828125,0.0,1610.75,1566.5,1583.0,0.0,6631728
2024-11-07,1543.312744140625,1575.800048828125,0.0,1608.550048828125,1569.6500244140625,1595.949951171875,0.0,5160994
2024-11-08,1537.534423828125,1569.9000244140625,0.0,1579.5,1558.8499755859375,1571.0,0.0,3096384
2024-11-11,1528.377197265625,1560.550048828125,0.0,1581.5999755859375,1551.800048828125,1561.0,0.0,3664301
2024-11-12,1523.5782470703125,1555.6500244140625,0.0,1595.0,1550.0999755859375,1568.800048828125,0.0,4479934
2024-11-13,1518.4853515625,1550.449951171875,0.0,1572.5,1546.3499755859375,1559.9000244140625,0.0,5816699
2024-11-14,1518.5343017578125,1550.5,0.0,1568.0,1536.550048828125,1550.0,0.0,5139154
2024-11-18,1505.3126220703125,1537.0,0.0,1568.949951171875,1529.449951171875,1568.949951171875,0.0,4816078
2024-11-19,1494.0496826171875,1525.5,0.0,1558.0,1519.300048828125,1537.0,0.0,6238241
2024-11-21,1493.7069091796875,1525.1500244140625,0.0,1542.050048828125,1511.0,1538.0,0.0,7356679
2024-11-22,1536.94677734375,1569.300048828125,0.0,1575.0,1520.199951171875,1533.0,0.0,7640321
2024-11-25,1546.201904296875,1578.75,0.0,1609.25,1562.550048828125,1581.949951171875,0.0,12155641
2024-11-26,1544.73291015625,1577.25,0.0,1604.8499755859375,1566.0,1590.0,0.0,4030593
2024-11-27,1545.1246337890625,1577.6500244140625,0.0,1583.75,1554.1500244140625,1569.1500244140625,0.0,4982785
2024-11-28,1528.230224609375,1560.4000244140625,0.0,1588.5,1556.949951171875,1571.0,0.0,6714728
2024-11-29,1593.6041259765625,1627.1500244140625,0.0,1648.9000244140625,1551.1500244140625,1551.1500244140625,0.0,10775801
2024-12-02,1609.71484375,1643.5999755859375,0.0,1646.199951171875,1617.199951171875,1627.1500244140625,0.0,3790108
2024-12-03,1587.1402587890625,1620.550048828125,0.0,1652.9000244140625,1613.1500244140625,1652.9000244140625,0.0,9131055
2024-12-04,1551.4415283203125,1584.0999755859375,0.0,1630.5,1582.4000244140625,1629.75,0.0,8772014
2024-12-05,1582.04736328125,1615.3499755859375,0.0,1622.050048828125,1585.3499755859375,1600.0,0.0,10324005
2024-12-06,1564.908203125,1597.8499755859375,0.0,1624.6500244140625,1594.800048828125,1618.0,0.0,4296866
2024-12-09,1569.51123046875,1602.550048828125,0.0,1605.9000244140625,1589.050048828125,1595.9000244140625,0.0,4264409
2024-12-10,1546.10400390625,1578.6500244140625,0.0,1611.8499755859375,1570.050048828125,1610.550048828125,0.0,14645786
2024-12-11,1553.3023681640625,1586.0,0.0,1588.0,1571.199951171875,1588.0,0.0,3853182
2024-12-12,1577.3463134765625,1610.550048828125,0.0,1617.9000244140625,1578.5,1578.5,0.0,13120939
2024-12-13,1647.078369140625,1681.75,0.0,1685.0,1606.800048828125,1618.0,0.0,12900707
2024-12-16,1628.2742919921875,1662.550048828125,0.0,1687.0,1660.1500244140625,1681.75,0.0,4375126
2024-12-17,1581.9984130859375,1615.300048828125,0.0,1658.6500244140625,1608.5,1650.5,0.0,6182486
2024-12-18,1568.874755859375,1601.9000244140625,0.0,1623.0,1596.0999755859375,1621.4000244140625,0.0,3905144
2024-12-19,1567.3076171875,1600.300048828125,0.0,1609.75,1585.449951171875,1586.4000244140625,0.0,5865855
2024-12-20,1545.5653076171875,1578.0999755859375,0.0,1622.300048828125,1573.4000244140625,1610.0,0.0,9738879
2024-12-23,1554.183837890625,1586.9000244140625,0.0,1607.449951171875,1578.3499755859375,1586.0,0.0,4363599
2024-12-24,1551.2457275390625,1583.9000244140625,0.0,1598.800048828125,1575.0,1590.0,0.0,3610076
2024-12-26,1566.524169921875,1599.5,0.0,1606.8499755859375,1581.0999755859375,1583.9000244140625,0.0,3400479
2024-12-27,1566.866943359375,1599.8499755859375,0.0,1628.449951171875,1596.300048828125,1599.5,0.0,2559578
2024-12-30,1554.183837890625,1586.9000244140625,0.0,1613.050048828125,1581.0999755859375,1605.0,0.0,4438130
2024-12-31,1555.016357421875,1587.75,0.0,1597.199951171875,1563.3499755859375,1583.0,0.0,2249626
2025-01-01,1562.802490234375,1595.699951171875,0.0,1606.550048828125,1584.050048828125,1593.0,0.0,1405565
2025-01-02,1576.5137939453125,1609.699951171875,0.0,1619.5999755859375,1588.4000244140625,1599.9000244140625,0.0,3728040
2025-01-03,1565.8875732421875,1598.8499755859375,0.0,1617.0,1593.300048828125,1615.0,0.0,3669685
2025-01-06,1555.701904296875,1588.449951171875,0.0,1609.8499755859375,1567.0999755859375,1596.1500244140625,0.0,4584188
2025-01-07,1558.0523681640625,1590.8499755859375,0.0,1603.0,1584.050048828125,1594.0,0.0,2830856
2025-01-08,1566.230224609375,1599.199951171875,0.0,1613.449951171875,1577.8499755859375,1598.75,0.0,3674564
2025-01-09,1573.9185791015625,1607.050048828125,0.0,1620.199951171875,1592.4000244140625,1600.0,0.0,4684859
2025-01-10,1582.5860595703125,1615.9000244140625,0.0,1625.0,1591.800048828125,1608.0,0.0,4145892
2025-01-13,1564.271484375,1597.199951171875,0.0,1614.699951171875,1578.0999755859375,1580.0,0.0,3705039
2025-01-14,1567.1116943359375,1600.0999755859375,0.0,1633.4000244140625,1578.5,1604.699951171875,0.0,7284572
2025-01-15,1574.3101806640625,1607.449951171875,0.0,1613.8499755859375,1593.0,1608.050048828125,0.0,2960985
2025-01-16,1596.5911865234375,1630.199951171875,0.0,1635.0,1600.550048828125,1619.050048828125,0.0,5299325
2025-01-17,1593.9468994140625,1627.5,0.0,1639.0,1623.0,1630.0999755859375,0.0,2678801
2025-01-20,1607.3155517578125,1641.1500244140625,0.0,1645.0,1618.0999755859375,1638.0,0.0,3933044
2025-01-21,1592.624755859375,1626.1500244140625,0.0,1656.699951171875,1620.300048828125,1654.0,0.0,7958844
2025-01-22,1598.1092529296875,1631.75,0.0,1641.0,1622.550048828125,1627.5,0.0,3262136
2025-01-23,1602.271728515625,1636.0,0.0,1645.4000244140625,1617.199951171875,1624.5,0.0,2457080
2025-01-24,1610.8902587890625,1644.800048828125,0.0,1661.9000244140625,1634.050048828125,1634.050048828125,0.0,3620058
2025-01-27,1569.5601806640625,1602.5999755859375,0.0,1647.199951171875,1593.699951171875,1638.949951171875,0.0,6622807
2025-01-28,1584.9854736328125,1618.3499755859375,0.0,1630.300048828125,1597.0,1607.6500244140625,0.0,5216471
2025-01-29,1567.4544677734375,1600.449951171875,0.0,1626.9000244140625,1593.1500244140625,1620.0,0.0,5009227
2025-01-30,1606.9237060546875,1640.75,0.0,1644.949951171875,1595.199951171875,1606.699951171875,0.0,4283637
2025-01-31,1592.7716064453125,1626.300048828125,0.0,1639.0999755859375,1574.25,1639.0999755859375,0.0,8340866
2025-02-01,1589.7845458984375,1623.25,0.0,1644.0,1609.199951171875,1627.0,0.0,2741589
2025-02-03,1618.2845458984375,1652.3499755859375,0.0,1661.0,1608.0999755859375,1619.9000244140625,0.0,4146970
2025-02-04,1627.1968994140625,1661.449951171875,0.0,1668.300048828125,1629.050048828125,1662.1500244140625,0.0,6385876
2025-02-05,1626.217529296875,1660.449951171875,0.0,1675.199951171875,1649.0999755859375,1670.0,0.0,3920893
2025-02-06,1586.3565673828125,1619.75,0.0,1667.300048828125,1613.25,1665.9000244140625,0.0,5229162
2025-02-07,1642.1815185546875,1676.75,0.0,1707.550048828125,1635.0,1635.050048828125,0.0,14873255
2025-02-10,1658.1455078125,1693.050048828125,0.0,1700.0,1678.050048828125,1698.8499755859375,0.0,6782878
2025-02-11,1661.7691650390625,1696.75,0.0,1706.6500244140625,1686.199951171875,1706.0,0.0,8965266
2025-02-12,1676.26416015625,1711.550048828125,0.0,1713.699951171875,1684.5,1704.0,0.0,7148192
2025-02-13,1679.2510986328125,1714.5999755859375,0.0,1728.4000244140625,1703.9000244140625,1710.0,0.0,5356002
2025-02-14,1681.6507568359375,1717.050048828125,0.0,1724.0999755859375,1705.25,1714.0,0.0,5125863
2025-02-17,1641.0062255859375,1675.550048828125,0.0,1716.9000244140625,1666.25,1711.75,0.0,4906462
2025-02-18,1634.493408203125,1668.9000244140625,0.0,1695.949951171875,1655.800048828125,1692.0,0.0,7529598
2025-02-19,1611.281982421875,1645.199951171875,0.0,1673.449951171875,1638.449951171875,1670.0,0.0,7776555
2025-02-20,1609.616943359375,1643.5,0.0,1649.800048828125,1627.25,1639.8499755859375,0.0,5524503
2025-02-21,1605.45458984375,1639.25,0.0,1658.699951171875,1629.199951171875,1643.5,0.0,5447583
2025-02-24,1568.2869873046875,1601.300048828125,0.0,1637.550048828125,1598.0,1627.0,0.0,4673190
2025-02-25,1607.560302734375,1641.4000244140625,0.0,1649.1500244140625,1597.0,1597.0,0.0,6286808
2025-02-27,1616.3748779296875,1650.4000244140625,0.0,1656.0,1638.6500244140625,1643.4000244140625,0.0,7568745
2025-02-28,1537.8282470703125,1570.199951171875,0.0,1648.449951171875,1559.5,1641.949951171875,0.0,13640211
2025-03-03,1562.9005126953125,1595.800048828125,0.0,1602.75,1572.75,1579.0,0.0,6993525
2025-03-04,1542.8720703125,1575.3499755859375,0.0,1590.5,1568.0,1589.0,0.0,5219668
2025-03-05,1584.8875732421875,1618.25,0.0,1626.0999755859375,1577.0999755859375,1578.0,0.0,6295425
2025-03-06,1593.3592529296875,1626.9000244140625,0.0,1631.75,1590.449951171875,1618.0,0.0,5174009
2025-03-07,1597.0809326171875,1630.699951171875,0.0,1642.4000244140625,1615.5999755859375,1629.0,0.0,3035558
2025-03-10,1597.32568359375,1630.949951171875,0.0,1654.9000244140625,1626.5999755859375,1640.0,0.0,3778450
2025-03-11,1628.6658935546875,1662.949951171875,0.0,1676.4000244140625,1624.050048828125,1630.0,0.0,6078564
2025-03-12,1608.9803466796875,1642.8499755859375,0.0,1716.6500244140625,1634.0,1690.0,0.0,9907628
2025-03-13,1598.84375,1632.5,0.0,1656.9000244140625,1629.5999755859375,1650.800048828125,0.0,8317331
2025-03-17,1605.356689453125,1639.1500244140625,0.0,1648.4000244140625,1612.199951171875,1612.199951171875,0.0,6405522
2025-03-18,1605.356689453125,1639.1500244140625,0.0,1639.1500244140625,1639.1500244140625,1639.1500244140625,0.0,0
2025-03-19,1603.3978271484375,1637.1500244140625,0.0,1642.050048828125,1627.5,1635.0,0.0,6283464
2025-03-20,1670.0938720703125,1705.25,0.0,1709.6500244140625,1646.0999755859375,1660.0,0.0,12074465
2025-03-21,1690.2203369140625,1725.800048828125,0.0,1731.4000244140625,1692.0,1709.6500244140625,0.0,14715349
2025-03-24,1683.3646240234375,1718.800048828125,0.0,1740.0,1714.8499755859375,1740.0,0.0,4120999
2025-03-25,1694.8233642578125,1730.5,0.0,1740.5,1706.0999755859375,1725.0,0.0,4857399
2025-03-26,1702.70751953125,1738.550048828125,0.0,1765.0,1726.1500244140625,1739.1500244140625,0.0,7142394
2025-03-27,1689.142822265625,1724.699951171875,0.0,1746.4000244140625,1713.25,1739.949951171875,0.0,6222339
2025-03-28,1697.6636962890625,1733.4000244140625,0.0,1745.75,1660.0,1733.300048828125,0.0,4133264
2025-04-01,1688.6043701171875,1724.1500244140625,0.0,1765.0,1708.449951171875,1715.0,0.0,6773056
2025-04-02,1718.426513671875,1754.5999755859375,0.0,1760.4000244140625,1716.949951171875,1720.0,0.0,6431226
2025-04-03,1710.00390625,1746.0,0.0,1754.949951171875,1735.449951171875,1748.0,0.0,2341989
2025-04-04,1707.50634765625,1743.449951171875,0.0,1770.800048828125,1740.0,1754.5,0.0,7817334
2025-04-07,1651.87744140625,1686.6500244140625,0.0,1774.75,1669.4000244140625,1730.0,0.0,14870388
2025-04-08,1684.9315185546875,1720.4000244140625,0.0,1742.300048828125,1706.800048828125,1720.699951171875,0.0,7206935
2025-04-09,1680.181640625,1715.550048828125,0.0,1726.8499755859375,1711.5999755859375,1719.6500244140625,0.0,5600666
2025-04-11,1720.38525390625,1756.5999755859375,0.0,1767.0,1732.3499755859375,1760.0,0.0,8340002
2025-04-15,1761.71533203125,1798.800048828125,0.0,1820.0,1781.0999755859375,1808.199951171875,0.0,10313411
2025-04-16,1785.0245361328125,1822.5999755859375,0.0,1826.5,1794.0999755859375,1802.4000244140625,0.0,6180958
2025-04-17,1850.153564453125,1889.0999755859375,0.0,1897.699951171875,1825.699951171875,1834.0,0.0,10894325
2025-04-21,1844.5711669921875,1883.4000244140625,0.0,1904.300048828125,1868.5999755859375,1898.4000244140625,0.0,3501123
2025-04-22,1814.0142822265625,1852.199951171875,0.0,1888.0,1836.800048828125,1888.0,0.0,6155127
2025-04-23,1842.8082275390625,1881.5999755859375,0.0,1885.9000244140625,1836.0999755859375,1867.0,0.0,6855027
2025-04-24,1807.5504150390625,1845.5999755859375,0.0,1877.800048828125,1839.5,1874.5,0.0,5180688
2025-04-25,1779.73583984375,1817.199951171875,0.0,1861.699951171875,1806.0,1846.699951171875,0.0,4570083
2025-04-28,1784.2412109375,1821.800048828125,0.0,1838.9000244140625,1813.4000244140625,1836.0,0.0,3301891
2025-04-29,1786.199951171875,1823.800048828125,0.0,1847.800048828125,1817.5999755859375,1823.699951171875,0.0,4684155
2025-04-30,1826.060791015625,1864.5,0.0,1876.9000244140625,1827.0,1837.0,0.0,9139821
2025-05-02,1810.0968017578125,1848.199951171875,0.0,1883.5999755859375,1832.0999755859375,1852.0,0.0,3866806
2025-05-05,1827.5299072265625,1866.0,0.0,1873.5,1849.199951171875,1868.0,0.0,3548839
2025-05-06,1861.808349609375,1901.0,0.0,1912.0,1882.5999755859375,1888.300048828125,0.0,8597920
2025-05-07,1857.6949462890625,1896.800048828125,0.0,1917.0,1885.5,1901.0,0.0,5554616
2025-05-08,1836.246337890625,1874.9000244140625,0.0,1905.800048828125,1862.4000244140625,1897.0,0.0,5500724
2025-05-09,1810.292724609375,1848.4000244140625,0.0,1871.0999755859375,1836.5,1855.0,0.0,3686209
2025-05-12,1832.23095703125,1870.800048828125,0.0,1883.4000244140625,1854.0,1868.9000244140625,0.0,3936019
2025-05-13,1783.0657958984375,1820.5999755859375,0.0,1883.699951171875,1816.5999755859375,1870.0,0.0,8817763
2025-05-14,1796.385498046875,1834.199951171875,0.0,1870.699951171875,1820.199951171875,1830.0,0.0,7401614
2025-05-15,1828.705078125,1867.199951171875,0.0,1869.9000244140625,1825.0,1849.9000244140625,0.0,8788351
2025-05-16,1776.601806640625,1814.0,0.0,1834.0,1810.0999755859375,1834.0,0.0,100662047
2025-05-19,1780.813232421875,1818.300048828125,0.0,1828.699951171875,1809.0,1822.0,0.0,5799804
2025-05-20,1771.6070556640625,1808.9000244140625,0.0,1824.9000244140625,1799.5,1809.800048828125,0.0,12512596
2025-05-21,1784.9266357421875,1822.5,0.0,1826.5,1805.300048828125,1813.0,0.0,6849562
2025-05-22,1793.6431884765625,1831.4000244140625,0.0,1836.699951171875,1816.300048828125,1819.9000244140625,0.0,6496923
2025-05-23,1793.9368896484375,1831.699951171875,0.0,1841.800048828125,1821.5,1825.0,0.0,3460945
2025-05-26,1809.3133544921875,1847.4000244140625,0.0,1850.0,1830.9000244140625,1834.0,0.0,3254715
2025-05-27,1805.78759765625,1843.800048828125,0.0,1857.5999755859375,1833.699951171875,1844.0,0.0,5847725
2025-05-28,1817.8338623046875,1856.0999755859375,0.0,1867.0,1845.0999755859375,1848.0,0.0,3713699
2025-05-29,1825.1793212890625,1863.5999755859375,0.0,1867.0,1850.5,1858.0,0.0,5786774
2025-05-30,1817.9317626953125,1856.199951171875,0.0,1867.0,1843.0,1854.0,0.0,16712960
2025-06-02,1815.8751220703125,1854.0999755859375,0.0,1859.0,1831.5,1844.0,0.0,3199499
2025-06-03,1803.339111328125,1841.300048828125,0.0,1869.5,1832.0,1867.0,0.0,5596977
2025-06-04,1836.736083984375,1875.4000244140625,0.0,1884.5999755859375,1850.0,1855.0,0.0,5892170
2025-06-05,1840.06591796875,1878.800048828125,0.0,1889.0,1868.5999755859375,1884.0,0.0,8999675
2025-06-06,1831.643310546875,1870.199951171875,0.0,1881.9000244140625,1867.300048828125,1872.0999755859375,0.0,4644174
2025-06-09,1826.6484375,1865.0999755859375,0.0,1875.0,1848.699951171875,1874.0,0.0,3649505
2025-06-10,1818.813232421875,1857.0999755859375,0.0,1875.5999755859375,1850.300048828125,1866.5999755859375,0.0,7925901
2025-06-11,1821.849365234375,1860.199951171875,0.0,1866.5,1847.800048828125,1857.9000244140625,0.0,8907265
2025-06-12,1806.17919921875,1844.199951171875,0.0,1883.0,1831.5999755859375,1871.9000244140625,0.0,7346031
2025-06-13,1802.4576416015625,1840.4000244140625,0.0,1844.5999755859375,1815.0,1815.0,0.0,4613000
2025-06-16,1822.9267578125,1861.300048828125,0.0,1870.0,1838.800048828125,1842.0999755859375,0.0,5722187
2025-06-17,1816.560791015625,1854.800048828125,0.0,1879.0,1847.5999755859375,1879.0,0.0,6561555
2025-06-18,1827.4320068359375,1865.9000244140625,0.0,1871.0,1843.0999755859375,1847.5999755859375,0.0,5069427
2025-06-19,1838.3031005859375,1877.0,0.0,1879.0,1864.0999755859375,1872.0,0.0,4712312
2025-06-20,1896.772216796875,1936.699951171875,0.0,1949.0,1874.0,1880.0,0.0,16228526
2025-06-23,1896.3804931640625,1936.300048828125,0.0,1949.0,1927.0999755859375,1930.0,0.0,2946463
2025-06-24,1893.7362060546875,1933.5999755859375,0.0,1963.0,1929.0999755859375,1950.9000244140625,0.0,6837210
2025-06-25,1925.076416015625,1965.5999755859375,0.0,1970.0,1938.0,1942.0,0.0,4152765
2025-06-26,1972.7725830078125,2014.300048828125,0.0,2018.4000244140625,1966.300048828125,1970.0,0.0,9413241
2025-06-27,1985.3084716796875,2027.0999755859375,0.0,2039.0,2008.5999755859375,2010.0,0.0,6405854
2025-06-30,1968.1693115234375,2009.5999755859375,0.0,2023.9000244140625,2000.199951171875,2018.0,0.0,5597484
2025-07-01,1977.767333984375,2019.4000244140625,0.0,2030.800048828125,2006.9000244140625,2009.0,0.0,3769165
2025-07-02,1991.3807373046875,2033.300048828125,0.0,2045.800048828125,2018.300048828125,2037.0,0.0,6513288
2025-07-03,1977.66943359375,2019.300048828125,0.0,2044.9000244140625,2012.9000244140625,2041.800048828125,0.0,5558647
2025-07-04,1975.6126708984375,2017.199951171875,0.0,2036.5,2005.0999755859375,2027.0,0.0,2178315
2025-07-07,1991.9683837890625,2033.9000244140625,0.0,2036.0,2010.5999755859375,2018.0,0.0,4165432
2025-07-08,1988.148681640625,2030.0,0.0,2035.0,2014.800048828125,2026.0,0.0,3624619
2025-07-09,1978.06103515625,2019.699951171875,0.0,2040.699951171875,1998.5,2035.0,0.0,2937734
2025-07-10,1923.9991455078125,1964.5,0.0,2028.5999755859375,1962.300048828125,2028.5999755859375,0.0,5695845
2025-07-11,1882.27734375,1921.9000244140625,0.0,1959.0999755859375,1914.199951171875,1942.0,0.0,13103980
2025-07-14,1881.2979736328125,1920.9000244140625,0.0,1927.5,1900.199951171875,1915.0,0.0,5269381
2025-07-15,1894.32373046875,1934.199951171875,0.0,1943.0,1923.199951171875,1924.800048828125,0.0,4163140
2025-07-16,1896.67431640625,1936.5999755859375,0.0,1944.0,1928.800048828125,1944.0,0.0,4211258
2025-07-17,1890.112548828125,1929.9000244140625,0.0,1944.9000244140625,1927.5999755859375,1943.699951171875,0.0,6256455
2025-07-18,1877.372802734375,1901.0,16.0,1916.0,1891.800048828125,1915.0999755859375,0.0,4643961
2025-07-21,1885.4708251953125,1909.199951171875,0.0,1919.9000244140625,1892.5999755859375,1894.800048828125,0.0,5109654
2025-07-22,1883.100830078125,1906.800048828125,0.0,1911.300048828125,1883.0,1909.199951171875,0.0,4513541
2025-07-23,1919.640869140625,1943.800048828125,0.0,1949.0,1907.300048828125,1920.0,0.0,5194282
2025-07-24,1912.0364990234375,1936.0999755859375,0.0,1970.4000244140625,1933.699951171875,1943.800048828125,0.0,4150685
2025-07-25,1913.814208984375,1937.9000244140625,0.0,1952.699951171875,1925.0,1936.0999755859375,0.0,3896884
2025-07-28,1866.805908203125,1890.300048828125,0.0,1930.0,1885.0,1930.0,0.0,3575044
2025-07-29,1894.4578857421875,1918.300048828125,0.0,1923.5999755859375,1880.0,1880.0,0.0,3748040
2025-07-30,1908.580078125,1932.5999755859375,0.0,1939.199951171875,1922.0999755859375,1934.0,0.0,5044683
2025-07-31,1890.507568359375,1914.300048828125,0.0,1926.5,1895.5999755859375,1913.0,0.0,4674966
2025-08-01,1860.9791259765625,1884.4000244140625,0.0,1919.699951171875,1878.0,1914.0,0.0,5192594
2025-08-04,1890.8037109375,1914.5999755859375,0.0,1919.9000244140625,1878.5,1892.0,0.0,3074380
2025-08-05,1907.7900390625,1931.800048828125,0.0,1937.5999755859375,1912.0999755859375,1920.0,0.0,5167672
2025-08-06,1905.716064453125,1929.699951171875,0.0,1964.800048828125,1921.5999755859375,1930.0,0.0,5461349
2025-08-07,1898.704345703125,1922.5999755859375,0.0,1933.300048828125,1909.0999755859375,1928.0999755859375,0.0,4268534
2025-08-08,1835.499755859375,1858.5999755859375,0.0,1893.800048828125,1856.0,1886.300048828125,0.0,93801105
2025-08-11,1834.314697265625,1857.4000244140625,0.0,1866.0,1845.699951171875,1863.0,0.0,5266532
2025-08-12,1827.302978515625,1850.300048828125,0.0,1865.0,1847.0999755859375,1857.4000244140625,0.0,4645011
2025-08-13,1844.1904296875,1867.4000244140625,0.0,1872.5,1851.800048828125,1853.0,0.0,6697206
2025-08-14,1850.5108642578125,1873.800048828125,0.0,1883.0,1866.800048828125,1873.0,0.0,3958631
2025-08-18,1868.781005859375,1892.300048828125,0.0,1912.5999755859375,1870.300048828125,1892.5,0.0,7146376
2025-08-19,1885.964599609375,1909.699951171875,0.0,1931.800048828125,1900.0,1901.0999755859375,0.0,5706265
2025-08-20,1904.4322509765625,1928.4000244140625,0.0,1952.0,1926.0,1937.0,0.0,6962619
2025-08-21,1905.9136962890625,1929.9000244140625,0.0,1940.9000244140625,1927.699951171875,1930.0,0.0,3376913
2025-08-22,1909.2713623046875,1933.300048828125,0.0,1947.699951171875,1917.4000244140625,1934.0,0.0,3271920
2025-08-25,1906.70361328125,1930.699951171875,0.0,1940.0999755859375,1913.199951171875,1940.0,0.0,2451388
2025-08-26,1881.0267333984375,1904.699951171875,0.0,1925.800048828125,1896.199951171875,1922.0999755859375,0.0,5984656
2025-08-28,1857.7200927734375,1881.0999755859375,0.0,1899.800048828125,1878.199951171875,1893.0,0.0,5494113
2025-08-29,1865.324462890625,1888.800048828125,0.0,1900.0999755859375,1872.5,1872.5,0.0,4339042
2025-09-01,1876.977783203125,1900.5999755859375,0.0,1904.800048828125,1884.199951171875,1889.0,0.0,3421488
2025-09-02,1863.7442626953125,1887.199951171875,0.0,1917.5,1878.0,1904.5,0.0,4423049
2025-09-03,1860.4853515625,1883.9000244140625,0.0,1892.0999755859375,1870.0,1891.0,0.0,3803044
2025-09-04,1857.0289306640625,1880.4000244140625,0.0,1903.5,1876.5999755859375,1899.0,0.0,5205333
2025-09-05,1871.74365234375,1895.300048828125,0.0,1910.699951171875,1875.699951171875,1887.0,0.0,2620140
2025-09-08,1864.238037109375,1887.699951171875,0.0,1899.0,1884.0999755859375,1898.0,0.0,2547552
2025-09-09,1870.1634521484375,1893.699951171875,0.0,1904.0,1883.0,1892.0,0.0,4517793
2025-09-10,1867.8922119140625,1891.4000244140625,0.0,1905.0,1883.0,1904.0,0.0,3566139
2025-09-11,1889.2236328125,1913.0,0.0,1916.0,1882.0999755859375,1884.0,0.0,4718266
2025-09-12,1878.952880859375,1902.5999755859375,0.0,1925.0,1901.5999755859375,1925.0,0.0,3192824
2025-09-15,1880.829345703125,1904.5,0.0,1913.0,1898.4000244140625,1904.0,0.0,3553258
2025-09-16,1915.394287109375,1939.5,0.0,1942.0,1902.5,1903.300048828125,0.0,5427586
2025-09-17,1917.1719970703125,1941.300048828125,0.0,1950.0999755859375,1932.5999755859375,1938.0999755859375,0.0,4234637
2025-09-18,1916.974365234375,1941.0999755859375,0.0,1949.800048828125,1920.5,1944.5,0.0,5080814
2025-09-19,1938.009765625,1962.4000244140625,0.0,1976.800048828125,1927.800048828125,1930.199951171875,0.0,11287603
2025-09-22,1931.88671875,1956.199951171875,0.0,1966.0,1944.0,1954.0,0.0,4469137
2025-09-23,1914.604248046875,1938.699951171875,0.0,1955.0,1930.0999755859375,1950.0,0.0,4348633
2025-09-24,1907.0986328125,1931.0999755859375,0.0,1937.300048828125,1918.800048828125,1926.0,0.0,5237977
2025-09-25,1911.542724609375,1935.5999755859375,0.0,1950.0,1928.800048828125,1930.0,0.0,7133365
2025-09-26,1892.7789306640625,1916.5999755859375,0.0,1944.699951171875,1911.9000244140625,1931.0999755859375,0.0,3239306
2025-09-29,1878.557861328125,1902.199951171875,0.0,1928.0,1897.5,1928.0,0.0,5072608
2025-09-30,1855.0537109375,1878.4000244140625,0.0,1907.5999755859375,1875.199951171875,1896.0,0.0,5945625
2025-10-01,1844.387939453125,1867.5999755859375,0.0,1877.0,1855.9000244140625,1868.0,0.0,5675393
2025-10-03,1873.126220703125,1896.699951171875,0.0,1900.300048828125,1848.0999755859375,1851.199951171875,0.0,5828332
2025-10-06,1879.4466552734375,1903.0999755859375,0.0,1907.0,1887.5,1892.5999755859375,0.0,2809218
2025-10-07,1905.0247802734375,1929.0,0.0,1946.0,1900.0,1900.0,0.0,5713060
2025-10-08,1919.3446044921875,1943.5,0.0,1962.5999755859375,1927.5999755859375,1929.0,0.0,4957406
2025-10-09,1917.86328125,1942.0,0.0,1948.800048828125,1931.300048828125,1945.0,0.0,3945737
2025-10-10,1915.789306640625,1939.9000244140625,0.0,1947.5999755859375,1935.4000244140625,1937.0,0.0,2512581
2025-10-13,1930.6029052734375,1954.9000244140625,0.0,1965.9000244140625,1936.0,1937.9000244140625,0.0,3672419
2025-10-14,1922.406005859375,1946.5999755859375,0.0,1964.0,1939.199951171875,1964.0,0.0,4454239
2025-10-15,1944.0338134765625,1968.5,0.0,1976.0,1951.5999755859375,1957.199951171875,0.0,3447352
2025-10-16,1942.947509765625,1967.4000244140625,0.0,1986.9000244140625,1962.0,1962.300048828125,0.0,3700674
2025-10-17,1986.9931640625,2012.0,0.0,2034.300048828125,1970.300048828125,1973.5999755859375,0.0,6743801
2025-10-20,2026.0023193359375,2051.5,0.0,2057.0,2019.699951171875,2026.0,0.0,7387180
2025-10-21,2018.1016845703125,2043.5,0.0,2058.5,2038.5,2051.800048828125,0.0,240850
2025-10-23,1982.9442138671875,2007.9000244140625,0.0,2067.0,2003.5999755859375,2063.89990234375,0.0,8790128
2025-10-24,2004.0782470703125,2029.300048828125,0.0,2033.0,2006.9000244140625,2008.0,0.0,3236799
2025-10-27,2054.246826171875,2080.10009765625,0.0,2094.0,2030.0,2030.0,0.0,5796831
2025-10-28,2064.22119140625,2090.199951171875,0.0,2102.60009765625,2071.699951171875,2092.0,0.0,9891522
2025-10-29,2074.4921875,2100.60009765625,0.0,2110.39990234375,2081.60009765625,2083.0,0.0,2742750
2025-10-30,2040.618408203125,2066.300048828125,0.0,2088.0,2058.60009765625,2070.0,0.0,4222189
2025-10-31,2028.9649658203125,2054.5,0.0,2073.800048828125,2051.699951171875,2056.0,0.0,4659723
2025-11-03,2048.22265625,2074.0,0.0,2081.0,2047.199951171875,2055.0,0.0,2979629
2025-11-04,2087.0341796875,2113.300048828125,0.0,2135.60009765625,2103.5,2107.0,0.0,12263078
2025-11-06,2068.86279296875,2094.89990234375,0.0,2123.300048828125,2080.5,2115.0,0.0,9546299
2025-11-07,1976.327392578125,2001.199951171875,0.0,2048.0,1995.5999755859375,2048.0,0.0,70392750
2025-11-10,1994.6962890625,2019.800048828125,0.0,2028.800048828125,1992.199951171875,1995.0,0.0,7457061
2025-11-11,2016.9166259765625,2042.300048828125,0.0,2056.89990234375,2017.4000244140625,2020.0999755859375,0.0,14825625
2025-11-12,2048.025146484375,2073.800048828125,0.0,2079.800048828125,2054.89990234375,2060.0,0.0,8210277
2025-11-13,2065.801513671875,2091.800048828125,0.0,2107.0,2079.0,2099.89990234375,0.0,5958875
2025-11-14,2074.5908203125,2100.699951171875,0.0,2107.89990234375,2081.89990234375,2090.0,0.0,6312655
2025-11-17,2085.94775390625,2112.199951171875,0.0,2122.0,2100.89990234375,2112.0,0.0,5998770
2025-11-18,2122.488037109375,2149.199951171875,0.0,2159.0,2110.300048828125,2122.0,0.0,10972556
2025-11-19,2132.956298828125,2159.800048828125,0.0,2166.199951171875,2146.699951171875,2155.0,0.0,7419461
2025-11-20,2131.474853515625,2158.300048828125,0.0,2169.300048828125,2149.89990234375,2153.10009765625,0.0,7452899
2025-11-21,2135.820068359375,2162.699951171875,0.0,2174.5,2148.60009765625,2150.10009765625,0.0,6720938
2025-11-24,2125.35205078125,2152.10009765625,0.0,2165.800048828125,2140.39990234375,2162.10009765625,0.0,9686848
2025-11-25,2134.73388671875,2161.60009765625,0.0,2170.699951171875,2138.699951171875,2159.0,0.0,7102592
2025-11-26,2100.366455078125,2126.800048828125,0.0,2134.89990234375,2097.5,2104.0,0.0,43174047
2025-11-27,2089.3056640625,2115.60009765625,0.0,2136.89990234375,2103.800048828125,2132.0,0.0,4444877
2025-11-28,2075.479736328125,2101.60009765625,0.0,2129.5,2096.39990234375,2118.0,0.0,6263457
2025-12-01,2063.7275390625,2089.699951171875,0.0,2119.0,2083.10009765625,2114.699951171875,0.0,5058900
2025-12-02,2077.849853515625,2104.0,0.0,2114.800048828125,2087.10009765625,2089.800048828125,0.0,6591396
2025-12-03,2060.073486328125,2086.0,0.0,2109.89990234375,2081.60009765625,2100.10009765625,0.0,4357641
2025-12-04,2077.65234375,2103.800048828125,0.0,2108.5,2074.10009765625,2094.800048828125,0.0,4611819
2025-12-05,2082.590087890625,2108.800048828125,0.0,2111.89990234375,2090.0,2092.60009765625,0.0,2938290
2025-12-08,2060.27099609375,2086.199951171875,0.0,2114.39990234375,2078.89990234375,2114.39990234375,0.0,4327091
2025-12-09,2063.7275390625,2089.699951171875,0.0,2100.39990234375,2080.39990234375,2086.800048828125,0.0,5139229
2025-12-10,2041.3095703125,2067.0,0.0,2096.89990234375,2062.199951171875,2072.0,0.0,3987451
2025-12-11,2027.68115234375,2053.199951171875,0.0,2069.199951171875,2038.0,2066.0,0.0,3254850
2025-12-12,2057.505615234375,2083.39990234375,0.0,2087.10009765625,2050.60009765625,2053.10009765625,0.0,2706420
2025-12-15,2043.97607421875,2069.699951171875,0.0,2078.89990234375,2061.5,2070.10009765625,0.0,3233614
2025-12-16,2075.87451171875,2102.0,0.0,2106.60009765625,2070.10009765625,2070.10009765625,0.0,5756692
2025-12-17,2081.800048828125,2108.0,0.0,2128.0,2096.39990234375,2117.60009765625,0.0,6412516
2025-12-18,2065.9990234375,2092.0,0.0,2116.60009765625,2088.10009765625,2099.0,0.0,3760341
2025-12-19,2071.6279296875,2097.699951171875,0.0,2115.0,2082.0,2113.89990234375,0.0,10127415
2025-12-22,2120.907958984375,2147.60009765625,0.0,2151.699951171875,2101.699951171875,2118.0,0.0,7670853
2025-12-23,2096.5146484375,2122.89990234375,0.0,2164.0,2119.199951171875,2157.0,0.0,4110853
2025-12-24,2097.304931640625,2123.699951171875,0.0,2137.199951171875,2111.0,2111.0,0.0,3145464
2025-12-26,2079.232177734375,2105.39990234375,0.0,2123.0,2101.800048828125,2123.0,0.0,1297870
2025-12-29,2055.728271484375,2081.60009765625,0.0,2112.699951171875,2079.39990234375,2105.39990234375,0.0,2371034
2025-12-30,2073.701904296875,2099.800048828125,0.0,2102.800048828125,2071.60009765625,2077.0,0.0,6983390
2025-12-31,2079.429931640625,2105.60009765625,0.0,2121.0,2090.10009765625,2096.0,0.0,2991434
2026-01-01,2084.170166015625,2110.39990234375,0.0,2123.89990234375,2107.0,2114.800048828125,0.0,2097756
2026-01-02,2080.121337890625,2106.300048828125,0.0,2125.0,2098.0,2108.0,0.0,2927138
2026-01-05,2078.83740234375,2105.0,0.0,2112.10009765625,2096.5,2102.10009765625,0.0,2642580
2026-01-06,2079.133544921875,2105.300048828125,0.0,2121.800048828125,2087.5,2106.800048828125,0.0,9119265
2026-01-07,2058.2958984375,2084.199951171875,0.0,2103.800048828125,2077.0,2095.60009765625,0.0,4171371
2026-01-08,2040.618408203125,2066.300048828125,0.0,2092.0,2055.0,2088.0,0.0,5534929
2026-01-09,2001.905517578125,2027.0999755859375,0.0,2084.0,2023.199951171875,2070.199951171875,0.0,4165409
2026-01-12,2018.595458984375,2044.0,0.0,2048.800048828125,2001.300048828125,2023.5,0.0,4689135
2026-01-13,2001.7080078125,2026.9000244140625,0.0,2049.89990234375,2014.9000244140625,2047.0,0.0,7388496
2026-01-14,1997.3626708984375,2022.5,0.0,2034.0,2008.699951171875,2015.0999755859375,0.0,4842964
2026-01-15,1997.3626708984375,2022.5,0.0,2022.5,2022.5,2022.5,0.0,0
2026-01-16,1991.3385009765625,2016.4000244140625,0.0,2029.699951171875,1988.699951171875,2020.0,0.0,7310676
2026-01-19,1985.01806640625,2010.0,0.0,2023.0,1996.300048828125,2023.0,0.0,4272071
2026-01-20,1971.1920166015625,1996.0,0.0,2018.0,1977.0999755859375,2018.0,0.0,6076838
2026-01-21,1971.290771484375,1996.0999755859375,0.0,2007.0999755859375,1967.0,1977.0,0.0,7952295
2026-01-22,1977.31494140625,2002.199951171875,0.0,2018.9000244140625,1990.0,2008.800048828125,0.0,6722567
2026-01-23,1960.032470703125,1984.699951171875,0.0,2011.699951171875,1980.0999755859375,2009.0,0.0,4340925
2026-01-27,1948.873046875,1973.4000244140625,0.0,2003.800048828125,1962.699951171875,1972.0999755859375,0.0,10510891
2026-01-28,1933.3680419921875,1957.699951171875,0.0,1995.0,1939.0,1995.0,0.0,9426909
2026-01-29,1943.44140625,1967.9000244140625,0.0,1970.5,1939.0,1964.0,0.0,6065044
2026-01-30,1944.2313232421875,1968.699951171875,0.0,1974.0,1925.5999755859375,1925.5999755859375,0.0,7683747
2026-02-02,1940.972412109375,1965.4000244140625,0.0,1969.800048828125,1926.5,1936.0999755859375,0.0,5326225
2026-02-03,1972.4759521484375,1997.300048828125,0.0,2050.0,1980.0999755859375,2050.0,0.0,6915795
2026-02-04,2000.6217041015625,2025.800048828125,0.0,2034.5999755859375,1998.4000244140625,2008.0,0.0,7464725
2026-02-05,1967.6368408203125,1992.4000244140625,0.0,2022.9000244140625,1985.0,2012.0,0.0,7708690
2026-02-06,2013.0650634765625,2038.4000244140625,0.0,2049.699951171875,1988.5,1994.0,0.0,13870403
2026-02-09,2012.8675537109375,2038.199951171875,0.0,2055.199951171875,2028.699951171875,2051.199951171875,0.0,7570161
2026-02-10,1986.302001953125,2011.300048828125,0.0,2057.0,2008.4000244140625,2052.0,0.0,9077763
2026-02-11,1987.0919189453125,2012.0999755859375,0.0,2021.0,1996.699951171875,2012.9000244140625,0.0,7423601
2026-02-12,1989.462158203125,2014.5,0.0,2027.0,2009.0999755859375,2019.199951171875,0.0,7437690
2026-02-13,1979.783935546875,2004.699951171875,0.0,2024.199951171875,1992.0,2013.9000244140625,0.0,4808543
2026-02-16,2004.177001953125,2029.4000244140625,0.0,2032.199951171875,1995.0,2010.0,0.0,3455964
2026-02-17,1995.1900634765625,2020.300048828125,0.0,2038.5,2014.199951171875,2028.0,0.0,4471158
2026-02-18,1996.6715087890625,2021.800048828125,0.0,2028.5999755859375,2015.0,2020.0999755859375,0.0,2182669
2026-02-19,1963.884033203125,1988.5999755859375,0.0,2032.0,1974.800048828125,2032.0,0.0,4712417
2026-02-20,1952.8232421875,1977.4000244140625,0.0,1993.699951171875,1971.0,1981.0999755859375,0.0,5180301
2026-02-23,1972.4759521484375,1997.300048828125,0.0,2000.5,1983.9000244140625,1994.0,0.0,3728878
2026-02-24,1916.8756103515625,1941.0,0.0,1997.300048828125,1921.800048828125,1997.300048828125,0.0,10006761
2026-02-25,1889.6187744140625,1913.4000244140625,0.0,1961.800048828125,1904.0,1955.0,0.0,8285195
2026-02-26,1905.6173095703125,1929.5999755859375,0.0,1935.0,1904.5,1914.0,0.0,10795028
2026-02-27,1855.942626953125,1879.300048828125,0.0,1915.0,1870.0999755859375,1910.0,0.0,13754648
2026-03-02,1849.9183349609375,1873.199951171875,0.0,1895.9000244140625,1847.9000244140625,1850.0999755859375,0.0,11785758
2026-03-04,1882.2119140625,1905.9000244140625,0.0,1920.0,1815.300048828125,1861.0999755859375,0.0,20565585
2026-03-05,1883.2982177734375,1907.0,0.0,1929.0999755859375,1897.199951171875,1919.0,0.0,11398717
2026-03-06,1847.5482177734375,1870.800048828125,0.0,1902.0999755859375,1867.0999755859375,1900.0,0.0,10896859
2026-03-09,1843.4990234375,1866.699951171875,0.0,1872.4000244140625,1818.0999755859375,1831.0,0.0,8073518
2026-03-10,1827.4017333984375,1850.4000244140625,0.0,1881.0,1846.5,1880.800048828125,0.0,11741600
2026-03-11,1784.5411376953125,1807.0,0.0,1847.699951171875,1799.5,1841.0,0.0,9548404
2026-03-12,1778.9119873046875,1801.300048828125,0.0,1817.800048828125,1791.0,1797.9000244140625,0.0,12922735
2026-03-13,1780.98583984375,1803.4000244140625,0.0,1816.0,1776.5999755859375,1781.0999755859375,0.0,8970772
2026-03-16,1766.5673828125,1788.800048828125,0.0,1804.9000244140625,1770.9000244140625,1798.0,0.0,14261268
2026-03-17,1804.2926025390625,1827.0,0.0,1834.5,1791.0999755859375,1797.0,0.0,7181491
2026-03-18,1832.339599609375,1855.4000244140625,0.0,1869.0,1826.800048828125,1826.800048828125,0.0,6428092
2026-03-19,1804.2926025390625,1827.0,0.0,1861.300048828125,1816.300048828125,1826.5999755859375,0.0,7145082
2026-03-20,1823.1551513671875,1846.0999755859375,0.0,1860.9000244140625,1834.0,1834.0,0.0,7691633
2026-03-23,1773.5791015625,1795.9000244140625,0.0,1830.0,1792.0,1827.0,0.0,6874051
2026-03-24,1779.7020263671875,1802.0999755859375,0.0,1826.800048828125,1781.0,1816.300048828125,0.0,7535860
2026-03-25,1812.0943603515625,1834.9000244140625,0.0,1849.199951171875,1810.0999755859375,1814.0,0.0,12473682
2026-03-27,1820.9825439453125,1843.9000244140625,0.0,1856.9000244140625,1818.4000244140625,1839.9000244140625,0.0,24490425
2026-03-30,1760.2469482421875,1782.4000244140625,0.0,1824.5,1774.5,1818.0,0.0,14240129
2026-04-01,1759.7530517578125,1781.9000244140625,0.0,1817.300048828125,1776.5,1811.0,0.0,10694662
2026-04-02,1767.4560546875,1789.699951171875,0.0,1799.4000244140625,1746.9000244140625,1765.0,0.0,10857093
2026-04-06,1770.5177001953125,1792.800048828125,0.0,1814.300048828125,1763.4000244140625,1812.0999755859375,0.0,8183498
2026-04-07,1807.5516357421875,1830.300048828125,0.0,1840.0,1772.0,1788.0999755859375,0.0,10057628
2026-04-08,1838.4625244140625,1861.5999755859375,0.0,1871.5,1840.199951171875,1864.0,0.0,11587604
2026-04-09,1836.2899169921875,1859.4000244140625,0.0,1869.9000244140625,1846.0999755859375,1869.9000244140625,0.0,10113053
2026-04-10,1846.758056640625,1870.0,0.0,1874.5999755859375,1859.9000244140625,1868.0,0.0,5857988
2026-04-13,1847.64697265625,1870.9000244140625,0.0,1893.699951171875,1838.0,1838.0,0.0,10371983
2026-04-15,1832.6357421875,1855.699951171875,0.0,1890.9000244140625,1853.5999755859375,1880.5,0.0,11049107
2026-04-16,1817.7235107421875,1840.5999755859375,0.0,1864.9000244140625,1823.199951171875,1863.5,0.0,15871247
2026-04-17,1823.9451904296875,1846.9000244140625,0.0,1851.4000244140625,1829.699951171875,1837.0999755859375,0.0,7344787
2026-04-20,1823.1551513671875,1846.0999755859375,0.0,1865.0,1839.199951171875,1865.0,0.0,9243641
2026-04-21,1831.944580078125,1855.0,0.0,1868.9000244140625,1830.0,1830.0,0.0,10485373
2026-04-22,1806.2677001953125,1829.0,0.0,1857.9000244140625,1825.300048828125,1850.199951171875,0.0,5687058
2026-04-23,1818.3160400390625,1841.199951171875,0.0,1846.0,1812.0999755859375,1821.800048828125,0.0,7489947
2026-04-24,1791.9478759765625,1814.5,0.0,1850.699951171875,1807.300048828125,1845.0,0.0,6306448
2026-04-27,1797.478271484375,1820.0999755859375,0.0,1828.4000244140625,1814.0,1816.0999755859375,0.0,4413769
2026-04-28,1820.8837890625,1843.800048828125,0.0,1852.0,1812.5999755859375,1826.0,0.0,10558455
2026-04-29,1864.6331787109375,1888.0999755859375,0.0,1900.4000244140625,1845.4000244140625,1848.0,0.0,7713013
2026-04-30,1863.349365234375,1886.800048828125,0.0,1906.0,1860.0,1860.0,0.0,12709188
2026-05-01,1863.349365234375,1886.800048828125,0.0,1886.800048828125,1886.800048828125,1886.800048828125,0.0,0
2026-05-04,1804.3912353515625,1827.0999755859375,0.0,1895.300048828125,1821.699951171875,1873.199951171875,0.0,10707858
2026-05-05,1783.65234375,1806.0999755859375,0.0,1846.0,1801.0,1828.0,0.0,11407461
2026-05-06,1810.9091796875,1833.699951171875,0.0,1841.5,1813.800048828125,1817.0,0.0,5507749
2026-05-07,1803.8974609375,1826.5999755859375,0.0,1843.9000244140625,1821.199951171875,1835.0,0.0,7914845
2026-05-08,1811.6993408203125,1834.5,0.0,1840.800048828125,1815.199951171875,1820.0,0.0,4839183
2026-05-11,1737.9278564453125,1759.800048828125,0.0,1819.800048828125,1756.0,1814.0,0.0,15803791
2026-05-12,1734.965087890625,1756.800048828125,0.0,1776.5,1751.5,1751.5,0.0,11945399
2026-05-13,1766.9622802734375,1789.199951171875,0.0,1798.0,1740.5,1740.5,0.0,9825413
2026-05-14,1860.09033203125,1883.5,0.0,1889.199951171875,1797.300048828125,1820.0,0.0,21279151
2026-05-15,1881.7181396484375,1905.4000244140625,0.0,1922.9000244140625,1880.4000244140625,1883.199951171875,0.0,15807294
2026-05-18,1914.01171875,1938.0999755859375,0.0,1953.800048828125,1890.4000244140625,1904.800048828125,0.0,13888648
2026-05-19,1889.7174072265625,1913.5,0.0,1942.0,1907.800048828125,1928.4000244140625,0.0,8962228
2026-05-20,1881.224365234375,1904.9000244140625,0.0,1914.0,1897.699951171875,1914.0,0.0,5778742
2026-05-21,1861.8680419921875,1885.300048828125,0.0,1915.300048828125,1880.800048828125,1911.0,0.0,6419014
2026-05-22,1848.1407470703125,1871.4000244140625,0.0,1896.5999755859375,1869.300048828125,1891.300048828125,0.0,5099120
2026-05-25,1851.49853515625,1874.800048828125,0.0,1892.5,1863.0999755859375,1892.5,0.0,5903841
2026-05-26,1823.9451904296875,1846.9000244140625,0.0,1874.0,1844.800048828125,1874.0,0.0,5803034
2026-05-27,1829.1793212890625,1852.199951171875,0.0,1869.4000244140625,1840.4000244140625,1840.4000244140625,0.0,8653155
2026-05-28,1829.1793212890625,1852.199951171875,0.0,1852.199951171875,1852.199951171875,1852.199951171875,0.0,0
2026-05-29,1806.2677001953125,1829.0,0.0,1860.0,1818.5,1860.0,0.0,52886264
2026-06-01,1788.0963134765625,1810.5999755859375,0.0,1842.0,1803.9000244140625,1830.0,0.0,6391656
2026-06-02,1791.651611328125,1814.199951171875,0.0,1825.0,1777.4000244140625,1785.0,0.0,10791294
2026-06-03,1801.4285888671875,1824.0999755859375,0.0,1835.5,1804.9000244140625,1829.9000244140625,0.0,5832363
2026-06-04,1796.293212890625,1818.9000244140625,0.0,1829.800048828125,1798.4000244140625,1815.0,0.0,6735759
2026-06-05,1775.8504638671875,1798.199951171875,0.0,1827.800048828125,1790.699951171875,1824.9000244140625,0.0,3926715
2026-06-08,1790.7628173828125,1813.300048828125,0.0,1820.0999755859375,1771.0,1775.0999755859375,0.0,6324919
2026-06-09,1776.6405029296875,1799.0,0.0,1837.0,1789.199951171875,1837.0,0.0,10377475
2026-06-10,1753.1363525390625,1775.199951171875,0.0,1807.699951171875,1771.0,1799.0,0.0,7999362
2026-06-11,1760.4443359375,1782.5999755859375,0.0,1796.0,1768.5999755859375,1773.0,0.0,5020731
2026-06-12,1799.8485107421875,1822.5,0.0,1825.0,1784.0,1784.0,0.0,5910557
2026-06-15,1818.3160400390625,1841.199951171875,0.0,1857.0,1816.0,1841.0,0.0,5307277
2026-06-16,1829.9693603515625,1853.0,0.0,1859.199951171875,1837.199951171875,1840.199951171875,0.0,5957732
2026-06-17,1852.38720703125,1875.699951171875,0.0,1878.0,1841.5,1853.0,0.0,7653632
2026-06-18,1851.49853515625,1874.800048828125,0.0,1878.800048828125,1861.800048828125,1878.800048828125,0.0,4262944
2026-06-19,1887.051025390625,1910.800048828125,0.0,1917.5,1867.199951171875,1874.300048828125,0.0,15918432
2026-06-22,1892.7789306640625,1916.5999755859375,0.0,1924.5,1901.0,1915.800048828125,0.0,3798060
2026-06-23,1877.96533203125,1901.5999755859375,0.0,1927.699951171875,1896.699951171875,1907.5999755859375,0.0,5155908
2026-06-24,1853.9674072265625,1877.300048828125,0.0,1894.0999755859375,1872.9000244140625,1891.199951171875,0.0,8957457
2026-06-25,1827.6978759765625,1850.699951171875,0.0,1889.0,1848.0,1885.0,0.0,8521503
2026-06-26,1827.6978759765625,1850.699951171875,0.0,1850.699951171875,1850.699951171875,1850.699951171875,0.0,0
2026-06-29,1818.21728515625,1841.0999755859375,0.0,1849.800048828125,1833.0999755859375,1837.0999755859375,0.0,10940130
2026-06-30,1828.9818115234375,1852.0,0.0,1876.5999755859375,1843.199951171875,1853.0,0.0,7233634
