Date,Adj Close,Close,Dividends,High,Low,Open,Stock Splits,Volume
2016-01-01,721.3040771484375,856.5499877929688,0.0,862.0,853.5,860.0,0.0,230366
2016-01-04,723.3672485351562,859.0,0.0,868.7000122070312,851.1500244140625,856.5499877929688,0.0,828876
2016-01-05,714.0618896484375,847.9500122070312,0.0,859.0499877929688,845.5,857.2999877929688,0.0,1118709
2016-01-06,709.935791015625,843.0499877929688,0.0,850.0,840.9500122070312,850.0,0.0,2135092
2016-01-07,690.7356567382812,820.25,0.0,840.9500122070312,817.5,840.0,0.0,1353969
2016-01-08,681.9777221679688,809.8499755859375,0.0,831.5,807.7000122070312,819.0,0.0,1324046
2016-01-11,683.5778198242188,811.75,0.0,819.7000122070312,801.3499755859375,806.0,0.0,1514504
2016-01-12,690.2725830078125,819.7000122070312,0.0,822.1500244140625,804.5499877929688,808.5,0.0,1110037
2016-01-13,701.2620239257812,832.75,0.0,836.2000122070312,813.75,821.7999877929688,0.0,1338356
2016-01-14,696.6304321289062,827.25,0.0,837.9000244140625,818.5499877929688,829.5,0.0,1531002
2016-01-15,677.2621459960938,804.25,0.0,828.9500122070312,776.6500244140625,827.25,0.0,3249884
2016-01-18,682.0618286132812,809.9500122070312,0.0,816.6500244140625,795.0,796.2999877929688,0.0,1525578
2016-01-19,682.4830322265625,810.4500122070312,0.0,821.75,807.6500244140625,813.0,0.0,867289
2016-01-20,669.5147094726562,795.0499877929688,0.0,815.0,785.0,805.0,0.0,1543575
2016-01-21,653.1357421875,775.5999755859375,0.0,799.0,774.2000122070312,797.2000122070312,0.0,1679165
2016-01-22,649.6831665039062,771.5,0.0,783.5,770.0,780.5,0.0,1465143
2016-01-25,659.619873046875,783.2999877929688,0.0,784.75,769.7000122070312,772.0,0.0,1036869
2016-01-27,646.6514892578125,767.9000244140625,0.0,783.8499755859375,766.4000244140625,781.0,0.0,1291178
2016-01-28,666.7357177734375,791.75,0.0,797.0,766.5,769.7999877929688,0.0,1967418
2016-01-29,687.9146728515625,816.9000244140625,0.0,820.0,791.0999755859375,791.0999755859375,0.0,1733695
2016-02-01,674.4829711914062,800.9500122070312,0.0,817.4000244140625,799.0,816.0,0.0,1025869
2016-02-02,673.7672119140625,800.0999755859375,0.0,809.9500122070312,796.9500122070312,809.5,0.0,960236
2016-02-03,691.8724975585938,821.5999755859375,0.0,828.5,795.5,795.5,0.0,1843081
2016-02-04,702.98828125,834.7999877929688,0.0,838.4000244140625,816.5499877929688,824.5,0.0,1698770
2016-02-05,711.53564453125,844.9500122070312,0.0,855.5,830.0,830.0,0.0,2043434
2016-02-08,698.0198974609375,828.9000244140625,0.0,848.2000122070312,826.4500122070312,844.0,0.0,490426
2016-02-09,695.8724975585938,826.3499755859375,0.0,842.1500244140625,824.7000122070312,826.3499755859375,0.0,964658
2016-02-10,694.3567504882812,824.5499877929688,0.0,832.0999755859375,820.0999755859375,826.0,0.0,781041
2016-02-11,675.8726806640625,802.5999755859375,0.0,828.0,791.2000122070312,823.9000244140625,0.0,1010277
2016-02-12,684.2936401367188,812.5999755859375,0.0,816.7000122070312,795.0,800.5,0.0,1318480
2016-02-15,677.64111328125,804.7000122070312,0.0,821.9500122070312,798.0,817.0,0.0,1206980
2016-02-16,676.377685546875,803.2000122070312,0.0,811.8499755859375,799.4500122070312,810.0,0.0,926079
2016-02-17,684.2515258789062,812.5499877929688,0.0,814.0,789.75,800.5,0.0,783633
2016-02-18,696.7567138671875,827.4000244140625,0.0,830.5,812.5,814.0499877929688,0.0,1179011
2016-02-19,696.9251708984375,827.5999755859375,0.0,831.8499755859375,813.4500122070312,831.8499755859375,0.0,620200
2016-02-22,725.5986938476562,861.6500244140625,0.0,866.0,826.3499755859375,827.0,0.0,1883688
2016-02-23,704.714599609375,836.8499755859375,0.0,858.4500122070312,834.2000122070312,858.4500122070312,0.0,590731
2016-02-24,704.6304931640625,836.75,0.0,844.9000244140625,828.2000122070312,836.9000244140625,0.0,1062120
2016-02-25,709.7252197265625,842.7999877929688,0.0,846.2000122070312,832.4000244140625,837.7000122070312,0.0,859877
2016-02-26,715.7040405273438,849.9000244140625,0.0,852.6500244140625,841.0999755859375,848.0,0.0,1191495
2016-02-29,699.2830200195312,830.4000244140625,0.0,851.7000122070312,823.5,851.0,0.0,1974971
2016-03-01,694.0198974609375,824.1500244140625,0.0,829.8499755859375,818.0999755859375,829.8499755859375,0.0,1777318
2016-03-02,715.1566772460938,849.25,0.0,855.0,830.0,830.0,0.0,1221727
2016-03-03,714.8619995117188,848.9000244140625,0.0,856.0999755859375,845.75,855.5,0.0,746384
2016-03-04,714.735595703125,848.75,0.0,855.9000244140625,841.4500122070312,848.5,0.0,1331537
2016-03-08,695.788330078125,826.25,0.0,848.0,824.0,848.0,0.0,1342346
2016-03-09,707.072509765625,839.6500244140625,0.0,843.9000244140625,826.5499877929688,826.5499877929688,0.0,1929618
2016-03-10,705.3040161132812,837.5499877929688,0.0,841.0,829.0,837.0,0.0,1140147
2016-03-11,717.1356201171875,851.5999755859375,0.0,857.9500122070312,831.5,842.0,0.0,1527676
2016-03-14,721.8092651367188,857.1500244140625,0.0,860.0,845.0,855.0499877929688,0.0,825367
2016-03-15,708.040771484375,840.7999877929688,0.0,856.7999877929688,835.5499877929688,852.0999755859375,0.0,1330602
2016-03-16,710.8619384765625,844.1500244140625,0.0,845.8499755859375,831.0,844.9000244140625,0.0,1511400
2016-03-17,715.4935302734375,849.6500244140625,0.0,855.0,843.0,848.0999755859375,0.0,1970969
2016-03-18,714.3988037109375,848.3499755859375,0.0,852.0,838.0,850.0,0.0,1848223
2016-03-21,740.7566528320312,879.6500244140625,0.0,883.0,847.0999755859375,847.0999755859375,0.0,1587554
2016-03-22,732.7566528320312,870.1500244140625,0.0,880.6500244140625,862.4000244140625,876.0499877929688,0.0,2024654
2016-03-23,735.661865234375,873.5999755859375,0.0,877.3499755859375,860.5499877929688,870.0,0.0,1373555
2016-03-28,727.2830200195312,863.6500244140625,0.0,876.0999755859375,860.2000122070312,876.0,0.0,2033190
2016-03-29,725.177734375,861.1500244140625,0.0,871.3499755859375,858.5999755859375,860.2999877929688,0.0,1389839
2016-03-30,725.5986938476562,861.6500244140625,0.0,878.9500122070312,858.9000244140625,862.0,0.0,1453623
2016-03-31,732.2092895507812,869.5,0.0,875.7000122070312,855.5,855.5,0.0,2635929
2016-04-01,730.777587890625,867.7999877929688,0.0,874.9000244140625,856.0,867.0999755859375,0.0,1096484
2016-04-04,734.4829711914062,872.2000122070312,0.0,874.9500122070312,861.2999877929688,863.0999755859375,0.0,960124
2016-04-05,731.3671875,868.5,0.0,882.8499755859375,862.2999877929688,870.2000122070312,0.0,1096886
2016-04-06,734.06201171875,871.7000122070312,0.0,872.9000244140625,863.0,869.0,0.0,1041648
2016-04-07,724.2091674804688,860.0,0.0,874.8499755859375,855.0499877929688,870.0,0.0,848064
2016-04-08,716.1250610351562,850.4000244140625,0.0,863.0,845.7999877929688,861.0,0.0,712487
2016-04-11,727.830322265625,864.2999877929688,0.0,867.8499755859375,845.0999755859375,853.0,0.0,943737
2016-04-12,734.7356567382812,872.5,0.0,874.4000244140625,860.2000122070312,866.9000244140625,0.0,867406
2016-04-13,755.956787109375,897.7000122070312,0.0,899.5999755859375,873.5,875.0,0.0,1897529
2016-04-18,757.1776733398438,899.1500244140625,0.0,904.9500122070312,886.5,900.2000122070312,0.0,1091523
2016-04-20,761.345947265625,904.0999755859375,0.0,906.0,893.1500244140625,899.0999755859375,0.0,1424850
2016-04-21,761.3038940429688,904.0499877929688,0.0,906.9000244140625,896.0,905.0,0.0,1162870
2016-04-22,744.5881958007812,884.2000122070312,0.0,904.2999877929688,883.0,897.7999877929688,0.0,1078366
2016-04-25,744.5460205078125,884.1500244140625,0.0,889.0,875.5,880.5,0.0,828061
2016-04-26,745.8933715820312,885.75,0.0,896.0,880.7000122070312,881.5999755859375,0.0,1214609
2016-04-27,751.3251953125,892.2000122070312,0.0,894.0,880.9000244140625,884.4000244140625,0.0,778693
2016-04-28,737.8936767578125,876.25,0.0,896.7999877929688,871.0,893.2000122070312,0.0,2715410
2016-04-29,730.8619995117188,867.9000244140625,0.0,879.3499755859375,859.2000122070312,876.0,0.0,1581281
2016-05-02,727.5355834960938,863.9500122070312,0.0,867.0,855.0,867.0,0.0,787156
2016-05-03,716.6303100585938,851.0,0.0,869.0,848.0,863.9500122070312,0.0,1305303
2016-05-04,718.6514892578125,853.4000244140625,0.0,855.9000244140625,844.0,850.0,0.0,568460
2016-05-05,715.91455078125,850.1500244140625,0.0,861.9000244140625,846.7999877929688,859.0,0.0,760873
2016-05-06,718.6514892578125,853.4000244140625,0.0,856.5,846.75,848.0,0.0,411253
2016-05-09,711.9987182617188,845.5,0.0,869.7000122070312,839.2000122070312,851.0,0.0,3215773
2016-05-10,726.2724609375,862.4500122070312,0.0,867.9000244140625,845.5999755859375,848.7999877929688,0.0,1523285
2016-05-11,726.356689453125,862.5499877929688,0.0,866.7999877929688,851.0999755859375,855.0,0.0,697299
2016-05-12,718.3145751953125,853.0,0.0,862.0,849.3499755859375,858.4000244140625,0.0,730642
2016-05-13,700.4619140625,831.7999877929688,0.0,852.9500122070312,821.9500122070312,852.9500122070312,0.0,2369627
2016-05-16,712.6303100585938,846.25,0.0,848.5,817.0,833.0,0.0,1940183
2016-05-17,702.356689453125,834.0499877929688,0.0,850.3499755859375,831.0,850.0,0.0,1434067
2016-05-18,695.1568603515625,825.5,0.0,834.5499877929688,823.0,833.7000122070312,0.0,1428456
2016-05-19,686.3987426757812,815.0999755859375,0.0,829.8499755859375,810.3499755859375,826.0999755859375,0.0,1866764
2016-05-20,684.125244140625,812.4000244140625,0.0,821.0,806.1500244140625,820.0,0.0,1624617
2016-05-23,690.188232421875,819.5999755859375,0.0,825.75,813.0499877929688,817.0,0.0,1118741
2016-05-24,693.1356201171875,823.0999755859375,0.0,824.4500122070312,815.4500122070312,819.0,0.0,946784
2016-05-25,707.4514770507812,840.0999755859375,0.0,841.4500122070312,827.0499877929688,828.0,0.0,1127694
2016-05-26,716.0828857421875,850.3499755859375,0.0,854.0,832.0,840.2000122070312,0.0,2479387
2016-05-27,725.2199096679688,861.2000122070312,0.0,865.9500122070312,850.5,851.3499755859375,0.0,1531278
2016-05-30,719.4514770507812,854.3499755859375,0.0,867.2000122070312,849.75,864.0,0.0,776274
2016-05-31,714.2725219726562,848.2000122070312,0.0,859.9000244140625,845.0,857.7999877929688,0.0,12132028
2016-06-01,720.1251220703125,855.1500244140625,0.0,863.4000244140625,846.0499877929688,852.1500244140625,0.0,1223721
2016-06-02,731.1145629882812,868.2000122070312,0.0,873.9500122070312,835.0,855.0,0.0,3409326
2016-06-03,745.1356201171875,884.8499755859375,0.0,888.0,869.4000244140625,872.0,0.0,1752265
2016-06-06,740.5039672851562,879.3499755859375,0.0,892.0,875.0499877929688,887.5999755859375,0.0,1941227
2016-06-07,755.4091186523438,897.0499877929688,0.0,898.7999877929688,880.4000244140625,884.0,0.0,2185954
2016-06-08,755.5355834960938,897.2000122070312,0.0,908.0,891.5999755859375,895.0,0.0,1470489
2016-06-09,738.0619506835938,876.4500122070312,0.0,899.0,874.4500122070312,899.0,0.0,1376923
2016-06-10,736.5462036132812,874.6500244140625,0.0,884.7999877929688,871.1500244140625,876.0,0.0,793113
2016-06-13,736.1671142578125,874.2000122070312,0.0,880.9500122070312,867.3499755859375,867.3499755859375,0.0,1071858
2016-06-14,729.0093994140625,865.7000122070312,0.0,875.2000122070312,860.2999877929688,872.0999755859375,0.0,826228
2016-06-15,736.5462036132812,874.6500244140625,0.0,876.5999755859375,863.0,868.0,0.0,863255
2016-06-16,740.5881958007812,879.4500122070312,0.0,880.8499755859375,859.1500244140625,871.8499755859375,0.0,803719
2016-06-17,742.1881713867188,881.3499755859375,0.0,884.7000122070312,872.5,883.9500122070312,0.0,849716
2016-06-20,740.5462036132812,879.4000244140625,0.0,882.3499755859375,870.5499877929688,875.0,0.0,526386
2016-06-21,732.8408203125,870.25,0.0,879.0,866.1500244140625,876.5,0.0,1214022
2016-06-22,731.5637817382812,859.25,9.5,867.75,857.0,862.9500122070312,0.0,723156
2016-06-23,740.1629028320312,869.3499755859375,0.0,873.0,854.2999877929688,860.0,0.0,574726
2016-06-24,731.4360961914062,859.0999755859375,0.0,862.2000122070312,847.0999755859375,858.5499877929688,0.0,1157925
2016-06-27,731.22314453125,858.8499755859375,0.0,873.8499755859375,855.25,858.0,0.0,815766
2016-06-28,755.8286743164062,887.75,0.0,889.9500122070312,859.0,861.0,0.0,1607560
2016-06-29,752.465576171875,883.7999877929688,0.0,894.1500244140625,877.0,889.9000244140625,0.0,857945
2016-06-30,765.0237426757812,898.5499877929688,0.0,902.9000244140625,890.5499877929688,891.0,0.0,2029009
2016-07-01,764.21484375,897.5999755859375,0.0,904.5499877929688,886.0999755859375,898.5999755859375,0.0,1099564
2016-07-04,760.3410034179688,893.0499877929688,0.0,902.75,888.0,900.0,0.0,674938
2016-07-05,757.91455078125,890.2000122070312,0.0,896.2000122070312,886.8499755859375,895.2000122070312,0.0,631452
2016-07-07,781.8387451171875,918.2999877929688,0.0,920.0,888.5999755859375,890.0,0.0,1689043
2016-07-08,783.8822021484375,920.7000122070312,0.0,926.2999877929688,913.4500122070312,919.0,0.0,1579861
2016-07-11,791.2894287109375,929.4000244140625,0.0,934.9000244140625,921.3499755859375,927.0,0.0,746028
2016-07-12,787.798583984375,925.2999877929688,0.0,933.9000244140625,913.6500244140625,933.9000244140625,0.0,813346
2016-07-13,789.6290893554688,927.4500122070312,0.0,929.75,917.4500122070312,923.0999755859375,0.0,598072
2016-07-14,794.3118286132812,932.9500122070312,0.0,935.0,922.0499877929688,927.0,0.0,757072
2016-07-15,801.5912475585938,941.5,0.0,951.4500122070312,932.0499877929688,935.0,0.0,1284879
2016-07-18,784.9464111328125,921.9500122070312,0.0,946.5999755859375,910.0,944.0,0.0,3013256
2016-07-19,762.1288452148438,895.1500244140625,0.0,906.9000244140625,888.0,904.0999755859375,0.0,2602482
2016-07-20,772.1329345703125,906.9000244140625,0.0,910.2999877929688,897.2000122070312,899.4500122070312,0.0,897886
2016-07-21,774.8147583007812,910.0499877929688,0.0,913.6500244140625,900.5,907.0,0.0,876194
2016-07-22,768.982666015625,903.2000122070312,0.0,915.0,897.0,911.2000122070312,0.0,967993
2016-07-25,772.1754760742188,906.9500122070312,0.0,909.2999877929688,895.7000122070312,900.5,0.0,1297630
2016-07-26,768.55712890625,902.7000122070312,0.0,911.9000244140625,899.0,911.9000244140625,0.0,1094799
2016-07-27,769.5360717773438,903.8499755859375,0.0,909.4500122070312,898.25,900.0,0.0,1168069
2016-07-28,774.2614135742188,909.4000244140625,0.0,913.0,895.0999755859375,904.9000244140625,0.0,1760367
2016-07-29,785.4572143554688,922.5499877929688,0.0,925.0,902.5499877929688,905.4000244140625,0.0,1284438
2016-08-01,787.543212890625,925.0,0.0,930.0499877929688,916.1500244140625,930.0,0.0,1270582
2016-08-02,789.5865478515625,927.4000244140625,0.0,940.8499755859375,924.2000122070312,928.9000244140625,0.0,1442265
2016-08-03,778.0075073242188,913.7999877929688,0.0,926.7999877929688,909.5499877929688,926.7999877929688,0.0,1067729
2016-08-04,781.6260375976562,918.0499877929688,0.0,922.25,908.8499755859375,922.0,0.0,685515
2016-08-05,787.9688110351562,925.5,0.0,928.6500244140625,916.4000244140625,921.1500244140625,0.0,936293
2016-08-08,791.37451171875,929.5,0.0,934.3499755859375,922.4000244140625,926.5499877929688,0.0,640018
2016-08-09,795.4186401367188,934.25,0.0,935.9000244140625,924.1500244140625,929.5,0.0,912239
2016-08-10,787.500732421875,924.9500122070312,0.0,935.3499755859375,922.7999877929688,935.0,0.0,675289
2016-08-11,796.610595703125,935.6500244140625,0.0,938.0999755859375,922.5499877929688,924.9000244140625,0.0,859803
2016-08-12,796.0571899414062,935.0,0.0,947.0,926.0,934.7999877929688,0.0,664203
2016-08-16,788.5648803710938,926.2000122070312,0.0,943.9000244140625,921.3499755859375,931.25,0.0,847402
2016-08-17,777.49658203125,913.2000122070312,0.0,925.7000122070312,910.2999877929688,924.9000244140625,0.0,685242
2016-08-18,772.1329345703125,906.9000244140625,0.0,916.7000122070312,905.25,913.0,0.0,1047855
2016-08-19,775.32568359375,910.6500244140625,0.0,915.7000122070312,901.25,909.0,0.0,1232642
2016-08-22,791.8427734375,930.0499877929688,0.0,933.9000244140625,911.9000244140625,911.9000244140625,0.0,1405730
2016-08-23,784.733642578125,921.7000122070312,0.0,931.6500244140625,919.0499877929688,931.0,0.0,923109
2016-08-24,782.775390625,919.4000244140625,0.0,924.9500122070312,908.25,921.0,0.0,929753
2016-08-25,775.4532470703125,910.7999877929688,0.0,922.0,907.2000122070312,921.0,0.0,1760911
2016-08-26,770.0895385742188,904.5,0.0,914.7999877929688,900.0,914.7999877929688,0.0,753284
2016-08-29,770.6856079101562,905.2000122070312,0.0,908.0,901.0,906.0,0.0,488018
2016-08-30,787.3729248046875,924.7999877929688,0.0,926.2999877929688,907.5999755859375,908.0,0.0,921470
2016-08-31,780.7745361328125,917.0499877929688,0.0,926.5,911.8499755859375,925.0,0.0,2185015
2016-09-01,788.2242431640625,925.7999877929688,0.0,929.5,913.3499755859375,917.0999755859375,0.0,654587
2016-09-02,783.9246826171875,920.75,0.0,926.5499877929688,917.5499877929688,923.5,0.0,968873
2016-09-06,798.4837646484375,937.8499755859375,0.0,939.75,922.2999877929688,924.25,0.0,811241
2016-09-07,794.3544921875,933.0,0.0,938.9000244140625,927.4000244140625,937.0,0.0,728867
2016-09-08,810.1478271484375,951.5499877929688,0.0,953.5999755859375,931.5,933.0,0.0,1528195
2016-09-09,791.757568359375,929.9500122070312,0.0,954.0,927.4000244140625,950.0,0.0,888951
2016-09-12,781.9664916992188,918.4500122070312,0.0,924.8499755859375,912.4500122070312,924.8499755859375,0.0,677577
2016-09-14,773.4524536132812,908.4500122070312,0.0,924.5,905.0,917.0,0.0,1349809
2016-09-15,778.1777954101562,914.0,0.0,920.8499755859375,906.0,910.2000122070312,0.0,964711
2016-09-16,776.2196655273438,911.7000122070312,0.0,928.5999755859375,909.4000244140625,916.25,0.0,1542460
2016-09-19,776.4324340820312,911.9500122070312,0.0,922.5,909.0999755859375,915.4500122070312,0.0,793036
2016-09-20,768.7273559570312,902.9000244140625,0.0,916.7999877929688,900.9000244140625,912.1500244140625,0.0,1133099
2016-09-21,777.3690795898438,913.0499877929688,0.0,914.5499877929688,900.5499877929688,902.0,0.0,1102665
2016-09-22,774.8999633789062,910.1500244140625,0.0,917.9500122070312,903.25,913.0,0.0,1250220
2016-09-23,775.240478515625,910.5499877929688,0.0,912.5,901.0,911.0,0.0,1498875
2016-09-26,759.9578857421875,892.5999755859375,0.0,913.9000244140625,886.5,909.0,0.0,1153660
2016-09-27,763.9595947265625,897.2999877929688,0.0,900.9500122070312,889.4000244140625,895.0,0.0,849724
2016-09-28,755.3177490234375,887.1500244140625,0.0,900.8499755859375,881.25,900.0,0.0,1877866
2016-09-29,747.7828369140625,878.2999877929688,0.0,892.7999877929688,873.5,891.0,0.0,3307074
2016-09-30,738.8858032226562,867.8499755859375,0.0,879.8499755859375,865.0,877.0999755859375,0.0,3104818
2016-10-03,739.652099609375,868.75,0.0,878.0,860.2000122070312,878.0,0.0,2066037
2016-10-04,732.5428466796875,860.4000244140625,0.0,872.0,858.7999877929688,872.0,0.0,1465854
2016-10-05,741.5252075195312,870.9500122070312,0.0,873.7000122070312,862.4000244140625,865.0,0.0,1781339
2016-10-06,753.0189819335938,884.4500122070312,0.0,886.8499755859375,874.0,874.0,0.0,1360160
2016-10-07,746.8888549804688,877.25,0.0,889.7000122070312,868.1500244140625,889.7000122070312,0.0,1088191
2016-10-10,745.952392578125,876.1500244140625,0.0,885.5499877929688,874.4500122070312,879.7000122070312,0.0,734544
2016-10-13,733.9476928710938,862.0499877929688,0.0,874.75,852.5,869.5,0.0,2130773
2016-10-14,717.0899658203125,842.25,0.0,855.5499877929688,837.0,854.75,0.0,2077909
2016-10-17,723.0498046875,849.25,0.0,851.0,839.0,844.0,0.0,1136539
2016-10-18,728.4562377929688,855.5999755859375,0.0,857.0,849.0,850.2999877929688,0.0,1146943
2016-10-19,720.2827758789062,846.0,0.0,855.9500122070312,844.0499877929688,855.0,0.0,1171167
2016-10-20,715.4296264648438,840.2999877929688,0.0,849.4500122070312,838.5999755859375,848.5499877929688,0.0,818580
2016-10-21,724.7100219726562,851.2000122070312,0.0,852.25,837.0499877929688,840.0,0.0,1247395
2016-10-24,722.2835083007812,848.3499755859375,0.0,855.0,844.25,851.7999877929688,0.0,1639740
2016-10-25,708.6610717773438,832.3499755859375,0.0,849.7999877929688,829.5499877929688,847.0999755859375,0.0,1925999
2016-10-26,717.6009521484375,842.8499755859375,0.0,846.7999877929688,826.5499877929688,831.0999755859375,0.0,1928005
2016-10-27,715.4296264648438,840.2999877929688,0.0,850.0,818.4000244140625,850.0,0.0,3193498
2016-10-28,712.1944580078125,836.5,0.0,846.9500122070312,833.7999877929688,841.0,0.0,1396899
2016-11-01,717.13134765625,835.25,7.0,842.7000122070312,831.6500244140625,835.0,0.0,891827
2016-11-02,722.1539306640625,841.0999755859375,0.0,848.4500122070312,832.0499877929688,835.0,0.0,1085441
2016-11-03,720.6943969726562,839.4000244140625,0.0,848.5,834.7000122070312,838.1500244140625,0.0,1975240
2016-11-04,728.0783081054688,848.0,0.0,866.4000244140625,842.5,849.0,0.0,2273336
2016-11-07,719.1919555664062,837.6500244140625,0.0,851.75,834.5499877929688,850.0,0.0,803129
2016-11-08,725.1590576171875,844.5999755859375,0.0,846.75,836.0999755859375,838.4500122070312,0.0,797363
2016-11-09,711.1641845703125,828.2999877929688,0.0,835.3499755859375,799.0,820.0,0.0,2122893
2016-11-10,702.7930297851562,818.5499877929688,0.0,841.9000244140625,813.7999877929688,840.0,0.0,1017007
2016-11-11,688.3685913085938,801.75,0.0,815.0,798.0999755859375,815.0,0.0,1758762
2016-11-15,691.5454711914062,805.4500122070312,0.0,809.7999877929688,783.25,804.0,0.0,2007604
2016-11-16,694.3789672851562,808.75,0.0,813.5,798.0,809.0,0.0,2677282
2016-11-17,696.8689575195312,811.6500244140625,0.0,816.0,803.0,808.75,0.0,665671
2016-11-18,689.313232421875,802.8499755859375,0.0,814.7999877929688,795.5499877929688,813.0,0.0,1462211
2016-11-21,684.9345092773438,797.75,0.0,805.7999877929688,792.6500244140625,802.8499755859375,0.0,993597
2016-11-22,703.9520874023438,819.9000244140625,0.0,822.5,802.7999877929688,806.2999877929688,0.0,1226008
2016-11-23,714.0833129882812,831.7000122070312,0.0,834.0,815.0999755859375,820.3499755859375,0.0,1254013
2016-11-24,708.5883178710938,825.2999877929688,0.0,834.5,820.5499877929688,828.7999877929688,0.0,1588843
2016-11-25,715.7146606445312,833.5999755859375,0.0,838.0,825.6500244140625,830.0,0.0,788448
2016-11-28,719.363525390625,837.8499755859375,0.0,841.9500122070312,829.0,830.4500122070312,0.0,930063
2016-11-29,714.9419555664062,832.7000122070312,0.0,841.0,830.25,837.0,0.0,1157881
2016-11-30,724.6439208984375,844.0,0.0,850.2999877929688,831.0499877929688,835.25,0.0,2734453
2016-12-01,728.1641235351562,848.0999755859375,0.0,855.7000122070312,840.9000244140625,844.0,0.0,951938
2016-12-02,713.8685302734375,831.4500122070312,0.0,848.4000244140625,828.1500244140625,845.0,0.0,623704
2016-12-05,725.4166870117188,844.9000244140625,0.0,851.4000244140625,832.0,832.9000244140625,0.0,760110
2016-12-06,717.7752685546875,836.0,0.0,849.7999877929688,833.2000122070312,845.4000244140625,0.0,611314
2016-12-07,715.8005981445312,833.7000122070312,0.0,844.0,832.0499877929688,839.8499755859375,0.0,394177
2016-12-08,723.7852783203125,843.0,0.0,846.7999877929688,836.0,836.0,0.0,609858
2016-12-09,725.5454711914062,845.0499877929688,0.0,847.0,836.3499755859375,839.9000244140625,0.0,463868
2016-12-12,714.85595703125,832.5999755859375,0.0,845.8499755859375,830.3499755859375,845.0,0.0,317031
2016-12-13,713.6111450195312,831.1500244140625,0.0,836.4000244140625,824.9000244140625,834.0,0.0,716723
2016-12-14,705.5833129882812,821.7999877929688,0.0,832.8499755859375,818.7999877929688,831.0,0.0,418711
2016-12-15,700.6465454101562,816.0499877929688,0.0,823.7000122070312,813.6500244140625,818.0,0.0,552176
2016-12-16,701.4193115234375,816.9500122070312,0.0,827.0,813.5999755859375,817.5,0.0,907271
2016-12-19,695.2374877929688,809.75,0.0,817.7999877929688,808.0,817.0,0.0,709550
2016-12-20,688.0682983398438,801.4000244140625,0.0,812.75,798.4500122070312,808.75,0.0,1057366
2016-12-21,684.1188354492188,796.7999877929688,0.0,805.0,795.9000244140625,802.0,0.0,1024157
2016-12-22,675.7476196289062,787.0499877929688,0.0,802.5,783.8499755859375,796.0,0.0,1147406
2016-12-23,677.85107421875,789.5,0.0,799.4000244140625,781.9500122070312,786.5,0.0,893290
2016-12-26,688.4117431640625,801.7999877929688,0.0,804.9000244140625,785.0499877929688,788.0,0.0,686679
2016-12-27,692.6617431640625,806.75,0.0,808.5,796.5999755859375,801.9000244140625,0.0,552306
2016-12-28,695.7095947265625,810.2999877929688,0.0,821.2000122070312,806.0,808.0,0.0,811567
2016-12-29,702.7500610351562,818.5,0.0,821.9500122070312,806.5499877929688,811.25,0.0,1295881
2016-12-30,709.489990234375,826.3499755859375,0.0,829.4500122070312,818.5,819.4500122070312,0.0,709395
2017-01-02,708.6312866210938,825.3499755859375,0.0,828.0,819.0999755859375,828.0,0.0,439748
2017-01-03,712.494873046875,829.8499755859375,0.0,832.7999877929688,819.5,826.4500122070312,0.0,617599
2017-01-04,705.41162109375,821.5999755859375,0.0,837.4000244140625,816.5499877929688,829.8499755859375,0.0,1298675
2017-01-05,715.3283081054688,833.1500244140625,0.0,835.75,822.0,824.9000244140625,0.0,800848
2017-01-06,715.8435668945312,833.75,0.0,874.7999877929688,831.7000122070312,832.9000244140625,0.0,545826
2017-01-09,713.5253295898438,831.0499877929688,0.0,838.5499877929688,828.3499755859375,838.0,0.0,323290
2017-01-10,713.0958862304688,830.5499877929688,0.0,835.9500122070312,829.0,833.7999877929688,0.0,337793
2017-01-11,722.4974975585938,841.5,0.0,845.0,830.0999755859375,832.0999755859375,0.0,867646
2017-01-12,709.103515625,825.9000244140625,0.0,843.7000122070312,824.7000122070312,843.7000122070312,0.0,985100
2017-01-13,710.8635864257812,827.9500122070312,0.0,835.5999755859375,825.0999755859375,830.0,0.0,567779
2017-01-16,710.4771728515625,827.5,0.0,831.3499755859375,822.4500122070312,828.0,0.0,472383
2017-01-17,721.7677612304688,840.6500244140625,0.0,843.0,826.75,826.75,0.0,1081184
2017-01-18,742.6312866210938,864.9500122070312,0.0,867.75,837.5999755859375,840.7000122070312,0.0,2032995
2017-01-19,738.6387329101562,860.2999877929688,0.0,875.9500122070312,858.5499877929688,865.4000244140625,0.0,1350359
2017-01-20,738.7676391601562,860.4500122070312,0.0,872.0,854.5,855.2000122070312,0.0,1032081
2017-01-23,740.4418334960938,862.4000244140625,0.0,866.7999877929688,851.5499877929688,854.5999755859375,0.0,1615902
2017-01-24,738.6817626953125,860.3499755859375,0.0,862.4000244140625,842.0999755859375,856.0,0.0,1843785
2017-01-25,746.2800903320312,869.2000122070312,0.0,869.9500122070312,855.9500122070312,857.0,0.0,1360342
2017-01-27,734.9039916992188,855.9500122070312,0.0,875.7000122070312,853.7999877929688,869.0,0.0,1272497
2017-01-30,732.8433837890625,853.5499877929688,0.0,863.2000122070312,851.1500244140625,856.9500122070312,0.0,600766
2017-01-31,734.4317626953125,855.4000244140625,0.0,862.9000244140625,851.25,856.0,0.0,1210100
2017-02-01,733.2725830078125,854.0499877929688,0.0,867.5499877929688,849.2000122070312,857.0,0.0,1750447
2017-02-02,725.760009765625,845.2999877929688,0.0,858.7999877929688,841.7999877929688,857.5,0.0,1617828
2017-02-03,729.5807495117188,849.75,0.0,852.4500122070312,838.5999755859375,845.0,0.0,999913
2017-02-06,738.8534545898438,860.5499877929688,0.0,862.0,850.0,850.0499877929688,0.0,1007603
2017-02-07,734.302978515625,855.25,0.0,863.2999877929688,851.0,863.0,0.0,866921
2017-02-08,732.3283081054688,852.9500122070312,0.0,859.9000244140625,847.3499755859375,859.9000244140625,0.0,995337
2017-02-09,730.4393920898438,850.75,0.0,856.0999755859375,843.5,856.0,0.0,884351
2017-02-10,730.568115234375,850.9000244140625,0.0,858.4000244140625,847.6500244140625,848.25,0.0,648644
2017-02-13,740.3557739257812,862.2999877929688,0.0,864.75,852.4500122070312,854.9500122070312,0.0,688095
2017-02-14,728.2070922851562,848.1500244140625,0.0,868.0499877929688,845.0,863.0,0.0,1294385
2017-02-15,729.8383178710938,850.0499877929688,0.0,852.5,843.4000244140625,848.5499877929688,0.0,863541
2017-02-16,726.4468994140625,846.0999755859375,0.0,852.5,844.0499877929688,852.0,0.0,529692
2017-02-17,722.2828979492188,841.25,0.0,847.9500122070312,837.5,847.0,0.0,917969
2017-02-20,733.6160888671875,854.4500122070312,0.0,858.0,847.5,850.7000122070312,0.0,1511663
2017-02-21,740.7423706054688,862.75,0.0,866.5999755859375,852.0499877929688,853.5,0.0,1061217
2017-02-22,741.9444580078125,864.1500244140625,0.0,869.0,852.0,866.0,0.0,1996095
2017-02-23,736.8788452148438,858.25,0.0,872.0,856.25,870.9000244140625,0.0,1313518
2017-02-27,743.9191284179688,866.4500122070312,0.0,870.5499877929688,854.25,859.0499877929688,0.0,1194357
2017-02-28,743.447021484375,865.9000244140625,0.0,868.4500122070312,858.1500244140625,865.5,0.0,1409380
2017-03-01,751.6893310546875,875.5,0.0,880.9000244140625,862.9500122070312,868.4000244140625,0.0,1199589
2017-03-02,753.4063720703125,877.5,0.0,883.0,873.3499755859375,878.0,0.0,1116347
2017-03-03,753.10595703125,877.1500244140625,0.0,879.75,870.9000244140625,878.0,0.0,909059
2017-03-06,749.6286010742188,873.0999755859375,0.0,883.1500244140625,866.25,877.0,0.0,620823
2017-03-07,748.7272338867188,872.0499877929688,0.0,874.9500122070312,868.1500244140625,874.0999755859375,0.0,581168
2017-03-08,748.083251953125,871.2999877929688,0.0,876.1500244140625,863.25,870.0,0.0,689050
2017-03-09,747.2247314453125,870.2999877929688,0.0,872.0,862.2000122070312,868.9000244140625,0.0,649123
2017-03-10,751.4317626953125,875.2000122070312,0.0,877.75,867.4000244140625,871.0,0.0,1533750
2017-03-14,784.5299682617188,913.75,0.0,915.0,879.0499877929688,881.2000122070312,0.0,2763421
2017-03-15,773.1539306640625,900.5,0.0,917.2000122070312,899.0,910.0,0.0,1247829
2017-03-16,778.0478515625,906.2000122070312,0.0,912.4000244140625,895.3499755859375,908.0,0.0,1052674
2017-03-17,774.9139404296875,902.5499877929688,0.0,911.0,900.0,907.5499877929688,0.0,2071209
2017-03-20,771.3938598632812,898.4500122070312,0.0,915.25,896.0,900.5499877929688,0.0,849554
2017-03-21,775.6867065429688,903.4500122070312,0.0,907.0999755859375,888.2999877929688,898.7999877929688,0.0,1016256
2017-03-22,776.9745483398438,904.9500122070312,0.0,908.0,894.0499877929688,894.0499877929688,0.0,928431
2017-03-23,774.4417114257812,902.0,0.0,909.0,898.1500244140625,905.0,0.0,737393
2017-03-24,772.896240234375,900.2000122070312,0.0,905.2000122070312,897.0,901.0,0.0,809976
2017-03-27,771.6943969726562,898.7999877929688,0.0,913.3499755859375,895.0999755859375,899.8499755859375,0.0,2830764
2017-03-28,775.3860473632812,903.0999755859375,0.0,905.0,897.5,900.0,0.0,565803
2017-03-29,783.4996948242188,912.5499877929688,0.0,914.9000244140625,900.3499755859375,904.2000122070312,0.0,1067420
2017-03-30,789.2094116210938,919.2000122070312,0.0,923.7999877929688,909.2000122070312,911.0999755859375,0.0,2105056
2017-03-31,782.8130493164062,911.75,0.0,920.25,905.2000122070312,919.2000122070312,0.0,1454650
2017-04-03,790.4542236328125,920.6500244140625,0.0,924.3499755859375,904.4000244140625,914.0,0.0,832000
2017-04-05,803.0755004882812,935.3499755859375,0.0,937.4500122070312,918.1500244140625,918.1500244140625,0.0,2246395
2017-04-06,802.4744262695312,934.6500244140625,0.0,936.25,921.0,930.8499755859375,0.0,1588953
2017-04-07,793.7599487304688,924.5,0.0,932.7000122070312,921.2000122070312,925.7000122070312,0.0,770117
2017-04-10,795.0048828125,925.9500122070312,0.0,929.7000122070312,916.0,922.7999877929688,0.0,460843
2017-04-11,793.072998046875,923.7000122070312,0.0,925.7999877929688,917.25,922.9500122070312,0.0,715100
2017-04-12,793.1159057617188,923.75,0.0,925.7000122070312,918.4500122070312,920.2000122070312,0.0,2006885
2017-04-13,793.2017822265625,923.8499755859375,0.0,929.2000122070312,918.5,921.8499755859375,0.0,1200252
2017-04-17,784.7876586914062,914.0499877929688,0.0,923.7999877929688,912.0999755859375,923.0,0.0,449115
2017-04-18,783.6714477539062,912.75,0.0,920.9500122070312,911.0499877929688,915.0,0.0,605252
2017-04-19,780.0653686523438,908.5499877929688,0.0,918.4500122070312,906.0,914.5999755859375,0.0,1245002
2017-04-20,786.2044067382812,915.7000122070312,0.0,917.5999755859375,906.25,912.0,0.0,1955164
2017-04-21,778.219482421875,906.4000244140625,0.0,923.9000244140625,903.5,919.5,0.0,761841
2017-04-24,776.631103515625,904.5499877929688,0.0,909.9000244140625,898.5499877929688,909.9000244140625,0.0,789135
2017-04-25,793.33056640625,924.0,0.0,927.0,903.0499877929688,907.0,0.0,1105317
2017-04-26,808.2269287109375,941.3499755859375,0.0,945.0,920.2999877929688,924.0,0.0,1296199
2017-04-27,813.3355712890625,947.2999877929688,0.0,951.0,936.2000122070312,941.0999755859375,0.0,1096343
2017-04-28,802.7320556640625,934.9500122070312,0.0,945.5,932.1500244140625,944.0,0.0,3585324
2017-05-02,796.8507080078125,928.0999755859375,0.0,937.25,924.0,930.2000122070312,0.0,1615426
2017-05-03,801.9163818359375,934.0,0.0,936.9500122070312,922.5999755859375,933.0,0.0,977037
2017-05-04,821.4061889648438,956.7000122070312,0.0,960.0,933.7999877929688,934.25,0.0,1234682
2017-05-05,819.0021362304688,953.9000244140625,0.0,959.4500122070312,949.2999877929688,953.5,0.0,571239
2017-05-08,819.8177490234375,954.8499755859375,0.0,960.0,946.0499877929688,955.0,0.0,672197
2017-05-09,817.4138793945312,952.0499877929688,0.0,958.0,947.5,957.0,0.0,1292861
2017-05-10,855.448974609375,996.3499755859375,0.0,999.0,954.0999755859375,954.0999755859375,0.0,2928370
2017-05-11,840.3379516601562,978.75,0.0,996.0,975.9500122070312,994.4000244140625,0.0,1354465
2017-05-12,841.5828857421875,980.2000122070312,0.0,988.0,970.25,978.2999877929688,0.0,890243
2017-05-15,844.2015380859375,983.25,0.0,988.8499755859375,974.5499877929688,981.2999877929688,0.0,734446
2017-05-16,858.9262084960938,1000.4000244140625,0.0,1002.5,982.0499877929688,983.0,0.0,1503815
2017-05-17,866.653564453125,1009.4000244140625,0.0,1012.0,991.0999755859375,1004.0,0.0,1999387
2017-05-18,850.211669921875,990.25,0.0,1009.0,983.0,1008.0,0.0,2690943
2017-05-19,865.4514770507812,1008.0,0.0,1022.75,1000.0,1000.0,0.0,3059815
2017-05-22,874.5526123046875,1018.5999755859375,0.0,1028.199951171875,1009.0,1011.3499755859375,0.0,1788720
2017-05-23,879.8756713867188,1024.800048828125,0.0,1032.0,1014.0,1018.7999877929688,0.0,2640069
2017-05-24,891.2518310546875,1038.050048828125,0.0,1040.0,1023.5,1026.550048828125,0.0,1992083
2017-05-25,895.88818359375,1043.449951171875,0.0,1050.0,1030.300048828125,1037.9000244140625,0.0,1918721
2017-05-26,893.7417602539062,1040.949951171875,0.0,1046.949951171875,1032.4000244140625,1042.050048828125,0.0,716421
2017-05-29,920.6154174804688,1072.25,0.0,1077.0,1038.75,1041.0,0.0,1771026
2017-05-30,920.916015625,1072.5999755859375,0.0,1074.949951171875,1053.300048828125,1071.0999755859375,0.0,890684
2017-05-31,916.1077880859375,1067.0,0.0,1074.449951171875,1061.050048828125,1065.800048828125,0.0,2226704
2017-06-01,940.44873046875,1095.3499755859375,0.0,1099.449951171875,1061.199951171875,1067.0,0.0,1782269
2017-06-02,932.7643432617188,1086.4000244140625,0.0,1103.0,1046.0999755859375,1100.050048828125,0.0,2216247
2017-06-05,942.50927734375,1097.75,0.0,1101.300048828125,1088.0,1092.0,0.0,612171
2017-06-06,937.1860961914062,1091.550048828125,0.0,1101.800048828125,1087.0,1097.949951171875,0.0,1203091
2017-06-07,949.89306640625,1106.3499755859375,0.0,1114.25,1091.5,1105.199951171875,0.0,2392047
2017-06-08,938.8602294921875,1093.5,0.0,1115.0,1088.550048828125,1106.699951171875,0.0,935574
2017-06-09,940.44873046875,1095.3499755859375,0.0,1105.4000244140625,1090.0,1091.0,0.0,691085
2017-06-12,944.140625,1099.6500244140625,0.0,1105.0,1083.0,1096.0,0.0,1059705
2017-06-13,946.8021850585938,1102.75,0.0,1109.3499755859375,1095.050048828125,1096.0,0.0,1040661
2017-06-14,956.20361328125,1113.699951171875,0.0,1119.5999755859375,1094.199951171875,1105.0,0.0,1139136
2017-06-15,947.87548828125,1104.0,0.0,1121.5,1101.5999755859375,1117.5,0.0,1051935
2017-06-16,937.4006958007812,1091.800048828125,0.0,1110.8499755859375,1088.449951171875,1104.0,0.0,1550451
2017-06-19,940.7062377929688,1095.6500244140625,0.0,1101.0,1090.300048828125,1094.4000244140625,0.0,859068
2017-06-20,938.47412109375,1093.050048828125,0.0,1101.0,1091.0999755859375,1098.8499755859375,0.0,1272735
2017-06-21,964.5750122070312,1123.449951171875,0.0,1129.0,1093.949951171875,1094.25,0.0,1411671
2017-06-22,947.7691650390625,1094.050048828125,10.0,1117.4000244140625,1092.050048828125,1117.0,0.0,1000211
2017-06-23,951.1041870117188,1097.9000244140625,0.0,1102.75,1075.0,1093.9000244140625,0.0,1600881
2017-06-27,946.0792846679688,1092.0999755859375,0.0,1114.949951171875,1087.0,1096.5,0.0,1809437
2017-06-28,944.2603759765625,1090.0,0.0,1104.949951171875,1084.25,1095.0,0.0,1084236
2017-06-29,942.6143188476562,1088.0999755859375,0.0,1094.6500244140625,1084.25,1094.6500244140625,0.0,1771369
2017-06-30,935.2509765625,1079.5999755859375,0.0,1092.699951171875,1064.0,1085.0,0.0,1501780
2017-07-03,950.9739990234375,1097.75,0.0,1100.0999755859375,1081.0999755859375,1093.0,0.0,823810
2017-07-04,942.6143188476562,1088.0999755859375,0.0,1112.0,1083.8499755859375,1104.4000244140625,0.0,938993
2017-07-05,950.064453125,1096.699951171875,0.0,1098.0,1082.050048828125,1087.0,0.0,364842
2017-07-06,946.4259643554688,1092.5,0.0,1096.699951171875,1086.4000244140625,1096.699951171875,0.0,653440
2017-07-07,950.9307861328125,1097.699951171875,0.0,1109.9000244140625,1089.800048828125,1091.0,0.0,780216
2017-07-10,949.6749877929688,1096.25,0.0,1104.949951171875,1090.0,1102.5,0.0,123910
2017-07-11,958.5107421875,1106.449951171875,0.0,1112.949951171875,1097.0,1102.0,0.0,1088867
2017-07-12,980.3416748046875,1131.6500244140625,0.0,1138.4000244140625,1105.0,1110.0,0.0,1749266
2017-07-13,982.9837036132812,1134.699951171875,0.0,1139.9000244140625,1131.0,1134.699951171875,0.0,1390586
2017-07-14,986.9685668945312,1139.300048828125,0.0,1144.949951171875,1125.300048828125,1135.0,0.0,1430776
2017-07-17,998.7932739257812,1152.949951171875,0.0,1156.0,1130.050048828125,1140.0,0.0,1177146
2017-07-18,1003.038330078125,1157.8499755859375,0.0,1169.800048828125,1147.300048828125,1153.25,0.0,3322231
2017-07-19,1000.0060424804688,1154.3499755859375,0.0,1195.050048828125,1135.5,1190.0,0.0,4799441
2017-07-20,998.75,1152.9000244140625,0.0,1161.050048828125,1145.0,1155.449951171875,0.0,1295206
2017-07-21,1003.7313842773438,1158.6500244140625,0.0,1164.199951171875,1145.0,1158.9000244140625,0.0,1690899
2017-07-24,1004.3380126953125,1159.3499755859375,0.0,1164.300048828125,1154.050048828125,1162.0,0.0,1102676
2017-07-25,995.89111328125,1149.5999755859375,0.0,1161.0,1143.0,1155.550048828125,0.0,1686360
2017-07-26,1008.8427734375,1164.550048828125,0.0,1167.0,1141.3499755859375,1154.0,0.0,1563285
2017-07-27,1015.2095947265625,1171.9000244140625,0.0,1192.449951171875,1162.1500244140625,1163.800048828125,0.0,2090566
2017-07-28,999.5731811523438,1153.8499755859375,0.0,1168.5999755859375,1141.5999755859375,1168.5999755859375,0.0,860381
2017-07-31,1001.2191772460938,1155.75,0.0,1162.5999755859375,1142.0999755859375,1159.949951171875,0.0,955459
2017-08-01,1016.9856567382812,1173.949951171875,0.0,1176.9000244140625,1154.0,1154.0,0.0,1359063
2017-08-02,1012.4810180664062,1168.75,0.0,1175.0,1159.699951171875,1174.0,0.0,587711
2017-08-03,1013.4771728515625,1169.9000244140625,0.0,1179.5999755859375,1158.0,1165.5,0.0,597333
2017-08-04,1032.708984375,1192.0999755859375,0.0,1196.300048828125,1162.0,1162.0,0.0,1116836
2017-08-07,1027.6844482421875,1186.300048828125,0.0,1193.0999755859375,1171.3499755859375,1173.0,0.0,868190
2017-08-08,1031.756103515625,1191.0,0.0,1209.0,1181.0,1181.699951171875,0.0,1329938
2017-08-09,1026.861328125,1185.3499755859375,0.0,1195.5,1176.3499755859375,1189.5,0.0,833002
2017-08-10,1014.170166015625,1170.699951171875,0.0,1183.5999755859375,1166.199951171875,1174.8499755859375,0.0,699787
2017-08-11,998.6637573242188,1152.800048828125,0.0,1174.800048828125,1143.550048828125,1160.050048828125,0.0,861457
2017-08-14,1001.1755981445312,1155.699951171875,0.0,1169.9000244140625,1147.199951171875,1154.5,0.0,526828
2017-08-16,1027.7276611328125,1186.3499755859375,0.0,1190.5999755859375,1151.0,1151.0,0.0,1366648
2017-08-17,1019.8880004882812,1177.300048828125,0.0,1185.0,1165.0,1185.0,0.0,961319
2017-08-18,1041.45849609375,1202.199951171875,0.0,1206.300048828125,1169.449951171875,1170.0,0.0,1407292
2017-08-21,1032.145751953125,1191.449951171875,0.0,1208.0,1182.3499755859375,1202.300048828125,0.0,965962
2017-08-22,1039.2061767578125,1199.5999755859375,0.0,1207.3499755859375,1188.050048828125,1206.300048828125,0.0,916218
2017-08-23,1029.287109375,1188.1500244140625,0.0,1195.449951171875,1183.0,1195.0999755859375,0.0,831796
2017-08-24,1021.966552734375,1179.699951171875,0.0,1189.699951171875,1175.300048828125,1188.0,0.0,780599
2017-08-28,1039.2926025390625,1199.699951171875,0.0,1202.8499755859375,1178.75,1181.3499755859375,0.0,630713
2017-08-29,1031.279541015625,1190.449951171875,0.0,1198.550048828125,1183.0,1195.1500244140625,0.0,1002082
2017-08-30,1043.27783203125,1204.300048828125,0.0,1209.5999755859375,1187.25,1197.5,0.0,666156
2017-08-31,1056.661865234375,1219.75,0.0,1222.800048828125,1194.300048828125,1201.8499755859375,0.0,1425125
2017-09-01,1053.543212890625,1216.1500244140625,0.0,1222.0,1207.1500244140625,1216.25,0.0,622867
2017-09-04,1037.083740234375,1197.1500244140625,0.0,1214.8499755859375,1193.75,1214.8499755859375,0.0,586791
2017-09-05,1044.057373046875,1205.199951171875,0.0,1211.5,1192.300048828125,1196.4000244140625,0.0,699191
2017-09-06,1045.09716796875,1206.4000244140625,0.0,1212.0,1200.300048828125,1202.0,0.0,670064
2017-09-07,1047.1328125,1208.75,0.0,1221.75,1203.699951171875,1209.0,0.0,781792
2017-09-08,1046.0933837890625,1207.550048828125,0.0,1218.3499755859375,1202.0999755859375,1210.25,0.0,663219
2017-09-11,1056.791748046875,1219.9000244140625,0.0,1232.0,1206.0,1206.0,0.0,794869
2017-09-12,1082.694091796875,1249.800048828125,0.0,1255.0,1223.0,1224.0,0.0,1164498
2017-09-13,1083.6904296875,1250.949951171875,0.0,1259.0,1245.199951171875,1250.0,0.0,848136
2017-09-14,1081.004638671875,1247.8499755859375,0.0,1262.0999755859375,1230.0999755859375,1262.0999755859375,0.0,1239363
2017-09-15,1079.4022216796875,1246.0,0.0,1256.800048828125,1235.5999755859375,1242.0999755859375,0.0,1333125
2017-09-18,1108.8995361328125,1280.050048828125,0.0,1285.949951171875,1246.0,1250.0,0.0,781532
2017-09-19,1108.2496337890625,1279.300048828125,0.0,1287.5999755859375,1273.550048828125,1287.5999755859375,0.0,563558
2017-09-20,1090.9669189453125,1259.3499755859375,0.0,1281.3499755859375,1255.0999755859375,1280.0,0.0,1179496
2017-09-21,1088.671630859375,1256.699951171875,0.0,1261.9000244140625,1248.0,1261.0,0.0,913615
2017-09-22,1073.511474609375,1239.199951171875,0.0,1252.25,1234.0999755859375,1252.199951171875,0.0,1208698
2017-09-25,1080.3984375,1247.1500244140625,0.0,1259.0,1237.5,1239.9000244140625,0.0,1271436
2017-09-26,1054.5830078125,1217.3499755859375,0.0,1261.0999755859375,1201.050048828125,1261.0999755859375,0.0,1751337
2017-09-27,1044.663818359375,1205.9000244140625,0.0,1217.5,1188.0,1217.0,0.0,2299025
2017-09-28,1041.9781494140625,1202.800048828125,0.0,1212.949951171875,1192.1500244140625,1205.800048828125,0.0,3007522
2017-09-29,1016.9424438476562,1173.9000244140625,0.0,1209.800048828125,1169.0,1209.800048828125,0.0,2274339
2017-10-03,1027.7276611328125,1186.3499755859375,0.0,1191.8499755859375,1171.0,1176.5,0.0,1970990
2017-10-04,1037.386962890625,1197.5,0.0,1204.5,1178.699951171875,1191.0999755859375,0.0,2448425
2017-10-05,1028.8541259765625,1187.6500244140625,0.0,1204.5,1183.199951171875,1204.3499755859375,0.0,2305862
2017-10-06,1045.8768310546875,1207.300048828125,0.0,1211.5999755859375,1192.1500244140625,1193.0,0.0,508700
2017-10-09,1057.094970703125,1220.25,0.0,1223.3499755859375,1205.050048828125,1217.5,0.0,720819
2017-10-10,1047.5225830078125,1209.199951171875,0.0,1230.3499755859375,1205.0,1224.0999755859375,0.0,802675
2017-10-11,1055.189208984375,1218.050048828125,0.0,1220.5,1198.5999755859375,1215.0,0.0,1096016
2017-10-12,1075.0706787109375,1241.0,0.0,1245.0,1216.25,1220.050048828125,0.0,982442
2017-10-13,1081.654296875,1248.5999755859375,0.0,1253.0,1231.199951171875,1238.0,0.0,840717
2017-10-16,1109.9822998046875,1281.300048828125,0.0,1287.5,1249.949951171875,1250.0,0.0,1276141
2017-10-17,1110.71875,1282.1500244140625,0.0,1288.6500244140625,1271.0,1285.0,0.0,654497
2017-10-18,1094.9522705078125,1263.949951171875,0.0,1282.5999755859375,1260.0,1277.0,0.0,697765
2017-10-19,1089.5377197265625,1257.699951171875,0.0,1270.0,1253.699951171875,1265.0,0.0,67835
2017-10-23,1082.823974609375,1249.949951171875,0.0,1277.5999755859375,1238.5999755859375,1266.0,0.0,791883
2017-10-24,1100.236572265625,1270.050048828125,0.0,1274.0,1254.0,1254.9000244140625,0.0,1055569
2017-10-25,1102.3155517578125,1272.449951171875,0.0,1283.4000244140625,1265.0999755859375,1281.0,0.0,1332232
2017-10-26,1103.3983154296875,1273.699951171875,0.0,1285.0,1253.5,1285.0,0.0,2321903
2017-10-27,1091.6602783203125,1260.1500244140625,0.0,1273.699951171875,1246.0,1273.699951171875,0.0,875032
2017-10-30,1069.1798095703125,1234.199951171875,0.0,1269.449951171875,1230.0,1260.0,0.0,1063165
2017-10-31,1071.995361328125,1237.449951171875,0.0,1249.9000244140625,1230.449951171875,1241.0,0.0,722440
2017-11-01,1096.888916015625,1258.0,8.0,1263.0,1238.0,1238.699951171875,0.0,1243886
2017-11-02,1082.5020751953125,1241.5,0.0,1261.050048828125,1238.050048828125,1261.0,0.0,762274
2017-11-03,1080.7581787109375,1239.5,0.0,1245.0,1232.0,1245.0,0.0,656886
2017-11-06,1081.717529296875,1240.5999755859375,0.0,1249.5,1234.949951171875,1239.0,0.0,532305
2017-11-07,1076.136962890625,1234.199951171875,0.0,1252.199951171875,1226.3499755859375,1235.0999755859375,0.0,949224
2017-11-08,1077.09619140625,1235.300048828125,0.0,1247.9000244140625,1228.5999755859375,1240.3499755859375,0.0,872203
2017-11-09,1092.442138671875,1252.9000244140625,0.0,1286.050048828125,1241.199951171875,1249.5,0.0,1417669
2017-11-10,1125.3577880859375,1290.6500244140625,0.0,1299.25,1244.300048828125,1254.6500244140625,0.0,1933002
2017-11-13,1115.6353759765625,1279.5,0.0,1315.0,1269.25,1295.0,0.0,1413270
2017-11-14,1119.4720458984375,1283.9000244140625,0.0,1289.0,1279.25,1286.0999755859375,0.0,1131348
2017-11-15,1102.99267578125,1265.0,0.0,1285.0,1258.550048828125,1283.9000244140625,0.0,1195740
2017-11-16,1113.01953125,1276.5,0.0,1287.0,1246.1500244140625,1270.0,0.0,911479
2017-11-17,1114.45849609375,1278.1500244140625,0.0,1297.4000244140625,1271.300048828125,1282.0,0.0,1134503
2017-11-20,1111.2757568359375,1274.5,0.0,1281.1500244140625,1266.1500244140625,1280.0,0.0,707096
2017-11-21,1113.7607421875,1277.3499755859375,0.0,1285.0,1272.0,1275.0,0.0,828746
2017-11-22,1107.744384765625,1270.449951171875,0.0,1277.0,1263.6500244140625,1275.0,0.0,646368
2017-11-23,1105.17236328125,1267.5,0.0,1276.0,1262.0,1275.0,0.0,891839
2017-11-24,1103.8209228515625,1265.949951171875,0.0,1270.0,1253.0,1269.4000244140625,0.0,971523
2017-11-27,1098.8944091796875,1260.300048828125,0.0,1266.9000244140625,1250.550048828125,1261.0,0.0,763155
2017-11-28,1105.4774169921875,1267.8499755859375,0.0,1272.949951171875,1262.4000244140625,1263.0,0.0,975006
2017-11-29,1112.714599609375,1276.1500244140625,0.0,1281.0999755859375,1263.5,1267.8499755859375,0.0,819468
2017-11-30,1109.488525390625,1272.449951171875,0.0,1276.1500244140625,1258.0,1273.0,0.0,2308732
2017-12-01,1090.3494873046875,1250.5,0.0,1278.75,1245.25,1272.449951171875,0.0,470360
2017-12-04,1106.13134765625,1268.5999755859375,0.0,1274.0,1241.199951171875,1256.6500244140625,0.0,833814
2017-12-05,1099.5048828125,1261.0,0.0,1274.0,1255.0,1274.0,0.0,862459
2017-12-06,1112.2347412109375,1275.5999755859375,0.0,1282.300048828125,1255.5999755859375,1258.25,0.0,1516859
2017-12-07,1126.4908447265625,1291.949951171875,0.0,1298.8499755859375,1272.050048828125,1277.199951171875,0.0,1407824
2017-12-08,1156.7471923828125,1326.6500244140625,0.0,1331.0,1291.300048828125,1296.4000244140625,0.0,1267860
2017-12-11,1154.4801025390625,1324.050048828125,0.0,1329.0,1311.6500244140625,1329.0,0.0,597953
2017-12-12,1146.2840576171875,1314.6500244140625,0.0,1324.0,1308.6500244140625,1319.0999755859375,0.0,873443
2017-12-13,1146.6324462890625,1315.050048828125,0.0,1337.0,1306.199951171875,1319.4000244140625,0.0,917877
2017-12-14,1152.34375,1321.5999755859375,0.0,1326.8499755859375,1304.25,1314.0,0.0,834383
2017-12-15,1154.9161376953125,1324.550048828125,0.0,1335.0,1310.5999755859375,1328.300048828125,0.0,1420357
2017-12-18,1161.194091796875,1331.75,0.0,1345.0,1300.949951171875,1320.0,0.0,918171
2017-12-19,1176.8448486328125,1349.699951171875,0.0,1352.0,1326.5,1333.0999755859375,0.0,1227087
2017-12-20,1188.136474609375,1362.6500244140625,0.0,1367.949951171875,1333.5,1346.199951171875,0.0,1198943
2017-12-21,1175.755126953125,1348.449951171875,0.0,1365.1500244140625,1345.0999755859375,1365.0,0.0,557871
2017-12-22,1182.774169921875,1356.5,0.0,1359.5,1341.300048828125,1341.300048828125,0.0,561400
2017-12-26,1175.4498291015625,1348.0999755859375,0.0,1353.9000244140625,1340.0,1350.4000244140625,0.0,913529
2017-12-27,1179.2427978515625,1352.449951171875,0.0,1364.0,1342.6500244140625,1350.800048828125,0.0,569851
2017-12-28,1181.0302734375,1354.5,0.0,1382.800048828125,1348.800048828125,1358.0,0.0,2608574
2017-12-29,1192.6702880859375,1367.8499755859375,0.0,1374.9000244140625,1350.0,1359.0,0.0,799006
2018-01-01,1172.3109130859375,1344.5,0.0,1367.0,1340.050048828125,1367.0,0.0,746852
2018-01-02,1167.1666259765625,1338.5999755859375,0.0,1349.800048828125,1328.550048828125,1345.0,0.0,695988
2018-01-03,1177.411865234375,1350.3499755859375,0.0,1356.800048828125,1335.0,1344.699951171875,0.0,832810
2018-01-04,1179.0684814453125,1352.25,0.0,1356.1500244140625,1341.449951171875,1350.0999755859375,0.0,640189
2018-01-05,1182.817626953125,1356.550048828125,0.0,1362.949951171875,1348.25,1351.0,0.0,568451
2018-01-08,1193.1500244140625,1368.4000244140625,0.0,1371.0,1348.5999755859375,1348.5999755859375,0.0,801796
2018-01-09,1186.95947265625,1361.300048828125,0.0,1375.9000244140625,1356.0,1374.0,0.0,708386
2018-01-10,1190.8831787109375,1365.800048828125,0.0,1370.0,1355.0,1361.3499755859375,0.0,939525
2018-01-11,1202.0872802734375,1378.6500244140625,0.0,1382.9000244140625,1357.0,1357.0,0.0,629248
2018-01-12,1198.032958984375,1374.0,0.0,1384.4000244140625,1357.0,1380.800048828125,0.0,872539
2018-01-15,1192.1038818359375,1367.199951171875,0.0,1375.5999755859375,1364.0,1375.5999755859375,0.0,1324592
2018-01-16,1205.00830078125,1382.0,0.0,1389.5,1363.75,1369.300048828125,0.0,896453
2018-01-17,1195.5914306640625,1371.199951171875,0.0,1391.0,1366.25,1389.0,0.0,1409691
2018-01-18,1183.1663818359375,1356.949951171875,0.0,1406.9000244140625,1350.5999755859375,1400.0,0.0,2465412
2018-01-19,1187.962158203125,1362.449951171875,0.0,1372.8499755859375,1350.050048828125,1370.4000244140625,0.0,1491194
2018-01-22,1181.5537109375,1355.0999755859375,0.0,1365.0,1346.449951171875,1363.0,0.0,1014403
2018-01-23,1193.1065673828125,1368.3499755859375,0.0,1372.3499755859375,1350.050048828125,1360.699951171875,0.0,1284895
2018-01-24,1190.9703369140625,1365.9000244140625,0.0,1372.0,1335.050048828125,1368.0,0.0,1819330
2018-01-25,1196.9429931640625,1372.75,0.0,1378.0,1359.550048828125,1368.9000244140625,0.0,2125894
2018-01-29,1218.34912109375,1397.300048828125,0.0,1400.0,1367.199951171875,1370.0,0.0,1406390
2018-01-30,1220.9212646484375,1400.25,0.0,1410.0,1390.0999755859375,1397.300048828125,0.0,1310365
2018-01-31,1193.978271484375,1369.3499755859375,0.0,1400.0,1362.5999755859375,1400.0,0.0,1491912
2018-02-01,1195.635009765625,1371.25,0.0,1384.800048828125,1351.0,1373.0,0.0,1563429
2018-02-02,1196.463623046875,1372.199951171875,0.0,1377.9000244140625,1352.0,1352.0,0.0,1699619
2018-02-05,1182.1201171875,1355.75,0.0,1361.449951171875,1341.25,1352.0999755859375,0.0,1585136
2018-02-06,1155.61328125,1325.3499755859375,0.0,1348.5,1299.0,1300.0,0.0,1540401
2018-02-07,1144.5399169921875,1312.6500244140625,0.0,1330.0,1307.050048828125,1322.0,0.0,1561287
2018-02-08,1159.2755126953125,1329.550048828125,0.0,1337.550048828125,1305.25,1325.699951171875,0.0,1146084
2018-02-09,1162.327392578125,1333.050048828125,0.0,1340.0,1311.800048828125,1319.0,0.0,810004
2018-02-12,1172.267333984375,1344.449951171875,0.0,1349.9000244140625,1333.1500244140625,1340.0,0.0,1166428
2018-02-14,1176.5836181640625,1349.4000244140625,0.0,1353.199951171875,1332.0,1349.800048828125,0.0,857401
2018-02-15,1184.212890625,1358.1500244140625,0.0,1364.449951171875,1338.75,1353.0,0.0,844856
2018-02-16,1178.937744140625,1352.0999755859375,0.0,1364.0,1348.0,1364.0,0.0,1091144
2018-02-19,1164.8123779296875,1335.9000244140625,0.0,1359.0,1328.800048828125,1359.0,0.0,495950
2018-02-20,1161.237548828125,1331.800048828125,0.0,1343.3499755859375,1327.8499755859375,1332.1500244140625,0.0,688130
2018-02-21,1160.191162109375,1330.5999755859375,0.0,1339.0,1323.0,1339.0,0.0,1406451
2018-02-22,1156.572509765625,1326.449951171875,0.0,1333.800048828125,1313.25,1330.0999755859375,0.0,2173259
2018-02-23,1153.6954345703125,1323.1500244140625,0.0,1331.5999755859375,1320.199951171875,1326.5,0.0,896708
2018-02-26,1162.54541015625,1333.300048828125,0.0,1338.4000244140625,1316.25,1316.25,0.0,1109668
2018-02-27,1173.9239501953125,1346.3499755859375,0.0,1352.5,1334.0999755859375,1340.0,0.0,1316559
2018-02-28,1148.98681640625,1317.75,0.0,1338.5,1311.0,1338.4000244140625,0.0,1862621
2018-03-01,1154.654296875,1324.25,0.0,1329.0,1314.25,1320.0,0.0,961945
2018-03-05,1133.2919921875,1299.75,0.0,1320.949951171875,1293.75,1320.0,0.0,842790
2018-03-06,1127.5810546875,1293.199951171875,0.0,1307.9000244140625,1289.199951171875,1300.0,0.0,738512
2018-03-07,1128.1478271484375,1293.8499755859375,0.0,1307.5999755859375,1291.0999755859375,1293.050048828125,0.0,917890
2018-03-08,1127.537109375,1293.1500244140625,0.0,1305.550048828125,1284.199951171875,1300.0,0.0,739272
2018-03-09,1134.1639404296875,1300.75,0.0,1303.0,1286.0999755859375,1295.0,0.0,852176
2018-03-12,1154.610595703125,1324.199951171875,0.0,1327.949951171875,1294.050048828125,1305.0,0.0,874857
2018-03-13,1151.4283447265625,1320.550048828125,0.0,1331.449951171875,1313.699951171875,1324.9000244140625,0.0,1067772
2018-03-14,1148.2459716796875,1316.9000244140625,0.0,1325.0,1311.1500244140625,1317.4000244140625,0.0,760665
2018-03-15,1133.4664306640625,1299.949951171875,0.0,1320.0,1294.25,1313.9000244140625,0.0,536838
2018-03-16,1132.768798828125,1299.1500244140625,0.0,1310.699951171875,1281.0999755859375,1303.0,0.0,3646692
2018-03-19,1141.7061767578125,1309.4000244140625,0.0,1318.199951171875,1303.25,1308.0,0.0,1244199
2018-03-20,1145.0631103515625,1313.25,0.0,1320.5,1306.0,1306.0,0.0,1249242
2018-03-21,1147.112060546875,1315.5999755859375,0.0,1323.0999755859375,1305.0,1313.25,0.0,1698614
2018-03-22,1143.8424072265625,1311.8499755859375,0.0,1320.5,1309.050048828125,1312.5,0.0,950972
2018-03-23,1134.94873046875,1301.6500244140625,0.0,1314.0,1283.800048828125,1290.0,0.0,1301609
2018-03-26,1154.6981201171875,1324.300048828125,0.0,1329.9000244140625,1298.0,1303.0,0.0,1032138
2018-03-27,1162.109375,1332.800048828125,0.0,1340.0,1321.1500244140625,1339.0,0.0,1040328
2018-03-28,1162.589111328125,1333.3499755859375,0.0,1339.4000244140625,1322.199951171875,1326.050048828125,0.0,1337677
2018-04-02,1178.2401123046875,1351.300048828125,0.0,1360.550048828125,1315.0,1315.0,0.0,708747
2018-04-03,1175.7117919921875,1348.4000244140625,0.0,1355.5,1338.6500244140625,1347.0999755859375,0.0,979726
2018-04-04,1183.6024169921875,1357.449951171875,0.0,1360.0,1339.550048828125,1348.0,0.0,912607
2018-04-05,1205.1827392578125,1382.199951171875,0.0,1383.800048828125,1362.699951171875,1380.0,0.0,588716
2018-04-06,1198.7303466796875,1374.800048828125,0.0,1381.949951171875,1362.449951171875,1381.949951171875,0.0,633937
2018-04-09,1213.378662109375,1391.5999755859375,0.0,1396.4000244140625,1367.5,1367.949951171875,0.0,923543
2018-04-10,1213.291748046875,1391.5,0.0,1402.800048828125,1387.0,1398.800048828125,0.0,969036
2018-04-11,1228.681396484375,1409.1500244140625,0.0,1420.5,1385.550048828125,1393.0,0.0,1015714
2018-04-12,1231.8201904296875,1412.75,0.0,1416.0,1397.0999755859375,1408.0,0.0,510556
2018-04-13,1229.9022216796875,1410.550048828125,0.0,1413.8499755859375,1399.199951171875,1412.0,0.0,534981
2018-04-16,1237.705810546875,1419.5,0.0,1423.199951171875,1404.8499755859375,1408.9000244140625,0.0,325041
2018-04-17,1260.4195556640625,1445.550048828125,0.0,1450.5,1419.800048828125,1420.5,0.0,1176082
2018-04-18,1264.7354736328125,1450.5,0.0,1456.1500244140625,1440.0,1450.5,0.0,765225
2018-04-19,1267.9619140625,1454.199951171875,0.0,1467.9000244140625,1448.3499755859375,1451.4000244140625,0.0,682820
2018-04-20,1279.820068359375,1467.800048828125,0.0,1472.1500244140625,1441.199951171875,1442.0,0.0,674146
2018-04-23,1266.6976318359375,1452.75,0.0,1471.0,1450.0,1471.0,0.0,395622
2018-04-24,1272.713623046875,1459.6500244140625,0.0,1469.75,1445.699951171875,1464.0,0.0,1218174
2018-04-25,1272.3211669921875,1459.199951171875,0.0,1463.0,1449.050048828125,1459.0,0.0,504777
2018-04-26,1300.2666015625,1491.25,0.0,1498.5999755859375,1459.8499755859375,1463.0,0.0,1321586
2018-04-27,1285.1822509765625,1473.949951171875,0.0,1497.5,1469.9000244140625,1491.25,0.0,818770
2018-04-30,1315.65625,1508.9000244140625,0.0,1513.550048828125,1474.550048828125,1475.0,0.0,612159
2018-05-02,1283.438720703125,1471.949951171875,0.0,1514.0,1464.6500244140625,1512.0,0.0,1047583
2018-05-03,1266.2178955078125,1452.199951171875,0.0,1468.949951171875,1441.5999755859375,1465.5999755859375,0.0,1243694
2018-05-04,1276.68115234375,1464.199951171875,0.0,1471.0,1447.6500244140625,1455.0,0.0,586841
2018-05-07,1306.065185546875,1497.9000244140625,0.0,1502.0,1465.0,1472.4000244140625,0.0,887065
2018-05-08,1304.4520263671875,1496.050048828125,0.0,1504.800048828125,1478.5,1494.0,0.0,906975
2018-05-09,1304.4085693359375,1496.0,0.0,1511.0,1486.25,1496.9000244140625,0.0,759263
2018-05-10,1296.1251220703125,1486.5,0.0,1506.8499755859375,1480.0,1494.0,0.0,932116
2018-05-11,1311.4710693359375,1504.0999755859375,0.0,1506.0,1485.0999755859375,1489.0,0.0,591179
2018-05-14,1310.9913330078125,1503.550048828125,0.0,1521.199951171875,1494.050048828125,1515.0,0.0,1479249
2018-05-15,1321.4112548828125,1515.5,0.0,1542.4000244140625,1510.5,1530.0,0.0,3239290
2018-05-16,1372.50634765625,1574.0999755859375,0.0,1582.4000244140625,1506.5999755859375,1509.0,0.0,2420630
2018-05-17,1368.7569580078125,1569.800048828125,0.0,1596.4000244140625,1560.25,1574.0999755859375,0.0,2082393
2018-05-18,1400.1468505859375,1605.800048828125,0.0,1612.5,1563.300048828125,1563.300048828125,0.0,2041908
2018-05-21,1376.4735107421875,1578.6500244140625,0.0,1619.4000244140625,1573.050048828125,1613.0,0.0,1510806
2018-05-22,1372.68115234375,1574.300048828125,0.0,1588.949951171875,1558.199951171875,1565.75,0.0,1137466
2018-05-23,1367.2744140625,1568.0999755859375,0.0,1586.300048828125,1561.0,1567.0,0.0,891664
2018-05-24,1361.1712646484375,1561.0999755859375,0.0,1571.6500244140625,1550.050048828125,1570.0999755859375,0.0,915840
2018-05-25,1373.9447021484375,1575.75,0.0,1591.25,1557.300048828125,1566.0,0.0,968884
2018-05-28,1380.1358642578125,1582.8499755859375,0.0,1585.699951171875,1576.0,1585.0,0.0,563972
2018-05-29,1371.2855224609375,1572.699951171875,0.0,1597.800048828125,1563.699951171875,1575.550048828125,0.0,944652
2018-05-30,1382.7080078125,1585.800048828125,0.0,1594.800048828125,1557.0,1569.5,0.0,1089156
2018-05-31,1405.0728759765625,1611.449951171875,0.0,1617.6500244140625,1579.699951171875,1595.0,0.0,3315162
2018-06-01,1385.3671875,1588.8499755859375,0.0,1624.4000244140625,1581.0999755859375,1613.0,0.0,1444570
2018-06-04,1363.001953125,1563.199951171875,0.0,1590.0,1558.0,1590.0,0.0,857157
2018-06-05,1362.6536865234375,1562.800048828125,0.0,1573.0,1547.050048828125,1564.0,0.0,1531015
2018-06-06,1369.934326171875,1571.1500244140625,0.0,1579.0,1557.449951171875,1561.0999755859375,0.0,1085135
2018-06-07,1397.7489013671875,1603.050048828125,0.0,1606.699951171875,1575.0,1575.0,0.0,1479204
2018-06-08,1391.25244140625,1595.5999755859375,0.0,1601.25,1581.5,1599.9000244140625,0.0,760059
2018-06-11,1396.3099365234375,1601.4000244140625,0.0,1617.0,1584.4000244140625,1596.0,0.0,905198
2018-06-12,1428.6151123046875,1638.449951171875,0.0,1645.0,1590.4000244140625,1604.800048828125,0.0,1707972
2018-06-13,1413.5743408203125,1621.199951171875,0.0,1644.75,1619.5,1644.0,0.0,845842
2018-06-14,1403.459716796875,1609.5999755859375,0.0,1644.0,1598.300048828125,1617.800048828125,0.0,1348038
2018-06-15,1413.6614990234375,1621.300048828125,0.0,1628.9000244140625,1590.0,1590.0,0.0,2101892
2018-06-18,1402.54443359375,1608.550048828125,0.0,1639.0,1603.5,1629.949951171875,0.0,846403
2018-06-19,1395.96142578125,1601.0,0.0,1612.0,1589.699951171875,1603.5999755859375,0.0,1118708
2018-06-20,1397.1820068359375,1602.4000244140625,0.0,1617.5999755859375,1597.0,1597.0,0.0,1535703
2018-06-21,1399.8612060546875,1593.449951171875,12.0,1610.5,1588.0,1594.0,0.0,1185462
2018-06-22,1412.7314453125,1608.0999755859375,0.0,1610.699951171875,1581.0,1592.0,0.0,1098709
2018-06-25,1418.9251708984375,1615.1500244140625,0.0,1629.0,1607.4000244140625,1616.0,0.0,1082199
2018-06-26,1424.723388671875,1621.75,0.0,1630.800048828125,1614.25,1615.0,0.0,759142
2018-06-27,1413.7861328125,1609.300048828125,0.0,1656.6500244140625,1598.3499755859375,1629.0,0.0,2251405
2018-06-28,1408.0318603515625,1602.75,0.0,1620.5,1596.0,1610.0,0.0,1177218
2018-06-29,1441.7662353515625,1641.1500244140625,0.0,1645.0,1605.449951171875,1605.449951171875,0.0,1722592
2018-07-02,1443.787109375,1643.449951171875,0.0,1647.75,1625.050048828125,1640.9000244140625,0.0,1099574
2018-07-03,1443.83056640625,1643.5,0.0,1661.0999755859375,1635.0,1645.0,0.0,1381265
2018-07-04,1472.382568359375,1676.0,0.0,1682.4000244140625,1639.6500244140625,1642.0,0.0,1244751
2018-07-05,1482.924560546875,1688.0,0.0,1692.3499755859375,1668.4000244140625,1679.0,0.0,1449303
2018-07-06,1474.40283203125,1678.300048828125,0.0,1697.6500244140625,1672.4000244140625,1689.0,0.0,1458899
2018-07-09,1486.3507080078125,1691.9000244140625,0.0,1696.0,1674.0,1682.0,0.0,773248
2018-07-10,1482.0458984375,1687.0,0.0,1698.8499755859375,1678.0999755859375,1693.25,0.0,1093651
2018-07-11,1509.41162109375,1718.1500244140625,0.0,1721.0,1679.050048828125,1685.0,0.0,1158397
2018-07-12,1530.671630859375,1742.3499755859375,0.0,1749.4000244140625,1718.25,1720.0,0.0,1471465
2018-07-13,1530.9349365234375,1742.6500244140625,0.0,1750.050048828125,1724.0,1742.0,0.0,976456
2018-07-16,1538.490234375,1751.25,0.0,1779.0,1743.8499755859375,1749.800048828125,0.0,2218046
2018-07-17,1477.3900146484375,1681.699951171875,0.0,1780.0,1678.199951171875,1767.0,0.0,6188478
2018-07-18,1444.0504150390625,1643.75,0.0,1699.699951171875,1627.0,1693.0,0.0,2372869
2018-07-19,1447.3009033203125,1647.449951171875,0.0,1670.0,1643.6500244140625,1651.9000244140625,0.0,1457149
2018-07-20,1454.6806640625,1655.8499755859375,0.0,1671.449951171875,1628.800048828125,1655.9000244140625,0.0,1734748
2018-07-23,1484.3741455078125,1689.6500244140625,0.0,1702.949951171875,1660.550048828125,1668.949951171875,0.0,1382893
2018-07-24,1465.2666015625,1667.9000244140625,0.0,1709.699951171875,1662.449951171875,1700.0,0.0,1084438
2018-07-25,1452.1328125,1652.949951171875,0.0,1679.449951171875,1638.25,1671.0,0.0,1526620
2018-07-26,1467.0675048828125,1669.949951171875,0.0,1679.6500244140625,1645.050048828125,1655.0,0.0,2088548
2018-07-27,1457.44775390625,1659.0,0.0,1674.800048828125,1641.449951171875,1670.0,0.0,1030665
2018-07-30,1483.5394287109375,1688.699951171875,0.0,1692.0,1651.0,1666.25,0.0,1237254
2018-07-31,1521.271484375,1731.6500244140625,0.0,1737.449951171875,1681.699951171875,1690.0,0.0,1877744
2018-08-01,1523.5994873046875,1734.300048828125,0.0,1743.0,1718.5999755859375,1732.949951171875,0.0,1191134
2018-08-02,1536.07421875,1748.5,0.0,1759.75,1739.0,1742.25,0.0,1127209
2018-08-03,1548.8128662109375,1763.0,0.0,1767.3499755859375,1746.9000244140625,1754.0,0.0,758933
2018-08-06,1520.0855712890625,1730.300048828125,0.0,1760.0,1715.050048828125,1760.0,0.0,1629015
2018-08-07,1519.8658447265625,1730.050048828125,0.0,1742.0,1724.0,1730.800048828125,0.0,863577
2018-08-08,1543.673583984375,1757.1500244140625,0.0,1763.0,1721.3499755859375,1728.0,0.0,1423256
2018-08-09,1541.081787109375,1754.199951171875,0.0,1765.0,1738.199951171875,1761.5,0.0,939345
2018-08-10,1539.76416015625,1752.699951171875,0.0,1763.5999755859375,1741.5,1750.0,0.0,730724
2018-08-13,1518.8116455078125,1728.8499755859375,0.0,1756.5,1725.75,1739.0,0.0,691024
2018-08-14,1532.340576171875,1744.25,0.0,1759.300048828125,1729.0,1729.0,0.0,850399
2018-08-16,1526.322998046875,1737.4000244140625,0.0,1751.949951171875,1730.5999755859375,1741.0,0.0,638454
2018-08-17,1567.9205322265625,1784.75,0.0,1788.5999755859375,1731.75,1741.0999755859375,0.0,1420289
2018-08-20,1561.1119384765625,1777.0,0.0,1808.6500244140625,1773.199951171875,1790.0,0.0,924623
2018-08-21,1539.588623046875,1752.5,0.0,1777.0,1750.0,1777.0,0.0,1169476
2018-08-23,1557.42236328125,1772.800048828125,0.0,1783.5,1757.5,1764.949951171875,0.0,1375102
2018-08-24,1564.5821533203125,1780.949951171875,0.0,1789.0,1762.25,1773.25,0.0,866648
2018-08-27,1574.55322265625,1792.300048828125,0.0,1798.0,1778.699951171875,1791.0,0.0,627163
2018-08-28,1556.0164794921875,1771.199951171875,0.0,1790.949951171875,1767.8499755859375,1789.0,0.0,991764
2018-08-29,1542.5316162109375,1755.8499755859375,0.0,1779.4000244140625,1751.25,1775.0,0.0,777922
2018-08-30,1557.4661865234375,1772.8499755859375,0.0,1779.800048828125,1755.0,1755.0,0.0,1586926
2018-08-31,1563.8350830078125,1780.0999755859375,0.0,1789.949951171875,1765.0,1777.0,0.0,1335542
2018-09-03,1492.67578125,1699.0999755859375,0.0,1791.5,1695.8499755859375,1791.5,0.0,1744229
2018-09-04,1450.59521484375,1651.199951171875,0.0,1697.949951171875,1623.8499755859375,1697.0,0.0,3852609
2018-09-05,1415.8939208984375,1611.699951171875,0.0,1647.550048828125,1596.0,1643.0,0.0,2693195
2018-09-06,1413.1708984375,1608.5999755859375,0.0,1636.5,1598.6500244140625,1623.449951171875,0.0,2008264
2018-09-07,1439.657958984375,1638.75,0.0,1644.699951171875,1601.0,1611.9000244140625,0.0,1571003
2018-09-10,1414.6641845703125,1610.300048828125,0.0,1640.4000244140625,1604.0,1632.699951171875,0.0,1423511
2018-09-11,1397.4013671875,1590.6500244140625,0.0,1624.0,1576.050048828125,1613.0,0.0,2381214
2018-09-12,1429.2037353515625,1626.8499755859375,0.0,1636.9000244140625,1587.5,1599.949951171875,0.0,1789295
2018-09-14,1431.3563232421875,1629.300048828125,0.0,1649.0,1612.5,1637.9000244140625,0.0,1920969
2018-09-17,1410.4036865234375,1605.449951171875,0.0,1626.0,1595.0,1620.0,0.0,904395
2018-09-18,1462.6746826171875,1664.949951171875,0.0,1670.949951171875,1618.0,1622.0,0.0,2932792
2018-09-19,1446.993408203125,1647.0999755859375,0.0,1678.5,1637.1500244140625,1671.0,0.0,1589108
2018-09-21,1424.328125,1621.300048828125,0.0,1656.9000244140625,1606.300048828125,1651.0,0.0,3032792
2018-09-24,1397.2259521484375,1590.449951171875,0.0,1639.5,1564.0999755859375,1622.050048828125,0.0,1817390
2018-09-25,1432.7177734375,1630.8499755859375,0.0,1640.0,1577.050048828125,1600.0,0.0,1229970
2018-09-26,1415.0595703125,1610.75,0.0,1649.0,1598.0,1644.4000244140625,0.0,980726
2018-09-27,1423.2735595703125,1620.0999755859375,0.0,1625.0,1603.199951171875,1610.0,0.0,1572603
2018-09-28,1412.9952392578125,1608.4000244140625,0.0,1627.300048828125,1600.050048828125,1620.0999755859375,0.0,1735076
2018-10-01,1442.776611328125,1642.300048828125,0.0,1652.4000244140625,1601.5999755859375,1606.5,0.0,1721675
2018-10-03,1422.1754150390625,1618.8499755859375,0.0,1642.050048828125,1606.6500244140625,1642.0,0.0,1213562
2018-10-04,1382.730224609375,1573.949951171875,0.0,1602.800048828125,1562.0999755859375,1600.0,0.0,1544573
2018-10-05,1369.2015380859375,1558.550048828125,0.0,1574.8499755859375,1528.5999755859375,1559.5,0.0,1638027
2018-10-08,1369.9041748046875,1559.3499755859375,0.0,1570.4000244140625,1537.0999755859375,1551.0,0.0,1998863
2018-10-09,1328.7021484375,1512.449951171875,0.0,1570.0,1492.5,1563.0,0.0,1562134
2018-10-10,1342.0555419921875,1527.6500244140625,0.0,1543.199951171875,1490.550048828125,1512.5,0.0,2294071
2018-10-11,1340.6937255859375,1526.0999755859375,0.0,1540.0,1477.199951171875,1490.0,0.0,1823960
2018-10-12,1378.9090576171875,1569.5999755859375,0.0,1577.5,1540.0999755859375,1555.5,0.0,1728063
2018-10-15,1340.8695068359375,1526.300048828125,0.0,1592.949951171875,1500.0,1549.699951171875,0.0,3913322
2018-10-16,1358.3515625,1546.199951171875,0.0,1557.550048828125,1526.5,1535.699951171875,0.0,1374834
2018-10-17,1372.2322998046875,1562.0,0.0,1577.800048828125,1546.050048828125,1558.0999755859375,0.0,1223188
2018-10-19,1386.6397705078125,1578.4000244140625,0.0,1585.75,1543.050048828125,1551.199951171875,0.0,932433
2018-10-22,1392.3499755859375,1584.9000244140625,0.0,1590.0,1566.5999755859375,1588.0,0.0,614209
2018-10-23,1363.4913330078125,1552.050048828125,0.0,1582.0,1547.5,1575.550048828125,0.0,989355
2018-10-24,1393.272705078125,1585.949951171875,0.0,1591.0,1552.4000244140625,1562.0,0.0,690618
2018-10-25,1388.5015869140625,1571.550048828125,9.0,1591.75,1552.6500244140625,1574.0,0.0,2397242
2018-10-26,1376.750732421875,1558.25,0.0,1579.5,1549.949951171875,1567.0999755859375,0.0,1049382
2018-10-29,1372.0240478515625,1552.9000244140625,0.0,1559.449951171875,1522.0,1559.449951171875,0.0,1478828
2018-10-30,1407.497314453125,1593.050048828125,0.0,1603.5999755859375,1542.449951171875,1553.9000244140625,0.0,1366068
2018-10-31,1432.8104248046875,1621.699951171875,0.0,1624.0,1561.949951171875,1593.0,0.0,1478902
2018-11-01,1420.3966064453125,1607.6500244140625,0.0,1624.5,1583.550048828125,1624.5,0.0,1037308
2018-11-02,1447.6092529296875,1638.449951171875,0.0,1648.199951171875,1608.25,1610.699951171875,0.0,1332970
2018-11-05,1449.023193359375,1640.050048828125,0.0,1647.0,1610.0,1635.0,0.0,764645
2018-11-06,1441.8663330078125,1631.949951171875,0.0,1654.0,1620.0999755859375,1650.0,0.0,656676
2018-11-07,1452.38037109375,1643.8499755859375,0.0,1646.949951171875,1634.4000244140625,1640.0,0.0,114827
2018-11-09,1477.78173828125,1672.5999755859375,0.0,1680.0,1638.300048828125,1650.0,0.0,1125863
2018-11-12,1461.6131591796875,1654.300048828125,0.0,1681.949951171875,1649.199951171875,1672.0,0.0,805817
2018-11-13,1476.456298828125,1671.0999755859375,0.0,1678.5999755859375,1636.550048828125,1644.0999755859375,0.0,673435
2018-11-14,1515.6846923828125,1715.5,0.0,1739.5,1668.050048828125,1672.0,0.0,1780843
2018-11-15,1507.335693359375,1706.050048828125,0.0,1728.4000244140625,1696.6500244140625,1717.75,0.0,997169
2018-11-16,1492.3597412109375,1689.0999755859375,0.0,1718.0,1683.300048828125,1704.9000244140625,0.0,1071547
2018-11-19,1503.226806640625,1701.4000244140625,0.0,1707.0,1677.0,1693.300048828125,0.0,910054
2018-11-20,1496.6890869140625,1694.0,0.0,1709.9000244140625,1685.050048828125,1701.0,0.0,740827
2018-11-21,1493.11083984375,1689.949951171875,0.0,1706.0,1678.699951171875,1690.050048828125,0.0,932133
2018-11-22,1479.9903564453125,1675.0999755859375,0.0,1703.699951171875,1663.0,1692.9000244140625,0.0,808599
2018-11-26,1540.865478515625,1744.0,0.0,1750.0,1678.0999755859375,1678.0999755859375,0.0,2314140
2018-11-27,1531.41162109375,1733.300048828125,0.0,1741.5,1709.25,1738.9000244140625,0.0,1592918
2018-11-28,1530.4395751953125,1732.199951171875,0.0,1748.0,1716.75,1731.0,0.0,1205956
2018-11-29,1562.51171875,1768.5,0.0,1780.0,1737.5,1745.9000244140625,0.0,1936534
2018-11-30,1549.7001953125,1754.0,0.0,1798.300048828125,1742.25,1770.949951171875,0.0,2373749
2018-12-03,1612.9608154296875,1825.5999755859375,0.0,1838.300048828125,1748.050048828125,1769.5,0.0,4310053
2018-12-04,1597.1015625,1807.6500244140625,0.0,1848.949951171875,1801.0,1835.0,0.0,3155914
2018-12-05,1632.8399658203125,1848.0999755859375,0.0,1854.800048828125,1788.0,1803.0,0.0,2847336
2018-12-06,1591.6680908203125,1801.5,0.0,1847.0,1797.6500244140625,1840.0,0.0,2399579
2018-12-07,1611.812255859375,1824.300048828125,0.0,1832.75,1792.0999755859375,1801.300048828125,0.0,1774240
2018-12-10,1586.6318359375,1795.800048828125,0.0,1815.0,1790.0,1796.800048828125,0.0,1216028
2018-12-11,1585.836669921875,1794.9000244140625,0.0,1819.9000244140625,1770.0999755859375,1781.0,0.0,2237806
2018-12-12,1624.888427734375,1839.0999755859375,0.0,1845.050048828125,1795.949951171875,1796.0,0.0,1449484
2018-12-13,1639.42236328125,1855.550048828125,0.0,1867.449951171875,1837.050048828125,1848.0,0.0,1586900
2018-12-14,1643.8399658203125,1860.550048828125,0.0,1865.8499755859375,1832.75,1837.0,0.0,1573884
2018-12-17,1635.13720703125,1850.699951171875,0.0,1869.5,1845.050048828125,1865.0,0.0,1179613
2018-12-18,1626.3460693359375,1840.75,0.0,1848.9000244140625,1833.0,1848.9000244140625,0.0,1521255
2018-12-19,1629.924560546875,1844.800048828125,0.0,1858.0,1842.0,1849.949951171875,0.0,1687085
2018-12-20,1620.603271484375,1834.25,0.0,1854.9000244140625,1821.0,1839.0,0.0,1500656
2018-12-21,1593.4349365234375,1803.5,0.0,1842.5999755859375,1800.0,1833.0,0.0,1439522
2018-12-24,1576.780517578125,1784.6500244140625,0.0,1814.0,1777.550048828125,1814.0,0.0,1023418
2018-12-26,1582.9210205078125,1791.5999755859375,0.0,1798.6500244140625,1741.25,1760.0,0.0,2212019
2018-12-27,1603.507080078125,1814.9000244140625,0.0,1823.0,1793.1500244140625,1802.699951171875,0.0,1516851
2018-12-28,1609.82421875,1822.050048828125,0.0,1834.9000244140625,1815.699951171875,1817.9000244140625,0.0,963189
2018-12-31,1607.70361328125,1819.6500244140625,0.0,1836.9000244140625,1811.25,1830.0,0.0,757071
2019-01-01,1591.3145751953125,1801.0999755859375,0.0,1824.800048828125,1798.3499755859375,1824.800048828125,0.0,807345
2019-01-02,1576.736328125,1784.5999755859375,0.0,1808.8499755859375,1771.300048828125,1792.4000244140625,0.0,1598707
2019-01-03,1580.0938720703125,1788.4000244140625,0.0,1803.449951171875,1782.5999755859375,1782.5999755859375,0.0,1182624
2019-01-04,1574.174072265625,1781.699951171875,0.0,1802.0,1772.1500244140625,1798.9000244140625,0.0,1454134
2019-01-07,1577.0455322265625,1784.949951171875,0.0,1804.0,1782.449951171875,1791.5,0.0,909032
2019-01-08,1564.5877685546875,1770.8499755859375,0.0,1793.5,1761.0999755859375,1792.0,0.0,1262707
2019-01-09,1577.08984375,1785.0,0.0,1797.0,1773.4000244140625,1777.5,0.0,1324628
2019-01-10,1578.14990234375,1786.199951171875,0.0,1799.0999755859375,1779.0,1785.0,0.0,1313981
2019-01-11,1563.3067626953125,1769.4000244140625,0.0,1795.4000244140625,1758.550048828125,1795.0,0.0,1113837
2019-01-14,1558.447509765625,1763.9000244140625,0.0,1780.75,1760.0999755859375,1771.0,0.0,1018068
2019-01-15,1581.3748779296875,1789.8499755859375,0.0,1793.4000244140625,1767.4000244140625,1767.4000244140625,0.0,1614600
2019-01-16,1566.0899658203125,1772.550048828125,0.0,1794.800048828125,1766.800048828125,1790.0,0.0,2054033
2019-01-17,1547.4915771484375,1751.5,0.0,1779.25,1742.5,1776.9000244140625,0.0,1941204
2019-01-18,1540.95361328125,1744.0999755859375,0.0,1768.8499755859375,1727.300048828125,1750.0,0.0,3234056
2019-01-21,1543.4276123046875,1746.9000244140625,0.0,1758.0,1736.050048828125,1749.0,0.0,1628067
2019-01-22,1546.3428955078125,1750.199951171875,0.0,1755.0,1741.25,1746.0,0.0,1776472
2019-01-23,1561.3631591796875,1767.199951171875,0.0,1784.050048828125,1749.4000244140625,1752.0,0.0,2321782
2019-01-24,1554.559814453125,1759.5,0.0,1784.050048828125,1756.699951171875,1766.800048828125,0.0,1350870
2019-01-25,1552.1744384765625,1756.800048828125,0.0,1778.75,1750.0,1762.0,0.0,1131790
2019-01-28,1539.9820556640625,1743.0,0.0,1771.550048828125,1740.1500244140625,1758.9000244140625,0.0,1289774
2019-01-29,1552.0858154296875,1756.699951171875,0.0,1763.8499755859375,1726.0999755859375,1745.0,0.0,1319822
2019-01-30,1531.4556884765625,1733.3499755859375,0.0,1760.75,1728.0999755859375,1760.0,0.0,1259978
2019-01-31,1557.8731689453125,1763.25,0.0,1774.9000244140625,1735.25,1735.9000244140625,0.0,1880257
2019-02-01,1589.723876953125,1799.300048828125,0.0,1832.5,1761.449951171875,1763.25,0.0,2342251
2019-02-04,1592.6397705078125,1802.5999755859375,0.0,1823.0,1794.699951171875,1799.9000244140625,0.0,1116390
2019-02-05,1609.2940673828125,1821.449951171875,0.0,1834.949951171875,1804.949951171875,1805.0,0.0,1278708
2019-02-06,1616.803955078125,1829.949951171875,0.0,1836.449951171875,1820.0,1828.4000244140625,0.0,859789
2019-02-07,1624.84423828125,1839.050048828125,0.0,1845.0,1828.3499755859375,1834.0,0.0,927434
2019-02-08,1605.6275634765625,1817.300048828125,0.0,1847.0,1811.0,1839.0999755859375,0.0,1222765
2019-02-11,1594.5836181640625,1804.800048828125,0.0,1815.4000244140625,1795.75,1811.050048828125,0.0,797453
2019-02-12,1585.483154296875,1794.5,0.0,1812.0,1789.0,1810.0,0.0,990035
2019-02-14,1577.1337890625,1785.050048828125,0.0,1798.5,1777.0,1796.0,0.0,1341658
2019-02-15,1566.310791015625,1772.800048828125,0.0,1790.0,1747.5,1790.0,0.0,1177218
2019-02-18,1547.8450927734375,1751.9000244140625,0.0,1775.0999755859375,1735.0,1775.0999755859375,0.0,1513430
2019-02-19,1535.52001953125,1737.949951171875,0.0,1759.5999755859375,1730.449951171875,1750.0,0.0,1598381
2019-02-20,1531.5882568359375,1733.5,0.0,1745.949951171875,1722.0,1742.699951171875,0.0,1430235
2019-02-21,1550.319091796875,1754.699951171875,0.0,1758.0,1736.3499755859375,1737.0,0.0,1225418
2019-02-22,1562.5557861328125,1768.550048828125,0.0,1773.0,1751.949951171875,1760.0,0.0,1360163
2019-02-25,1563.96923828125,1770.1500244140625,0.0,1775.800048828125,1759.0,1772.0,0.0,1490746
2019-02-26,1565.8248291015625,1772.25,0.0,1785.9000244140625,1762.0,1763.4000244140625,0.0,2190515
2019-02-27,1534.239013671875,1736.5,0.0,1779.0,1728.550048828125,1779.0,0.0,1491740
2019-02-28,1530.83740234375,1732.6500244140625,0.0,1756.6500244140625,1727.5999755859375,1749.0,0.0,1895136
2019-03-01,1532.6043701171875,1734.6500244140625,0.0,1749.0,1731.050048828125,1735.0,0.0,761115
2019-03-05,1523.724853515625,1724.5999755859375,0.0,1739.800048828125,1717.5,1739.800048828125,0.0,1406843
2019-03-06,1501.8135986328125,1699.800048828125,0.0,1730.0,1697.949951171875,1726.0999755859375,0.0,2193045
2019-03-07,1506.761474609375,1705.4000244140625,0.0,1720.0,1699.800048828125,1706.3499755859375,0.0,1566441
2019-03-08,1503.40380859375,1701.5999755859375,0.0,1718.0,1695.0999755859375,1706.0,0.0,1419614
2019-03-11,1515.198974609375,1714.949951171875,0.0,1726.0,1703.0,1708.75,0.0,1427771
2019-03-12,1532.73681640625,1734.800048828125,0.0,1739.0,1718.800048828125,1718.9000244140625,0.0,1861116
2019-03-13,1544.0458984375,1747.5999755859375,0.0,1755.5,1741.0999755859375,1749.0,0.0,1744331
2019-03-14,1534.9456787109375,1737.300048828125,0.0,1751.699951171875,1730.199951171875,1750.75,0.0,867427
2019-03-15,1500.5765380859375,1698.4000244140625,0.0,1746.5,1694.449951171875,1745.0,0.0,3571762
2019-03-18,1499.82568359375,1697.550048828125,0.0,1710.949951171875,1686.9000244140625,1710.0,0.0,1621113
2019-03-19,1501.6810302734375,1699.6500244140625,0.0,1709.4000244140625,1688.199951171875,1697.5999755859375,0.0,1456211
2019-03-20,1490.9903564453125,1687.550048828125,0.0,1716.5,1683.449951171875,1705.0,0.0,2312268
2019-03-22,1482.5970458984375,1678.050048828125,0.0,1703.8499755859375,1673.699951171875,1687.550048828125,0.0,1636228
2019-03-25,1478.8858642578125,1673.8499755859375,0.0,1687.5,1660.0,1674.0,0.0,2039945
2019-03-26,1487.6773681640625,1683.800048828125,0.0,1691.550048828125,1674.0,1679.9000244140625,0.0,1452899
2019-03-27,1485.0267333984375,1680.800048828125,0.0,1707.800048828125,1675.0,1684.0,0.0,1520533
2019-03-28,1487.7652587890625,1683.9000244140625,0.0,1692.0,1673.4000244140625,1685.0,0.0,1852958
2019-04-01,1493.155029296875,1690.0,0.0,1721.3499755859375,1686.0,1710.0,0.0,1283162
2019-04-02,1490.6368408203125,1687.1500244140625,0.0,1697.0,1680.0999755859375,1693.1500244140625,0.0,1227869
2019-04-03,1476.191162109375,1670.800048828125,0.0,1686.5999755859375,1668.6500244140625,1682.0,0.0,1233102
2019-04-04,1472.436279296875,1666.550048828125,0.0,1686.5999755859375,1658.0,1668.0,0.0,1212398
2019-04-05,1465.85400390625,1659.0999755859375,0.0,1671.5,1650.0,1670.0,0.0,1468074
2019-04-08,1470.9783935546875,1664.9000244140625,0.0,1679.75,1656.9000244140625,1664.9000244140625,0.0,1647502
2019-04-09,1484.76123046875,1680.5,0.0,1683.9000244140625,1662.25,1668.800048828125,0.0,1232434
2019-04-10,1496.8216552734375,1694.1500244140625,0.0,1704.6500244140625,1675.0,1684.699951171875,0.0,1720236
2019-04-11,1511.178955078125,1710.4000244140625,0.0,1716.5,1698.050048828125,1703.0,0.0,2026954
2019-04-12,1521.1185302734375,1721.6500244140625,0.0,1724.699951171875,1710.199951171875,1716.4000244140625,0.0,1437818
2019-04-15,1521.4720458984375,1722.050048828125,0.0,1731.199951171875,1713.0999755859375,1725.0,0.0,1035378
2019-04-16,1536.0501708984375,1738.550048828125,0.0,1742.0,1716.1500244140625,1726.0,0.0,1625738
2019-04-18,1537.2427978515625,1739.9000244140625,0.0,1744.0999755859375,1729.25,1738.550048828125,0.0,1475552
2019-04-22,1537.198486328125,1739.8499755859375,0.0,1745.0,1730.0999755859375,1740.0,0.0,717781
2019-04-23,1541.0418701171875,1744.199951171875,0.0,1748.0,1733.0999755859375,1742.0,0.0,802947
2019-04-24,1548.4632568359375,1752.5999755859375,0.0,1755.0,1735.0,1744.5999755859375,0.0,1169461
2019-04-25,1532.20654296875,1734.199951171875,0.0,1762.5999755859375,1727.199951171875,1756.0,0.0,1704890
2019-04-26,1543.8248291015625,1747.3499755859375,0.0,1750.800048828125,1726.1500244140625,1738.0,0.0,772993
2019-04-30,1552.96923828125,1757.699951171875,0.0,1762.0,1744.949951171875,1750.0,0.0,1171594
2019-05-02,1522.7972412109375,1723.550048828125,0.0,1762.5,1720.25,1756.5,0.0,793819
2019-05-03,1496.2916259765625,1693.550048828125,0.0,1727.0,1682.0,1720.0,0.0,1442888
2019-05-06,1474.5125732421875,1668.9000244140625,0.0,1687.0,1656.0,1687.0,0.0,2373878
2019-05-07,1499.781494140625,1697.5,0.0,1710.9000244140625,1672.5,1678.800048828125,0.0,2212617
2019-05-08,1492.006591796875,1688.699951171875,0.0,1697.5,1675.0,1697.5,0.0,1243338
2019-05-09,1505.3033447265625,1703.75,0.0,1713.0,1677.0,1680.0999755859375,0.0,1204995
2019-05-10,1490.9019775390625,1687.449951171875,0.0,1709.0,1678.5,1708.949951171875,0.0,1000696
2019-05-13,1503.7574462890625,1702.0,0.0,1717.0,1688.699951171875,1692.0,0.0,1160287
2019-05-14,1500.6650390625,1698.5,0.0,1710.0,1680.199951171875,1700.0,0.0,1442817
2019-05-15,1476.412353515625,1671.050048828125,0.0,1703.0,1666.949951171875,1700.0,0.0,1235429
2019-05-16,1491.564697265625,1688.199951171875,0.0,1700.0,1672.199951171875,1674.699951171875,0.0,714690
2019-05-17,1534.5037841796875,1736.800048828125,0.0,1742.199951171875,1685.199951171875,1690.0999755859375,0.0,1502484
2019-05-20,1566.0457763671875,1772.5,0.0,1776.6500244140625,1734.8499755859375,1760.0,0.0,1279236
2019-05-21,1577.310546875,1785.25,0.0,1797.449951171875,1772.9000244140625,1772.9000244140625,0.0,1337466
2019-05-22,1562.3349609375,1768.300048828125,0.0,1785.0,1747.3499755859375,1785.0,0.0,1162653
2019-05-23,1549.5679931640625,1753.8499755859375,0.0,1804.9000244140625,1745.0,1785.949951171875,0.0,1551172
2019-05-24,1545.8131103515625,1749.5999755859375,0.0,1759.800048828125,1727.0999755859375,1754.0,0.0,1603085
2019-05-27,1565.5595703125,1771.949951171875,0.0,1775.949951171875,1736.0,1749.0,0.0,1373845
2019-05-28,1569.933349609375,1776.9000244140625,0.0,1786.0,1754.5,1775.0,0.0,2863139
2019-05-29,1573.423095703125,1780.8499755859375,0.0,1789.3499755859375,1770.4000244140625,1775.0,0.0,899619
2019-05-30,1576.4271240234375,1784.25,0.0,1792.0,1781.0,1788.0,0.0,1038433
2019-05-31,1580.1820068359375,1788.5,0.0,1802.6500244140625,1764.0,1786.699951171875,0.0,1329926
2019-06-03,1625.4183349609375,1839.699951171875,0.0,1845.0,1792.0,1794.0,0.0,1415582
2019-06-04,1604.1253662109375,1815.5999755859375,0.0,1845.5,1807.0999755859375,1831.0,0.0,842283
2019-06-06,1623.6954345703125,1837.75,0.0,1849.9000244140625,1812.0999755859375,1822.1500244140625,0.0,1626007
2019-06-07,1617.510986328125,1830.75,0.0,1844.75,1815.0,1833.0,0.0,698970
2019-06-10,1636.7274169921875,1852.5,0.0,1864.949951171875,1835.0,1839.800048828125,0.0,814577
2019-06-11,1625.5069580078125,1839.800048828125,0.0,1856.800048828125,1832.0999755859375,1855.0999755859375,0.0,591026
2019-06-12,1631.9566650390625,1847.0999755859375,0.0,1853.25,1822.050048828125,1838.0,0.0,709916
2019-06-13,1630.5428466796875,1845.5,0.0,1848.699951171875,1823.050048828125,1847.050048828125,0.0,697830
2019-06-14,1610.61962890625,1822.949951171875,0.0,1853.25,1816.3499755859375,1843.0,0.0,632971
2019-06-17,1606.2904052734375,1818.050048828125,0.0,1831.9000244140625,1804.5999755859375,1831.9000244140625,0.0,669276
2019-06-18,1598.8243408203125,1809.5999755859375,0.0,1818.1500244140625,1793.0,1810.5,0.0,995083
2019-06-19,1600.679931640625,1811.699951171875,0.0,1824.949951171875,1802.0,1816.800048828125,0.0,600455
2019-06-20,1606.3309326171875,1805.050048828125,13.0,1809.449951171875,1791.5,1799.0,0.0,603514
2019-06-21,1572.158203125,1766.6500244140625,0.0,1812.0,1760.300048828125,1810.0,0.0,2512357
2019-06-24,1570.2000732421875,1764.449951171875,0.0,1777.5999755859375,1756.699951171875,1769.0,0.0,762144
2019-06-25,1563.081298828125,1756.449951171875,0.0,1769.699951171875,1745.0,1769.699951171875,0.0,941132
2019-06-26,1567.1300048828125,1761.0,0.0,1765.0,1746.4000244140625,1753.0,0.0,1075017
2019-06-27,1579.0550537109375,1774.4000244140625,0.0,1787.550048828125,1760.25,1768.0,0.0,1235049
2019-06-28,1590.8017578125,1787.5999755859375,0.0,1790.6500244140625,1762.75,1777.25,0.0,1008229
2019-07-01,1584.2161865234375,1780.199951171875,0.0,1798.9000244140625,1772.6500244140625,1798.9000244140625,0.0,553283
2019-07-02,1592.2255859375,1789.199951171875,0.0,1798.0,1770.0,1784.0,0.0,763979
2019-07-03,1588.22119140625,1784.699951171875,0.0,1796.8499755859375,1776.9000244140625,1793.0,0.0,815571
2019-07-04,1596.14111328125,1793.5999755859375,0.0,1798.699951171875,1780.550048828125,1780.550048828125,0.0,646633
2019-07-05,1594.1834716796875,1791.4000244140625,0.0,1816.0,1786.0,1800.0,0.0,1098940
2019-07-08,1560.50048828125,1753.550048828125,0.0,1784.75,1748.699951171875,1784.75,0.0,776755
2019-07-09,1548.66455078125,1740.25,0.0,1756.0,1724.0999755859375,1752.0,0.0,1462668
2019-07-10,1529.3978271484375,1718.5999755859375,0.0,1754.9000244140625,1703.0999755859375,1739.0,0.0,648476
2019-07-11,1540.3438720703125,1730.9000244140625,0.0,1742.6500244140625,1708.0,1708.0,0.0,813618
2019-07-12,1524.5924072265625,1713.199951171875,0.0,1738.25,1708.25,1726.800048828125,0.0,1107445
2019-07-15,1527.9298095703125,1716.949951171875,0.0,1724.699951171875,1702.0,1715.0,0.0,725180
2019-07-16,1549.5989990234375,1741.300048828125,0.0,1750.5999755859375,1712.75,1723.5,0.0,1259786
2019-07-17,1566.86328125,1760.699951171875,0.0,1765.550048828125,1725.8499755859375,1740.0,0.0,1278232
2019-07-18,1547.685791015625,1739.1500244140625,0.0,1766.0,1709.0,1766.0,0.0,1006299
2019-07-19,1530.999755859375,1720.4000244140625,0.0,1761.949951171875,1709.1500244140625,1748.0,0.0,983217
2019-07-22,1495.6702880859375,1680.699951171875,0.0,1724.699951171875,1659.050048828125,1722.300048828125,0.0,1729722
2019-07-23,1506.9278564453125,1693.3499755859375,0.0,1701.550048828125,1667.300048828125,1683.0,0.0,1556691
2019-07-24,1538.341552734375,1728.6500244140625,0.0,1732.0,1678.5999755859375,1685.0,0.0,2621818
2019-07-25,1545.4608154296875,1736.6500244140625,0.0,1749.9000244140625,1728.0,1730.0,0.0,1297267
2019-07-26,1540.1214599609375,1730.6500244140625,0.0,1742.0,1719.300048828125,1731.0999755859375,0.0,771408
2019-07-29,1524.6815185546875,1713.300048828125,0.0,1739.800048828125,1700.0,1729.0,0.0,688427
2019-07-30,1530.554931640625,1719.9000244140625,0.0,1734.3499755859375,1705.0,1715.0,0.0,747251
2019-07-31,1536.5618896484375,1726.6500244140625,0.0,1753.050048828125,1701.050048828125,1719.0,0.0,1371879
2019-08-01,1540.6998291015625,1731.300048828125,0.0,1744.699951171875,1710.0,1721.0,0.0,1072498
2019-08-02,1546.172607421875,1737.449951171875,0.0,1742.0,1706.0,1722.199951171875,0.0,1051529
2019-08-05,1549.5098876953125,1741.199951171875,0.0,1753.449951171875,1707.699951171875,1727.9000244140625,0.0,1539739
2019-08-06,1552.0908203125,1744.0999755859375,0.0,1760.0,1727.550048828125,1731.5,0.0,1409075
2019-08-07,1581.5911865234375,1777.25,0.0,1786.9000244140625,1740.0,1744.0999755859375,0.0,2507314
2019-08-08,1604.5950927734375,1803.0999755859375,0.0,1807.0,1780.5,1780.5,0.0,1761732
2019-08-09,1638.6341552734375,1841.3499755859375,0.0,1846.6500244140625,1800.9000244140625,1805.0,0.0,1730596
2019-08-13,1623.8619384765625,1824.75,0.0,1838.0,1802.1500244140625,1838.0,0.0,1907934
2019-08-14,1636.587646484375,1839.050048828125,0.0,1854.1500244140625,1808.699951171875,1826.0,0.0,1910376
2019-08-16,1627.33251953125,1828.6500244140625,0.0,1847.550048828125,1816.050048828125,1838.0,0.0,1468390
2019-08-19,1620.435546875,1820.9000244140625,0.0,1845.0,1811.0,1830.1500244140625,0.0,905742
2019-08-20,1640.458740234375,1843.4000244140625,0.0,1849.699951171875,1813.0,1822.0,0.0,1231835
2019-08-21,1646.3321533203125,1850.0,0.0,1855.75,1836.0,1842.9000244140625,0.0,1933855
2019-08-22,1665.9991455078125,1872.0999755859375,0.0,1880.0,1841.9000244140625,1850.449951171875,0.0,2543055
2019-08-23,1655.23095703125,1860.0,0.0,1877.3499755859375,1850.6500244140625,1874.75,0.0,1278546
2019-08-26,1669.9591064453125,1876.550048828125,0.0,1883.699951171875,1850.0,1867.5,0.0,855849
2019-08-27,1656.47705078125,1861.4000244140625,0.0,1889.0,1841.949951171875,1884.0,0.0,2510386
2019-08-28,1626.843017578125,1828.0999755859375,0.0,1848.4000244140625,1812.5,1835.0,0.0,2519453
2019-08-29,1631.1590576171875,1832.949951171875,0.0,1843.6500244140625,1814.0999755859375,1817.0,0.0,2837369
2019-08-30,1674.7200927734375,1881.9000244140625,0.0,1886.4000244140625,1827.1500244140625,1834.199951171875,0.0,1766858
2019-09-03,1639.0794677734375,1841.8499755859375,0.0,1875.800048828125,1835.0,1863.0,0.0,1195923
2019-09-04,1643.306396484375,1846.5999755859375,0.0,1859.050048828125,1817.300048828125,1847.0,0.0,1147464
2019-09-05,1628.3114013671875,1829.75,0.0,1843.949951171875,1818.1500244140625,1842.0,0.0,1059065
2019-09-06,1618.8785400390625,1819.1500244140625,0.0,1843.3499755859375,1814.199951171875,1831.0,0.0,631575
2019-09-09,1632.1380615234375,1834.050048828125,0.0,1858.0,1815.4000244140625,1819.0,0.0,1175372
2019-09-11,1623.4613037109375,1824.300048828125,0.0,1847.550048828125,1817.300048828125,1831.0,0.0,1055039
2019-09-12,1606.6422119140625,1805.4000244140625,0.0,1833.5999755859375,1798.5,1826.0,0.0,862635
2019-09-13,1606.775390625,1805.550048828125,0.0,1825.0,1793.5999755859375,1806.0,0.0,1299932
2019-09-16,1616.342529296875,1816.300048828125,0.0,1824.75,1800.0,1801.0,0.0,945889
2019-09-17,1629.601806640625,1831.199951171875,0.0,1842.0,1812.0,1814.75,0.0,1424258
2019-09-18,1627.8218994140625,1829.199951171875,0.0,1843.949951171875,1818.6500244140625,1839.5,0.0,751391
2019-09-19,1613.1832275390625,1812.75,0.0,1843.5999755859375,1808.25,1830.0,0.0,644684
2019-09-20,1752.89892578125,1969.75,0.0,1992.0,1810.25,1823.0,0.0,4539742
2019-09-23,1815.1922607421875,2039.75,0.0,2100.64990234375,1984.0,1984.0,0.0,3783357
2019-09-24,1824.7142333984375,2050.449951171875,0.0,2067.89990234375,2009.0999755859375,2045.0,0.0,1784798
2019-09-25,1825.64892578125,2051.5,0.0,2062.449951171875,2011.8499755859375,2041.0,0.0,1874109
2019-09-26,1810.4312744140625,2034.4000244140625,0.0,2075.0,2016.949951171875,2055.0,0.0,3907951
2019-09-27,1789.5186767578125,2010.9000244140625,0.0,2044.6500244140625,2005.5,2026.0,0.0,1458672
2019-09-30,1763.7557373046875,1981.949951171875,0.0,2017.9000244140625,1971.4000244140625,2007.9000244140625,0.0,2169407
2019-10-01,1771.186279296875,1990.300048828125,0.0,2019.9000244140625,1983.0,1989.0,0.0,1080409
2019-10-03,1746.04638671875,1962.050048828125,0.0,1985.300048828125,1958.3499755859375,1984.75,0.0,1423468
2019-10-04,1730.1617431640625,1944.199951171875,0.0,1977.300048828125,1939.0999755859375,1966.0,0.0,1723988
2019-10-07,1726.468505859375,1940.050048828125,0.0,1962.949951171875,1927.6500244140625,1943.949951171875,0.0,880275
2019-10-09,1733.543212890625,1948.0,0.0,1962.699951171875,1941.25,1950.0,0.0,1066739
2019-10-10,1752.0087890625,1968.75,0.0,1982.5,1935.5999755859375,1948.0,0.0,1492290
2019-10-11,1783.95654296875,2004.6500244140625,0.0,2016.9000244140625,1975.5,1985.8499755859375,0.0,1934337
2019-10-14,1792.499755859375,2014.25,0.0,2031.449951171875,2006.25,2022.4000244140625,0.0,2135148
2019-10-15,1837.128662109375,2064.39990234375,0.0,2077.300048828125,2025.800048828125,2050.0,0.0,5761733
2019-10-16,1843.0020751953125,2071.0,0.0,2080.0,2052.60009765625,2065.300048828125,0.0,1661705
2019-10-17,1872.23583984375,2103.85009765625,0.0,2108.0,2061.949951171875,2067.5,0.0,2001245
2019-10-18,1874.9053955078125,2106.85009765625,0.0,2116.0,2090.699951171875,2100.0,0.0,2202270
2019-10-22,1893.1484375,2127.35009765625,0.0,2149.0,2112.0,2120.0,0.0,1737401
2019-10-23,1908.265869140625,2133.25,11.0,2137.449951171875,2098.0,2119.449951171875,0.0,1535786
2019-10-24,1908.355712890625,2133.35009765625,0.0,2150.0,2118.050048828125,2141.0,0.0,973453
2019-10-25,1918.8668212890625,2145.10009765625,0.0,2156.5,2129.300048828125,2147.550048828125,0.0,1612038
2019-10-27,1914.08056640625,2139.75,0.0,2148.0,2134.5,2148.0,0.0,85187
2019-10-29,1932.37353515625,2160.199951171875,0.0,2163.949951171875,2111.39990234375,2135.0,0.0,1229516
2019-10-30,1940.6033935546875,2169.39990234375,0.0,2180.0,2142.0,2180.0,0.0,1195298
2019-10-31,1945.9263916015625,2175.35009765625,0.0,2187.25,2159.300048828125,2165.0,0.0,1752830
2019-11-01,1949.50439453125,2179.35009765625,0.0,2184.300048828125,2146.39990234375,2165.10009765625,0.0,1609685
2019-11-04,1930.5396728515625,2158.14990234375,0.0,2186.85009765625,2149.800048828125,2179.35009765625,0.0,1523698
2019-11-05,1943.0635986328125,2172.14990234375,0.0,2175.75,2143.14990234375,2153.5,0.0,2167085
2019-11-06,1949.5936279296875,2179.449951171875,0.0,2184.0,2155.0,2166.0,0.0,1093243
2019-11-07,1912.7388916015625,2138.25,0.0,2190.0,2128.0,2190.0,0.0,1970785
2019-11-08,1866.35693359375,2086.39990234375,0.0,2145.14990234375,2083.0,2135.0,0.0,1537851
2019-11-11,1861.83984375,2081.35009765625,0.0,2100.050048828125,2068.050048828125,2081.300048828125,0.0,1050170
2019-11-13,1870.471923828125,2091.0,0.0,2094.89990234375,2072.449951171875,2084.0,0.0,868433
2019-11-14,1850.8370361328125,2069.050048828125,0.0,2090.60009765625,2061.449951171875,2090.60009765625,0.0,1291198
2019-11-15,1840.68408203125,2057.699951171875,0.0,2099.0,2050.550048828125,2062.25,0.0,958290
2019-11-18,1839.342041015625,2056.199951171875,0.0,2075.35009765625,2038.0,2059.800048828125,0.0,1200573
2019-11-19,1822.838134765625,2037.75,0.0,2060.050048828125,2030.0,2060.050048828125,0.0,1413218
2019-11-20,1812.7742919921875,2026.5,0.0,2052.85009765625,2017.050048828125,2044.0,0.0,989673
2019-11-21,1832.58837890625,2048.64990234375,0.0,2059.949951171875,2017.0,2027.0,0.0,1397175
2019-11-22,1814.4293212890625,2028.3499755859375,0.0,2053.199951171875,2008.0,2050.0,0.0,835864
2019-11-25,1844.8883056640625,2062.39990234375,0.0,2066.949951171875,2022.0999755859375,2022.0999755859375,0.0,862520
2019-11-26,1841.2655029296875,2058.35009765625,0.0,2080.75,2032.300048828125,2059.0,0.0,3188224
2019-11-27,1872.4847412109375,2093.25,0.0,2099.89990234375,2055.85009765625,2062.550048828125,0.0,1259986
2019-11-28,1867.02783203125,2087.14990234375,0.0,2098.35009765625,2067.0,2097.949951171875,0.0,1026831
2019-11-29,1820.646728515625,2035.300048828125,0.0,2084.5,2031.0,2084.0,0.0,1298616
2019-12-02,1827.713134765625,2043.199951171875,0.0,2062.0,2029.25,2038.0,0.0,1600494
2019-12-03,1814.5186767578125,2028.449951171875,0.0,2053.10009765625,2020.1500244140625,2041.0,0.0,1199012
2019-12-04,1832.0069580078125,2048.0,0.0,2052.0,2022.0,2027.0,0.0,1046309
2019-12-05,1822.569580078125,2037.449951171875,0.0,2047.800048828125,2027.300048828125,2047.800048828125,0.0,961085
2019-12-06,1812.3720703125,2026.050048828125,0.0,2049.0,2022.0,2044.0,0.0,657658
2019-12-09,1796.35986328125,2008.1500244140625,0.0,2032.050048828125,1991.199951171875,2030.0,0.0,964222
2019-12-10,1811.7457275390625,2025.3499755859375,0.0,2041.5999755859375,2011.0,2014.9000244140625,0.0,1610623
2019-12-11,1798.4173583984375,2010.449951171875,0.0,2030.0,1998.0,2027.9000244140625,0.0,967708
2019-12-12,1795.6441650390625,2007.3499755859375,0.0,2034.5,2002.0,2010.0,0.0,955318
2019-12-13,1794.6153564453125,2006.199951171875,0.0,2024.0,2000.0,2018.449951171875,0.0,1212988
2019-12-16,1766.4822998046875,1974.75,0.0,2011.0,1968.1500244140625,2000.0,0.0,1683941
2019-12-17,1754.4957275390625,1961.3499755859375,0.0,1994.949951171875,1950.0,1979.0,0.0,2189167
2019-12-18,1725.1549072265625,1928.550048828125,0.0,1966.5999755859375,1907.3499755859375,1960.0,0.0,3986106
2019-12-19,1745.3265380859375,1951.0999755859375,0.0,1966.4000244140625,1930.050048828125,1931.9000244140625,0.0,2035095
2019-12-20,1738.17041015625,1943.0999755859375,0.0,1959.9000244140625,1931.449951171875,1950.0,0.0,2169685
2019-12-23,1744.7003173828125,1950.4000244140625,0.0,1962.0,1944.4000244140625,1949.25,0.0,807062
2019-12-24,1741.122314453125,1946.4000244140625,0.0,1964.800048828125,1940.4000244140625,1952.0,0.0,790621
2019-12-26,1739.8253173828125,1944.949951171875,0.0,1954.25,1938.5,1950.800048828125,0.0,862164
2019-12-27,1744.253173828125,1949.9000244140625,0.0,1954.449951171875,1934.0,1946.9000244140625,0.0,937907
2019-12-30,1732.9373779296875,1937.25,0.0,1954.25,1927.5,1949.9000244140625,0.0,1117498
2019-12-31,1720.18994140625,1923.0,0.0,1946.5999755859375,1920.0999755859375,1940.0,0.0,706593
2020-01-01,1732.311279296875,1936.550048828125,0.0,1939.9000244140625,1918.0,1930.0,0.0,543035
2020-01-02,1733.6529541015625,1938.050048828125,0.0,1952.5999755859375,1930.0,1940.0,0.0,663275
2020-01-03,1724.1708984375,1927.449951171875,0.0,1940.0,1918.75,1937.9000244140625,0.0,1598825
2020-01-06,1713.4364013671875,1915.449951171875,0.0,1929.4000244140625,1911.25,1927.3499755859375,0.0,683129
2020-01-07,1718.1328125,1920.699951171875,0.0,1931.0,1918.0,1919.25,0.0,808935
2020-01-08,1725.8704833984375,1929.3499755859375,0.0,1936.050048828125,1906.449951171875,1910.0,0.0,1889685
2020-01-09,1730.9693603515625,1935.050048828125,0.0,1947.300048828125,1931.0,1941.550048828125,0.0,1544334
2020-01-10,1747.9207763671875,1954.0,0.0,1957.5,1931.6500244140625,1940.9000244140625,0.0,1003336
2020-01-13,1784.46240234375,1994.8499755859375,0.0,1997.8499755859375,1957.0,1961.0,0.0,2040089
2020-01-14,1796.9412841796875,2008.800048828125,0.0,2014.949951171875,1982.4000244140625,1995.5,0.0,1610737
2020-01-15,1808.436279296875,2021.6500244140625,0.0,2027.0,1997.3499755859375,2011.1500244140625,0.0,1559491
2020-01-16,1833.1251220703125,2049.25,0.0,2054.699951171875,2016.0999755859375,2022.0,0.0,2468958
2020-01-17,1843.009765625,2060.300048828125,0.0,2063.89990234375,2040.050048828125,2055.0,0.0,994719
2020-01-20,1845.2911376953125,2062.85009765625,0.0,2075.89990234375,2050.0,2060.5,0.0,829399
2020-01-21,1838.6265869140625,2055.39990234375,0.0,2075.0,2052.14990234375,2059.75,0.0,750000
2020-01-22,1835.3167724609375,2051.699951171875,0.0,2063.5,2027.199951171875,2063.0,0.0,983169
2020-01-23,1839.9683837890625,2056.89990234375,0.0,2060.85009765625,2035.0,2051.75,0.0,708017
2020-01-24,1854.9967041015625,2073.699951171875,0.0,2079.0,2050.050048828125,2057.0,0.0,914993
2020-01-27,1843.94921875,2061.35009765625,0.0,2068.75,2056.75,2066.0,0.0,429312
2020-01-28,1843.2784423828125,2060.60009765625,0.0,2065.0,2042.699951171875,2062.0,0.0,777052
2020-01-29,1855.4434814453125,2074.199951171875,0.0,2085.800048828125,2062.050048828125,2062.050048828125,0.0,873433
2020-01-30,1841.0419921875,2058.10009765625,0.0,2078.0,2049.449951171875,2074.89990234375,0.0,952768
2020-01-31,1819.707275390625,2034.25,0.0,2068.25,2020.050048828125,2064.0,0.0,1930834
2020-02-03,1949.146240234375,2178.949951171875,0.0,2195.550048828125,2074.89990234375,2074.89990234375,0.0,4012542
2020-02-04,1928.2591552734375,2155.60009765625,0.0,2204.199951171875,2140.0,2177.0,0.0,1932121
2020-02-05,1932.4632568359375,2160.300048828125,0.0,2184.0,2153.89990234375,2167.39990234375,0.0,1514368
2020-02-06,1928.9744873046875,2156.39990234375,0.0,2196.25,2134.050048828125,2166.0,0.0,1302116
2020-02-07,1932.1502685546875,2159.949951171875,0.0,2172.0,2141.60009765625,2165.0,0.0,908152
2020-02-10,1931.5684814453125,2159.300048828125,0.0,2189.550048828125,2151.699951171875,2160.10009765625,0.0,1389847
2020-02-11,1925.6199951171875,2152.64990234375,0.0,2179.64990234375,2147.699951171875,2169.0,0.0,777506
2020-02-12,2021.9613037109375,2260.35009765625,0.0,2272.0,2155.0,2157.10009765625,0.0,4753325
2020-02-13,2042.580322265625,2283.39990234375,0.0,2288.949951171875,2233.050048828125,2256.0,0.0,2950407
2020-02-14,2017.2203369140625,2255.050048828125,0.0,2297.60009765625,2246.25,2273.0,0.0,1728651
2020-02-17,2015.0286865234375,2252.60009765625,0.0,2289.0,2243.199951171875,2248.0,0.0,1420851
2020-02-18,1998.748046875,2234.39990234375,0.0,2262.949951171875,2222.10009765625,2252.60009765625,0.0,1194605
2020-02-19,2050.40771484375,2292.14990234375,0.0,2308.199951171875,2241.25,2250.199951171875,0.0,1299800
2020-02-20,2011.1370849609375,2248.25,0.0,2289.949951171875,2242.5,2282.199951171875,0.0,1555224
2020-02-24,1981.5281982421875,2215.14990234375,0.0,2262.0,2210.10009765625,2236.800048828125,0.0,1409245
2020-02-25,1998.032470703125,2233.60009765625,0.0,2279.699951171875,2225.75,2239.89990234375,0.0,2237493
2020-02-26,2000.3585205078125,2236.199951171875,0.0,2255.699951171875,2202.35009765625,2238.800048828125,0.0,2896154
2020-02-27,2017.131591796875,2254.949951171875,0.0,2259.699951171875,2200.0,2241.949951171875,0.0,2446802
2020-02-28,1945.389404296875,2174.75,0.0,2229.39990234375,2155.0,2191.10009765625,0.0,3837330
2020-03-02,1931.7027587890625,2159.449951171875,0.0,2241.949951171875,2141.85009765625,2190.0,0.0,1707337
2020-03-03,1938.1434326171875,2166.64990234375,0.0,2189.60009765625,2141.699951171875,2171.89990234375,0.0,1753148
2020-03-04,1946.3731689453125,2175.85009765625,0.0,2185.050048828125,2152.0,2179.0,0.0,1515878
2020-03-05,1984.07861328125,2218.0,0.0,2258.64990234375,2181.85009765625,2185.0,0.0,2272645
2020-03-06,1958.0469970703125,2188.89990234375,0.0,2250.0,2159.25,2185.0,0.0,2479414
2020-03-09,1897.75537109375,2121.5,0.0,2169.60009765625,2112.0,2140.0,0.0,2485118
2020-03-11,1927.72216796875,2155.0,0.0,2169.449951171875,2066.0,2066.0,0.0,2861629
2020-03-12,1839.1185302734375,2055.949951171875,0.0,2123.0,2031.6500244140625,2102.39990234375,0.0,3655780
2020-03-13,1818.7679443359375,2033.199951171875,0.0,2120.0,1888.0999755859375,1970.0,0.0,3667035
2020-03-16,1737.0968017578125,1941.9000244140625,0.0,2039.199951171875,1933.9000244140625,2000.0,0.0,2948679
2020-03-17,1792.6922607421875,2004.050048828125,0.0,2088.0,1951.949951171875,1955.550048828125,0.0,3732382
2020-03-18,1720.9058837890625,1923.800048828125,0.0,2063.800048828125,1909.3499755859375,2034.050048828125,0.0,3910994
2020-03-19,1644.4232177734375,1838.300048828125,0.0,1899.0,1757.300048828125,1894.300048828125,0.0,5095006
2020-03-20,1835.3167724609375,2051.699951171875,0.0,2078.89990234375,1850.0,1850.0,0.0,4252245
2020-03-23,1672.5113525390625,1869.699951171875,0.0,1985.050048828125,1850.0,1950.0,0.0,3574673
2020-03-24,1813.9822998046875,2027.8499755859375,0.0,2070.949951171875,1930.0,1975.0,0.0,5788124
2020-03-25,1867.9224853515625,2088.14990234375,0.0,2138.949951171875,2001.6500244140625,2010.050048828125,0.0,3959038
2020-03-26,1963.4139404296875,2194.89990234375,0.0,2250.0,2060.0,2089.0,0.0,3201540
2020-03-27,1914.79638671875,2140.550048828125,0.0,2267.64990234375,2120.5,2239.0,0.0,2918646
2020-03-30,1953.9769287109375,2184.35009765625,0.0,2213.0,2102.85009765625,2123.0,0.0,2809606
2020-03-31,2056.087646484375,2298.5,0.0,2313.0,2185.0,2234.800048828125,0.0,2809269
2020-04-01,1949.7724609375,2179.64990234375,0.0,2324.89990234375,2158.050048828125,2293.199951171875,0.0,2774626
2020-04-03,1926.9169921875,2154.10009765625,0.0,2254.10009765625,2127.949951171875,2234.0,0.0,4121436
2020-04-07,2187.0478515625,2444.89990234375,0.0,2460.0,2220.0,2220.0,0.0,8510114
2020-04-08,2201.31591796875,2460.85009765625,0.0,2614.300048828125,2417.39990234375,2432.0,0.0,9791862
2020-04-09,2122.060302734375,2372.25,0.0,2500.0,2345.0,2499.949951171875,0.0,4770068
2020-04-13,2098.98046875,2346.449951171875,0.0,2423.0,2315.0,2381.0,0.0,3249551
2020-04-15,2225.2001953125,2487.550048828125,0.0,2516.60009765625,2381.5,2425.949951171875,0.0,29485531
2020-04-16,2179.17626953125,2436.10009765625,0.0,2526.14990234375,2421.10009765625,2466.0,0.0,5388243
2020-04-17,2133.46533203125,2385.0,0.0,2498.800048828125,2354.050048828125,2498.800048828125,0.0,4540936
2020-04-20,2090.124755859375,2336.550048828125,0.0,2420.0,2321.0,2420.0,0.0,2985268
2020-04-21,2072.9951171875,2317.39990234375,0.0,2378.0,2282.0,2283.0,0.0,3227335
2020-04-22,2134.49365234375,2386.14990234375,0.0,2399.949951171875,2275.64990234375,2317.949951171875,0.0,2837815
2020-04-23,2073.084228515625,2317.5,0.0,2413.0,2308.050048828125,2389.0,0.0,4095570
2020-04-24,2042.3123779296875,2283.10009765625,0.0,2338.0,2280.0,2311.0,0.0,2169013
2020-04-27,2075.72314453125,2320.449951171875,0.0,2329.39990234375,2283.25,2305.0,0.0,2013715
2020-04-28,2048.43994140625,2289.949951171875,0.0,2338.64990234375,2267.0,2338.64990234375,0.0,2164023
2020-04-29,1996.377685546875,2231.75,0.0,2291.699951171875,2221.0,2290.0,0.0,3642151
2020-04-30,1963.50390625,2195.0,0.0,2272.0,2160.0,2272.0,0.0,8448047
2020-05-04,1863.0025634765625,2082.64990234375,0.0,2160.0,2066.0,2130.0,0.0,8474573
2020-05-05,1826.1925048828125,2041.5,0.0,2121.0,2033.0999755859375,2101.199951171875,0.0,4304136
2020-05-06,1798.1934814453125,2010.199951171875,0.0,2073.0,2000.0,2049.949951171875,0.0,5127656
2020-05-07,1781.9580078125,1992.050048828125,0.0,2007.0,1902.0,1950.0999755859375,0.0,185669922
2020-05-08,1869.08544921875,2089.449951171875,0.0,2098.0,2036.0,2074.949951171875,0.0,16100226
2020-05-11,1832.0069580078125,2048.0,0.0,2116.550048828125,2035.949951171875,2083.0,0.0,11158755
2020-05-12,1799.4013671875,2011.550048828125,0.0,2027.8499755859375,1985.0,2020.0,0.0,14881008
2020-05-13,1785.2674560546875,1995.75,0.0,2075.0,1975.4000244140625,2075.0,0.0,8432979
2020-05-14,1794.4813232421875,2006.050048828125,0.0,2026.550048828125,1980.6500244140625,1988.0,0.0,8510002
2020-05-15,1817.7840576171875,2032.0999755859375,0.0,2037.6500244140625,2006.0,2015.0,0.0,5491136
2020-05-18,1793.765625,2005.25,0.0,2047.8499755859375,1988.5999755859375,2041.5,0.0,7675561
2020-05-19,1767.197998046875,1975.550048828125,0.0,2024.800048828125,1968.0999755859375,2018.0,0.0,5963193
2020-05-20,1780.8843994140625,1990.8499755859375,0.0,2010.0,1975.0,1975.550048828125,0.0,3926496
2020-05-21,1763.0384521484375,1970.9000244140625,0.0,2003.4000244140625,1955.199951171875,1999.0,0.0,4261625
2020-05-22,1778.245361328125,1987.9000244140625,0.0,1995.050048828125,1958.0,1975.0,0.0,5339946
2020-05-26,1769.2109375,1977.800048828125,0.0,2020.0,1975.0,2004.949951171875,0.0,4628932
2020-05-27,1787.3695068359375,1998.0999755859375,0.0,2005.0999755859375,1961.0,1990.0,0.0,4261645
2020-05-28,1797.969970703125,2009.949951171875,0.0,2015.0,1990.0,2000.0,0.0,5500796
2020-05-29,1840.370849609375,2057.35009765625,0.0,2068.0,2000.0,2009.0,0.0,8778345
2020-06-01,1886.1710205078125,2108.550048828125,0.0,2143.0,2071.199951171875,2075.0,0.0,6592547
2020-06-02,1885.1419677734375,2107.39990234375,0.0,2125.0,2090.0,2122.0,0.0,3268728
2020-06-03,1896.8607177734375,2120.5,0.0,2149.0,2085.0,2115.0,0.0,4895117
2020-06-04,1896.9503173828125,2120.60009765625,0.0,2132.39990234375,2105.25,2115.0,0.0,3264730
2020-06-05,1867.4307861328125,2087.60009765625,0.0,2128.0,2085.0,2124.0,0.0,2981853
2020-06-08,1888.9886474609375,2111.699951171875,0.0,2124.5,2078.10009765625,2107.0,0.0,4298456
2020-06-09,1884.3372802734375,2106.5,0.0,2144.800048828125,2095.050048828125,2100.0,0.0,3127904
2020-06-10,1896.055908203125,2119.60009765625,0.0,2130.0,2096.0,2115.89990234375,0.0,2421659
2020-06-11,1884.6949462890625,2106.89990234375,0.0,2138.199951171875,2095.64990234375,2115.0,0.0,2566927
2020-06-12,1885.0081787109375,2107.25,0.0,2119.0,2065.0,2065.25,0.0,2338438
2020-06-15,1864.478759765625,2084.300048828125,0.0,2131.699951171875,2056.800048828125,2114.85009765625,0.0,2830788
2020-06-16,1857.3673095703125,2076.35009765625,0.0,2120.0,2057.0,2109.800048828125,0.0,2806772
2020-06-17,1859.06689453125,2078.25,0.0,2099.0,2062.300048828125,2076.0,0.0,2293301
2020-06-18,1847.5272216796875,2065.35009765625,0.0,2084.85009765625,2054.050048828125,2070.25,0.0,2326907
2020-06-19,1884.8133544921875,2092.75,14.0,2100.0,2057.0,2079.0,0.0,4673528
2020-06-22,1892.0635986328125,2100.800048828125,0.0,2118.89990234375,2087.0,2110.0,0.0,2487234
2020-06-23,1941.734375,2155.949951171875,0.0,2172.0,2101.60009765625,2115.0,0.0,4308814
2020-06-24,1918.6326904296875,2130.300048828125,0.0,2176.89990234375,2125.0,2172.0,0.0,3023015
2020-06-25,1957.22509765625,2173.14990234375,0.0,2189.89990234375,2112.0,2114.300048828125,0.0,8208033
2020-06-26,1940.158203125,2154.199951171875,0.0,2179.949951171875,2138.10009765625,2179.949951171875,0.0,3176048
2020-06-29,1966.0516357421875,2182.949951171875,0.0,2195.89990234375,2140.0,2151.35009765625,0.0,3295039
2020-06-30,1963.3944091796875,2180.0,0.0,2199.949951171875,2170.0,2193.800048828125,0.0,2373109
2020-07-01,1954.74853515625,2170.39990234375,0.0,2191.800048828125,2160.10009765625,2183.0,0.0,1532931
2020-07-02,1937.9515380859375,2151.75,0.0,2177.64990234375,2145.0,2167.75,0.0,2588838
2020-07-03,1957.7205810546875,2173.699951171875,0.0,2188.0,2156.35009765625,2165.5,0.0,1946252
2020-07-06,1946.82275390625,2161.60009765625,0.0,2180.0,2153.0,2180.0,0.0,2375516
2020-07-07,1940.112548828125,2154.14990234375,0.0,2175.5,2151.64990234375,2175.5,0.0,2014667
2020-07-08,1968.8431396484375,2186.050048828125,0.0,2194.0,2125.0,2153.60009765625,0.0,3349938
2020-07-09,1959.65673828125,2175.85009765625,0.0,2219.949951171875,2171.050048828125,2183.0,0.0,3039571
2020-07-10,2002.8428955078125,2223.800048828125,0.0,2232.0,2167.449951171875,2170.0,0.0,3179516
2020-07-13,2040.17431640625,2265.25,0.0,2275.0,2235.0,2239.0,0.0,4556662
2020-07-14,2012.70458984375,2234.75,0.0,2269.949951171875,2226.60009765625,2264.800048828125,0.0,2403256
2020-07-15,2049.090576171875,2275.14990234375,0.0,2291.0,2235.050048828125,2237.25,0.0,2474512
2020-07-16,2060.52880859375,2287.85009765625,0.0,2291.300048828125,2238.0,2275.25,0.0,2495150
2020-07-17,2102.58837890625,2334.550048828125,0.0,2340.0,2281.0,2285.0,0.0,3088712
2020-07-20,2099.34619140625,2330.949951171875,0.0,2343.300048828125,2300.60009765625,2334.550048828125,0.0,2816219
2020-07-21,2087.682861328125,2318.0,0.0,2350.0,2308.0,2348.0,0.0,3037810
2020-07-22,2025.0880126953125,2248.5,0.0,2330.0,2241.25,2330.0,0.0,6950011
2020-07-23,1991.6295166015625,2211.35009765625,0.0,2267.14990234375,2205.550048828125,2260.0,0.0,3936886
2020-07-24,1989.783203125,2209.300048828125,0.0,2220.0,2168.050048828125,2200.0,0.0,4203314
2020-07-27,2000.771484375,2221.5,0.0,2235.949951171875,2184.75,2217.75,0.0,2209409
2020-07-28,2019.7293701171875,2242.550048828125,0.0,2244.89990234375,2211.050048828125,2230.949951171875,0.0,1567837
2020-07-29,2009.5977783203125,2231.300048828125,0.0,2262.199951171875,2215.0,2235.0,0.0,2404978
2020-07-30,1985.89990234375,2195.60009765625,9.5,2238.050048828125,2190.10009765625,2231.300048828125,0.0,2044966
2020-07-31,1998.8338623046875,2209.89990234375,0.0,2221.949951171875,2178.0,2197.5,0.0,1715659
2020-08-03,1993.949462890625,2204.5,0.0,2223.050048828125,2188.550048828125,2209.800048828125,0.0,1683773
2020-08-04,1987.8896484375,2197.800048828125,0.0,2218.89990234375,2175.10009765625,2209.89990234375,0.0,1981720
2020-08-05,1984.9500732421875,2194.550048828125,0.0,2209.89990234375,2181.050048828125,2202.0,0.0,1715477
2020-08-06,2008.3763427734375,2220.449951171875,0.0,2229.0,2192.050048828125,2200.0,0.0,1824483
2020-08-07,1999.4217529296875,2210.550048828125,0.0,2234.800048828125,2205.0,2223.0,0.0,1777905
2020-08-10,1995.984619140625,2206.75,0.0,2226.75,2198.800048828125,2218.0,0.0,1476289
2020-08-11,1999.5125732421875,2210.64990234375,0.0,2233.0,2206.0,2209.050048828125,0.0,1665204
2020-08-12,1985.44775390625,2195.10009765625,0.0,2209.050048828125,2190.0,2200.050048828125,0.0,1170430
2020-08-13,1988.6578369140625,2198.64990234375,0.0,2217.0,2190.949951171875,2200.0,0.0,1453227
2020-08-14,1966.272216796875,2173.89990234375,0.0,2216.0,2165.050048828125,2204.0,0.0,1341664
2020-08-17,1986.306640625,2196.050048828125,0.0,2203.64990234375,2168.39990234375,2181.0,0.0,1559579
2020-08-18,2002.8590087890625,2214.35009765625,0.0,2216.800048828125,2189.0,2204.0,0.0,1339001
2020-08-19,1984.0909423828125,2193.60009765625,0.0,2221.5,2190.0,2206.0,0.0,1585107
2020-08-20,1976.9453125,2185.699951171875,0.0,2197.800048828125,2176.14990234375,2186.0,0.0,1768939
2020-08-21,1991.7335205078125,2202.050048828125,0.0,2208.699951171875,2187.449951171875,2199.0,0.0,1374411
2020-08-24,1984.8145751953125,2194.39990234375,0.0,2211.64990234375,2191.199951171875,2206.0,0.0,1665474
2020-08-25,1970.9757080078125,2179.10009765625,0.0,2197.89990234375,2175.0,2194.39990234375,0.0,1774886
2020-08-26,1974.3221435546875,2182.800048828125,0.0,2186.0,2160.0,2182.10009765625,0.0,2148146
2020-08-27,1963.8751220703125,2171.25,0.0,2188.0,2165.0,2182.10009765625,0.0,2172203
2020-08-28,1946.41845703125,2151.949951171875,0.0,2182.39990234375,2145.0,2179.0,0.0,1939520
2020-08-31,1915.1236572265625,2117.35009765625,0.0,2167.5,2100.64990234375,2152.0,0.0,3534275
2020-09-01,1955.1922607421875,2161.64990234375,0.0,2174.89990234375,2111.75,2149.949951171875,0.0,1738003
2020-09-02,1937.1024169921875,2141.64990234375,0.0,2185.0,2136.550048828125,2171.0,0.0,1667810
2020-09-03,1934.84130859375,2139.14990234375,0.0,2154.449951171875,2128.050048828125,2153.0,0.0,1590711
2020-09-04,1921.7261962890625,2124.64990234375,0.0,2140.89990234375,2114.0,2115.0,0.0,1590491
2020-09-07,1956.0516357421875,2162.60009765625,0.0,2174.0,2103.75,2126.0,0.0,2362992
2020-09-08,1937.6455078125,2142.25,0.0,2171.35009765625,2131.14990234375,2154.0,0.0,1804209
2020-09-09,1928.6005859375,2132.25,0.0,2144.199951171875,2110.0,2122.0,0.0,2009898
2020-09-10,1930.0926513671875,2133.89990234375,0.0,2143.60009765625,2118.199951171875,2142.0,0.0,2137794
2020-09-11,1953.02197265625,2159.25,0.0,2169.0,2124.5,2125.0,0.0,1934110
2020-09-14,1920.6861572265625,2123.5,0.0,2169.699951171875,2115.0,2167.0,0.0,2096908
2020-09-15,1921.5450439453125,2124.449951171875,0.0,2137.0,2109.0,2136.89990234375,0.0,1224058
2020-09-16,1938.7757568359375,2143.5,0.0,2158.949951171875,2112.699951171875,2125.0,0.0,2087841
2020-09-17,1924.93701171875,2128.199951171875,0.0,2145.050048828125,2122.25,2135.0,0.0,1741644
2020-09-18,1898.25439453125,2098.699951171875,0.0,2127.550048828125,2090.0,2120.0,0.0,4475166
2020-09-21,1843.171142578125,2037.800048828125,0.0,2099.0,2022.0999755859375,2098.699951171875,0.0,3483963
2020-09-22,1833.2216796875,2026.800048828125,0.0,2054.75,2000.050048828125,2040.550048828125,0.0,2345687
2020-09-23,1856.5125732421875,2052.550048828125,0.0,2060.0,2025.8499755859375,2035.0,0.0,2410295
2020-09-24,1864.064697265625,2060.89990234375,0.0,2081.0,2035.050048828125,2044.0,0.0,3798089
2020-09-25,1880.4810791015625,2079.050048828125,0.0,2111.0,2070.85009765625,2082.0,0.0,2528873
2020-09-28,1866.2357177734375,2063.300048828125,0.0,2092.35009765625,2060.0,2083.0,0.0,1523704
2020-09-29,1839.010498046875,2033.199951171875,0.0,2069.25,2024.75,2065.0,0.0,2298844
2020-09-30,1870.712890625,2068.25,0.0,2097.0,2034.0,2038.949951171875,0.0,2417367
2020-10-01,1894.9080810546875,2095.0,0.0,2108.89990234375,2070.0,2090.0,0.0,2131531
2020-10-05,1909.4249267578125,2111.050048828125,0.0,2123.300048828125,2082.199951171875,2100.0,0.0,1646110
2020-10-06,1913.8118896484375,2115.89990234375,0.0,2140.0,2108.050048828125,2119.0,0.0,1679499
2020-10-07,1935.0223388671875,2139.35009765625,0.0,2150.0,2113.0,2123.0,0.0,2428544
2020-10-08,1954.42333984375,2160.800048828125,0.0,2165.0,2146.25,2147.0,0.0,1617365
2020-10-09,1935.293212890625,2139.64990234375,0.0,2166.949951171875,2121.10009765625,2150.0,0.0,2001026
2020-10-12,1934.162841796875,2138.39990234375,0.0,2147.60009765625,2123.300048828125,2145.199951171875,0.0,1741166
2020-10-13,1933.9818115234375,2138.199951171875,0.0,2153.25,2128.0,2137.949951171875,0.0,1679160
2020-10-14,1952.0263671875,2158.14990234375,0.0,2165.0,2131.0,2132.60009765625,0.0,2123033
2020-10-15,1946.96142578125,2152.550048828125,0.0,2179.699951171875,2141.050048828125,2160.0,0.0,2344437
2020-10-16,1945.15234375,2150.550048828125,0.0,2171.89990234375,2144.050048828125,2171.89990234375,0.0,1640399
2020-10-19,1969.799560546875,2177.800048828125,0.0,2185.0,2152.10009765625,2153.550048828125,0.0,1605969
2020-10-20,1965.548828125,2173.10009765625,0.0,2208.5,2132.550048828125,2182.10009765625,0.0,5855290
2020-10-21,1956.549072265625,2163.14990234375,0.0,2196.75,2136.0,2190.0,0.0,3954242
2020-10-22,1971.2017822265625,2179.35009765625,0.0,2187.25,2153.199951171875,2160.0,0.0,2632958
2020-10-23,1939.092529296875,2143.85009765625,0.0,2188.89990234375,2140.0,2188.89990234375,0.0,2805684
2020-10-26,1959.8052978515625,2166.75,0.0,2172.0,2142.300048828125,2150.0,0.0,1646050
2020-10-27,1968.8048095703125,2176.699951171875,0.0,2189.0,2152.449951171875,2157.0,0.0,2334808
2020-10-28,1970.306884765625,2164.35009765625,14.0,2183.949951171875,2144.10009765625,2183.949951171875,0.0,1555483
2020-10-29,1931.844970703125,2122.10009765625,0.0,2160.0,2116.0,2142.0,0.0,1934367
2020-10-30,1885.5994873046875,2071.300048828125,0.0,2120.0,2068.0,2118.199951171875,0.0,2414313
2020-11-02,1886.2364501953125,2072.0,0.0,2087.64990234375,2056.0,2072.0,0.0,1486077
2020-11-03,1871.3978271484375,2055.699951171875,0.0,2091.800048828125,2043.0,2091.800048828125,0.0,2227402
2020-11-04,1875.35791015625,2060.050048828125,0.0,2085.0,2049.949951171875,2050.0,0.0,1479878
2020-11-05,1913.865478515625,2102.35009765625,0.0,2112.0,2061.300048828125,2087.0,0.0,2083827
2020-11-06,1906.4007568359375,2094.14990234375,0.0,2123.949951171875,2086.0,2105.0,0.0,2127821
2020-11-09,1941.358154296875,2132.550048828125,0.0,2137.64990234375,2108.050048828125,2120.0,0.0,2194404
2020-11-10,1945.044677734375,2136.60009765625,0.0,2144.199951171875,2092.5,2140.0,0.0,2471703
2020-11-11,1940.083251953125,2131.14990234375,0.0,2138.60009765625,2104.60009765625,2136.60009765625,0.0,2759942
2020-11-12,1995.5692138671875,2192.10009765625,0.0,2204.0,2123.25,2129.0,0.0,3010512
2020-11-13,1989.42431640625,2185.35009765625,0.0,2218.39990234375,2178.25,2205.0,0.0,2799165
2020-11-14,1991.5633544921875,2187.699951171875,0.0,2197.0,2182.0,2197.0,0.0,258276
2020-11-17,1982.3695068359375,2177.60009765625,0.0,2220.35009765625,2172.0,2220.35009765625,0.0,2733542
2020-11-18,1940.9483642578125,2132.10009765625,0.0,2170.0,2125.89990234375,2170.0,0.0,3315051
2020-11-19,1939.718994140625,2130.75,0.0,2147.39990234375,2114.5,2125.800048828125,0.0,2704650
2020-11-20,1930.16064453125,2120.25,0.0,2142.0,2100.5,2135.0,0.0,2827038
2020-11-23,1938.490478515625,2129.39990234375,0.0,2140.0,2095.0,2140.0,0.0,3244576
2020-11-24,1963.9344482421875,2157.35009765625,0.0,2161.0,2122.39990234375,2132.0,0.0,1989749
2020-11-25,1944.36181640625,2135.85009765625,0.0,2171.0,2128.0,2162.0,0.0,1786536
2020-11-26,1961.0665283203125,2154.199951171875,0.0,2162.0,2122.550048828125,2140.0,0.0,1630887
2020-11-27,1946.5013427734375,2138.199951171875,0.0,2167.5,2126.0,2167.0,0.0,5687861
2020-12-01,1941.8133544921875,2133.050048828125,0.0,2159.0,2129.60009765625,2159.0,0.0,2226742
2020-12-02,1947.5030517578125,2139.300048828125,0.0,2149.89990234375,2122.10009765625,2145.0,0.0,1634682
2020-12-03,1936.9881591796875,2127.75,0.0,2156.39990234375,2120.10009765625,2153.0,0.0,3469163
2020-12-04,1988.3770751953125,2184.199951171875,0.0,2195.39990234375,2133.60009765625,2141.0,0.0,3712143
2020-12-07,2053.876708984375,2256.14990234375,0.0,2259.60009765625,2187.0,2189.25,0.0,4147649
2020-12-08,2057.38134765625,2260.0,0.0,2278.199951171875,2240.14990234375,2259.5,0.0,2768211
2020-12-09,2086.694580078125,2292.199951171875,0.0,2296.0,2243.25,2260.0,0.0,2123890
2020-12-10,2139.721923828125,2350.449951171875,0.0,2357.89990234375,2275.050048828125,2290.0,0.0,3041370
2020-12-11,2161.84375,2374.75,0.0,2385.0,2333.0,2366.25,0.0,2611218
2020-12-14,2158.202392578125,2370.75,0.0,2391.39990234375,2356.14990234375,2380.949951171875,0.0,1575632
2020-12-15,2112.0478515625,2320.050048828125,0.0,2363.949951171875,2307.300048828125,2361.0,0.0,2207176
2020-12-16,2133.80517578125,2343.949951171875,0.0,2354.89990234375,2303.0,2317.10009765625,0.0,1748634
2020-12-17,2107.723876953125,2315.300048828125,0.0,2342.0,2310.0,2342.0,0.0,1912868
2020-12-18,2124.24609375,2333.449951171875,0.0,2343.89990234375,2312.0,2322.0,0.0,2229891
2020-12-21,2099.2119140625,2305.949951171875,0.0,2350.0,2265.10009765625,2343.0,0.0,2003069
2020-12-22,2103.8095703125,2311.0,0.0,2333.300048828125,2281.0,2310.0,0.0,1764488
2020-12-23,2157.83837890625,2370.35009765625,0.0,2377.300048828125,2303.25,2320.0,0.0,1559556
2020-12-24,2186.8779296875,2402.25,0.0,2410.0,2360.050048828125,2382.5,0.0,2489444
2020-12-28,2174.72509765625,2388.89990234375,0.0,2417.39990234375,2376.050048828125,2405.0,0.0,1532477
2020-12-29,2170.537841796875,2384.300048828125,0.0,2403.0,2354.199951171875,2395.0,0.0,1749013
2020-12-30,2190.838134765625,2406.60009765625,0.0,2414.64990234375,2376.0,2390.0,0.0,1924886
2020-12-31,2180.64208984375,2395.39990234375,0.0,2417.0,2387.0,2396.0,0.0,1709836
2021-01-01,2173.495849609375,2387.550048828125,0.0,2404.0,2382.0,2395.39990234375,0.0,830096
2021-01-04,2208.954345703125,2426.5,0.0,2430.0,2400.699951171875,2405.0,0.0,1614486
2021-01-05,2230.847900390625,2450.550048828125,0.0,2456.949951171875,2405.0,2405.0,0.0,2356303
2021-01-06,2200.5791015625,2417.300048828125,0.0,2450.0,2401.60009765625,2445.800048828125,0.0,1641627
2021-01-07,2156.47265625,2368.85009765625,0.0,2432.699951171875,2365.0,2432.0,0.0,2403881
2021-01-08,2176.81884765625,2391.199951171875,0.0,2400.0,2360.800048828125,2390.0,0.0,2797948
2021-01-11,2211.32080078125,2429.10009765625,0.0,2441.949951171875,2402.10009765625,2425.0,0.0,2787672
2021-01-12,2162.89013671875,2375.89990234375,0.0,2433.10009765625,2372.0,2429.800048828125,0.0,2036708
2021-01-13,2159.65869140625,2372.35009765625,0.0,2398.0,2364.60009765625,2381.89990234375,0.0,1702740
2021-01-14,2183.510009765625,2398.550048828125,0.0,2406.0,2351.14990234375,2366.0,0.0,2120413
2021-01-15,2140.359619140625,2351.14990234375,0.0,2407.0,2342.800048828125,2392.5,0.0,2042957
2021-01-18,2123.47265625,2332.60009765625,0.0,2374.5,2320.64990234375,2374.5,0.0,1733797
2021-01-19,2151.28369140625,2363.14990234375,0.0,2382.10009765625,2323.25,2342.0,0.0,1495269
2021-01-20,2144.7294921875,2355.949951171875,0.0,2373.949951171875,2346.300048828125,2357.0,0.0,1380562
2021-01-21,2155.38037109375,2367.64990234375,0.0,2399.89990234375,2350.0,2376.0,0.0,1521133
2021-01-22,2193.341796875,2409.35009765625,0.0,2422.0,2357.0,2359.0,0.0,2548089
2021-01-25,2184.465576171875,2399.60009765625,0.0,2432.35009765625,2385.0,2420.0,0.0,2124424
2021-01-27,2176.909912109375,2391.300048828125,0.0,2425.0,2335.0,2425.0,0.0,2460297
2021-01-28,2094.159912109375,2300.39990234375,0.0,2411.550048828125,2290.0,2367.89990234375,0.0,3867335
2021-01-29,2060.931396484375,2263.89990234375,0.0,2322.300048828125,2251.0,2315.10009765625,0.0,4472694
2021-02-01,2047.0037841796875,2248.60009765625,0.0,2285.0,2226.199951171875,2276.64990234375,0.0,2717591
2021-02-02,2030.4810791015625,2230.449951171875,0.0,2275.0,2205.0,2271.050048828125,0.0,4215607
2021-02-03,2032.6658935546875,2232.85009765625,0.0,2257.0,2217.60009765625,2231.5,0.0,2353429
2021-02-04,2044.2724609375,2245.60009765625,0.0,2259.0,2226.199951171875,2239.0,0.0,2908003
2021-02-05,2066.075439453125,2269.550048828125,0.0,2285.0,2241.0,2245.60009765625,0.0,4036942
2021-02-08,2036.1248779296875,2236.64990234375,0.0,2288.699951171875,2230.300048828125,2288.0,0.0,2780672
2021-02-09,2017.553955078125,2216.25,0.0,2254.699951171875,2210.5,2247.0,0.0,3131481
2021-02-10,2035.078369140625,2235.5,0.0,2241.0,2212.75,2220.0,0.0,2055520
2021-02-11,2060.1123046875,2263.0,0.0,2268.0,2234.050048828125,2242.0,0.0,1824480
2021-02-12,2040.5860595703125,2241.550048828125,0.0,2272.25,2232.0,2268.0,0.0,1222094
2021-02-15,2016.597900390625,2215.199951171875,0.0,2261.75,2213.0,2251.0,0.0,2449407
2021-02-16,1999.2108154296875,2196.10009765625,0.0,2229.050048828125,2190.050048828125,2227.0,0.0,2396356
2021-02-17,1969.897216796875,2163.89990234375,0.0,2201.550048828125,2160.0,2196.0,0.0,2447956
2021-02-18,1954.376220703125,2146.85009765625,0.0,2168.550048828125,2143.199951171875,2164.0,0.0,3205806
2021-02-19,1985.5556640625,2181.10009765625,0.0,2194.0,2150.0,2152.89990234375,0.0,3364030
2021-02-22,1973.2652587890625,2167.60009765625,0.0,2205.0,2161.60009765625,2205.0,0.0,2678023
2021-02-23,1983.8709716796875,2179.25,0.0,2192.35009765625,2170.199951171875,2185.0,0.0,2062144
2021-02-24,1983.5069580078125,2178.85009765625,0.0,2188.5,2155.550048828125,2188.5,0.0,924143
2021-02-25,1969.35107421875,2163.300048828125,0.0,2185.0,2160.0,2177.0,0.0,2099460
2021-02-26,1940.90283203125,2132.050048828125,0.0,2182.39990234375,2120.0,2158.0,0.0,3413194
2021-03-01,1951.2349853515625,2143.39990234375,0.0,2154.0,2128.0,2135.199951171875,0.0,1229276
2021-03-02,1982.68798828125,2177.949951171875,0.0,2183.89990234375,2140.550048828125,2162.0,0.0,2095135
2021-03-03,1996.8433837890625,2193.5,0.0,2205.0,2173.5,2205.0,0.0,2031893
2021-03-04,1999.9384765625,2196.89990234375,0.0,2203.5,2174.0,2185.0,0.0,2290915
2021-03-05,2003.7620849609375,2201.10009765625,0.0,2209.949951171875,2175.25,2184.60009765625,0.0,2129837
2021-03-08,1979.5926513671875,2174.550048828125,0.0,2216.10009765625,2169.0,2210.0,0.0,1440724
2021-03-09,2001.3955078125,2198.5,0.0,2205.0,2162.050048828125,2176.0,0.0,1711842
2021-03-10,2028.1138916015625,2227.85009765625,0.0,2236.89990234375,2193.199951171875,2210.5,0.0,2696085
2021-03-12,2007.0848388671875,2204.75,0.0,2239.89990234375,2200.0,2236.0,0.0,2038930
2021-03-15,2012.637939453125,2210.85009765625,0.0,2217.449951171875,2183.300048828125,2206.10009765625,0.0,1632022
2021-03-16,2042.861572265625,2244.050048828125,0.0,2247.5,2214.300048828125,2221.35009765625,0.0,2633605
2021-03-17,2026.703369140625,2226.300048828125,0.0,2262.0,2219.25,2254.0,0.0,3703365
2021-03-18,2016.597900390625,2215.199951171875,0.0,2249.89990234375,2205.0,2238.0,0.0,2597091
2021-03-19,2104.76513671875,2312.050048828125,0.0,2325.25,2191.5,2204.10009765625,0.0,5382214
2021-03-22,2142.2255859375,2353.199951171875,0.0,2356.5,2302.0,2310.10009765625,0.0,2471516
2021-03-23,2127.7509765625,2337.300048828125,0.0,2372.949951171875,2333.39990234375,2363.0,0.0,1970612
2021-03-24,2110.727294921875,2318.60009765625,0.0,2350.89990234375,2315.550048828125,2337.300048828125,0.0,1762743
2021-03-25,2036.4891357421875,2237.050048828125,0.0,2322.0,2231.050048828125,2318.60009765625,0.0,2495833
2021-03-26,2110.090087890625,2317.89990234375,0.0,2325.0,2248.800048828125,2255.0,0.0,1929236
2021-03-30,2183.69189453125,2398.75,0.0,2406.0,2325.0,2325.0,0.0,3327203
2021-03-31,2213.505615234375,2431.5,0.0,2438.60009765625,2381.64990234375,2386.0,0.0,2709756
2021-04-01,2184.010498046875,2399.10009765625,0.0,2446.800048828125,2392.050048828125,2446.800048828125,0.0,1532653
2021-04-05,2160.4326171875,2373.199951171875,0.0,2417.199951171875,2346.5,2400.0,0.0,2545447
2021-04-06,2192.385986328125,2408.300048828125,0.0,2411.0,2377.35009765625,2382.300048828125,0.0,3683538
2021-04-07,2189.609375,2405.25,0.0,2435.0,2387.35009765625,2417.0,0.0,1713970
2021-04-08,2193.8427734375,2409.89990234375,0.0,2439.0,2395.60009765625,2406.0,0.0,1814515
2021-04-09,2254.016357421875,2476.0,0.0,2483.0,2424.0,2424.0,0.0,2604858
2021-04-12,2241.271728515625,2462.0,0.0,2488.25,2437.60009765625,2441.5,0.0,2261945
2021-04-13,2234.352783203125,2454.39990234375,0.0,2505.89990234375,2448.800048828125,2470.0,0.0,1811781
2021-04-15,2240.04248046875,2460.64990234375,0.0,2497.0,2421.10009765625,2497.0,0.0,3352379
2021-04-16,2238.448974609375,2458.89990234375,0.0,2478.949951171875,2440.0,2469.89990234375,0.0,1225517
2021-04-19,2218.19384765625,2436.64990234375,0.0,2459.699951171875,2414.050048828125,2440.0,0.0,1746316
2021-04-20,2182.508544921875,2397.449951171875,0.0,2456.0,2383.800048828125,2456.0,0.0,1589508
2021-04-22,2138.7666015625,2349.39990234375,0.0,2390.0,2332.0,2390.0,0.0,1721265
2021-04-23,2100.850341796875,2307.75,0.0,2350.0,2300.0,2340.0,0.0,1949756
2021-04-26,2149.0078125,2360.64990234375,0.0,2369.800048828125,2311.0,2324.0,0.0,1946867
2021-04-27,2166.486328125,2379.85009765625,0.0,2386.449951171875,2352.949951171875,2363.0,0.0,1668456
2021-04-28,2190.792724609375,2406.550048828125,0.0,2445.0,2366.300048828125,2380.0,0.0,1951215
2021-04-29,2191.7490234375,2407.60009765625,0.0,2448.949951171875,2384.14990234375,2433.0,0.0,3151150
2021-04-30,2142.7265625,2353.75,0.0,2442.89990234375,2330.25,2410.0,0.0,4010778
2021-05-03,2192.11279296875,2408.0,0.0,2415.0,2340.0,2343.0,0.0,1692239
2021-05-04,2191.7939453125,2407.64990234375,0.0,2418.199951171875,2372.199951171875,2409.199951171875,0.0,1453111
2021-05-05,2179.95947265625,2394.64990234375,0.0,2434.0,2368.64990234375,2434.0,0.0,1256857
2021-05-06,2175.726318359375,2390.0,0.0,2416.550048828125,2377.050048828125,2400.0,0.0,1377740
2021-05-07,2195.025634765625,2411.199951171875,0.0,2424.0,2397.14990234375,2408.800048828125,0.0,1169518
2021-05-10,2214.780029296875,2432.89990234375,0.0,2446.949951171875,2416.0,2423.0,0.0,988495
2021-05-11,2186.74169921875,2402.10009765625,0.0,2426.0,2394.25,2425.0,0.0,1019077
2021-05-12,2120.149658203125,2328.949951171875,0.0,2389.0,2325.050048828125,2389.0,0.0,2053932
2021-05-14,2163.755126953125,2376.85009765625,0.0,2382.39990234375,2326.0,2328.89990234375,0.0,1388970
2021-05-17,2163.209228515625,2376.25,0.0,2395.0,2366.5,2385.0,0.0,811243
2021-05-18,2161.388671875,2374.25,0.0,2408.35009765625,2366.949951171875,2402.10009765625,0.0,1153722
2021-05-19,2148.1884765625,2359.75,0.0,2380.0,2344.0,2360.0,0.0,1323590
2021-05-20,2133.987060546875,2344.14990234375,0.0,2362.0,2340.0,2360.0,0.0,856235
2021-05-21,2150.464599609375,2362.25,0.0,2366.14990234375,2340.0,2340.0,0.0,771492
2021-05-24,2127.068603515625,2336.550048828125,0.0,2359.949951171875,2325.25,2355.0,0.0,1194864
2021-05-25,2133.89599609375,2344.050048828125,0.0,2369.800048828125,2338.0,2355.0,0.0,1098457
2021-05-26,2142.9541015625,2354.0,0.0,2370.199951171875,2345.25,2355.75,0.0,811095
2021-05-27,2117.828857421875,2326.39990234375,0.0,2353.0,2322.89990234375,2353.0,0.0,3755182
2021-05-28,2113.5498046875,2321.699951171875,0.0,2350.0,2319.35009765625,2333.35009765625,0.0,1215325
2021-05-31,2130.2548828125,2340.050048828125,0.0,2345.0,2320.14990234375,2325.0,0.0,1178704
2021-06-01,2146.868408203125,2358.300048828125,0.0,2363.0,2330.60009765625,2347.0,0.0,1141451
2021-06-02,2147.32373046875,2358.800048828125,0.0,2373.64990234375,2350.0,2356.0,0.0,1113091
2021-06-03,2151.37451171875,2363.25,0.0,2371.050048828125,2345.0,2369.0,0.0,868532
2021-06-04,2132.075439453125,2342.050048828125,0.0,2370.0,2333.949951171875,2370.0,0.0,1283795
2021-06-07,2129.57177734375,2339.300048828125,0.0,2354.0,2331.0,2354.0,0.0,1128300
2021-06-08,2147.505615234375,2359.0,0.0,2362.0,2335.14990234375,2339.300048828125,0.0,1106664
2021-06-09,2144.77490234375,2356.0,0.0,2371.949951171875,2345.60009765625,2362.0,0.0,1072858
2021-06-10,2165.530517578125,2378.800048828125,0.0,2399.949951171875,2355.25,2364.0,0.0,1944339
2021-06-11,2154.33349609375,2366.5,0.0,2388.550048828125,2360.0,2381.0,0.0,1128097
2021-06-14,2168.178955078125,2364.60009765625,17.0,2375.10009765625,2336.60009765625,2358.39990234375,0.0,1761632
2021-06-15,2193.2568359375,2391.949951171875,0.0,2395.0,2360.0,2360.0,0.0,1215463
2021-06-16,2207.882568359375,2407.89990234375,0.0,2418.85009765625,2383.64990234375,2385.0,0.0,2153668
2021-06-17,2216.8681640625,2417.699951171875,0.0,2425.89990234375,2386.39990234375,2398.0,0.0,1555777
2021-06-18,2276.65234375,2482.89990234375,0.0,2496.699951171875,2405.0,2420.0,0.0,3937751
2021-06-21,2305.48974609375,2514.35009765625,0.0,2529.0,2467.0,2473.949951171875,0.0,2506277
2021-06-22,2283.391845703125,2490.25,0.0,2533.949951171875,2481.64990234375,2518.10009765625,0.0,1945883
2021-06-23,2274.451416015625,2480.5,0.0,2514.0,2458.199951171875,2495.0,0.0,1035668
2021-06-24,2283.300048828125,2490.14990234375,0.0,2504.800048828125,2474.10009765625,2490.0,0.0,759681
2021-06-25,2245.247314453125,2448.64990234375,0.0,2489.949951171875,2445.0,2488.0,0.0,1112942
2021-06-28,2255.837890625,2460.199951171875,0.0,2465.0,2437.300048828125,2450.10009765625,0.0,694906
2021-06-29,2285.500732421875,2492.550048828125,0.0,2497.5,2445.0,2455.0,0.0,1354397
2021-06-30,2266.015625,2471.300048828125,0.0,2505.0,2463.0,2492.550048828125,0.0,1447245
2021-07-01,2272.1591796875,2478.0,0.0,2484.0,2463.0,2484.0,0.0,735043
2021-07-02,2280.686767578125,2487.300048828125,0.0,2492.699951171875,2452.0,2478.0,0.0,860231
2021-07-05,2291.4609375,2499.050048828125,0.0,2513.39990234375,2485.050048828125,2499.0,0.0,761700
2021-07-06,2267.1162109375,2472.5,0.0,2497.949951171875,2469.0,2490.0,0.0,461782
2021-07-07,2275.505615234375,2481.64990234375,0.0,2490.800048828125,2445.85009765625,2458.0,0.0,623145
2021-07-08,2244.23876953125,2447.550048828125,0.0,2469.75,2438.449951171875,2462.199951171875,0.0,1114426
2021-07-09,2247.814697265625,2451.449951171875,0.0,2464.5,2438.449951171875,2440.0,0.0,538094
2021-07-12,2241.12109375,2444.14990234375,0.0,2459.89990234375,2430.0,2453.0,0.0,543898
2021-07-13,2234.289794921875,2436.699951171875,0.0,2455.550048828125,2430.0,2455.0,0.0,994396
2021-07-14,2214.2548828125,2414.85009765625,0.0,2441.35009765625,2409.0,2439.800048828125,0.0,1377829
2021-07-15,2211.962646484375,2412.35009765625,0.0,2425.0,2401.0,2425.0,0.0,693792
2021-07-16,2216.593017578125,2417.39990234375,0.0,2430.0,2406.0,2420.0,0.0,545405
2021-07-19,2208.569580078125,2408.64990234375,0.0,2417.0,2398.5,2400.050048828125,0.0,463873
2021-07-20,2232.63916015625,2434.89990234375,0.0,2460.0,2403.0,2403.0,0.0,1061476
2021-07-22,2180.603271484375,2378.14990234375,0.0,2508.0,2375.5,2450.0,0.0,3546044
2021-07-23,2162.21923828125,2358.10009765625,0.0,2391.75,2354.699951171875,2382.0,0.0,1517589
2021-07-26,2153.599609375,2348.699951171875,0.0,2360.0,2338.0,2357.25,0.0,1311535
2021-07-27,2147.8232421875,2342.39990234375,0.0,2359.449951171875,2332.0,2348.699951171875,0.0,1656945
2021-07-28,2165.244873046875,2361.39990234375,0.0,2368.449951171875,2343.10009765625,2350.0,0.0,912373
2021-07-29,2140.808837890625,2334.75,0.0,2371.39990234375,2330.0,2361.39990234375,0.0,1012663
2021-07-30,2139.479248046875,2333.300048828125,0.0,2356.550048828125,2318.0,2340.0,0.0,1708251
2021-08-02,2139.020751953125,2332.800048828125,0.0,2353.39990234375,2324.60009765625,2342.0,0.0,1229936
2021-08-03,2188.581298828125,2386.85009765625,0.0,2393.0,2326.10009765625,2330.0,0.0,1733476
2021-08-04,2179.640869140625,2377.10009765625,0.0,2394.75,2367.550048828125,2386.85009765625,0.0,1588974
2021-08-05,2161.85205078125,2357.699951171875,0.0,2391.0,2354.0,2391.0,0.0,921757
2021-08-06,2174.505859375,2371.5,0.0,2380.75,2357.5,2357.699951171875,0.0,1432661
2021-08-09,2186.425537109375,2384.5,0.0,2395.0,2374.85009765625,2379.449951171875,0.0,921476
2021-08-10,2183.9501953125,2381.800048828125,0.0,2394.0,2359.10009765625,2394.0,0.0,1061370
2021-08-11,2191.8818359375,2390.449951171875,0.0,2395.0,2362.199951171875,2390.0,0.0,1300594
2021-08-12,2193.57861328125,2392.300048828125,0.0,2413.5,2377.449951171875,2395.0,0.0,1226064
2021-08-13,2204.7646484375,2404.5,0.0,2409.64990234375,2388.0,2401.0,0.0,1033159
2021-08-16,2224.845458984375,2426.39990234375,0.0,2436.85009765625,2392.64990234375,2404.0,0.0,1146309
2021-08-17,2277.477294921875,2483.800048828125,0.0,2487.449951171875,2431.050048828125,2433.0,0.0,1921902
2021-08-18,2279.54052734375,2486.050048828125,0.0,2500.0,2454.0,2485.0,0.0,1545643
2021-08-20,2401.813720703125,2619.39990234375,0.0,2630.0,2476.0,2490.0,0.0,5779927
2021-08-23,2415.33837890625,2634.14990234375,0.0,2672.85009765625,2594.5,2625.0,0.0,2163220
2021-08-24,2414.283935546875,2633.0,0.0,2658.0,2610.0,2634.0,0.0,1482854
2021-08-25,2425.287109375,2645.0,0.0,2666.449951171875,2620.64990234375,2632.0,0.0,1746570
2021-08-26,2444.908935546875,2666.39990234375,0.0,2697.800048828125,2631.0,2631.0,0.0,2117291
2021-08-27,2455.5,2677.949951171875,0.0,2690.0,2651.10009765625,2669.0,0.0,1176229
2021-08-30,2464.43994140625,2687.699951171875,0.0,2705.75,2671.60009765625,2691.60009765625,0.0,1168190
2021-08-31,2497.816650390625,2724.10009765625,0.0,2737.449951171875,2675.64990234375,2687.89990234375,0.0,2535891
2021-09-01,2505.885009765625,2732.89990234375,0.0,2775.0,2715.0,2745.0,0.0,1775792
2021-09-02,2568.37451171875,2801.050048828125,0.0,2810.0,2730.14990234375,2748.0,0.0,1946183
2021-09-03,2536.877685546875,2766.699951171875,0.0,2808.75,2756.0,2802.199951171875,0.0,1561823
2021-09-06,2549.623291015625,2780.60009765625,0.0,2825.0,2775.300048828125,2790.0,0.0,1444978
2021-09-07,2546.96435546875,2777.699951171875,0.0,2808.699951171875,2770.0,2788.60009765625,0.0,1219915
2021-09-08,2568.236328125,2800.89990234375,0.0,2810.0,2765.10009765625,2788.89990234375,0.0,946711
2021-09-09,2577.176513671875,2810.64990234375,0.0,2823.64990234375,2782.0,2782.0,0.0,879454
2021-09-13,2554.895263671875,2786.35009765625,0.0,2822.449951171875,2775.0,2797.5,0.0,1341412
2021-09-14,2533.07275390625,2762.550048828125,0.0,2804.0,2751.050048828125,2802.0,0.0,1755061
2021-09-15,2544.90087890625,2775.449951171875,0.0,2785.0,2749.050048828125,2774.0,0.0,1362350
2021-09-16,2538.298828125,2768.25,0.0,2797.300048828125,2752.0,2752.0,0.0,1259196
2021-09-17,2496.1201171875,2722.25,0.0,2783.0,2699.0,2770.10009765625,0.0,3095032
2021-09-20,2567.732666015625,2800.35009765625,0.0,2809.0,2710.050048828125,2720.0,0.0,2671330
2021-09-21,2578.8271484375,2812.449951171875,0.0,2859.300048828125,2796.64990234375,2810.0,0.0,2277437
2021-09-22,2553.198974609375,2784.5,0.0,2839.89990234375,2774.0,2827.89990234375,0.0,1580594
2021-09-23,2551.18212890625,2782.300048828125,0.0,2817.699951171875,2772.85009765625,2799.0,0.0,1054473
2021-09-24,2518.4931640625,2746.64990234375,0.0,2780.0,2731.39990234375,2770.10009765625,0.0,1635284
2021-09-27,2484.429443359375,2709.5,0.0,2765.0,2704.5,2765.0,0.0,1465932
2021-09-28,2497.58740234375,2723.85009765625,0.0,2754.449951171875,2709.89990234375,2725.0,0.0,1078052
2021-09-29,2462.239501953125,2685.300048828125,0.0,2744.449951171875,2677.0,2714.949951171875,0.0,1503894
2021-09-30,2477.368408203125,2701.800048828125,0.0,2705.300048828125,2681.949951171875,2685.300048828125,0.0,1620199
2021-10-01,2479.431884765625,2704.050048828125,0.0,2712.0,2680.10009765625,2706.0,0.0,956111
2021-10-04,2463.064208984375,2686.199951171875,0.0,2724.0,2679.699951171875,2700.0,0.0,1025005
2021-10-05,2483.649658203125,2708.64990234375,0.0,2714.949951171875,2686.0,2686.199951171875,0.0,562784
2021-10-06,2462.92724609375,2686.050048828125,0.0,2734.0,2676.0,2694.050048828125,0.0,862471
2021-10-07,2447.66015625,2669.39990234375,0.0,2704.25,2666.0,2698.0,0.0,1082816
2021-10-08,2420.748046875,2640.050048828125,0.0,2678.550048828125,2625.39990234375,2670.5,0.0,1579941
2021-10-11,2425.37841796875,2645.10009765625,0.0,2665.5,2635.5,2642.199951171875,0.0,1086252
2021-10-12,2453.84912109375,2676.14990234375,0.0,2688.050048828125,2625.0,2625.0,0.0,1174337
2021-10-13,2426.8916015625,2646.75,0.0,2693.60009765625,2642.60009765625,2688.10009765625,0.0,1660007
2021-10-14,2429.459228515625,2649.550048828125,0.0,2676.75,2620.0,2646.75,0.0,2158809
2021-10-18,2433.539306640625,2654.0,0.0,2678.89990234375,2643.050048828125,2672.800048828125,0.0,1758177
2021-10-19,2335.243896484375,2546.800048828125,0.0,2732.0,2520.5,2669.89990234375,0.0,5431133
2021-10-20,2272.754638671875,2478.64990234375,0.0,2584.0,2470.0,2569.0,0.0,4864654
2021-10-21,2242.58837890625,2445.75,0.0,2505.0,2428.0,2503.39990234375,0.0,3254632
2021-10-22,2250.244873046875,2454.10009765625,0.0,2498.25,2430.0,2459.0,0.0,1845622
2021-10-25,2251.849365234375,2455.85009765625,0.0,2463.550048828125,2410.0,2454.10009765625,0.0,1560381
2021-10-26,2248.158935546875,2436.85009765625,15.0,2468.89990234375,2417.050048828125,2468.89990234375,0.0,1595060
2021-10-27,2211.02587890625,2396.60009765625,0.0,2455.199951171875,2391.14990234375,2455.0,0.0,3083879
2021-10-28,2204.613525390625,2389.64990234375,0.0,2416.0,2368.0,2400.0,0.0,2015791
2021-10-29,2207.842529296875,2393.14990234375,0.0,2402.0,2373.0,2400.0,0.0,2453400
2021-11-01,2220.712646484375,2407.10009765625,0.0,2410.89990234375,2368.25,2393.0,0.0,1941114
2021-11-02,2231.5986328125,2418.89990234375,0.0,2428.0,2402.0,2415.0,0.0,1350154
2021-11-03,2224.63330078125,2411.35009765625,0.0,2434.0,2386.199951171875,2434.0,0.0,1591607
2021-11-04,2235.2431640625,2422.85009765625,0.0,2430.0,2420.0,2429.0,0.0,245719
2021-11-08,2243.59228515625,2431.89990234375,0.0,2449.0,2400.10009765625,2449.0,0.0,2555533
2021-11-09,2242.900146484375,2431.14990234375,0.0,2446.199951171875,2416.449951171875,2439.800048828125,0.0,1696949
2021-11-10,2214.300537109375,2400.14990234375,0.0,2420.0,2396.0,2411.050048828125,0.0,1794509
2021-11-11,2192.205078125,2376.199951171875,0.0,2406.949951171875,2366.199951171875,2402.699951171875,0.0,1282647
2021-11-12,2218.729248046875,2404.949951171875,0.0,2413.60009765625,2376.199951171875,2388.0,0.0,1651974
2021-11-15,2236.995849609375,2424.75,0.0,2430.0,2404.10009765625,2404.10009765625,0.0,1007999
2021-11-16,2220.29736328125,2406.64990234375,0.0,2434.64990234375,2400.10009765625,2434.64990234375,0.0,1245209
2021-11-17,2205.997314453125,2391.14990234375,0.0,2410.050048828125,2387.199951171875,2404.0,0.0,956809
2021-11-18,2213.608642578125,2399.39990234375,0.0,2406.35009765625,2370.0,2390.0,0.0,1236943
2021-11-22,2203.598876953125,2388.550048828125,0.0,2409.89990234375,2377.14990234375,2409.39990234375,0.0,1629290
2021-11-23,2208.8115234375,2394.199951171875,0.0,2400.0,2336.5,2387.800048828125,0.0,1932539
2021-11-24,2190.8671875,2374.75,0.0,2406.0,2367.0,2406.0,0.0,999070
2021-11-25,2167.157470703125,2349.050048828125,0.0,2387.0,2341.0,2387.0,0.0,1363272
2021-11-26,2154.287841796875,2335.10009765625,0.0,2365.0,2325.199951171875,2344.0,0.0,2450902
2021-11-29,2149.029052734375,2329.39990234375,0.0,2342.25,2284.699951171875,2334.39990234375,0.0,1724612
2021-11-30,2138.096435546875,2317.550048828125,0.0,2361.0,2302.0,2322.0,0.0,3931035
2021-12-01,2163.28271484375,2344.85009765625,0.0,2356.75,2323.25,2340.0,0.0,1263139
2021-12-02,2198.75537109375,2383.300048828125,0.0,2388.0,2345.0,2357.0,0.0,1673117
2021-12-03,2162.17578125,2343.64990234375,0.0,2389.89990234375,2337.89990234375,2383.300048828125,0.0,1890178
2021-12-06,2127.90234375,2306.5,0.0,2363.949951171875,2301.0,2344.0,0.0,1079171
2021-12-07,2141.832763671875,2321.60009765625,0.0,2341.64990234375,2312.0,2327.89990234375,0.0,895313
2021-12-08,2159.362060546875,2340.60009765625,0.0,2344.449951171875,2318.25,2318.25,0.0,839769
2021-12-09,2158.577880859375,2339.75,0.0,2348.60009765625,2321.550048828125,2341.0,0.0,716666
2021-12-10,2152.165771484375,2332.800048828125,0.0,2347.0,2320.0,2347.0,0.0,724539
2021-12-13,2125.91845703125,2304.35009765625,0.0,2352.0,2301.0,2352.0,0.0,1804894
2021-12-14,2138.78857421875,2318.300048828125,0.0,2324.949951171875,2304.0,2305.0,0.0,1219031
2021-12-15,2141.233154296875,2320.949951171875,0.0,2324.800048828125,2300.5,2316.0,0.0,755122
2021-12-16,2130.669921875,2309.5,0.0,2325.300048828125,2303.949951171875,2320.949951171875,0.0,926493
2021-12-17,2057.55615234375,2230.25,0.0,2308.949951171875,2226.0,2303.0,0.0,2439222
2021-12-20,2093.398193359375,2269.10009765625,0.0,2274.35009765625,2201.14990234375,2226.0,0.0,2175705
2021-12-21,2096.85791015625,2272.85009765625,0.0,2302.699951171875,2252.75,2290.0,0.0,1591415
2021-12-22,2101.2861328125,2277.64990234375,0.0,2317.39990234375,2269.0,2300.0,0.0,1661605
2021-12-23,2122.50537109375,2300.64990234375,0.0,2305.0,2274.60009765625,2298.949951171875,0.0,1423081
2021-12-24,2119.091796875,2296.949951171875,0.0,2313.0,2283.300048828125,2310.0,0.0,895503
2021-12-27,2123.19677734375,2301.39990234375,0.0,2308.10009765625,2278.25,2296.949951171875,0.0,584302
2021-12-28,2130.30078125,2309.10009765625,0.0,2318.39990234375,2297.75,2310.0,0.0,783710
2021-12-29,2128.224853515625,2306.85009765625,0.0,2321.85009765625,2299.050048828125,2314.89990234375,0.0,1410236
2021-12-30,2145.523193359375,2325.60009765625,0.0,2330.0,2296.64990234375,2308.0,0.0,963711
2021-12-31,2177.39794921875,2360.14990234375,0.0,2370.35009765625,2330.0,2340.0,0.0,1123597
2022-01-03,2178.458984375,2361.300048828125,0.0,2378.0,2353.0,2378.0,0.0,879278
2022-01-04,2215.315185546875,2401.25,0.0,2408.10009765625,2355.35009765625,2368.949951171875,0.0,1484275
2022-01-05,2228.738525390625,2415.800048828125,0.0,2420.0,2392.0,2403.800048828125,0.0,1202512
2022-01-06,2206.22802734375,2391.39990234375,0.0,2412.0,2367.699951171875,2398.0,0.0,1198901
2022-01-07,2229.061279296875,2416.14990234375,0.0,2421.89990234375,2388.0,2388.0,0.0,1026186
2022-01-10,2220.66650390625,2407.050048828125,0.0,2425.0,2402.0,2425.0,0.0,919447
2022-01-11,2217.529541015625,2403.64990234375,0.0,2418.300048828125,2392.0,2417.14990234375,0.0,1321335
2022-01-12,2226.294189453125,2413.14990234375,0.0,2416.0,2398.5,2407.199951171875,0.0,1487554
2022-01-13,2227.262451171875,2414.199951171875,0.0,2421.89990234375,2403.25,2418.0,0.0,1586299
2022-01-14,2180.673095703125,2363.699951171875,0.0,2421.0,2360.800048828125,2420.0,0.0,1596037
2022-01-17,2204.521484375,2389.550048828125,0.0,2394.199951171875,2345.0,2364.0,0.0,912205
2022-01-18,2186.023681640625,2369.5,0.0,2408.699951171875,2357.39990234375,2408.699951171875,0.0,1667579
2022-01-19,2131.038818359375,2309.89990234375,0.0,2368.60009765625,2305.050048828125,2364.0,0.0,2145255
2022-01-20,2086.66357421875,2261.800048828125,0.0,2325.550048828125,2243.0,2325.0,0.0,2829711
2022-01-21,2145.338623046875,2325.39990234375,0.0,2334.35009765625,2250.0,2264.800048828125,0.0,4596050
2022-01-24,2107.697998046875,2284.60009765625,0.0,2344.949951171875,2266.699951171875,2338.89990234375,0.0,2231103
2022-01-25,2147.045654296875,2327.25,0.0,2333.699951171875,2240.89990234375,2283.5,0.0,1843543
2022-01-27,2117.615234375,2295.35009765625,0.0,2325.60009765625,2275.0,2310.0,0.0,2620474
2022-01-28,2106.72900390625,2283.550048828125,0.0,2318.699951171875,2278.050048828125,2294.60009765625,0.0,1967721
2022-01-31,2097.688232421875,2273.75,0.0,2311.85009765625,2271.0,2290.0,0.0,1639875
2022-02-01,2127.117919921875,2305.64990234375,0.0,2320.0,2278.39990234375,2303.300048828125,0.0,1270508
2022-02-02,2147.644775390625,2327.89990234375,0.0,2333.0,2296.550048828125,2324.10009765625,0.0,1246111
2022-02-03,2120.19921875,2298.14990234375,0.0,2331.949951171875,2290.0,2329.0,0.0,1448039
2022-02-04,2127.994384765625,2306.60009765625,0.0,2312.75,2283.0,2306.0,0.0,1014561
2022-02-07,2082.78857421875,2257.60009765625,0.0,2316.699951171875,2237.0,2295.25,0.0,1207402
2022-02-08,2089.01611328125,2264.35009765625,0.0,2268.0,2246.550048828125,2268.0,0.0,1190660
2022-02-09,2101.2861328125,2277.64990234375,0.0,2280.35009765625,2255.60009765625,2267.550048828125,0.0,1049611
2022-02-10,2106.35986328125,2283.14990234375,0.0,2285.0,2255.85009765625,2280.0,0.0,1195100
2022-02-11,2083.157470703125,2258.0,0.0,2279.0,2249.0,2279.0,0.0,2100036
2022-02-14,2055.988037109375,2228.550048828125,0.0,2236.25,2207.0,2220.0,0.0,1661501
2022-02-15,2112.77197265625,2290.10009765625,0.0,2304.14990234375,2222.550048828125,2247.949951171875,0.0,1533070
2022-02-16,2109.450927734375,2286.5,0.0,2303.75,2275.0,2290.10009765625,0.0,995668
2022-02-17,2128.87109375,2307.550048828125,0.0,2313.0,2276.0,2282.0,0.0,869374
2022-02-18,2133.48388671875,2312.550048828125,0.0,2327.800048828125,2294.0,2294.0,0.0,890713
2022-02-21,2117.108154296875,2294.800048828125,0.0,2304.050048828125,2284.75,2298.0,0.0,737919
2022-02-22,2094.182373046875,2269.949951171875,0.0,2280.0,2250.10009765625,2280.0,0.0,902667
2022-02-23,2085.37158203125,2260.39990234375,0.0,2273.949951171875,2252.25,2270.0,0.0,1324411
2022-02-24,2003.2635498046875,2171.39990234375,0.0,2242.0,2160.300048828125,2200.0,0.0,2997629
2022-02-25,2002.61767578125,2170.699951171875,0.0,2196.0,2162.14990234375,2195.0,0.0,2193728
2022-02-28,2003.9093017578125,2172.10009765625,0.0,2179.89990234375,2120.0,2164.0,0.0,2334036
2022-03-02,1982.6903076171875,2149.10009765625,0.0,2154.800048828125,2123.050048828125,2128.949951171875,0.0,2034688
2022-03-03,1929.0889892578125,2091.0,0.0,2167.949951171875,2086.60009765625,2157.89990234375,0.0,2372998
2022-03-04,1863.125244140625,2019.5,0.0,2077.949951171875,1975.25,2075.0,0.0,6320118
2022-03-07,1793.4254150390625,1943.949951171875,0.0,1980.1500244140625,1927.0,1979.5,0.0,2976453
2022-03-08,1798.084228515625,1949.0,0.0,1958.0,1901.550048828125,1924.550048828125,0.0,3211938
2022-03-09,1843.197998046875,1997.9000244140625,0.0,2007.050048828125,1951.0,1964.0,0.0,2879079
2022-03-10,1939.190673828125,2101.949951171875,0.0,2114.0,2049.0,2051.89990234375,0.0,4879791
2022-03-11,1932.2254638671875,2094.39990234375,0.0,2110.199951171875,2070.0,2100.0,0.0,2481643
2022-03-14,1899.843505859375,2059.300048828125,0.0,2095.0,2046.0999755859375,2095.0,0.0,1730325
2022-03-15,1880.377197265625,2038.199951171875,0.0,2080.800048828125,2025.0,2045.0,0.0,2391023
2022-03-16,1911.698486328125,2072.14990234375,0.0,2080.0,2032.050048828125,2060.0,0.0,2808685
2022-03-17,1939.2833251953125,2102.050048828125,0.0,2116.699951171875,2082.35009765625,2098.10009765625,0.0,2995889
2022-03-21,1892.37060546875,2051.199951171875,0.0,2110.89990234375,2046.0,2106.5,0.0,1674982
2022-03-22,1839.138427734375,1993.5,0.0,2053.75,1969.0,2053.75,0.0,5356303
2022-03-23,1825.34619140625,1978.550048828125,0.0,2016.550048828125,1975.25,2012.0,0.0,3212162
2022-03-24,1813.6756591796875,1965.9000244140625,0.0,1991.3499755859375,1951.3499755859375,1970.0,0.0,3054664
2022-03-25,1801.774658203125,1953.0,0.0,1977.0,1945.0,1974.9000244140625,0.0,2233647
2022-03-28,1822.163330078125,1975.0999755859375,0.0,1980.800048828125,1931.300048828125,1959.949951171875,0.0,1794533
2022-03-29,1833.187744140625,1987.050048828125,0.0,1994.8499755859375,1974.050048828125,1980.0,0.0,1249125
2022-03-30,1859.80419921875,2015.9000244140625,0.0,2019.0,1995.050048828125,2000.0,0.0,1476829
2022-03-31,1890.01806640625,2048.64990234375,0.0,2054.0,2018.0,2019.4000244140625,0.0,2540524
2022-04-01,1917.23388671875,2078.14990234375,0.0,2085.85009765625,2038.4000244140625,2054.89990234375,0.0,1714996
2022-04-04,1963.6390380859375,2128.449951171875,0.0,2132.449951171875,2070.199951171875,2078.0,0.0,1693019
2022-04-05,1974.1099853515625,2139.800048828125,0.0,2158.0,2127.0,2144.5,0.0,1277652
2022-04-06,1976.18603515625,2142.050048828125,0.0,2164.39990234375,2121.300048828125,2135.0,0.0,1736115
2022-04-07,1997.17431640625,2164.800048828125,0.0,2175.0,2135.10009765625,2139.949951171875,0.0,1824732
2022-04-08,2014.01123046875,2183.050048828125,0.0,2193.5,2163.5,2177.699951171875,0.0,1693462
2022-04-11,1995.559814453125,2163.050048828125,0.0,2194.10009765625,2138.89990234375,2188.0,0.0,1380107
2022-04-12,1967.1448974609375,2132.25,0.0,2165.0,2125.0,2140.89990234375,0.0,1370233
2022-04-13,1985.5040283203125,2152.14990234375,0.0,2165.0,2130.699951171875,2137.699951171875,0.0,1071601
2022-04-18,2009.0294189453125,2177.64990234375,0.0,2182.89990234375,2135.050048828125,2148.0,0.0,1828131
2022-04-19,1949.4315185546875,2113.050048828125,0.0,2206.85009765625,2101.050048828125,2185.699951171875,0.0,1775996
2022-04-20,1997.3123779296875,2164.949951171875,0.0,2168.64990234375,2092.699951171875,2114.39990234375,0.0,1511804
2022-04-21,2027.75732421875,2197.949951171875,0.0,2203.75,2168.0,2185.0,0.0,2244813
2022-04-22,1962.2552490234375,2126.949951171875,0.0,2189.0,2120.0,2182.0,0.0,3520828
2022-04-25,1938.0838623046875,2100.75,0.0,2162.0,2047.0,2100.0,0.0,2437310
2022-04-26,1981.9981689453125,2148.35009765625,0.0,2157.949951171875,2121.0,2142.199951171875,0.0,1447088
2022-04-27,1978.9998779296875,2145.10009765625,0.0,2152.39990234375,2103.5,2147.800048828125,0.0,2214481
2022-04-28,2068.258056640625,2241.85009765625,0.0,2250.0,2165.0,2230.0,0.0,5865359
2022-04-29,2061.80029296875,2234.85009765625,0.0,2290.0,2222.550048828125,2244.39990234375,0.0,2678692
2022-05-02,2057.786865234375,2230.5,0.0,2252.0,2205.89990234375,2220.0,0.0,1543544
2022-05-04,2003.4017333984375,2171.550048828125,0.0,2250.85009765625,2148.64990234375,2241.949951171875,0.0,1608395
2022-05-05,1998.8348388671875,2166.60009765625,0.0,2201.949951171875,2153.60009765625,2178.0,0.0,1101451
2022-05-06,1982.7823486328125,2149.199951171875,0.0,2170.0,2106.199951171875,2125.0,0.0,1585602
2022-05-09,1952.7525634765625,2116.64990234375,0.0,2139.39990234375,2110.14990234375,2121.5,0.0,1341414
2022-05-10,2011.5662841796875,2180.39990234375,0.0,2197.89990234375,2119.0,2134.0,0.0,2162232
2022-05-11,1995.974853515625,2163.5,0.0,2189.699951171875,2116.0,2185.0,0.0,1858636
2022-05-12,1973.1878662109375,2138.800048828125,0.0,2164.85009765625,2109.199951171875,2164.85009765625,0.0,1531515
2022-05-13,2024.20556640625,2194.10009765625,0.0,2218.0,2154.14990234375,2170.0,0.0,2057239
2022-05-16,2045.5631103515625,2217.25,0.0,2221.949951171875,2172.300048828125,2200.0,0.0,1396818
2022-05-17,2071.164306640625,2245.0,0.0,2277.0,2221.300048828125,2237.89990234375,0.0,2055096
2022-05-18,2113.97119140625,2291.39990234375,0.0,2302.0,2236.10009765625,2236.10009765625,0.0,2137455
2022-05-19,2089.20068359375,2264.550048828125,0.0,2283.800048828125,2245.449951171875,2245.60009765625,0.0,1734602
2022-05-20,2145.845947265625,2325.949951171875,0.0,2348.0,2282.699951171875,2290.0,0.0,2599505
2022-05-23,2195.526611328125,2379.800048828125,0.0,2388.0,2306.35009765625,2309.0,0.0,2363306
2022-05-24,2130.808349609375,2309.64990234375,0.0,2380.0,2302.050048828125,2380.0,0.0,3078655
2022-05-25,2120.7060546875,2298.699951171875,0.0,2329.949951171875,2286.5,2329.949951171875,0.0,1884260
2022-05-26,2103.638427734375,2280.199951171875,0.0,2296.0,2258.0,2290.14990234375,0.0,2299127
2022-05-27,2150.136474609375,2330.60009765625,0.0,2334.89990234375,2280.5,2297.0,0.0,1011303
2022-05-30,2167.064697265625,2348.949951171875,0.0,2365.0,2331.0,2342.199951171875,0.0,939562
2022-05-31,2171.031982421875,2353.25,0.0,2367.89990234375,2303.89990234375,2360.0,0.0,3123979
2022-06-01,2129.700927734375,2308.449951171875,0.0,2413.800048828125,2302.0,2370.0,0.0,2197599
2022-06-02,2107.882568359375,2284.800048828125,0.0,2306.949951171875,2257.14990234375,2295.0,0.0,1460335
2022-06-03,2114.478759765625,2291.949951171875,0.0,2324.949951171875,2265.14990234375,2284.0,0.0,1845303
2022-06-06,2103.91552734375,2280.5,0.0,2301.949951171875,2247.60009765625,2272.199951171875,0.0,2131405
2022-06-07,2040.3507080078125,2211.60009765625,0.0,2259.85009765625,2207.050048828125,2250.0,0.0,2034730
2022-06-08,2026.92724609375,2197.050048828125,0.0,2218.949951171875,2186.0,2215.0,0.0,1506843
2022-06-09,2027.527099609375,2197.699951171875,0.0,2208.35009765625,2170.75,2197.0,0.0,1497867
2022-06-10,2029.5562744140625,2199.89990234375,0.0,2208.85009765625,2162.800048828125,2163.0,0.0,1641981
2022-06-13,2026.78857421875,2196.89990234375,0.0,2217.0,2156.0,2168.0,0.0,1519441
2022-06-14,2002.8944091796875,2171.0,0.0,2213.949951171875,2160.0,2190.85009765625,0.0,1592475
2022-06-15,1997.8221435546875,2146.550048828125,19.0,2158.89990234375,2131.0,2158.699951171875,0.0,1432377
2022-06-16,1997.9615478515625,2146.699951171875,0.0,2164.0,2135.050048828125,2145.0,0.0,1353485
2022-06-17,1964.22314453125,2110.449951171875,0.0,2160.39990234375,2100.0,2160.0,0.0,3252189
2022-06-20,2043.75244140625,2195.89990234375,0.0,2202.89990234375,2108.14990234375,2111.0,0.0,2022000
2022-06-21,2052.22216796875,2205.0,0.0,2232.0,2172.14990234375,2195.0,0.0,1606187
2022-06-22,2050.220947265625,2202.85009765625,0.0,2224.89990234375,2186.050048828125,2189.199951171875,0.0,1741378
2022-06-23,2096.52392578125,2252.60009765625,0.0,2257.35009765625,2192.10009765625,2208.0,0.0,1585753
2022-06-24,2144.26953125,2303.89990234375,0.0,2318.800048828125,2260.050048828125,2265.0,0.0,1930048
2022-06-27,2159.859130859375,2320.64990234375,0.0,2331.85009765625,2298.050048828125,2315.85009765625,0.0,1450391
2022-06-28,2157.06689453125,2317.64990234375,0.0,2324.0,2277.85009765625,2320.64990234375,0.0,1404108
2022-06-29,2078.70068359375,2233.449951171875,0.0,2299.89990234375,2225.0,2296.199951171875,0.0,1682914
2022-06-30,2076.04833984375,2230.60009765625,0.0,2249.0,2213.39990234375,2224.89990234375,0.0,2387212
2022-07-01,2124.212890625,2282.35009765625,0.0,2293.0,2203.60009765625,2226.0,0.0,1235612
2022-07-04,2210.629150390625,2375.199951171875,0.0,2378.300048828125,2276.0,2276.0,0.0,2410245
2022-07-05,2235.107421875,2401.5,0.0,2412.0,2371.60009765625,2384.5,0.0,2463079
2022-07-06,2325.29296875,2498.39990234375,0.0,2509.10009765625,2400.0,2400.0,0.0,4770394
2022-07-07,2301.606689453125,2472.949951171875,0.0,2531.0,2465.5,2505.0,0.0,3333262
2022-07-08,2323.8505859375,2496.85009765625,0.0,2503.800048828125,2452.800048828125,2476.449951171875,0.0,1346970
2022-07-11,2318.033935546875,2490.60009765625,0.0,2525.0,2480.0,2487.0,0.0,1587197
2022-07-12,2279.828125,2449.550048828125,0.0,2490.60009765625,2444.449951171875,2475.0,0.0,1116476
2022-07-13,2324.688232421875,2497.75,0.0,2519.35009765625,2461.39990234375,2464.0,0.0,2528792
2022-07-14,2324.735107421875,2497.800048828125,0.0,2522.89990234375,2468.199951171875,2502.75,0.0,1663307
2022-07-15,2390.5361328125,2568.5,0.0,2573.89990234375,2502.050048828125,2530.0,0.0,2996964
2022-07-18,2376.575927734375,2553.5,0.0,2605.0,2533.050048828125,2581.0,0.0,1566888
2022-07-19,2390.0244140625,2567.949951171875,0.0,2575.0,2522.75,2549.949951171875,0.0,1473121
2022-07-20,2424.042236328125,2604.5,0.0,2618.0,2535.60009765625,2575.0,0.0,4012897
2022-07-21,2426.78759765625,2607.449951171875,0.0,2629.89990234375,2591.699951171875,2617.0,0.0,1990695
2022-07-22,2457.640869140625,2640.60009765625,0.0,2643.199951171875,2611.050048828125,2617.0,0.0,1905780
2022-07-25,2441.818603515625,2623.60009765625,0.0,2654.0,2612.0,2645.5,0.0,1253821
2022-07-26,2370.619140625,2547.10009765625,0.0,2625.0,2538.10009765625,2625.0,0.0,1685576
2022-07-27,2403.054443359375,2581.949951171875,0.0,2590.5,2525.0,2535.35009765625,0.0,1404133
2022-07-28,2438.56103515625,2620.10009765625,0.0,2625.0,2585.0,2625.0,0.0,1442054
2022-07-29,2454.662353515625,2637.39990234375,0.0,2645.0,2596.0,2640.0,0.0,1463059
2022-08-01,2413.339111328125,2593.0,0.0,2638.0,2580.0,2637.5,0.0,1559918
2022-08-02,2452.6611328125,2635.25,0.0,2639.10009765625,2599.0,2600.0,0.0,1359934
2022-08-03,2444.377685546875,2626.35009765625,0.0,2664.0,2597.89990234375,2615.25,0.0,1767904
2022-08-04,2445.8671875,2627.949951171875,0.0,2643.449951171875,2615.0,2634.0,0.0,1189384
2022-08-05,2462.108154296875,2645.39990234375,0.0,2657.64990234375,2627.550048828125,2638.0,0.0,1176666
2022-08-08,2466.71533203125,2650.35009765625,0.0,2658.0,2626.050048828125,2645.39990234375,0.0,1024511
2022-08-10,2459.688232421875,2642.800048828125,0.0,2676.699951171875,2631.199951171875,2650.35009765625,0.0,1098949
2022-08-11,2432.604248046875,2613.699951171875,0.0,2667.75,2606.60009765625,2656.050048828125,0.0,810674
2022-08-12,2415.1533203125,2594.949951171875,0.0,2626.10009765625,2585.10009765625,2624.89990234375,0.0,1473527
2022-08-16,2461.2705078125,2644.5,0.0,2648.35009765625,2590.550048828125,2607.949951171875,0.0,1584117
2022-08-17,2498.638671875,2684.64990234375,0.0,2694.0,2644.5,2651.0,0.0,1711381
2022-08-18,2496.218505859375,2682.050048828125,0.0,2715.0,2664.64990234375,2685.0,0.0,1465489
2022-08-19,2452.010009765625,2634.550048828125,0.0,2698.949951171875,2626.5,2689.0,0.0,1324508
2022-08-22,2444.703857421875,2626.699951171875,0.0,2666.800048828125,2620.10009765625,2648.0,0.0,1410895
2022-08-23,2413.106201171875,2592.75,0.0,2629.699951171875,2585.25,2602.050048828125,0.0,1305045
2022-08-24,2408.91796875,2588.25,0.0,2610.0,2561.300048828125,2576.0,0.0,1242489
2022-08-25,2395.841552734375,2574.199951171875,0.0,2628.39990234375,2565.449951171875,2601.199951171875,0.0,1106593
2022-08-26,2393.375244140625,2571.550048828125,0.0,2614.699951171875,2562.0,2599.89990234375,0.0,1048791
2022-08-29,2397.330322265625,2575.800048828125,0.0,2607.89990234375,2550.0,2550.0,0.0,1450034
2022-08-30,2475.556884765625,2659.85009765625,0.0,2667.0,2585.60009765625,2588.699951171875,0.0,2227943
2022-09-01,2425.438232421875,2606.0,0.0,2655.0,2594.0,2650.0,0.0,1702269
2022-09-02,2423.20458984375,2603.60009765625,0.0,2623.0,2585.0,2615.0,0.0,937600
2022-09-05,2420.412353515625,2600.60009765625,0.0,2622.39990234375,2586.10009765625,2597.0,0.0,1274074
2022-09-06,2394.817626953125,2573.10009765625,0.0,2620.0,2563.0,2591.199951171875,0.0,1250776
2022-09-07,2386.90625,2564.60009765625,0.0,2596.89990234375,2560.800048828125,2571.800048828125,0.0,1344964
2022-09-08,2398.586669921875,2577.14990234375,0.0,2596.0,2563.0,2580.0,0.0,1004533
2022-09-09,2409.33642578125,2588.699951171875,0.0,2647.0,2583.449951171875,2598.0,0.0,1785443
2022-09-12,2401.611328125,2580.39990234375,0.0,2605.0,2574.0,2591.0,0.0,1595709
2022-09-13,2407.382080078125,2586.60009765625,0.0,2609.0,2579.0,2598.0,0.0,1342130
2022-09-14,2393.2353515625,2571.39990234375,0.0,2606.0,2546.699951171875,2550.0,0.0,1610054
2022-09-15,2382.997314453125,2560.39990234375,0.0,2598.800048828125,2551.0,2580.0,0.0,1199906
2022-09-16,2352.981689453125,2528.14990234375,0.0,2563.85009765625,2518.64990234375,2555.0,0.0,2516820
2022-09-19,2400.54150390625,2579.25,0.0,2588.0,2508.050048828125,2531.0,0.0,1166725
2022-09-20,2404.543701171875,2583.550048828125,0.0,2621.5,2579.60009765625,2598.60009765625,0.0,1253333
2022-09-21,2441.818603515625,2623.60009765625,0.0,2646.75,2580.0,2582.0,0.0,1960049
2022-09-22,2506.17724609375,2692.75,0.0,2701.25,2620.050048828125,2623.10009765625,0.0,2620240
2022-09-23,2496.218505859375,2682.050048828125,0.0,2723.75,2674.0,2697.89990234375,0.0,1789791
2022-09-26,2476.20849609375,2660.550048828125,0.0,2729.0,2643.050048828125,2668.5,0.0,2678551
2022-09-27,2493.612548828125,2679.25,0.0,2713.75,2653.39990234375,2676.0,0.0,1898501
2022-09-28,2514.87939453125,2702.10009765625,0.0,2708.75,2652.050048828125,2669.949951171875,0.0,1526197
2022-09-29,2513.43701171875,2700.550048828125,0.0,2727.0,2691.10009765625,2711.10009765625,0.0,2019666
2022-09-30,2509.620849609375,2696.449951171875,0.0,2714.89990234375,2667.89990234375,2707.0,0.0,1340054
2022-10-03,2440.794921875,2622.5,0.0,2734.0,2617.550048828125,2723.0,0.0,1683197
2022-10-04,2483.095703125,2667.949951171875,0.0,2676.5,2634.14990234375,2650.0,0.0,1327939
2022-10-06,2432.884033203125,2614.0,0.0,2692.300048828125,2605.050048828125,2681.300048828125,0.0,1752351
2022-10-07,2419.574462890625,2599.699951171875,0.0,2613.0,2575.0,2611.89990234375,0.0,1025923
2022-10-10,2425.06591796875,2605.60009765625,0.0,2610.699951171875,2542.0,2570.0,0.0,1043728
2022-10-11,2373.9228515625,2550.64990234375,0.0,2610.550048828125,2545.0,2610.0,0.0,1129783
2022-10-12,2411.80322265625,2591.35009765625,0.0,2604.60009765625,2554.199951171875,2563.449951171875,0.0,882873
2022-10-13,2388.58154296875,2566.39990234375,0.0,2607.14990234375,2562.89990234375,2583.0,0.0,753331
2022-10-14,2397.330322265625,2575.800048828125,0.0,2624.89990234375,2570.199951171875,2590.0,0.0,1001536
2022-10-17,2411.058349609375,2590.550048828125,0.0,2609.949951171875,2568.0,2573.60009765625,0.0,778918
2022-10-18,2421.94775390625,2602.25,0.0,2642.0,2597.0,2620.0,0.0,1123374
2022-10-19,2404.03173828125,2583.0,0.0,2617.5,2578.39990234375,2615.300048828125,0.0,1241979
2022-10-20,2420.69140625,2600.89990234375,0.0,2610.0,2568.14990234375,2568.14990234375,0.0,1428125
2022-10-21,2470.019287109375,2653.89990234375,0.0,2666.75,2606.0,2606.0,0.0,2458302
2022-10-24,2394.817626953125,2573.10009765625,0.0,2640.0,2550.0,2610.10009765625,0.0,719908
2022-10-25,2331.808349609375,2505.39990234375,0.0,2586.0,2500.0,2586.0,0.0,2923789
2022-10-27,2344.4658203125,2519.0,0.0,2530.0,2488.0,2494.0,0.0,1846329
2022-10-28,2349.35205078125,2524.25,0.0,2550.89990234375,2512.0,2526.10009765625,0.0,1164951
2022-10-31,2373.9697265625,2550.699951171875,0.0,2572.0,2542.050048828125,2545.0,0.0,1324443
2022-11-01,2390.928466796875,2551.800048828125,17.0,2575.85009765625,2547.60009765625,2569.0,0.0,1280132
2022-11-02,2359.540283203125,2518.300048828125,0.0,2564.0,2501.39990234375,2564.0,0.0,1338284
2022-11-03,2385.82177734375,2546.35009765625,0.0,2549.0,2508.300048828125,2515.699951171875,0.0,730444
2022-11-04,2361.46142578125,2520.35009765625,0.0,2546.0,2515.25,2544.949951171875,0.0,889055
2022-11-07,2373.126220703125,2532.800048828125,0.0,2552.0,2517.0,2531.10009765625,0.0,1283685
2022-11-09,2350.63916015625,2508.800048828125,0.0,2544.89990234375,2492.64990234375,2510.0,0.0,1436444
2022-11-10,2355.136962890625,2513.60009765625,0.0,2538.0,2501.050048828125,2504.0,0.0,1459152
2022-11-11,2345.251953125,2503.050048828125,0.0,2546.800048828125,2495.0,2545.0,0.0,1162847
2022-11-14,2302.8544921875,2457.800048828125,0.0,2513.75,2455.14990234375,2506.800048828125,0.0,2137131
2022-11-15,2302.5732421875,2457.5,0.0,2469.0,2444.14990234375,2457.800048828125,0.0,1558333
2022-11-16,2321.640380859375,2477.85009765625,0.0,2483.0,2428.10009765625,2463.550048828125,0.0,1330395
2022-11-17,2304.915771484375,2460.0,0.0,2498.0,2454.25,2479.949951171875,0.0,960476
2022-11-18,2327.12158203125,2483.699951171875,0.0,2488.550048828125,2448.85009765625,2470.0,0.0,1075675
2022-11-21,2343.70556640625,2501.39990234375,0.0,2512.0,2470.050048828125,2483.699951171875,0.0,1354881
2022-11-22,2357.1044921875,2515.699951171875,0.0,2524.0,2497.0,2505.89990234375,0.0,921265
2022-11-23,2349.281005859375,2507.35009765625,0.0,2525.0,2502.0,2521.0,0.0,734152
2022-11-24,2388.445068359375,2549.14990234375,0.0,2560.0,2511.14990234375,2517.0,0.0,999929
2022-11-25,2377.483154296875,2537.449951171875,0.0,2555.39990234375,2518.199951171875,2555.0,0.0,783480
2022-11-28,2366.00537109375,2525.199951171875,0.0,2542.5,2521.800048828125,2527.0,0.0,830905
2022-11-29,2468.1337890625,2634.199951171875,0.0,2639.949951171875,2527.199951171875,2527.199951171875,0.0,2542932
2022-11-30,2515.1220703125,2684.35009765625,0.0,2698.0,2623.0,2634.0,0.0,3698270
2022-12-01,2494.977783203125,2662.85009765625,0.0,2683.0,2646.85009765625,2680.0,0.0,1675569
2022-12-02,2450.238037109375,2615.10009765625,0.0,2660.0,2607.14990234375,2660.0,0.0,2101890
2022-12-05,2454.6884765625,2619.85009765625,0.0,2625.0,2585.14990234375,2600.0,0.0,1640511
2022-12-06,2487.200927734375,2654.550048828125,0.0,2659.949951171875,2603.85009765625,2606.800048828125,0.0,1484562
2022-12-07,2536.67236328125,2707.35009765625,0.0,2719.800048828125,2656.25,2660.050048828125,0.0,2368561
2022-12-08,2534.89208984375,2705.449951171875,0.0,2711.050048828125,2685.75,2695.050048828125,0.0,1314703
2022-12-09,2550.6328125,2722.25,0.0,2741.60009765625,2711.25,2724.699951171875,0.0,1883397
2022-12-12,2545.9482421875,2717.25,0.0,2724.0,2688.64990234375,2702.199951171875,0.0,1163204
2022-12-13,2539.4365234375,2710.300048828125,0.0,2720.0,2697.800048828125,2717.0,0.0,1265839
2022-12-14,2515.4033203125,2684.64990234375,0.0,2720.0,2671.35009765625,2720.0,0.0,886858
2022-12-15,2495.352294921875,2663.25,0.0,2683.25,2648.449951171875,2668.35009765625,0.0,990722
2022-12-16,2502.894775390625,2671.300048828125,0.0,2687.699951171875,2653.300048828125,2668.0,0.0,1793864
2022-12-19,2546.74462890625,2718.10009765625,0.0,2720.0,2671.300048828125,2671.300048828125,0.0,1546941
2022-12-20,2505.940185546875,2674.550048828125,0.0,2706.050048828125,2653.25,2706.0,0.0,827567
2022-12-21,2498.11669921875,2666.199951171875,0.0,2695.14990234375,2650.10009765625,2687.949951171875,0.0,779092
2022-12-22,2478.581298828125,2645.35009765625,0.0,2688.5,2642.0,2676.5,0.0,852567
2022-12-23,2455.859375,2621.10009765625,0.0,2649.550048828125,2608.050048828125,2632.0,0.0,1189702
2022-12-26,2452.43994140625,2617.449951171875,0.0,2637.85009765625,2606.75,2620.949951171875,0.0,605144
2022-12-27,2429.764892578125,2593.25,0.0,2634.89990234375,2575.25,2625.0,0.0,870960
2022-12-28,2420.723876953125,2583.60009765625,0.0,2603.10009765625,2578.10009765625,2593.0,0.0,822651
2022-12-29,2406.15380859375,2568.050048828125,0.0,2583.300048828125,2539.39990234375,2580.25,0.0,1345863
2022-12-30,2399.595458984375,2561.050048828125,0.0,2586.449951171875,2555.199951171875,2579.949951171875,0.0,696432
2023-01-02,2397.112548828125,2558.39990234375,0.0,2580.050048828125,2538.050048828125,2573.89990234375,0.0,681703
2023-01-03,2381.793212890625,2542.050048828125,0.0,2562.0,2535.0,2550.050048828125,0.0,821843
2023-01-04,2376.21826171875,2536.10009765625,0.0,2558.39990234375,2527.050048828125,2550.5,0.0,1672649
2023-01-05,2420.8173828125,2583.699951171875,0.0,2591.949951171875,2537.5,2537.550048828125,0.0,2008493
2023-01-06,2414.024169921875,2576.449951171875,0.0,2611.89990234375,2574.89990234375,2580.0,0.0,991782
2023-01-09,2458.62353515625,2624.050048828125,0.0,2629.449951171875,2570.0,2589.35009765625,0.0,1267078
2023-01-10,2477.175537109375,2643.85009765625,0.0,2653.35009765625,2615.10009765625,2624.050048828125,0.0,1413088
2023-01-11,2429.764892578125,2593.25,0.0,2647.85009765625,2588.10009765625,2644.0,0.0,1471687
2023-01-12,2426.76708984375,2590.050048828125,0.0,2602.60009765625,2572.75,2586.10009765625,0.0,1703829
2023-01-13,2458.57666015625,2624.0,0.0,2639.25,2566.64990234375,2590.199951171875,0.0,1348015
2023-01-16,2433.37255859375,2597.10009765625,0.0,2627.949951171875,2584.0,2627.949951171875,0.0,930068
2023-01-17,2499.38134765625,2667.550048828125,0.0,2675.0,2601.800048828125,2605.449951171875,0.0,1892865
2023-01-18,2516.855712890625,2686.199951171875,0.0,2693.5,2660.0,2668.0,0.0,2038075
2023-01-19,2482.70361328125,2649.75,0.0,2679.300048828125,2611.89990234375,2670.10009765625,0.0,1649842
2023-01-20,2388.071044921875,2548.75,0.0,2605.0,2536.050048828125,2550.0,0.0,4569549
2023-01-23,2432.717041015625,2596.39990234375,0.0,2604.0,2552.0,2560.0,0.0,1388360
2023-01-24,2436.55810546875,2600.5,0.0,2610.0,2580.800048828125,2604.0,0.0,1462462
2023-01-25,2457.031005859375,2622.35009765625,0.0,2642.0,2594.0,2600.5,0.0,1591810
2023-01-27,2447.473876953125,2612.14990234375,0.0,2646.550048828125,2578.199951171875,2635.5,0.0,1581382
2023-01-30,2406.24755859375,2568.14990234375,0.0,2610.0,2530.199951171875,2610.0,0.0,2744039
2023-01-31,2414.305908203125,2576.75,0.0,2590.199951171875,2541.199951171875,2568.0,0.0,2366794
2023-02-01,2411.962890625,2574.25,0.0,2603.0,2546.85009765625,2600.199951171875,0.0,2014615
2023-02-02,2468.742919921875,2634.85009765625,0.0,2639.75,2563.0,2569.5,0.0,1980667
2023-02-03,2481.766357421875,2648.75,0.0,2657.449951171875,2631.14990234375,2640.0,0.0,1638238
2023-02-06,2471.319580078125,2637.60009765625,0.0,2645.0,2599.75,2631.0,0.0,1697446
2023-02-07,2437.2138671875,2601.199951171875,0.0,2645.550048828125,2595.300048828125,2645.0,0.0,1495745
2023-02-08,2419.97412109375,2582.800048828125,0.0,2607.5,2578.35009765625,2592.699951171875,0.0,1061956
2023-02-09,2423.628173828125,2586.699951171875,0.0,2599.89990234375,2566.0,2587.0,0.0,1102484
2023-02-10,2415.008056640625,2577.5,0.0,2586.64990234375,2555.35009765625,2585.0,0.0,1523011
2023-02-13,2418.28759765625,2581.0,0.0,2590.75,2550.0,2560.0,0.0,1146525
2023-02-14,2416.97607421875,2579.60009765625,0.0,2602.0,2570.199951171875,2585.0,0.0,1944364
2023-02-15,2387.78955078125,2548.449951171875,0.0,2571.800048828125,2537.0,2550.0,0.0,2009134
2023-02-16,2367.785888671875,2527.10009765625,0.0,2561.89990234375,2522.85009765625,2560.0,0.0,1982857
2023-02-17,2356.9169921875,2515.5,0.0,2546.25,2506.89990234375,2525.0,0.0,1395341
2023-02-20,2353.122314453125,2511.449951171875,0.0,2543.0,2508.199951171875,2518.0,0.0,632091
2023-02-21,2357.52587890625,2516.14990234375,0.0,2543.949951171875,2512.300048828125,2528.0,0.0,862797
2023-02-22,2336.819580078125,2494.050048828125,0.0,2523.550048828125,2482.75,2516.14990234375,0.0,885515
2023-02-23,2333.633544921875,2490.64990234375,0.0,2515.89990234375,2480.10009765625,2492.0,0.0,757215
2023-02-24,2327.590087890625,2484.199951171875,0.0,2511.25,2471.949951171875,2492.199951171875,0.0,732783
2023-02-27,2312.5517578125,2468.14990234375,0.0,2487.0,2456.0,2487.0,0.0,853991
2023-02-28,2305.52490234375,2460.64990234375,0.0,2474.35009765625,2435.64990234375,2469.75,0.0,1780454
2023-03-01,2310.77197265625,2466.25,0.0,2470.0,2448.0,2458.0,0.0,967339
2023-03-02,2300.55908203125,2455.35009765625,0.0,2470.0,2444.0,2466.25,0.0,827174
2023-03-03,2315.222412109375,2471.0,0.0,2489.89990234375,2455.64990234375,2466.0,0.0,1176008
2023-03-06,2328.199462890625,2484.85009765625,0.0,2498.85009765625,2475.60009765625,2481.949951171875,0.0,1214503
2023-03-08,2328.433349609375,2485.10009765625,0.0,2501.39990234375,2467.199951171875,2487.0,0.0,1448340
2023-03-09,2306.22705078125,2461.39990234375,0.0,2491.949951171875,2456.89990234375,2484.85009765625,0.0,1038910
2023-03-10,2310.022216796875,2465.449951171875,0.0,2470.5,2445.10009765625,2450.0,0.0,772024
2023-03-13,2300.324951171875,2455.10009765625,0.0,2488.5,2445.0,2466.0,0.0,1314549
2023-03-14,2288.4716796875,2442.449951171875,0.0,2472.0,2439.75,2462.0,0.0,1250763
2023-03-15,2254.413818359375,2406.10009765625,0.0,2459.5,2393.0,2451.89990234375,0.0,1738040
2023-03-16,2304.306640625,2459.35009765625,0.0,2469.300048828125,2407.75,2424.949951171875,0.0,1628035
2023-03-17,2293.10986328125,2447.39990234375,0.0,2483.199951171875,2439.800048828125,2471.64990234375,0.0,2127178
2023-03-20,2352.8876953125,2511.199951171875,0.0,2516.64990234375,2425.0,2447.39990234375,0.0,1561128
2023-03-21,2307.351806640625,2462.60009765625,0.0,2523.25,2458.75,2515.0,0.0,1595161
2023-03-22,2320.235107421875,2476.35009765625,0.0,2481.39990234375,2454.39990234375,2472.60009765625,0.0,1063244
2023-03-23,2328.433349609375,2485.10009765625,0.0,2500.050048828125,2466.0,2475.0,0.0,1578627
2023-03-24,2324.404296875,2480.800048828125,0.0,2497.89990234375,2470.0,2472.199951171875,0.0,1449326
2023-03-27,2341.457275390625,2499.0,0.0,2505.0,2464.0,2485.0,0.0,1387736
2023-03-28,2326.2783203125,2482.800048828125,0.0,2513.5,2471.89990234375,2509.800048828125,0.0,1412387
2023-03-29,2371.29931640625,2530.85009765625,0.0,2539.800048828125,2480.050048828125,2485.0,0.0,2613254
2023-03-31,2398.939697265625,2560.35009765625,0.0,2568.449951171875,2516.550048828125,2558.800048828125,0.0,2146167
2023-04-03,2376.21826171875,2536.10009765625,0.0,2570.0,2515.050048828125,2570.0,0.0,918048
2023-04-05,2419.92724609375,2582.75,0.0,2588.550048828125,2502.0,2512.5,0.0,1489612
2023-04-06,2403.53076171875,2565.25,0.0,2585.0,2553.0,2575.0,0.0,797414
2023-04-10,2372.517578125,2532.14990234375,0.0,2568.949951171875,2525.0,2565.25,0.0,853322
2023-04-11,2387.1337890625,2547.75,0.0,2555.0,2533.0,2540.0,0.0,913184
2023-04-12,2369.51904296875,2528.949951171875,0.0,2556.0,2518.64990234375,2556.0,0.0,1109809
2023-04-13,2376.311767578125,2536.199951171875,0.0,2562.35009765625,2525.0,2525.0,0.0,1261711
2023-04-17,2390.9755859375,2551.85009765625,0.0,2579.0,2541.39990234375,2573.0,0.0,1566977
2023-04-18,2380.855712890625,2541.050048828125,0.0,2560.0,2530.0,2560.0,0.0,1474786
2023-04-19,2372.002197265625,2531.60009765625,0.0,2548.0,2510.25,2548.0,0.0,1320243
2023-04-20,2335.46044921875,2492.60009765625,0.0,2532.39990234375,2480.0,2517.800048828125,0.0,1401364
2023-04-21,2340.473388671875,2497.949951171875,0.0,2509.5,2485.64990234375,2492.0,0.0,1206288
2023-04-24,2342.159912109375,2499.75,0.0,2504.89990234375,2475.10009765625,2502.0,0.0,1735797
2023-04-25,2333.44580078125,2490.449951171875,0.0,2499.75,2478.050048828125,2490.85009765625,0.0,1701098
2023-04-26,2352.513427734375,2510.800048828125,0.0,2518.0,2482.199951171875,2490.0,0.0,1245903
2023-04-27,2313.3017578125,2468.949951171875,0.0,2522.0,2457.0,2513.949951171875,0.0,2743893
2023-04-28,2302.385986328125,2457.300048828125,0.0,2467.800048828125,2419.0,2436.050048828125,0.0,3761927
2023-05-02,2297.138916015625,2451.699951171875,0.0,2478.0,2450.0,2471.800048828125,0.0,1760370
2023-05-03,2329.276611328125,2486.0,0.0,2490.0,2452.64990234375,2456.949951171875,0.0,1258140
2023-05-04,2348.71875,2506.75,0.0,2509.35009765625,2480.14990234375,2486.949951171875,0.0,1150227
2023-05-05,2343.0966796875,2500.75,0.0,2520.0,2494.699951171875,2500.0,0.0,1354871
2023-05-08,2357.66650390625,2516.300048828125,0.0,2526.85009765625,2497.14990234375,2505.75,0.0,972810
2023-05-09,2357.1982421875,2515.800048828125,0.0,2525.0,2500.050048828125,2525.0,0.0,1651327
2023-05-10,2363.66259765625,2522.699951171875,0.0,2535.0,2505.85009765625,2521.0,0.0,2025658
2023-05-11,2428.96875,2592.39990234375,0.0,2599.0,2523.60009765625,2536.949951171875,0.0,1749356
2023-05-12,2458.0146484375,2623.39990234375,0.0,2640.0,2586.39990234375,2594.0,0.0,2170011
2023-05-15,2494.41552734375,2662.25,0.0,2670.75,2623.050048828125,2637.949951171875,0.0,1561055
2023-05-16,2507.20458984375,2675.89990234375,0.0,2678.39990234375,2650.60009765625,2670.0,0.0,1477905
2023-05-17,2493.947021484375,2661.75,0.0,2674.0,2647.050048828125,2672.0,0.0,839404
2023-05-18,2461.903076171875,2627.550048828125,0.0,2669.199951171875,2621.85009765625,2665.5,0.0,1434067
2023-05-19,2474.9267578125,2641.449951171875,0.0,2649.0,2600.64990234375,2628.64990234375,0.0,1174757
2023-05-22,2471.788330078125,2638.10009765625,0.0,2655.449951171875,2623.050048828125,2635.0,0.0,768232
2023-05-23,2462.60546875,2628.300048828125,0.0,2649.800048828125,2625.0,2632.0,0.0,703864
2023-05-24,2450.09716796875,2614.949951171875,0.0,2638.0,2608.0,2620.0,0.0,628872
2023-05-25,2433.51318359375,2597.25,0.0,2626.14990234375,2580.550048828125,2610.0,0.0,1072231
2023-05-26,2485.1396484375,2652.35009765625,0.0,2656.699951171875,2603.10009765625,2603.75,0.0,947073
2023-05-29,2483.218505859375,2650.300048828125,0.0,2679.550048828125,2645.050048828125,2670.0,0.0,698267
2023-05-30,2489.07470703125,2656.550048828125,0.0,2665.0,2650.85009765625,2655.5,0.0,948051
2023-05-31,2499.38134765625,2667.550048828125,0.0,2680.0,2638.0,2656.550048828125,0.0,3388305
2023-06-01,2527.81787109375,2697.89990234375,0.0,2731.25,2654.5,2667.0,0.0,1541080
2023-06-02,2545.4326171875,2716.699951171875,0.0,2738.199951171875,2691.64990234375,2710.0,0.0,1509260
2023-06-05,2525.8505859375,2695.800048828125,0.0,2722.0,2684.14990234375,2716.449951171875,0.0,1000190
2023-06-06,2521.49365234375,2691.14990234375,0.0,2707.89990234375,2670.14990234375,2700.0,0.0,655372
2023-06-07,2544.964111328125,2716.199951171875,0.0,2727.0,2679.35009765625,2690.0,0.0,1428490
2023-06-08,2510.95263671875,2679.89990234375,0.0,2721.550048828125,2674.89990234375,2707.0,0.0,923536
2023-06-09,2470.007568359375,2636.199951171875,0.0,2688.949951171875,2620.10009765625,2688.949951171875,0.0,1413808
2023-06-12,2476.80029296875,2643.449951171875,0.0,2657.0,2633.0,2645.0,0.0,775484
2023-06-13,2507.20458984375,2675.89990234375,0.0,2697.0,2627.5,2629.60009765625,0.0,1787924
2023-06-14,2528.6142578125,2698.75,0.0,2702.10009765625,2652.0,2671.0,0.0,1536248
2023-06-15,2520.134765625,2689.699951171875,0.0,2717.5,2678.14990234375,2713.949951171875,0.0,1830192
2023-06-16,2544.448486328125,2715.64990234375,0.0,2724.0,2683.199951171875,2689.699951171875,0.0,1748145
2023-06-19,2534.625,2683.25,22.0,2711.39990234375,2675.0,2702.0,0.0,1068263
2023-06-20,2527.87109375,2676.10009765625,0.0,2680.39990234375,2648.10009765625,2670.0,0.0,1129279
2023-06-21,2528.34326171875,2676.60009765625,0.0,2706.85009765625,2668.449951171875,2685.949951171875,0.0,1201840
2023-06-22,2507.325927734375,2654.35009765625,0.0,2678.0,2648.699951171875,2668.64990234375,0.0,830052
2023-06-23,2495.281982421875,2641.60009765625,0.0,2660.550048828125,2627.449951171875,2651.300048828125,0.0,991214
2023-06-26,2505.20068359375,2652.10009765625,0.0,2674.199951171875,2642.14990234375,2642.14990234375,0.0,758700
2023-06-27,2504.491943359375,2651.35009765625,0.0,2661.60009765625,2636.0,2652.10009765625,0.0,687747
2023-06-28,2513.84375,2661.25,0.0,2687.60009765625,2642.0,2652.949951171875,0.0,1397573
2023-06-30,2529.80712890625,2678.14990234375,0.0,2685.89990234375,2651.35009765625,2665.949951171875,0.0,1160181
2023-07-03,2551.43896484375,2701.050048828125,0.0,2705.85009765625,2659.449951171875,2687.0,0.0,980665
2023-07-04,2550.447265625,2700.0,0.0,2706.699951171875,2675.0,2701.050048828125,0.0,721907
2023-07-05,2603.203857421875,2755.85009765625,0.0,2759.39990234375,2696.10009765625,2699.949951171875,0.0,1717547
2023-07-06,2604.38427734375,2757.10009765625,0.0,2765.0,2735.64990234375,2759.89990234375,0.0,1265020
2023-07-07,2548.65234375,2698.10009765625,0.0,2769.64990234375,2691.0,2753.10009765625,0.0,1178930
2023-07-10,2509.404296875,2656.550048828125,0.0,2711.35009765625,2651.0,2709.89990234375,0.0,1518183
2023-07-11,2535.8056640625,2684.5,0.0,2716.75,2646.0,2657.10009765625,0.0,2476367
2023-07-12,2525.556640625,2673.64990234375,0.0,2704.949951171875,2642.5,2704.949951171875,0.0,2395826
2023-07-13,2507.656494140625,2654.699951171875,0.0,2687.449951171875,2651.199951171875,2684.949951171875,0.0,1495067
2023-07-14,2528.626953125,2676.89990234375,0.0,2686.5,2651.050048828125,2655.0,0.0,1419016
2023-07-17,2533.160888671875,2681.699951171875,0.0,2703.199951171875,2670.0,2670.0,0.0,912701
2023-07-18,2534.19970703125,2682.800048828125,0.0,2701.10009765625,2677.300048828125,2685.550048828125,0.0,1215904
2023-07-19,2523.6201171875,2671.60009765625,0.0,2696.89990234375,2660.89990234375,2682.75,0.0,1166542
2023-07-20,2553.517333984375,2703.25,0.0,2716.300048828125,2658.199951171875,2669.050048828125,0.0,1430764
2023-07-21,2459.764404296875,2604.0,0.0,2676.35009765625,2592.0,2650.0,0.0,5198952
2023-07-24,2437.330078125,2580.25,0.0,2605.949951171875,2575.0,2604.0,0.0,1777469
2023-07-25,2425.900390625,2568.14990234375,0.0,2586.60009765625,2562.300048828125,2580.199951171875,0.0,1653775
2023-07-26,2440.211181640625,2583.300048828125,0.0,2598.800048828125,2572.300048828125,2579.5,0.0,1300033
2023-07-27,2427.506103515625,2569.85009765625,0.0,2583.0,2553.0,2561.0,0.0,2276136
2023-07-28,2441.439208984375,2584.60009765625,0.0,2593.75,2565.199951171875,2570.0,0.0,966450
2023-07-31,2418.957275390625,2560.800048828125,0.0,2582.89990234375,2554.0,2575.050048828125,0.0,2003252
2023-08-01,2409.794921875,2551.10009765625,0.0,2573.800048828125,2545.0,2570.0,0.0,1758897
2023-08-02,2426.656005859375,2568.949951171875,0.0,2573.449951171875,2536.0,2538.0,0.0,2082908
2023-08-03,2409.98388671875,2551.300048828125,0.0,2561.050048828125,2537.199951171875,2557.949951171875,0.0,1475310
2023-08-04,2404.97705078125,2546.0,0.0,2558.949951171875,2535.050048828125,2551.300048828125,0.0,1359318
2023-08-07,2426.89208984375,2569.199951171875,0.0,2574.0,2538.75,2540.0,0.0,803823
2023-08-08,2423.727783203125,2565.85009765625,0.0,2585.199951171875,2555.550048828125,2569.199951171875,0.0,1002061
2023-08-09,2410.83349609375,2552.199951171875,0.0,2568.949951171875,2541.0,2565.85009765625,0.0,1212549
2023-08-10,2396.192138671875,2536.699951171875,0.0,2551.39990234375,2527.60009765625,2549.050048828125,0.0,1313334
2023-08-11,2363.225341796875,2501.800048828125,0.0,2536.64990234375,2499.0,2535.0,0.0,1472199
2023-08-14,2392.791748046875,2533.10009765625,0.0,2540.0,2488.10009765625,2501.800048828125,0.0,1060479
2023-08-16,2411.21142578125,2552.60009765625,0.0,2555.050048828125,2524.39990234375,2534.0,0.0,1155882
2023-08-17,2402.379150390625,2543.25,0.0,2560.64990234375,2533.0,2552.60009765625,0.0,1532873
2023-08-18,2413.242431640625,2554.75,0.0,2567.75,2532.10009765625,2532.10009765625,0.0,1970819
2023-08-21,2420.79931640625,2562.75,0.0,2574.89990234375,2539.050048828125,2554.75,0.0,977004
2023-08-22,2423.6806640625,2565.800048828125,0.0,2575.0,2553.0,2573.60009765625,0.0,960025
2023-08-23,2431.473388671875,2574.050048828125,0.0,2583.5,2562.5,2575.0,0.0,1136112
2023-08-24,2438.27490234375,2581.25,0.0,2591.75,2566.949951171875,2585.0,0.0,1143934
2023-08-25,2421.55517578125,2563.550048828125,0.0,2580.699951171875,2551.5,2567.0,0.0,802955
2023-08-28,2414.139892578125,2555.699951171875,0.0,2568.0,2539.0,2565.0,0.0,619841
2023-08-29,2386.2265625,2526.14990234375,0.0,2558.89990234375,2522.10009765625,2558.89990234375,0.0,958564
2023-08-30,2391.705078125,2531.949951171875,0.0,2536.0,2520.0,2526.14990234375,0.0,1227377
2023-08-31,2366.295654296875,2505.050048828125,0.0,2539.800048828125,2491.10009765625,2532.050048828125,0.0,3235414
2023-09-01,2366.059326171875,2504.800048828125,0.0,2514.5,2500.0,2505.050048828125,0.0,813413
2023-09-04,2362.84716796875,2501.39990234375,0.0,2514.0,2492.0,2514.0,0.0,1143301
2023-09-05,2368.184814453125,2507.050048828125,0.0,2523.449951171875,2502.10009765625,2510.0,0.0,844088
2023-09-06,2383.723388671875,2523.5,0.0,2526.10009765625,2507.449951171875,2513.449951171875,0.0,1094146
2023-09-07,2368.562255859375,2507.449951171875,0.0,2521.85009765625,2500.0,2510.0,0.0,1894798
2023-09-08,2374.560791015625,2513.800048828125,0.0,2521.050048828125,2501.550048828125,2504.0,0.0,1018234
2023-09-11,2395.767333984375,2536.25,0.0,2538.89990234375,2509.050048828125,2513.800048828125,0.0,1121083
2023-09-12,2360.43896484375,2498.85009765625,0.0,2549.0,2488.0,2549.0,0.0,3946716
2023-09-13,2367.71240234375,2506.550048828125,0.0,2509.0,2492.0,2494.0,0.0,1231305
2023-09-14,2362.28076171875,2500.800048828125,0.0,2514.0,2493.10009765625,2511.0,0.0,2081195
2023-09-15,2332.9033203125,2469.699951171875,0.0,2490.0,2466.0,2474.800048828125,0.0,3750697
2023-09-18,2350.803466796875,2488.64990234375,0.0,2492.949951171875,2462.0,2471.35009765625,0.0,1499641
2023-09-20,2330.211181640625,2466.85009765625,0.0,2480.0,2445.0,2449.64990234375,0.0,1795159
2023-09-21,2336.351318359375,2473.35009765625,0.0,2483.0,2442.89990234375,2466.0,0.0,2223720
2023-09-22,2344.947021484375,2482.449951171875,0.0,2490.0,2458.0,2468.0,0.0,1176741
2023-09-25,2338.712890625,2475.85009765625,0.0,2499.699951171875,2460.0,2482.449951171875,0.0,1122778
2023-09-26,2341.640869140625,2478.949951171875,0.0,2489.0,2461.25,2474.0,0.0,1263548
2023-09-27,2363.17822265625,2501.75,0.0,2504.800048828125,2469.0,2476.0,0.0,1086791
2023-09-28,2324.071533203125,2460.35009765625,0.0,2501.0,2453.199951171875,2500.0,0.0,1612346
2023-09-29,2329.030517578125,2465.60009765625,0.0,2472.800048828125,2450.5,2465.550048828125,0.0,1249567
2023-10-03,2332.147705078125,2468.89990234375,0.0,2499.0,2461.800048828125,2490.0,0.0,1585626
2023-10-04,2368.9404296875,2507.85009765625,0.0,2511.050048828125,2465.14990234375,2467.050048828125,0.0,1587335
2023-10-05,2379.9921875,2519.550048828125,0.0,2524.800048828125,2495.35009765625,2518.0,0.0,1909928
2023-10-06,2360.9580078125,2499.39990234375,0.0,2520.0,2494.0,2519.949951171875,0.0,1083342
2023-10-09,2372.19921875,2511.300048828125,0.0,2516.5,2481.0,2485.0,0.0,1468771
2023-10-10,2376.82763671875,2516.199951171875,0.0,2520.85009765625,2503.35009765625,2512.199951171875,0.0,1092373
2023-10-11,2414.801025390625,2556.39990234375,0.0,2563.949951171875,2516.25,2518.35009765625,0.0,1697398
2023-10-12,2415.367919921875,2557.0,0.0,2567.550048828125,2539.199951171875,2555.0,0.0,1625010
2023-10-13,2427.12841796875,2569.449951171875,0.0,2576.699951171875,2542.699951171875,2553.050048828125,0.0,1531977
2023-10-16,2416.595947265625,2558.300048828125,0.0,2582.0,2552.60009765625,2560.0,0.0,954899
2023-10-17,2414.565185546875,2556.14990234375,0.0,2570.0,2546.449951171875,2558.300048828125,0.0,1253538
2023-10-18,2407.102783203125,2548.25,0.0,2571.25,2539.550048828125,2570.050048828125,0.0,1084689
2023-10-19,2406.961181640625,2548.10009765625,0.0,2554.39990234375,2525.0,2525.0,0.0,1272343
2023-10-20,2356.94384765625,2495.14990234375,0.0,2543.550048828125,2485.050048828125,2520.0,0.0,3608160
2023-10-23,2345.93896484375,2483.5,0.0,2509.949951171875,2480.35009765625,2494.0,0.0,922707
2023-10-25,2340.08251953125,2477.300048828125,0.0,2490.0,2465.0,2475.050048828125,0.0,1435836
2023-10-26,2339.232177734375,2476.39990234375,0.0,2490.0,2455.64990234375,2461.0,0.0,2650560
2023-10-27,2344.5693359375,2482.050048828125,0.0,2495.0,2463.85009765625,2467.300048828125,0.0,1784812
2023-10-30,2341.59375,2478.89990234375,0.0,2492.0,2462.39990234375,2471.0,0.0,875135
2023-10-31,2346.411376953125,2484.0,0.0,2492.0,2467.800048828125,2470.199951171875,0.0,920414
2023-11-01,2335.312255859375,2472.25,0.0,2493.949951171875,2466.800048828125,2485.0,0.0,1267131
2023-11-02,2366.284912109375,2486.800048828125,18.0,2496.0,2463.300048828125,2475.0,0.0,1595123
2023-11-03,2387.646728515625,2509.25,0.0,2512.5,2485.800048828125,2497.0,0.0,1125583
2023-11-06,2376.37109375,2497.39990234375,0.0,2517.75,2491.10009765625,2515.0,0.0,1338677
2023-11-07,2375.46728515625,2496.449951171875,0.0,2505.199951171875,2485.25,2496.0,0.0,1473411
2023-11-08,2397.257568359375,2519.35009765625,0.0,2525.0,2497.699951171875,2498.0,0.0,745022
2023-11-09,2356.67431640625,2476.699951171875,0.0,2522.0,2473.050048828125,2520.050048828125,0.0,1823094
2023-11-10,2366.046875,2486.550048828125,0.0,2488.60009765625,2465.35009765625,2477.0,0.0,771062
2023-11-13,2358.0537109375,2478.14990234375,0.0,2487.199951171875,2471.0,2477.199951171875,0.0,760809
2023-11-15,2365.904052734375,2486.39990234375,0.0,2503.050048828125,2476.0,2501.89990234375,0.0,1457029
2023-11-16,2370.471435546875,2491.199951171875,0.0,2505.800048828125,2475.35009765625,2480.199951171875,0.0,1420578
2023-11-17,2406.249267578125,2528.800048828125,0.0,2533.5,2465.0,2465.0,0.0,1756043
2023-11-20,2384.982421875,2506.449951171875,0.0,2534.5,2500.0,2534.449951171875,0.0,944231
2023-11-21,2383.840576171875,2505.25,0.0,2517.0,2498.0,2505.0,0.0,1088806
2023-11-22,2399.683837890625,2521.89990234375,0.0,2524.25,2504.0,2507.75,0.0,816610
2023-11-23,2397.78076171875,2519.89990234375,0.0,2527.75,2506.199951171875,2506.199951171875,0.0,1023670
2023-11-24,2393.308349609375,2515.199951171875,0.0,2519.800048828125,2507.449951171875,2515.10009765625,0.0,735137
2023-11-28,2388.884033203125,2510.550048828125,0.0,2531.75,2500.0,2531.75,0.0,1880641
2023-11-29,2402.68115234375,2525.050048828125,0.0,2528.64990234375,2508.10009765625,2512.0,0.0,1265214
2023-11-30,2422.1875,2545.550048828125,0.0,2554.5,2516.14990234375,2516.14990234375,0.0,3095684
2023-12-01,2439.410400390625,2563.64990234375,0.0,2581.949951171875,2542.0,2547.5,0.0,1345599
2023-12-04,2476.187255859375,2602.300048828125,0.0,2608.39990234375,2575.0,2577.0,0.0,2188039
2023-12-05,2439.030029296875,2563.25,0.0,2637.0,2556.300048828125,2637.0,0.0,3108717
2023-12-06,2443.216552734375,2567.64990234375,0.0,2583.699951171875,2563.0,2570.0,0.0,1573754
2023-12-07,2396.21044921875,2518.25,0.0,2559.800048828125,2498.60009765625,2551.10009765625,0.0,3925967
2023-12-08,2400.064453125,2522.300048828125,0.0,2533.949951171875,2508.300048828125,2519.0,0.0,1605805
2023-12-11,2382.31787109375,2503.64990234375,0.0,2529.949951171875,2499.0,2522.300048828125,0.0,2012243
2023-12-12,2381.461669921875,2502.75,0.0,2518.0,2497.0,2500.0,0.0,1677929
2023-12-13,2390.168212890625,2511.89990234375,0.0,2516.699951171875,2498.050048828125,2507.85009765625,0.0,1513205
2023-12-14,2394.402587890625,2516.35009765625,0.0,2524.800048828125,2501.199951171875,2521.35009765625,0.0,2166569
2023-12-15,2400.635009765625,2522.89990234375,0.0,2532.0,2507.0,2520.0,0.0,2543337
2023-12-18,2412.624755859375,2535.5,0.0,2544.5,2515.0,2520.14990234375,0.0,1969036
2023-12-19,2436.603759765625,2560.699951171875,0.0,2566.949951171875,2535.0,2535.050048828125,0.0,1656220
2023-12-20,2433.55859375,2557.5,0.0,2572.949951171875,2547.0,2572.949951171875,0.0,1468642
2023-12-21,2429.466796875,2553.199951171875,0.0,2580.0,2536.0,2542.25,0.0,1945695
2023-12-22,2450.781494140625,2575.60009765625,0.0,2579.75,2546.800048828125,2559.199951171875,0.0,1174984
2023-12-26,2459.488037109375,2584.75,0.0,2591.64990234375,2567.050048828125,2575.60009765625,0.0,893776
2023-12-27,2481.896728515625,2608.300048828125,0.0,2612.0,2580.89990234375,2586.0,0.0,1073278
2023-12-28,2506.1611328125,2633.800048828125,0.0,2640.0,2606.85009765625,2613.85009765625,0.0,1635216
2023-12-29,2534.849853515625,2663.949951171875,0.0,2667.10009765625,2621.25,2633.800048828125,0.0,1305681
2024-01-01,2526.095703125,2654.75,0.0,2669.39990234375,2638.0,2663.85009765625,0.0,526353
2024-01-02,2487.13037109375,2613.800048828125,0.0,2653.949951171875,2607.0,2648.0,0.0,1310629
2024-01-03,2480.2314453125,2606.550048828125,0.0,2628.60009765625,2595.550048828125,2599.0,0.0,1008270
2024-01-04,2466.909912109375,2592.550048828125,0.0,2623.0,2588.050048828125,2606.550048828125,0.0,1376844
2024-01-05,2493.077392578125,2620.050048828125,0.0,2629.89990234375,2595.0,2595.0,0.0,1150738
2024-01-08,2453.30322265625,2578.25,0.0,2626.0,2566.5,2624.949951171875,0.0,1189828
2024-01-09,2454.730224609375,2579.75,0.0,2589.0,2571.550048828125,2582.550048828125,0.0,1017205
2024-01-10,2452.493896484375,2577.39990234375,0.0,2594.300048828125,2565.0,2580.0,0.0,881278
2024-01-11,2413.290771484375,2536.199951171875,0.0,2589.0,2531.85009765625,2580.0,0.0,2399600
2024-01-12,2420.713134765625,2544.0,0.0,2555.0,2511.85009765625,2533.5,0.0,2979841
2024-01-15,2448.49755859375,2573.199951171875,0.0,2578.75,2531.0,2546.0,0.0,1391204
2024-01-16,2444.596923828125,2569.10009765625,0.0,2584.60009765625,2556.35009765625,2573.199951171875,0.0,1599406
2024-01-17,2438.69677734375,2562.89990234375,0.0,2571.35009765625,2539.75,2549.0,0.0,3047652
2024-01-18,2424.518798828125,2548.0,0.0,2570.0,2537.550048828125,2570.0,0.0,1273095
2024-01-19,2441.075439453125,2565.39990234375,0.0,2573.949951171875,2532.0,2565.0,0.0,1323064
2024-01-23,2260.42626953125,2375.550048828125,0.0,2480.5,2365.449951171875,2451.0,0.0,4369332
2024-01-24,2323.322509765625,2441.64990234375,0.0,2445.89990234375,2367.14990234375,2388.0,0.0,1551469
2024-01-25,2310.61962890625,2428.300048828125,0.0,2468.0,2420.199951171875,2454.800048828125,0.0,2364765
2024-01-29,2325.939208984375,2444.39990234375,0.0,2449.0,2410.0,2410.0,0.0,1587091
2024-01-30,2339.4990234375,2458.64990234375,0.0,2494.550048828125,2447.300048828125,2454.0,0.0,1793711
2024-01-31,2361.289306640625,2481.550048828125,0.0,2485.89990234375,2441.75,2450.0,0.0,1445004
2024-02-01,2353.724609375,2473.60009765625,0.0,2511.550048828125,2468.35009765625,2475.10009765625,0.0,1727534
2024-02-02,2333.742431640625,2452.60009765625,0.0,2486.89990234375,2442.0,2477.0,0.0,1956115
2024-02-05,2302.24609375,2419.5,0.0,2464.75,2412.75,2464.0,0.0,1315445
2024-02-06,2308.764404296875,2426.35009765625,0.0,2441.35009765625,2418.050048828125,2424.949951171875,0.0,1557511
2024-02-07,2307.90771484375,2425.449951171875,0.0,2439.89990234375,2411.550048828125,2439.89990234375,0.0,1149076
2024-02-08,2299.9150390625,2417.050048828125,0.0,2441.800048828125,2399.0,2441.800048828125,0.0,1758661
2024-02-09,2306.670654296875,2424.14990234375,0.0,2428.449951171875,2406.10009765625,2417.050048828125,0.0,886474
2024-02-12,2270.03662109375,2385.64990234375,0.0,2429.85009765625,2382.0,2424.10009765625,0.0,1292460
2024-02-13,2277.98193359375,2394.0,0.0,2400.949951171875,2380.10009765625,2390.0,0.0,957865
2024-02-14,2272.22509765625,2387.949951171875,0.0,2394.0,2370.0,2385.0,0.0,1397975
2024-02-15,2236.923583984375,2350.85009765625,0.0,2384.699951171875,2346.75,2368.35009765625,0.0,2553695
2024-02-16,2260.140625,2375.25,0.0,2382.0,2357.60009765625,2369.949951171875,0.0,2363302
2024-02-19,2271.4638671875,2387.14990234375,0.0,2394.949951171875,2373.800048828125,2389.5,0.0,576683
2024-02-20,2287.5927734375,2404.10009765625,0.0,2408.449951171875,2368.199951171875,2370.10009765625,0.0,1032995
2024-02-21,2290.447265625,2407.10009765625,0.0,2422.800048828125,2394.10009765625,2404.10009765625,0.0,1127778
2024-02-22,2272.3681640625,2388.10009765625,0.0,2420.300048828125,2365.75,2420.300048828125,0.0,2258516
2024-02-23,2278.0771484375,2394.10009765625,0.0,2405.5,2383.949951171875,2388.550048828125,0.0,1210775
2024-02-26,2287.7353515625,2404.25,0.0,2406.550048828125,2380.0,2391.10009765625,0.0,831596
2024-02-27,2288.734619140625,2405.300048828125,0.0,2408.949951171875,2389.14990234375,2404.050048828125,0.0,1120424
2024-02-28,2304.197021484375,2421.550048828125,0.0,2425.0,2401.0,2411.10009765625,0.0,629152
2024-02-29,2295.395263671875,2412.300048828125,0.0,2428.800048828125,2397.25,2425.0,0.0,2848084
2024-03-01,2292.921142578125,2409.699951171875,0.0,2438.800048828125,2404.0,2416.949951171875,0.0,2326244
2024-03-04,2304.625244140625,2422.0,0.0,2427.89990234375,2404.39990234375,2416.199951171875,0.0,1501261
2024-03-05,2283.548583984375,2399.85009765625,0.0,2420.0,2391.10009765625,2405.0,0.0,1587199
2024-03-06,2284.452880859375,2400.800048828125,0.0,2408.85009765625,2375.300048828125,2404.0,0.0,1354111
2024-03-07,2302.2939453125,2419.550048828125,0.0,2426.0,2403.0,2404.949951171875,0.0,1820704
2024-03-11,2274.033203125,2389.85009765625,0.0,2413.0,2383.550048828125,2409.0,0.0,2040761
2024-03-12,2262.900146484375,2378.14990234375,0.0,2385.0,2360.800048828125,2380.0,0.0,1012157
2024-03-13,2200.52685546875,2312.60009765625,0.0,2375.0,2303.85009765625,2375.0,0.0,2322669
2024-03-14,2221.460693359375,2334.60009765625,0.0,2341.699951171875,2301.85009765625,2304.85009765625,0.0,2292515
2024-03-15,2214.895263671875,2327.699951171875,0.0,2336.949951171875,2315.89990234375,2330.050048828125,0.0,2751403
2024-03-18,2188.489990234375,2299.949951171875,0.0,2325.0,2297.0,2320.800048828125,0.0,2487402
2024-03-19,2157.089111328125,2266.949951171875,0.0,2303.89990234375,2246.85009765625,2283.25,0.0,4220638
2024-03-20,2133.30078125,2241.949951171875,0.0,2265.449951171875,2240.0,2250.0,0.0,2995013
2024-03-21,2133.681396484375,2242.35009765625,0.0,2259.14990234375,2234.0,2234.0,0.0,3504486
2024-03-22,2147.193115234375,2256.550048828125,0.0,2266.0,2232.050048828125,2239.050048828125,0.0,3507809
2024-03-26,2131.445068359375,2240.0,0.0,2259.14990234375,2232.0,2232.10009765625,0.0,3027027
2024-03-27,2131.159912109375,2239.699951171875,0.0,2263.0,2236.0,2250.0,0.0,2168861
2024-03-28,2154.615234375,2264.35009765625,0.0,2287.89990234375,2240.10009765625,2245.0,0.0,3186360
2024-04-01,2175.12060546875,2285.89990234375,0.0,2295.0,2262.0,2270.0,0.0,1427873
2024-04-02,2175.882080078125,2286.699951171875,0.0,2298.0,2277.050048828125,2298.0,0.0,1221495
2024-04-03,2155.424072265625,2265.199951171875,0.0,2281.85009765625,2261.050048828125,2281.85009765625,0.0,1175309
2024-04-04,2155.18603515625,2264.949951171875,0.0,2282.0,2249.25,2270.0,0.0,1890255
2024-04-05,2157.089111328125,2266.949951171875,0.0,2280.5,2258.10009765625,2264.949951171875,0.0,1153449
2024-04-08,2158.992431640625,2268.949951171875,0.0,2288.949951171875,2267.199951171875,2277.0,0.0,1127294
2024-04-09,2154.4248046875,2264.14990234375,0.0,2274.60009765625,2255.75,2271.0,0.0,1189343
2024-04-10,2151.33251953125,2260.89990234375,0.0,2276.89990234375,2257.699951171875,2276.89990234375,0.0,2308993
2024-04-12,2124.11865234375,2232.300048828125,0.0,2264.85009765625,2228.60009765625,2260.89990234375,0.0,3388551
2024-04-15,2087.721923828125,2194.050048828125,0.0,2227.75,2190.0,2227.699951171875,0.0,4909564
2024-04-16,2113.175537109375,2220.800048828125,0.0,2231.25,2172.050048828125,2183.0,0.0,2821129
2024-04-18,2107.466552734375,2214.800048828125,0.0,2237.699951171875,2209.050048828125,2215.050048828125,0.0,3392171
2024-04-19,2123.452392578125,2231.60009765625,0.0,2243.75,2196.0,2220.0,0.0,2337694
2024-04-22,2132.87255859375,2241.5,0.0,2253.550048828125,2229.050048828125,2250.0,0.0,1804108
2024-04-23,2153.092529296875,2262.75,0.0,2273.5,2248.699951171875,2253.0,0.0,1991778
2024-04-24,2150.7138671875,2260.25,0.0,2268.35009765625,2245.64990234375,2266.050048828125,0.0,1404398
2024-04-25,2122.73876953125,2230.85009765625,0.0,2239.85009765625,2215.10009765625,2238.050048828125,0.0,4951866
2024-04-26,2114.935791015625,2222.64990234375,0.0,2255.0,2218.60009765625,2245.0,0.0,2307512
2024-04-29,2118.21875,2226.10009765625,0.0,2234.0,2220.0,2234.0,0.0,1395292
2024-04-30,2122.358154296875,2230.449951171875,0.0,2240.25,2225.0,2232.050048828125,0.0,2119102
2024-05-02,2118.4091796875,2226.300048828125,0.0,2243.199951171875,2205.050048828125,2205.050048828125,0.0,2140383
2024-05-03,2109.607421875,2217.050048828125,0.0,2235.64990234375,2204.0,2232.0,0.0,2595307
2024-05-06,2146.85986328125,2256.199951171875,0.0,2261.5,2212.0,2225.0,0.0,1619256
2024-05-07,2264.089599609375,2379.39990234375,0.0,2389.60009765625,2259.0,2266.0,0.0,8277810
2024-05-08,2227.59814453125,2341.050048828125,0.0,2372.25,2325.0,2366.39990234375,0.0,1813439
2024-05-09,2212.944091796875,2325.64990234375,0.0,2362.10009765625,2319.449951171875,2340.60009765625,0.0,1558987
2024-05-10,2248.056396484375,2362.550048828125,0.0,2371.0,2321.0,2321.0,0.0,2610266
2024-05-13,2246.248046875,2360.64990234375,0.0,2381.64990234375,2347.89990234375,2374.0,0.0,1170617
2024-05-14,2235.733642578125,2349.60009765625,0.0,2372.300048828125,2346.75,2360.60009765625,0.0,689430
2024-05-15,2210.70849609375,2323.300048828125,0.0,2355.800048828125,2317.64990234375,2349.550048828125,0.0,812282
2024-05-16,2229.59619140625,2343.14990234375,0.0,2348.10009765625,2301.35009765625,2337.0,0.0,1880021
2024-05-17,2207.9013671875,2320.35009765625,0.0,2351.89990234375,2315.10009765625,2351.89990234375,0.0,1264582
2024-05-21,2198.71875,2310.699951171875,0.0,2324.800048828125,2301.75,2307.0,0.0,1663959
2024-05-22,2252.195556640625,2366.89990234375,0.0,2374.0,2310.699951171875,2311.0,0.0,1914851
2024-05-23,2267.039306640625,2382.5,0.0,2386.800048828125,2355.0,2366.89990234375,0.0,1614718
2024-05-24,2254.240966796875,2369.050048828125,0.0,2383.25,2364.699951171875,2378.5,0.0,974100
2024-05-27,2268.9423828125,2384.5,0.0,2399.949951171875,2362.5,2369.050048828125,0.0,1116934
2024-05-28,2279.837646484375,2395.949951171875,0.0,2409.0,2378.550048828125,2390.0,0.0,1631747
2024-05-29,2258.380615234375,2373.39990234375,0.0,2395.0,2369.39990234375,2381.199951171875,0.0,1592495
2024-05-30,2237.4462890625,2351.39990234375,0.0,2372.449951171875,2334.050048828125,2368.0,0.0,1837380
2024-05-31,2216.179931640625,2329.050048828125,0.0,2377.449951171875,2317.60009765625,2353.0,0.0,5529186
2024-06-03,2241.728515625,2355.89990234375,0.0,2387.449951171875,2344.300048828125,2381.0,0.0,1207445
2024-06-04,2375.32470703125,2496.300048828125,0.0,2510.050048828125,2342.10009765625,2374.0,0.0,7826048
2024-06-05,2476.61572265625,2602.75,0.0,2723.949951171875,2525.0,2533.550048828125,0.0,11061076
2024-06-06,2426.04150390625,2549.60009765625,0.0,2600.0,2518.0,2600.0,0.0,4102547
2024-06-07,2452.875,2577.800048828125,0.0,2596.5,2525.0,2555.300048828125,0.0,3974253
2024-06-10,2441.02783203125,2565.35009765625,0.0,2593.64990234375,2546.0,2579.0,0.0,1449122
2024-06-11,2432.46435546875,2556.35009765625,0.0,2576.699951171875,2551.300048828125,2566.0,0.0,1402423
2024-06-12,2406.154052734375,2528.699951171875,0.0,2568.0,2517.0,2568.0,0.0,1754677
2024-06-13,2366.85546875,2487.39990234375,0.0,2505.800048828125,2446.449951171875,2487.949951171875,0.0,3123098
2024-06-14,2382.56494140625,2479.75,24.0,2510.39990234375,2470.39990234375,2473.0,0.0,1729552
2024-06-18,2388.81005859375,2486.25,0.0,2498.0,2473.14990234375,2479.89990234375,0.0,1820933
2024-06-19,2360.706787109375,2457.0,0.0,2495.0,2451.5,2495.0,0.0,986976
2024-06-20,2384.9189453125,2482.199951171875,0.0,2490.0,2446.64990234375,2457.0,0.0,2163310
2024-06-21,2345.621826171875,2441.300048828125,0.0,2478.0,2426.550048828125,2475.0,0.0,3646215
2024-06-24,2346.486572265625,2442.199951171875,0.0,2467.85009765625,2427.050048828125,2435.0,0.0,1945519
2024-06-25,2336.87841796875,2432.199951171875,0.0,2446.699951171875,2427.89990234375,2439.35009765625,0.0,833789
2024-06-26,2349.75341796875,2445.60009765625,0.0,2467.0,2432.39990234375,2437.0,0.0,1738656
2024-06-27,2365.654541015625,2462.14990234375,0.0,2483.199951171875,2436.0,2449.949951171875,0.0,3402726
2024-06-28,2376.12744140625,2473.050048828125,0.0,2490.5,2462.85009765625,2463.0,0.0,2129791
2024-07-01,2406.921630859375,2505.10009765625,0.0,2523.0,2450.10009765625,2461.050048828125,0.0,3312865
2024-07-02,2387.753173828125,2485.14990234375,0.0,2515.0,2479.35009765625,2515.0,0.0,1305210
2024-07-03,2411.9658203125,2510.35009765625,0.0,2519.85009765625,2474.300048828125,2486.64990234375,0.0,1406405
2024-07-04,2398.1298828125,2495.949951171875,0.0,2536.85009765625,2492.89990234375,2515.050048828125,0.0,1977010
2024-07-05,2447.17919921875,2547.0,0.0,2554.0,2495.949951171875,2495.949951171875,0.0,1754286
2024-07-08,2485.755615234375,2587.14990234375,0.0,2595.0,2536.25,2560.0,0.0,2818809
2024-07-09,2488.637939453125,2590.14990234375,0.0,2614.0,2568.0,2587.14990234375,0.0,1479529
2024-07-10,2508.142578125,2610.449951171875,0.0,2626.0,2573.0,2581.0,0.0,1764036
2024-07-11,2506.605224609375,2608.85009765625,0.0,2617.050048828125,2590.050048828125,2617.0,0.0,1432671
2024-07-12,2519.47998046875,2622.25,0.0,2639.5,2601.0,2601.0,0.0,1912642
2024-07-15,2517.606689453125,2620.300048828125,0.0,2629.25,2613.64990234375,2628.0,0.0,920101
2024-07-16,2583.085693359375,2688.449951171875,0.0,2725.0,2624.550048828125,2625.949951171875,0.0,3298003
2024-07-18,2631.077880859375,2738.39990234375,0.0,2751.199951171875,2655.0,2700.0,0.0,5569762
2024-07-19,2620.125,2727.0,0.0,2743.0,2715.949951171875,2739.0,0.0,1668862
2024-07-22,2628.099365234375,2735.300048828125,0.0,2749.949951171875,2705.64990234375,2705.699951171875,0.0,1911629
2024-07-23,2657.932861328125,2766.35009765625,0.0,2811.300048828125,2732.0,2746.0,0.0,3906259
2024-07-24,2610.564697265625,2717.050048828125,0.0,2757.449951171875,2675.10009765625,2748.0,0.0,3611927
2024-07-25,2601.100830078125,2707.199951171875,0.0,2724.85009765625,2670.0,2717.050048828125,0.0,2166670
2024-07-26,2604.800048828125,2711.050048828125,0.0,2727.0,2687.25,2724.0,0.0,2135309
2024-07-29,2605.328369140625,2711.60009765625,0.0,2720.0,2692.800048828125,2711.199951171875,0.0,957011
2024-07-30,2585.919921875,2691.39990234375,0.0,2754.35009765625,2685.39990234375,2715.60009765625,0.0,1560399
2024-07-31,2599.611572265625,2705.64990234375,0.0,2709.64990234375,2675.050048828125,2705.0,0.0,1751085
2024-08-01,2609.123779296875,2715.550048828125,0.0,2724.949951171875,2695.199951171875,2714.0,0.0,1886392
2024-08-02,2587.025146484375,2692.550048828125,0.0,2759.5,2681.14990234375,2712.0,0.0,1738872
2024-08-05,2609.459716796875,2715.89990234375,0.0,2742.0,2666.199951171875,2675.949951171875,0.0,3118731
2024-08-06,2642.271484375,2750.050048828125,0.0,2771.75,2708.64990234375,2720.10009765625,0.0,2296031
2024-08-07,2636.506591796875,2744.050048828125,0.0,2781.85009765625,2735.5,2781.699951171875,0.0,1713875
2024-08-08,2626.081787109375,2733.199951171875,0.0,2759.25,2720.39990234375,2754.0,0.0,1464161
2024-08-09,2639.533203125,2747.199951171875,0.0,2758.0,2718.60009765625,2756.0,0.0,1284031
2024-08-12,2640.974365234375,2748.699951171875,0.0,2763.39990234375,2722.39990234375,2738.0,0.0,1297178
2024-08-13,2633.96044921875,2741.39990234375,0.0,2757.64990234375,2730.10009765625,2742.0,0.0,1051237
2024-08-14,2615.368896484375,2722.050048828125,0.0,2742.550048828125,2706.60009765625,2741.0,0.0,946995
2024-08-16,2640.5419921875,2748.25,0.0,2753.60009765625,2710.699951171875,2737.89990234375,0.0,1727926
2024-08-19,2635.0654296875,2742.550048828125,0.0,2759.75,2737.050048828125,2750.050048828125,0.0,1130327
2024-08-20,2643.232421875,2751.050048828125,0.0,2756.25,2735.050048828125,2742.550048828125,0.0,1097889
2024-08-21,2681.80859375,2791.199951171875,0.0,2795.10009765625,2742.949951171875,2749.5,0.0,1417729
2024-08-22,2683.34619140625,2792.800048828125,0.0,2810.0,2782.10009765625,2802.949951171875,0.0,1552947
2024-08-23,2705.252685546875,2815.60009765625,0.0,2821.0,2771.35009765625,2799.199951171875,0.0,2111401
2024-08-26,2710.5849609375,2821.14990234375,0.0,2834.949951171875,2803.60009765625,2815.60009765625,0.0,1152244
2024-08-27,2658.460693359375,2766.89990234375,0.0,2824.10009765625,2759.550048828125,2809.0,0.0,1357212
2024-08-28,2656.010986328125,2764.35009765625,0.0,2781.75,2745.75,2760.0,0.0,1723549
2024-08-29,2676.092041015625,2785.25,0.0,2810.0,2745.0,2769.949951171875,0.0,2129934
2024-08-30,2669.1259765625,2778.0,0.0,2816.300048828125,2760.10009765625,2795.699951171875,0.0,4029712
2024-09-02,2679.7431640625,2789.050048828125,0.0,2808.89990234375,2779.0,2794.0,0.0,957950
2024-09-03,2684.787353515625,2794.300048828125,0.0,2827.949951171875,2775.0,2780.0,0.0,2022116
2024-09-04,2729.897216796875,2841.25,0.0,2843.85009765625,2771.64990234375,2780.0,0.0,1640986
2024-09-05,2727.206787109375,2838.449951171875,0.0,2855.0,2823.64990234375,2840.050048828125,0.0,1945173
2024-09-06,2727.68701171875,2838.949951171875,0.0,2866.449951171875,2828.10009765625,2828.10009765625,0.0,1672730
2024-09-09,2807.290283203125,2921.800048828125,0.0,2938.199951171875,2843.199951171875,2853.10009765625,0.0,3342754
2024-09-10,2784.99951171875,2898.60009765625,0.0,2937.60009765625,2887.5,2934.0,0.0,1536584
2024-09-11,2790.33203125,2904.14990234375,0.0,2950.0,2898.10009765625,2911.60009765625,0.0,1913665
2024-09-12,2840.534423828125,2956.39990234375,0.0,2963.39990234375,2894.199951171875,2911.0,0.0,2454564
2024-09-13,2818.003173828125,2932.949951171875,0.0,2956.39990234375,2918.5,2956.39990234375,0.0,1902001
2024-09-16,2754.734130859375,2867.10009765625,0.0,2910.0,2807.39990234375,2910.0,0.0,1489057
2024-09-17,2760.883056640625,2873.5,0.0,2913.89990234375,2860.10009765625,2867.10009765625,0.0,1098661
2024-09-18,2763.141357421875,2875.85009765625,0.0,2893.550048828125,2861.699951171875,2874.0,0.0,464796
2024-09-19,2797.63427734375,2911.75,0.0,2934.300048828125,2873.35009765625,2876.25,0.0,1713010
2024-09-20,2860.903564453125,2977.60009765625,0.0,2989.35009765625,2895.39990234375,2924.800048828125,0.0,3641632
2024-09-23,2909.856689453125,3028.550048828125,0.0,3035.0,2969.949951171875,2980.0,0.0,1300470
2024-09-24,2834.91357421875,2950.550048828125,0.0,3020.0,2946.10009765625,3020.0,0.0,1929308
2024-09-25,2833.376220703125,2948.949951171875,0.0,2960.35009765625,2905.10009765625,2950.550048828125,0.0,1055354
2024-09-26,2869.070556640625,2986.10009765625,0.0,2992.85009765625,2941.199951171875,2951.10009765625,0.0,1902889
2024-09-27,2849.998291015625,2966.25,0.0,3030.0,2952.75,2986.10009765625,0.0,2977081
2024-09-30,2842.360107421875,2958.300048828125,0.0,2997.89990234375,2942.60009765625,2964.199951171875,0.0,1627702
2024-10-01,2809.1640625,2923.75,0.0,2962.699951171875,2891.39990234375,2962.699951171875,0.0,1184642
2024-10-03,2779.95556640625,2893.35009765625,0.0,2923.10009765625,2861.10009765625,2908.75,0.0,1233447
2024-10-04,2737.103271484375,2848.75,0.0,2914.0,2817.050048828125,2891.0,0.0,2456486
2024-10-07,2722.354736328125,2833.39990234375,0.0,2866.449951171875,2825.050048828125,2845.0,0.0,1280975
2024-10-08,2708.327392578125,2818.800048828125,0.0,2886.0,2798.699951171875,2844.0,0.0,1761488
2024-10-09,2660.430908203125,2768.949951171875,0.0,2825.85009765625,2760.699951171875,2823.39990234375,0.0,1476282
2024-10-10,2646.7392578125,2754.699951171875,0.0,2787.39990234375,2733.199951171875,2770.0,0.0,2065078
2024-10-11,2674.1220703125,2783.199951171875,0.0,2790.0,2737.050048828125,2764.800048828125,0.0,679307
2024-10-14,2679.791015625,2789.10009765625,0.0,2804.699951171875,2765.0,2791.60009765625,0.0,874010
2024-10-15,2672.440673828125,2781.449951171875,0.0,2799.300048828125,2765.25,2793.10009765625,0.0,1082666
2024-10-16,2672.2490234375,2781.25,0.0,2797.550048828125,2755.60009765625,2789.14990234375,0.0,1170797
2024-10-17,2631.31787109375,2738.64990234375,0.0,2782.0,2723.449951171875,2779.449951171875,0.0,1368242
2024-10-18,2610.613037109375,2717.10009765625,0.0,2740.0,2693.449951171875,2738.64990234375,0.0,1137277
2024-10-21,2587.98583984375,2693.550048828125,0.0,2738.0,2680.449951171875,2715.0,0.0,792345
2024-10-22,2576.60009765625,2681.699951171875,0.0,2710.0,2673.75,2685.10009765625,0.0,1272253
2024-10-23,2555.078369140625,2659.300048828125,0.0,2693.050048828125,2621.0,2621.0,0.0,1431962
2024-10-24,2406.921630859375,2505.10009765625,0.0,2647.0,2452.60009765625,2647.0,0.0,9216267
2024-10-25,2428.97216796875,2528.050048828125,0.0,2540.0,2500.10009765625,2502.300048828125,0.0,2761166
2024-10-28,2474.8505859375,2575.800048828125,0.0,2589.60009765625,2520.10009765625,2544.0,0.0,852829
2024-10-29,2447.8037109375,2547.64990234375,0.0,2585.699951171875,2536.0,2585.699951171875,0.0,1695654
2024-10-30,2454.81787109375,2554.949951171875,0.0,2563.300048828125,2533.39990234375,2557.0,0.0,1200637
2024-10-31,2429.164306640625,2528.25,0.0,2563.5,2524.10009765625,2554.949951171875,0.0,1901355
2024-11-01,2438.0517578125,2537.5,0.0,2545.949951171875,2511.35009765625,2543.949951171875,0.0,118532
2024-11-04,2425.849365234375,2524.800048828125,0.0,2547.0,2503.5,2547.0,0.0,1097260
2024-11-05,2422.53466796875,2521.35009765625,0.0,2530.25,2507.0,2520.0,0.0,702046
2024-11-06,2430.650634765625,2500.699951171875,29.0,2522.10009765625,2495.0,2515.199951171875,0.0,1219166
2024-11-07,2406.156494140625,2475.5,0.0,2509.89990234375,2466.10009765625,2500.699951171875,0.0,1322446
2024-11-08,2437.45458984375,2507.699951171875,0.0,2515.25,2467.300048828125,2483.949951171875,0.0,1700877
2024-11-11,2421.27099609375,2491.050048828125,0.0,2514.89990234375,2475.050048828125,2509.0,0.0,1175577
2024-11-12,2392.548828125,2461.5,0.0,2496.949951171875,2456.0,2495.0,0.0,1624222
2024-11-13,2395.902099609375,2464.949951171875,0.0,2472.800048828125,2450.39990234375,2462.10009765625,0.0,1262017
2024-11-14,2322.27392578125,2389.199951171875,0.0,2464.699951171875,2383.699951171875,2460.39990234375,0.0,2443393
2024-11-18,2355.030029296875,2422.89990234375,0.0,2425.0,2375.75,2401.14990234375,0.0,1374215
2024-11-19,2342.83154296875,2410.35009765625,0.0,2440.199951171875,2405.10009765625,2431.89990234375,0.0,1133370
2024-11-21,2316.053466796875,2382.800048828125,0.0,2424.75,2376.10009765625,2424.75,0.0,1291829
2024-11-22,2376.75390625,2445.25,0.0,2452.10009765625,2377.85009765625,2390.949951171875,0.0,1696471
2024-11-25,2402.219970703125,2471.449951171875,0.0,2505.699951171875,2457.60009765625,2470.0,0.0,4368045
2024-11-26,2409.7529296875,2479.199951171875,0.0,2494.949951171875,2460.39990234375,2486.25,0.0,982442
2024-11-27,2417.237060546875,2486.89990234375,0.0,2492.949951171875,2458.0,2475.14990234375,0.0,948232
2024-11-28,2393.22900390625,2462.199951171875,0.0,2539.14990234375,2453.199951171875,2486.0,0.0,2540530
2024-11-29,2426.22802734375,2496.14990234375,0.0,2507.5,2455.10009765625,2455.10009765625,0.0,1795164
2024-12-02,2409.704345703125,2479.14990234375,0.0,2490.5,2460.550048828125,2485.0,0.0,1006993
2024-12-03,2413.30078125,2482.85009765625,0.0,2491.449951171875,2466.0,2480.0,0.0,1641588
2024-12-04,2395.46484375,2464.5,0.0,2493.0,2456.550048828125,2481.10009765625,0.0,1321495
2024-12-05,2424.7216796875,2494.60009765625,0.0,2515.0,2450.050048828125,2465.60009765625,0.0,2071795
2024-12-06,2414.224365234375,2483.800048828125,0.0,2495.800048828125,2475.0,2495.0,0.0,1308086
2024-12-09,2333.50048828125,2400.75,0.0,2476.949951171875,2383.300048828125,2465.0,0.0,3385021
2024-12-10,2330.196044921875,2397.35009765625,0.0,2413.0,2388.300048828125,2408.699951171875,0.0,2063838
2024-12-11,2334.083740234375,2401.35009765625,0.0,2409.35009765625,2385.0,2405.0,0.0,1718225
2024-12-12,2279.263427734375,2344.949951171875,0.0,2399.949951171875,2338.0,2385.050048828125,0.0,3231056
2024-12-13,2323.14892578125,2390.10009765625,0.0,2394.550048828125,2333.449951171875,2344.949951171875,0.0,2260902
2024-12-16,2299.86962890625,2366.14990234375,0.0,2393.0,2363.0,2390.300048828125,0.0,1247552
2024-12-17,2297.051025390625,2363.25,0.0,2380.0,2353.35009765625,2353.35009765625,0.0,2131569
2024-12-18,2293.114501953125,2359.199951171875,0.0,2383.0,2350.050048828125,2350.050048828125,0.0,988403
2024-12-19,2293.74609375,2359.85009765625,0.0,2386.949951171875,2336.0,2347.0,0.0,1655915
2024-12-20,2268.52294921875,2333.89990234375,0.0,2373.5,2324.64990234375,2352.10009765625,0.0,2069691
2024-12-23,2273.383056640625,2338.89990234375,0.0,2351.75,2315.25,2337.0,0.0,1066199
2024-12-24,2270.126708984375,2335.550048828125,0.0,2356.949951171875,2331.10009765625,2331.10009765625,0.0,683646
2024-12-26,2267.4052734375,2332.75,0.0,2341.85009765625,2324.699951171875,2332.25,0.0,1033769
2024-12-27,2275.667236328125,2341.25,0.0,2345.64990234375,2328.25,2343.0,0.0,556816
2024-12-30,2277.854248046875,2343.5,0.0,2359.14990234375,2325.0,2341.5,0.0,924180
2024-12-31,2261.6708984375,2326.85009765625,0.0,2352.64990234375,2323.25,2340.0,0.0,1878762
2025-01-01,2257.0537109375,2322.10009765625,0.0,2337.14990234375,2320.25,2325.0,0.0,559893
2025-01-02,2303.611572265625,2370.0,0.0,2379.64990234375,2315.5,2330.0,0.0,1650744
2025-01-03,2338.84619140625,2406.25,0.0,2414.60009765625,2364.800048828125,2381.85009765625,0.0,1274239
2025-01-06,2309.637939453125,2376.199951171875,0.0,2418.949951171875,2361.64990234375,2418.0,0.0,900419
2025-01-07,2323.829345703125,2390.800048828125,0.0,2402.25,2375.25,2377.14990234375,0.0,922768
2025-01-08,2333.743408203125,2401.0,0.0,2409.0,2368.0,2391.0,0.0,953351
2025-01-09,2367.179931640625,2435.39990234375,0.0,2473.64990234375,2386.39990234375,2405.050048828125,0.0,2425267
2025-01-10,2373.6435546875,2442.050048828125,0.0,2456.0,2413.800048828125,2435.39990234375,0.0,1651911
2025-01-13,2382.343017578125,2451.0,0.0,2460.5,2409.050048828125,2417.050048828125,0.0,2595013
2025-01-14,2301.619140625,2367.949951171875,0.0,2468.0,2364.10009765625,2465.0,0.0,2052741
2025-01-15,2306.528076171875,2373.0,0.0,2384.89990234375,2350.10009765625,2373.89990234375,0.0,1215150
2025-01-16,2279.312255859375,2345.0,0.0,2380.0,2326.050048828125,2376.949951171875,0.0,2762596
2025-01-17,2288.059814453125,2354.0,0.0,2379.300048828125,2343.0,2350.0,0.0,1333005
2025-01-20,2279.506591796875,2345.199951171875,0.0,2368.0,2335.64990234375,2356.449951171875,0.0,1382273
2025-01-21,2274.938232421875,2340.5,0.0,2377.300048828125,2332.449951171875,2353.5,0.0,1842885
2025-01-22,2277.319580078125,2342.949951171875,0.0,2362.0,2332.199951171875,2342.550048828125,0.0,2658047
2025-01-23,2256.66455078125,2321.699951171875,0.0,2341.300048828125,2253.85009765625,2315.0,0.0,3408925
2025-01-24,2301.764892578125,2368.10009765625,0.0,2380.800048828125,2323.0,2332.85009765625,0.0,1688664
2025-01-27,2325.82177734375,2392.85009765625,0.0,2409.699951171875,2361.14990234375,2365.0,0.0,2477358
2025-01-28,2321.933837890625,2388.85009765625,0.0,2407.0,2379.449951171875,2401.0,0.0,1892156
2025-01-29,2317.1708984375,2383.949951171875,0.0,2396.0,2364.0,2385.14990234375,0.0,699576
2025-01-30,2341.2763671875,2408.75,0.0,2425.0,2384.0,2384.0,0.0,1419960
2025-01-31,2399.644287109375,2468.800048828125,0.0,2479.0,2401.5,2401.5,0.0,2116148
2025-02-01,2435.850830078125,2506.050048828125,0.0,2602.0,2435.14990234375,2475.0,0.0,2970999
2025-02-03,2373.54638671875,2441.949951171875,0.0,2520.0,2416.5,2505.0,0.0,2528480
2025-02-04,2369.755859375,2438.050048828125,0.0,2450.0,2402.85009765625,2450.0,0.0,1992474
2025-02-05,2324.072265625,2391.050048828125,0.0,2453.0,2387.0,2453.0,0.0,1357416
2025-02-06,2306.236083984375,2372.699951171875,0.0,2408.949951171875,2360.300048828125,2400.0,0.0,1132113
2025-02-07,2297.63427734375,2363.85009765625,0.0,2381.949951171875,2336.10009765625,2380.0,0.0,855602
2025-02-10,2295.301513671875,2361.449951171875,0.0,2398.0,2352.050048828125,2370.89990234375,0.0,1326354
2025-02-11,2250.3955078125,2315.25,0.0,2377.949951171875,2296.550048828125,2371.0,0.0,1389260
2025-02-12,2267.162353515625,2332.5,0.0,2339.89990234375,2305.10009765625,2325.699951171875,0.0,1341909
2025-02-13,2256.470458984375,2321.5,0.0,2345.60009765625,2313.35009765625,2330.10009765625,0.0,1334967
2025-02-14,2253.40869140625,2318.35009765625,0.0,2366.0,2313.39990234375,2322.0,0.0,1135380
2025-02-17,2264.149169921875,2329.39990234375,0.0,2336.0,2300.0,2318.35009765625,0.0,1409168
2025-02-18,2231.684814453125,2296.0,0.0,2338.550048828125,2288.0,2329.39990234375,0.0,1035705
2025-02-19,2187.3623046875,2250.39990234375,0.0,2305.699951171875,2248.0,2298.75,0.0,1521343
2025-02-20,2185.078125,2248.050048828125,0.0,2254.449951171875,2226.5,2250.39990234375,0.0,2206196
2025-02-21,2178.85693359375,2241.64990234375,0.0,2253.550048828125,2226.39990234375,2248.050048828125,0.0,1781509
2025-02-24,2178.66259765625,2241.449951171875,0.0,2251.0,2218.800048828125,2230.0,0.0,1627949
2025-02-25,2196.0126953125,2259.300048828125,0.0,2269.60009765625,2237.949951171875,2243.0,0.0,1988040
2025-02-27,2182.064697265625,2244.949951171875,0.0,2269.64990234375,2233.10009765625,2269.64990234375,0.0,1699658
2025-02-28,2128.896728515625,2190.25,0.0,2249.60009765625,2185.85009765625,2245.050048828125,0.0,3683249
2025-03-03,2115.87255859375,2176.85009765625,0.0,2199.0,2158.5,2199.0,0.0,1306470
2025-03-04,2096.918701171875,2157.35009765625,0.0,2180.0,2136.0,2179.949951171875,0.0,1800330
2025-03-05,2109.6513671875,2170.449951171875,0.0,2191.89990234375,2150.0,2152.0,0.0,1145673
2025-03-06,2156.79296875,2218.949951171875,0.0,2229.800048828125,2163.75,2175.0,0.0,1856868
2025-03-07,2142.79638671875,2204.550048828125,0.0,2226.699951171875,2189.199951171875,2226.699951171875,0.0,1738356
2025-03-10,2184.7861328125,2247.75,0.0,2267.14990234375,2194.64990234375,2208.0,0.0,1242387
2025-03-11,2154.848876953125,2216.949951171875,0.0,2262.449951171875,2211.25,2240.0,0.0,1325891
2025-03-12,2131.47265625,2192.89990234375,0.0,2229.949951171875,2185.0,2217.35009765625,0.0,1526212
2025-03-13,2113.8798828125,2174.800048828125,0.0,2209.949951171875,2164.449951171875,2185.0,0.0,1845629
2025-03-17,2110.42919921875,2171.25,0.0,2195.449951171875,2156.5,2161.0,0.0,1111886
2025-03-18,2110.42919921875,2171.25,0.0,2171.25,2171.25,2171.25,0.0,0
2025-03-19,2138.422607421875,2200.050048828125,0.0,2212.85009765625,2193.449951171875,2207.0,0.0,1341405
2025-03-20,2179.586181640625,2242.39990234375,0.0,2248.89990234375,2188.449951171875,2203.89990234375,0.0,1426689
2025-03-21,2183.27978515625,2246.199951171875,0.0,2255.199951171875,2225.800048828125,2245.0,0.0,2152415
2025-03-24,2192.99951171875,2256.199951171875,0.0,2266.0,2241.0,2250.25,0.0,1454404
2025-03-25,2207.6767578125,2271.300048828125,0.0,2292.0,2243.35009765625,2250.75,0.0,2229340
2025-03-26,2183.03662109375,2245.949951171875,0.0,2279.89990234375,2237.800048828125,2272.0,0.0,1416907
2025-03-27,2181.773193359375,2244.64990234375,0.0,2260.89990234375,2200.0,2244.199951171875,0.0,3752627
2025-03-28,2195.5751953125,2258.85009765625,0.0,2296.0,2240.300048828125,2247.0,0.0,2280152
2025-04-01,2171.27587890625,2233.85009765625,0.0,2284.64990234375,2220.0,2259.0,0.0,2495962
2025-04-02,2175.212158203125,2237.89990234375,0.0,2243.699951171875,2190.050048828125,2243.699951171875,0.0,1351493
2025-04-03,2181.676025390625,2244.550048828125,0.0,2252.89990234375,2220.60009765625,2225.449951171875,0.0,1310088
2025-04-04,2181.676025390625,2244.550048828125,0.0,2267.050048828125,2222.0,2230.0,0.0,1120226
2025-04-07,2186.389892578125,2249.39990234375,0.0,2261.60009765625,2150.0,2150.0,0.0,3435185
2025-04-08,2225.12353515625,2289.25,0.0,2306.199951171875,2252.35009765625,2268.300048828125,0.0,2774874
2025-04-09,2284.172119140625,2350.0,0.0,2354.14990234375,2289.5,2293.949951171875,0.0,2989089
2025-04-11,2299.86962890625,2366.14990234375,0.0,2394.85009765625,2344.35009765625,2394.60009765625,0.0,3836083
2025-04-15,2295.35009765625,2361.5,0.0,2400.0,2345.199951171875,2400.0,0.0,3042779
2025-04-16,2300.30712890625,2366.60009765625,0.0,2376.0,2351.0,2351.0,0.0,1131979
2025-04-17,2308.4716796875,2375.0,0.0,2379.89990234375,2343.10009765625,2357.10009765625,0.0,1962402
2025-04-21,2285.14404296875,2351.0,0.0,2372.39990234375,2348.800048828125,2368.10009765625,0.0,1478430
2025-04-22,2331.5078125,2398.699951171875,0.0,2406.0,2355.10009765625,2370.0,0.0,2352346
2025-04-23,2355.90478515625,2423.800048828125,0.0,2438.0,2393.39990234375,2410.0,0.0,2226066
2025-04-24,2260.164306640625,2325.300048828125,0.0,2487.39990234375,2317.10009765625,2423.800048828125,0.0,7065430
2025-04-25,2266.87060546875,2332.199951171875,0.0,2341.89990234375,2294.39990234375,2331.89990234375,0.0,2859858
2025-04-28,2253.651611328125,2318.60009765625,0.0,2349.0,2315.0,2345.0,0.0,1555660
2025-04-29,2256.66455078125,2321.699951171875,0.0,2332.5,2312.60009765625,2328.0,0.0,1896387
2025-04-30,2276.493408203125,2342.10009765625,0.0,2352.5,2316.0,2320.0,0.0,2083807
2025-05-02,2253.651611328125,2318.60009765625,0.0,2345.0,2310.0,2334.10009765625,0.0,1424284
2025-05-05,2282.8115234375,2348.60009765625,0.0,2354.89990234375,2319.10009765625,2324.10009765625,0.0,2074103
2025-05-06,2315.081298828125,2381.800048828125,0.0,2390.10009765625,2340.199951171875,2340.199951171875,0.0,1888125
2025-05-07,2304.389404296875,2370.800048828125,0.0,2386.89990234375,2355.300048828125,2369.0,0.0,1610400
2025-05-08,2288.934814453125,2354.89990234375,0.0,2371.89990234375,2341.0,2361.699951171875,0.0,2323073
2025-05-09,2267.551025390625,2332.89990234375,0.0,2342.699951171875,2302.300048828125,2330.0,0.0,1805685
2025-05-12,2315.76171875,2382.5,0.0,2387.0,2346.10009765625,2360.0,0.0,1274873
2025-05-13,2293.89208984375,2360.0,0.0,2398.0,2352.800048828125,2375.60009765625,0.0,1929665
2025-05-14,2284.658203125,2350.5,0.0,2370.0,2338.5,2370.0,0.0,1568111
2025-05-15,2289.226318359375,2355.199951171875,0.0,2369.89990234375,2340.0,2351.60009765625,0.0,3236681
2025-05-16,2314.692626953125,2381.39990234375,0.0,2387.0,2349.0,2360.0,0.0,1473000
2025-05-19,2315.9560546875,2382.699951171875,0.0,2405.0,2375.0,2375.0,0.0,936655
2025-05-20,2275.521484375,2341.10009765625,0.0,2394.60009765625,2338.5,2394.60009765625,0.0,1617408
2025-05-21,2297.682373046875,2363.89990234375,0.0,2375.699951171875,2345.0,2346.0,0.0,1570754
2025-05-22,2265.412841796875,2330.699951171875,0.0,2363.10009765625,2313.10009765625,2355.0,0.0,2423653
2025-05-23,2293.114501953125,2359.199951171875,0.0,2364.5,2329.60009765625,2336.89990234375,0.0,844118
2025-05-26,2327.03662109375,2394.10009765625,0.0,2397.300048828125,2364.10009765625,2368.0,0.0,892618
2025-05-27,2313.526123046875,2380.199951171875,0.0,2409.5,2360.300048828125,2394.10009765625,0.0,1865258
2025-05-28,2295.835693359375,2362.0,0.0,2388.0,2352.0,2388.0,0.0,897517
2025-05-29,2300.404296875,2366.699951171875,0.0,2376.0,2355.5,2369.0,0.0,1111275
2025-05-30,2282.51953125,2348.300048828125,0.0,2374.89990234375,2343.5,2360.0,0.0,3288892
2025-06-02,2305.167236328125,2371.60009765625,0.0,2384.0,2343.60009765625,2347.89990234375,0.0,1178205
2025-06-03,2286.40771484375,2352.300048828125,0.0,2379.5,2342.60009765625,2365.10009765625,0.0,1643913
2025-06-04,2298.265869140625,2364.5,0.0,2367.60009765625,2342.10009765625,2359.5,0.0,3287896
2025-06-05,2309.83251953125,2376.39990234375,0.0,2380.0,2348.89990234375,2364.5,0.0,1787978
2025-06-06,2322.857177734375,2389.800048828125,0.0,2396.5,2370.10009765625,2373.300048828125,0.0,997488
2025-06-09,2326.162109375,2393.199951171875,0.0,2399.0,2378.300048828125,2394.0,0.0,1293622
2025-06-10,2328.10595703125,2395.199951171875,0.0,2400.199951171875,2378.39990234375,2393.39990234375,0.0,1778782
2025-06-11,2309.83251953125,2376.39990234375,0.0,2402.89990234375,2371.300048828125,2395.199951171875,0.0,1977707
2025-06-12,2267.356689453125,2332.699951171875,0.0,2388.0,2324.10009765625,2386.89990234375,0.0,3339584
2025-06-13,2254.04052734375,2319.0,0.0,2324.89990234375,2302.0,2305.0,0.0,1740682
2025-06-16,2262.204833984375,2327.39990234375,0.0,2336.60009765625,2313.10009765625,2320.0,0.0,1105297
2025-06-17,2263.37158203125,2328.60009765625,0.0,2333.10009765625,2313.10009765625,2320.0,0.0,1119284
2025-06-18,2232.9482421875,2297.300048828125,0.0,2331.39990234375,2285.5,2327.699951171875,0.0,2056563
2025-06-19,2229.93505859375,2294.199951171875,0.0,2307.800048828125,2290.300048828125,2300.10009765625,0.0,1214549
2025-06-20,2241.598876953125,2306.199951171875,0.0,2313.0,2292.39990234375,2295.0,0.0,2685864
2025-06-23,2234.62548828125,2275.10009765625,24.0,2286.0,2258.699951171875,2283.39990234375,0.0,842856
2025-06-24,2222.839111328125,2263.10009765625,0.0,2301.0,2260.300048828125,2295.0,0.0,2440747
2025-06-25,2238.1611328125,2278.699951171875,0.0,2290.5,2271.39990234375,2279.0,0.0,1047270
2025-06-26,2240.223876953125,2280.800048828125,0.0,2291.0,2271.60009765625,2288.89990234375,0.0,1874722
2025-06-27,2265.859375,2306.89990234375,0.0,2310.5,2279.300048828125,2280.800048828125,0.0,1050745
2025-06-30,2253.778564453125,2294.60009765625,0.0,2317.0,2288.0,2309.89990234375,0.0,1403754
2025-07-01,2254.662353515625,2295.5,0.0,2302.60009765625,2286.60009765625,2300.0,0.0,759914
2025-07-02,2266.05615234375,2307.10009765625,0.0,2309.0,2287.60009765625,2295.0,0.0,1128034
2025-07-03,2272.243896484375,2313.39990234375,0.0,2326.89990234375,2304.0,2310.0,0.0,1060039
2025-07-04,2297.68310546875,2339.300048828125,0.0,2341.39990234375,2310.300048828125,2318.0,0.0,1242346
2025-07-07,2367.518310546875,2410.39990234375,0.0,2415.699951171875,2341.0,2341.0,0.0,2701583
2025-07-08,2350.133056640625,2392.699951171875,0.0,2418.5,2386.0,2405.39990234375,0.0,1471046
2025-07-09,2380.286865234375,2423.39990234375,0.0,2439.699951171875,2397.10009765625,2399.0,0.0,1741690
2025-07-10,2365.553955078125,2408.39990234375,0.0,2434.0,2397.60009765625,2423.39990234375,0.0,1053695
2025-07-11,2474.775634765625,2519.60009765625,0.0,2530.0,2461.0,2500.0,0.0,7242235
2025-07-14,2471.8291015625,2516.60009765625,0.0,2532.5,2490.0,2500.0,0.0,2427712
2025-07-15,2481.94580078125,2526.89990234375,0.0,2529.89990234375,2510.0,2520.699951171875,0.0,1700294
2025-07-16,2472.811279296875,2517.60009765625,0.0,2532.89990234375,2507.5,2526.300048828125,0.0,1284379
2025-07-17,2465.14990234375,2509.800048828125,0.0,2525.39990234375,2506.199951171875,2513.0,0.0,807474
2025-07-18,2445.309326171875,2489.60009765625,0.0,2514.89990234375,2481.5,2514.89990234375,0.0,771112
2025-07-21,2421.048828125,2464.89990234375,0.0,2493.60009765625,2455.39990234375,2490.89990234375,0.0,1169960
2025-07-22,2435.58544921875,2479.699951171875,0.0,2485.0,2452.60009765625,2470.0,0.0,861632
2025-07-23,2406.806640625,2450.39990234375,0.0,2487.0,2442.0,2481.0,0.0,1320795
2025-07-24,2394.430908203125,2437.800048828125,0.0,2466.0,2421.0,2455.89990234375,0.0,693984
2025-07-25,2372.42919921875,2415.39990234375,0.0,2428.60009765625,2405.39990234375,2426.10009765625,0.0,769388
2025-07-28,2398.163330078125,2441.60009765625,0.0,2448.300048828125,2412.300048828125,2415.39990234375,0.0,987995
2025-07-29,2409.949951171875,2453.60009765625,0.0,2457.5,2429.699951171875,2444.800048828125,0.0,732282
2025-07-30,2394.037841796875,2437.39990234375,0.0,2452.89990234375,2398.5,2442.0,0.0,1224146
2025-07-31,2476.34716796875,2521.199951171875,0.0,2549.0,2420.10009765625,2420.10009765625,0.0,5505507
2025-08-01,2508.26904296875,2553.699951171875,0.0,2727.5,2536.89990234375,2550.0,0.0,4259653
2025-08-04,2498.44677734375,2543.699951171875,0.0,2583.199951171875,2535.10009765625,2547.0,0.0,1293028
2025-08-05,2489.60693359375,2534.699951171875,0.0,2553.0,2517.300048828125,2537.5,0.0,756361
2025-08-06,2490.490966796875,2535.60009765625,0.0,2563.10009765625,2526.60009765625,2538.699951171875,0.0,885487
2025-08-07,2472.712890625,2517.5,0.0,2544.0,2495.0,2535.699951171875,0.0,847151
2025-08-08,2454.1494140625,2498.60009765625,0.0,2529.89990234375,2486.60009765625,2516.0,0.0,839794
2025-08-11,2473.5966796875,2518.39990234375,0.0,2524.5,2478.5,2490.10009765625,0.0,992436
2025-08-12,2439.612548828125,2483.800048828125,0.0,2536.60009765625,2480.10009765625,2518.0,0.0,1406211
2025-08-13,2450.711669921875,2495.10009765625,0.0,2501.5,2473.39990234375,2485.0,0.0,969803
2025-08-14,2436.469482421875,2480.60009765625,0.0,2509.0,2473.199951171875,2498.89990234375,0.0,1104362
2025-08-18,2522.4130859375,2568.10009765625,0.0,2597.0,2521.300048828125,2539.0,0.0,3089136
2025-08-19,2558.4599609375,2604.800048828125,0.0,2615.0,2558.39990234375,2572.199951171875,0.0,1400717
2025-08-20,2622.3037109375,2669.800048828125,0.0,2680.0,2588.5,2599.0,0.0,3156954
2025-08-21,2600.891357421875,2648.0,0.0,2667.10009765625,2627.300048828125,2667.10009765625,0.0,2235686
2025-08-22,2583.11328125,2629.89990234375,0.0,2658.5,2619.0,2647.0,0.0,1223445
2025-08-25,2584.783203125,2631.60009765625,0.0,2643.0,2615.199951171875,2643.0,0.0,667598
2025-08-26,2644.697998046875,2692.60009765625,0.0,2705.0,2624.60009765625,2624.60009765625,0.0,4348648
2025-08-28,2607.177490234375,2654.39990234375,0.0,2748.0,2646.800048828125,2748.0,0.0,3198743
2025-08-29,2612.4814453125,2659.800048828125,0.0,2723.0,2641.39990234375,2664.800048828125,0.0,1972773
2025-09-01,2602.36474609375,2649.5,0.0,2673.300048828125,2639.300048828125,2659.800048828125,0.0,1096729
2025-09-02,2629.37548828125,2677.0,0.0,2692.39990234375,2645.10009765625,2649.0,0.0,1525106
2025-09-03,2617.294189453125,2664.699951171875,0.0,2686.89990234375,2658.300048828125,2681.0,0.0,1010692
2025-09-04,2619.16064453125,2666.60009765625,0.0,2750.0,2655.5,2750.0,0.0,2494678
2025-09-05,2586.55078125,2633.39990234375,0.0,2672.89990234375,2623.800048828125,2667.60009765625,0.0,944879
2025-09-08,2577.219970703125,2623.89990234375,0.0,2644.60009765625,2618.800048828125,2630.0,0.0,903410
2025-09-09,2594.998046875,2642.0,0.0,2646.199951171875,2611.300048828125,2637.0,0.0,1610956
2025-09-10,2596.471435546875,2643.5,0.0,2652.89990234375,2619.0,2642.0,0.0,1031486
2025-09-11,2575.35400390625,2622.0,0.0,2657.699951171875,2614.0,2643.800048828125,0.0,1212707
2025-09-12,2534.592041015625,2580.5,0.0,2628.89990234375,2569.0,2625.0,0.0,1368380
2025-09-15,2535.083251953125,2581.0,0.0,2593.39990234375,2568.39990234375,2580.5,0.0,752745
2025-09-16,2534.985107421875,2580.89990234375,0.0,2590.0,2572.60009765625,2588.199951171875,0.0,1040928
2025-09-17,2523.984130859375,2569.699951171875,0.0,2591.10009765625,2566.5,2587.0,0.0,970247
2025-09-18,2540.780029296875,2586.800048828125,0.0,2609.89990234375,2570.89990234375,2570.89990234375,0.0,1550153
2025-09-19,2514.06396484375,2559.60009765625,0.0,2604.699951171875,2554.800048828125,2600.0,0.0,2214708
2025-09-22,2526.43994140625,2572.199951171875,0.0,2587.199951171875,2560.199951171875,2569.0,0.0,1174161
2025-09-23,2477.329345703125,2522.199951171875,0.0,2575.300048828125,2518.199951171875,2568.89990234375,0.0,1430474
2025-09-24,2504.143798828125,2549.5,0.0,2576.0,2510.0,2522.199951171875,0.0,1882881
2025-09-25,2493.14306640625,2538.300048828125,0.0,2567.5,2531.800048828125,2546.0,0.0,1624258
2025-09-26,2467.1142578125,2511.800048828125,0.0,2545.39990234375,2499.39990234375,2535.0,0.0,885612
2025-09-29,2453.46142578125,2497.89990234375,0.0,2517.39990234375,2443.0,2495.0,0.0,2403556
2025-09-30,2469.66796875,2514.39990234375,0.0,2526.300048828125,2491.60009765625,2497.89990234375,0.0,1678088
2025-10-01,2491.080322265625,2536.199951171875,0.0,2550.0,2497.89990234375,2515.39990234375,0.0,1483899
2025-10-03,2499.62548828125,2544.89990234375,0.0,2548.60009765625,2508.300048828125,2536.199951171875,0.0,1242611
2025-10-06,2496.580810546875,2541.800048828125,0.0,2549.60009765625,2520.199951171875,2535.199951171875,0.0,818923
2025-10-07,2472.418212890625,2517.199951171875,0.0,2559.39990234375,2508.300048828125,2540.0,0.0,1291750
2025-10-08,2455.62255859375,2500.10009765625,0.0,2525.0,2486.10009765625,2511.0,0.0,1225128
2025-10-09,2472.811279296875,2517.60009765625,0.0,2523.0,2498.300048828125,2501.0,0.0,1259173
2025-10-10,2483.91015625,2528.89990234375,0.0,2534.89990234375,2506.5,2510.0,0.0,1018875
2025-10-13,2448.452392578125,2492.800048828125,0.0,2531.60009765625,2485.39990234375,2519.199951171875,0.0,1114750
2025-10-14,2457.783447265625,2502.300048828125,0.0,2509.199951171875,2482.300048828125,2493.0,0.0,1461017
2025-10-15,2474.186279296875,2519.0,0.0,2531.800048828125,2502.60009765625,2502.60009765625,0.0,881070
2025-10-16,2515.93017578125,2561.5,0.0,2568.5,2507.10009765625,2517.800048828125,0.0,1446646
2025-10-17,2557.37939453125,2603.699951171875,0.0,2615.0,2560.0,2565.5,0.0,2050690
2025-10-20,2548.24462890625,2594.39990234375,0.0,2624.699951171875,2585.60009765625,2609.0,0.0,1011485
2025-10-21,2545.593017578125,2591.699951171875,0.0,2606.699951171875,2585.10009765625,2594.0,0.0,82020
2025-10-23,2555.31689453125,2601.60009765625,0.0,2667.199951171875,2596.10009765625,2601.0,0.0,3386744
2025-10-24,2471.63232421875,2516.39990234375,0.0,2584.0,2474.5,2584.0,0.0,3110800
2025-10-27,2467.1142578125,2511.800048828125,0.0,2525.0,2506.0,2516.39990234375,0.0,2127832
2025-10-28,2452.676025390625,2497.10009765625,0.0,2526.0,2481.89990234375,2519.0,0.0,2294976
2025-10-29,2443.8359375,2488.10009765625,0.0,2513.60009765625,2484.0,2512.60009765625,0.0,1870143
2025-10-30,2425.6650390625,2469.60009765625,0.0,2497.0,2454.89990234375,2491.0,0.0,1195631
2025-10-31,2421.637939453125,2465.5,0.0,2479.5,2452.89990234375,2469.0,0.0,1401937
2025-11-03,2416.23583984375,2460.0,0.0,2474.89990234375,2440.300048828125,2456.10009765625,0.0,1049185
2025-11-04,2402.190185546875,2445.699951171875,0.0,2463.300048828125,2441.300048828125,2460.0,0.0,1251588
2025-11-06,2392.662841796875,2436.0,0.0,2463.89990234375,2432.60009765625,2463.89990234375,0.0,1329256
2025-11-07,2389.693115234375,2414.0,19.0,2425.0,2400.60009765625,2417.0,0.0,817896
2025-11-10,2384.54541015625,2408.800048828125,0.0,2429.300048828125,2404.0,2405.0,0.0,780558
2025-11-11,2403.05712890625,2427.5,0.0,2433.699951171875,2403.10009765625,2422.199951171875,0.0,1422399
2025-11-12,2400.08740234375,2424.5,0.0,2434.800048828125,2416.199951171875,2430.60009765625,0.0,1680827
2025-11-13,2383.357666015625,2407.60009765625,0.0,2431.0,2405.0,2429.0,0.0,1256059
2025-11-14,2403.255126953125,2427.699951171875,0.0,2430.199951171875,2392.0,2405.10009765625,0.0,975973
2025-11-17,2400.582275390625,2425.0,0.0,2438.39990234375,2416.0,2431.39990234375,0.0,920038
2025-11-18,2379.793701171875,2404.0,0.0,2422.89990234375,2401.89990234375,2415.800048828125,0.0,1229034
2025-11-19,2417.015380859375,2441.60009765625,0.0,2450.699951171875,2411.0,2412.0,0.0,1465143
2025-11-20,2403.947998046875,2428.39990234375,0.0,2459.0,2425.0,2445.10009765625,0.0,1396929
2025-11-21,2409.19482421875,2433.699951171875,0.0,2443.199951171875,2413.0,2436.199951171875,0.0,1840712
2025-11-24,2399.790283203125,2424.199951171875,0.0,2444.89990234375,2413.0,2441.89990234375,0.0,4092327
2025-11-25,2389.792236328125,2414.10009765625,0.0,2424.199951171875,2406.0,2422.0,0.0,1240672
2025-11-26,2400.7802734375,2425.199951171875,0.0,2427.699951171875,2409.0,2412.0,0.0,1242683
2025-11-27,2427.013427734375,2451.699951171875,0.0,2459.699951171875,2425.0,2426.10009765625,0.0,1872248
2025-11-28,2441.763671875,2466.60009765625,0.0,2470.0,2447.199951171875,2450.0,0.0,973225
2025-12-01,2439.6845703125,2464.5,0.0,2488.0,2458.800048828125,2466.60009765625,0.0,1924828
2025-12-02,2452.850830078125,2477.800048828125,0.0,2484.39990234375,2460.0,2471.0,0.0,2179406
2025-12-03,2423.350830078125,2448.0,0.0,2484.89990234375,2403.10009765625,2478.199951171875,0.0,3535932
2025-12-04,2437.40771484375,2462.199951171875,0.0,2483.0,2423.199951171875,2440.0,0.0,2587753
2025-12-05,2315.052490234375,2338.60009765625,0.0,2422.0,2286.699951171875,2422.0,0.0,4008271
2025-12-08,2290.699951171875,2314.0,0.0,2355.10009765625,2302.0,2350.10009765625,0.0,1898154
2025-12-09,2283.275634765625,2306.5,0.0,2330.39990234375,2298.10009765625,2318.0,0.0,1471488
2025-12-10,2278.52392578125,2301.699951171875,0.0,2316.89990234375,2295.0,2306.5,0.0,2857290
2025-12-11,2282.384765625,2305.60009765625,0.0,2313.0,2292.0,2296.300048828125,0.0,1108032
2025-12-12,2237.837890625,2260.60009765625,0.0,2309.0,2244.699951171875,2306.89990234375,0.0,3203114
2025-12-15,2270.406494140625,2293.5,0.0,2299.0,2252.0,2260.60009765625,0.0,1274115
2025-12-16,2258.13134765625,2281.10009765625,0.0,2302.699951171875,2276.0,2293.39990234375,0.0,1256042
2025-12-17,2252.686767578125,2275.60009765625,0.0,2286.199951171875,2268.300048828125,2281.199951171875,0.0,808100
2025-12-18,2242.6884765625,2265.5,0.0,2278.300048828125,2255.300048828125,2270.0,0.0,1057295
2025-12-19,2257.04248046875,2280.0,0.0,2284.800048828125,2263.699951171875,2263.699951171875,0.0,1237214
2025-12-22,2266.44677734375,2289.5,0.0,2295.0,2280.0,2280.0,0.0,790773
2025-12-23,2279.414794921875,2302.60009765625,0.0,2310.0,2280.699951171875,2289.300048828125,0.0,1128801
2025-12-24,2259.22021484375,2282.199951171875,0.0,2305.0,2278.10009765625,2302.60009765625,0.0,519380
2025-12-26,2262.387939453125,2285.39990234375,0.0,2290.0,2275.0,2282.300048828125,0.0,533626
2025-12-29,2270.20849609375,2293.300048828125,0.0,2298.699951171875,2280.0,2288.89990234375,0.0,1086695
2025-12-30,2267.1396484375,2290.199951171875,0.0,2298.0,2283.0,2293.300048828125,0.0,1556717
2025-12-31,2292.580810546875,2315.89990234375,0.0,2325.5,2286.800048828125,2290.0,0.0,1324220
2026-01-01,2299.609375,2323.0,0.0,2326.0,2300.0,2322.0,0.0,758866
2026-01-02,2324.357666015625,2348.0,0.0,2357.699951171875,2322.0,2326.0,0.0,973413
2026-01-05,2360.09423828125,2384.10009765625,0.0,2394.0,2336.39990234375,2341.5,0.0,1344113
2026-01-06,2400.285400390625,2424.699951171875,0.0,2428.10009765625,2367.800048828125,2398.800048828125,0.0,1584720
2026-01-07,2375.239990234375,2399.39990234375,0.0,2421.89990234375,2382.0,2416.0,0.0,892690
2026-01-08,2362.66796875,2386.699951171875,0.0,2418.10009765625,2368.10009765625,2389.0,0.0,1163828
2026-01-09,2348.7099609375,2372.60009765625,0.0,2386.0,2361.0,2382.0,0.0,1189464
2026-01-12,2381.9716796875,2406.199951171875,0.0,2413.89990234375,2361.0,2362.0,0.0,1057665
2026-01-13,2365.439697265625,2389.5,0.0,2422.199951171875,2365.0,2415.10009765625,0.0,1519683
2026-01-14,2329.80224609375,2353.5,0.0,2398.89990234375,2341.0,2398.89990234375,0.0,1027639
2026-01-15,2329.80224609375,2353.5,0.0,2353.5,2353.5,2353.5,0.0,0
2026-01-16,2336.6328125,2360.39990234375,0.0,2372.89990234375,2348.89990234375,2370.0,0.0,1367606
2026-01-19,2389.593994140625,2413.89990234375,0.0,2425.39990234375,2353.0,2353.0,0.0,1505238
2026-01-20,2355.14453125,2379.10009765625,0.0,2439.0,2368.5,2423.0,0.0,1460806
2026-01-21,2344.15625,2368.0,0.0,2400.5,2360.0,2379.10009765625,0.0,1020245
2026-01-22,2366.52880859375,2390.60009765625,0.0,2402.0,2365.699951171875,2368.89990234375,0.0,1745964
2026-01-23,2385.238525390625,2409.5,0.0,2434.300048828125,2376.800048828125,2400.0,0.0,1378097
2026-01-27,2376.724853515625,2400.89990234375,0.0,2421.60009765625,2380.5,2412.0,0.0,2060117
2026-01-28,2354.451416015625,2378.39990234375,0.0,2420.199951171875,2340.60009765625,2403.10009765625,0.0,1797593
2026-01-29,2328.911376953125,2352.60009765625,0.0,2374.699951171875,2312.0,2370.5,0.0,1478536
2026-01-30,2349.10595703125,2373.0,0.0,2385.0,2340.0,2341.0,0.0,2090462
2026-02-02,2333.56396484375,2357.300048828125,0.0,2360.0,2303.0,2356.10009765625,0.0,1375089
2026-02-03,2344.750244140625,2368.60009765625,0.0,2399.89990234375,2343.300048828125,2390.0,0.0,1553270
2026-02-04,2347.1259765625,2371.0,0.0,2393.5,2356.800048828125,2360.60009765625,0.0,1232755
2026-02-05,2330.693115234375,2354.39990234375,0.0,2423.0,2351.60009765625,2362.5,0.0,1962066
2026-02-06,2399.790283203125,2424.199951171875,0.0,2429.0,2337.5,2354.39990234375,0.0,1421995
2026-02-09,2410.481689453125,2435.0,0.0,2439.0,2402.0,2425.0,0.0,958484
2026-02-10,2428.89453125,2453.60009765625,0.0,2458.10009765625,2430.10009765625,2435.0,0.0,792532
2026-02-11,2438.1005859375,2462.89990234375,0.0,2470.60009765625,2447.0,2460.0,0.0,1137856
2026-02-12,2385.436279296875,2409.699951171875,0.0,2479.60009765625,2350.10009765625,2475.0,0.0,4656164
2026-02-13,2281.988525390625,2305.199951171875,0.0,2400.0,2300.300048828125,2400.0,0.0,2791519
2026-02-16,2295.649658203125,2319.0,0.0,2327.0,2288.10009765625,2308.10009765625,0.0,2036833
2026-02-17,2289.01708984375,2312.300048828125,0.0,2326.0,2303.39990234375,2309.300048828125,0.0,1233244
2026-02-18,2300.1044921875,2323.5,0.0,2328.89990234375,2306.0,2312.60009765625,0.0,830787
2026-02-19,2256.349365234375,2279.300048828125,0.0,2337.39990234375,2275.60009765625,2336.0,0.0,940180
2026-02-20,2291.195068359375,2314.5,0.0,2331.199951171875,2278.300048828125,2285.0,0.0,1716316
2026-02-23,2321.78369140625,2345.39990234375,0.0,2350.0,2320.800048828125,2325.0,0.0,1300035
2026-02-24,2334.85107421875,2358.60009765625,0.0,2372.0,2330.300048828125,2331.10009765625,0.0,1544803
2026-02-25,2350.98681640625,2374.89990234375,0.0,2380.0,2349.0,2368.89990234375,0.0,1158620
2026-02-26,2359.30224609375,2383.300048828125,0.0,2387.300048828125,2355.199951171875,2378.0,0.0,1470677
2026-02-27,2314.557373046875,2338.10009765625,0.0,2378.89990234375,2330.60009765625,2369.300048828125,0.0,3053227
2026-03-02,2297.233642578125,2320.60009765625,0.0,2354.0,2290.199951171875,2303.0,0.0,2273224
2026-03-04,2238.53076171875,2261.300048828125,0.0,2311.60009765625,2252.10009765625,2292.89990234375,0.0,2648737
2026-03-05,2232.294189453125,2255.0,0.0,2277.800048828125,2228.39990234375,2275.5,0.0,1751288
2026-03-06,2203.2890625,2225.699951171875,0.0,2250.0,2219.5,2245.10009765625,0.0,1674258
2026-03-09,2172.50244140625,2194.60009765625,0.0,2200.0,2170.39990234375,2199.0,0.0,1512817
2026-03-10,2168.146484375,2190.199951171875,0.0,2224.0,2175.0,2224.0,0.0,1084986
2026-03-11,2139.636474609375,2161.39990234375,0.0,2195.0,2156.0,2190.199951171875,0.0,1313256
2026-03-12,2115.383056640625,2136.89990234375,0.0,2165.10009765625,2109.300048828125,2165.10009765625,0.0,1791973
2026-03-13,2138.250732421875,2160.0,0.0,2191.89990234375,2120.300048828125,2136.0,0.0,2298875
2026-03-16,2153.79248046875,2175.699951171875,0.0,2186.699951171875,2154.0,2169.60009765625,0.0,1981511
2026-03-17,2136.46875,2158.199951171875,0.0,2184.800048828125,2145.5,2172.800048828125,0.0,1705956
2026-03-18,2113.79931640625,2135.300048828125,0.0,2175.0,2129.699951171875,2165.0,0.0,2441148
2026-03-19,2056.383544921875,2077.300048828125,0.0,2133.60009765625,2070.10009765625,2112.0,0.0,2098905
2026-03-20,2061.72900390625,2082.699951171875,0.0,2099.800048828125,2069.0,2099.699951171875,0.0,2429744
2026-03-23,2031.5361328125,2052.199951171875,0.0,2097.0,2033.300048828125,2062.300048828125,0.0,2599535
2026-03-24,2064.005859375,2085.0,0.0,2115.0,2066.0,2070.0,0.0,1702418
2026-03-25,2113.304443359375,2134.800048828125,0.0,2154.699951171875,2086.0,2098.0,0.0,2069217
2026-03-27,2053.512451171875,2074.39990234375,0.0,2127.0,2069.5,2123.300048828125,0.0,2789151
2026-03-30,2034.505859375,2055.199951171875,0.0,2082.39990234375,2046.199951171875,2064.0,0.0,2482193
2026-04-01,2043.91015625,2064.699951171875,0.0,2119.89990234375,2052.0,2119.89990234375,0.0,2028470
2026-04-02,2044.5042724609375,2065.300048828125,0.0,2069.89990234375,2022.5,2055.0,0.0,1431905
2026-04-06,2063.807861328125,2084.800048828125,0.0,2092.800048828125,2041.9000244140625,2065.300048828125,0.0,1661298
2026-04-07,2089.34814453125,2110.60009765625,0.0,2119.5,2050.800048828125,2064.699951171875,0.0,2709707
2026-04-08,2123.995849609375,2145.60009765625,0.0,2192.800048828125,2130.0,2130.0,0.0,3794437
2026-04-09,2111.720458984375,2133.199951171875,0.0,2162.89990234375,2115.0,2145.5,0.0,2506245
2026-04-10,2133.59814453125,2155.300048828125,0.0,2170.0,2121.39990234375,2133.199951171875,0.0,2144484
2026-04-13,2105.781005859375,2127.199951171875,0.0,2140.699951171875,2113.5,2131.0,0.0,1994541
2026-04-15,2135.875,2157.60009765625,0.0,2168.0,2140.89990234375,2140.89990234375,0.0,1552971
2026-04-16,2117.561279296875,2139.10009765625,0.0,2163.699951171875,2129.10009765625,2158.0,0.0,1845734
2026-04-17,2218.237060546875,2240.800048828125,0.0,2245.0,2133.0,2142.0,0.0,4882697
2026-04-20,2209.03076171875,2231.5,0.0,2253.39990234375,2223.199951171875,2240.800048828125,0.0,1460822
2026-04-21,2287.43310546875,2310.699951171875,0.0,2335.699951171875,2227.199951171875,2238.699951171875,0.0,3217281
2026-04-22,2344.9482421875,2368.800048828125,0.0,2408.0,2310.39990234375,2310.39990234375,0.0,5558325
2026-04-23,2342.572265625,2366.39990234375,0.0,2400.0,2336.0,2336.0,0.0,2063531
2026-04-24,2303.8662109375,2327.300048828125,0.0,2388.60009765625,2299.0,2388.60009765625,0.0,1676706
2026-04-27,2304.856201171875,2328.300048828125,0.0,2362.800048828125,2325.0,2334.89990234375,0.0,1099681
2026-04-28,2266.44677734375,2289.5,0.0,2334.39990234375,2281.10009765625,2321.0,0.0,1629120
2026-04-29,2291.095947265625,2314.39990234375,0.0,2349.699951171875,2291.0,2305.0,0.0,1778765
2026-04-30,2228.2353515625,2250.89990234375,0.0,2368.800048828125,2211.60009765625,2312.0,0.0,4434979
2026-05-01,2228.2353515625,2250.89990234375,0.0,2250.89990234375,2250.89990234375,2250.89990234375,0.0,0
2026-05-04,2286.04736328125,2309.300048828125,0.0,2365.800048828125,2268.800048828125,2268.800048828125,0.0,2554255
2026-05-05,2303.965087890625,2327.39990234375,0.0,2335.39990234375,2288.10009765625,2301.5,0.0,1741424
2026-05-06,2293.768798828125,2317.10009765625,0.0,2339.39990234375,2288.300048828125,2330.0,0.0,1196175
2026-05-07,2249.32080078125,2272.199951171875,0.0,2327.89990234375,2268.10009765625,2310.0,0.0,1859012
2026-05-08,2264.664794921875,2287.699951171875,0.0,2297.300048828125,2256.0,2272.199951171875,0.0,1104526
2026-05-11,2283.968505859375,2307.199951171875,0.0,2317.10009765625,2259.199951171875,2277.10009765625,0.0,1903862
2026-05-12,2239.2236328125,2262.0,0.0,2307.0,2256.0,2285.300048828125,0.0,983506
2026-05-13,2244.47021484375,2267.300048828125,0.0,2295.800048828125,2250.0,2265.0,0.0,1308559
2026-05-14,2226.057373046875,2248.699951171875,0.0,2285.89990234375,2245.0,2268.0,0.0,1380764
2026-05-15,2249.32080078125,2272.199951171875,0.0,2298.89990234375,2246.199951171875,2248.699951171875,0.0,1038522
2026-05-18,2231.502197265625,2254.199951171875,0.0,2265.0,2224.699951171875,2263.10009765625,0.0,1118204
2026-05-19,2210.41650390625,2232.89990234375,0.0,2282.0,2229.5,2242.0,0.0,1145022
2026-05-20,2187.05419921875,2209.300048828125,0.0,2226.89990234375,2201.0,2224.89990234375,0.0,1071994
2026-05-21,2157.059326171875,2179.0,0.0,2229.0,2176.0,2224.0,0.0,1581812
2026-05-22,2181.411865234375,2203.60009765625,0.0,2224.5,2175.39990234375,2180.0,0.0,1382889
2026-05-25,2174.383056640625,2196.5,0.0,2238.10009765625,2192.89990234375,2215.0,0.0,780722
2026-05-26,2187.153076171875,2209.39990234375,0.0,2220.0,2190.0,2199.60009765625,0.0,2302703
2026-05-27,2176.263916015625,2198.39990234375,0.0,2214.60009765625,2187.0,2205.10009765625,0.0,616538
2026-05-28,2176.263916015625,2198.39990234375,0.0,2198.39990234375,2198.39990234375,2198.39990234375,0.0,0
2026-05-29,2131.816162109375,2153.5,0.0,2207.800048828125,2118.10009765625,2133.5,0.0,17701621
2026-06-01,2063.31298828125,2084.300048828125,0.0,2167.5,2080.300048828125,2158.5,0.0,1470488
2026-06-02,2072.6181640625,2093.699951171875,0.0,2097.0,2065.699951171875,2079.0,0.0,2148903
2026-06-03,2069.549560546875,2090.60009765625,0.0,2099.60009765625,2072.199951171875,2092.0,0.0,1544973
2026-06-04,2058.462158203125,2079.39990234375,0.0,2110.89990234375,2073.5,2089.0,0.0,2142735
2026-06-05,2100.138427734375,2121.5,0.0,2127.5,2077.199951171875,2086.699951171875,0.0,1822999
2026-06-08,2088.853271484375,2110.10009765625,0.0,2125.0,2091.5,2105.300048828125,0.0,1601497
2026-06-09,2111.32470703125,2132.800048828125,0.0,2138.60009765625,2110.10009765625,2119.699951171875,0.0,1460636
2026-06-10,2147.655029296875,2169.5,0.0,2204.89990234375,2133.5,2134.89990234375,0.0,2325534
2026-06-11,2118.254150390625,2139.800048828125,0.0,2165.0,2135.300048828125,2164.0,0.0,1178896
2026-06-12,2146.962158203125,2168.800048828125,0.0,2179.39990234375,2145.0,2151.199951171875,0.0,1156153
2026-06-15,2134.39013671875,2156.10009765625,0.0,2211.0,2150.0,2200.0,0.0,1439449
2026-06-16,2177.748779296875,2199.89990234375,0.0,2209.0,2160.10009765625,2161.0,0.0,1337309
2026-06-17,2175.47216796875,2197.60009765625,0.0,2224.60009765625,2183.0,2201.10009765625,0.0,1511401
2026-06-18,2196.16162109375,2218.5,0.0,2221.60009765625,2196.800048828125,2208.699951171875,0.0,1120482
2026-06-19,2172.50244140625,2194.60009765625,0.0,2210.60009765625,2179.89990234375,2209.60009765625,0.0,1508994
2026-06-22,2162.89990234375,2184.89990234375,0.0,2208.199951171875,2182.5,2203.699951171875,0.0,765860
2026-06-23,2160.10009765625,2160.10009765625,22.0,2179.699951171875,2156.0,2160.10009765625,0.0,710082
2026-06-24,2157.800048828125,2157.800048828125,0.0,2166.0,2140.0,2160.0,0.0,942271
2026-06-25,2174.199951171875,2174.199951171875,0.0,2200.89990234375,2161.0,2161.0,0.0,1898262
2026-06-26,2174.199951171875,2174.199951171875,0.0,2174.199951171875,2174.199951171875,2174.199951171875,0.0,0
2026-06-29,2151.300048828125,2151.300048828125,0.0,2189.89990234375,2143.0,2172.0,0.0,1423514
2026-06-30,2118.199951171875,2118.199951171875,0.0,2151.300048828125,2114.199951171875,2151.0,0.0,2364422
