Date,Adj Close,Close,Dividends,High,Low,Open,Stock Splits,Volume
2016-01-04,7791.2998046875,7791.2998046875,0.0,7937.5498046875,7781.10009765625,7924.5498046875,0.0,134700
2016-01-05,7784.64990234375,7784.64990234375,0.0,7831.2001953125,7763.25,7828.39990234375,0.0,145200
2016-01-06,7741.0,7741.0,0.0,7800.9501953125,7721.2001953125,7788.0498046875,0.0,147100
2016-01-07,7568.2998046875,7568.2998046875,0.0,7674.9501953125,7556.60009765625,7673.35009765625,0.0,188900
2016-01-08,7601.35009765625,7601.35009765625,0.0,7634.10009765625,7581.0498046875,7611.64990234375,0.0,157400
2016-01-11,7563.85009765625,7563.85009765625,0.0,7605.10009765625,7494.35009765625,7527.4501953125,0.0,189000
2016-01-12,7510.2998046875,7510.2998046875,0.0,7588.2998046875,7487.7998046875,7587.2001953125,0.0,163900
2016-01-13,7562.39990234375,7562.39990234375,0.0,7590.9501953125,7425.7998046875,7557.89990234375,0.0,215200
2016-01-14,7536.7998046875,7536.7998046875,0.0,7604.7998046875,7443.7998046875,7467.39990234375,0.0,200800
2016-01-15,7437.7998046875,7437.7998046875,0.0,7566.5,7427.2998046875,7561.64990234375,0.0,197500
2016-01-18,7351.0,7351.0,0.0,7463.64990234375,7336.39990234375,7420.35009765625,0.0,233600
2016-01-19,7435.10009765625,7435.10009765625,0.0,7462.75,7364.14990234375,7381.7998046875,0.0,188300
2016-01-20,7309.2998046875,7309.2998046875,0.0,7470.89990234375,7241.5,7357.0,0.0,225600
2016-01-21,7276.7998046875,7276.7998046875,0.0,7398.7001953125,7250.0,7376.64990234375,0.0,240700
2016-01-22,7422.4501953125,7422.4501953125,0.0,7433.39990234375,7327.60009765625,7355.7001953125,0.0,229200
2016-01-25,7436.14990234375,7436.14990234375,0.0,7487.14990234375,7421.2001953125,7468.75,0.0,163200
2016-01-27,7437.75,7437.75,0.0,7477.89990234375,7419.7001953125,7469.60009765625,0.0,187600
2016-01-28,7424.64990234375,7424.64990234375,0.0,7468.85009765625,7409.60009765625,7426.5,0.0,274500
2016-01-29,7563.5498046875,7563.5498046875,0.0,7575.64990234375,7402.7998046875,7413.35009765625,0.0,298700
2016-02-01,7555.9501953125,7555.9501953125,0.0,7600.4501953125,7541.25,7589.5,0.0,200400
2016-02-02,7455.5498046875,7455.5498046875,0.0,7576.2998046875,7428.0498046875,7566.64990234375,0.0,230200
2016-02-03,7361.7998046875,7361.7998046875,0.0,7419.39990234375,7350.2998046875,7392.4501953125,0.0,192000
2016-02-04,7404.0,7404.0,0.0,7457.0498046875,7365.9501953125,7411.4501953125,0.0,222700
2016-02-05,7489.10009765625,7489.10009765625,0.0,7503.14990234375,7406.64990234375,7418.25,0.0,249800
2016-02-08,7387.25,7387.25,0.0,7512.5498046875,7363.2001953125,7489.7001953125,0.0,171500
2016-02-09,7298.2001953125,7298.2001953125,0.0,7323.4501953125,7275.14990234375,7303.9501953125,0.0,212100
2016-02-10,7215.7001953125,7215.7001953125,0.0,7271.85009765625,7177.75,7264.2998046875,0.0,246900
2016-02-11,6976.35009765625,6976.35009765625,0.0,7208.64990234375,6959.9501953125,7203.60009765625,0.0,292300
2016-02-12,6980.9501953125,6980.9501953125,0.0,7034.7998046875,6869.0,7023.64990234375,0.0,333900
2016-02-15,7162.9501953125,7162.9501953125,0.0,7182.7998046875,7056.7998046875,7057.35009765625,0.0,354200
2016-02-16,7048.25,7048.25,0.0,7204.64990234375,7037.7001953125,7201.25,0.0,253800
2016-02-17,7108.4501953125,7108.4501953125,0.0,7123.7001953125,6960.64990234375,7058.85009765625,0.0,260000
2016-02-18,7191.75,7191.75,0.0,7215.10009765625,7127.85009765625,7177.39990234375,0.0,246700
2016-02-19,7210.75,7210.75,0.0,7226.85009765625,7145.9501953125,7170.5498046875,0.0,192300
2016-02-22,7234.5498046875,7234.5498046875,0.0,7252.39990234375,7200.7001953125,7208.85009765625,0.0,154400
2016-02-23,7109.5498046875,7109.5498046875,0.0,7241.7001953125,7090.7001953125,7240.2998046875,0.0,194400
2016-02-24,7018.7001953125,7018.7001953125,0.0,7090.7998046875,7009.75,7075.0,0.0,199700
2016-02-25,6970.60009765625,6970.60009765625,0.0,7034.2001953125,6961.39990234375,7029.85009765625,0.0,283100
2016-02-26,7029.75,7029.75,0.0,7052.89990234375,6985.10009765625,7039.2998046875,0.0,206700
2016-02-29,6987.0498046875,6987.0498046875,0.0,7094.60009765625,6825.7998046875,7050.4501953125,0.0,473400
2016-03-01,7222.2998046875,7222.2998046875,0.0,7235.5,7035.10009765625,7038.25,0.0,275100
2016-03-02,7368.85009765625,7368.85009765625,0.0,7380.35009765625,7308.14990234375,7321.7001953125,0.0,338500
2016-03-03,7475.60009765625,7475.60009765625,0.0,7483.9501953125,7406.0498046875,7429.5498046875,0.0,278600
2016-03-04,7485.35009765625,7485.35009765625,0.0,7505.89990234375,7444.10009765625,7505.39990234375,0.0,281700
2016-03-08,7485.2998046875,7485.2998046875,0.0,7527.14990234375,7442.14990234375,7486.39990234375,0.0,257000
2016-03-09,7531.7998046875,7531.7998046875,0.0,7539.0,7424.2998046875,7436.10009765625,0.0,245100
2016-03-10,7486.14990234375,7486.14990234375,0.0,7547.10009765625,7447.39990234375,7545.35009765625,0.0,224700
2016-03-11,7510.2001953125,7510.2001953125,0.0,7543.9501953125,7460.60009765625,7484.85009765625,0.0,198700
2016-03-14,7538.75,7538.75,0.0,7583.7001953125,7515.0498046875,7542.60009765625,0.0,166900
2016-03-15,7460.60009765625,7460.60009765625,0.0,7545.2001953125,7452.7998046875,7535.85009765625,0.0,193700
2016-03-16,7498.75,7498.75,0.0,7508.0,7405.14990234375,7457.0498046875,0.0,195400
2016-03-17,7512.5498046875,7512.5498046875,0.0,7585.2998046875,7479.39990234375,7557.39990234375,0.0,239600
2016-03-18,7604.35009765625,7604.35009765625,0.0,7613.60009765625,7517.89990234375,7534.64990234375,0.0,237400
2016-03-21,7704.25,7704.25,0.0,7713.5498046875,7617.7001953125,7619.2001953125,0.0,196800
2016-03-22,7714.89990234375,7714.89990234375,0.0,7728.2001953125,7643.7998046875,7695.5498046875,0.0,208900
2016-03-23,7716.5,7716.5,0.0,7726.85009765625,7670.60009765625,7717.4501953125,0.0,199600
2016-03-28,7615.10009765625,7615.10009765625,0.0,7749.39990234375,7587.7001953125,7741.0,0.0,242400
2016-03-29,7597.0,7597.0,0.0,7652.89990234375,7582.25,7606.5498046875,0.0,216800
2016-03-30,7735.2001953125,7735.2001953125,0.0,7741.9501953125,7643.4501953125,7651.10009765625,0.0,232600
2016-03-31,7738.39990234375,7738.39990234375,0.0,7777.60009765625,7702.0,7727.64990234375,0.0,380100
2016-04-01,7713.0498046875,7713.0498046875,0.0,7740.14990234375,7666.10009765625,7718.0498046875,0.0,183900
2016-04-04,7758.7998046875,7758.7998046875,0.0,7764.4501953125,7704.39990234375,7733.14990234375,0.0,155500
2016-04-05,7603.2001953125,7603.2001953125,0.0,7736.2998046875,7588.64990234375,7736.2998046875,0.0,203800
2016-04-06,7614.35009765625,7614.35009765625,0.0,7638.64990234375,7591.75,7636.0498046875,0.0,165600
2016-04-07,7546.4501953125,7546.4501953125,0.0,7630.75,7535.85009765625,7630.39990234375,0.0,234400
2016-04-08,7555.2001953125,7555.2001953125,0.0,7569.35009765625,7526.7001953125,7542.35009765625,0.0,143400
2016-04-11,7671.39990234375,7671.39990234375,0.0,7678.7998046875,7516.85009765625,7577.7998046875,0.0,179800
2016-04-12,7708.9501953125,7708.9501953125,0.0,7717.39990234375,7663.35009765625,7669.25,0.0,163400
2016-04-13,7850.4501953125,7850.4501953125,0.0,7864.7998046875,7772.2001953125,7777.14990234375,0.0,220400
2016-04-18,7914.7001953125,7914.7001953125,0.0,7920.60009765625,7842.75,7908.14990234375,0.0,184600
2016-04-20,7914.75,7914.75,0.0,7950.39990234375,7877.5498046875,7950.0498046875,0.0,205300
2016-04-21,7912.0498046875,7912.0498046875,0.0,7978.4501953125,7884.10009765625,7953.64990234375,0.0,223700
2016-04-22,7899.2998046875,7899.2998046875,0.0,7923.35009765625,7873.35009765625,7891.7998046875,0.0,183300
2016-04-25,7855.0498046875,7855.0498046875,0.0,7911.0,7827.0,7894.7998046875,0.0,146300
2016-04-26,7962.64990234375,7962.64990234375,0.0,7974.5,7822.5498046875,7828.14990234375,0.0,202400
2016-04-27,7979.89990234375,7979.89990234375,0.0,7991.0,7940.5498046875,7942.0,0.0,206800
2016-04-28,7847.25,7847.25,0.0,7992.0,7834.4501953125,7967.39990234375,0.0,292500
2016-04-29,7849.7998046875,7849.7998046875,0.0,7889.0498046875,7788.7001953125,7844.25,0.0,243700
2016-05-02,7805.89990234375,7805.89990234375,0.0,7829.7998046875,7777.2998046875,7822.7001953125,0.0,146300
2016-05-03,7747.0,7747.0,0.0,7890.25,7735.14990234375,7824.7998046875,0.0,186500
2016-05-04,7706.5498046875,7706.5498046875,0.0,7749.0,7697.25,7724.14990234375,0.0,199700
2016-05-05,7735.5,7735.5,0.0,7777.5498046875,7706.85009765625,7731.0,0.0,185100
2016-05-06,7733.4501953125,7733.4501953125,0.0,7738.89990234375,7678.35009765625,7717.64990234375,0.0,163600
2016-05-09,7866.0498046875,7866.0498046875,0.0,7873.64990234375,7753.5498046875,7755.25,0.0,160600
2016-05-10,7887.7998046875,7887.7998046875,0.0,7896.89990234375,7837.7001953125,7873.5498046875,0.0,162000
2016-05-11,7848.85009765625,7848.85009765625,0.0,7893.10009765625,7780.89990234375,7804.64990234375,0.0,214100
2016-05-12,7900.39990234375,7900.39990234375,0.0,7916.0498046875,7849.64990234375,7871.4501953125,0.0,152700
2016-05-13,7814.89990234375,7814.89990234375,0.0,7881.0,7784.2001953125,7881.0,0.0,179500
2016-05-16,7860.75,7860.75,0.0,7873.89990234375,7772.14990234375,7831.2001953125,0.0,205200
2016-05-17,7890.75,7890.75,0.0,7940.10009765625,7879.7001953125,7896.85009765625,0.0,183400
2016-05-18,7870.14990234375,7870.14990234375,0.0,7882.0498046875,7810.75,7846.75,0.0,156400
2016-05-19,7783.39990234375,7783.39990234375,0.0,7876.2001953125,7766.7998046875,7875.5,0.0,170400
2016-05-20,7749.7001953125,7749.7001953125,0.0,7812.39990234375,7735.75,7792.2001953125,0.0,157000
2016-05-23,7731.0498046875,7731.0498046875,0.0,7820.60009765625,7722.2001953125,7813.9501953125,0.0,172000
2016-05-24,7748.85009765625,7748.85009765625,0.0,7761.5498046875,7715.7998046875,7738.0498046875,0.0,147000
2016-05-25,7934.89990234375,7934.89990234375,0.0,7941.2001953125,7809.2998046875,7811.7998046875,0.0,176200
2016-05-26,8069.64990234375,8069.64990234375,0.0,8083.0,7948.5,7974.4501953125,0.0,264300
2016-05-27,8156.64990234375,8156.64990234375,0.0,8164.2001953125,8077.0498046875,8081.9501953125,0.0,260900
2016-05-30,8178.5,8178.5,0.0,8200.0,8150.7998046875,8166.5,0.0,247400
2016-05-31,8160.10009765625,8160.10009765625,0.0,8213.599609375,8134.2998046875,8209.849609375,0.0,471000
2016-06-01,8179.9501953125,8179.9501953125,0.0,8215.349609375,8171.0498046875,8179.2001953125,0.0,194400
2016-06-02,8218.9501953125,8218.9501953125,0.0,8229.5,8154.75,8156.89990234375,0.0,181700
2016-06-03,8220.7998046875,8220.7998046875,0.0,8262.0,8209.849609375,8246.2001953125,0.0,379000
2016-06-06,8201.0498046875,8201.0498046875,0.0,8234.7001953125,8186.0498046875,8228.75,0.0,171600
2016-06-07,8266.4501953125,8266.4501953125,0.0,8294.9501953125,8216.400390625,8235.5498046875,0.0,241900
2016-06-08,8273.0498046875,8273.0498046875,0.0,8288.900390625,8252.0498046875,8285.5,0.0,174300
2016-06-09,8203.599609375,8203.599609375,0.0,8273.349609375,8184.60009765625,8273.349609375,0.0,174900
2016-06-10,8170.0498046875,8170.0498046875,0.0,8265.599609375,8162.85009765625,8180.25,0.0,182200
2016-06-13,8110.60009765625,8110.60009765625,0.0,8125.25,8063.89990234375,8102.25,0.0,169700
2016-06-14,8108.85009765625,8108.85009765625,0.0,8134.9501953125,8069.5,8134.39990234375,0.0,145500
2016-06-15,8206.599609375,8206.599609375,0.0,8213.2001953125,8123.14990234375,8139.39990234375,0.0,169800
2016-06-16,8140.75,8140.75,0.0,8180.64990234375,8074.4501953125,8180.64990234375,0.0,189200
2016-06-17,8170.2001953125,8170.2001953125,0.0,8195.25,8135.7998046875,8176.64990234375,0.0,166600
2016-06-20,8238.5,8238.5,0.0,8244.150390625,8107.35009765625,8115.75,0.0,168600
2016-06-21,8219.900390625,8219.900390625,0.0,8257.25,8202.150390625,8255.400390625,0.0,137000
2016-06-22,8203.7001953125,8203.7001953125,0.0,8238.349609375,8153.25,8213.650390625,0.0,136100
2016-06-23,8270.4501953125,8270.4501953125,0.0,8285.599609375,8188.2998046875,8201.150390625,0.0,154100
2016-06-24,8088.60009765625,8088.60009765625,0.0,8100.7001953125,7927.0498046875,8029.10009765625,0.0,297600
2016-06-27,8094.7001953125,8094.7001953125,0.0,8120.64990234375,8039.35009765625,8039.35009765625,0.0,162500
2016-06-28,8127.85009765625,8127.85009765625,0.0,8146.35009765625,8086.85009765625,8096.0498046875,0.0,170400
2016-06-29,8204.0,8204.0,0.0,8212.400390625,8157.64990234375,8173.10009765625,0.0,147000
2016-06-30,8287.75,8287.75,0.0,8308.150390625,8242.099609375,8260.25,0.0,279400
2016-07-01,8328.349609375,8328.349609375,0.0,8356.75,8308.650390625,8313.0498046875,0.0,165500
2016-07-04,8370.7001953125,8370.7001953125,0.0,8398.4501953125,8364.7001953125,8376.75,0.0,154200
2016-07-05,8335.9501953125,8335.9501953125,0.0,8381.4501953125,8319.9501953125,8379.2998046875,0.0,139000
2016-07-07,8337.900390625,8337.900390625,0.0,8361.9501953125,8317.7001953125,8342.0,0.0,155500
2016-07-08,8323.2001953125,8323.2001953125,0.0,8353.2998046875,8287.5498046875,8350.0,0.0,137900
2016-07-11,8467.900390625,8467.900390625,0.0,8475.25,8407.0498046875,8413.349609375,0.0,149800
2016-07-12,8521.0498046875,8521.0498046875,0.0,8526.599609375,8479.2001953125,8502.599609375,0.0,183600
2016-07-13,8519.5,8519.5,0.0,8550.25,8493.5498046875,8540.4501953125,0.0,195500
2016-07-14,8565.0,8565.0,0.0,8571.400390625,8500.7001953125,8515.75,0.0,153900
2016-07-15,8541.400390625,8541.400390625,0.0,8594.7998046875,8510.0498046875,8565.4501953125,0.0,221700
2016-07-18,8508.7001953125,8508.7001953125,0.0,8587.099609375,8494.349609375,8564.0498046875,0.0,164300
2016-07-19,8528.5498046875,8528.5498046875,0.0,8540.0498046875,8476.7001953125,8514.2998046875,0.0,167900
2016-07-20,8565.849609375,8565.849609375,0.0,8569.900390625,8512.5498046875,8515.4501953125,0.0,160300
2016-07-21,8510.099609375,8510.099609375,0.0,8585.25,8503.4501953125,8582.7001953125,0.0,150000
2016-07-22,8541.2001953125,8541.2001953125,0.0,8548.9501953125,8489.7998046875,8519.650390625,0.0,143200
2016-07-25,8635.650390625,8635.650390625,0.0,8641.150390625,8517.2001953125,8519.9501953125,0.0,150000
2016-07-26,8590.650390625,8590.650390625,0.0,8644.900390625,8577.150390625,8633.75,0.0,154800
2016-07-27,8615.7998046875,8615.7998046875,0.0,8665.0,8572.0498046875,8599.400390625,0.0,184100
2016-07-28,8666.2998046875,8666.2998046875,0.0,8674.7001953125,8625.25,8636.9501953125,0.0,233500
2016-07-29,8638.5,8638.5,0.0,8670.349609375,8631.150390625,8668.2998046875,0.0,157000
2016-08-01,8636.5498046875,8636.5498046875,0.0,8711.2998046875,8590.5,8654.2998046875,0.0,188400
2016-08-02,8622.900390625,8622.900390625,0.0,8687.2001953125,8611.400390625,8647.4501953125,0.0,169400
2016-08-03,8544.849609375,8544.849609375,0.0,8635.4501953125,8529.599609375,8635.2001953125,0.0,163000
2016-08-04,8551.099609375,8551.099609375,0.0,8601.400390625,8518.150390625,8599.9501953125,0.0,164700
2016-08-05,8683.150390625,8683.150390625,0.0,8689.400390625,8590.150390625,8600.2001953125,0.0,157900
2016-08-08,8711.349609375,8711.349609375,0.0,8723.5,8697.599609375,8712.849609375,0.0,172600
2016-08-09,8678.25,8678.25,0.0,8728.349609375,8638.2001953125,8727.7998046875,0.0,200100
2016-08-10,8575.2998046875,8575.2998046875,0.0,8690.099609375,8564.599609375,8686.7001953125,0.0,173600
2016-08-11,8592.150390625,8592.150390625,0.0,8601.150390625,8540.0498046875,8572.7998046875,0.0,189200
2016-08-16,8642.5498046875,8642.5498046875,0.0,8682.349609375,8600.4501953125,8670.25,0.0,224800
2016-08-17,8624.0498046875,8624.0498046875,0.0,8667.099609375,8603.599609375,8639.7998046875,0.0,174100
2016-08-18,8673.25,8673.25,0.0,8690.7001953125,8645.0498046875,8648.849609375,0.0,164300
2016-08-19,8666.900390625,8666.900390625,0.0,8696.599609375,8647.099609375,8694.2998046875,0.0,191900
2016-08-22,8629.150390625,8629.150390625,0.0,8684.849609375,8614.0,8667.0,0.0,152300
2016-08-23,8632.599609375,8632.599609375,0.0,8642.150390625,8580.0,8628.349609375,0.0,187500
2016-08-24,8650.2998046875,8650.2998046875,0.0,8661.0498046875,8620.900390625,8648.5,0.0,149600
2016-08-25,8592.2001953125,8592.2001953125,0.0,8683.0498046875,8583.650390625,8668.849609375,0.0,213100
2016-08-26,8572.5498046875,8572.5498046875,0.0,8622.9501953125,8547.5498046875,8614.349609375,0.0,147500
2016-08-29,8607.4501953125,8607.4501953125,0.0,8622.0,8543.75,8583.75,0.0,129700
2016-08-30,8744.349609375,8744.349609375,0.0,8750.599609375,8642.25,8646.75,0.0,150200
2016-08-31,8786.2001953125,8786.2001953125,0.0,8819.2001953125,8754.0498046875,8754.0498046875,0.0,362200
2016-09-01,8774.650390625,8774.650390625,0.0,8813.25,8759.9501953125,8793.599609375,0.0,238900
2016-09-02,8809.650390625,8809.650390625,0.0,8824.099609375,8768.2001953125,8796.349609375,0.0,191500
2016-09-06,8943.0,8943.0,0.0,8950.849609375,8848.4501953125,8852.7001953125,0.0,195600
2016-09-07,8917.9501953125,8917.9501953125,0.0,8968.7001953125,8913.349609375,8968.7001953125,0.0,290100
2016-09-08,8952.5,8952.5,0.0,8960.349609375,8896.0,8915.5,0.0,217200
2016-09-09,8866.7001953125,8866.7001953125,0.0,8939.150390625,8858.7001953125,8934.2998046875,0.0,175900
2016-09-12,8715.599609375,8715.599609375,0.0,8746.9501953125,8699.400390625,8732.9501953125,0.0,184500
2016-09-14,8726.599609375,8726.599609375,0.0,8739.849609375,8688.900390625,8710.650390625,0.0,184300
2016-09-15,8742.5498046875,8742.5498046875,0.0,8751.9501953125,8704.349609375,8743.849609375,0.0,145400
2016-09-16,8779.849609375,8779.849609375,0.0,8847.650390625,8750.5,8780.849609375,0.0,265800
2016-09-19,8808.400390625,8808.400390625,0.0,8824.2998046875,8774.2001953125,8788.4501953125,0.0,131700
2016-09-20,8775.900390625,8775.900390625,0.0,8816.4501953125,8759.2998046875,8816.099609375,0.0,136500
2016-09-21,8777.150390625,8777.150390625,0.0,8826.849609375,8757.2998046875,8790.2998046875,0.0,148800
2016-09-22,8867.4501953125,8867.4501953125,0.0,8893.349609375,8837.7998046875,8873.349609375,0.0,172800
2016-09-23,8831.5498046875,8831.5498046875,0.0,8885.2001953125,8820.2998046875,8880.75,0.0,185900
2016-09-26,8723.0498046875,8723.0498046875,0.0,8809.5498046875,8715.099609375,8807.900390625,0.0,164000
2016-09-27,8706.400390625,8706.400390625,0.0,8768.5,8690.5,8748.900390625,0.0,151400
2016-09-28,8745.150390625,8745.150390625,0.0,8767.0498046875,8703.150390625,8711.2001953125,0.0,165500
2016-09-29,8591.25,8591.25,0.0,8800.650390625,8558.25,8792.7001953125,0.0,372900
2016-09-30,8611.150390625,8611.150390625,0.0,8637.150390625,8555.2001953125,8581.5,0.0,181700
2016-10-03,8738.099609375,8738.099609375,0.0,8745.2001953125,8635.0,8666.150390625,0.0,137300
2016-10-04,8769.150390625,8769.150390625,0.0,8783.650390625,8736.099609375,8770.0,0.0,184300
2016-10-05,8743.9501953125,8743.9501953125,0.0,8806.9501953125,8731.400390625,8806.349609375,0.0,157200
2016-10-06,8709.5498046875,8709.5498046875,0.0,8781.150390625,8684.650390625,8768.7001953125,0.0,163600
2016-10-07,8697.599609375,8697.599609375,0.0,8723.7001953125,8663.7998046875,8721.7001953125,0.0,150400
2016-10-10,8708.7998046875,8708.7998046875,0.0,8745.7998046875,8703.9501953125,8735.349609375,0.0,108400
2016-10-13,8573.349609375,8573.349609375,0.0,8681.5498046875,8541.349609375,8671.5,0.0,212300
2016-10-14,8583.400390625,8583.400390625,0.0,8604.4501953125,8549.7998046875,8594.0,0.0,162800
2016-10-17,8520.400390625,8520.400390625,0.0,8615.400390625,8506.150390625,8612.9501953125,0.0,197400
2016-10-18,8677.900390625,8677.900390625,0.0,8685.099609375,8555.900390625,8556.0498046875,0.0,216600
2016-10-19,8659.099609375,8659.099609375,0.0,8698.75,8636.7001953125,8697.5,0.0,172100
2016-10-20,8699.400390625,8699.400390625,0.0,8727.0,8678.2998046875,8693.349609375,0.0,161000
2016-10-21,8693.0498046875,8693.0498046875,0.0,8709.099609375,8652.0498046875,8708.599609375,0.0,157300
2016-10-24,8708.9501953125,8708.9501953125,0.0,8736.9501953125,8684.150390625,8709.849609375,0.0,157100
2016-10-25,8691.2998046875,8691.2998046875,0.0,8722.650390625,8663.4501953125,8721.7001953125,0.0,189800
2016-10-26,8615.25,8615.25,0.0,8657.2998046875,8596.599609375,8657.2998046875,0.0,219300
2016-10-27,8615.25,8615.25,0.0,8624.849609375,8550.25,8607.099609375,0.0,242800
2016-10-28,8638.0,8638.0,0.0,8653.75,8581.75,8625.0,0.0,175500
2016-11-01,8626.25,8626.25,0.0,8669.599609375,8614.5,8653.150390625,0.0,165000
2016-11-02,8514.0,8514.0,0.0,8549.5,8504.849609375,8542.7998046875,0.0,155300
2016-11-03,8484.9501953125,8484.9501953125,0.0,8537.650390625,8476.150390625,8499.849609375,0.0,170500
2016-11-04,8433.75,8433.75,0.0,8504.0,8400.25,8503.599609375,0.0,224800
2016-11-07,8497.0498046875,8497.0498046875,0.0,8535.849609375,8481.4501953125,8535.75,0.0,172800
2016-11-08,8543.5498046875,8543.5498046875,0.0,8559.400390625,8480.099609375,8540.0,0.0,195700
2016-11-09,8432.0,8432.0,0.0,8476.2001953125,8002.25,8067.5,0.0,314300
2016-11-10,8525.75,8525.75,0.0,8598.4501953125,8510.7001953125,8555.599609375,0.0,263100
2016-11-11,8296.2998046875,8296.2998046875,0.0,8460.599609375,8284.9501953125,8456.650390625,0.0,266900
2016-11-15,8108.4501953125,8108.4501953125,0.0,8288.5498046875,8093.2001953125,8284.849609375,0.0,359200
2016-11-16,8111.60009765625,8111.60009765625,0.0,8210.0498046875,8089.39990234375,8205.650390625,0.0,269500
2016-11-17,8079.9501953125,8079.9501953125,0.0,8151.25,8060.2998046875,8105.10009765625,0.0,191300
2016-11-18,8074.10009765625,8074.10009765625,0.0,8128.9501953125,8048.2998046875,8097.5498046875,0.0,161200
2016-11-21,7929.10009765625,7929.10009765625,0.0,8102.4501953125,7916.39990234375,8102.10009765625,0.0,218800
2016-11-22,8002.2998046875,8002.2998046875,0.0,8019.0498046875,7938.14990234375,7989.14990234375,0.0,210200
2016-11-23,8033.2998046875,8033.2998046875,0.0,8055.2001953125,7973.10009765625,8051.2001953125,0.0,181000
2016-11-24,7965.5,7965.5,0.0,8024.85009765625,7952.5498046875,8011.7998046875,0.0,260500
2016-11-25,8114.2998046875,8114.2998046875,0.0,8122.25,7976.75,8007.9501953125,0.0,177900
2016-11-28,8126.89990234375,8126.89990234375,0.0,8146.5,8066.5,8080.64990234375,0.0,189700
2016-11-29,8142.14990234375,8142.14990234375,0.0,8197.349609375,8128.7001953125,8131.5498046875,0.0,189700
2016-11-30,8224.5,8224.5,0.0,8234.25,8139.25,8172.14990234375,0.0,248000
2016-12-01,8192.900390625,8192.900390625,0.0,8250.7998046875,8185.0498046875,8244.0,0.0,157700
2016-12-02,8086.7998046875,8086.7998046875,0.0,8159.2998046875,8070.0498046875,8153.5498046875,0.0,171500
2016-12-05,8128.75,8128.75,0.0,8141.89990234375,8056.85009765625,8088.75,0.0,126500
2016-12-06,8143.14990234375,8143.14990234375,0.0,8178.7001953125,8130.85009765625,8153.14990234375,0.0,115300
2016-12-07,8102.0498046875,8102.0498046875,0.0,8190.4501953125,8077.5,8168.39990234375,0.0,169800
2016-12-08,8246.849609375,8246.849609375,0.0,8256.25,8151.75,8152.10009765625,0.0,142500
2016-12-09,8261.75,8261.75,0.0,8274.9501953125,8241.9501953125,8271.7001953125,0.0,149700
2016-12-12,8170.7998046875,8170.7998046875,0.0,8230.650390625,8154.4501953125,8230.650390625,0.0,108100
2016-12-13,8221.7998046875,8221.7998046875,0.0,8228.849609375,8155.7998046875,8196.150390625,0.0,184000
2016-12-14,8182.4501953125,8182.4501953125,0.0,8229.400390625,8165.10009765625,8229.349609375,0.0,144600
2016-12-15,8153.60009765625,8153.60009765625,0.0,8225.900390625,8121.9501953125,8128.39990234375,0.0,181800
2016-12-16,8139.4501953125,8139.4501953125,0.0,8178.7001953125,8127.4501953125,8178.2001953125,0.0,203000
2016-12-19,8104.35009765625,8104.35009765625,0.0,8132.5,8094.85009765625,8126.0,0.0,107400
2016-12-20,8082.39990234375,8082.39990234375,0.0,8124.10009765625,8062.75,8110.60009765625,0.0,128000
2016-12-21,8061.2998046875,8061.2998046875,0.0,8112.5498046875,8053.25,8105.85009765625,0.0,123700
2016-12-22,7979.10009765625,7979.10009765625,0.0,8046.4501953125,7964.9501953125,8043.85009765625,0.0,122600
2016-12-23,7985.75,7985.75,0.0,8022.60009765625,7942.0498046875,7972.5,0.0,124100
2016-12-26,7908.25,7908.25,0.0,7970.0498046875,7893.7998046875,7965.10009765625,0.0,106900
2016-12-27,8032.85009765625,8032.85009765625,0.0,8044.64990234375,7903.7001953125,7915.0498046875,0.0,118800
2016-12-28,8034.85009765625,8034.85009765625,0.0,8100.5498046875,8028.39990234375,8047.5498046875,0.0,126700
2016-12-29,8103.60009765625,8103.60009765625,0.0,8111.10009765625,8020.7998046875,8030.60009765625,0.0,178500
2016-12-30,8185.7998046875,8185.7998046875,0.0,8197.0,8114.75,8119.64990234375,0.0,127600
2017-01-02,8179.5,8179.5,0.0,8212.0,8133.7998046875,8210.099609375,0.0,118300
2017-01-03,8192.25,8192.25,0.0,8219.099609375,8148.60009765625,8196.0498046875,0.0,127300
2017-01-04,8190.5,8190.5,0.0,8218.5,8180.89990234375,8202.650390625,0.0,132400
2017-01-05,8273.7998046875,8273.7998046875,0.0,8282.650390625,8223.7001953125,8226.650390625,0.0,159100
2017-01-06,8243.7998046875,8243.7998046875,0.0,8306.849609375,8233.25,8281.849609375,0.0,139400
2017-01-09,8236.0498046875,8236.0498046875,0.0,8263.0,8227.75,8259.349609375,0.0,99100
2017-01-10,8288.599609375,8288.599609375,0.0,8293.7998046875,8261.0,8262.7001953125,0.0,142900
2017-01-11,8380.650390625,8380.650390625,0.0,8389.0,8322.25,8327.7998046875,0.0,186500
2017-01-12,8407.2001953125,8407.2001953125,0.0,8417.2001953125,8382.2998046875,8391.0498046875,0.0,172600
2017-01-13,8400.349609375,8400.349609375,0.0,8461.0498046875,8373.150390625,8457.650390625,0.0,185300
2017-01-16,8412.7998046875,8412.7998046875,0.0,8426.7001953125,8374.400390625,8390.9501953125,0.0,124100
2017-01-17,8398.0,8398.0,0.0,8440.900390625,8378.2998046875,8415.0498046875,0.0,122000
2017-01-18,8417.0,8417.0,0.0,8460.2998046875,8397.400390625,8403.849609375,0.0,163800
2017-01-19,8435.099609375,8435.099609375,0.0,8445.150390625,8404.0498046875,8418.400390625,0.0,165900
2017-01-20,8349.349609375,8349.349609375,0.0,8423.650390625,8340.9501953125,8404.349609375,0.0,202600
2017-01-23,8391.5,8391.5,0.0,8404.150390625,8327.2001953125,8329.599609375,0.0,195000
2017-01-24,8475.7998046875,8475.7998046875,0.0,8480.9501953125,8398.150390625,8407.0498046875,0.0,179200
2017-01-25,8602.75,8602.75,0.0,8612.599609375,8493.9501953125,8499.4501953125,0.0,292500
2017-01-27,8641.25,8641.25,0.0,8672.7001953125,8606.900390625,8610.5,0.0,275400
2017-01-30,8632.75,8632.75,0.0,8662.599609375,8617.75,8635.5498046875,0.0,304700
2017-01-31,8561.2998046875,8561.2998046875,0.0,8631.75,8552.400390625,8629.4501953125,0.0,521000
2017-02-01,8716.400390625,8716.400390625,0.0,8722.400390625,8537.5,8570.349609375,0.0,327700
2017-02-02,8734.25,8734.25,0.0,8757.599609375,8685.7998046875,8724.75,0.0,283500
2017-02-03,8740.9501953125,8740.9501953125,0.0,8748.25,8707.75,8735.150390625,0.0,191000
2017-02-06,8801.0498046875,8801.0498046875,0.0,8814.099609375,8770.2001953125,8785.4501953125,0.0,194400
2017-02-07,8768.2998046875,8768.2998046875,0.0,8809.2998046875,8741.0498046875,8805.7001953125,0.0,226300
2017-02-08,8769.0498046875,8769.0498046875,0.0,8791.25,8715.0,8774.5498046875,0.0,218700
2017-02-09,8778.400390625,8778.400390625,0.0,8821.400390625,8724.099609375,8795.5498046875,0.0,187500
2017-02-10,8793.5498046875,8793.5498046875,0.0,8822.099609375,8771.2001953125,8812.349609375,0.0,225900
2017-02-13,8805.0498046875,8805.0498046875,0.0,8826.900390625,8754.2001953125,8819.7998046875,0.0,204900
2017-02-14,8792.2998046875,8792.2998046875,0.0,8820.4501953125,8772.5,8819.900390625,0.0,188300
2017-02-15,8724.7001953125,8724.7001953125,0.0,8807.900390625,8712.849609375,8778.9501953125,0.0,216100
2017-02-16,8778.0,8778.0,0.0,8783.9501953125,8719.599609375,8739.0,0.0,184600
2017-02-17,8821.7001953125,8821.7001953125,0.0,8896.4501953125,8804.25,8883.7001953125,0.0,298300
2017-02-20,8879.2001953125,8879.2001953125,0.0,8886.25,8809.7998046875,8818.5498046875,0.0,167800
2017-02-21,8907.849609375,8907.849609375,0.0,8920.7998046875,8860.9501953125,8890.75,0.0,175700
2017-02-22,8926.900390625,8926.900390625,0.0,8960.75,8905.25,8931.599609375,0.0,247100
2017-02-23,8939.5,8939.5,0.0,8982.150390625,8927.5498046875,8956.400390625,0.0,377200
2017-02-27,8896.7001953125,8896.7001953125,0.0,8951.7998046875,8888.650390625,8943.7001953125,0.0,189900
2017-02-28,8879.599609375,8879.599609375,0.0,8914.75,8867.599609375,8898.9501953125,0.0,293600
2017-03-01,8945.7998046875,8945.7998046875,0.0,8960.7998046875,8898.599609375,8904.400390625,0.0,205900
2017-03-02,8899.75,8899.75,0.0,8992.5,8879.7998046875,8982.849609375,0.0,218800
2017-03-03,8897.5498046875,8897.5498046875,0.0,8907.099609375,8860.099609375,8883.5,0.0,202600
2017-03-06,8963.4501953125,8963.4501953125,0.0,8967.7998046875,8914.0,8915.099609375,0.0,174800
2017-03-07,8946.900390625,8946.900390625,0.0,8977.849609375,8932.7998046875,8977.75,0.0,173400
2017-03-08,8924.2998046875,8924.2998046875,0.0,8957.0498046875,8891.9501953125,8950.7001953125,0.0,177800
2017-03-09,8927.0,8927.0,0.0,8945.7998046875,8899.5,8914.5,0.0,171500
2017-03-10,8934.5498046875,8934.5498046875,0.0,8975.7001953125,8903.9501953125,8953.7001953125,0.0,152700
2017-03-14,9087.0,9087.0,0.0,9122.75,9060.5,9091.650390625,0.0,270300
2017-03-15,9084.7998046875,9084.7998046875,0.0,9106.5498046875,9075.5,9086.849609375,0.0,240600
2017-03-16,9153.7001953125,9153.7001953125,0.0,9158.4501953125,9128.5498046875,9129.650390625,0.0,208600
2017-03-17,9160.0498046875,9160.0498046875,0.0,9218.400390625,9147.599609375,9207.7998046875,0.0,286700
2017-03-20,9126.849609375,9126.849609375,0.0,9167.599609375,9116.2998046875,9166.9501953125,0.0,332100
2017-03-21,9121.5,9121.5,0.0,9147.75,9087.2001953125,9133.9501953125,0.0,247700
2017-03-22,9030.4501953125,9030.4501953125,0.0,9072.900390625,9019.2998046875,9047.2001953125,0.0,232300
2017-03-23,9086.2998046875,9086.2998046875,0.0,9099.0498046875,9048.599609375,9048.75,0.0,191800
2017-03-24,9108.0,9108.0,0.0,9133.5498046875,9089.400390625,9104.0,0.0,203700
2017-03-27,9045.2001953125,9045.2001953125,0.0,9094.849609375,9024.650390625,9093.4501953125,0.0,202700
2017-03-28,9100.7998046875,9100.7998046875,0.0,9110.400390625,9079.7998046875,9081.5,0.0,183300
2017-03-29,9143.7998046875,9143.7998046875,0.0,9153.150390625,9109.099609375,9128.7001953125,0.0,243400
2017-03-30,9173.75,9173.75,0.0,9183.150390625,9136.349609375,9142.599609375,0.0,323400
2017-03-31,9173.75,9173.75,0.0,9191.7001953125,9152.099609375,9158.900390625,0.0,190900
2017-04-03,9237.849609375,9237.849609375,0.0,9245.349609375,9192.400390625,9220.599609375,0.0,139100
2017-04-05,9265.150390625,9265.150390625,0.0,9273.900390625,9215.400390625,9264.400390625,0.0,184800
2017-04-06,9261.9501953125,9261.9501953125,0.0,9267.9501953125,9218.849609375,9245.7998046875,0.0,186100
2017-04-07,9198.2998046875,9198.2998046875,0.0,9250.5,9188.099609375,9223.7001953125,0.0,190000
2017-04-10,9181.4501953125,9181.4501953125,0.0,9225.650390625,9174.849609375,9225.599609375,0.0,135800
2017-04-11,9237.0,9237.0,0.0,9242.7001953125,9172.849609375,9184.5498046875,0.0,200100
2017-04-12,9203.4501953125,9203.4501953125,0.0,9246.400390625,9161.7998046875,9242.5,0.0,161800
2017-04-13,9150.7998046875,9150.7998046875,0.0,9202.650390625,9144.9501953125,9202.5,0.0,166500
2017-04-17,9139.2998046875,9139.2998046875,0.0,9160.0,9120.25,9144.75,0.0,0
2017-04-18,9105.150390625,9105.150390625,0.0,9217.900390625,9095.4501953125,9163.0,0.0,174200
2017-04-19,9103.5,9103.5,0.0,9120.5,9075.150390625,9112.2001953125,0.0,173700
2017-04-20,9136.400390625,9136.400390625,0.0,9143.900390625,9102.650390625,9108.099609375,0.0,170300
2017-04-21,9119.400390625,9119.400390625,0.0,9183.650390625,9088.75,9179.099609375,0.0,155200
2017-04-24,9217.9501953125,9217.9501953125,0.0,9225.400390625,9130.5498046875,9135.349609375,0.0,167700
2017-04-25,9306.599609375,9306.599609375,0.0,9309.2001953125,9250.349609375,9273.0498046875,0.0,168700
2017-04-26,9351.849609375,9351.849609375,0.0,9367.0,9301.349609375,9336.2001953125,0.0,185700
2017-04-27,9342.150390625,9342.150390625,0.0,9367.150390625,9322.650390625,9359.150390625,0.0,209400
2017-04-28,9304.0498046875,9304.0498046875,0.0,9342.650390625,9282.25,9340.9501953125,0.0,162200
2017-05-02,9313.7998046875,9313.7998046875,0.0,9352.5498046875,9269.900390625,9339.849609375,0.0,161600
2017-05-03,9311.9501953125,9311.9501953125,0.0,9346.2998046875,9298.400390625,9344.7001953125,0.0,151600
2017-05-04,9359.900390625,9359.900390625,0.0,9365.650390625,9323.25,9360.9501953125,0.0,269600
2017-05-05,9285.2998046875,9285.2998046875,0.0,9377.099609375,9272.0,9374.5498046875,0.0,231900
2017-05-08,9314.0498046875,9314.0498046875,0.0,9338.7001953125,9297.9501953125,9311.4501953125,0.0,174300
2017-05-09,9316.849609375,9316.849609375,0.0,9338.9501953125,9307.7001953125,9337.349609375,0.0,132300
2017-05-10,9407.2998046875,9407.2998046875,0.0,9414.75,9336.0,9339.650390625,0.0,152700
2017-05-11,9422.400390625,9422.400390625,0.0,9450.650390625,9411.2998046875,9448.599609375,0.0,171100
2017-05-12,9400.900390625,9400.900390625,0.0,9437.75,9372.5498046875,9436.650390625,0.0,154300
2017-05-15,9445.400390625,9445.400390625,0.0,9449.25,9423.099609375,9433.5498046875,0.0,140800
2017-05-16,9512.25,9512.25,0.0,9517.2001953125,9456.349609375,9461.0,0.0,166500
2017-05-17,9525.75,9525.75,0.0,9532.599609375,9486.099609375,9517.599609375,0.0,205500
2017-05-18,9429.4501953125,9429.4501953125,0.0,9489.099609375,9418.099609375,9453.2001953125,0.0,193300
2017-05-19,9427.900390625,9427.900390625,0.0,9505.75,9390.75,9469.900390625,0.0,252100
2017-05-22,9438.25,9438.25,0.0,9498.650390625,9427.900390625,9480.25,0.0,196800
2017-05-23,9386.150390625,9386.150390625,0.0,9448.0498046875,9370.0,9445.0498046875,0.0,224400
2017-05-24,9360.5498046875,9360.5498046875,0.0,9431.900390625,9341.650390625,9410.900390625,0.0,211800
2017-05-25,9509.75,9509.75,0.0,9523.2998046875,9379.2001953125,9384.0498046875,0.0,289200
2017-05-26,9595.099609375,9595.099609375,0.0,9604.900390625,9495.400390625,9507.75,0.0,218800
2017-05-29,9604.900390625,9604.900390625,0.0,9637.75,9547.7001953125,9560.0498046875,0.0,235000
2017-05-30,9624.5498046875,9624.5498046875,0.0,9635.2998046875,9581.2001953125,9590.650390625,0.0,193900
2017-05-31,9621.25,9621.25,0.0,9649.599609375,9609.25,9636.5498046875,0.0,414300
2017-06-01,9616.099609375,9616.099609375,0.0,9634.650390625,9589.900390625,9603.5498046875,0.0,176100
2017-06-02,9653.5,9653.5,0.0,9673.5,9637.4501953125,9657.150390625,0.0,162200
2017-06-05,9675.099609375,9675.099609375,0.0,9687.2001953125,9640.7001953125,9656.2998046875,0.0,127700
2017-06-06,9637.150390625,9637.150390625,0.0,9709.2998046875,9630.2001953125,9704.25,0.0,145900
2017-06-07,9663.900390625,9663.900390625,0.0,9678.5498046875,9630.5498046875,9663.9501953125,0.0,160700
2017-06-08,9647.25,9647.25,0.0,9688.7001953125,9641.5,9682.400390625,0.0,155400
2017-06-09,9668.25,9668.25,0.0,9676.25,9608.150390625,9638.5498046875,0.0,159000
2017-06-12,9616.400390625,9616.400390625,0.0,9647.0498046875,9598.5,9646.7001953125,0.0,141400
2017-06-13,9606.900390625,9606.900390625,0.0,9654.150390625,9595.400390625,9615.5498046875,0.0,129700
2017-06-14,9618.150390625,9618.150390625,0.0,9627.400390625,9580.4501953125,9621.5498046875,0.0,181800
2017-06-15,9578.0498046875,9578.0498046875,0.0,9621.400390625,9560.7998046875,9617.900390625,0.0,171100
2017-06-16,9588.0498046875,9588.0498046875,0.0,9615.849609375,9565.5,9595.4501953125,0.0,213200
2017-06-19,9657.5498046875,9657.5498046875,0.0,9673.2998046875,9614.900390625,9626.400390625,0.0,141700
2017-06-20,9653.5,9653.5,0.0,9676.5,9643.75,9670.5,0.0,159500
2017-06-21,9633.599609375,9633.599609375,0.0,9650.4501953125,9608.599609375,9648.099609375,0.0,144000
2017-06-22,9630.0,9630.0,0.0,9698.849609375,9617.75,9642.650390625,0.0,198800
2017-06-23,9574.9501953125,9574.9501953125,0.0,9647.650390625,9565.2998046875,9643.25,0.0,175200
2017-06-27,9511.400390625,9511.400390625,0.0,9615.400390625,9473.4501953125,9594.0498046875,0.0,203300
2017-06-28,9491.25,9491.25,0.0,9522.5,9474.349609375,9520.2001953125,0.0,172400
2017-06-29,9504.099609375,9504.099609375,0.0,9575.7998046875,9493.7998046875,9522.9501953125,0.0,259300
2017-06-30,9520.900390625,9520.900390625,0.0,9535.7998046875,9448.75,9478.5,0.0,179600
2017-07-03,9615.0,9615.0,0.0,9624.0,9543.5498046875,9587.9501953125,0.0,183000
2017-07-04,9613.2998046875,9613.2998046875,0.0,9650.650390625,9595.5,9645.900390625,0.0,144800
2017-07-05,9637.599609375,9637.599609375,0.0,9643.650390625,9607.349609375,9619.75,0.0,130800
2017-07-06,9674.5498046875,9674.5498046875,0.0,9700.7001953125,9639.9501953125,9653.599609375,0.0,147400
2017-07-07,9665.7998046875,9665.7998046875,0.0,9684.25,9642.650390625,9670.349609375,0.0,141800
2017-07-10,9771.0498046875,9771.0498046875,0.0,9782.150390625,9646.4501953125,9719.2998046875,0.0,37500
2017-07-11,9786.0498046875,9786.0498046875,0.0,9830.0498046875,9778.849609375,9797.4501953125,0.0,179700
2017-07-12,9816.099609375,9816.099609375,0.0,9824.9501953125,9787.7001953125,9807.2998046875,0.0,145500
2017-07-13,9891.7001953125,9891.7001953125,0.0,9897.25,9853.4501953125,9855.7998046875,0.0,181300
2017-07-14,9886.349609375,9886.349609375,0.0,9913.2998046875,9845.4501953125,9913.2998046875,0.0,159600
2017-07-17,9915.9501953125,9915.9501953125,0.0,9928.2001953125,9894.7001953125,9908.150390625,0.0,163500
2017-07-18,9827.150390625,9827.150390625,0.0,9885.349609375,9792.0498046875,9832.7001953125,0.0,293900
2017-07-19,9899.599609375,9899.599609375,0.0,9905.0498046875,9851.650390625,9855.9501953125,0.0,200200
2017-07-20,9873.2998046875,9873.2998046875,0.0,9922.5498046875,9863.4501953125,9920.2001953125,0.0,161100
2017-07-21,9915.25,9915.25,0.0,9924.7001953125,9838.0,9899.599609375,0.0,187500
2017-07-24,9966.400390625,9966.400390625,0.0,9982.0498046875,9919.599609375,9936.7998046875,0.0,174500
2017-07-25,9964.5498046875,9964.5498046875,0.0,10011.2998046875,9949.099609375,10010.5498046875,0.0,185500
2017-07-26,10020.650390625,10020.650390625,0.0,10025.9501953125,9965.9501953125,9983.650390625,0.0,197600
2017-07-27,10020.5498046875,10020.5498046875,0.0,10114.849609375,10005.5,10063.25,0.0,287900
2017-07-28,10014.5,10014.5,0.0,10026.0498046875,9944.5,9996.5498046875,0.0,191600
2017-07-31,10077.099609375,10077.099609375,0.0,10085.900390625,10016.9501953125,10034.7001953125,0.0,237700
2017-08-01,10114.650390625,10114.650390625,0.0,10128.599609375,10065.75,10101.0498046875,0.0,184300
2017-08-02,10081.5,10081.5,0.0,10137.849609375,10054.2001953125,10136.2998046875,0.0,161500
2017-08-03,10013.650390625,10013.650390625,0.0,10081.150390625,9998.25,10081.150390625,0.0,192700
2017-08-04,10066.400390625,10066.400390625,0.0,10075.25,9988.349609375,10008.599609375,0.0,178600
2017-08-07,10057.400390625,10057.400390625,0.0,10088.099609375,10046.349609375,10074.7998046875,0.0,137400
2017-08-08,9978.5498046875,9978.5498046875,0.0,10083.7998046875,9947.0,10068.349609375,0.0,203300
2017-08-09,9908.0498046875,9908.0498046875,0.0,9969.7998046875,9893.0498046875,9961.150390625,0.0,169200
2017-08-10,9820.25,9820.25,0.0,9892.650390625,9776.2001953125,9872.849609375,0.0,235500
2017-08-11,9710.7998046875,9710.7998046875,0.0,9771.650390625,9685.5498046875,9712.150390625,0.0,285900
2017-08-14,9794.150390625,9794.150390625,0.0,9818.2998046875,9752.099609375,9755.75,0.0,195600
2017-08-16,9897.2998046875,9897.2998046875,0.0,9903.9501953125,9773.849609375,9825.849609375,0.0,219500
2017-08-17,9904.150390625,9904.150390625,0.0,9947.7998046875,9883.75,9945.5498046875,0.0,197600
2017-08-18,9837.400390625,9837.400390625,0.0,9865.9501953125,9783.650390625,9865.9501953125,0.0,246300
2017-08-21,9754.349609375,9754.349609375,0.0,9884.349609375,9740.099609375,9864.25,0.0,205300
2017-08-22,9765.5498046875,9765.5498046875,0.0,9828.4501953125,9752.599609375,9815.75,0.0,183600
2017-08-23,9852.5,9852.5,0.0,9857.900390625,9786.75,9803.0498046875,0.0,168600
2017-08-24,9857.0498046875,9857.0498046875,0.0,9881.5,9848.849609375,9881.2001953125,0.0,184700
2017-08-28,9912.7998046875,9912.7998046875,0.0,9925.75,9882.0,9907.150390625,0.0,159600
2017-08-29,9796.0498046875,9796.0498046875,0.0,9887.349609375,9783.75,9886.400390625,0.0,173300
2017-08-30,9884.400390625,9884.400390625,0.0,9909.4501953125,9850.7998046875,9859.5,0.0,157800
2017-08-31,9917.900390625,9917.900390625,0.0,9925.099609375,9856.9501953125,9905.7001953125,0.0,327700
2017-09-01,9974.400390625,9974.400390625,0.0,9983.4501953125,9909.849609375,9937.650390625,0.0,157800
2017-09-04,9912.849609375,9912.849609375,0.0,9988.400390625,9861.0,9984.150390625,0.0,148800
2017-09-05,9952.2001953125,9952.2001953125,0.0,9963.099609375,9901.0498046875,9933.25,0.0,139200
2017-09-06,9916.2001953125,9916.2001953125,0.0,9931.5498046875,9882.5498046875,9899.25,0.0,149200
2017-09-07,9929.900390625,9929.900390625,0.0,9964.849609375,9917.2001953125,9945.849609375,0.0,188800
2017-09-08,9934.7998046875,9934.7998046875,0.0,9963.599609375,9913.2998046875,9958.650390625,0.0,163600
2017-09-11,10006.0498046875,10006.0498046875,0.0,10028.650390625,9968.7998046875,9971.75,0.0,173000
2017-09-12,10093.0498046875,10093.0498046875,0.0,10097.5498046875,10028.0498046875,10056.849609375,0.0,182600
2017-09-13,10079.2998046875,10079.2998046875,0.0,10131.9501953125,10063.150390625,10099.25,0.0,215000
2017-09-14,10086.599609375,10086.599609375,0.0,10126.5,10070.349609375,10107.400390625,0.0,225600
2017-09-15,10085.400390625,10085.400390625,0.0,10115.150390625,10043.650390625,10062.349609375,0.0,266600
2017-09-18,10153.099609375,10153.099609375,0.0,10171.7001953125,10131.2998046875,10133.099609375,0.0,156100
2017-09-19,10147.5498046875,10147.5498046875,0.0,10178.9501953125,10129.9501953125,10175.599609375,0.0,187500
2017-09-20,10141.150390625,10141.150390625,0.0,10171.0498046875,10134.2001953125,10160.9501953125,0.0,199400
2017-09-21,10121.900390625,10121.900390625,0.0,10158.900390625,10058.599609375,10139.599609375,0.0,191800
2017-09-22,9964.400390625,9964.400390625,0.0,10095.0498046875,9952.7998046875,10094.349609375,0.0,226600
2017-09-25,9872.599609375,9872.599609375,0.0,9960.5,9816.0498046875,9960.099609375,0.0,221400
2017-09-26,9871.5,9871.5,0.0,9891.349609375,9813.0,9875.25,0.0,190900
2017-09-27,9735.75,9735.75,0.0,9921.0498046875,9714.400390625,9920.599609375,0.0,200100
2017-09-28,9768.9501953125,9768.9501953125,0.0,9789.2001953125,9687.5498046875,9736.400390625,0.0,385000
2017-09-29,9788.599609375,9788.599609375,0.0,9854.0,9775.349609375,9814.2998046875,0.0,196300
2017-10-03,9859.5,9859.5,0.0,9895.400390625,9831.0498046875,9893.2998046875,0.0,162800
2017-10-04,9914.900390625,9914.900390625,0.0,9938.2998046875,9850.650390625,9884.349609375,0.0,156200
2017-10-05,9888.7001953125,9888.7001953125,0.0,9945.9501953125,9881.849609375,9927.0,0.0,147800
2017-10-06,9979.7001953125,9979.7001953125,0.0,9989.349609375,9906.599609375,9908.150390625,0.0,195800
2017-10-09,9988.75,9988.75,0.0,10015.75,9959.4501953125,9988.2001953125,0.0,143900
2017-10-10,10016.9501953125,10016.9501953125,0.0,10034.0,10002.2998046875,10013.7001953125,0.0,148600
2017-10-11,9984.7998046875,9984.7998046875,0.0,10067.25,9955.7998046875,10042.599609375,0.0,189700
2017-10-12,10096.400390625,10096.400390625,0.0,10104.4501953125,9977.099609375,10011.2001953125,0.0,200900
2017-10-13,10167.4501953125,10167.4501953125,0.0,10191.900390625,10120.099609375,10123.7001953125,0.0,230100
2017-10-16,10230.849609375,10230.849609375,0.0,10242.9501953125,10175.099609375,10207.400390625,0.0,203000
2017-10-17,10234.4501953125,10234.4501953125,0.0,10251.849609375,10212.599609375,10227.650390625,0.0,195700
2017-10-18,10210.849609375,10210.849609375,0.0,10236.4501953125,10175.75,10209.400390625,0.0,254200
2017-10-19,10146.5498046875,10146.5498046875,0.0,10211.9501953125,10123.349609375,10210.349609375,0.0,30200
2017-10-23,10184.849609375,10184.849609375,0.0,10224.150390625,10124.5,10176.650390625,0.0,218100
2017-10-24,10207.7001953125,10207.7001953125,0.0,10237.75,10182.400390625,10218.5498046875,0.0,217200
2017-10-25,10295.349609375,10295.349609375,0.0,10340.5498046875,10240.900390625,10321.150390625,0.0,594200
2017-10-26,10343.7998046875,10343.7998046875,0.0,10355.650390625,10271.849609375,10291.7998046875,0.0,429700
2017-10-27,10323.0498046875,10323.0498046875,0.0,10366.150390625,10311.2998046875,10362.2998046875,0.0,312700
2017-10-30,10363.650390625,10363.650390625,0.0,10384.5,10344.2998046875,10353.849609375,0.0,236900
2017-10-31,10335.2998046875,10335.2998046875,0.0,10367.7001953125,10323.9501953125,10364.900390625,0.0,232600
2017-11-01,10440.5,10440.5,0.0,10451.650390625,10383.0498046875,10390.349609375,0.0,260300
2017-11-02,10423.7998046875,10423.7998046875,0.0,10453.0,10412.5498046875,10440.5,0.0,201500
2017-11-03,10452.5,10452.5,0.0,10461.7001953125,10403.599609375,10461.5498046875,0.0,199900
2017-11-06,10451.7998046875,10451.7998046875,0.0,10490.4501953125,10413.75,10431.75,0.0,193600
2017-11-07,10350.150390625,10350.150390625,0.0,10485.75,10340.7998046875,10477.150390625,0.0,286900
2017-11-08,10303.150390625,10303.150390625,0.0,10384.25,10285.5,10361.9501953125,0.0,274500
2017-11-09,10308.9501953125,10308.9501953125,0.0,10368.4501953125,10266.9501953125,10358.650390625,0.0,240200
2017-11-10,10321.75,10321.75,0.0,10344.9501953125,10254.099609375,10304.349609375,0.0,279400
2017-11-13,10224.9501953125,10224.9501953125,0.0,10334.150390625,10216.25,10322.0,0.0,210300
2017-11-14,10186.599609375,10186.599609375,0.0,10248.0,10175.5498046875,10223.400390625,0.0,305000
2017-11-15,10118.0498046875,10118.0498046875,0.0,10175.4501953125,10094.0,10171.9501953125,0.0,207400
2017-11-16,10214.75,10214.75,0.0,10232.25,10139.2001953125,10152.900390625,0.0,182600
2017-11-17,10283.599609375,10283.599609375,0.0,10343.599609375,10268.0498046875,10324.5498046875,0.0,203300
2017-11-20,10298.75,10298.75,0.0,10309.849609375,10261.5,10287.2001953125,0.0,147200
2017-11-21,10326.900390625,10326.900390625,0.0,10358.7001953125,10315.0498046875,10329.25,0.0,186100
2017-11-22,10342.2998046875,10342.2998046875,0.0,10368.7001953125,10309.5498046875,10350.7998046875,0.0,157600
2017-11-23,10348.75,10348.75,0.0,10374.2998046875,10307.2998046875,10358.4501953125,0.0,153000
2017-11-24,10389.7001953125,10389.7001953125,0.0,10404.5,10362.25,10366.7998046875,0.0,129200
2017-11-27,10399.5498046875,10399.5498046875,0.0,10407.150390625,10340.2001953125,10361.0498046875,0.0,141900
2017-11-28,10370.25,10370.25,0.0,10409.5498046875,10355.2001953125,10387.900390625,0.0,196000
2017-11-29,10361.2998046875,10361.2998046875,0.0,10392.9501953125,10345.900390625,10376.650390625,0.0,152500
2017-11-30,10226.5498046875,10226.5498046875,0.0,10332.7001953125,10211.25,10332.7001953125,0.0,342500
2017-12-01,10121.7998046875,10121.7998046875,0.0,10272.7001953125,10108.5498046875,10263.7001953125,0.0,143400
2017-12-04,10127.75,10127.75,0.0,10179.2001953125,10095.7001953125,10175.0498046875,0.0,148600
2017-12-05,10118.25,10118.25,0.0,10147.9501953125,10069.099609375,10118.25,0.0,155500
2017-12-06,10044.099609375,10044.099609375,0.0,10104.2001953125,10033.349609375,10088.7998046875,0.0,166100
2017-12-07,10166.7001953125,10166.7001953125,0.0,10182.650390625,10061.900390625,10063.4501953125,0.0,166200
2017-12-08,10265.650390625,10265.650390625,0.0,10270.849609375,10195.25,10198.4501953125,0.0,200000
2017-12-11,10322.25,10322.25,0.0,10329.2001953125,10282.0498046875,10310.5,0.0,147400
2017-12-12,10240.150390625,10240.150390625,0.0,10326.099609375,10230.2001953125,10324.900390625,0.0,175100
2017-12-13,10192.9501953125,10192.9501953125,0.0,10296.5498046875,10169.849609375,10236.599609375,0.0,181600
2017-12-14,10252.099609375,10252.099609375,0.0,10276.099609375,10141.5498046875,10229.2998046875,0.0,154300
2017-12-15,10333.25,10333.25,0.0,10373.099609375,10319.650390625,10345.650390625,0.0,255100
2017-12-18,10388.75,10388.75,0.0,10443.5498046875,10074.7998046875,10263.099609375,0.0,230400
2017-12-19,10463.2001953125,10463.2001953125,0.0,10472.2001953125,10406.0,10414.7998046875,0.0,169100
2017-12-20,10444.2001953125,10444.2001953125,0.0,10494.4501953125,10437.150390625,10494.400390625,0.0,175200
2017-12-21,10440.2998046875,10440.2998046875,0.0,10473.9501953125,10426.900390625,10473.9501953125,0.0,151900
2017-12-22,10493.0,10493.0,0.0,10501.099609375,10448.25,10457.2998046875,0.0,138800
2017-12-26,10531.5,10531.5,0.0,10545.4501953125,10477.9501953125,10512.2998046875,0.0,155600
2017-12-27,10490.75,10490.75,0.0,10552.400390625,10469.25,10531.0498046875,0.0,165200
2017-12-28,10477.900390625,10477.900390625,0.0,10534.5498046875,10460.4501953125,10498.2001953125,0.0,272900
2017-12-29,10530.7001953125,10530.7001953125,0.0,10538.7001953125,10488.650390625,10492.349609375,0.0,152000
2018-01-02,10442.2001953125,10442.2001953125,0.0,10495.2001953125,10404.650390625,10477.5498046875,0.0,153400
2018-01-03,10443.2001953125,10443.2001953125,0.0,10503.599609375,10429.5498046875,10482.650390625,0.0,167300
2018-01-04,10504.7998046875,10504.7998046875,0.0,10513.0,10441.4501953125,10469.400390625,0.0,174900
2018-01-05,10558.849609375,10558.849609375,0.0,10566.099609375,10520.099609375,10534.25,0.0,180900
2018-01-08,10623.599609375,10623.599609375,0.0,10631.2001953125,10588.5498046875,10591.7001953125,0.0,169000
2018-01-09,10637.0,10637.0,0.0,10659.150390625,10603.599609375,10645.099609375,0.0,205000
2018-01-10,10632.2001953125,10632.2001953125,0.0,10655.5,10592.7001953125,10652.0498046875,0.0,176400
2018-01-11,10651.2001953125,10651.2001953125,0.0,10664.599609375,10612.349609375,10637.0498046875,0.0,153800
2018-01-12,10681.25,10681.25,0.0,10690.400390625,10597.099609375,10682.5498046875,0.0,175200
2018-01-15,10741.5498046875,10741.5498046875,0.0,10782.650390625,10713.7998046875,10718.5,0.0,175900
2018-01-16,10700.4501953125,10700.4501953125,0.0,10762.349609375,10687.849609375,10761.5,0.0,211000
2018-01-17,10788.5498046875,10788.5498046875,0.0,10803.0,10666.75,10702.4501953125,0.0,252700
2018-01-18,10817.0,10817.0,0.0,10887.5,10782.400390625,10873.400390625,0.0,312000
2018-01-19,10894.7001953125,10894.7001953125,0.0,10906.849609375,10793.900390625,10829.2001953125,0.0,207600
2018-01-22,10966.2001953125,10966.2001953125,0.0,10975.099609375,10881.400390625,10883.2001953125,0.0,231600
2018-01-23,11083.7001953125,11083.7001953125,0.0,11092.900390625,10994.5498046875,10997.400390625,0.0,284600
2018-01-24,11086.0,11086.0,0.0,11110.099609375,11046.150390625,11069.349609375,0.0,283400
2018-01-25,11069.650390625,11069.650390625,0.0,11095.599609375,11009.2001953125,11095.599609375,0.0,330300
2018-01-29,11130.400390625,11130.400390625,0.0,11171.5498046875,11075.9501953125,11079.349609375,0.0,241700
2018-01-30,11049.650390625,11049.650390625,0.0,11121.099609375,11033.900390625,11120.849609375,0.0,228000
2018-01-31,11027.7001953125,11027.7001953125,0.0,11058.5,10979.2998046875,11018.7998046875,0.0,245900
2018-02-01,11016.900390625,11016.900390625,0.0,11117.349609375,10878.7998046875,11044.5498046875,0.0,306200
2018-02-02,10760.599609375,10760.599609375,0.0,10954.9501953125,10736.099609375,10938.2001953125,0.0,282700
2018-02-05,10666.5498046875,10666.5498046875,0.0,10702.75,10586.7998046875,10604.2998046875,0.0,240100
2018-02-06,10498.25,10498.25,0.0,10594.150390625,10276.2998046875,10295.150390625,0.0,266500
2018-02-07,10476.7001953125,10476.7001953125,0.0,10614.0,10446.400390625,10607.2001953125,0.0,250400
2018-02-08,10576.849609375,10576.849609375,0.0,10637.7998046875,10479.5498046875,10518.5,0.0,232200
2018-02-09,10454.9501953125,10454.9501953125,0.0,10480.2001953125,10398.2001953125,10416.5,0.0,191600
2018-02-12,10539.75,10539.75,0.0,10555.5,10485.400390625,10518.2001953125,0.0,217400
2018-02-14,10500.900390625,10500.900390625,0.0,10590.5498046875,10456.650390625,10585.75,0.0,229200
2018-02-15,10545.5,10545.5,0.0,10618.099609375,10511.0498046875,10537.900390625,0.0,210600
2018-02-16,10452.2998046875,10452.2998046875,0.0,10612.900390625,10434.0498046875,10596.2001953125,0.0,184300
2018-02-19,10378.400390625,10378.400390625,0.0,10489.349609375,10302.75,10488.900390625,0.0,187300
2018-02-20,10360.400390625,10360.400390625,0.0,10429.349609375,10347.650390625,10391.0,0.0,187700
2018-02-21,10397.4501953125,10397.4501953125,0.0,10426.099609375,10349.599609375,10426.0,0.0,234100
2018-02-22,10382.7001953125,10382.7001953125,0.0,10397.5498046875,10340.650390625,10354.349609375,0.0,313600
2018-02-23,10491.0498046875,10491.0498046875,0.0,10499.099609375,10396.650390625,10408.099609375,0.0,210600
2018-02-26,10582.599609375,10582.599609375,0.0,10592.9501953125,10520.2001953125,10526.5498046875,0.0,171900
2018-02-27,10554.2998046875,10554.2998046875,0.0,10631.650390625,10537.25,10615.2001953125,0.0,187500
2018-02-28,10492.849609375,10492.849609375,0.0,10535.5,10461.5498046875,10488.9501953125,0.0,286000
2018-03-01,10458.349609375,10458.349609375,0.0,10525.5,10447.150390625,10479.9501953125,0.0,176000
2018-03-05,10358.849609375,10358.849609375,0.0,10428.7001953125,10323.900390625,10428.2998046875,0.0,194000
2018-03-06,10249.25,10249.25,0.0,10441.349609375,10215.900390625,10420.5,0.0,222900
2018-03-07,10154.2001953125,10154.2001953125,0.0,10243.349609375,10141.5498046875,10232.9501953125,0.0,249500
2018-03-08,10242.650390625,10242.650390625,0.0,10270.349609375,10146.400390625,10216.25,0.0,226400
2018-03-09,10226.849609375,10226.849609375,0.0,10296.7001953125,10211.900390625,10271.2998046875,0.0,186500
2018-03-12,10421.400390625,10421.400390625,0.0,10433.650390625,10295.4501953125,10301.599609375,0.0,216400
2018-03-13,10426.849609375,10426.849609375,0.0,10478.599609375,10377.849609375,10389.5,0.0,266700
2018-03-14,10410.900390625,10410.900390625,0.0,10420.349609375,10336.2998046875,10393.0498046875,0.0,181400
2018-03-15,10360.150390625,10360.150390625,0.0,10420.0,10346.2001953125,10405.4501953125,0.0,173900
2018-03-16,10195.150390625,10195.150390625,0.0,10346.2998046875,10180.25,10345.150390625,0.0,328500
2018-03-19,10094.25,10094.25,0.0,10224.5498046875,10075.2998046875,10215.349609375,0.0,210200
2018-03-20,10124.349609375,10124.349609375,0.0,10155.650390625,10049.099609375,10051.5498046875,0.0,203000
2018-03-21,10155.25,10155.25,0.0,10227.2998046875,10132.9501953125,10181.9501953125,0.0,204800
2018-03-22,10114.75,10114.75,0.0,10207.849609375,10105.400390625,10167.5,0.0,230500
2018-03-23,9998.0498046875,9998.0498046875,0.0,10027.7001953125,9951.900390625,9968.7998046875,0.0,285700
2018-03-26,10130.650390625,10130.650390625,0.0,10143.5,9958.5498046875,9989.150390625,0.0,262600
2018-03-27,10184.150390625,10184.150390625,0.0,10207.900390625,10139.650390625,10188.0,0.0,225700
2018-03-28,10113.7001953125,10113.7001953125,0.0,10158.349609375,10096.900390625,10143.599609375,0.0,344400
2018-04-02,10211.7998046875,10211.7998046875,0.0,10220.099609375,10127.75,10151.650390625,0.0,225400
2018-04-03,10245.0,10245.0,0.0,10255.349609375,10171.0498046875,10186.849609375,0.0,205300
2018-04-04,10128.400390625,10128.400390625,0.0,10279.849609375,10111.2998046875,10274.599609375,0.0,231100
2018-04-05,10325.150390625,10325.150390625,0.0,10331.7998046875,10227.4501953125,10228.4501953125,0.0,236800
2018-04-06,10331.599609375,10331.599609375,0.0,10350.4501953125,10290.849609375,10322.75,0.0,200200
2018-04-09,10379.349609375,10379.349609375,0.0,10397.7001953125,10328.5,10333.7001953125,0.0,221600
2018-04-10,10402.25,10402.25,0.0,10424.849609375,10381.5,10412.900390625,0.0,251700
2018-04-11,10417.150390625,10417.150390625,0.0,10428.150390625,10355.599609375,10428.150390625,0.0,250400
2018-04-12,10458.650390625,10458.650390625,0.0,10469.900390625,10395.25,10410.650390625,0.0,238600
2018-04-13,10480.599609375,10480.599609375,0.0,10519.900390625,10451.4501953125,10495.2998046875,0.0,213100
2018-04-16,10528.349609375,10528.349609375,0.0,10540.150390625,10396.349609375,10398.2998046875,0.0,195000
2018-04-17,10548.7001953125,10548.7001953125,0.0,10560.4501953125,10495.650390625,10557.2998046875,0.0,206100
2018-04-18,10526.2001953125,10526.2001953125,0.0,10594.2001953125,10509.7001953125,10578.900390625,0.0,205400
2018-04-19,10565.2998046875,10565.2998046875,0.0,10572.2001953125,10546.2001953125,10563.650390625,0.0,262600
2018-04-20,10564.0498046875,10564.0498046875,0.0,10582.349609375,10527.4501953125,10560.349609375,0.0,244600
2018-04-23,10584.7001953125,10584.7001953125,0.0,10638.349609375,10514.9501953125,10592.7998046875,0.0,194200
2018-04-24,10614.349609375,10614.349609375,0.0,10636.7998046875,10569.0,10578.099609375,0.0,219200
2018-04-25,10570.5498046875,10570.5498046875,0.0,10612.599609375,10536.4501953125,10612.400390625,0.0,189200
2018-04-26,10617.7998046875,10617.7998046875,0.0,10628.400390625,10559.650390625,10586.5,0.0,335100
2018-04-27,10692.2998046875,10692.2998046875,0.0,10719.7998046875,10647.5498046875,10651.650390625,0.0,0
2018-04-30,10739.349609375,10739.349609375,0.0,10759.0,10704.599609375,10705.75,0.0,173800
2018-05-02,10718.0498046875,10718.0498046875,0.0,10784.650390625,10689.7998046875,10783.849609375,0.0,229700
2018-05-03,10679.650390625,10679.650390625,0.0,10720.599609375,10647.4501953125,10720.150390625,0.0,185200
2018-05-04,10618.25,10618.25,0.0,10700.4501953125,10601.599609375,10700.4501953125,0.0,186500
2018-05-07,10715.5,10715.5,0.0,10725.650390625,10635.650390625,10653.150390625,0.0,168400
2018-05-08,10717.7998046875,10717.7998046875,0.0,10758.5498046875,10689.400390625,10757.900390625,0.0,269800
2018-05-09,10741.7001953125,10741.7001953125,0.0,10766.25,10689.849609375,10693.349609375,0.0,215400
2018-05-10,10716.5498046875,10716.5498046875,0.0,10785.5498046875,10705.0,10779.650390625,0.0,192100
2018-05-11,10806.5,10806.5,0.0,10812.0498046875,10724.4501953125,10741.9501953125,0.0,203100
2018-05-14,10806.599609375,10806.599609375,0.0,10834.849609375,10774.75,10815.150390625,0.0,171400
2018-05-15,10801.849609375,10801.849609375,0.0,10929.2001953125,10781.400390625,10812.599609375,0.0,254300
2018-05-16,10741.099609375,10741.099609375,0.0,10790.4501953125,10699.7001953125,10751.9501953125,0.0,231100
2018-05-17,10682.7001953125,10682.7001953125,0.0,10777.25,10664.5,10775.599609375,0.0,214100
2018-05-18,10596.400390625,10596.400390625,0.0,10674.9501953125,10589.099609375,10671.849609375,0.0,223000
2018-05-21,10516.7001953125,10516.7001953125,0.0,10621.7001953125,10505.7998046875,10616.7001953125,0.0,0
2018-05-22,10536.7001953125,10536.7001953125,0.0,10558.599609375,10490.5498046875,10518.4501953125,0.0,241700
2018-05-23,10430.349609375,10430.349609375,0.0,10533.5498046875,10417.7998046875,10521.099609375,0.0,290900
2018-05-24,10513.849609375,10513.849609375,0.0,10535.150390625,10419.7998046875,10464.849609375,0.0,297600
2018-05-25,10605.150390625,10605.150390625,0.0,10628.0498046875,10524.0,10533.0498046875,0.0,260800
2018-05-28,10688.650390625,10688.650390625,0.0,10709.7998046875,10640.5498046875,10648.349609375,0.0,232600
2018-05-29,10633.2998046875,10633.2998046875,0.0,10717.25,10616.099609375,10689.400390625,0.0,225800
2018-05-30,10614.349609375,10614.349609375,0.0,10648.7001953125,10558.4501953125,10579.0,0.0,238700
2018-05-31,10736.150390625,10736.150390625,0.0,10763.7998046875,10620.400390625,10670.099609375,0.0,610300
2018-06-01,10696.2001953125,10696.2001953125,0.0,10764.75,10681.5,10738.4501953125,0.0,220600
2018-06-04,10628.5,10628.5,0.0,10770.2998046875,10618.349609375,10765.9501953125,0.0,203800
2018-06-05,10593.150390625,10593.150390625,0.0,10633.150390625,10550.900390625,10630.7001953125,0.0,167700
2018-06-06,10684.650390625,10684.650390625,0.0,10698.349609375,10587.5,10603.4501953125,0.0,189900
2018-06-07,10768.349609375,10768.349609375,0.0,10818.0,10722.599609375,10722.599609375,0.0,220900
2018-06-08,10767.650390625,10767.650390625,0.0,10779.4501953125,10709.0498046875,10736.400390625,0.0,209400
2018-06-11,10786.9501953125,10786.9501953125,0.0,10850.5498046875,10777.0498046875,10781.849609375,0.0,211400
2018-06-12,10842.849609375,10842.849609375,0.0,10856.5498046875,10789.400390625,10816.150390625,0.0,198300
2018-06-13,10856.7001953125,10856.7001953125,0.0,10893.25,10842.650390625,10887.5,0.0,213400
2018-06-14,10808.0498046875,10808.0498046875,0.0,10833.7001953125,10773.5498046875,10832.900390625,0.0,184300
2018-06-15,10817.7001953125,10817.7001953125,0.0,10834.0,10755.400390625,10808.650390625,0.0,305400
2018-06-18,10799.849609375,10799.849609375,0.0,10830.2001953125,10787.349609375,10830.2001953125,0.0,196600
2018-06-19,10710.4501953125,10710.4501953125,0.0,10789.4501953125,10701.2001953125,10789.4501953125,0.0,224500
2018-06-20,10772.0498046875,10772.0498046875,0.0,10781.7998046875,10724.0498046875,10734.650390625,0.0,193500
2018-06-21,10741.099609375,10741.099609375,0.0,10809.599609375,10725.900390625,10808.4501953125,0.0,223600
2018-06-22,10821.849609375,10821.849609375,0.0,10837.0,10710.4501953125,10742.7001953125,0.0,229800
2018-06-25,10762.4501953125,10762.4501953125,0.0,10831.0498046875,10753.0498046875,10822.900390625,0.0,229600
2018-06-26,10769.150390625,10769.150390625,0.0,10805.25,10732.5498046875,10742.7001953125,0.0,220000
2018-06-27,10671.400390625,10671.400390625,0.0,10785.5,10652.400390625,10785.5,0.0,246000
2018-06-28,10589.099609375,10589.099609375,0.0,10674.2001953125,10557.7001953125,10660.7998046875,0.0,352300
2018-06-29,10714.2998046875,10714.2998046875,0.0,10723.0498046875,10612.349609375,10612.849609375,0.0,242800
2018-07-02,10657.2998046875,10657.2998046875,0.0,10736.150390625,10604.650390625,10732.349609375,0.0,295400
2018-07-03,10699.900390625,10699.900390625,0.0,10713.2998046875,10630.25,10668.599609375,0.0,202100
2018-07-04,10769.900390625,10769.900390625,0.0,10777.150390625,10677.75,10715.0,0.0,173900
2018-07-05,10749.75,10749.75,0.0,10786.0498046875,10726.25,10786.0498046875,0.0,220500
2018-07-06,10772.650390625,10772.650390625,0.0,10816.349609375,10735.0498046875,10744.150390625,0.0,0
2018-07-09,10852.900390625,10852.900390625,0.0,10860.349609375,10807.150390625,10838.2998046875,0.0,183600
2018-07-10,10947.25,10947.25,0.0,10956.900390625,10876.650390625,10902.75,0.0,197000
2018-07-11,10948.2998046875,10948.2998046875,0.0,10976.650390625,10923.0,10956.400390625,0.0,222300
2018-07-12,11023.2001953125,11023.2001953125,0.0,11078.2998046875,10999.650390625,11006.9501953125,0.0,248300
2018-07-13,11018.900390625,11018.900390625,0.0,11071.349609375,10999.75,11056.900390625,0.0,0
2018-07-16,10936.849609375,10936.849609375,0.0,11019.5,10926.25,11018.9501953125,0.0,210500
2018-07-17,11008.0498046875,11008.0498046875,0.0,11018.5,10925.599609375,10939.650390625,0.0,210600
2018-07-18,10980.4501953125,10980.4501953125,0.0,11076.2001953125,10956.2998046875,11060.2001953125,0.0,225500
2018-07-19,10957.099609375,10957.099609375,0.0,11006.5,10935.4501953125,10999.5,0.0,215400
2018-07-20,11010.2001953125,11010.2001953125,0.0,11030.25,10946.2001953125,10963.5,0.0,187300
2018-07-23,11084.75,11084.75,0.0,11093.400390625,11010.9501953125,11019.849609375,0.0,229100
2018-07-24,11134.2998046875,11134.2998046875,0.0,11143.400390625,11092.5,11109.0,0.0,205800
2018-07-25,11132.0,11132.0,0.0,11157.150390625,11113.25,11148.400390625,0.0,205900
2018-07-26,11167.2998046875,11167.2998046875,0.0,11185.849609375,11125.7001953125,11132.9501953125,0.0,365400
2018-07-27,11278.349609375,11278.349609375,0.0,11283.400390625,11210.25,11232.75,0.0,314600
2018-07-30,11319.5498046875,11319.5498046875,0.0,11328.099609375,11261.4501953125,11296.650390625,0.0,278800
2018-07-31,11356.5,11356.5,0.0,11366.0,11267.75,11311.0498046875,0.0,256500
2018-08-01,11346.2001953125,11346.2001953125,0.0,11390.5498046875,11313.5498046875,11359.7998046875,0.0,269700
2018-08-02,11244.7001953125,11244.7001953125,0.0,11328.900390625,11234.9501953125,11328.900390625,0.0,210000
2018-08-03,11360.7998046875,11360.7998046875,0.0,11368.0,11294.5498046875,11297.7998046875,0.0,218300
2018-08-06,11387.099609375,11387.099609375,0.0,11427.650390625,11370.599609375,11401.5,0.0,203700
2018-08-07,11389.4501953125,11389.4501953125,0.0,11428.9501953125,11359.7001953125,11423.150390625,0.0,226400
2018-08-08,11450.0,11450.0,0.0,11459.9501953125,11379.2998046875,11412.5,0.0,210500
2018-08-09,11470.7001953125,11470.7001953125,0.0,11495.2001953125,11454.099609375,11493.25,0.0,302200
2018-08-10,11429.5,11429.5,0.0,11478.75,11419.650390625,11474.9501953125,0.0,0
2018-08-13,11355.75,11355.75,0.0,11406.2998046875,11340.2998046875,11369.599609375,0.0,246900
2018-08-14,11435.099609375,11435.099609375,0.0,11452.4501953125,11370.7998046875,11381.7001953125,0.0,232600
2018-08-16,11385.0498046875,11385.0498046875,0.0,11449.849609375,11366.25,11397.150390625,0.0,290600
2018-08-17,11470.75,11470.75,0.0,11486.4501953125,11431.7998046875,11437.150390625,0.0,234700
2018-08-20,11551.75,11551.75,0.0,11565.2998046875,11499.650390625,11502.099609375,0.0,232600
2018-08-21,11570.900390625,11570.900390625,0.0,11581.75,11539.599609375,11576.2001953125,0.0,224200
2018-08-23,11582.75,11582.75,0.0,11620.7001953125,11546.7001953125,11620.7001953125,0.0,248500
2018-08-24,11557.099609375,11557.099609375,0.0,11604.599609375,11532.0,11566.599609375,0.0,218800
2018-08-27,11691.9501953125,11691.9501953125,0.0,11700.9501953125,11595.599609375,11605.849609375,0.0,199500
2018-08-28,11738.5,11738.5,0.0,11760.2001953125,11710.5,11731.9501953125,0.0,241900
2018-08-29,11691.900390625,11691.900390625,0.0,11753.2001953125,11678.849609375,11744.9501953125,0.0,251600
2018-08-30,11676.7998046875,11676.7998046875,0.0,11698.7998046875,11639.7001953125,11694.75,0.0,313800
2018-08-31,11680.5,11680.5,0.0,11727.650390625,11640.099609375,11675.849609375,0.0,346500
2018-09-03,11582.349609375,11582.349609375,0.0,11751.7998046875,11567.400390625,11751.7998046875,0.0,234400
2018-09-04,11520.2998046875,11520.2998046875,0.0,11602.5498046875,11496.849609375,11598.75,0.0,254800
2018-09-05,11476.9501953125,11476.9501953125,0.0,11542.650390625,11393.849609375,11514.849609375,0.0,246100
2018-09-06,11536.900390625,11536.900390625,0.0,11562.25,11436.0498046875,11514.150390625,0.0,247900
2018-09-07,11589.099609375,11589.099609375,0.0,11603.0,11484.400390625,11558.25,0.0,295900
2018-09-10,11438.099609375,11438.099609375,0.0,11573.0,11427.2998046875,11570.25,0.0,286700
2018-09-11,11287.5,11287.5,0.0,11479.400390625,11274.0,11476.849609375,0.0,0
2018-09-12,11369.900390625,11369.900390625,0.0,11380.75,11250.2001953125,11340.099609375,0.0,268200
2018-09-14,11515.2001953125,11515.2001953125,0.0,11523.25,11430.5498046875,11443.5,0.0,276600
2018-09-17,11377.75,11377.75,0.0,11464.9501953125,11366.900390625,11464.9501953125,0.0,201400
2018-09-18,11278.900390625,11278.900390625,0.0,11411.4501953125,11268.9501953125,11381.5498046875,0.0,240900
2018-09-19,11234.349609375,11234.349609375,0.0,11332.0498046875,11210.900390625,11326.650390625,0.0,250600
2018-09-21,11143.099609375,11143.099609375,0.0,11346.7998046875,10866.4501953125,11271.2998046875,0.0,719000
2018-09-24,10967.400390625,10967.400390625,0.0,11170.150390625,10943.599609375,11164.400390625,0.0,0
2018-09-25,11067.4501953125,11067.4501953125,0.0,11080.599609375,10882.849609375,10969.9501953125,0.0,405000
2018-09-26,11053.7998046875,11053.7998046875,0.0,11145.5498046875,10993.0498046875,11145.5498046875,0.0,340500
2018-09-27,10977.5498046875,10977.5498046875,0.0,11089.4501953125,10953.349609375,11079.7998046875,0.0,405700
2018-09-28,10930.4501953125,10930.4501953125,0.0,11034.099609375,10850.2998046875,11008.099609375,0.0,478100
2018-10-01,11008.2998046875,11008.2998046875,0.0,11035.650390625,10821.5498046875,10930.900390625,0.0,387000
2018-10-03,10858.25,10858.25,0.0,10989.0498046875,10843.75,10982.7001953125,0.0,386800
2018-10-04,10599.25,10599.25,0.0,10754.7001953125,10547.25,10754.7001953125,0.0,425100
2018-10-05,10316.4501953125,10316.4501953125,0.0,10540.650390625,10261.900390625,10514.099609375,0.0,606400
2018-10-08,10348.0498046875,10348.0498046875,0.0,10398.349609375,10198.400390625,10310.150390625,0.0,456200
2018-10-09,10301.0498046875,10301.0498046875,0.0,10397.599609375,10279.349609375,10390.2998046875,0.0,430500
2018-10-10,10460.099609375,10460.099609375,0.0,10482.349609375,10318.25,10331.849609375,0.0,0
2018-10-11,10234.650390625,10234.650390625,0.0,10335.9501953125,10138.599609375,10169.7998046875,0.0,483500
2018-10-12,10472.5,10472.5,0.0,10492.4501953125,10322.150390625,10331.5498046875,0.0,343500
2018-10-15,10512.5,10512.5,0.0,10526.2998046875,10410.150390625,10524.2001953125,0.0,259500
2018-10-16,10584.75,10584.75,0.0,10604.900390625,10525.2998046875,10550.150390625,0.0,265200
2018-10-17,10453.0498046875,10453.0498046875,0.0,10710.150390625,10436.4501953125,10688.7001953125,0.0,284800
2018-10-19,10303.5498046875,10303.5498046875,0.0,10380.099609375,10249.599609375,10339.7001953125,0.0,357500
2018-10-22,10245.25,10245.25,0.0,10408.5498046875,10224.0,10405.849609375,0.0,297300
2018-10-23,10146.7998046875,10146.7998046875,0.0,10222.099609375,10102.349609375,10152.599609375,0.0,302600
2018-10-24,10224.75,10224.75,0.0,10290.650390625,10126.7001953125,10278.150390625,0.0,351400
2018-10-25,10124.900390625,10124.900390625,0.0,10166.599609375,10079.2998046875,10135.0498046875,0.0,0
2018-10-26,10030.0,10030.0,0.0,10128.849609375,10004.5498046875,10122.349609375,0.0,364300
2018-10-29,10250.849609375,10250.849609375,0.0,10275.2998046875,10020.349609375,10078.099609375,0.0,364400
2018-10-30,10198.400390625,10198.400390625,0.0,10285.099609375,10175.349609375,10239.400390625,0.0,289800
2018-10-31,10386.599609375,10386.599609375,0.0,10396.0,10105.099609375,10209.5498046875,0.0,375000
2018-11-01,10380.4501953125,10380.4501953125,0.0,10441.900390625,10341.900390625,10441.7001953125,0.0,348500
2018-11-02,10553.0,10553.0,0.0,10606.9501953125,10457.7001953125,10462.2998046875,0.0,421200
2018-11-05,10524.0,10524.0,0.0,10558.7998046875,10477.0,10558.75,0.0,301900
2018-11-06,10530.0,10530.0,0.0,10600.25,10491.4501953125,10552.0,0.0,0
2018-11-07,10598.400390625,10598.400390625,0.0,10616.4501953125,10582.2998046875,10614.4501953125,0.0,31200
2018-11-09,10585.2001953125,10585.2001953125,0.0,10619.5498046875,10544.849609375,10614.7001953125,0.0,296600
2018-11-12,10482.2001953125,10482.2001953125,0.0,10645.5,10464.0498046875,10607.7998046875,0.0,259700
2018-11-13,10582.5,10582.5,0.0,10596.25,10440.5498046875,10451.900390625,0.0,254600
2018-11-14,10576.2998046875,10576.2998046875,0.0,10651.599609375,10532.7001953125,10634.900390625,0.0,384500
2018-11-15,10616.7001953125,10616.7001953125,0.0,10646.5,10557.5,10580.599609375,0.0,0
2018-11-16,10682.2001953125,10682.2001953125,0.0,10695.150390625,10631.150390625,10644.0,0.0,342800
2018-11-19,10763.400390625,10763.400390625,0.0,10774.7001953125,10688.7998046875,10731.25,0.0,272100
2018-11-20,10656.2001953125,10656.2001953125,0.0,10740.849609375,10640.849609375,10740.099609375,0.0,295200
2018-11-21,10600.0498046875,10600.0498046875,0.0,10671.2998046875,10562.349609375,10670.9501953125,0.0,300900
2018-11-22,10526.75,10526.75,0.0,10646.25,10512.0,10612.650390625,0.0,239500
2018-11-26,10628.599609375,10628.599609375,0.0,10637.7998046875,10489.75,10568.2998046875,0.0,0
2018-11-27,10685.599609375,10685.599609375,0.0,10695.150390625,10596.349609375,10621.4501953125,0.0,0
2018-11-28,10728.849609375,10728.849609375,0.0,10757.7998046875,10699.849609375,10708.75,0.0,424500
2018-11-29,10858.7001953125,10858.7001953125,0.0,10883.0498046875,10782.349609375,10808.7001953125,0.0,691300
2018-11-30,10876.75,10876.75,0.0,10922.4501953125,10835.099609375,10892.099609375,0.0,453900
2018-12-03,10883.75,10883.75,0.0,10941.2001953125,10845.349609375,10930.7001953125,0.0,409700
2018-12-04,10869.5,10869.5,0.0,10890.9501953125,10833.349609375,10877.099609375,0.0,322100
2018-12-05,10782.900390625,10782.900390625,0.0,10821.0498046875,10747.9501953125,10820.4501953125,0.0,312300
2018-12-06,10601.150390625,10601.150390625,0.0,10722.650390625,10588.25,10718.150390625,0.0,318500
2018-12-07,10693.7001953125,10693.7001953125,0.0,10704.5498046875,10599.349609375,10644.7998046875,0.0,325800
2018-12-10,10488.4501953125,10488.4501953125,0.0,10558.849609375,10474.9501953125,10508.7001953125,0.0,381300
2018-12-11,10549.150390625,10549.150390625,0.0,10567.150390625,10333.849609375,10350.0498046875,0.0,425500
2018-12-12,10737.599609375,10737.599609375,0.0,10752.2001953125,10560.7998046875,10591.0,0.0,360500
2018-12-13,10791.5498046875,10791.5498046875,0.0,10838.599609375,10749.5,10810.75,0.0,376200
2018-12-14,10805.4501953125,10805.4501953125,0.0,10815.75,10752.099609375,10784.5,0.0,340100
2018-12-17,10888.349609375,10888.349609375,0.0,10900.349609375,10844.849609375,10853.2001953125,0.0,296900
2018-12-18,10908.7001953125,10908.7001953125,0.0,10915.400390625,10819.099609375,10850.900390625,0.0,286100
2018-12-19,10967.2998046875,10967.2998046875,0.0,10985.150390625,10928.0,10930.5498046875,0.0,312100
2018-12-20,10951.7001953125,10951.7001953125,0.0,10962.5498046875,10880.0498046875,10885.2001953125,0.0,318900
2018-12-21,10754.0,10754.0,0.0,10963.650390625,10738.650390625,10944.25,0.0,377500
2018-12-24,10663.5,10663.5,0.0,10782.2998046875,10649.25,10780.900390625,0.0,223400
2018-12-26,10729.849609375,10729.849609375,0.0,10747.5,10534.5498046875,10635.4501953125,0.0,263700
2018-12-27,10779.7998046875,10779.7998046875,0.0,10834.2001953125,10764.4501953125,10817.900390625,0.0,456100
2018-12-28,10859.900390625,10859.900390625,0.0,10893.599609375,10817.150390625,10820.9501953125,0.0,245500
2018-12-31,10862.5498046875,10862.5498046875,0.0,10923.5498046875,10853.2001953125,10913.2001953125,0.0,180900
2019-01-02,10792.5,10792.5,0.0,10895.349609375,10735.0498046875,10868.849609375,0.0,309700
2019-01-03,10672.25,10672.25,0.0,10814.0498046875,10661.25,10796.7998046875,0.0,286200
2019-01-04,10727.349609375,10727.349609375,0.0,10741.0498046875,10628.650390625,10699.7001953125,0.0,296600
2019-01-07,10771.7998046875,10771.7998046875,0.0,10835.9501953125,10750.150390625,10804.849609375,0.0,269400
2019-01-08,10802.150390625,10802.150390625,0.0,10818.4501953125,10733.25,10786.25,0.0,277700
2019-01-09,10855.150390625,10855.150390625,0.0,10870.400390625,10749.400390625,10862.400390625,0.0,333000
2019-01-10,10821.599609375,10821.599609375,0.0,10859.349609375,10801.7998046875,10859.349609375,0.0,254400
2019-01-11,10794.9501953125,10794.9501953125,0.0,10850.150390625,10739.400390625,10834.75,0.0,260800
2019-01-14,10737.599609375,10737.599609375,0.0,10808.0,10692.349609375,10807.0,0.0,298800
2019-01-15,10886.7998046875,10886.7998046875,0.0,10896.9501953125,10777.5498046875,10777.5498046875,0.0,310700
2019-01-16,10890.2998046875,10890.2998046875,0.0,10928.150390625,10876.900390625,10899.650390625,0.0,276500
2019-01-17,10905.2001953125,10905.2001953125,0.0,10930.650390625,10844.650390625,10920.849609375,0.0,271700
2019-01-18,10906.9501953125,10906.9501953125,0.0,10928.2001953125,10852.2001953125,10914.849609375,0.0,323800
2019-01-21,10961.849609375,10961.849609375,0.0,10987.4501953125,10885.75,10919.349609375,0.0,288800
2019-01-22,10922.75,10922.75,0.0,10949.7998046875,10864.150390625,10949.7998046875,0.0,300800
2019-01-23,10831.5,10831.5,0.0,10944.7998046875,10811.9501953125,10931.0498046875,0.0,298900
2019-01-24,10849.7998046875,10849.7998046875,0.0,10866.599609375,10798.650390625,10844.0498046875,0.0,361100
2019-01-25,10780.5498046875,10780.5498046875,0.0,10931.7001953125,10756.4501953125,10859.75,0.0,463400
2019-01-28,10661.5498046875,10661.5498046875,0.0,10804.4501953125,10630.9501953125,10792.4501953125,0.0,419700
2019-01-29,10652.2001953125,10652.2001953125,0.0,10690.349609375,10583.650390625,10653.7001953125,0.0,356900
2019-01-30,10651.7998046875,10651.7998046875,0.0,10710.2001953125,10612.849609375,10702.25,0.0,410100
2019-01-31,10830.9501953125,10830.9501953125,0.0,10838.0498046875,10678.5498046875,10690.5498046875,0.0,604800
2019-02-01,10893.650390625,10893.650390625,0.0,10983.4501953125,10813.4501953125,10851.349609375,0.0,482300
2019-02-04,10912.25,10912.25,0.0,10927.900390625,10814.150390625,10876.75,0.0,318300
2019-02-05,10934.349609375,10934.349609375,0.0,10956.7001953125,10886.7001953125,10908.650390625,0.0,268100
2019-02-06,11062.4501953125,11062.4501953125,0.0,11072.599609375,10962.7001953125,10965.099609375,0.0,298500
2019-02-07,11069.400390625,11069.400390625,0.0,11118.099609375,11043.599609375,11070.4501953125,0.0,263500
2019-02-08,10943.599609375,10943.599609375,0.0,11041.2001953125,10925.4501953125,11023.5,0.0,352800
2019-02-11,10888.7998046875,10888.7998046875,0.0,10930.900390625,10857.099609375,10930.900390625,0.0,286000
2019-02-12,10831.400390625,10831.400390625,0.0,10910.900390625,10823.7998046875,10879.7001953125,0.0,292300
2019-02-14,10746.0498046875,10746.0498046875,0.0,10792.7001953125,10718.75,10786.099609375,0.0,627000
2019-02-15,10724.400390625,10724.400390625,0.0,10785.75,10620.400390625,10780.25,0.0,521900
2019-02-18,10640.9501953125,10640.9501953125,0.0,10759.900390625,10628.400390625,10738.650390625,0.0,345400
2019-02-19,10604.349609375,10604.349609375,0.0,10722.849609375,10585.650390625,10636.7001953125,0.0,291500
2019-02-20,10735.4501953125,10735.4501953125,0.0,10752.7001953125,10646.400390625,10655.4501953125,0.0,289200
2019-02-21,10789.849609375,10789.849609375,0.0,10808.849609375,10721.5,10744.099609375,0.0,279600
2019-02-22,10791.650390625,10791.650390625,0.0,10801.5498046875,10758.400390625,10782.7001953125,0.0,396800
2019-02-25,10880.099609375,10880.099609375,0.0,10887.099609375,10788.0498046875,10813.25,0.0,385900
2019-02-26,10835.2998046875,10835.2998046875,0.0,10888.75,10729.2998046875,10775.2998046875,0.0,415000
2019-02-27,10806.650390625,10806.650390625,0.0,10939.7001953125,10751.2001953125,10881.2001953125,0.0,381100
2019-02-28,10792.5,10792.5,0.0,10865.7001953125,10784.849609375,10865.7001953125,0.0,644200
2019-03-01,10863.5,10863.5,0.0,10877.900390625,10823.099609375,10842.650390625,0.0,308500
2019-03-05,10987.4501953125,10987.4501953125,0.0,10994.900390625,10817.0,10864.849609375,0.0,373200
2019-03-06,11053.0,11053.0,0.0,11062.2998046875,10998.849609375,11024.849609375,0.0,372600
2019-03-07,11058.2001953125,11058.2001953125,0.0,11089.0498046875,11027.099609375,11077.9501953125,0.0,321200
2019-03-08,11035.400390625,11035.400390625,0.0,11049.0,11008.9501953125,11038.849609375,0.0,326600
2019-03-11,11168.0498046875,11168.0498046875,0.0,11180.900390625,11059.849609375,11068.75,0.0,352200
2019-03-12,11301.2001953125,11301.2001953125,0.0,11320.400390625,11227.0,11231.349609375,0.0,391300
2019-03-13,11341.7001953125,11341.7001953125,0.0,11352.2998046875,11276.599609375,11326.2001953125,0.0,383000
2019-03-14,11343.25,11343.25,0.0,11383.4501953125,11313.75,11382.5,0.0,294500
2019-03-15,11426.849609375,11426.849609375,0.0,11487.0,11370.7998046875,11376.849609375,0.0,463700
2019-03-18,11462.2001953125,11462.2001953125,0.0,11530.150390625,11412.5,11473.849609375,0.0,320300
2019-03-19,11532.400390625,11532.400390625,0.0,11543.849609375,11451.25,11500.2998046875,0.0,326100
2019-03-20,11521.0498046875,11521.0498046875,0.0,11556.099609375,11503.099609375,11553.349609375,0.0,366300
2019-03-22,11456.900390625,11456.900390625,0.0,11572.7998046875,11434.5498046875,11549.2001953125,0.0,386200
2019-03-25,11354.25,11354.25,0.0,11395.650390625,11311.599609375,11395.650390625,0.0,294500
2019-03-26,11483.25,11483.25,0.0,11496.75,11352.4501953125,11375.2001953125,0.0,282600
2019-03-27,11445.0498046875,11445.0498046875,0.0,11546.2001953125,11413.0,11531.4501953125,0.0,350400
2019-03-28,11570.0,11570.0,0.0,11588.5,11452.4501953125,11463.650390625,0.0,527700
2019-04-01,11669.150390625,11669.150390625,0.0,11738.099609375,11644.75,11665.2001953125,0.0,379600
2019-04-02,11713.2001953125,11713.2001953125,0.0,11729.349609375,11655.849609375,11711.5498046875,0.0,386100
2019-04-03,11643.9501953125,11643.9501953125,0.0,11761.0,11629.150390625,11735.2998046875,0.0,365800
2019-04-04,11598.0,11598.0,0.0,11662.5498046875,11559.2001953125,11660.2001953125,0.0,349000
2019-04-05,11665.9501953125,11665.9501953125,0.0,11689.650390625,11609.5,11638.400390625,0.0,266700
2019-04-08,11604.5,11604.5,0.0,11710.2998046875,11549.099609375,11704.349609375,0.0,260900
2019-04-09,11671.9501953125,11671.9501953125,0.0,11683.900390625,11569.7001953125,11612.0498046875,0.0,300500
2019-04-10,11584.2998046875,11584.2998046875,0.0,11680.0498046875,11571.75,11646.849609375,0.0,359900
2019-04-11,11596.7001953125,11596.7001953125,0.0,11606.7001953125,11550.5498046875,11592.5498046875,0.0,279800
2019-04-12,11643.4501953125,11643.4501953125,0.0,11657.349609375,11578.7998046875,11612.849609375,0.0,246000
2019-04-15,11690.349609375,11690.349609375,0.0,11704.599609375,11648.25,11667.0,0.0,290000
2019-04-16,11787.150390625,11787.150390625,0.0,11810.9501953125,11731.5498046875,11736.2001953125,0.0,354300
2019-04-18,11752.7998046875,11752.7998046875,0.0,11856.150390625,11738.5,11856.150390625,0.0,339700
2019-04-22,11594.4501953125,11594.4501953125,0.0,11727.0498046875,11583.9501953125,11727.0498046875,0.0,260400
2019-04-23,11575.9501953125,11575.9501953125,0.0,11645.9501953125,11564.7998046875,11612.9501953125,0.0,272500
2019-04-24,11726.150390625,11726.150390625,0.0,11740.849609375,11578.849609375,11601.5,0.0,335200
2019-04-25,11641.7998046875,11641.7998046875,0.0,11796.75,11624.2998046875,11735.7001953125,0.0,604400
2019-04-26,11754.650390625,11754.650390625,0.0,11762.900390625,11661.75,11683.75,0.0,333500
2019-04-30,11748.150390625,11748.150390625,0.0,11756.25,11655.900390625,11748.75,0.0,532600
2019-05-02,11724.75,11724.75,0.0,11789.2998046875,11699.5498046875,11725.5498046875,0.0,380300
2019-05-03,11712.25,11712.25,0.0,11770.900390625,11699.349609375,11722.599609375,0.0,305500
2019-05-06,11598.25,11598.25,0.0,11632.5498046875,11571.349609375,11605.7998046875,0.0,299000
2019-05-07,11497.900390625,11497.900390625,0.0,11657.0498046875,11484.4501953125,11651.5,0.0,337500
2019-05-08,11359.4501953125,11359.4501953125,0.0,11479.099609375,11346.9501953125,11478.7001953125,0.0,372800
2019-05-09,11301.7998046875,11301.7998046875,0.0,11357.599609375,11255.0498046875,11322.400390625,0.0,373000
2019-05-10,11278.900390625,11278.900390625,0.0,11345.7998046875,11251.0498046875,11314.150390625,0.0,387300
2019-05-13,11148.2001953125,11148.2001953125,0.0,11300.2001953125,11125.599609375,11258.7001953125,0.0,357600
2019-05-14,11222.0498046875,11222.0498046875,0.0,11294.75,11108.2998046875,11151.650390625,0.0,398100
2019-05-15,11157.0,11157.0,0.0,11286.7998046875,11136.9501953125,11271.7001953125,0.0,414200
2019-05-16,11257.099609375,11257.099609375,0.0,11281.5498046875,11143.349609375,11180.349609375,0.0,350700
2019-05-17,11407.150390625,11407.150390625,0.0,11426.150390625,11259.849609375,11261.900390625,0.0,412100
2019-05-20,11828.25,11828.25,0.0,11845.2001953125,11591.7001953125,11651.900390625,0.0,452100
2019-05-21,11709.099609375,11709.099609375,0.0,11883.5498046875,11682.7998046875,11863.650390625,0.0,381000
2019-05-22,11737.900390625,11737.900390625,0.0,11784.7998046875,11682.400390625,11727.9501953125,0.0,355900
2019-05-23,11657.0498046875,11657.0498046875,0.0,12041.150390625,11614.5,11901.2998046875,0.0,569000
2019-05-24,11844.099609375,11844.099609375,0.0,11859.0,11658.099609375,11748.0,0.0,374600
2019-05-27,11924.75,11924.75,0.0,11957.150390625,11812.400390625,11855.5,0.0,348400
2019-05-28,11928.75,11928.75,0.0,11958.5498046875,11864.900390625,11958.349609375,0.0,598300
2019-05-29,11861.099609375,11861.099609375,0.0,11931.900390625,11836.7998046875,11905.7998046875,0.0,318100
2019-05-30,11945.900390625,11945.900390625,0.0,11968.5498046875,11859.400390625,11865.2998046875,0.0,421200
2019-05-31,11922.7998046875,11922.7998046875,0.0,12039.25,11829.4501953125,11999.7998046875,0.0,438900
2019-06-03,12088.5498046875,12088.5498046875,0.0,12103.0498046875,11920.099609375,11953.75,0.0,315300
2019-06-04,12021.650390625,12021.650390625,0.0,12095.2001953125,12005.849609375,12052.650390625,0.0,289200
2019-06-06,11843.75,11843.75,0.0,12039.7998046875,11830.25,12039.7998046875,0.0,415200
2019-06-07,11870.650390625,11870.650390625,0.0,11897.5,11769.5,11865.2001953125,0.0,302500
2019-06-10,11922.7001953125,11922.7001953125,0.0,11975.0498046875,11871.75,11934.900390625,0.0,303300
2019-06-11,11965.599609375,11965.599609375,0.0,12000.349609375,11904.349609375,11959.849609375,0.0,332200
2019-06-12,11906.2001953125,11906.2001953125,0.0,11962.4501953125,11866.349609375,11962.4501953125,0.0,283700
2019-06-13,11914.0498046875,11914.0498046875,0.0,11931.349609375,11817.0498046875,11873.900390625,0.0,447900
2019-06-14,11823.2998046875,11823.2998046875,0.0,11911.849609375,11797.7001953125,11910.099609375,0.0,390300
2019-06-17,11672.150390625,11672.150390625,0.0,11844.0498046875,11657.75,11844.0,0.0,295500
2019-06-18,11691.5,11691.5,0.0,11727.2001953125,11641.150390625,11677.0498046875,0.0,365500
2019-06-19,11691.4501953125,11691.4501953125,0.0,11802.5,11625.099609375,11744.4501953125,0.0,446900
2019-06-20,11831.75,11831.75,0.0,11843.5,11635.0498046875,11653.650390625,0.0,442000
2019-06-21,11724.099609375,11724.099609375,0.0,11827.9501953125,11705.099609375,11827.599609375,0.0,468400
2019-06-24,11699.650390625,11699.650390625,0.0,11754.0,11670.2001953125,11725.7998046875,0.0,277600
2019-06-25,11796.4501953125,11796.4501953125,0.0,11814.400390625,11651.0,11681.0,0.0,300500
2019-06-26,11847.5498046875,11847.5498046875,0.0,11871.849609375,11757.5498046875,11768.150390625,0.0,327900
2019-06-27,11841.5498046875,11841.5498046875,0.0,11911.150390625,11821.0498046875,11860.849609375,0.0,480200
2019-06-28,11788.849609375,11788.849609375,0.0,11871.7001953125,11775.5,11861.150390625,0.0,303900
2019-07-01,11865.599609375,11865.599609375,0.0,11884.650390625,11830.7998046875,11839.900390625,0.0,278400
2019-07-02,11910.2998046875,11910.2998046875,0.0,11917.4501953125,11814.7001953125,11890.2998046875,0.0,363200
2019-07-03,11916.75,11916.75,0.0,11945.2001953125,11887.0498046875,11932.150390625,0.0,340500
2019-07-04,11946.75,11946.75,0.0,11969.25,11923.650390625,11928.7998046875,0.0,333600
2019-07-05,11811.150390625,11811.150390625,0.0,11981.75,11797.900390625,11964.75,0.0,530700
2019-07-08,11558.599609375,11558.599609375,0.0,11771.900390625,11523.2998046875,11770.400390625,0.0,464000
2019-07-09,11555.900390625,11555.900390625,0.0,11582.5498046875,11461.0,11531.599609375,0.0,442500
2019-07-10,11498.900390625,11498.900390625,0.0,11593.7001953125,11475.650390625,11536.150390625,0.0,337600
2019-07-11,11582.900390625,11582.900390625,0.0,11599.0,11519.5,11561.4501953125,0.0,317300
2019-07-12,11552.5,11552.5,0.0,11639.5498046875,11538.599609375,11601.150390625,0.0,359400
2019-07-15,11588.349609375,11588.349609375,0.0,11618.400390625,11532.2998046875,11614.75,0.0,368800
2019-07-16,11662.599609375,11662.599609375,0.0,11670.0498046875,11573.9501953125,11596.650390625,0.0,480200
2019-07-17,11687.5,11687.5,0.0,11706.650390625,11651.150390625,11670.75,0.0,464800
2019-07-18,11596.900390625,11596.900390625,0.0,11677.150390625,11582.400390625,11675.599609375,0.0,498300
2019-07-19,11419.25,11419.25,0.0,11640.349609375,11399.2998046875,11627.9501953125,0.0,446000
2019-07-22,11346.2001953125,11346.2001953125,0.0,11398.150390625,11301.25,11392.849609375,0.0,516000
2019-07-23,11331.0498046875,11331.0498046875,0.0,11398.150390625,11302.7998046875,11372.25,0.0,458900
2019-07-24,11271.2998046875,11271.2998046875,0.0,11359.75,11229.7998046875,11322.4501953125,0.0,413200
2019-07-25,11252.150390625,11252.150390625,0.0,11361.400390625,11239.349609375,11290.400390625,0.0,553700
2019-07-26,11284.2998046875,11284.2998046875,0.0,11307.599609375,11210.0498046875,11247.4501953125,0.0,522700
2019-07-29,11189.2001953125,11189.2001953125,0.0,11310.9501953125,11152.400390625,11307.5,0.0,482900
2019-07-30,11085.400390625,11085.400390625,0.0,11267.4501953125,11072.650390625,11213.7001953125,0.0,479100
2019-07-31,11118.0,11118.0,0.0,11145.2998046875,10999.400390625,11034.0498046875,0.0,536700
2019-08-01,10980.0,10980.0,0.0,11076.75,10881.0,11060.2001953125,0.0,499900
2019-08-02,10997.349609375,10997.349609375,0.0,11080.150390625,10848.9501953125,10930.2998046875,0.0,547400
2019-08-05,10862.599609375,10862.599609375,0.0,10895.7998046875,10782.599609375,10895.7998046875,0.0,506600
2019-08-06,10948.25,10948.25,0.0,11018.5498046875,10813.7998046875,10815.400390625,0.0,517900
2019-08-07,10855.5,10855.5,0.0,10975.650390625,10835.900390625,10958.099609375,0.0,548500
2019-08-08,11032.4501953125,11032.4501953125,0.0,11058.0498046875,10842.9501953125,10899.2001953125,0.0,482500
2019-08-09,11109.650390625,11109.650390625,0.0,11181.4501953125,11062.7998046875,11087.900390625,0.0,538100
2019-08-13,10925.849609375,10925.849609375,0.0,11145.900390625,10901.599609375,11139.400390625,0.0,624600
2019-08-14,11029.400390625,11029.400390625,0.0,11078.150390625,10935.599609375,11003.25,0.0,511500
2019-08-16,11047.7998046875,11047.7998046875,0.0,11068.650390625,10924.2998046875,11043.650390625,0.0,470900
2019-08-19,11053.900390625,11053.900390625,0.0,11146.900390625,11037.849609375,11094.7998046875,0.0,369500
2019-08-20,11017.0,11017.0,0.0,11076.2998046875,10985.2998046875,11063.900390625,0.0,444700
2019-08-21,10918.7001953125,10918.7001953125,0.0,11034.2001953125,10906.650390625,11018.150390625,0.0,557900
2019-08-22,10741.349609375,10741.349609375,0.0,10908.25,10718.2998046875,10905.2998046875,0.0,668200
2019-08-23,10829.349609375,10829.349609375,0.0,10862.5498046875,10637.150390625,10699.599609375,0.0,667100
2019-08-26,11057.849609375,11057.849609375,0.0,11070.2998046875,10756.5498046875,11000.2998046875,0.0,684100
2019-08-27,11105.349609375,11105.349609375,0.0,11141.75,11049.5,11106.5498046875,0.0,685600
2019-08-28,11046.099609375,11046.099609375,0.0,11129.650390625,10987.650390625,11101.2998046875,0.0,550000
2019-08-29,10948.2998046875,10948.2998046875,0.0,11021.099609375,10922.400390625,10996.0498046875,0.0,649900
2019-08-30,11023.25,11023.25,0.0,11042.599609375,10874.7998046875,10987.7998046875,0.0,628200
2019-09-03,10797.900390625,10797.900390625,0.0,10967.5,10772.7001953125,10960.9501953125,0.0,483000
2019-09-04,10844.650390625,10844.650390625,0.0,10858.75,10746.349609375,10790.400390625,0.0,508800
2019-09-05,10847.900390625,10847.900390625,0.0,10920.099609375,10816.0,10860.9501953125,0.0,595700
2019-09-06,10946.2001953125,10946.2001953125,0.0,10957.0498046875,10867.4501953125,10883.7998046875,0.0,497200
2019-09-09,11003.0498046875,11003.0498046875,0.0,11028.849609375,10889.7998046875,10936.7001953125,0.0,412500
2019-09-11,11035.7001953125,11035.7001953125,0.0,11054.7998046875,11011.650390625,11028.5,0.0,687100
2019-09-12,10982.7998046875,10982.7998046875,0.0,11081.75,10964.9501953125,11058.2998046875,0.0,551400
2019-09-13,11075.900390625,11075.900390625,0.0,11084.4501953125,10945.75,10986.7998046875,0.0,624300
2019-09-16,11003.5,11003.5,0.0,11052.7001953125,10968.2001953125,10994.849609375,0.0,434500
2019-09-17,10817.599609375,10817.599609375,0.0,11000.099609375,10796.5,11000.099609375,0.0,482000
2019-09-18,10840.650390625,10840.650390625,0.0,10885.150390625,10804.849609375,10872.7998046875,0.0,519200
2019-09-19,10704.7998046875,10704.7998046875,0.0,10845.2001953125,10670.25,10845.2001953125,0.0,642600
2019-09-20,11274.2001953125,11274.2001953125,0.0,11381.900390625,10691.0,10746.7998046875,0.0,1356800
2019-09-23,11600.2001953125,11600.2001953125,0.0,11694.849609375,11471.349609375,11542.7001953125,0.0,882800
2019-09-24,11588.2001953125,11588.2001953125,0.0,11655.0498046875,11539.2001953125,11590.7001953125,0.0,651700
2019-09-25,11440.2001953125,11440.2001953125,0.0,11564.9501953125,11416.099609375,11564.849609375,0.0,629100
2019-09-26,11571.2001953125,11571.2001953125,0.0,11610.849609375,11466.349609375,11469.849609375,0.0,844500
2019-09-27,11512.400390625,11512.400390625,0.0,11593.599609375,11499.75,11556.349609375,0.0,650000
2019-09-30,11474.4501953125,11474.4501953125,0.0,11508.25,11390.7998046875,11491.150390625,0.0,756800
2019-10-01,11359.900390625,11359.900390625,0.0,11554.2001953125,11247.900390625,11515.400390625,0.0,1305400
2019-10-03,11314.0,11314.0,0.0,11370.400390625,11257.349609375,11322.25,0.0,1017500
2019-10-04,11174.75,11174.75,0.0,11400.2998046875,11158.349609375,11388.4501953125,0.0,928500
2019-10-07,11126.400390625,11126.400390625,0.0,11233.849609375,11112.650390625,11196.2001953125,0.0,733200
2019-10-09,11313.2998046875,11313.2998046875,0.0,11321.599609375,11090.150390625,11152.9501953125,0.0,741100
2019-10-10,11234.5498046875,11234.5498046875,0.0,11293.349609375,11208.5498046875,11280.5,0.0,562000
2019-10-11,11305.0498046875,11305.0498046875,0.0,11362.900390625,11189.400390625,11257.7001953125,0.0,737800
2019-10-14,11341.150390625,11341.150390625,0.0,11420.4501953125,11290.0498046875,11335.900390625,0.0,587600
2019-10-15,11428.2998046875,11428.2998046875,0.0,11462.349609375,11342.099609375,11360.849609375,0.0,527400
2019-10-16,11464.0,11464.0,0.0,11481.0498046875,11411.099609375,11464.9501953125,0.0,533500
2019-10-17,11586.349609375,11586.349609375,0.0,11599.099609375,11439.650390625,11466.2998046875,0.0,797600
2019-10-18,11661.849609375,11661.849609375,0.0,11684.7001953125,11553.150390625,11580.2998046875,0.0,853400
2019-10-22,11588.349609375,11588.349609375,0.0,11714.349609375,11573.650390625,11657.150390625,0.0,867600
2019-10-23,11604.099609375,11604.099609375,0.0,11651.599609375,11554.400390625,11596.2001953125,0.0,664200
2019-10-24,11582.599609375,11582.599609375,0.0,11679.599609375,11534.650390625,11661.650390625,0.0,700500
2019-10-25,11583.900390625,11583.900390625,0.0,11646.900390625,11490.75,11646.150390625,0.0,812000
2019-10-29,11786.849609375,11786.849609375,0.0,11809.400390625,11627.349609375,11643.9501953125,0.0,951700
2019-10-30,11844.099609375,11844.099609375,0.0,11883.9501953125,11784.4501953125,11883.900390625,0.0,725200
2019-10-31,11877.4501953125,11877.4501953125,0.0,11945.0,11855.099609375,11890.4501953125,0.0,1414800
2019-11-01,11890.599609375,11890.599609375,0.0,11918.2998046875,11843.349609375,11886.599609375,0.0,855300
2019-11-04,11941.2998046875,11941.2998046875,0.0,11989.150390625,11905.349609375,11928.900390625,0.0,823100
2019-11-05,11917.2001953125,11917.2001953125,0.0,11978.9501953125,11861.900390625,11974.599609375,0.0,632000
2019-11-06,11966.0498046875,11966.0498046875,0.0,12002.900390625,11850.25,11911.5,0.0,603400
2019-11-07,12012.0498046875,12012.0498046875,0.0,12021.400390625,11946.849609375,12021.099609375,0.0,563000
2019-11-08,11908.150390625,11908.150390625,0.0,12034.150390625,11888.75,11987.150390625,0.0,789300
2019-11-11,11913.4501953125,11913.4501953125,0.0,11932.650390625,11853.9501953125,11879.2001953125,0.0,549000
2019-11-13,11840.4501953125,11840.4501953125,0.0,11946.7998046875,11823.2001953125,11908.2998046875,0.0,659000
2019-11-14,11872.099609375,11872.099609375,0.0,11895.650390625,11802.650390625,11858.75,0.0,559500
2019-11-15,11895.4501953125,11895.4501953125,0.0,11973.650390625,11879.25,11904.2001953125,0.0,580200
2019-11-18,11884.5,11884.5,0.0,11946.2001953125,11867.599609375,11915.150390625,0.0,514400
2019-11-19,11940.099609375,11940.099609375,0.0,11958.849609375,11881.75,11919.4501953125,0.0,613900
2019-11-20,11999.099609375,11999.099609375,0.0,12038.599609375,11966.0498046875,12004.75,0.0,646700
2019-11-21,11968.400390625,11968.400390625,0.0,12028.2001953125,11956.900390625,12025.650390625,0.0,557700
2019-11-22,11914.400390625,11914.400390625,0.0,11968.099609375,11883.5,11967.2998046875,0.0,486800
2019-11-25,12073.75,12073.75,0.0,12084.5,11919.75,11922.4501953125,0.0,534300
2019-11-26,12037.7001953125,12037.7001953125,0.0,12132.4501953125,12006.349609375,12110.2001953125,0.0,1201300
2019-11-27,12100.7001953125,12100.7001953125,0.0,12114.900390625,12055.150390625,12068.5,0.0,584200
2019-11-28,12151.150390625,12151.150390625,0.0,12158.7998046875,12099.9501953125,12132.099609375,0.0,620500
2019-11-29,12056.0498046875,12056.0498046875,0.0,12147.400390625,12017.400390625,12146.2001953125,0.0,804400
2019-12-02,12048.2001953125,12048.2001953125,0.0,12137.150390625,12023.7001953125,12137.0498046875,0.0,720900
2019-12-03,11994.2001953125,11994.2001953125,0.0,12068.599609375,11956.400390625,12067.650390625,0.0,605800
2019-12-04,12043.2001953125,12043.2001953125,0.0,12054.7001953125,11935.2998046875,11969.9501953125,0.0,747200
2019-12-05,12018.400390625,12018.400390625,0.0,12081.2001953125,11998.75,12071.25,0.0,562200
2019-12-06,11921.5,11921.5,0.0,12057.0498046875,11888.849609375,12047.349609375,0.0,609200
2019-12-09,11937.5,11937.5,0.0,11981.9501953125,11888.0498046875,11939.099609375,0.0,599100
2019-12-10,11856.7998046875,11856.7998046875,0.0,11953.2001953125,11844.7001953125,11950.5,0.0,650200
2019-12-11,11910.150390625,11910.150390625,0.0,11923.2001953125,11832.2998046875,11867.349609375,0.0,997700
2019-12-12,11971.7998046875,11971.7998046875,0.0,12005.5,11934.0,11944.2998046875,0.0,752600
2019-12-13,12086.7001953125,12086.7001953125,0.0,12098.849609375,12023.599609375,12026.400390625,0.0,597700
2019-12-16,12053.9501953125,12053.9501953125,0.0,12134.650390625,12046.2998046875,12131.349609375,0.0,437700
2019-12-17,12165.0,12165.0,0.0,12182.75,12070.349609375,12082.4501953125,0.0,499600
2019-12-18,12221.650390625,12221.650390625,0.0,12237.7001953125,12163.4501953125,12197.0,0.0,518900
2019-12-19,12259.7001953125,12259.7001953125,0.0,12268.349609375,12191.150390625,12223.400390625,0.0,623100
2019-12-20,12271.7998046875,12271.7998046875,0.0,12293.900390625,12252.75,12266.4501953125,0.0,810700
2019-12-23,12262.75,12262.75,0.0,12287.150390625,12213.25,12235.4501953125,0.0,604800
2019-12-24,12214.5498046875,12214.5498046875,0.0,12283.7001953125,12202.099609375,12269.25,0.0,470300
2019-12-26,12126.5498046875,12126.5498046875,0.0,12221.5498046875,12118.849609375,12211.849609375,0.0,520300
2019-12-27,12245.7998046875,12245.7998046875,0.0,12258.4501953125,12157.900390625,12172.900390625,0.0,383800
2019-12-30,12255.849609375,12255.849609375,0.0,12286.4501953125,12213.7998046875,12274.900390625,0.0,411100
2019-12-31,12168.4501953125,12168.4501953125,0.0,12247.099609375,12151.7998046875,12247.099609375,0.0,426900
2020-01-01,12182.5,12182.5,0.0,12222.2001953125,12165.2998046875,12202.150390625,0.0,304100
2020-01-02,12282.2001953125,12282.2001953125,0.0,12289.900390625,12195.25,12198.5498046875,0.0,407700
2020-01-03,12226.650390625,12226.650390625,0.0,12265.599609375,12191.349609375,12261.099609375,0.0,428800
2020-01-06,11993.0498046875,11993.0498046875,0.0,12179.099609375,11974.2001953125,12170.599609375,0.0,396500
2020-01-07,12052.9501953125,12052.9501953125,0.0,12152.150390625,12005.349609375,12079.099609375,0.0,447800
2020-01-08,12025.349609375,12025.349609375,0.0,12044.9501953125,11929.599609375,11939.099609375,0.0,446000
2020-01-09,12215.900390625,12215.900390625,0.0,12224.0498046875,12132.5498046875,12153.150390625,0.0,477500
2020-01-10,12256.7998046875,12256.7998046875,0.0,12311.2001953125,12213.2001953125,12271.0,0.0,660600
2020-01-13,12329.5498046875,12329.5498046875,0.0,12337.75,12285.7998046875,12296.7001953125,0.0,501000
2020-01-14,12362.2998046875,12362.2998046875,0.0,12374.25,12308.7001953125,12333.099609375,0.0,616300
2020-01-15,12343.2998046875,12343.2998046875,0.0,12355.150390625,12278.75,12349.400390625,0.0,684400
2020-01-16,12355.5,12355.5,0.0,12389.0498046875,12315.7998046875,12347.099609375,0.0,395700
2020-01-17,12352.349609375,12352.349609375,0.0,12385.4501953125,12321.400390625,12328.400390625,0.0,502100
2020-01-20,12224.5498046875,12224.5498046875,0.0,12430.5,12216.900390625,12430.5,0.0,491600
2020-01-21,12169.849609375,12169.849609375,0.0,12230.0498046875,12162.2998046875,12195.2998046875,0.0,400
2020-01-22,12106.900390625,12106.900390625,0.0,12225.0498046875,12087.900390625,12218.349609375,0.0,500
2020-01-23,12180.349609375,12180.349609375,0.0,12189.0,12094.099609375,12123.75,0.0,867700
2020-01-24,12248.25,12248.25,0.0,12272.150390625,12149.650390625,12174.5498046875,0.0,593200
2020-01-27,12119.0,12119.0,0.0,12216.599609375,12107.0,12197.099609375,0.0,441200
2020-01-28,12055.7998046875,12055.7998046875,0.0,12163.5498046875,12024.5,12148.099609375,0.0,478500
2020-01-29,12129.5,12129.5,0.0,12169.599609375,12103.7998046875,12114.900390625,0.0,514400
2020-01-30,12035.7998046875,12035.7998046875,0.0,12150.2998046875,12010.599609375,12147.75,0.0,538100
2020-01-31,11962.099609375,11962.099609375,0.0,12103.5498046875,11945.849609375,12100.400390625,0.0,771300
2020-02-03,11707.900390625,11707.900390625,0.0,11749.849609375,11614.5,11627.4501953125,0.0,669800
2020-02-04,11979.650390625,11979.650390625,0.0,11986.150390625,11783.400390625,11786.25,0.0,560400
2020-02-05,12089.150390625,12089.150390625,0.0,12098.150390625,11953.349609375,12005.849609375,0.0,758000
2020-02-06,12137.9501953125,12137.9501953125,0.0,12160.599609375,12084.650390625,12120.0,0.0,565100
2020-02-07,12098.349609375,12098.349609375,0.0,12154.7001953125,12073.9501953125,12151.150390625,0.0,473500
2020-02-10,12031.5,12031.5,0.0,12103.5498046875,11990.75,12102.349609375,0.0,524700
2020-02-11,12107.900390625,12107.900390625,0.0,12172.2998046875,12099.0,12108.400390625,0.0,480000
2020-02-12,12201.2001953125,12201.2001953125,0.0,12231.75,12144.2998046875,12151.0,0.0,411700
2020-02-13,12174.650390625,12174.650390625,0.0,12225.650390625,12139.7998046875,12219.5498046875,0.0,501200
2020-02-14,12113.4501953125,12113.4501953125,0.0,12246.7001953125,12091.2001953125,12190.150390625,0.0,622800
2020-02-17,12045.7998046875,12045.7998046875,0.0,12159.599609375,12037.0,12131.7998046875,0.0,0
2020-02-18,11992.5,11992.5,0.0,12030.75,11908.0498046875,12028.25,0.0,676900
2020-02-19,12125.900390625,12125.900390625,0.0,12134.7001953125,12042.099609375,12090.599609375,0.0,513600
2020-02-20,12080.849609375,12080.849609375,0.0,12152.0,12071.4501953125,12119.0,0.0,502600
2020-02-24,11829.400390625,11829.400390625,0.0,12012.5498046875,11813.400390625,12012.5498046875,0.0,490800
2020-02-25,11797.900390625,11797.900390625,0.0,11883.0498046875,11779.900390625,11877.5,0.0,461000
2020-02-26,11678.5,11678.5,0.0,11783.25,11639.599609375,11738.5498046875,0.0,567600
2020-02-27,11633.2998046875,11633.2998046875,0.0,11663.849609375,11536.7001953125,11661.25,0.0,608600
2020-02-28,11201.75,11201.75,0.0,11384.7998046875,11175.0498046875,11382.0,0.0,809900
2020-03-02,11132.75,11132.75,0.0,11433.0,11036.25,11387.349609375,0.0,680800
2020-03-03,11303.2998046875,11303.2998046875,0.0,11342.25,11152.5498046875,11217.5498046875,0.0,696500
2020-03-04,11251.0,11251.0,0.0,11356.599609375,11082.150390625,11351.349609375,0.0,797700
2020-03-05,11269.0,11269.0,0.0,11389.5,11244.599609375,11306.0498046875,0.0,1352500
2020-03-06,10989.4501953125,10989.4501953125,0.0,11035.099609375,10827.400390625,10942.650390625,0.0,1811000
2020-03-09,10451.4501953125,10451.4501953125,0.0,10751.5498046875,10294.4501953125,10742.0498046875,0.0,1565500
2020-03-11,10458.400390625,10458.400390625,0.0,10545.099609375,10334.0,10334.2998046875,0.0,1218500
2020-03-12,9590.150390625,9590.150390625,0.0,10040.75,9508.0,10039.9501953125,0.0,1343500
2020-03-13,9955.2001953125,9955.2001953125,0.0,10159.400390625,8555.150390625,9107.599609375,0.0,1388000
2020-03-16,9197.400390625,9197.400390625,0.0,9602.2001953125,9165.099609375,9587.7998046875,0.0,897700
2020-03-17,8967.0498046875,8967.0498046875,0.0,9403.7998046875,8915.599609375,9285.400390625,0.0,935600
2020-03-18,8468.7998046875,8468.7998046875,0.0,9127.5498046875,8407.0498046875,9088.4501953125,0.0,1516600
2020-03-19,8263.4501953125,8263.4501953125,0.0,8575.4501953125,7832.5498046875,8063.2998046875,0.0,925700
2020-03-20,8745.4501953125,8745.4501953125,0.0,8883.0,8178.2001953125,8284.4501953125,0.0,1071500
2020-03-23,7610.25,7610.25,0.0,8159.25,7583.60009765625,7945.7001953125,0.0,653500
2020-03-24,7801.0498046875,7801.0498046875,0.0,8036.9501953125,7511.10009765625,7848.2998046875,0.0,738400
2020-03-25,8317.849609375,8317.849609375,0.0,8376.75,7714.75,7735.14990234375,0.0,736900
2020-03-26,8641.4501953125,8641.4501953125,0.0,8749.0498046875,8304.900390625,8451.0,0.0,865600
2020-03-27,8660.25,8660.25,0.0,9038.900390625,8522.900390625,8949.099609375,0.0,801500
2020-03-30,8281.099609375,8281.099609375,0.0,8576.0,8244.0,8385.9501953125,0.0,593300
2020-03-31,8597.75,8597.75,0.0,8678.2998046875,8358.0,8529.349609375,0.0,712700
2020-04-01,8253.7998046875,8253.7998046875,0.0,8588.099609375,8198.349609375,8584.099609375,0.0,506300
2020-04-03,8083.7998046875,8083.7998046875,0.0,8356.5498046875,8055.7998046875,8356.5498046875,0.0,697000
2020-04-07,8792.2001953125,8792.2001953125,0.0,8819.400390625,8360.9501953125,8446.2998046875,0.0,814200
2020-04-08,8748.75,8748.75,0.0,9131.7001953125,8653.900390625,8688.900390625,0.0,896500
2020-04-09,9111.900390625,9111.900390625,0.0,9128.349609375,8904.5498046875,8973.0498046875,0.0,742100
2020-04-13,8993.849609375,8993.849609375,0.0,9112.0498046875,8912.400390625,9103.9501953125,0.0,644000
2020-04-15,8925.2998046875,8925.2998046875,0.0,9261.2001953125,8874.099609375,9196.400390625,0.0,879100
2020-04-16,8992.7998046875,8992.7998046875,0.0,9053.75,8821.900390625,8851.25,0.0,719400
2020-04-17,9266.75,9266.75,0.0,9324.0,9091.349609375,9323.4501953125,0.0,684200
2020-04-20,9261.849609375,9261.849609375,0.0,9390.849609375,9230.7998046875,9390.2001953125,0.0,726400
2020-04-21,8981.4501953125,8981.4501953125,0.0,9044.400390625,8909.400390625,9016.9501953125,0.0,655100
2020-04-22,9187.2998046875,9187.2998046875,0.0,9209.75,8946.25,9026.75,0.0,734400
2020-04-23,9313.900390625,9313.900390625,0.0,9343.599609375,9170.150390625,9232.349609375,0.0,666700
2020-04-24,9154.400390625,9154.400390625,0.0,9296.900390625,9141.2998046875,9163.900390625,0.0,659400
2020-04-27,9282.2998046875,9282.2998046875,0.0,9377.099609375,9250.349609375,9259.7001953125,0.0,512800
2020-04-28,9380.900390625,9380.900390625,0.0,9404.400390625,9260.0,9389.7998046875,0.0,614500
2020-04-29,9553.349609375,9553.349609375,0.0,9599.849609375,9392.349609375,9408.599609375,0.0,653000
2020-04-30,9859.900390625,9859.900390625,0.0,9889.0498046875,9731.5,9753.5,0.0,931200
2020-05-04,9293.5,9293.5,0.0,9533.5,9266.9501953125,9533.5,0.0,687500
2020-05-05,9205.599609375,9205.599609375,0.0,9450.900390625,9190.75,9429.400390625,0.0,725200
2020-05-06,9270.900390625,9270.900390625,0.0,9346.900390625,9116.5,9226.7998046875,0.0,722200
2020-05-07,9199.0498046875,9199.0498046875,0.0,9277.849609375,9175.900390625,9234.0498046875,0.0,708700
2020-05-08,9251.5,9251.5,0.0,9382.650390625,9238.2001953125,9376.9501953125,0.0,609100
2020-05-11,9239.2001953125,9239.2001953125,0.0,9439.900390625,9219.9501953125,9348.150390625,0.0,704600
2020-05-12,9196.5498046875,9196.5498046875,0.0,9240.849609375,9043.9501953125,9168.849609375,0.0,805500
2020-05-13,9383.5498046875,9383.5498046875,0.0,9584.5,9351.099609375,9584.2001953125,0.0,846400
2020-05-14,9142.75,9142.75,0.0,9281.099609375,9119.75,9213.9501953125,0.0,602600
2020-05-15,9136.849609375,9136.849609375,0.0,9182.400390625,9050.0,9182.400390625,0.0,575900
2020-05-18,8823.25,8823.25,0.0,9158.2998046875,8806.75,9158.2998046875,0.0,773000
2020-05-19,8879.099609375,8879.099609375,0.0,9030.349609375,8855.2998046875,8961.7001953125,0.0,762200
2020-05-20,9066.5498046875,9066.5498046875,0.0,9093.7998046875,8875.349609375,8889.150390625,0.0,622300
2020-05-21,9106.25,9106.25,0.0,9178.5498046875,9056.099609375,9079.4501953125,0.0,631500
2020-05-22,9039.25,9039.25,0.0,9149.599609375,8968.5498046875,9067.900390625,0.0,675800
2020-05-26,9029.0498046875,9029.0498046875,0.0,9161.650390625,8996.650390625,9099.75,0.0,655000
2020-05-27,9314.9501953125,9314.9501953125,0.0,9334.0,9004.25,9082.2001953125,0.0,763500
2020-05-28,9490.099609375,9490.099609375,0.0,9511.25,9336.5,9364.9501953125,0.0,837900
2020-05-29,9580.2998046875,9580.2998046875,0.0,9598.849609375,9376.900390625,9422.2001953125,0.0,967000
2020-06-01,9826.150390625,9826.150390625,0.0,9931.599609375,9706.9501953125,9726.849609375,0.0,794200
2020-06-02,9979.099609375,9979.099609375,0.0,9995.599609375,9824.0498046875,9880.849609375,0.0,770200
2020-06-03,10061.5498046875,10061.5498046875,0.0,10176.2001953125,10035.5498046875,10108.2998046875,0.0,794700
2020-06-04,10029.099609375,10029.099609375,0.0,10123.849609375,9944.25,10054.25,0.0,775100
2020-06-05,10142.150390625,10142.150390625,0.0,10177.7998046875,10040.75,10093.7998046875,0.0,987100
2020-06-08,10167.4501953125,10167.4501953125,0.0,10328.5,10120.25,10326.75,0.0,936500
2020-06-09,10046.650390625,10046.650390625,0.0,10291.150390625,10021.4501953125,10181.150390625,0.0,754200
2020-06-10,10116.150390625,10116.150390625,0.0,10148.75,10036.849609375,10072.599609375,0.0,632400
2020-06-11,9902.0,9902.0,0.0,10112.0498046875,9885.0498046875,10094.099609375,0.0,715500
2020-06-12,9972.900390625,9972.900390625,0.0,9996.0498046875,9544.349609375,9544.9501953125,0.0,796300
2020-06-15,9813.7001953125,9813.7001953125,0.0,9943.349609375,9726.349609375,9919.349609375,0.0,716100
2020-06-16,9914.0,9914.0,0.0,10046.150390625,9728.5,10014.7998046875,0.0,899900
2020-06-17,9881.150390625,9881.150390625,0.0,10003.599609375,9833.7998046875,9876.7001953125,0.0,685400
2020-06-18,10091.650390625,10091.650390625,0.0,10111.2001953125,9845.0498046875,9863.25,0.0,622900
2020-06-19,10244.400390625,10244.400390625,0.0,10272.400390625,10072.650390625,10119.0,0.0,892100
2020-06-22,10311.2001953125,10311.2001953125,0.0,10393.650390625,10277.599609375,10318.75,0.0,685400
2020-06-23,10471.0,10471.0,0.0,10484.7001953125,10301.75,10347.9501953125,0.0,669200
2020-06-24,10305.2998046875,10305.2998046875,0.0,10553.150390625,10281.9501953125,10529.25,0.0,854800
2020-06-25,10288.900390625,10288.900390625,0.0,10361.7998046875,10194.5,10235.5498046875,0.0,994200
2020-06-26,10383.0,10383.0,0.0,10409.849609375,10311.25,10378.900390625,0.0,671900
2020-06-29,10312.400390625,10312.400390625,0.0,10337.9501953125,10223.599609375,10311.9501953125,0.0,574500
2020-06-30,10302.099609375,10302.099609375,0.0,10401.0498046875,10267.349609375,10382.599609375,0.0,556200
2020-07-01,10430.0498046875,10430.0498046875,0.0,10447.0498046875,10299.599609375,10323.7998046875,0.0,573600
2020-07-02,10551.7001953125,10551.7001953125,0.0,10598.2001953125,10485.5498046875,10493.0498046875,0.0,597400
2020-07-03,10607.349609375,10607.349609375,0.0,10631.2998046875,10562.650390625,10614.9501953125,0.0,525200
2020-07-06,10763.650390625,10763.650390625,0.0,10811.400390625,10695.099609375,10723.849609375,0.0,571200
2020-07-07,10799.650390625,10799.650390625,0.0,10813.7998046875,10689.7001953125,10802.849609375,0.0,636800
2020-07-08,10705.75,10705.75,0.0,10847.849609375,10676.5498046875,10818.650390625,0.0,767900
2020-07-09,10813.4501953125,10813.4501953125,0.0,10836.849609375,10733.0,10755.5498046875,0.0,618700
2020-07-10,10768.0498046875,10768.0498046875,0.0,10819.400390625,10713.0,10764.099609375,0.0,590700
2020-07-13,10802.7001953125,10802.7001953125,0.0,10894.0498046875,10756.0498046875,10851.849609375,0.0,554100
2020-07-14,10607.349609375,10607.349609375,0.0,10755.650390625,10562.900390625,10750.849609375,0.0,532400
2020-07-15,10618.2001953125,10618.2001953125,0.0,10827.4501953125,10577.75,10701.0,0.0,715900
2020-07-16,10739.9501953125,10739.9501953125,0.0,10755.2998046875,10595.2001953125,10706.2001953125,0.0,694400
2020-07-17,10901.7001953125,10901.7001953125,0.0,10933.4501953125,10749.650390625,10752.0,0.0,676900
2020-07-20,11022.2001953125,11022.2001953125,0.0,11037.900390625,10953.0,10999.4501953125,0.0,554300
2020-07-21,11162.25,11162.25,0.0,11179.5498046875,11113.25,11126.099609375,0.0,772000
2020-07-22,11132.599609375,11132.599609375,0.0,11238.099609375,11056.5498046875,11231.2001953125,0.0,765100
2020-07-23,11215.4501953125,11215.4501953125,0.0,11239.7998046875,11103.150390625,11135.0,0.0,621600
2020-07-24,11194.150390625,11194.150390625,0.0,11225.400390625,11090.2998046875,11149.9501953125,0.0,678900
2020-07-27,11131.7998046875,11131.7998046875,0.0,11225.0,11087.849609375,11225.0,0.0,588100
2020-07-28,11300.5498046875,11300.5498046875,0.0,11317.75,11151.400390625,11154.099609375,0.0,683900
2020-07-29,11202.849609375,11202.849609375,0.0,11341.400390625,11149.75,11276.900390625,0.0,600700
2020-07-30,11102.150390625,11102.150390625,0.0,11299.9501953125,11084.9501953125,11254.2998046875,0.0,677800
2020-07-31,11073.4501953125,11073.4501953125,0.0,11150.400390625,11026.650390625,11139.5,0.0,642600
2020-08-03,10891.599609375,10891.599609375,0.0,11058.0498046875,10882.25,11057.5498046875,0.0,680900
2020-08-04,11095.25,11095.25,0.0,11112.25,10908.099609375,10946.650390625,0.0,625700
2020-08-05,11101.650390625,11101.650390625,0.0,11225.650390625,11064.0498046875,11155.75,0.0,667600
2020-08-06,11200.150390625,11200.150390625,0.0,11256.7998046875,11127.2998046875,11185.7001953125,0.0,600400
2020-08-07,11214.0498046875,11214.0498046875,0.0,11231.900390625,11142.0498046875,11186.650390625,0.0,452600
2020-08-10,11270.150390625,11270.150390625,0.0,11337.2998046875,11238.0,11270.25,0.0,492000
2020-08-11,11322.5,11322.5,0.0,11373.599609375,11299.150390625,11322.25,0.0,586100
2020-08-12,11308.400390625,11308.400390625,0.0,11322.0,11242.650390625,11289.0,0.0,609900
2020-08-13,11300.4501953125,11300.4501953125,0.0,11359.2998046875,11269.9501953125,11334.849609375,0.0,562400
2020-08-14,11178.400390625,11178.400390625,0.0,11366.25,11111.4501953125,11353.2998046875,0.0,645100
2020-08-17,11247.099609375,11247.099609375,0.0,11267.099609375,11144.5,11248.900390625,0.0,634000
2020-08-18,11385.349609375,11385.349609375,0.0,11401.7001953125,11253.150390625,11259.7998046875,0.0,579200
2020-08-19,11408.400390625,11408.400390625,0.0,11460.349609375,11394.099609375,11452.150390625,0.0,626200
2020-08-20,11312.2001953125,11312.2001953125,0.0,11361.4501953125,11289.7998046875,11317.4501953125,0.0,791600
2020-08-21,11371.599609375,11371.599609375,0.0,11418.5,11362.2001953125,11409.650390625,0.0,668700
2020-08-24,11466.4501953125,11466.4501953125,0.0,11497.25,11410.650390625,11412.0,0.0,532900
2020-08-25,11472.25,11472.25,0.0,11525.900390625,11423.349609375,11513.099609375,0.0,638200
2020-08-26,11549.599609375,11549.599609375,0.0,11561.75,11461.849609375,11512.849609375,0.0,743400
2020-08-27,11559.25,11559.25,0.0,11617.349609375,11540.599609375,11609.2998046875,0.0,719800
2020-08-28,11647.599609375,11647.599609375,0.0,11686.0498046875,11589.400390625,11602.9501953125,0.0,807000
2020-08-31,11387.5,11387.5,0.0,11794.25,11325.849609375,11777.5498046875,0.0,1371800
2020-09-01,11470.25,11470.25,0.0,11553.5498046875,11366.900390625,11464.2998046875,0.0,783800
2020-09-02,11535.0,11535.0,0.0,11554.75,11430.400390625,11478.5498046875,0.0,593500
2020-09-03,11527.4501953125,11527.4501953125,0.0,11584.9501953125,11507.650390625,11566.2001953125,0.0,607100
2020-09-04,11333.849609375,11333.849609375,0.0,11452.0498046875,11303.650390625,11354.400390625,0.0,681300
2020-09-07,11355.0498046875,11355.0498046875,0.0,11381.150390625,11251.7001953125,11359.599609375,0.0,560300
2020-09-08,11317.349609375,11317.349609375,0.0,11437.25,11290.4501953125,11378.5498046875,0.0,572200
2020-09-09,11278.0,11278.0,0.0,11298.150390625,11185.150390625,11218.599609375,0.0,728900
2020-09-10,11449.25,11449.25,0.0,11464.0498046875,11327.400390625,11363.2998046875,0.0,679400
2020-09-11,11464.4501953125,11464.4501953125,0.0,11493.5,11419.900390625,11447.7998046875,0.0,554800
2020-09-14,11440.0498046875,11440.0498046875,0.0,11568.900390625,11383.5498046875,11540.150390625,0.0,642300
2020-09-15,11521.7998046875,11521.7998046875,0.0,11535.9501953125,11442.25,11487.2001953125,0.0,506700
2020-09-16,11604.5498046875,11604.5498046875,0.0,11618.099609375,11516.75,11538.4501953125,0.0,527800
2020-09-17,11516.099609375,11516.099609375,0.0,11587.2001953125,11498.5,11539.400390625,0.0,0
2020-09-18,11504.9501953125,11504.9501953125,0.0,11584.099609375,11446.099609375,11584.099609375,0.0,764200
2020-09-21,11250.5498046875,11250.5498046875,0.0,11535.25,11218.5,11503.7998046875,0.0,602900
2020-09-22,11153.650390625,11153.650390625,0.0,11302.2001953125,11084.650390625,11301.75,0.0,672200
2020-09-23,11131.849609375,11131.849609375,0.0,11259.5498046875,11024.400390625,11258.75,0.0,714900
2020-09-24,10805.5498046875,10805.5498046875,0.0,11015.2998046875,10790.2001953125,11011.0,0.0,706100
2020-09-25,11050.25,11050.25,0.0,11072.599609375,10854.849609375,10910.400390625,0.0,559600
2020-09-28,11227.5498046875,11227.5498046875,0.0,11239.349609375,11099.849609375,11140.849609375,0.0,472800
2020-09-29,11222.400390625,11222.400390625,0.0,11305.400390625,11181.0,11288.599609375,0.0,498300
2020-09-30,11247.5498046875,11247.5498046875,0.0,11295.400390625,11184.5498046875,11244.4501953125,0.0,499300
2020-10-01,11416.9501953125,11416.9501953125,0.0,11428.599609375,11347.0498046875,11364.4501953125,0.0,447700
2020-10-05,11503.349609375,11503.349609375,0.0,11578.0498046875,11452.2998046875,11487.7998046875,0.0,530600
2020-10-06,11662.400390625,11662.400390625,0.0,11680.2998046875,11564.2998046875,11603.4501953125,0.0,561400
2020-10-07,11738.849609375,11738.849609375,0.0,11763.0498046875,11629.349609375,11679.25,0.0,513400
2020-10-08,11834.599609375,11834.599609375,0.0,11905.7001953125,11791.150390625,11835.400390625,0.0,608800
2020-10-09,11914.2001953125,11914.2001953125,0.0,11938.599609375,11805.2001953125,11852.0498046875,0.0,611100
2020-10-12,11930.9501953125,11930.9501953125,0.0,12022.0498046875,11867.2001953125,11973.5498046875,0.0,522600
2020-10-13,11934.5,11934.5,0.0,11988.2001953125,11888.900390625,11934.650390625,0.0,458300
2020-10-14,11971.0498046875,11971.0498046875,0.0,11997.2001953125,11822.150390625,11917.400390625,0.0,569200
2020-10-15,11680.349609375,11680.349609375,0.0,12025.4501953125,11661.2998046875,12023.4501953125,0.0,608900
2020-10-16,11762.4501953125,11762.4501953125,0.0,11789.75,11667.849609375,11727.400390625,0.0,555800
2020-10-19,11873.0498046875,11873.0498046875,0.0,11898.25,11820.400390625,11879.2001953125,0.0,541400
2020-10-20,11896.7998046875,11896.7998046875,0.0,11949.25,11837.25,11861.0,0.0,453600
2020-10-21,11937.650390625,11937.650390625,0.0,12018.650390625,11775.75,11958.5498046875,0.0,623700
2020-10-22,11896.4501953125,11896.4501953125,0.0,11939.5498046875,11823.4501953125,11890.0,0.0,544900
2020-10-23,11930.349609375,11930.349609375,0.0,11974.5498046875,11908.75,11957.900390625,0.0,502300
2020-10-26,11767.75,11767.75,0.0,11942.849609375,11711.7001953125,11937.400390625,0.0,519800
2020-10-27,11889.400390625,11889.400390625,0.0,11899.0498046875,11723.0,11807.099609375,0.0,616300
2020-10-28,11729.599609375,11729.599609375,0.0,11929.400390625,11684.849609375,11922.599609375,0.0,704000
2020-10-29,11670.7998046875,11670.7998046875,0.0,11744.150390625,11606.4501953125,11633.2998046875,0.0,555000
2020-10-30,11642.400390625,11642.400390625,0.0,11748.9501953125,11535.4501953125,11678.4501953125,0.0,553700
2020-11-02,11669.150390625,11669.150390625,0.0,11725.650390625,11557.400390625,11697.349609375,0.0,568400
2020-11-03,11813.5,11813.5,0.0,11836.2001953125,11723.2998046875,11734.4501953125,0.0,674300
2020-11-04,11908.5,11908.5,0.0,11929.650390625,11756.400390625,11783.349609375,0.0,667300
2020-11-05,12120.2998046875,12120.2998046875,0.0,12131.099609375,12027.599609375,12062.400390625,0.0,632500
2020-11-06,12263.5498046875,12263.5498046875,0.0,12280.400390625,12131.849609375,12156.650390625,0.0,576800
2020-11-09,12461.0498046875,12461.0498046875,0.0,12474.0498046875,12367.349609375,12399.400390625,0.0,553400
2020-11-10,12631.099609375,12631.099609375,0.0,12643.900390625,12475.25,12556.400390625,0.0,847500
2020-11-11,12749.150390625,12749.150390625,0.0,12769.75,12571.099609375,12680.599609375,0.0,880500
2020-11-12,12690.7998046875,12690.7998046875,0.0,12741.150390625,12624.849609375,12702.150390625,0.0,622000
2020-11-13,12719.9501953125,12719.9501953125,0.0,12735.9501953125,12607.7001953125,12659.7001953125,0.0,513900
2020-11-17,12874.2001953125,12874.2001953125,0.0,12934.0498046875,12797.099609375,12932.5,0.0,707700
2020-11-18,12938.25,12938.25,0.0,12948.849609375,12819.349609375,12860.099609375,0.0,731300
2020-11-19,12771.7001953125,12771.7001953125,0.0,12963.0,12745.75,12839.5,0.0,768800
2020-11-20,12859.0498046875,12859.0498046875,0.0,12892.4501953125,12730.25,12813.400390625,0.0,664000
2020-11-23,12926.4501953125,12926.4501953125,0.0,12968.849609375,12825.7001953125,12960.2998046875,0.0,633100
2020-11-24,13055.150390625,13055.150390625,0.0,13079.099609375,12978.0,13002.599609375,0.0,571900
2020-11-25,12858.400390625,12858.400390625,0.0,13145.849609375,12833.650390625,13130.0,0.0,679000
2020-11-26,12987.0,12987.0,0.0,13018.0,12790.400390625,12906.4501953125,0.0,549800
2020-11-27,12968.9501953125,12968.9501953125,0.0,13035.2998046875,12914.2998046875,13012.0498046875,0.0,1162400
2020-12-01,13109.0498046875,13109.0498046875,0.0,13128.400390625,12962.7998046875,13062.2001953125,0.0,583600
2020-12-02,13113.75,13113.75,0.0,13128.5,12983.5498046875,13121.400390625,0.0,717700
2020-12-03,13133.900390625,13133.900390625,0.0,13216.599609375,13107.900390625,13215.2998046875,0.0,713700
2020-12-04,13258.5498046875,13258.5498046875,0.0,13280.0498046875,13152.849609375,13177.400390625,0.0,640500
2020-12-07,13355.75,13355.75,0.0,13366.650390625,13241.9501953125,13264.849609375,0.0,591700
2020-12-08,13392.9501953125,13392.9501953125,0.0,13435.4501953125,13311.0498046875,13393.849609375,0.0,543200
2020-12-09,13529.099609375,13529.099609375,0.0,13548.900390625,13449.599609375,13458.099609375,0.0,502600
2020-12-10,13478.2998046875,13478.2998046875,0.0,13503.5498046875,13399.2998046875,13488.5,0.0,553400
2020-12-11,13513.849609375,13513.849609375,0.0,13579.349609375,13402.849609375,13512.2998046875,0.0,787700
2020-12-14,13558.150390625,13558.150390625,0.0,13597.5,13472.4501953125,13571.4501953125,0.0,558400
2020-12-15,13567.849609375,13567.849609375,0.0,13589.650390625,13447.0498046875,13547.2001953125,0.0,497600
2020-12-16,13682.7001953125,13682.7001953125,0.0,13692.349609375,13606.4501953125,13663.099609375,0.0,462200
2020-12-17,13740.7001953125,13740.7001953125,0.0,13773.25,13673.5498046875,13713.5498046875,0.0,416000
2020-12-18,13760.5498046875,13760.5498046875,0.0,13772.849609375,13658.599609375,13764.400390625,0.0,519400
2020-12-21,13328.400390625,13328.400390625,0.0,13777.5,13131.4501953125,13741.900390625,0.0,687300
2020-12-22,13466.2998046875,13466.2998046875,0.0,13492.0498046875,13192.900390625,13373.650390625,0.0,696200
2020-12-23,13601.099609375,13601.099609375,0.0,13619.4501953125,13432.2001953125,13473.5,0.0,458700
2020-12-24,13749.25,13749.25,0.0,13771.75,13626.900390625,13672.150390625,0.0,471400
2020-12-28,13873.2001953125,13873.2001953125,0.0,13885.2998046875,13811.5498046875,13815.150390625,0.0,403600
2020-12-29,13932.599609375,13932.599609375,0.0,13967.599609375,13859.900390625,13910.349609375,0.0,439600
2020-12-30,13981.9501953125,13981.9501953125,0.0,13997.0,13864.9501953125,13980.900390625,0.0,380700
2020-12-31,13981.75,13981.75,0.0,14024.849609375,13936.4501953125,13970.0,0.0,452400
2021-01-01,14018.5,14018.5,0.0,14049.849609375,13991.349609375,13996.099609375,0.0,358100
2021-01-04,14132.900390625,14132.900390625,0.0,14147.9501953125,13953.75,14104.349609375,0.0,495000
2021-01-05,14199.5,14199.5,0.0,14215.599609375,14048.150390625,14075.150390625,0.0,492500
2021-01-06,14146.25,14146.25,0.0,14244.150390625,14039.900390625,14240.9501953125,0.0,632300
2021-01-07,14137.349609375,14137.349609375,0.0,14256.25,14123.099609375,14253.75,0.0,559200
2021-01-08,14347.25,14347.25,0.0,14367.2998046875,14221.650390625,14258.400390625,0.0,613500
2021-01-11,14484.75,14484.75,0.0,14498.2001953125,14383.099609375,14474.0498046875,0.0,672900
2021-01-12,14563.4501953125,14563.4501953125,0.0,14590.650390625,14432.849609375,14473.7998046875,0.0,929600
2021-01-13,14564.849609375,14564.849609375,0.0,14653.349609375,14435.7001953125,14639.7998046875,0.0,874000
2021-01-14,14595.599609375,14595.599609375,0.0,14617.7998046875,14471.5,14550.0498046875,0.0,620200
2021-01-15,14433.7001953125,14433.7001953125,0.0,14617.4501953125,14357.849609375,14594.349609375,0.0,789600
2021-01-18,14281.2998046875,14281.2998046875,0.0,14459.150390625,14222.7998046875,14453.2998046875,0.0,762000
2021-01-19,14521.150390625,14521.150390625,0.0,14546.0498046875,14350.849609375,14371.650390625,0.0,546100
2021-01-20,14644.7001953125,14644.7001953125,0.0,14666.4501953125,14517.5498046875,14538.2998046875,0.0,623100
2021-01-21,14590.349609375,14590.349609375,0.0,14753.5498046875,14517.25,14730.9501953125,0.0,704600
2021-01-22,14371.900390625,14371.900390625,0.0,14619.900390625,14357.75,14583.400390625,0.0,776800
2021-01-25,14238.900390625,14238.900390625,0.0,14491.099609375,14218.599609375,14477.7998046875,0.0,618600
2021-01-27,13967.5,13967.5,0.0,14237.9501953125,13929.2998046875,14237.9501953125,0.0,660700
2021-01-28,13817.5498046875,13817.5498046875,0.0,13898.25,13713.25,13810.400390625,0.0,637900
2021-01-29,13634.599609375,13634.599609375,0.0,13966.849609375,13596.75,13946.599609375,0.0,753200
2021-02-01,14281.2001953125,14281.2001953125,0.0,14336.349609375,13661.75,13758.599609375,0.0,870500
2021-02-02,14647.849609375,14647.849609375,0.0,14731.7001953125,14469.150390625,14481.099609375,0.0,915000
2021-02-03,14789.9501953125,14789.9501953125,0.0,14868.849609375,14574.150390625,14754.900390625,0.0,869500
2021-02-04,14895.650390625,14895.650390625,0.0,14913.7001953125,14714.75,14789.0498046875,0.0,884700
2021-02-05,14924.25,14924.25,0.0,15014.650390625,14864.75,14952.599609375,0.0,935600
2021-02-08,15115.7998046875,15115.7998046875,0.0,15159.900390625,15041.0498046875,15064.2998046875,0.0,671200
2021-02-09,15109.2998046875,15109.2998046875,0.0,15257.099609375,15064.2998046875,15164.150390625,0.0,713300
2021-02-10,15106.5,15106.5,0.0,15168.25,14977.2001953125,15119.0498046875,0.0,624800
2021-02-11,15173.2998046875,15173.2998046875,0.0,15188.5,15065.400390625,15073.25,0.0,500100
2021-02-12,15163.2998046875,15163.2998046875,0.0,15243.5,15081.0,15186.2001953125,0.0,571800
2021-02-15,15314.7001953125,15314.7001953125,0.0,15340.150390625,15243.400390625,15270.2998046875,0.0,456000
2021-02-16,15313.4501953125,15313.4501953125,0.0,15431.75,15242.2001953125,15371.4501953125,0.0,648500
2021-02-17,15208.900390625,15208.900390625,0.0,15314.2998046875,15170.75,15279.900390625,0.0,504800
2021-02-18,15118.9501953125,15118.9501953125,0.0,15250.75,15078.0498046875,15238.7001953125,0.0,770600
2021-02-19,14981.75,14981.75,0.0,15144.0498046875,14898.2001953125,15074.7998046875,0.0,712200
2021-02-22,14675.7001953125,14675.7001953125,0.0,15010.099609375,14635.0498046875,14999.0498046875,0.0,609900
2021-02-23,14707.7998046875,14707.7998046875,0.0,14854.5,14651.849609375,14782.25,0.0,744100
2021-02-24,14982.0,14982.0,0.0,15008.7998046875,14504.5,14729.150390625,0.0,403800
2021-02-25,15097.349609375,15097.349609375,0.0,15176.5,15065.349609375,15079.849609375,0.0,803900
2021-02-26,14529.150390625,14529.150390625,0.0,14919.4501953125,14467.75,14888.599609375,0.0,1103600
2021-03-01,14761.5498046875,14761.5498046875,0.0,14806.7998046875,14638.5498046875,14702.5,0.0,507300
2021-03-02,14919.099609375,14919.099609375,0.0,14959.099609375,14760.7998046875,14865.2998046875,0.0,621700
2021-03-03,15245.599609375,15245.599609375,0.0,15273.150390625,14995.7998046875,15064.400390625,0.0,544200
2021-03-04,15080.75,15080.75,0.0,15202.349609375,14980.2001953125,15026.75,0.0,534900
2021-03-05,14938.099609375,14938.099609375,0.0,15092.349609375,14862.099609375,14977.9501953125,0.0,640700
2021-03-08,14956.2001953125,14956.2001953125,0.0,15111.150390625,14919.900390625,15002.4501953125,0.0,0
2021-03-09,15098.400390625,15098.400390625,0.0,15126.849609375,14925.4501953125,15049.900390625,0.0,675300
2021-03-10,15174.7998046875,15174.7998046875,0.0,15218.4501953125,15100.849609375,15202.150390625,0.0,404600
2021-03-12,15030.9501953125,15030.9501953125,0.0,15336.2998046875,14953.599609375,15321.150390625,0.0,493200
2021-03-15,14929.5,14929.5,0.0,15048.400390625,14745.849609375,15048.400390625,0.0,467500
2021-03-16,14910.4501953125,14910.4501953125,0.0,15051.599609375,14890.650390625,14996.099609375,0.0,100
2021-03-17,14721.2998046875,14721.2998046875,0.0,14956.5498046875,14696.0498046875,14946.5498046875,0.0,100
2021-03-18,14557.849609375,14557.849609375,0.0,14875.2001953125,14478.599609375,14855.5,0.0,542200
2021-03-19,14744.0,14744.0,0.0,14788.25,14350.099609375,14471.150390625,0.0,919200
2021-03-22,14736.400390625,14736.400390625,0.0,14763.900390625,14597.849609375,14736.2998046875,0.0,459000
2021-03-23,14814.75,14814.75,0.0,14878.599609375,14707.0,14768.5498046875,0.0,474200
2021-03-24,14549.400390625,14549.400390625,0.0,14752.349609375,14535.0,14712.4501953125,0.0,456400
2021-03-25,14324.900390625,14324.900390625,0.0,14575.599609375,14264.400390625,14570.900390625,0.0,606800
2021-03-26,14507.2998046875,14507.2998046875,0.0,14572.900390625,14414.25,14506.2998046875,0.0,481000
2021-03-30,14845.099609375,14845.099609375,0.0,14876.2998046875,14617.599609375,14628.5,0.0,594500
2021-03-31,14690.7001953125,14690.7001953125,0.0,14813.75,14670.25,14811.849609375,0.0,463900
2021-04-01,14867.349609375,14867.349609375,0.0,14883.2001953125,14692.4501953125,14798.400390625,0.0,445000
2021-04-05,14637.7998046875,14637.7998046875,0.0,14849.849609375,14459.5,14837.7001953125,0.0,509700
2021-04-06,14683.5,14683.5,0.0,14779.099609375,14573.900390625,14737.0,0.0,475300
2021-04-07,14819.0498046875,14819.0498046875,0.0,14879.7998046875,14649.849609375,14716.4501953125,0.0,0
2021-04-08,14873.7998046875,14873.7998046875,0.0,14984.150390625,14821.099609375,14875.650390625,0.0,514800
2021-04-09,14834.849609375,14834.849609375,0.0,14918.4501953125,14785.650390625,14882.650390625,0.0,504100
2021-04-12,14310.7998046875,14310.7998046875,0.0,14652.5,14248.7001953125,14644.650390625,0.0,650200
2021-04-13,14504.7998046875,14504.7998046875,0.0,14528.900390625,14274.900390625,14364.900390625,0.0,605100
2021-04-15,14581.4501953125,14581.4501953125,0.0,14597.5498046875,14353.2001953125,14522.400390625,0.0,568000
2021-04-16,14617.849609375,14617.849609375,0.0,14697.7001953125,14559.0,14599.599609375,0.0,577200
2021-04-19,14359.4501953125,14359.4501953125,0.0,14382.2998046875,14191.400390625,14306.599609375,0.0,512300
2021-04-20,14296.400390625,14296.400390625,0.0,14526.9501953125,14207.2998046875,14526.7001953125,0.0,467400
2021-04-22,14406.150390625,14406.150390625,0.0,14424.75,14151.400390625,14219.150390625,0.0,524600
2021-04-23,14341.349609375,14341.349609375,0.0,14461.150390625,14273.2998046875,14326.349609375,0.0,498100
2021-04-26,14485.0,14485.0,0.0,14557.5,14421.2998046875,14449.4501953125,0.0,452700
2021-04-27,14653.0498046875,14653.0498046875,0.0,14667.5498046875,14484.849609375,14493.7998046875,0.0,451800
2021-04-28,14864.5498046875,14864.5498046875,0.0,14890.25,14694.9501953125,14710.5,0.0,457000
2021-04-29,14894.900390625,14894.900390625,0.0,15044.349609375,14814.4501953125,14979.0,0.0,517500
2021-04-30,14631.099609375,14631.099609375,0.0,14855.4501953125,14601.7001953125,14747.349609375,0.0,613900
2021-05-03,14634.150390625,14634.150390625,0.0,14673.849609375,14416.25,14481.0498046875,0.0,448900
2021-05-04,14496.5,14496.5,0.0,14723.400390625,14461.5,14687.25,0.0,503400
2021-05-05,14617.849609375,14617.849609375,0.0,14637.900390625,14506.599609375,14604.150390625,0.0,455900
2021-05-06,14724.7998046875,14724.7998046875,0.0,14743.900390625,14611.5,14668.349609375,0.0,467800
2021-05-07,14823.150390625,14823.150390625,0.0,14863.0498046875,14765.5,14816.849609375,0.0,488000
2021-05-10,14942.349609375,14942.349609375,0.0,14966.900390625,14892.5,14928.25,0.0,522000
2021-05-11,14850.75,14850.75,0.0,14900.0,14771.400390625,14789.7001953125,0.0,647400
2021-05-12,14696.5,14696.5,0.0,14824.0498046875,14649.7001953125,14823.5498046875,0.0,643800
2021-05-14,14677.7998046875,14677.7998046875,0.0,14749.650390625,14591.900390625,14749.400390625,0.0,620700
2021-05-17,14923.150390625,14923.150390625,0.0,14938.0,14725.349609375,14756.25,0.0,546400
2021-05-18,15108.099609375,15108.099609375,0.0,15137.25,15043.7001953125,15067.2001953125,0.0,583900
2021-05-19,15030.150390625,15030.150390625,0.0,15133.400390625,15008.849609375,15058.599609375,0.0,569100
2021-05-20,14906.0498046875,14906.0498046875,0.0,15069.7998046875,14884.900390625,15042.599609375,0.0,480300
2021-05-21,15175.2998046875,15175.2998046875,0.0,15190.0,14985.849609375,14987.7998046875,0.0,572900
2021-05-24,15197.7001953125,15197.7001953125,0.0,15256.25,15145.4501953125,15211.349609375,0.0,579800
2021-05-25,15208.4501953125,15208.4501953125,0.0,15293.849609375,15163.400390625,15291.75,0.0,441500
2021-05-26,15301.4501953125,15301.4501953125,0.0,15319.900390625,15194.9501953125,15257.0498046875,0.0,384000
2021-05-27,15337.849609375,15337.849609375,0.0,15384.5498046875,15272.5,15323.9501953125,0.0,0
2021-05-28,15435.650390625,15435.650390625,0.0,15469.650390625,15394.75,15421.2001953125,0.0,468100
2021-05-31,15582.7998046875,15582.7998046875,0.0,15606.349609375,15374.0,15437.75,0.0,436000
2021-06-01,15574.849609375,15574.849609375,0.0,15660.75,15528.2998046875,15629.650390625,0.0,409600
2021-06-02,15576.2001953125,15576.2001953125,0.0,15597.4501953125,15459.849609375,15520.349609375,0.0,428600
2021-06-03,15690.349609375,15690.349609375,0.0,15705.099609375,15611.0,15655.5498046875,0.0,410200
2021-06-04,15670.25,15670.25,0.0,15733.599609375,15622.349609375,15712.5,0.0,414200
2021-06-07,15751.650390625,15751.650390625,0.0,15773.4501953125,15678.099609375,15725.099609375,0.0,394000
2021-06-08,15740.099609375,15740.099609375,0.0,15778.7998046875,15680.0,15773.900390625,0.0,378200
2021-06-09,15635.349609375,15635.349609375,0.0,15800.4501953125,15566.900390625,15766.2998046875,0.0,457900
2021-06-10,15737.75,15737.75,0.0,15751.25,15648.5,15692.099609375,0.0,298300
2021-06-11,15799.349609375,15799.349609375,0.0,15835.5498046875,15749.7998046875,15796.4501953125,0.0,363000
2021-06-14,15811.849609375,15811.849609375,0.0,15823.0498046875,15606.5,15791.400390625,0.0,392900
2021-06-15,15869.25,15869.25,0.0,15901.599609375,15842.400390625,15866.9501953125,0.0,323300
2021-06-16,15767.5498046875,15767.5498046875,0.0,15880.849609375,15742.599609375,15847.5,0.0,340200
2021-06-17,15691.400390625,15691.400390625,0.0,15769.349609375,15616.75,15648.2998046875,0.0,357600
2021-06-18,15683.349609375,15683.349609375,0.0,15761.5,15450.900390625,15756.5,0.0,640800
2021-06-21,15746.5,15746.5,0.0,15765.150390625,15505.650390625,15525.849609375,0.0,351500
2021-06-22,15772.75,15772.75,0.0,15895.75,15752.099609375,15840.5,0.0,322200
2021-06-23,15686.9501953125,15686.9501953125,0.0,15862.9501953125,15673.9501953125,15862.7998046875,0.0,287500
2021-06-24,15790.4501953125,15790.4501953125,0.0,15821.400390625,15702.7001953125,15737.2998046875,0.0,316700
2021-06-25,15860.349609375,15860.349609375,0.0,15870.7998046875,15772.2998046875,15839.349609375,0.0,314600
2021-06-28,15814.7001953125,15814.7001953125,0.0,15915.650390625,15792.150390625,15915.349609375,0.0,255100
2021-06-29,15748.4501953125,15748.4501953125,0.0,15835.900390625,15724.0498046875,15807.5,0.0,360300
2021-06-30,15721.5,15721.5,0.0,15839.099609375,15708.75,15776.900390625,0.0,262400
2021-07-01,15680.0,15680.0,0.0,15755.5498046875,15667.0498046875,15755.0498046875,0.0,224900
2021-07-02,15722.2001953125,15722.2001953125,0.0,15738.349609375,15635.9501953125,15705.849609375,0.0,254800
2021-07-05,15834.349609375,15834.349609375,0.0,15845.9501953125,15762.0498046875,15793.400390625,0.0,207000
2021-07-06,15818.25,15818.25,0.0,15914.2001953125,15801.0,15813.75,0.0,391400
2021-07-07,15879.650390625,15879.650390625,0.0,15893.5498046875,15779.7001953125,15819.599609375,0.0,329300
2021-07-08,15727.900390625,15727.900390625,0.0,15885.75,15682.900390625,15855.400390625,0.0,307900
2021-07-09,15689.7998046875,15689.7998046875,0.0,15730.849609375,15632.75,15688.25,0.0,243200
2021-07-12,15692.599609375,15692.599609375,0.0,15789.2001953125,15644.75,15766.7998046875,0.0,216300
2021-07-13,15812.349609375,15812.349609375,0.0,15820.7998046875,15744.599609375,15794.0,0.0,246700
2021-07-14,15853.9501953125,15853.9501953125,0.0,15877.349609375,15764.2001953125,15808.7001953125,0.0,0
2021-07-15,15924.2001953125,15924.2001953125,0.0,15952.349609375,15855.0,15872.150390625,0.0,284900
2021-07-16,15923.400390625,15923.400390625,0.0,15962.25,15882.599609375,15958.349609375,0.0,276300
2021-07-19,15752.400390625,15752.400390625,0.0,15836.900390625,15707.5,15754.5,0.0,242100
2021-07-20,15632.099609375,15632.099609375,0.0,15728.4501953125,15578.5498046875,15703.9501953125,0.0,274300
2021-07-22,15824.0498046875,15824.0498046875,0.0,15834.7998046875,15726.400390625,15736.599609375,0.0,265300
2021-07-23,15856.0498046875,15856.0498046875,0.0,15899.7998046875,15768.400390625,15856.7998046875,0.0,294100
2021-07-26,15824.4501953125,15824.4501953125,0.0,15893.349609375,15797.0,15849.2998046875,0.0,267100
2021-07-27,15746.4501953125,15746.4501953125,0.0,15881.5498046875,15701.0,15860.5,0.0,311000
2021-07-28,15709.400390625,15709.400390625,0.0,15767.5,15513.4501953125,15761.5498046875,0.0,318600
2021-07-29,15778.4501953125,15778.4501953125,0.0,15817.349609375,15737.7998046875,15762.7001953125,0.0,401600
2021-07-30,15763.0498046875,15763.0498046875,0.0,15862.7998046875,15744.849609375,15800.599609375,0.0,400000
2021-08-02,15885.150390625,15885.150390625,0.0,15892.900390625,15834.650390625,15874.900390625,0.0,244800
2021-08-03,16130.75,16130.75,0.0,16146.900390625,15914.349609375,15951.5498046875,0.0,341300
2021-08-04,16258.7998046875,16258.7998046875,0.0,16290.2001953125,16176.150390625,16195.25,0.0,427300
2021-08-05,16294.599609375,16294.599609375,0.0,16349.4501953125,16210.2998046875,16288.9501953125,0.0,418200
2021-08-06,16238.2001953125,16238.2001953125,0.0,16336.75,16223.2998046875,16304.400390625,0.0,320100
2021-08-09,16258.25,16258.25,0.0,16320.75,16179.0498046875,16281.349609375,0.0,240500
2021-08-10,16280.099609375,16280.099609375,0.0,16359.25,16202.25,16274.7998046875,0.0,288000
2021-08-11,16282.25,16282.25,0.0,16338.75,16162.5498046875,16327.2998046875,0.0,277900
2021-08-12,16364.400390625,16364.400390625,0.0,16375.5,16286.900390625,16303.650390625,0.0,280200
2021-08-13,16529.099609375,16529.099609375,0.0,16543.599609375,16376.2998046875,16385.69921875,0.0,321900
2021-08-16,16563.05078125,16563.05078125,0.0,16589.400390625,16480.75,16518.400390625,0.0,254000
2021-08-17,16614.599609375,16614.599609375,0.0,16628.55078125,16495.400390625,16545.25,0.0,297400
2021-08-18,16568.849609375,16568.849609375,0.0,16701.849609375,16535.849609375,16691.94921875,0.0,251800
2021-08-20,16450.5,16450.5,0.0,16509.55078125,16376.0498046875,16382.5,0.0,350800
2021-08-23,16496.44921875,16496.44921875,0.0,16592.5,16395.69921875,16592.25,0.0,275600
2021-08-24,16624.599609375,16624.599609375,0.0,16647.099609375,16495.30078125,16561.400390625,0.0,275400
2021-08-25,16634.650390625,16634.650390625,0.0,16712.44921875,16617.5,16654.0,0.0,265900
2021-08-26,16636.900390625,16636.900390625,0.0,16683.69921875,16603.400390625,16627.94921875,0.0,253500
2021-08-27,16705.19921875,16705.19921875,0.0,16722.05078125,16565.599609375,16642.55078125,0.0,217400
2021-08-30,16931.05078125,16931.05078125,0.0,16951.5,16764.849609375,16775.849609375,0.0,283500
2021-08-31,17132.19921875,17132.19921875,0.0,17153.5,16915.849609375,16947.5,0.0,464400
2021-09-01,17076.25,17076.25,0.0,17225.75,17055.05078125,17185.599609375,0.0,301900
2021-09-02,17234.150390625,17234.150390625,0.0,17245.5,17059.69921875,17095.400390625,0.0,242400
2021-09-03,17323.599609375,17323.599609375,0.0,17340.099609375,17212.19921875,17262.44921875,0.0,261400
2021-09-06,17377.80078125,17377.80078125,0.0,17429.55078125,17345.55078125,17399.349609375,0.0,228000
2021-09-07,17362.099609375,17362.099609375,0.0,17436.5,17287.0,17401.55078125,0.0,243400
2021-09-08,17353.5,17353.5,0.0,17383.400390625,17254.19921875,17375.75,0.0,252700
2021-09-09,17369.25,17369.25,0.0,17379.650390625,17302.69921875,17312.849609375,0.0,241500
2021-09-13,17355.30078125,17355.30078125,0.0,17378.349609375,17269.150390625,17363.55078125,0.0,241100
2021-09-14,17380.0,17380.0,0.0,17438.55078125,17367.05078125,17420.349609375,0.0,230400
2021-09-15,17519.44921875,17519.44921875,0.0,17532.69921875,17386.900390625,17387.650390625,0.0,388200
2021-09-16,17629.5,17629.5,0.0,17644.599609375,17510.44921875,17539.19921875,0.0,503300
2021-09-17,17585.150390625,17585.150390625,0.0,17792.94921875,17537.650390625,17709.650390625,0.0,508300
2021-09-20,17396.900390625,17396.900390625,0.0,17622.75,17361.80078125,17443.849609375,0.0,339100
2021-09-21,17562.0,17562.0,0.0,17578.349609375,17326.099609375,17450.5,0.0,363600
2021-09-22,17546.650390625,17546.650390625,0.0,17610.44921875,17524.0,17580.900390625,0.0,295200
2021-09-23,17822.94921875,17822.94921875,0.0,17843.900390625,17646.55078125,17670.849609375,0.0,320500
2021-09-24,17853.19921875,17853.19921875,0.0,17947.650390625,17819.400390625,17897.44921875,0.0,360100
2021-09-27,17855.099609375,17855.099609375,0.0,17943.5,17802.900390625,17932.19921875,0.0,295700
2021-09-28,17748.599609375,17748.599609375,0.0,17912.849609375,17576.099609375,17906.44921875,0.0,398000
2021-09-29,17711.30078125,17711.30078125,0.0,17781.75,17608.150390625,17657.94921875,0.0,562200
2021-09-30,17618.150390625,17618.150390625,0.0,17742.150390625,17585.349609375,17718.900390625,0.0,378600
2021-10-01,17532.05078125,17532.05078125,0.0,17557.150390625,17452.900390625,17531.900390625,0.0,305800
2021-10-04,17691.25,17691.25,0.0,17750.900390625,17581.349609375,17615.55078125,0.0,295800
2021-10-05,17822.30078125,17822.30078125,0.0,17833.44921875,17640.900390625,17661.349609375,0.0,427000
2021-10-06,17646.0,17646.0,0.0,17884.599609375,17613.150390625,17861.5,0.0,395800
2021-10-07,17790.349609375,17790.349609375,0.0,17857.55078125,17763.80078125,17810.55078125,0.0,419900
2021-10-08,17895.19921875,17895.19921875,0.0,17941.849609375,17840.349609375,17886.849609375,0.0,324100
2021-10-11,17945.94921875,17945.94921875,0.0,18041.94921875,17839.099609375,17867.55078125,0.0,375800
2021-10-12,17991.94921875,17991.94921875,0.0,18008.650390625,17864.94921875,17915.80078125,0.0,355600
2021-10-13,18161.75,18161.75,0.0,18197.80078125,18050.75,18097.849609375,0.0,506700
2021-10-14,18338.55078125,18338.55078125,0.0,18350.75,18248.69921875,18272.849609375,0.0,538700
2021-10-18,18477.05078125,18477.05078125,0.0,18543.150390625,18445.30078125,18500.099609375,0.0,469900
2021-10-19,18418.75,18418.75,0.0,18604.44921875,18377.69921875,18602.349609375,0.0,368200
2021-10-20,18266.599609375,18266.599609375,0.0,18458.30078125,18209.349609375,18439.900390625,0.0,371300
2021-10-21,18178.099609375,18178.099609375,0.0,18384.19921875,18048.0,18382.69921875,0.0,365900
2021-10-22,18114.900390625,18114.900390625,0.0,18314.25,18034.349609375,18230.69921875,0.0,324700
2021-10-25,18125.400390625,18125.400390625,0.0,18241.400390625,17968.5,18229.5,0.0,418700
2021-10-26,18268.400390625,18268.400390625,0.0,18310.44921875,18099.30078125,18154.5,0.0,341400
2021-10-27,18210.94921875,18210.94921875,0.0,18342.05078125,18167.900390625,18295.849609375,0.0,335200
2021-10-28,17857.25,17857.25,0.0,18190.69921875,17799.44921875,18187.650390625,0.0,374200
2021-10-29,17671.650390625,17671.650390625,0.0,17915.849609375,17613.099609375,17833.05078125,0.0,336500
2021-11-01,17929.650390625,17929.650390625,0.0,17954.099609375,17697.099609375,17783.150390625,0.0,281200
2021-11-02,17888.94921875,17888.94921875,0.0,18012.25,17847.599609375,17970.900390625,0.0,296400
2021-11-03,17829.19921875,17829.19921875,0.0,17988.75,17757.94921875,17947.94921875,0.0,331000
2021-11-04,17916.80078125,17916.80078125,0.0,17947.55078125,17900.599609375,17935.05078125,0.0,48500
2021-11-08,18068.55078125,18068.55078125,0.0,18087.80078125,17836.099609375,18040.19921875,0.0,338900
2021-11-09,18044.25,18044.25,0.0,18112.599609375,17983.05078125,18084.349609375,0.0,270200
2021-11-10,18017.19921875,18017.19921875,0.0,18061.25,17915.0,17973.44921875,0.0,261400
2021-11-11,17873.599609375,17873.599609375,0.0,17971.349609375,17798.19921875,17967.44921875,0.0,232100
2021-11-12,18102.75,18102.75,0.0,18123.0,17905.900390625,17977.599609375,0.0,249100
2021-11-15,18109.44921875,18109.44921875,0.0,18210.150390625,18071.30078125,18140.94921875,0.0,280400
2021-11-16,17999.19921875,17999.19921875,0.0,18132.650390625,17958.80078125,18127.05078125,0.0,267400
2021-11-17,17898.650390625,17898.650390625,0.0,18022.650390625,17879.25,17939.349609375,0.0,295700
2021-11-18,17764.80078125,17764.80078125,0.0,17945.599609375,17688.5,17890.55078125,0.0,278400
2021-11-22,17416.55078125,17416.55078125,0.0,17805.25,17280.44921875,17796.25,0.0,356400
2021-11-23,17503.349609375,17503.349609375,0.0,17553.69921875,17216.099609375,17281.75,0.0,308800
2021-11-24,17415.05078125,17415.05078125,0.0,17600.599609375,17354.0,17550.05078125,0.0,298100
2021-11-25,17536.25,17536.25,0.0,17564.349609375,17351.69921875,17417.30078125,0.0,255900
2021-11-26,17026.44921875,17026.44921875,0.0,17355.400390625,16985.69921875,17338.75,0.0,356300
2021-11-29,17053.94921875,17053.94921875,0.0,17160.69921875,16782.400390625,17055.80078125,0.0,348900
2021-11-30,16983.19921875,16983.19921875,0.0,17324.650390625,16931.400390625,17051.150390625,0.0,498000
2021-12-01,17166.900390625,17166.900390625,0.0,17213.05078125,17064.25,17104.400390625,0.0,295500
2021-12-02,17401.650390625,17401.650390625,0.0,17420.349609375,17149.30078125,17183.19921875,0.0,279900
2021-12-03,17196.69921875,17196.69921875,0.0,17489.80078125,17180.80078125,17424.900390625,0.0,292500
2021-12-06,16912.25,16912.25,0.0,17216.75,16891.69921875,17209.05078125,0.0,231700
2021-12-07,17176.69921875,17176.69921875,0.0,17251.650390625,16987.75,17044.099609375,0.0,254100
2021-12-08,17469.75,17469.75,0.0,17484.599609375,17308.94921875,17315.25,0.0,257800
2021-12-09,17516.849609375,17516.849609375,0.0,17543.25,17379.599609375,17524.400390625,0.0,237200
2021-12-10,17511.30078125,17511.30078125,0.0,17534.349609375,17405.25,17476.05078125,0.0,204500
2021-12-13,17368.25,17368.25,0.0,17639.5,17355.94921875,17619.099609375,0.0,256600
2021-12-14,17324.900390625,17324.900390625,0.0,17376.19921875,17225.80078125,17283.19921875,0.0,271000
2021-12-15,17221.400390625,17221.400390625,0.0,17351.19921875,17192.19921875,17323.650390625,0.0,215000
2021-12-16,17248.400390625,17248.400390625,0.0,17379.349609375,17184.94921875,17373.0,0.0,219500
2021-12-17,16985.19921875,16985.19921875,0.0,17298.150390625,16966.44921875,17276.0,0.0,354600
2021-12-20,16614.19921875,16614.19921875,0.0,16840.099609375,16410.19921875,16824.25,0.0,330600
2021-12-21,16770.849609375,16770.849609375,0.0,16936.400390625,16688.25,16773.150390625,0.0,241000
2021-12-22,16955.44921875,16955.44921875,0.0,16971.0,16819.5,16865.55078125,0.0,207900
2021-12-23,17072.599609375,17072.599609375,0.0,17118.650390625,17015.55078125,17066.80078125,0.0,197000
2021-12-24,17003.75,17003.75,0.0,17155.599609375,16909.599609375,17149.5,0.0,182600
2021-12-27,17086.25,17086.25,0.0,17112.05078125,16833.19921875,16937.75,0.0,144800
2021-12-28,17233.25,17233.25,0.0,17250.25,17161.150390625,17177.599609375,0.0,176000
2021-12-29,17213.599609375,17213.599609375,0.0,17285.94921875,17176.650390625,17220.099609375,0.0,161700
2021-12-30,17203.94921875,17203.94921875,0.0,17264.05078125,17146.349609375,17201.44921875,0.0,320800
2021-12-31,17354.05078125,17354.05078125,0.0,17400.80078125,17238.5,17244.5,0.0,167000
2022-01-03,17625.69921875,17625.69921875,0.0,17646.650390625,17383.30078125,17387.150390625,0.0,200500
2022-01-04,17805.25,17805.25,0.0,17827.599609375,17593.55078125,17681.400390625,0.0,247400
2022-01-05,17925.25,17925.25,0.0,17944.69921875,17748.849609375,17820.099609375,0.0,251500
2022-01-06,17745.900390625,17745.900390625,0.0,17797.94921875,17655.55078125,17768.5,0.0,236500
2022-01-07,17812.69921875,17812.69921875,0.0,17905.0,17704.55078125,17797.599609375,0.0,239300
2022-01-10,18003.30078125,18003.30078125,0.0,18017.44921875,17879.150390625,17913.30078125,0.0,232400
2022-01-11,18055.75,18055.75,0.0,18081.25,17964.400390625,17997.75,0.0,220200
2022-01-12,18212.349609375,18212.349609375,0.0,18227.94921875,18128.80078125,18170.400390625,0.0,245000
2022-01-13,18257.80078125,18257.80078125,0.0,18272.25,18163.80078125,18257.0,0.0,303700
2022-01-14,18255.75,18255.75,0.0,18286.94921875,18119.650390625,18185.0,0.0,229500
2022-01-17,18308.099609375,18308.099609375,0.0,18321.55078125,18228.75,18235.650390625,0.0,266700
2022-01-18,18113.05078125,18113.05078125,0.0,18350.94921875,18085.900390625,18337.19921875,0.0,227500
2022-01-19,17938.400390625,17938.400390625,0.0,18129.19921875,17884.900390625,18129.19921875,0.0,276700
2022-01-20,17757.0,17757.0,0.0,17943.69921875,17648.44921875,17921.0,0.0,258100
2022-01-21,17617.150390625,17617.150390625,0.0,17707.599609375,17485.849609375,17613.69921875,0.0,277600
2022-01-24,17149.099609375,17149.099609375,0.0,17599.400390625,16997.849609375,17575.150390625,0.0,323800
2022-01-25,17277.94921875,17277.94921875,0.0,17309.150390625,16836.80078125,17001.55078125,0.0,326500
2022-01-27,17110.150390625,17110.150390625,0.0,17182.5,16866.75,17062.0,0.0,395600
2022-01-28,17101.94921875,17101.94921875,0.0,17373.5,17077.099609375,17208.30078125,0.0,355300
2022-01-31,17339.849609375,17339.849609375,0.0,17410.0,17264.150390625,17301.05078125,0.0,321700
2022-02-01,17576.849609375,17576.849609375,0.0,17622.400390625,17244.55078125,17529.44921875,0.0,386400
2022-02-02,17780.0,17780.0,0.0,17794.599609375,17674.80078125,17706.19921875,0.0,271200
2022-02-03,17560.19921875,17560.19921875,0.0,17781.150390625,17511.150390625,17767.75,0.0,226600
2022-02-04,17516.30078125,17516.30078125,0.0,17617.80078125,17462.55078125,17590.19921875,0.0,261400
2022-02-07,17213.599609375,17213.599609375,0.0,17536.75,17119.400390625,17456.30078125,0.0,265000
2022-02-08,17266.75,17266.75,0.0,17306.44921875,17043.650390625,17279.849609375,0.0,268500
2022-02-09,17463.80078125,17463.80078125,0.0,17477.150390625,17339.0,17370.099609375,0.0,236400
2022-02-10,17605.849609375,17605.849609375,0.0,17639.44921875,17427.150390625,17554.099609375,0.0,273600
2022-02-11,17374.75,17374.75,0.0,17454.75,17303.0,17451.0,0.0,253100
2022-02-14,16842.80078125,16842.80078125,0.0,17099.5,16809.650390625,17076.150390625,0.0,305500
2022-02-15,17352.44921875,17352.44921875,0.0,17375.0,16839.25,16933.25,0.0,298700
2022-02-16,17322.19921875,17322.19921875,0.0,17490.599609375,17257.69921875,17408.44921875,0.0,244500
2022-02-17,17304.599609375,17304.599609375,0.0,17442.900390625,17235.849609375,17396.55078125,0.0,232100
2022-02-18,17276.30078125,17276.30078125,0.0,17380.80078125,17219.19921875,17236.05078125,0.0,189600
2022-02-21,17206.650390625,17206.650390625,0.0,17351.05078125,17070.69921875,17192.25,0.0,215200
2022-02-22,17092.19921875,17092.19921875,0.0,17148.55078125,16843.80078125,16847.94921875,0.0,300100
2022-02-23,17063.25,17063.25,0.0,17220.69921875,17027.849609375,17194.5,0.0,200200
2022-02-24,16247.9501953125,16247.9501953125,0.0,16705.25,16203.25,16548.900390625,0.0,458000
2022-02-25,16658.400390625,16658.400390625,0.0,16748.80078125,16478.30078125,16515.650390625,0.0,329800
2022-02-28,16793.900390625,16793.900390625,0.0,16815.900390625,16356.2998046875,16481.599609375,0.0,404200
2022-03-02,16605.94921875,16605.94921875,0.0,16678.5,16478.650390625,16593.099609375,0.0,517700
2022-03-03,16498.05078125,16498.05078125,0.0,16768.94921875,16442.94921875,16723.19921875,0.0,442100
2022-03-04,16245.349609375,16245.349609375,0.0,16456.0,16133.7998046875,16339.4501953125,0.0,456100
2022-03-07,15863.150390625,15863.150390625,0.0,15944.599609375,15711.4501953125,15867.9501953125,0.0,585400
2022-03-08,16013.4501953125,16013.4501953125,0.0,16028.75,15671.4501953125,15747.75,0.0,543600
2022-03-09,16345.349609375,16345.349609375,0.0,16418.05078125,15990.0,16078.0,0.0,462200
2022-03-10,16594.900390625,16594.900390625,0.0,16757.30078125,16447.900390625,16757.099609375,0.0,486400
2022-03-11,16630.44921875,16630.44921875,0.0,16694.400390625,16470.900390625,16528.80078125,0.0,343700
2022-03-14,16871.30078125,16871.30078125,0.0,16887.94921875,16606.5,16633.69921875,0.0,314700
2022-03-15,16663.0,16663.0,0.0,16927.75,16555.0,16900.650390625,0.0,381600
2022-03-16,16975.349609375,16975.349609375,0.0,16987.900390625,16837.849609375,16876.650390625,0.0,260000
2022-03-17,17287.05078125,17287.05078125,0.0,17344.599609375,17175.75,17202.900390625,0.0,448300
2022-03-21,17117.599609375,17117.599609375,0.0,17353.349609375,17096.400390625,17329.5,0.0,285500
2022-03-22,17315.5,17315.5,0.0,17334.400390625,17006.30078125,17120.400390625,0.0,338300
2022-03-23,17245.650390625,17245.650390625,0.0,17442.400390625,17199.599609375,17405.05078125,0.0,292100
2022-03-24,17222.75,17222.75,0.0,17291.75,17091.150390625,17094.94921875,0.0,290300
2022-03-25,17153.0,17153.0,0.0,17294.900390625,17076.55078125,17289.0,0.0,237100
2022-03-28,17222.0,17222.0,0.0,17235.099609375,17003.900390625,17181.849609375,0.0,253200
2022-03-29,17325.30078125,17325.30078125,0.0,17343.650390625,17235.69921875,17297.19921875,0.0,235100
2022-03-30,17498.25,17498.25,0.0,17522.5,17387.19921875,17468.150390625,0.0,505000
2022-03-31,17464.75,17464.75,0.0,17559.80078125,17435.19921875,17519.19921875,0.0,281100
2022-04-01,17670.44921875,17670.44921875,0.0,17703.69921875,17422.69921875,17436.900390625,0.0,291800
2022-04-04,18053.400390625,18053.400390625,0.0,18114.650390625,17791.400390625,17809.099609375,0.0,345500
2022-04-05,17957.400390625,17957.400390625,0.0,18095.44921875,17921.55078125,18080.599609375,0.0,283500
2022-04-06,17807.650390625,17807.650390625,0.0,17901.0,17779.849609375,17842.75,0.0,328800
2022-04-07,17639.55078125,17639.55078125,0.0,17787.5,17623.69921875,17723.30078125,0.0,308800
2022-04-08,17784.349609375,17784.349609375,0.0,17842.75,17600.55078125,17698.150390625,0.0,274400
2022-04-11,17674.94921875,17674.94921875,0.0,17779.05078125,17650.94921875,17740.900390625,0.0,251700
2022-04-12,17530.30078125,17530.30078125,0.0,17595.30078125,17442.349609375,17584.849609375,0.0,266000
2022-04-13,17475.650390625,17475.650390625,0.0,17663.650390625,17457.400390625,17599.900390625,0.0,245100
2022-04-18,17173.650390625,17173.650390625,0.0,17237.75,17067.849609375,17183.44921875,0.0,376100
2022-04-19,16958.650390625,16958.650390625,0.0,17275.650390625,16824.69921875,17258.94921875,0.0,401400
2022-04-20,17136.55078125,17136.55078125,0.0,17186.900390625,16978.94921875,17045.25,0.0,286100
2022-04-21,17392.599609375,17392.599609375,0.0,17414.69921875,17215.5,17234.599609375,0.0,285200
2022-04-22,17171.94921875,17171.94921875,0.0,17315.30078125,17149.19921875,17242.75,0.0,262700
2022-04-25,16953.94921875,16953.94921875,0.0,17054.30078125,16888.69921875,17009.05078125,0.0,275700
2022-04-26,17200.80078125,17200.80078125,0.0,17223.849609375,17064.44921875,17121.30078125,0.0,261100
2022-04-27,17038.400390625,17038.400390625,0.0,17110.69921875,16958.44921875,17073.349609375,0.0,265100
2022-04-28,17245.05078125,17245.05078125,0.0,17322.5,17071.05078125,17189.5,0.0,312900
2022-04-29,17102.55078125,17102.55078125,0.0,17377.650390625,17053.25,17329.25,0.0,336200
2022-05-02,17069.099609375,17069.099609375,0.0,17092.25,16917.25,16924.44921875,0.0,278200
2022-05-04,16677.599609375,16677.599609375,0.0,17132.849609375,16623.94921875,17096.599609375,0.0,310600
2022-05-05,16682.650390625,16682.650390625,0.0,16945.69921875,16651.849609375,16854.75,0.0,265800
2022-05-06,16411.25,16411.25,0.0,16484.19921875,16340.900390625,16415.55078125,0.0,300500
2022-05-09,16301.849609375,16301.849609375,0.0,16403.69921875,16142.099609375,16227.7001953125,0.0,288400
2022-05-10,16240.0498046875,16240.0498046875,0.0,16404.55078125,16197.2998046875,16248.900390625,0.0,283100
2022-05-11,16167.099609375,16167.099609375,0.0,16318.75,15992.599609375,16270.0498046875,0.0,284300
2022-05-12,15808.0,15808.0,0.0,16041.9501953125,15735.75,16021.099609375,0.0,314900
2022-05-13,15782.150390625,15782.150390625,0.0,16083.599609375,15740.849609375,15977.0,0.0,369100
2022-05-16,15842.2998046875,15842.2998046875,0.0,15977.9501953125,15739.650390625,15845.099609375,0.0,217600
2022-05-17,16259.2998046875,16259.2998046875,0.0,16284.25,15900.7998046875,15912.599609375,0.0,295700
2022-05-18,16240.2998046875,16240.2998046875,0.0,16399.80078125,16211.2001953125,16318.150390625,0.0,290400
2022-05-19,15809.400390625,15809.400390625,0.0,15984.75,15775.2001953125,15917.400390625,0.0,313900
2022-05-20,16266.150390625,16266.150390625,0.0,16283.0498046875,16003.849609375,16043.7998046875,0.0,252400
2022-05-23,16214.7001953125,16214.7001953125,0.0,16414.69921875,16185.75,16290.9501953125,0.0,293800
2022-05-24,16125.150390625,16125.150390625,0.0,16262.7998046875,16078.599609375,16225.5498046875,0.0,249800
2022-05-25,16025.7998046875,16025.7998046875,0.0,16223.349609375,16006.9501953125,16196.349609375,0.0,243300
2022-05-26,16170.150390625,16170.150390625,0.0,16204.4501953125,15903.7001953125,16105.0,0.0,314300
2022-05-27,16352.4501953125,16352.4501953125,0.0,16370.599609375,16221.9501953125,16296.599609375,0.0,274100
2022-05-30,16661.400390625,16661.400390625,0.0,16695.5,16506.150390625,16527.900390625,0.0,251400
2022-05-31,16584.55078125,16584.55078125,0.0,16690.75,16521.900390625,16578.44921875,0.0,651600
2022-06-01,16522.75,16522.75,0.0,16649.19921875,16438.849609375,16594.400390625,0.0,249600
2022-06-02,16628.0,16628.0,0.0,16646.400390625,16443.05078125,16481.650390625,0.0,236000
2022-06-03,16584.30078125,16584.30078125,0.0,16793.849609375,16567.900390625,16761.650390625,0.0,245500
2022-06-06,16569.55078125,16569.55078125,0.0,16610.94921875,16444.55078125,16530.69921875,0.0,233600
2022-06-07,16416.349609375,16416.349609375,0.0,16487.25,16347.099609375,16469.599609375,0.0,233800
2022-06-08,16356.25,16356.25,0.0,16514.30078125,16293.349609375,16474.94921875,0.0,243500
2022-06-09,16478.099609375,16478.099609375,0.0,16492.80078125,16243.849609375,16263.849609375,0.0,205000
2022-06-10,16201.7998046875,16201.7998046875,0.0,16324.7001953125,16172.599609375,16283.9501953125,0.0,189700
2022-06-13,15774.400390625,15774.400390625,0.0,15886.150390625,15684.0,15877.5498046875,0.0,225500
2022-06-14,15732.099609375,15732.099609375,0.0,15858.0,15659.4501953125,15674.25,0.0,225400
2022-06-15,15692.150390625,15692.150390625,0.0,15783.650390625,15678.900390625,15729.25,0.0,183000
2022-06-16,15360.599609375,15360.599609375,0.0,15863.150390625,15335.099609375,15832.25,0.0,264700
2022-06-17,15293.5,15293.5,0.0,15400.400390625,15183.400390625,15272.650390625,0.0,342600
2022-06-20,15350.150390625,15350.150390625,0.0,15382.5,15191.099609375,15334.5,0.0,260000
2022-06-21,15638.7998046875,15638.7998046875,0.0,15707.25,15419.849609375,15455.9501953125,0.0,262800
2022-06-22,15413.2998046875,15413.2998046875,0.0,15565.400390625,15385.9501953125,15545.650390625,0.0,220900
2022-06-23,15556.650390625,15556.650390625,0.0,15628.4501953125,15367.5,15451.5498046875,0.0,259200
2022-06-24,15699.25,15699.25,0.0,15749.25,15619.4501953125,15657.400390625,0.0,219600
2022-06-27,15832.0498046875,15832.0498046875,0.0,15927.4501953125,15815.5,15926.2001953125,0.0,210900
2022-06-28,15850.2001953125,15850.2001953125,0.0,15892.099609375,15710.150390625,15757.4501953125,0.0,251900
2022-06-29,15799.099609375,15799.099609375,0.0,15861.599609375,15687.7998046875,15701.7001953125,0.0,444900
2022-06-30,15780.25,15780.25,0.0,15890.0,15728.849609375,15774.5,0.0,306000
2022-07-01,15752.0498046875,15752.0498046875,0.0,15793.9501953125,15511.0498046875,15703.7001953125,0.0,364100
2022-07-04,15835.349609375,15835.349609375,0.0,15852.349609375,15661.7998046875,15710.5,0.0,304300
2022-07-05,15810.849609375,15810.849609375,0.0,16025.75,15785.4501953125,15909.150390625,0.0,254200
2022-07-06,15989.7998046875,15989.7998046875,0.0,16011.349609375,15800.900390625,15818.2001953125,0.0,288400
2022-07-07,16132.900390625,16132.900390625,0.0,16150.5,16045.9501953125,16113.75,0.0,264600
2022-07-08,16220.599609375,16220.599609375,0.0,16275.5,16157.900390625,16273.650390625,0.0,281100
2022-07-11,16216.0,16216.0,0.0,16248.5498046875,16115.5,16136.150390625,0.0,255900
2022-07-12,16058.2998046875,16058.2998046875,0.0,16158.75,16031.150390625,16126.2001953125,0.0,208600
2022-07-13,15966.650390625,15966.650390625,0.0,16140.0,15950.150390625,16128.2001953125,0.0,233300
2022-07-14,15938.650390625,15938.650390625,0.0,16070.849609375,15858.2001953125,16018.849609375,0.0,228600
2022-07-15,16049.2001953125,16049.2001953125,0.0,16066.9501953125,15927.2998046875,16010.7998046875,0.0,205800
2022-07-18,16278.5,16278.5,0.0,16287.9501953125,16142.2001953125,16151.400390625,0.0,227700
2022-07-19,16340.5498046875,16340.5498046875,0.0,16359.5,16187.0498046875,16187.0498046875,0.0,222600
2022-07-20,16520.849609375,16520.849609375,0.0,16588.0,16490.94921875,16562.80078125,0.0,284400
2022-07-21,16605.25,16605.25,0.0,16626.94921875,16483.900390625,16523.55078125,0.0,243600
2022-07-22,16719.44921875,16719.44921875,0.0,16752.25,16610.900390625,16661.25,0.0,190900
2022-07-25,16631.0,16631.0,0.0,16706.05078125,16564.25,16662.55078125,0.0,211400
2022-07-26,16483.849609375,16483.849609375,0.0,16636.099609375,16463.30078125,16632.900390625,0.0,208200
2022-07-27,16641.80078125,16641.80078125,0.0,16653.44921875,16438.75,16475.349609375,0.0,185200
2022-07-28,16929.599609375,16929.599609375,0.0,16947.650390625,16746.25,16774.849609375,0.0,376300
2022-07-29,17158.25,17158.25,0.0,17172.80078125,17018.150390625,17079.5,0.0,436100
2022-08-01,17340.05078125,17340.05078125,0.0,17356.25,17154.80078125,17243.19921875,0.0,381500
2022-08-02,17345.44921875,17345.44921875,0.0,17390.150390625,17215.849609375,17310.150390625,0.0,333600
2022-08-03,17388.150390625,17388.150390625,0.0,17407.5,17225.849609375,17349.25,0.0,285400
2022-08-04,17382.0,17382.0,0.0,17490.69921875,17161.25,17463.099609375,0.0,325000
2022-08-05,17397.5,17397.5,0.0,17474.400390625,17348.75,17423.650390625,0.0,355300
2022-08-08,17525.099609375,17525.099609375,0.0,17548.80078125,17359.75,17401.5,0.0,257000
2022-08-10,17534.75,17534.75,0.0,17566.099609375,17442.80078125,17566.099609375,0.0,312700
2022-08-11,17659.0,17659.0,0.0,17719.30078125,17631.94921875,17711.650390625,0.0,311200
2022-08-12,17698.150390625,17698.150390625,0.0,17724.650390625,17597.849609375,17659.650390625,0.0,303900
2022-08-16,17825.25,17825.25,0.0,17839.099609375,17764.05078125,17797.19921875,0.0,0
2022-08-17,17944.25,17944.25,0.0,17965.94921875,17833.349609375,17868.150390625,0.0,262800
2022-08-18,17956.5,17956.5,0.0,17968.44921875,17852.05078125,17898.650390625,0.0,263900
2022-08-19,17758.44921875,17758.44921875,0.0,17992.19921875,17710.75,17966.55078125,0.0,295600
2022-08-22,17490.69921875,17490.69921875,0.0,17690.05078125,17467.349609375,17682.900390625,0.0,287600
2022-08-23,17577.5,17577.5,0.0,17625.55078125,17345.19921875,17357.349609375,0.0,285600
2022-08-24,17604.94921875,17604.94921875,0.0,17623.650390625,17499.25,17525.44921875,0.0,262000
2022-08-25,17522.44921875,17522.44921875,0.0,17726.5,17487.44921875,17679.0,0.0,230200
2022-08-26,17558.900390625,17558.900390625,0.0,17685.849609375,17519.349609375,17619.30078125,0.0,266600
2022-08-29,17312.900390625,17312.900390625,0.0,17380.150390625,17166.19921875,17188.650390625,0.0,244900
2022-08-30,17759.30078125,17759.30078125,0.0,17777.650390625,17401.5,17414.94921875,0.0,324700
2022-09-01,17542.80078125,17542.80078125,0.0,17695.599609375,17468.44921875,17485.69921875,0.0,308500
2022-09-02,17539.44921875,17539.44921875,0.0,17643.849609375,17476.44921875,17598.400390625,0.0,256300
2022-09-05,17665.80078125,17665.80078125,0.0,17683.150390625,17540.349609375,17546.44921875,0.0,230300
2022-09-06,17655.599609375,17655.599609375,0.0,17764.650390625,17587.650390625,17695.69921875,0.0,251200
2022-09-07,17624.400390625,17624.400390625,0.0,17650.75,17484.30078125,17519.400390625,0.0,354100
2022-09-08,17798.75,17798.75,0.0,17807.650390625,17691.94921875,17748.150390625,0.0,279800
2022-09-09,17833.349609375,17833.349609375,0.0,17925.94921875,17786.0,17923.349609375,0.0,270300
2022-09-12,17936.349609375,17936.349609375,0.0,17980.55078125,17889.150390625,17890.849609375,0.0,228200
2022-09-13,18070.05078125,18070.05078125,0.0,18088.30078125,18015.44921875,18044.44921875,0.0,259900
2022-09-14,18003.75,18003.75,0.0,18091.55078125,17771.150390625,17771.150390625,0.0,365900
2022-09-15,17877.400390625,17877.400390625,0.0,18096.150390625,17861.5,18046.349609375,0.0,289600
2022-09-16,17530.849609375,17530.849609375,0.0,17820.05078125,17497.25,17796.80078125,0.0,468500
2022-09-19,17622.25,17622.25,0.0,17667.19921875,17429.69921875,17540.650390625,0.0,258300
2022-09-20,17816.25,17816.25,0.0,17919.30078125,17744.400390625,17770.400390625,0.0,263100
2022-09-21,17718.349609375,17718.349609375,0.0,17838.69921875,17663.599609375,17766.349609375,0.0,245500
2022-09-22,17629.80078125,17629.80078125,0.0,17722.75,17532.44921875,17609.650390625,0.0,284100
2022-09-23,17327.349609375,17327.349609375,0.0,17642.150390625,17291.650390625,17593.849609375,0.0,390800
2022-09-26,17016.30078125,17016.30078125,0.0,17196.400390625,16978.30078125,17156.30078125,0.0,492000
2022-09-27,17007.400390625,17007.400390625,0.0,17176.44921875,16942.349609375,17110.900390625,0.0,359900
2022-09-28,16858.599609375,16858.599609375,0.0,17037.599609375,16820.400390625,16870.55078125,0.0,323900
2022-09-29,16818.099609375,16818.099609375,0.0,17026.05078125,16788.599609375,16993.599609375,0.0,340000
2022-09-30,17094.349609375,17094.349609375,0.0,17187.099609375,16747.69921875,16798.05078125,0.0,376100
2022-10-03,16887.349609375,16887.349609375,0.0,17114.650390625,16855.55078125,17102.099609375,0.0,278400
2022-10-04,17274.30078125,17274.30078125,0.0,17287.30078125,17117.30078125,17147.44921875,0.0,226000
2022-10-06,17331.80078125,17331.80078125,0.0,17428.80078125,17315.650390625,17379.25,0.0,265500
2022-10-07,17314.650390625,17314.650390625,0.0,17337.349609375,17216.94921875,17287.19921875,0.0,216300
2022-10-10,17241.0,17241.0,0.0,17280.150390625,17064.69921875,17094.349609375,0.0,234000
2022-10-11,16983.55078125,16983.55078125,0.0,17261.80078125,16950.30078125,17256.05078125,0.0,282600
2022-10-12,17123.599609375,17123.599609375,0.0,17142.349609375,16960.05078125,17025.55078125,0.0,256000
2022-10-13,17014.349609375,17014.349609375,0.0,17112.349609375,16956.94921875,17087.349609375,0.0,266400
2022-10-14,17185.69921875,17185.69921875,0.0,17348.55078125,17169.75,17322.30078125,0.0,227000
2022-10-17,17311.80078125,17311.80078125,0.0,17328.55078125,17098.55078125,17144.80078125,0.0,212200
2022-10-18,17486.94921875,17486.94921875,0.0,17527.80078125,17434.05078125,17438.75,0.0,239500
2022-10-19,17512.25,17512.25,0.0,17607.599609375,17472.849609375,17568.150390625,0.0,210500
2022-10-20,17563.94921875,17563.94921875,0.0,17584.150390625,17421.0,17423.099609375,0.0,249600
2022-10-21,17576.30078125,17576.30078125,0.0,17670.150390625,17520.75,17622.849609375,0.0,277700
2022-10-24,17730.75,17730.75,0.0,17777.55078125,17707.400390625,17736.349609375,0.0,45000
2022-10-25,17656.349609375,17656.349609375,0.0,17811.5,17637.0,17808.30078125,0.0,251400
2022-10-27,17736.94921875,17736.94921875,0.0,17783.900390625,17654.5,17771.400390625,0.0,324600
2022-10-28,17786.80078125,17786.80078125,0.0,17838.900390625,17723.69921875,17756.400390625,0.0,250000
2022-10-31,18012.19921875,18012.19921875,0.0,18022.80078125,17899.900390625,17910.19921875,0.0,227200
2022-11-01,18145.400390625,18145.400390625,0.0,18175.80078125,18060.150390625,18130.69921875,0.0,349900
2022-11-02,18082.849609375,18082.849609375,0.0,18178.75,18048.650390625,18177.900390625,0.0,270900
2022-11-03,18052.69921875,18052.69921875,0.0,18106.30078125,17959.19921875,17968.349609375,0.0,213000
2022-11-04,18117.150390625,18117.150390625,0.0,18135.099609375,18017.150390625,18053.400390625,0.0,267900
2022-11-07,18202.80078125,18202.80078125,0.0,18255.5,18064.75,18211.75,0.0,314800
2022-11-09,18157.0,18157.0,0.0,18296.400390625,18117.5,18288.25,0.0,307200
2022-11-10,18028.19921875,18028.19921875,0.0,18103.099609375,17969.400390625,18044.349609375,0.0,256500
2022-11-11,18349.69921875,18349.69921875,0.0,18362.30078125,18259.349609375,18272.349609375,0.0,378500
2022-11-14,18329.150390625,18329.150390625,0.0,18399.44921875,18311.400390625,18376.400390625,0.0,301400
2022-11-15,18403.400390625,18403.400390625,0.0,18427.94921875,18282.0,18362.75,0.0,250900
2022-11-16,18409.650390625,18409.650390625,0.0,18442.150390625,18344.150390625,18398.25,0.0,219300
2022-11-17,18343.900390625,18343.900390625,0.0,18417.599609375,18312.94921875,18358.69921875,0.0,200500
2022-11-18,18307.650390625,18307.650390625,0.0,18394.599609375,18209.80078125,18382.94921875,0.0,198800
2022-11-21,18159.94921875,18159.94921875,0.0,18262.30078125,18133.349609375,18246.400390625,0.0,213800
2022-11-22,18244.19921875,18244.19921875,0.0,18261.849609375,18137.69921875,18179.150390625,0.0,177700
2022-11-23,18267.25,18267.25,0.0,18325.400390625,18246.0,18325.19921875,0.0,178800
2022-11-24,18484.099609375,18484.099609375,0.0,18529.69921875,18294.25,18326.099609375,0.0,204000
2022-11-25,18512.75,18512.75,0.0,18534.900390625,18445.099609375,18528.44921875,0.0,205900
2022-11-28,18562.75,18562.75,0.0,18614.25,18365.599609375,18430.55078125,0.0,206500
2022-11-29,18618.05078125,18618.05078125,0.0,18678.099609375,18552.150390625,18552.44921875,0.0,195300
2022-11-30,18758.349609375,18758.349609375,0.0,18816.05078125,18616.55078125,18625.69921875,0.0,345600
2022-12-01,18812.5,18812.5,0.0,18887.599609375,18778.19921875,18871.94921875,0.0,325000
2022-12-02,18696.099609375,18696.099609375,0.0,18781.94921875,18639.19921875,18752.400390625,0.0,254400
2022-12-05,18701.05078125,18701.05078125,0.0,18728.599609375,18591.349609375,18719.55078125,0.0,288400
2022-12-06,18642.75,18642.75,0.0,18654.900390625,18577.900390625,18600.650390625,0.0,217800
2022-12-07,18560.5,18560.5,0.0,18668.30078125,18528.400390625,18638.849609375,0.0,200500
2022-12-08,18609.349609375,18609.349609375,0.0,18625.0,18536.94921875,18570.849609375,0.0,202800
2022-12-09,18496.599609375,18496.599609375,0.0,18664.69921875,18410.099609375,18662.400390625,0.0,215800
2022-12-12,18497.150390625,18497.150390625,0.0,18521.55078125,18345.69921875,18402.150390625,0.0,193900
2022-12-13,18608.0,18608.0,0.0,18617.25,18490.19921875,18524.400390625,0.0,187600
2022-12-14,18660.30078125,18660.30078125,0.0,18696.099609375,18632.900390625,18671.25,0.0,208000
2022-12-15,18414.900390625,18414.900390625,0.0,18652.900390625,18387.69921875,18614.400390625,0.0,183100
2022-12-16,18269.0,18269.0,0.0,18440.94921875,18255.150390625,18319.099609375,0.0,277700
2022-12-19,18420.44921875,18420.44921875,0.0,18431.650390625,18244.55078125,18288.099609375,0.0,154800
2022-12-20,18385.30078125,18385.30078125,0.0,18404.900390625,18202.650390625,18340.30078125,0.0,169000
2022-12-21,18199.099609375,18199.099609375,0.0,18473.349609375,18162.75,18435.150390625,0.0,187600
2022-12-22,18127.349609375,18127.349609375,0.0,18318.75,18068.599609375,18288.80078125,0.0,195700
2022-12-23,17806.80078125,17806.80078125,0.0,18050.44921875,17779.5,17977.650390625,0.0,221500
2022-12-26,18014.599609375,18014.599609375,0.0,18084.099609375,17774.25,17830.400390625,0.0,176700
2022-12-27,18132.30078125,18132.30078125,0.0,18149.25,17967.44921875,18089.80078125,0.0,214300
2022-12-28,18122.5,18122.5,0.0,18173.099609375,18068.349609375,18084.75,0.0,193900
2022-12-29,18191.0,18191.0,0.0,18229.69921875,17992.80078125,18045.69921875,0.0,281100
2022-12-30,18105.30078125,18105.30078125,0.0,18265.25,18080.30078125,18259.099609375,0.0,192000
2023-01-02,18197.44921875,18197.44921875,0.0,18215.150390625,18086.5,18131.69921875,0.0,256100
2023-01-03,18232.55078125,18232.55078125,0.0,18251.94921875,18149.80078125,18163.19921875,0.0,208700
2023-01-04,18042.94921875,18042.94921875,0.0,18243.0,18020.599609375,18230.650390625,0.0,235200
2023-01-05,17992.150390625,17992.150390625,0.0,18120.30078125,17892.599609375,18101.94921875,0.0,269900
2023-01-06,17859.44921875,17859.44921875,0.0,18047.400390625,17795.55078125,18008.05078125,0.0,238200
2023-01-09,18101.19921875,18101.19921875,0.0,18141.400390625,17936.150390625,17952.55078125,0.0,257200
2023-01-10,17914.150390625,17914.150390625,0.0,18127.599609375,17856.0,18121.30078125,0.0,283300
2023-01-11,17895.69921875,17895.69921875,0.0,17976.349609375,17824.349609375,17924.25,0.0,259900
2023-01-12,17858.19921875,17858.19921875,0.0,17945.80078125,17761.650390625,17920.849609375,0.0,227800
2023-01-13,17956.599609375,17956.599609375,0.0,17999.349609375,17774.25,17867.5,0.0,256700
2023-01-16,17894.849609375,17894.849609375,0.0,18049.650390625,17853.650390625,18033.150390625,0.0,206200
2023-01-17,18053.30078125,18053.30078125,0.0,18072.05078125,17886.94921875,17922.80078125,0.0,219100
2023-01-18,18165.349609375,18165.349609375,0.0,18183.75,18032.44921875,18074.30078125,0.0,255800
2023-01-19,18107.849609375,18107.849609375,0.0,18155.19921875,18063.75,18119.80078125,0.0,237800
2023-01-20,18027.650390625,18027.650390625,0.0,18145.44921875,18016.19921875,18115.599609375,0.0,237200
2023-01-23,18118.55078125,18118.55078125,0.0,18162.599609375,18063.44921875,18118.44921875,0.0,202500
2023-01-24,18118.30078125,18118.30078125,0.0,18201.25,18078.650390625,18183.94921875,0.0,216900
2023-01-25,17891.94921875,17891.94921875,0.0,18100.599609375,17846.150390625,18093.349609375,0.0,257200
2023-01-27,17604.349609375,17604.349609375,0.0,17884.75,17493.55078125,17877.19921875,0.0,476300
2023-01-30,17648.94921875,17648.94921875,0.0,17709.150390625,17405.55078125,17541.94921875,0.0,432400
2023-01-31,17662.150390625,17662.150390625,0.0,17735.69921875,17537.55078125,17731.44921875,0.0,398300
2023-02-01,17616.30078125,17616.30078125,0.0,17972.19921875,17353.400390625,17811.599609375,0.0,512900
2023-02-02,17610.400390625,17610.400390625,0.0,17653.900390625,17445.94921875,17517.099609375,0.0,490100
2023-02-03,17854.05078125,17854.05078125,0.0,17870.30078125,17584.19921875,17721.75,0.0,424100
2023-02-06,17764.599609375,17764.599609375,0.0,17823.69921875,17698.349609375,17818.55078125,0.0,282500
2023-02-07,17721.5,17721.5,0.0,17811.150390625,17652.55078125,17790.099609375,0.0,354400
2023-02-08,17871.69921875,17871.69921875,0.0,17898.69921875,17744.150390625,17750.30078125,0.0,291000
2023-02-09,17893.44921875,17893.44921875,0.0,17916.900390625,17779.80078125,17885.5,0.0,260900
2023-02-10,17856.5,17856.5,0.0,17876.94921875,17801.0,17847.55078125,0.0,232000
2023-02-13,17770.900390625,17770.900390625,0.0,17880.69921875,17719.75,17859.099609375,0.0,231300
2023-02-14,17929.849609375,17929.849609375,0.0,17954.55078125,17800.05078125,17840.349609375,0.0,244500
2023-02-15,18015.849609375,18015.849609375,0.0,18034.099609375,17853.80078125,17896.599609375,0.0,229300
2023-02-16,18035.849609375,18035.849609375,0.0,18134.75,18000.650390625,18094.75,0.0,230200
2023-02-17,17944.19921875,17944.19921875,0.0,18034.25,17884.599609375,17974.849609375,0.0,208100
2023-02-20,17844.599609375,17844.599609375,0.0,18004.349609375,17818.400390625,17965.55078125,0.0,174600
2023-02-21,17826.69921875,17826.69921875,0.0,17924.900390625,17800.30078125,17905.80078125,0.0,198200
2023-02-22,17554.30078125,17554.30078125,0.0,17772.5,17529.44921875,17755.349609375,0.0,204000
2023-02-23,17511.25,17511.25,0.0,17620.05078125,17455.400390625,17574.650390625,0.0,240800
2023-02-24,17465.80078125,17465.80078125,0.0,17599.75,17421.80078125,17591.349609375,0.0,209400
2023-02-27,17392.69921875,17392.69921875,0.0,17451.599609375,17299.0,17428.599609375,0.0,246400
2023-02-28,17303.94921875,17303.94921875,0.0,17440.44921875,17255.19921875,17383.25,0.0,420900
2023-03-01,17450.900390625,17450.900390625,0.0,17467.75,17345.25,17360.099609375,0.0,272900
2023-03-02,17321.900390625,17321.900390625,0.0,17445.80078125,17306.0,17421.5,0.0,310700
2023-03-03,17594.349609375,17594.349609375,0.0,17644.75,17427.69921875,17451.25,0.0,356200
2023-03-06,17711.44921875,17711.44921875,0.0,17799.94921875,17671.94921875,17680.349609375,0.0,362800
2023-03-08,17754.400390625,17754.400390625,0.0,17766.5,17602.25,17665.75,0.0,267000
2023-03-09,17589.599609375,17589.599609375,0.0,17772.349609375,17573.599609375,17772.05078125,0.0,262400
2023-03-10,17412.900390625,17412.900390625,0.0,17451.5,17324.349609375,17443.80078125,0.0,235900
2023-03-13,17154.30078125,17154.30078125,0.0,17529.900390625,17113.44921875,17421.900390625,0.0,254900
2023-03-14,17043.30078125,17043.30078125,0.0,17224.650390625,16987.099609375,17160.55078125,0.0,290600
2023-03-15,16972.150390625,16972.150390625,0.0,17211.349609375,16938.900390625,17166.44921875,0.0,248200
2023-03-16,16985.599609375,16985.599609375,0.0,17062.44921875,16850.150390625,16994.650390625,0.0,349800
2023-03-17,17100.05078125,17100.05078125,0.0,17145.80078125,16958.150390625,17111.80078125,0.0,408100
2023-03-20,16988.400390625,16988.400390625,0.0,17066.599609375,16828.349609375,17066.599609375,0.0,241800
2023-03-21,17107.5,17107.5,0.0,17127.69921875,17016.0,17060.400390625,0.0,246700
2023-03-22,17151.900390625,17151.900390625,0.0,17207.25,17107.849609375,17177.44921875,0.0,0
2023-03-23,17076.900390625,17076.900390625,0.0,17205.400390625,17045.30078125,17097.400390625,0.0,219200
2023-03-24,16945.05078125,16945.05078125,0.0,17109.44921875,16917.349609375,17076.19921875,0.0,228000
2023-03-27,16985.69921875,16985.69921875,0.0,17091.0,16918.55078125,16984.30078125,0.0,218400
2023-03-28,16951.69921875,16951.69921875,0.0,17061.75,16913.75,17031.75,0.0,238800
2023-03-29,17080.69921875,17080.69921875,0.0,17126.150390625,16940.599609375,16977.30078125,0.0,345900
2023-03-31,17359.75,17359.75,0.0,17381.599609375,17204.650390625,17210.349609375,0.0,263900
2023-04-03,17398.05078125,17398.05078125,0.0,17428.05078125,17312.75,17427.94921875,0.0,230200
2023-04-05,17557.05078125,17557.05078125,0.0,17570.55078125,17402.69921875,17422.30078125,0.0,248300
2023-04-06,17599.150390625,17599.150390625,0.0,17638.69921875,17502.849609375,17533.849609375,0.0,242700
2023-04-10,17624.05078125,17624.05078125,0.0,17694.099609375,17597.94921875,17634.900390625,0.0,254800
2023-04-11,17722.30078125,17722.30078125,0.0,17748.75,17655.150390625,17704.80078125,0.0,304300
2023-04-12,17812.400390625,17812.400390625,0.0,17825.75,17717.25,17759.55078125,0.0,232800
2023-04-13,17828.0,17828.0,0.0,17842.150390625,17729.650390625,17807.30078125,0.0,285800
2023-04-17,17706.849609375,17706.849609375,0.0,17863.0,17574.05078125,17863.0,0.0,357400
2023-04-18,17660.150390625,17660.150390625,0.0,17766.599609375,17610.19921875,17766.599609375,0.0,258900
2023-04-19,17618.75,17618.75,0.0,17666.150390625,17579.849609375,17653.349609375,0.0,281500
2023-04-20,17624.44921875,17624.44921875,0.0,17684.44921875,17584.349609375,17638.599609375,0.0,215100
2023-04-21,17624.05078125,17624.05078125,0.0,17663.19921875,17553.94921875,17639.75,0.0,230200
2023-04-24,17743.400390625,17743.400390625,0.0,17754.5,17612.5,17707.55078125,0.0,255700
2023-04-25,17769.25,17769.25,0.0,17807.44921875,17716.849609375,17761.55078125,0.0,297400
2023-04-26,17813.599609375,17813.599609375,0.0,17827.75,17711.19921875,17767.30078125,0.0,233000
2023-04-27,17915.05078125,17915.05078125,0.0,17931.599609375,17797.900390625,17813.099609375,0.0,241400
2023-04-28,18065.0,18065.0,0.0,18089.150390625,17885.30078125,17950.400390625,0.0,290300
2023-05-02,18147.650390625,18147.650390625,0.0,18180.25,18101.75,18124.80078125,0.0,265200
2023-05-03,18089.849609375,18089.849609375,0.0,18116.349609375,18042.400390625,18113.80078125,0.0,226200
2023-05-04,18255.80078125,18255.80078125,0.0,18267.44921875,18066.69921875,18081.0,0.0,226600
2023-05-05,18069.0,18069.0,0.0,18216.94921875,18055.44921875,18117.30078125,0.0,239700
2023-05-08,18264.400390625,18264.400390625,0.0,18286.94921875,18100.30078125,18120.599609375,0.0,228400
2023-05-09,18265.94921875,18265.94921875,0.0,18344.19921875,18229.650390625,18303.400390625,0.0,245400
2023-05-10,18315.099609375,18315.099609375,0.0,18326.75,18211.94921875,18313.599609375,0.0,220500
2023-05-11,18297.0,18297.0,0.0,18389.69921875,18270.400390625,18357.80078125,0.0,248900
2023-05-12,18314.80078125,18314.80078125,0.0,18342.75,18194.55078125,18273.75,0.0,241700
2023-05-15,18398.849609375,18398.849609375,0.0,18458.900390625,18287.900390625,18339.30078125,0.0,216100
2023-05-16,18286.5,18286.5,0.0,18432.349609375,18264.349609375,18432.349609375,0.0,219500
2023-05-17,18181.75,18181.75,0.0,18309.0,18115.349609375,18300.44921875,0.0,229900
2023-05-18,18129.94921875,18129.94921875,0.0,18297.19921875,18104.849609375,18287.5,0.0,272100
2023-05-19,18203.400390625,18203.400390625,0.0,18218.099609375,18060.400390625,18186.150390625,0.0,260900
2023-05-22,18314.400390625,18314.400390625,0.0,18335.25,18178.849609375,18201.099609375,0.0,262600
2023-05-23,18348.0,18348.0,0.0,18419.75,18324.19921875,18362.900390625,0.0,270400
2023-05-24,18285.400390625,18285.400390625,0.0,18392.599609375,18262.94921875,18294.80078125,0.0,232600
2023-05-25,18321.150390625,18321.150390625,0.0,18338.099609375,18202.400390625,18268.900390625,0.0,235900
2023-05-26,18499.349609375,18499.349609375,0.0,18508.55078125,18333.150390625,18368.349609375,0.0,198700
2023-05-29,18598.650390625,18598.650390625,0.0,18641.19921875,18581.25,18619.150390625,0.0,265300
2023-05-30,18633.849609375,18633.849609375,0.0,18662.44921875,18575.5,18606.650390625,0.0,234400
2023-05-31,18534.400390625,18534.400390625,0.0,18603.900390625,18483.849609375,18594.19921875,0.0,696500
2023-06-01,18487.75,18487.75,0.0,18580.30078125,18464.55078125,18579.400390625,0.0,265600
2023-06-02,18534.099609375,18534.099609375,0.0,18573.69921875,18478.400390625,18550.849609375,0.0,270900
2023-06-05,18593.849609375,18593.849609375,0.0,18640.150390625,18582.80078125,18612.0,0.0,256100
2023-06-06,18599.0,18599.0,0.0,18622.75,18531.599609375,18600.80078125,0.0,220800
2023-06-07,18726.400390625,18726.400390625,0.0,18738.94921875,18636.0,18665.599609375,0.0,260100
2023-06-08,18634.55078125,18634.55078125,0.0,18777.900390625,18615.599609375,18725.349609375,0.0,286500
2023-06-09,18563.400390625,18563.400390625,0.0,18676.650390625,18555.400390625,18655.900390625,0.0,221800
2023-06-12,18601.5,18601.5,0.0,18633.599609375,18559.75,18595.05078125,0.0,179500
2023-06-13,18716.150390625,18716.150390625,0.0,18728.900390625,18631.80078125,18631.80078125,0.0,233200
2023-06-14,18755.900390625,18755.900390625,0.0,18769.69921875,18690.0,18744.599609375,0.0,261400
2023-06-15,18688.099609375,18688.099609375,0.0,18794.099609375,18669.05078125,18774.44921875,0.0,263000
2023-06-16,18826.0,18826.0,0.0,18864.69921875,18710.5,18723.30078125,0.0,272800
2023-06-19,18755.44921875,18755.44921875,0.0,18881.44921875,18719.150390625,18873.30078125,0.0,219800
2023-06-20,18816.69921875,18816.69921875,0.0,18839.69921875,18660.650390625,18752.349609375,0.0,211600
2023-06-21,18856.849609375,18856.849609375,0.0,18875.900390625,18794.849609375,18849.400390625,0.0,217500
2023-06-22,18771.25,18771.25,0.0,18886.599609375,18759.5,18853.599609375,0.0,252700
2023-06-23,18665.5,18665.5,0.0,18756.400390625,18647.099609375,18741.849609375,0.0,210600
2023-06-26,18691.19921875,18691.19921875,0.0,18722.05078125,18646.69921875,18682.349609375,0.0,171300
2023-06-27,18817.400390625,18817.400390625,0.0,18829.25,18714.25,18748.55078125,0.0,222500
2023-06-28,18972.099609375,18972.099609375,0.0,19011.25,18861.349609375,18908.150390625,0.0,398800
2023-06-30,19189.05078125,19189.05078125,0.0,19201.69921875,19024.599609375,19076.849609375,0.0,247900
2023-07-03,19322.55078125,19322.55078125,0.0,19345.099609375,19234.400390625,19246.5,0.0,226100
2023-07-04,19389.0,19389.0,0.0,19434.150390625,19300.0,19406.599609375,0.0,226900
2023-07-05,19398.5,19398.5,0.0,19421.599609375,19339.599609375,19405.94921875,0.0,224400
2023-07-06,19497.30078125,19497.30078125,0.0,19512.19921875,19373.0,19385.69921875,0.0,268300
2023-07-07,19331.80078125,19331.80078125,0.0,19523.599609375,19303.599609375,19422.80078125,0.0,237100
2023-07-10,19355.900390625,19355.900390625,0.0,19435.849609375,19327.099609375,19400.349609375,0.0,268200
2023-07-11,19439.400390625,19439.400390625,0.0,19515.099609375,19406.44921875,19427.099609375,0.0,251300
2023-07-12,19384.30078125,19384.30078125,0.0,19507.69921875,19361.75,19497.44921875,0.0,327900
2023-07-13,19413.75,19413.75,0.0,19567.0,19385.80078125,19495.19921875,0.0,310400
2023-07-14,19564.5,19564.5,0.0,19595.349609375,19433.5,19493.44921875,0.0,291200
2023-07-17,19711.44921875,19711.44921875,0.0,19731.849609375,19562.94921875,19612.150390625,0.0,268700
2023-07-18,19749.25,19749.25,0.0,19819.44921875,19690.19921875,19787.5,0.0,286400
2023-07-19,19833.150390625,19833.150390625,0.0,19851.69921875,19727.44921875,19802.94921875,0.0,259700
2023-07-20,19979.150390625,19979.150390625,0.0,19991.849609375,19758.400390625,19831.69921875,0.0,274700
2023-07-21,19745.0,19745.0,0.0,19887.400390625,19700.0,19800.44921875,0.0,312500
2023-07-24,19672.349609375,19672.349609375,0.0,19782.75,19658.30078125,19748.44921875,0.0,265600
2023-07-25,19680.599609375,19680.599609375,0.0,19729.349609375,19615.94921875,19729.349609375,0.0,369700
2023-07-26,19778.30078125,19778.30078125,0.0,19825.599609375,19716.69921875,19733.349609375,0.0,244700
2023-07-27,19659.900390625,19659.900390625,0.0,19867.55078125,19603.55078125,19850.900390625,0.0,334900
2023-07-28,19646.05078125,19646.05078125,0.0,19695.900390625,19563.099609375,19659.75,0.0,258700
2023-07-31,19753.80078125,19753.80078125,0.0,19772.75,19597.599609375,19666.349609375,0.0,295100
2023-08-01,19733.55078125,19733.55078125,0.0,19795.599609375,19704.599609375,19784.0,0.0,298000
2023-08-02,19526.55078125,19526.55078125,0.0,19678.25,19423.55078125,19655.400390625,0.0,290700
2023-08-03,19381.650390625,19381.650390625,0.0,19537.650390625,19296.44921875,19463.75,0.0,315700
2023-08-04,19517.0,19517.0,0.0,19538.849609375,19436.44921875,19462.80078125,0.0,280800
2023-08-07,19597.30078125,19597.30078125,0.0,19620.44921875,19524.80078125,19576.849609375,0.0,216600
2023-08-08,19570.849609375,19570.849609375,0.0,19634.400390625,19533.099609375,19627.19921875,0.0,260300
2023-08-09,19632.55078125,19632.55078125,0.0,19645.5,19467.5,19578.80078125,0.0,266500
2023-08-10,19543.099609375,19543.099609375,0.0,19623.599609375,19495.400390625,19605.55078125,0.0,312200
2023-08-11,19428.30078125,19428.30078125,0.0,19557.75,19412.75,19554.25,0.0,235500
2023-08-14,19434.55078125,19434.55078125,0.0,19465.849609375,19257.900390625,19383.94921875,0.0,243900
2023-08-16,19465.0,19465.0,0.0,19482.75,19317.19921875,19369.0,0.0,0
2023-08-17,19365.25,19365.25,0.0,19461.55078125,19326.25,19450.55078125,0.0,268700
2023-08-18,19310.150390625,19310.150390625,0.0,19373.80078125,19253.599609375,19301.75,0.0,256100
2023-08-21,19393.599609375,19393.599609375,0.0,19425.94921875,19296.30078125,19320.650390625,0.0,262600
2023-08-22,19396.44921875,19396.44921875,0.0,19443.5,19381.30078125,19417.099609375,0.0,208700
2023-08-23,19444.0,19444.0,0.0,19472.05078125,19366.599609375,19439.19921875,0.0,225200
2023-08-24,19386.69921875,19386.69921875,0.0,19584.44921875,19369.0,19535.150390625,0.0,268300
2023-08-25,19265.80078125,19265.80078125,0.0,19339.55078125,19229.69921875,19297.400390625,0.0,466500
2023-08-28,19306.05078125,19306.05078125,0.0,19366.849609375,19249.69921875,19298.349609375,0.0,248200
2023-08-29,19342.650390625,19342.650390625,0.0,19377.900390625,19309.099609375,19374.849609375,0.0,307400
2023-08-30,19347.44921875,19347.44921875,0.0,19452.80078125,19334.75,19433.44921875,0.0,233000
2023-08-31,19253.80078125,19253.80078125,0.0,19388.19921875,19223.650390625,19375.55078125,0.0,562600
2023-09-01,19435.30078125,19435.30078125,0.0,19458.55078125,19255.69921875,19258.150390625,0.0,333000
2023-09-04,19528.80078125,19528.80078125,0.0,19545.150390625,19432.849609375,19525.05078125,0.0,296800
2023-09-05,19574.900390625,19574.900390625,0.0,19587.05078125,19525.75,19564.650390625,0.0,256800
2023-09-06,19611.05078125,19611.05078125,0.0,19636.44921875,19491.5,19581.19921875,0.0,287600
2023-09-07,19727.05078125,19727.05078125,0.0,19737.0,19550.05078125,19598.650390625,0.0,304900
2023-09-08,19819.94921875,19819.94921875,0.0,19867.150390625,19727.05078125,19774.80078125,0.0,288100
2023-09-11,19996.349609375,19996.349609375,0.0,20008.150390625,19865.349609375,19890.0,0.0,248800
2023-09-12,19993.19921875,19993.19921875,0.0,20110.349609375,19914.650390625,20110.150390625,0.0,328100
2023-09-13,20070.0,20070.0,0.0,20096.900390625,19944.099609375,19989.5,0.0,251400
2023-09-14,20103.099609375,20103.099609375,0.0,20167.650390625,20043.44921875,20127.94921875,0.0,275100
2023-09-15,20192.349609375,20192.349609375,0.0,20222.44921875,20129.69921875,20156.44921875,0.0,438200
2023-09-18,20133.30078125,20133.30078125,0.0,20195.349609375,20115.69921875,20155.94921875,0.0,264900
2023-09-20,19901.400390625,19901.400390625,0.0,20050.650390625,19878.849609375,19980.75,0.0,378100
2023-09-21,19742.349609375,19742.349609375,0.0,19848.75,19709.94921875,19840.55078125,0.0,275100
2023-09-22,19674.25,19674.25,0.0,19798.650390625,19657.5,19744.849609375,0.0,246400
2023-09-25,19674.55078125,19674.55078125,0.0,19734.150390625,19601.55078125,19678.19921875,0.0,188400
2023-09-26,19664.69921875,19664.69921875,0.0,19699.349609375,19637.44921875,19682.80078125,0.0,204900
2023-09-27,19716.44921875,19716.44921875,0.0,19730.69921875,19554.0,19637.05078125,0.0,203600
2023-09-28,19523.55078125,19523.55078125,0.0,19766.650390625,19492.099609375,19761.80078125,0.0,352800
2023-09-29,19638.30078125,19638.30078125,0.0,19726.25,19551.05078125,19581.19921875,0.0,243500
2023-10-03,19528.75,19528.75,0.0,19623.19921875,19479.650390625,19622.400390625,0.0,221700
2023-10-04,19436.099609375,19436.099609375,0.0,19457.80078125,19333.599609375,19446.30078125,0.0,277100
2023-10-05,19545.75,19545.75,0.0,19576.94921875,19487.30078125,19521.849609375,0.0,234900
2023-10-06,19653.5,19653.5,0.0,19675.75,19589.400390625,19621.19921875,0.0,159100
2023-10-09,19512.349609375,19512.349609375,0.0,19588.94921875,19480.5,19539.44921875,0.0,165100
2023-10-10,19689.849609375,19689.849609375,0.0,19717.80078125,19565.44921875,19565.599609375,0.0,216600
2023-10-11,19811.349609375,19811.349609375,0.0,19839.19921875,19756.94921875,19767.0,0.0,213700
2023-10-12,19794.0,19794.0,0.0,19843.30078125,19772.650390625,19822.69921875,0.0,217900
2023-10-13,19751.05078125,19751.05078125,0.0,19805.400390625,19635.30078125,19654.55078125,0.0,255000
2023-10-16,19731.75,19731.75,0.0,19781.30078125,19691.849609375,19737.25,0.0,181000
2023-10-17,19811.5,19811.5,0.0,19849.75,19775.650390625,19843.19921875,0.0,185800
2023-10-18,19671.099609375,19671.099609375,0.0,19840.94921875,19659.94921875,19820.44921875,0.0,198900
2023-10-19,19624.69921875,19624.69921875,0.0,19681.80078125,19512.349609375,19545.19921875,0.0,230300
2023-10-20,19542.650390625,19542.650390625,0.0,19593.80078125,19518.69921875,19542.150390625,0.0,198300
2023-10-23,19281.75,19281.75,0.0,19556.849609375,19257.849609375,19521.599609375,0.0,176000
2023-10-25,19122.150390625,19122.150390625,0.0,19347.30078125,19074.150390625,19286.44921875,0.0,225300
2023-10-26,18857.25,18857.25,0.0,19041.69921875,18837.849609375,19027.25,0.0,300400
2023-10-27,19047.25,19047.25,0.0,19076.150390625,18926.650390625,18928.75,0.0,205200
2023-10-30,19140.900390625,19140.900390625,0.0,19158.5,18940.0,19053.400390625,0.0,180100
2023-10-31,19079.599609375,19079.599609375,0.0,19233.69921875,19056.44921875,19232.94921875,0.0,206000
2023-11-01,18989.150390625,18989.150390625,0.0,19096.05078125,18973.69921875,19064.05078125,0.0,194100
2023-11-02,19133.25,19133.25,0.0,19175.25,19064.150390625,19120.0,0.0,245600
2023-11-03,19230.599609375,19230.599609375,0.0,19276.25,19210.900390625,19241.0,0.0,189500
2023-11-06,19411.75,19411.75,0.0,19423.0,19309.69921875,19345.849609375,0.0,180700
2023-11-07,19406.69921875,19406.69921875,0.0,19423.5,19329.099609375,19404.05078125,0.0,198700
2023-11-08,19443.5,19443.5,0.0,19464.400390625,19401.5,19449.599609375,0.0,195000
2023-11-09,19395.30078125,19395.30078125,0.0,19463.900390625,19378.349609375,19457.400390625,0.0,208400
2023-11-10,19425.349609375,19425.349609375,0.0,19451.30078125,19329.44921875,19351.849609375,0.0,152200
2023-11-13,19443.55078125,19443.55078125,0.0,19494.400390625,19414.75,19486.75,0.0,189300
2023-11-15,19675.44921875,19675.44921875,0.0,19693.19921875,19579.650390625,19651.400390625,0.0,291500
2023-11-16,19765.19921875,19765.19921875,0.0,19875.25,19627.0,19674.69921875,0.0,282700
2023-11-17,19731.80078125,19731.80078125,0.0,19806.0,19667.44921875,19674.75,0.0,236800
2023-11-20,19694.0,19694.0,0.0,19756.44921875,19670.5,19731.150390625,0.0,173800
2023-11-21,19783.400390625,19783.400390625,0.0,19829.099609375,19754.05078125,19770.900390625,0.0,195000
2023-11-22,19811.849609375,19811.849609375,0.0,19825.55078125,19703.849609375,19784.0,0.0,184500
2023-11-23,19802.0,19802.0,0.0,19875.150390625,19786.75,19828.44921875,0.0,170000
2023-11-24,19794.69921875,19794.69921875,0.0,19832.849609375,19768.849609375,19809.599609375,0.0,145900
2023-11-28,19889.69921875,19889.69921875,0.0,19916.849609375,19800.0,19844.650390625,0.0,229600
2023-11-29,20096.599609375,20096.599609375,0.0,20104.650390625,19956.30078125,19976.55078125,0.0,236200
2023-11-30,20133.150390625,20133.150390625,0.0,20158.69921875,20015.849609375,20108.5,0.0,486600
2023-12-01,20267.900390625,20267.900390625,0.0,20291.55078125,20183.69921875,20194.099609375,0.0,265800
2023-12-04,20686.80078125,20686.80078125,0.0,20702.650390625,20507.75,20601.94921875,0.0,381100
2023-12-05,20855.099609375,20855.099609375,0.0,20864.05078125,20711.150390625,20808.900390625,0.0,421000
2023-12-06,20937.69921875,20937.69921875,0.0,20961.94921875,20852.150390625,20950.75,0.0,359200
2023-12-07,20901.150390625,20901.150390625,0.0,20941.25,20850.80078125,20932.400390625,0.0,275000
2023-12-08,20969.400390625,20969.400390625,0.0,21006.099609375,20862.69921875,20934.099609375,0.0,292400
2023-12-11,20997.099609375,20997.099609375,0.0,21026.099609375,20923.69921875,20965.30078125,0.0,212900
2023-12-12,20906.400390625,20906.400390625,0.0,21037.900390625,20867.150390625,21018.55078125,0.0,244900
2023-12-13,20926.349609375,20926.349609375,0.0,20950.0,20769.5,20929.75,0.0,260300
2023-12-14,21182.69921875,21182.69921875,0.0,21210.900390625,21074.44921875,21110.400390625,0.0,334400
2023-12-15,21456.650390625,21456.650390625,0.0,21492.30078125,21235.30078125,21287.44921875,0.0,508800
2023-12-18,21418.650390625,21418.650390625,0.0,21482.80078125,21365.349609375,21434.80078125,0.0,249700
2023-12-19,21453.099609375,21453.099609375,0.0,21505.05078125,21337.75,21477.650390625,0.0,249800
2023-12-20,21150.150390625,21150.150390625,0.0,21593.0,21087.349609375,21543.5,0.0,363900
2023-12-21,21255.05078125,21255.05078125,0.0,21288.349609375,20976.80078125,21033.94921875,0.0,277500
2023-12-22,21349.400390625,21349.400390625,0.0,21390.5,21232.44921875,21295.849609375,0.0,284700
2023-12-26,21441.349609375,21441.349609375,0.0,21477.150390625,21329.44921875,21365.19921875,0.0,219500
2023-12-27,21654.75,21654.75,0.0,21675.75,21495.80078125,21497.650390625,0.0,256500
2023-12-28,21778.69921875,21778.69921875,0.0,21801.44921875,21678.0,21715.0,0.0,393100
2023-12-29,21731.400390625,21731.400390625,0.0,21770.30078125,21676.900390625,21737.650390625,0.0,270900
2024-01-01,21741.900390625,21741.900390625,0.0,21834.349609375,21680.849609375,21727.75,0.0,154000
2024-01-02,21665.80078125,21665.80078125,0.0,21755.599609375,21555.650390625,21751.349609375,0.0,263700
2024-01-03,21517.349609375,21517.349609375,0.0,21677.0,21500.349609375,21661.099609375,0.0,311900
2024-01-04,21658.599609375,21658.599609375,0.0,21685.650390625,21564.55078125,21605.80078125,0.0,339200
2024-01-05,21710.80078125,21710.80078125,0.0,21749.599609375,21629.19921875,21705.75,0.0,309300
2024-01-08,21513.0,21513.0,0.0,21763.94921875,21492.900390625,21747.599609375,0.0,231500
2024-01-09,21544.849609375,21544.849609375,0.0,21724.44921875,21517.849609375,21653.599609375,0.0,228600
2024-01-10,21618.69921875,21618.69921875,0.0,21641.849609375,21448.650390625,21529.30078125,0.0,217000
2024-01-11,21647.19921875,21647.19921875,0.0,21726.5,21593.75,21688.0,0.0,212500
2024-01-12,21894.55078125,21894.55078125,0.0,21928.25,21715.150390625,21773.55078125,0.0,294700
2024-01-15,22097.44921875,22097.44921875,0.0,22115.55078125,21963.55078125,22053.150390625,0.0,345500
2024-01-16,22032.30078125,22032.30078125,0.0,22124.150390625,21969.80078125,22080.5,0.0,292400
2024-01-17,21571.94921875,21571.94921875,0.0,21851.5,21550.44921875,21647.25,0.0,456000
2024-01-18,21462.25,21462.25,0.0,21539.400390625,21285.55078125,21414.19921875,0.0,387300
2024-01-19,21622.400390625,21622.400390625,0.0,21670.599609375,21575.0,21615.19921875,0.0,343100
2024-01-23,21238.80078125,21238.80078125,0.0,21750.25,21192.599609375,21716.69921875,0.0,449700
2024-01-24,21453.94921875,21453.94921875,0.0,21482.349609375,21137.19921875,21185.25,0.0,407500
2024-01-25,21352.599609375,21352.599609375,0.0,21459.0,21247.05078125,21454.599609375,0.0,418100
2024-01-29,21737.599609375,21737.599609375,0.0,21763.25,21429.599609375,21433.099609375,0.0,376700
2024-01-30,21522.099609375,21522.099609375,0.0,21813.05078125,21501.80078125,21775.75,0.0,375100
2024-01-31,21725.69921875,21725.69921875,0.0,21741.349609375,21448.849609375,21487.25,0.0,410600
2024-02-01,21697.44921875,21697.44921875,0.0,21832.94921875,21658.75,21780.650390625,0.0,332500
2024-02-02,21853.80078125,21853.80078125,0.0,22126.80078125,21805.55078125,21812.75,0.0,442800
2024-02-05,21771.69921875,21771.69921875,0.0,21964.30078125,21726.94921875,21921.05078125,0.0,440800
2024-02-06,21929.400390625,21929.400390625,0.0,21951.400390625,21737.55078125,21825.19921875,0.0,371000
2024-02-07,21930.5,21930.5,0.0,22053.30078125,21860.150390625,22045.05078125,0.0,346300
2024-02-08,21717.94921875,21717.94921875,0.0,22011.05078125,21665.30078125,22009.650390625,0.0,491100
2024-02-09,21782.5,21782.5,0.0,21804.44921875,21629.900390625,21727.0,0.0,349200
2024-02-12,21616.05078125,21616.05078125,0.0,21831.69921875,21574.75,21800.80078125,0.0,287400
2024-02-13,21743.25,21743.25,0.0,21766.80078125,21543.349609375,21664.30078125,0.0,365800
2024-02-14,21840.05078125,21840.05078125,0.0,21870.849609375,21530.19921875,21578.150390625,0.0,359100
2024-02-15,21910.75,21910.75,0.0,21953.849609375,21794.80078125,21906.55078125,0.0,345400
2024-02-16,22040.69921875,22040.69921875,0.0,22068.650390625,21968.94921875,22020.30078125,0.0,343900
2024-02-19,22122.25,22122.25,0.0,22186.650390625,22021.05078125,22103.44921875,0.0,0
2024-02-20,22196.94921875,22196.94921875,0.0,22215.599609375,22045.849609375,22099.19921875,0.0,295700
2024-02-21,22055.05078125,22055.05078125,0.0,22249.400390625,21997.94921875,22248.849609375,0.0,364500
2024-02-22,22217.44921875,22217.44921875,0.0,22252.5,21875.25,22081.55078125,0.0,343500
2024-02-23,22212.69921875,22212.69921875,0.0,22297.5,22186.099609375,22290.0,0.0,226000
2024-02-26,22122.05078125,22122.05078125,0.0,22202.150390625,22075.150390625,22169.19921875,0.0,207800
2024-02-27,22198.349609375,22198.349609375,0.0,22218.25,22085.650390625,22090.19921875,0.0,252200
2024-02-28,21951.150390625,21951.150390625,0.0,22229.150390625,21915.849609375,22214.099609375,0.0,203000
2024-02-29,21982.80078125,21982.80078125,0.0,22060.55078125,21860.650390625,21935.19921875,0.0,360200
2024-03-01,22338.75,22338.75,0.0,22353.30078125,22047.75,22048.30078125,0.0,351500
2024-03-04,22405.599609375,22405.599609375,0.0,22440.900390625,22358.30078125,22403.5,0.0,298800
2024-03-05,22356.30078125,22356.30078125,0.0,22416.900390625,22269.150390625,22371.25,0.0,296200
2024-03-06,22474.05078125,22474.05078125,0.0,22497.19921875,22224.349609375,22327.5,0.0,312300
2024-03-07,22493.55078125,22493.55078125,0.0,22525.650390625,22430.0,22505.30078125,0.0,379900
2024-03-11,22332.650390625,22332.650390625,0.0,22526.599609375,22307.25,22517.5,0.0,277900
2024-03-12,22335.69921875,22335.69921875,0.0,22452.55078125,22256.0,22334.44921875,0.0,299200
2024-03-13,21997.69921875,21997.69921875,0.0,22446.75,21905.650390625,22432.19921875,0.0,493300
2024-03-14,22146.650390625,22146.650390625,0.0,22204.599609375,21917.5,21982.55078125,0.0,426700
2024-03-15,22023.349609375,22023.349609375,0.0,22120.900390625,21931.69921875,22064.849609375,0.0,661500
2024-03-18,22055.69921875,22055.69921875,0.0,22123.69921875,21916.55078125,21990.099609375,0.0,356300
2024-03-19,21817.44921875,21817.44921875,0.0,21978.30078125,21793.099609375,21946.44921875,0.0,344200
2024-03-20,21839.099609375,21839.099609375,0.0,21930.900390625,21710.19921875,21843.900390625,0.0,312400
2024-03-21,22011.94921875,22011.94921875,0.0,22080.94921875,21941.30078125,21989.900390625,0.0,353200
2024-03-22,22096.75,22096.75,0.0,22180.69921875,21883.30078125,21932.19921875,0.0,388700
2024-03-26,22004.69921875,22004.69921875,0.0,22073.19921875,21947.55078125,21947.900390625,0.0,328400
2024-03-27,22123.650390625,22123.650390625,0.0,22193.599609375,22052.849609375,22053.94921875,0.0,409100
2024-03-28,22326.900390625,22326.900390625,0.0,22516.0,22163.599609375,22163.599609375,0.0,410500
2024-04-01,22462.0,22462.0,0.0,22529.94921875,22427.75,22455.0,0.0,0
2024-04-02,22453.30078125,22453.30078125,0.0,22497.599609375,22388.150390625,22458.80078125,0.0,289500
2024-04-03,22434.650390625,22434.650390625,0.0,22521.099609375,22346.5,22385.69921875,0.0,309600
2024-04-04,22514.650390625,22514.650390625,0.0,22619.0,22303.80078125,22592.099609375,0.0,401000
2024-04-05,22513.69921875,22513.69921875,0.0,22537.599609375,22427.599609375,22486.400390625,0.0,242200
2024-04-08,22666.30078125,22666.30078125,0.0,22697.30078125,22550.349609375,22578.349609375,0.0,227600
2024-04-09,22642.75,22642.75,0.0,22768.400390625,22612.25,22765.099609375,0.0,232400
2024-04-10,22753.80078125,22753.80078125,0.0,22775.69921875,22673.69921875,22720.25,0.0,276800
2024-04-12,22519.400390625,22519.400390625,0.0,22726.44921875,22503.75,22677.400390625,0.0,357200
2024-04-15,22272.5,22272.5,0.0,22427.44921875,22259.55078125,22339.05078125,0.0,355500
2024-04-16,22147.900390625,22147.900390625,0.0,22213.75,22079.44921875,22125.30078125,0.0,317300
2024-04-18,21995.849609375,21995.849609375,0.0,22326.5,21961.69921875,22212.349609375,0.0,456900
2024-04-19,22147.0,22147.0,0.0,22179.55078125,21777.650390625,21861.5,0.0,362500
2024-04-22,22336.400390625,22336.400390625,0.0,22375.650390625,22198.150390625,22336.900390625,0.0,279300
2024-04-23,22368.0,22368.0,0.0,22447.55078125,22349.44921875,22447.05078125,0.0,231500
2024-04-24,22402.400390625,22402.400390625,0.0,22476.44921875,22384.0,22421.55078125,0.0,235900
2024-04-25,22570.349609375,22570.349609375,0.0,22625.94921875,22305.25,22316.900390625,0.0,475000
2024-04-26,22419.94921875,22419.94921875,0.0,22620.400390625,22385.55078125,22620.400390625,0.0,329900
2024-04-29,22643.400390625,22643.400390625,0.0,22655.80078125,22441.900390625,22475.55078125,0.0,292000
2024-04-30,22604.849609375,22604.849609375,0.0,22783.349609375,22568.400390625,22679.650390625,0.0,361900
2024-05-02,22648.19921875,22648.19921875,0.0,22710.5,22567.849609375,22567.849609375,0.0,445900
2024-05-03,22475.849609375,22475.849609375,0.0,22794.69921875,22348.05078125,22766.349609375,0.0,438100
2024-05-06,22442.69921875,22442.69921875,0.0,22588.80078125,22409.44921875,22561.599609375,0.0,320300
2024-05-07,22302.5,22302.5,0.0,22499.05078125,22232.05078125,22489.75,0.0,297800
2024-05-08,22302.5,22302.5,0.0,22368.650390625,22185.19921875,22231.19921875,0.0,277400
2024-05-09,21957.5,21957.5,0.0,22307.75,21932.400390625,22224.80078125,0.0,331300
2024-05-10,22055.19921875,22055.19921875,0.0,22131.30078125,21950.30078125,21990.94921875,0.0,265800
2024-05-13,22104.05078125,22104.05078125,0.0,22131.650390625,21821.05078125,22027.94921875,0.0,278200
2024-05-14,22217.849609375,22217.849609375,0.0,22270.05078125,22081.25,22112.900390625,0.0,230200
2024-05-15,22200.55078125,22200.55078125,0.0,22297.55078125,22151.75,22255.599609375,0.0,231900
2024-05-16,22403.849609375,22403.849609375,0.0,22432.25,22054.55078125,22319.19921875,0.0,368900
2024-05-17,22466.099609375,22466.099609375,0.0,22502.150390625,22345.650390625,22415.25,0.0,242700
2024-05-21,22529.05078125,22529.05078125,0.0,22591.099609375,22404.55078125,22404.55078125,0.0,347600
2024-05-22,22597.80078125,22597.80078125,0.0,22629.5,22483.150390625,22576.599609375,0.0,290300
2024-05-23,22967.650390625,22967.650390625,0.0,22993.599609375,22577.44921875,22614.099609375,0.0,369800
2024-05-24,22957.099609375,22957.099609375,0.0,23026.400390625,22908.0,22930.75,0.0,261900
2024-05-27,22932.44921875,22932.44921875,0.0,23110.80078125,22871.19921875,23038.94921875,0.0,260000
2024-05-28,22888.150390625,22888.150390625,0.0,22998.55078125,22858.5,22977.150390625,0.0,217900
2024-05-29,22704.69921875,22704.69921875,0.0,22825.5,22685.44921875,22762.75,0.0,269900
2024-05-30,22488.650390625,22488.650390625,0.0,22705.75,22417.0,22617.44921875,0.0,373400
2024-05-31,22530.69921875,22530.69921875,0.0,22653.75,22465.099609375,22568.099609375,0.0,572100
2024-06-03,23263.900390625,23263.900390625,0.0,23338.69921875,23062.30078125,23337.900390625,0.0,569400
2024-06-04,21884.5,21884.5,0.0,23179.5,21281.44921875,23179.5,0.0,1006100
2024-06-05,22620.349609375,22620.349609375,0.0,22670.400390625,21791.94921875,22128.349609375,0.0,638500
2024-06-06,22821.400390625,22821.400390625,0.0,22910.150390625,22642.599609375,22798.599609375,0.0,480400
2024-06-07,23290.150390625,23290.150390625,0.0,23320.19921875,22789.05078125,22821.849609375,0.0,473600
2024-06-10,23259.19921875,23259.19921875,0.0,23411.900390625,23227.150390625,23319.150390625,0.0,304400
2024-06-11,23264.849609375,23264.849609375,0.0,23389.44921875,23206.650390625,23283.75,0.0,305200
2024-06-12,23322.94921875,23322.94921875,0.0,23441.94921875,23295.94921875,23344.44921875,0.0,295600
2024-06-13,23398.900390625,23398.900390625,0.0,23481.05078125,23353.900390625,23480.94921875,0.0,268300
2024-06-14,23465.599609375,23465.599609375,0.0,23490.400390625,23334.25,23464.94921875,0.0,223100
2024-06-18,23557.900390625,23557.900390625,0.0,23579.05078125,23499.69921875,23570.80078125,0.0,272200
2024-06-19,23516.0,23516.0,0.0,23664.0,23412.900390625,23629.849609375,0.0,328800
2024-06-20,23567.0,23567.0,0.0,23624.0,23442.599609375,23586.150390625,0.0,280300
2024-06-21,23501.099609375,23501.099609375,0.0,23667.099609375,23398.19921875,23661.150390625,0.0,609900
2024-06-24,23537.849609375,23537.849609375,0.0,23558.099609375,23350.0,23382.30078125,0.0,239400
2024-06-25,23721.30078125,23721.30078125,0.0,23754.150390625,23562.05078125,23577.099609375,0.0,298100
2024-06-26,23868.80078125,23868.80078125,0.0,23889.900390625,23670.44921875,23723.099609375,0.0,287800
2024-06-27,24044.5,24044.5,0.0,24087.44921875,23805.400390625,23881.55078125,0.0,515200
2024-06-28,24010.599609375,24010.599609375,0.0,24174.0,23985.80078125,24085.900390625,0.0,354800
2024-07-01,24141.94921875,24141.94921875,0.0,24164.0,23992.69921875,23992.94921875,0.0,0
2024-07-02,24123.849609375,24123.849609375,0.0,24236.349609375,24056.400390625,24228.75,0.0,0
2024-07-03,24286.5,24286.5,0.0,24309.150390625,24207.099609375,24291.75,0.0,0
2024-07-04,24302.150390625,24302.150390625,0.0,24401.0,24281.0,24369.94921875,0.0,251200
2024-07-05,24323.849609375,24323.849609375,0.0,24363.0,24168.849609375,24213.349609375,0.0,298400
2024-07-08,24320.55078125,24320.55078125,0.0,24344.599609375,24240.55078125,24329.44921875,0.0,266300
2024-07-09,24433.19921875,24433.19921875,0.0,24443.599609375,24331.900390625,24351.0,0.0,250500
2024-07-10,24324.44921875,24324.44921875,0.0,24461.05078125,24141.80078125,24459.849609375,0.0,292300
2024-07-11,24315.94921875,24315.94921875,0.0,24402.650390625,24193.75,24396.55078125,0.0,306400
2024-07-12,24502.150390625,24502.150390625,0.0,24592.19921875,24331.150390625,24387.94921875,0.0,325800
2024-07-15,24586.69921875,24586.69921875,0.0,24635.05078125,24522.75,24587.599609375,0.0,305400
2024-07-16,24613.0,24613.0,0.0,24661.25,24587.650390625,24615.900390625,0.0,283200
2024-07-18,24800.849609375,24800.849609375,0.0,24837.75,24504.44921875,24543.80078125,0.0,350900
2024-07-19,24530.900390625,24530.900390625,0.0,24854.80078125,24508.150390625,24853.80078125,0.0,343800
2024-07-22,24509.25,24509.25,0.0,24595.19921875,24362.30078125,24445.75,0.0,324200
2024-07-23,24479.05078125,24479.05078125,0.0,24582.55078125,24074.19921875,24568.900390625,0.0,436400
2024-07-24,24413.5,24413.5,0.0,24504.25,24307.25,24444.94921875,0.0,366600
2024-07-25,24406.099609375,24406.099609375,0.0,24426.150390625,24210.80078125,24230.94921875,0.0,391800
2024-07-26,24834.849609375,24834.849609375,0.0,24861.150390625,24410.900390625,24423.349609375,0.0,383800
2024-07-29,24836.099609375,24836.099609375,0.0,24999.75,24774.599609375,24943.30078125,0.0,355000
2024-07-30,24857.30078125,24857.30078125,0.0,24971.75,24798.650390625,24839.400390625,0.0,385000
2024-07-31,24951.150390625,24951.150390625,0.0,24984.599609375,24856.5,24886.69921875,0.0,333600
2024-08-01,25010.900390625,25010.900390625,0.0,25078.30078125,24956.400390625,25030.94921875,0.0,431300
2024-08-02,24717.69921875,24717.69921875,0.0,24851.900390625,24686.849609375,24789.0,0.0,345000
2024-08-05,24055.599609375,24055.599609375,0.0,24350.05078125,23893.69921875,24302.849609375,0.0,487000
2024-08-06,23992.55078125,23992.55078125,0.0,24382.599609375,23960.400390625,24189.849609375,0.0,312300
2024-08-07,24297.5,24297.5,0.0,24337.69921875,24184.900390625,24289.400390625,0.0,317600
2024-08-08,24117.0,24117.0,0.0,24340.5,24079.69921875,24248.55078125,0.0,311900
2024-08-09,24367.5,24367.5,0.0,24419.75,24311.19921875,24386.849609375,0.0,215100
2024-08-12,24347.0,24347.0,0.0,24472.80078125,24212.099609375,24320.05078125,0.0,279900
2024-08-13,24139.0,24139.0,0.0,24359.94921875,24116.5,24342.349609375,0.0,239700
2024-08-14,24143.75,24143.75,0.0,24196.5,24099.69921875,24184.400390625,0.0,303300
2024-08-16,24541.150390625,24541.150390625,0.0,24563.900390625,24204.5,24334.849609375,0.0,271600
2024-08-19,24572.650390625,24572.650390625,0.0,24638.80078125,24522.94921875,24636.349609375,0.0,243600
2024-08-20,24698.849609375,24698.849609375,0.0,24734.30078125,24607.19921875,24648.900390625,0.0,238300
2024-08-21,24770.19921875,24770.19921875,0.0,24787.94921875,24654.5,24680.55078125,0.0,257100
2024-08-22,24811.5,24811.5,0.0,24867.349609375,24784.44921875,24863.400390625,0.0,220300
2024-08-23,24823.150390625,24823.150390625,0.0,24858.400390625,24771.650390625,24845.400390625,0.0,206800
2024-08-26,25010.599609375,25010.599609375,0.0,25043.80078125,24874.69921875,24906.099609375,0.0,210300
2024-08-27,25017.75,25017.75,0.0,25073.099609375,24973.650390625,25024.80078125,0.0,223300
2024-08-28,25052.349609375,25052.349609375,0.0,25129.599609375,24964.650390625,25030.80078125,0.0,220400
2024-08-29,25151.94921875,25151.94921875,0.0,25192.900390625,24998.5,25035.30078125,0.0,354000
2024-08-30,25235.900390625,25235.900390625,0.0,25268.349609375,25199.400390625,25249.69921875,0.0,638200
2024-09-02,25278.69921875,25278.69921875,0.0,25333.650390625,25235.5,25333.599609375,0.0,222800
2024-09-03,25279.849609375,25279.849609375,0.0,25321.69921875,25235.80078125,25313.400390625,0.0,212100
2024-09-04,25198.69921875,25198.69921875,0.0,25216.0,25083.80078125,25089.94921875,0.0,253800
2024-09-05,25145.099609375,25145.099609375,0.0,25275.44921875,25127.75,25250.5,0.0,222200
2024-09-06,24852.150390625,24852.150390625,0.0,25168.75,24801.30078125,25093.69921875,0.0,311700
2024-09-09,24936.400390625,24936.400390625,0.0,24957.5,24753.150390625,24823.400390625,0.0,254400
2024-09-10,25041.099609375,25041.099609375,0.0,25130.5,24896.80078125,24999.400390625,0.0,251300
2024-09-11,24918.44921875,24918.44921875,0.0,25113.69921875,24885.150390625,25034.0,0.0,279200
2024-09-12,25388.900390625,25388.900390625,0.0,25433.349609375,24941.44921875,25059.650390625,0.0,380100
2024-09-13,25356.5,25356.5,0.0,25430.5,25292.44921875,25430.44921875,0.0,250800
2024-09-16,25383.75,25383.75,0.0,25445.69921875,25336.19921875,25406.650390625,0.0,168700
2024-09-17,25418.55078125,25418.55078125,0.0,25441.650390625,25352.25,25416.900390625,0.0,216000
2024-09-18,25377.55078125,25377.55078125,0.0,25482.19921875,25285.55078125,25402.400390625,0.0,215700
2024-09-19,25415.80078125,25415.80078125,0.0,25611.94921875,25376.05078125,25487.05078125,0.0,314500
2024-09-20,25790.94921875,25790.94921875,0.0,25849.25,25426.599609375,25525.94921875,0.0,533100
2024-09-23,25939.05078125,25939.05078125,0.0,25956.0,25847.349609375,25872.55078125,0.0,209200
2024-09-24,25940.400390625,25940.400390625,0.0,26011.55078125,25886.849609375,25921.44921875,0.0,384100
2024-09-25,26004.150390625,26004.150390625,0.0,26032.80078125,25871.349609375,25899.44921875,0.0,278500
2024-09-26,26216.05078125,26216.05078125,0.0,26250.900390625,25998.400390625,26005.400390625,0.0,370900
2024-09-27,26178.94921875,26178.94921875,0.0,26277.349609375,26151.400390625,26248.25,0.0,490300
2024-09-30,25810.849609375,25810.849609375,0.0,26134.69921875,25794.099609375,26061.30078125,0.0,343100
2024-10-01,25796.900390625,25796.900390625,0.0,25907.599609375,25739.19921875,25788.44921875,0.0,247400
2024-10-03,25250.099609375,25250.099609375,0.0,25639.44921875,25230.30078125,25452.849609375,0.0,423400
2024-10-04,25014.599609375,25014.599609375,0.0,25485.05078125,24966.80078125,25181.900390625,0.0,374900
2024-10-07,24795.75,24795.75,0.0,25143.0,24694.349609375,25084.099609375,0.0,374300
2024-10-08,25013.150390625,25013.150390625,0.0,25044.0,24756.80078125,24832.19921875,0.0,333200
2024-10-09,24981.94921875,24981.94921875,0.0,25234.05078125,24947.69921875,25065.80078125,0.0,290600
2024-10-10,24998.44921875,24998.44921875,0.0,25134.05078125,24979.400390625,25067.05078125,0.0,261400
2024-10-11,24964.25,24964.25,0.0,25028.650390625,24920.05078125,24985.30078125,0.0,210500
2024-10-14,25127.94921875,25127.94921875,0.0,25159.75,25017.5,25023.44921875,0.0,206400
2024-10-15,25057.349609375,25057.349609375,0.0,25212.05078125,25008.150390625,25186.30078125,0.0,257200
2024-10-16,24971.30078125,24971.30078125,0.0,25093.400390625,24908.44921875,25008.55078125,0.0,226800
2024-10-17,24749.849609375,24749.849609375,0.0,25029.5,24728.900390625,25027.400390625,0.0,252800
2024-10-18,24854.05078125,24854.05078125,0.0,24886.19921875,24567.650390625,24664.94921875,0.0,290900
2024-10-21,24781.099609375,24781.099609375,0.0,24978.30078125,24679.599609375,24956.150390625,0.0,242000
2024-10-22,24472.099609375,24472.099609375,0.0,24882.0,24445.80078125,24798.650390625,0.0,279500
2024-10-23,24435.5,24435.5,0.0,24604.25,24378.099609375,24378.150390625,0.0,284600
2024-10-24,24399.400390625,24399.400390625,0.0,24480.650390625,24341.19921875,24412.69921875,0.0,216700
2024-10-25,24180.80078125,24180.80078125,0.0,24440.25,24073.900390625,24418.05078125,0.0,372600
2024-10-28,24339.150390625,24339.150390625,0.0,24492.599609375,24134.900390625,24251.099609375,0.0,278600
2024-10-29,24466.849609375,24466.849609375,0.0,24484.5,24140.849609375,24328.849609375,0.0,332000
2024-10-30,24340.849609375,24340.849609375,0.0,24498.19921875,24307.30078125,24371.44921875,0.0,285200
2024-10-31,24205.349609375,24205.349609375,0.0,24372.44921875,24172.599609375,24349.849609375,0.0,287000
2024-11-01,24304.349609375,24304.349609375,0.0,24368.25,24280.19921875,24302.75,0.0,38800
2024-11-04,23995.349609375,23995.349609375,0.0,24316.75,23816.150390625,24315.75,0.0,285500
2024-11-05,24213.30078125,24213.30078125,0.0,24229.05078125,23842.75,23916.5,0.0,289500
2024-11-06,24484.05078125,24484.05078125,0.0,24537.599609375,24204.05078125,24308.75,0.0,351100
2024-11-07,24199.349609375,24199.349609375,0.0,24503.349609375,24179.05078125,24489.599609375,0.0,322200
2024-11-08,24148.19921875,24148.19921875,0.0,24276.150390625,24066.650390625,24207.69921875,0.0,298700
2024-11-11,24141.30078125,24141.30078125,0.0,24336.80078125,24004.599609375,24087.25,0.0,273400
2024-11-12,23883.44921875,23883.44921875,0.0,24242.0,23839.150390625,24225.80078125,0.0,255800
2024-11-13,23559.05078125,23559.05078125,0.0,23873.599609375,23509.599609375,23822.44921875,0.0,304600
2024-11-14,23532.69921875,23532.69921875,0.0,23675.900390625,23484.150390625,23542.150390625,0.0,257700
2024-11-18,23453.80078125,23453.80078125,0.0,23606.80078125,23350.400390625,23605.30078125,0.0,263300
2024-11-19,23518.5,23518.5,0.0,23780.650390625,23464.80078125,23529.55078125,0.0,297500
2024-11-21,23349.900390625,23349.900390625,0.0,23507.30078125,23263.150390625,23488.44921875,0.0,420300
2024-11-22,23907.25,23907.25,0.0,23956.099609375,23359.0,23411.80078125,0.0,367600
2024-11-25,24221.900390625,24221.900390625,0.0,24351.55078125,24135.44921875,24253.55078125,0.0,687200
2024-11-26,24194.5,24194.5,0.0,24343.30078125,24125.400390625,24343.30078125,0.0,230700
2024-11-27,24274.900390625,24274.900390625,0.0,24354.55078125,24145.650390625,24204.80078125,0.0,295000
2024-11-28,23914.150390625,23914.150390625,0.0,24345.75,23873.349609375,24274.150390625,0.0,366700
2024-11-29,24131.099609375,24131.099609375,0.0,24188.44921875,23927.150390625,23927.150390625,0.0,282100
2024-12-02,24276.05078125,24276.05078125,0.0,24301.69921875,24008.650390625,24140.849609375,0.0,220400
2024-12-03,24457.150390625,24457.150390625,0.0,24481.349609375,24280.0,24367.5,0.0,339500
2024-12-04,24467.44921875,24467.44921875,0.0,24573.19921875,24366.30078125,24488.75,0.0,348000
2024-12-05,24708.400390625,24708.400390625,0.0,24857.75,24295.55078125,24539.150390625,0.0,361500
2024-12-06,24677.80078125,24677.80078125,0.0,24751.05078125,24620.5,24729.44921875,0.0,226700
2024-12-09,24619.0,24619.0,0.0,24705.0,24580.05078125,24633.900390625,0.0,248100
2024-12-10,24610.05078125,24610.05078125,0.0,24677.80078125,24510.650390625,24652.650390625,0.0,261000
2024-12-11,24641.80078125,24641.80078125,0.0,24691.75,24583.849609375,24620.5,0.0,187300
2024-12-12,24548.69921875,24548.69921875,0.0,24675.25,24527.94921875,24604.44921875,0.0,266100
2024-12-13,24768.30078125,24768.30078125,0.0,24792.30078125,24180.80078125,24498.349609375,0.0,310100
2024-12-16,24668.25,24668.25,0.0,24781.25,24601.75,24753.400390625,0.0,187600
2024-12-17,24336.0,24336.0,0.0,24624.099609375,24303.44921875,24584.80078125,0.0,264900
2024-12-18,24198.849609375,24198.849609375,0.0,24394.44921875,24149.849609375,24297.94921875,0.0,235300
2024-12-19,23951.69921875,23951.69921875,0.0,24004.900390625,23870.30078125,23877.150390625,0.0,271100
2024-12-20,23587.5,23587.5,0.0,24065.80078125,23537.349609375,23960.69921875,0.0,442700
2024-12-23,23753.44921875,23753.44921875,0.0,23869.55078125,23647.19921875,23738.19921875,0.0,189800
2024-12-24,23727.650390625,23727.650390625,0.0,23867.650390625,23685.150390625,23769.099609375,0.0,177700
2024-12-26,23750.19921875,23750.19921875,0.0,23854.5,23653.599609375,23775.80078125,0.0,177700
2024-12-27,23813.400390625,23813.400390625,0.0,23938.849609375,23800.599609375,23801.400390625,0.0,176800
2024-12-30,23644.900390625,23644.900390625,0.0,23915.349609375,23599.30078125,23796.900390625,0.0,364900
2024-12-31,23644.80078125,23644.80078125,0.0,23689.849609375,23460.44921875,23560.599609375,0.0,193600
2025-01-01,23742.900390625,23742.900390625,0.0,23822.80078125,23562.80078125,23637.650390625,0.0,154900
2025-01-02,24188.650390625,24188.650390625,0.0,24226.69921875,23751.55078125,23783.0,0.0,283200
2025-01-03,24004.75,24004.75,0.0,24196.44921875,23976.0,24196.400390625,0.0,312300
2025-01-06,23616.05078125,23616.05078125,0.0,24089.94921875,23551.900390625,24045.80078125,0.0,278100
2025-01-07,23707.900390625,23707.900390625,0.0,23795.19921875,23637.80078125,23679.900390625,0.0,262300
2025-01-08,23688.94921875,23688.94921875,0.0,23751.849609375,23496.150390625,23746.650390625,0.0,266400
2025-01-09,23526.5,23526.5,0.0,23689.5,23503.05078125,23674.75,0.0,269200
2025-01-10,23431.5,23431.5,0.0,23596.599609375,23344.349609375,23551.900390625,0.0,261000
2025-01-13,23085.94921875,23085.94921875,0.0,23340.94921875,23047.25,23195.400390625,0.0,316500
2025-01-14,23176.05078125,23176.05078125,0.0,23264.94921875,23134.150390625,23165.900390625,0.0,311200
2025-01-15,23213.19921875,23213.19921875,0.0,23293.650390625,23146.44921875,23250.44921875,0.0,228000
2025-01-16,23311.80078125,23311.80078125,0.0,23391.650390625,23272.05078125,23377.25,0.0,299400
2025-01-17,23203.19921875,23203.19921875,0.0,23292.099609375,23100.349609375,23277.099609375,0.0,272900
2025-01-20,23344.75,23344.75,0.0,23391.099609375,23170.650390625,23290.400390625,0.0,301500
2025-01-21,23024.650390625,23024.650390625,0.0,23426.30078125,22976.849609375,23421.650390625,0.0,312900
2025-01-22,23155.349609375,23155.349609375,0.0,23169.55078125,22981.30078125,23099.150390625,0.0,276000
2025-01-23,23205.349609375,23205.349609375,0.0,23270.80078125,23090.650390625,23128.30078125,0.0,275600
2025-01-24,23092.19921875,23092.19921875,0.0,23347.30078125,23050.0,23183.900390625,0.0,264300
2025-01-27,22829.150390625,22829.150390625,0.0,23007.44921875,22786.900390625,22940.150390625,0.0,257400
2025-01-28,22957.25,22957.25,0.0,23137.94921875,22857.650390625,22960.44921875,0.0,361900
2025-01-29,23163.099609375,23163.099609375,0.0,23183.349609375,22976.5,23026.75,0.0,226300
2025-01-30,23249.5,23249.5,0.0,23322.05078125,23139.19921875,23169.5,0.0,361900
2025-01-31,23508.400390625,23508.400390625,0.0,23546.80078125,23277.400390625,23296.75,0.0,304900
2025-02-01,23482.150390625,23482.150390625,0.0,23632.44921875,23318.30078125,23528.599609375,0.0,281000
2025-02-03,23361.05078125,23361.05078125,0.0,23381.599609375,23222.0,23319.349609375,0.0,329700
2025-02-04,23739.25,23739.25,0.0,23762.75,23423.150390625,23509.900390625,0.0,376700
2025-02-05,23696.30078125,23696.30078125,0.0,23807.30078125,23680.44921875,23801.75,0.0,267000
2025-02-06,23603.349609375,23603.349609375,0.0,23773.55078125,23556.25,23761.94921875,0.0,307000
2025-02-07,23559.94921875,23559.94921875,0.0,23694.5,23443.19921875,23649.5,0.0,368100
2025-02-10,23381.599609375,23381.599609375,0.0,23568.599609375,23316.30078125,23543.80078125,0.0,234200
2025-02-11,23071.80078125,23071.80078125,0.0,23390.05078125,22986.650390625,23383.55078125,0.0,268000
2025-02-12,23045.25,23045.25,0.0,23144.69921875,22798.349609375,23050.80078125,0.0,279700
2025-02-13,23031.400390625,23031.400390625,0.0,23235.5,22992.19921875,23055.75,0.0,265700
2025-02-14,22929.25,22929.25,0.0,23133.69921875,22774.849609375,23096.44921875,0.0,254500
2025-02-17,22959.5,22959.5,0.0,22974.19921875,22725.44921875,22809.900390625,0.0,207400
2025-02-18,22945.30078125,22945.30078125,0.0,22992.5,22801.5,22963.650390625,0.0,210600
2025-02-19,22932.900390625,22932.900390625,0.0,23049.94921875,22814.849609375,22847.25,0.0,207000
2025-02-20,22913.150390625,22913.150390625,0.0,22923.849609375,22812.75,22821.099609375,0.0,240800
2025-02-21,22795.900390625,22795.900390625,0.0,22921.0,22720.30078125,22857.19921875,0.0,242800
2025-02-24,22553.349609375,22553.349609375,0.0,22668.05078125,22518.80078125,22609.349609375,0.0,214300
2025-02-25,22547.55078125,22547.55078125,0.0,22625.30078125,22513.900390625,22516.44921875,0.0,250300
2025-02-27,22545.05078125,22545.05078125,0.0,22613.30078125,22508.400390625,22568.94921875,0.0,289200
2025-02-28,22124.69921875,22124.69921875,0.0,22450.349609375,22104.849609375,22433.400390625,0.0,551300
2025-03-03,22119.30078125,22119.30078125,0.0,22261.55078125,22004.69921875,22194.55078125,0.0,282400
2025-03-04,22082.650390625,22082.650390625,0.0,22105.05078125,21964.599609375,21974.44921875,0.0,253300
2025-03-05,22337.30078125,22337.30078125,0.0,22394.900390625,22067.80078125,22073.05078125,0.0,305900
2025-03-06,22544.69921875,22544.69921875,0.0,22556.44921875,22245.849609375,22476.349609375,0.0,372100
2025-03-07,22552.5,22552.5,0.0,22633.80078125,22464.75,22508.650390625,0.0,289800
2025-03-10,22460.30078125,22460.30078125,0.0,22676.75,22429.05078125,22521.849609375,0.0,293900
2025-03-11,22497.900390625,22497.900390625,0.0,22522.099609375,22314.69921875,22345.94921875,0.0,347900
2025-03-12,22470.5,22470.5,0.0,22577.400390625,22329.55078125,22536.349609375,0.0,369700
2025-03-13,22397.19921875,22397.19921875,0.0,22558.05078125,22377.349609375,22541.5,0.0,287500
2025-03-17,22508.75,22508.75,0.0,22577.0,22353.150390625,22353.150390625,0.0,251100
2025-03-18,22834.30078125,22834.30078125,0.0,22857.80078125,22599.19921875,22662.25,0.0,272600
2025-03-19,22907.599609375,22907.599609375,0.0,22940.69921875,22807.94921875,22874.94921875,0.0,324000
2025-03-20,23190.650390625,23190.650390625,0.0,23216.69921875,22973.94921875,23036.599609375,0.0,313700
2025-03-21,23350.400390625,23350.400390625,0.0,23402.69921875,23132.80078125,23168.25,0.0,541000
2025-03-24,23658.349609375,23658.349609375,0.0,23708.75,23433.5,23515.400390625,0.0,311900
2025-03-25,23668.650390625,23668.650390625,0.0,23869.599609375,23601.400390625,23751.5,0.0,338200
2025-03-26,23486.849609375,23486.849609375,0.0,23736.5,23451.69921875,23700.94921875,0.0,278600
2025-03-27,23591.94921875,23591.94921875,0.0,23646.44921875,23412.19921875,23433.94921875,0.0,510300
2025-03-28,23519.349609375,23519.349609375,0.0,23649.19921875,23450.19921875,23600.400390625,0.0,295400
2025-04-01,23165.69921875,23165.69921875,0.0,23565.150390625,23136.400390625,23341.099609375,0.0,314300
2025-04-02,23332.349609375,23332.349609375,0.0,23350.0,23158.44921875,23192.599609375,0.0,341000
2025-04-03,23250.099609375,23250.099609375,0.0,23306.5,23145.80078125,23150.30078125,0.0,283200
2025-04-04,22904.44921875,22904.44921875,0.0,23214.69921875,22857.44921875,23190.400390625,0.0,466800
2025-04-07,22161.599609375,22161.599609375,0.0,22254.0,21743.650390625,21758.400390625,0.0,647100
2025-04-08,22535.849609375,22535.849609375,0.0,22697.19921875,22270.849609375,22446.75,0.0,468300
2025-04-09,22399.150390625,22399.150390625,0.0,22468.69921875,22353.25,22460.30078125,0.0,383800
2025-04-11,22828.55078125,22828.55078125,0.0,22923.900390625,22695.400390625,22695.400390625,0.0,402200
2025-04-15,23328.55078125,23328.55078125,0.0,23368.349609375,23207.0,23368.349609375,0.0,388300
2025-04-16,23437.19921875,23437.19921875,0.0,23452.19921875,23273.05078125,23344.099609375,0.0,348400
2025-04-17,23851.650390625,23851.650390625,0.0,23872.349609375,23298.55078125,23401.849609375,0.0,505300
2025-04-21,24125.55078125,24125.55078125,0.0,24189.55078125,23903.650390625,23949.150390625,0.0,406100
2025-04-22,24167.25,24167.25,0.0,24242.599609375,24072.0,24185.400390625,0.0,440900
2025-04-23,24328.94921875,24328.94921875,0.0,24359.30078125,24119.94921875,24357.599609375,0.0,415000
2025-04-24,24246.69921875,24246.69921875,0.0,24347.849609375,24216.150390625,24277.900390625,0.0,358800
2025-04-25,24039.349609375,24039.349609375,0.0,24365.44921875,23847.849609375,24289.0,0.0,387700
2025-04-28,24328.5,24328.5,0.0,24355.099609375,24054.05078125,24070.25,0.0,320500
2025-04-29,24335.94921875,24335.94921875,0.0,24457.650390625,24290.75,24370.69921875,0.0,357600
2025-04-30,24334.19921875,24334.19921875,0.0,24396.150390625,24198.75,24342.05078125,0.0,424500
2025-05-02,24346.69921875,24346.69921875,0.0,24589.150390625,24238.5,24311.900390625,0.0,421100
2025-05-05,24461.150390625,24461.150390625,0.0,24526.400390625,24400.650390625,24419.5,0.0,291500
2025-05-06,24379.599609375,24379.599609375,0.0,24509.650390625,24331.80078125,24500.75,0.0,302400
2025-05-07,24414.400390625,24414.400390625,0.0,24449.599609375,24220.0,24233.30078125,0.0,330100
2025-05-08,24273.80078125,24273.80078125,0.0,24447.25,24150.19921875,24431.5,0.0,411400
2025-05-09,24008.0,24008.0,0.0,24164.25,23935.75,23935.75,0.0,335600
2025-05-12,24924.69921875,24924.69921875,0.0,24944.80078125,24378.849609375,24420.099609375,0.0,368700
2025-05-13,24578.349609375,24578.349609375,0.0,24973.80078125,24547.5,24864.05078125,0.0,423000
2025-05-14,24666.900390625,24666.900390625,0.0,24767.55078125,24535.55078125,24613.80078125,0.0,345500
2025-05-15,25062.099609375,25062.099609375,0.0,25116.25,24494.44921875,24694.44921875,0.0,500800
2025-05-16,25019.80078125,25019.80078125,0.0,25070.0,24953.05078125,25064.650390625,0.0,432700
2025-05-19,24945.44921875,24945.44921875,0.0,25062.94921875,24916.650390625,25005.349609375,0.0,255300
2025-05-20,24683.900390625,24683.900390625,0.0,25010.349609375,24669.69921875,24996.19921875,0.0,414800
2025-05-21,24813.44921875,24813.44921875,0.0,24946.19921875,24685.349609375,24744.25,0.0,332700
2025-05-22,24609.69921875,24609.69921875,0.0,24737.5,24462.400390625,24733.94921875,0.0,403300
2025-05-23,24853.150390625,24853.150390625,0.0,24909.05078125,24614.05078125,24639.5,0.0,270500
2025-05-26,25001.150390625,25001.150390625,0.0,25079.19921875,24900.5,24919.349609375,0.0,302800
2025-05-27,24826.19921875,24826.19921875,0.0,25062.900390625,24704.099609375,24956.650390625,0.0,525700
2025-05-28,24752.44921875,24752.44921875,0.0,24864.25,24737.05078125,24832.5,0.0,684400
2025-05-29,24833.599609375,24833.599609375,0.0,24892.599609375,24677.30078125,24825.099609375,0.0,345400
2025-05-30,24750.69921875,24750.69921875,0.0,24863.94921875,24717.400390625,24812.599609375,0.0,853900
2025-06-02,24716.599609375,24716.599609375,0.0,24754.400390625,24526.150390625,24669.69921875,0.0,311100
2025-06-03,24542.5,24542.5,0.0,24845.099609375,24502.150390625,24786.30078125,0.0,349300
2025-06-04,24620.19921875,24620.19921875,0.0,24644.25,24530.44921875,24560.44921875,0.0,280900
2025-06-05,24750.900390625,24750.900390625,0.0,24899.849609375,24613.099609375,24691.19921875,0.0,388400
2025-06-06,25003.05078125,25003.05078125,0.0,25029.5,24671.44921875,24748.69921875,0.0,335600
2025-06-09,25103.19921875,25103.19921875,0.0,25160.099609375,25077.150390625,25160.099609375,0.0,279200
2025-06-10,25104.25,25104.25,0.0,25199.30078125,25055.44921875,25196.05078125,0.0,307300
2025-06-11,25141.400390625,25141.400390625,0.0,25222.400390625,25081.30078125,25134.150390625,0.0,301200
2025-06-12,24888.19921875,24888.19921875,0.0,25196.19921875,24825.900390625,25164.44921875,0.0,328300
2025-06-13,24718.599609375,24718.599609375,0.0,24754.349609375,24473.0,24473.0,0.0,318700
2025-06-16,24946.5,24946.5,0.0,24967.099609375,24703.599609375,24732.349609375,0.0,305800
2025-06-17,24853.400390625,24853.400390625,0.0,24982.05078125,24813.69921875,24977.849609375,0.0,242400
2025-06-18,24812.05078125,24812.05078125,0.0,24947.55078125,24750.44921875,24788.349609375,0.0,237600
2025-06-19,24793.25,24793.25,0.0,24863.099609375,24733.400390625,24803.25,0.0,274600
2025-06-20,25112.400390625,25112.400390625,0.0,25136.19921875,24783.650390625,24787.650390625,0.0,574700
2025-06-23,24971.900390625,24971.900390625,0.0,25057.0,24824.849609375,24939.75,0.0,248500
2025-06-24,25044.349609375,25044.349609375,0.0,25317.69921875,24999.69921875,25179.900390625,0.0,450200
2025-06-25,25244.75,25244.75,0.0,25266.80078125,25125.05078125,25150.349609375,0.0,260600
2025-06-26,25549.0,25549.0,0.0,25565.30078125,25259.900390625,25268.94921875,0.0,428900
2025-06-27,25637.80078125,25637.80078125,0.0,25654.19921875,25523.55078125,25576.650390625,0.0,564000
2025-06-30,25517.05078125,25517.05078125,0.0,25669.349609375,25473.30078125,25661.650390625,0.0,271000
2025-07-01,25541.80078125,25541.80078125,0.0,25593.400390625,25501.80078125,25551.349609375,0.0,260700
2025-07-02,25453.400390625,25453.400390625,0.0,25608.099609375,25378.75,25588.30078125,0.0,309800
2025-07-03,25405.30078125,25405.30078125,0.0,25587.5,25384.349609375,25505.099609375,0.0,293400
2025-07-04,25461.0,25461.0,0.0,25470.25,25331.650390625,25428.849609375,0.0,193500
2025-07-07,25461.30078125,25461.30078125,0.0,25489.80078125,25407.25,25450.44921875,0.0,196100
2025-07-08,25522.5,25522.5,0.0,25548.05078125,25424.150390625,25427.849609375,0.0,210400
2025-07-09,25476.099609375,25476.099609375,0.0,25548.69921875,25424.349609375,25514.599609375,0.0,239100
2025-07-10,25355.25,25355.25,0.0,25524.05078125,25340.44921875,25511.650390625,0.0,219600
2025-07-11,25149.849609375,25149.849609375,0.0,25322.44921875,25129.0,25255.5,0.0,250000
2025-07-14,25082.30078125,25082.30078125,0.0,25151.099609375,25001.94921875,25149.5,0.0,259500
2025-07-15,25195.80078125,25195.80078125,0.0,25245.19921875,25088.44921875,25089.5,0.0,241300
2025-07-16,25212.05078125,25212.05078125,0.0,25255.30078125,25121.05078125,25196.599609375,0.0,228800
2025-07-17,25111.44921875,25111.44921875,0.0,25238.349609375,25101.0,25230.75,0.0,243400
2025-07-18,24968.400390625,24968.400390625,0.0,25144.599609375,24918.650390625,25108.55078125,0.0,317000
2025-07-21,25090.69921875,25090.69921875,0.0,25111.400390625,24882.30078125,24999.0,0.0,305200
2025-07-22,25060.900390625,25060.900390625,0.0,25182.0,25035.55078125,25166.650390625,0.0,483700
2025-07-23,25219.900390625,25219.900390625,0.0,25233.5,25085.5,25139.349609375,0.0,271500
2025-07-24,25062.099609375,25062.099609375,0.0,25246.25,25018.69921875,25243.30078125,0.0,338700
2025-07-25,24837.0,24837.0,0.0,25010.349609375,24806.349609375,25010.349609375,0.0,278100
2025-07-28,24680.900390625,24680.900390625,0.0,24889.19921875,24646.599609375,24782.44921875,0.0,262100
2025-07-29,24821.099609375,24821.099609375,0.0,24847.150390625,24598.599609375,24609.650390625,0.0,284700
2025-07-30,24855.05078125,24855.05078125,0.0,24902.30078125,24771.94921875,24890.400390625,0.0,243900
2025-07-31,24768.349609375,24768.349609375,0.0,24956.5,24635.0,24642.25,0.0,346300
2025-08-01,24565.349609375,24565.349609375,0.0,24784.150390625,24535.05078125,24734.900390625,0.0,263400
2025-08-04,24722.75,24722.75,0.0,24736.25,24554.0,24596.05078125,0.0,259300
2025-08-05,24649.55078125,24649.55078125,0.0,24733.099609375,24590.30078125,24720.25,0.0,251800
2025-08-06,24574.19921875,24574.19921875,0.0,24671.400390625,24539.19921875,24641.349609375,0.0,225100
2025-08-07,24596.150390625,24596.150390625,0.0,24634.19921875,24344.150390625,24464.19921875,0.0,616700
2025-08-08,24363.30078125,24363.30078125,0.0,24585.5,24337.5,24544.25,0.0,312600
2025-08-11,24585.05078125,24585.05078125,0.0,24600.849609375,24347.44921875,24371.5,0.0,241100
2025-08-12,24487.400390625,24487.400390625,0.0,24702.599609375,24465.650390625,24563.349609375,0.0,237000
2025-08-13,24619.349609375,24619.349609375,0.0,24664.55078125,24535.25,24586.19921875,0.0,236000
2025-08-14,24631.30078125,24631.30078125,0.0,24673.650390625,24596.900390625,24607.25,0.0,270200
2025-08-18,24876.94921875,24876.94921875,0.0,25022.0,24852.849609375,24938.19921875,0.0,363100
2025-08-19,24980.650390625,24980.650390625,0.0,25012.650390625,24873.94921875,24891.349609375,0.0,252300
2025-08-20,25050.55078125,25050.55078125,0.0,25088.69921875,24929.69921875,24965.80078125,0.0,287100
2025-08-21,25083.75,25083.75,0.0,25153.650390625,25054.900390625,25142.0,0.0,226500
2025-08-22,24870.099609375,24870.099609375,0.0,25084.849609375,24859.150390625,25064.150390625,0.0,210200
2025-08-25,24967.75,24967.75,0.0,25021.55078125,24894.349609375,24949.150390625,0.0,213000
2025-08-26,24712.05078125,24712.05078125,0.0,24919.650390625,24689.599609375,24899.5,0.0,750500
2025-08-28,24500.900390625,24500.900390625,0.0,24702.650390625,24481.599609375,24695.80078125,0.0,326600
2025-08-29,24426.849609375,24426.849609375,0.0,24572.44921875,24404.69921875,24466.69921875,0.0,325500
2025-09-01,24625.05078125,24625.05078125,0.0,24635.599609375,24432.69921875,24432.69921875,0.0,229300
2025-09-02,24579.599609375,24579.599609375,0.0,24756.099609375,24522.349609375,24653.0,0.0,271600
2025-09-03,24715.05078125,24715.05078125,0.0,24737.05078125,24533.19921875,24616.5,0.0,340300
2025-09-04,24734.30078125,24734.30078125,0.0,24980.75,24708.19921875,24980.75,0.0,314100
2025-09-05,24741.0,24741.0,0.0,24832.349609375,24621.599609375,24818.849609375,0.0,210100
2025-09-08,24773.150390625,24773.150390625,0.0,24885.5,24751.55078125,24802.599609375,0.0,213200
2025-09-09,24868.599609375,24868.599609375,0.0,24891.80078125,24814.0,24864.099609375,0.0,226900
2025-09-10,24973.099609375,24973.099609375,0.0,25035.69921875,24915.05078125,24991.0,0.0,244100
2025-09-11,25005.5,25005.5,0.0,25037.30078125,24940.150390625,24945.5,0.0,224600
2025-09-12,25114.0,25114.0,0.0,25139.44921875,25038.05078125,25074.44921875,0.0,225700
2025-09-15,25069.19921875,25069.19921875,0.0,25138.44921875,25048.75,25118.900390625,0.0,185400
2025-09-16,25239.099609375,25239.099609375,0.0,25261.400390625,25070.44921875,25073.599609375,0.0,240100
2025-09-17,25330.25,25330.25,0.0,25346.5,25275.349609375,25276.599609375,0.0,268900
2025-09-18,25423.599609375,25423.599609375,0.0,25448.94921875,25329.75,25441.05078125,0.0,272200
2025-09-19,25327.05078125,25327.05078125,0.0,25428.75,25286.30078125,25410.19921875,0.0,380400
2025-09-22,25202.349609375,25202.349609375,0.0,25331.69921875,25151.05078125,25238.099609375,0.0,254500
2025-09-23,25169.5,25169.5,0.0,25261.900390625,25084.650390625,25209.0,0.0,299200
2025-09-24,25056.900390625,25056.900390625,0.0,25149.849609375,25027.44921875,25108.75,0.0,244400
2025-09-25,24890.849609375,24890.849609375,0.0,25092.69921875,24878.30078125,25034.5,0.0,342500
2025-09-26,24654.69921875,24654.69921875,0.0,24868.599609375,24629.44921875,24818.55078125,0.0,291500
2025-09-29,24634.900390625,24634.900390625,0.0,24791.30078125,24606.19921875,24728.55078125,0.0,394400
2025-09-30,24611.099609375,24611.099609375,0.0,24731.80078125,24587.69921875,24691.94921875,0.0,303000
2025-10-01,24836.30078125,24836.30078125,0.0,24867.94921875,24605.94921875,24620.55078125,0.0,308900
2025-10-03,24894.25,24894.25,0.0,24904.80078125,24747.55078125,24759.55078125,0.0,365900
2025-10-06,25077.650390625,25077.650390625,0.0,25095.94921875,24881.650390625,24916.55078125,0.0,268800
2025-10-07,25108.30078125,25108.30078125,0.0,25220.900390625,25076.30078125,25085.30078125,0.0,288000
2025-10-08,25046.150390625,25046.150390625,0.0,25192.5,25008.5,25079.75,0.0,227400
2025-10-09,25181.80078125,25181.80078125,0.0,25199.25,25024.30078125,25074.30078125,0.0,286300
2025-10-10,25285.349609375,25285.349609375,0.0,25330.75,25156.849609375,25167.650390625,0.0,232900
2025-10-13,25227.349609375,25227.349609375,0.0,25267.30078125,25152.30078125,25177.30078125,0.0,234300
2025-10-14,25145.5,25145.5,0.0,25310.349609375,25060.55078125,25277.55078125,0.0,292100
2025-10-15,25323.55078125,25323.55078125,0.0,25365.150390625,25159.349609375,25181.94921875,0.0,289900
2025-10-16,25585.30078125,25585.30078125,0.0,25625.400390625,25376.849609375,25394.900390625,0.0,372800
2025-10-17,25709.849609375,25709.849609375,0.0,25781.5,25508.599609375,25546.849609375,0.0,422100
2025-10-20,25843.150390625,25843.150390625,0.0,25926.19921875,25788.5,25824.599609375,0.0,301100
2025-10-21,25868.599609375,25868.599609375,0.0,25934.349609375,25825.80078125,25901.19921875,0.0,42500
2025-10-23,25891.400390625,25891.400390625,0.0,26104.19921875,25862.44921875,26057.19921875,0.0,448400
2025-10-24,25795.150390625,25795.150390625,0.0,25944.150390625,25718.19921875,25935.099609375,0.0,284900
2025-10-27,25966.05078125,25966.05078125,0.0,26005.94921875,25827.0,25843.19921875,0.0,266300
2025-10-28,25936.19921875,25936.19921875,0.0,26041.69921875,25810.05078125,25939.94921875,0.0,395200
2025-10-29,26053.900390625,26053.900390625,0.0,26097.849609375,25960.30078125,25982.0,0.0,321900
2025-10-30,25877.849609375,25877.849609375,0.0,26032.05078125,25845.25,25984.400390625,0.0,257400
2025-10-31,25722.099609375,25722.099609375,0.0,25953.75,25711.19921875,25863.80078125,0.0,334400
2025-11-03,25763.349609375,25763.349609375,0.0,25803.099609375,25645.5,25696.849609375,0.0,23300
2025-11-04,25597.650390625,25597.650390625,0.0,25787.400390625,25578.400390625,25744.75,0.0,305100
2025-11-06,25509.69921875,25509.69921875,0.0,25679.150390625,25491.55078125,25593.349609375,0.0,371900
2025-11-07,25492.30078125,25492.30078125,0.0,25551.25,25318.44921875,25433.80078125,0.0,305600
2025-11-10,25574.349609375,25574.349609375,0.0,25653.44921875,25503.5,25503.5,0.0,243600
2025-11-11,25694.94921875,25694.94921875,0.0,25715.80078125,25449.25,25617.0,0.0,297700
2025-11-12,25875.80078125,25875.80078125,0.0,25934.55078125,25781.150390625,25834.30078125,0.0,312600
2025-11-13,25879.150390625,25879.150390625,0.0,26010.69921875,25808.400390625,25906.099609375,0.0,385200
2025-11-14,25910.05078125,25910.05078125,0.0,25940.19921875,25740.80078125,25767.900390625,0.0,518900
2025-11-17,26013.44921875,26013.44921875,0.0,26024.19921875,25906.349609375,25948.19921875,0.0,281800
2025-11-18,25910.05078125,25910.05078125,0.0,26029.849609375,25876.5,26021.80078125,0.0,280000
2025-11-19,26052.650390625,26052.650390625,0.0,26074.650390625,25856.19921875,25918.099609375,0.0,250100
2025-11-20,26192.150390625,26192.150390625,0.0,26246.650390625,26063.19921875,26132.099609375,0.0,240400
2025-11-21,26068.150390625,26068.150390625,0.0,26179.19921875,26052.19921875,26109.55078125,0.0,235600
2025-11-24,25959.5,25959.5,0.0,26142.80078125,25912.150390625,26122.80078125,0.0,464700
2025-11-25,25884.80078125,25884.80078125,0.0,26032.599609375,25857.5,25998.5,0.0,260500
2025-11-26,26205.30078125,26205.30078125,0.0,26215.150390625,25842.94921875,25842.94921875,0.0,275300
2025-11-27,26215.55078125,26215.55078125,0.0,26310.44921875,26141.900390625,26261.25,0.0,240300
2025-11-28,26202.94921875,26202.94921875,0.0,26280.75,26172.400390625,26237.44921875,0.0,202500
2025-12-01,26175.75,26175.75,0.0,26325.80078125,26124.19921875,26325.80078125,0.0,213800
2025-12-02,26032.19921875,26032.19921875,0.0,26154.599609375,25997.849609375,26087.94921875,0.0,254800
2025-12-03,25986.0,25986.0,0.0,26066.44921875,25891.0,26004.900390625,0.0,265700
2025-12-04,26033.75,26033.75,0.0,26098.25,25938.94921875,25981.849609375,0.0,248100
2025-12-05,26186.44921875,26186.44921875,0.0,26202.599609375,25985.349609375,25999.80078125,0.0,249300
2025-12-08,25960.55078125,25960.55078125,0.0,26178.69921875,25892.25,26159.80078125,0.0,320700
2025-12-09,25839.650390625,25839.650390625,0.0,25923.650390625,25728.0,25867.099609375,0.0,276000
2025-12-10,25758.0,25758.0,0.0,25947.650390625,25734.55078125,25864.05078125,0.0,207900
2025-12-11,25898.55078125,25898.55078125,0.0,25922.80078125,25693.25,25771.400390625,0.0,206100
2025-12-12,26046.94921875,26046.94921875,0.0,26057.599609375,25938.44921875,25971.19921875,0.0,216300
2025-12-15,26027.30078125,26027.30078125,0.0,26047.150390625,25904.75,25930.05078125,0.0,181600
2025-12-16,25860.099609375,25860.099609375,0.0,25980.75,25834.349609375,25951.5,0.0,264400
2025-12-17,25818.55078125,25818.55078125,0.0,25929.150390625,25770.349609375,25902.400390625,0.0,206500
2025-12-18,25815.55078125,25815.55078125,0.0,25902.349609375,25726.30078125,25764.69921875,0.0,197600
2025-12-19,25966.400390625,25966.400390625,0.0,25993.349609375,25880.44921875,25911.5,0.0,382900
2025-12-22,26172.400390625,26172.400390625,0.0,26180.69921875,26047.80078125,26055.849609375,0.0,253000
2025-12-23,26177.150390625,26177.150390625,0.0,26233.55078125,26119.05078125,26205.19921875,0.0,216600
2025-12-24,26142.099609375,26142.099609375,0.0,26236.400390625,26123.0,26170.650390625,0.0,188800
2025-12-26,26042.30078125,26042.30078125,0.0,26144.19921875,26008.599609375,26121.25,0.0,142200
2025-12-29,25942.099609375,25942.099609375,0.0,26106.80078125,25920.30078125,26063.349609375,0.0,234300
2025-12-30,25938.849609375,25938.849609375,0.0,25976.75,25878.0,25940.900390625,0.0,396900
2025-12-31,26129.599609375,26129.599609375,0.0,26187.94921875,25969.0,25971.05078125,0.0,246300
2026-01-01,26146.55078125,26146.55078125,0.0,26197.55078125,26113.400390625,26173.30078125,0.0,425600
2026-01-02,26328.55078125,26328.55078125,0.0,26340.0,26118.400390625,26155.099609375,0.0,357500
2026-01-05,26250.30078125,26250.30078125,0.0,26373.19921875,26210.05078125,26333.69921875,0.0,338800
2026-01-06,26178.69921875,26178.69921875,0.0,26273.94921875,26124.75,26189.69921875,0.0,383000
2026-01-07,26140.75,26140.75,0.0,26187.150390625,26067.900390625,26143.099609375,0.0,338200
2026-01-08,25876.849609375,25876.849609375,0.0,26133.19921875,25858.44921875,26106.5,0.0,328500
2026-01-09,25683.30078125,25683.30078125,0.0,25940.599609375,25623.0,25840.400390625,0.0,348800
2026-01-12,25790.25,25790.25,0.0,25813.150390625,25473.400390625,25669.05078125,0.0,275800
2026-01-13,25732.30078125,25732.30078125,0.0,25899.80078125,25603.30078125,25897.349609375,0.0,339500
2026-01-14,25665.599609375,25665.599609375,0.0,25791.75,25603.94921875,25648.55078125,0.0,393100
2026-01-16,25694.349609375,25694.349609375,0.0,25873.5,25662.400390625,25696.05078125,0.0,434000
2026-01-19,25585.5,25585.5,0.0,25653.30078125,25494.349609375,25653.099609375,0.0,443100
2026-01-20,25232.5,25232.5,0.0,25585.0,25171.349609375,25580.30078125,0.0,409800
2026-01-21,25157.5,25157.5,0.0,25300.94921875,24919.80078125,25141.0,0.0,395600
2026-01-22,25289.900390625,25289.900390625,0.0,25435.75,25168.5,25344.150390625,0.0,486400
2026-01-23,25048.650390625,25048.650390625,0.0,25347.94921875,25025.30078125,25344.599609375,0.0,393900
2026-01-27,25175.400390625,25175.400390625,0.0,25246.650390625,24932.55078125,25063.349609375,0.0,618700
2026-01-28,25342.75,25342.75,0.0,25372.099609375,25187.650390625,25258.849609375,0.0,574900
2026-01-29,25418.900390625,25418.900390625,0.0,25458.150390625,25159.80078125,25345.0,0.0,582400
2026-01-30,25320.650390625,25320.650390625,0.0,25370.69921875,25213.650390625,25247.55078125,0.0,508400
2026-02-02,25088.400390625,25088.400390625,0.0,25108.099609375,24679.400390625,24796.5,0.0,449200
2026-02-03,25727.55078125,25727.55078125,0.0,26341.19921875,25641.30078125,26308.05078125,0.0,637300
2026-02-04,25776.0,25776.0,0.0,25818.55078125,25563.94921875,25675.05078125,0.0,429800
2026-02-05,25642.80078125,25642.80078125,0.0,25757.650390625,25579.5,25755.900390625,0.0,343800
2026-02-06,25693.69921875,25693.69921875,0.0,25703.94921875,25491.900390625,25605.80078125,0.0,375500
2026-02-09,25867.30078125,25867.30078125,0.0,25922.25,25780.900390625,25888.69921875,0.0,359400
2026-02-10,25935.150390625,25935.150390625,0.0,25989.44921875,25870.44921875,25922.650390625,0.0,460900
2026-02-11,25953.849609375,25953.849609375,0.0,26009.400390625,25899.80078125,25997.44921875,0.0,331400
2026-02-12,25807.19921875,25807.19921875,0.0,25906.69921875,25752.400390625,25906.69921875,0.0,419400
2026-02-13,25471.099609375,25471.099609375,0.0,25630.349609375,25444.30078125,25571.150390625,0.0,453500
2026-02-16,25682.75,25682.75,0.0,25697.0,25372.69921875,25423.599609375,0.0,275800
2026-02-17,25725.400390625,25725.400390625,0.0,25764.400390625,25570.30078125,25637.94921875,0.0,344100
2026-02-18,25819.349609375,25819.349609375,0.0,25828.05078125,25645.150390625,25752.650390625,0.0,310200
2026-02-19,25454.349609375,25454.349609375,0.0,25885.30078125,25388.75,25873.349609375,0.0,298200
2026-02-20,25571.25,25571.25,0.0,25663.55078125,25379.75,25406.55078125,0.0,296600
2026-02-23,25713.0,25713.0,0.0,25771.44921875,25609.349609375,25678.400390625,0.0,313700
2026-02-24,25424.650390625,25424.650390625,0.0,25641.80078125,25327.599609375,25641.80078125,0.0,439100
2026-02-25,25482.5,25482.5,0.0,25652.599609375,25428.19921875,25512.599609375,0.0,414200
2026-02-26,25496.55078125,25496.55078125,0.0,25572.94921875,25400.94921875,25556.30078125,0.0,405200
2026-02-27,25178.650390625,25178.650390625,0.0,25476.400390625,25141.30078125,25459.849609375,0.0,438900
2026-03-02,24865.69921875,24865.69921875,0.0,24989.349609375,24603.5,24659.25,0.0,519200
2026-03-04,24480.5,24480.5,0.0,24602.44921875,24305.400390625,24388.80078125,0.0,599000
2026-03-05,24765.900390625,24765.900390625,0.0,24854.19921875,24529.400390625,24615.94921875,0.0,504300
2026-03-06,24450.44921875,24450.44921875,0.0,24700.900390625,24415.75,24656.400390625,0.0,433400
2026-03-09,24028.05078125,24028.05078125,0.0,24078.150390625,23697.80078125,23868.05078125,0.0,526900
2026-03-10,24261.599609375,24261.599609375,0.0,24303.80078125,24079.94921875,24280.80078125,0.0,444300
2026-03-11,23866.849609375,23866.849609375,0.0,24299.0,23834.30078125,24231.849609375,0.0,407400
2026-03-12,23639.150390625,23639.150390625,0.0,23833.150390625,23556.30078125,23674.849609375,0.0,501000
2026-03-13,23151.099609375,23151.099609375,0.0,23492.400390625,23112.0,23462.5,0.0,519800
2026-03-16,23408.80078125,23408.80078125,0.0,23502.0,22955.25,23116.099609375,0.0,540300
2026-03-17,23581.150390625,23581.150390625,0.0,23656.80078125,23346.599609375,23493.19921875,0.0,458800
2026-03-18,23777.80078125,23777.80078125,0.0,23862.25,23618.44921875,23632.900390625,0.0,382900
2026-03-19,23002.150390625,23002.150390625,0.0,23378.69921875,22930.349609375,23197.75,0.0,550100
2026-03-20,23114.5,23114.5,0.0,23345.150390625,23067.599609375,23110.150390625,0.0,663300
2026-03-23,22512.650390625,22512.650390625,0.0,22851.69921875,22471.25,22824.349609375,0.0,550300
2026-03-24,22912.400390625,22912.400390625,0.0,23057.30078125,22624.19921875,22878.44921875,0.0,538100
2026-03-25,23306.44921875,23306.44921875,0.0,23465.349609375,23063.19921875,23064.400390625,0.0,505400
2026-03-27,22819.599609375,22819.599609375,0.0,23186.099609375,22804.55078125,23173.55078125,0.0,612600
2026-03-30,22331.400390625,22331.400390625,0.0,22714.099609375,22283.849609375,22549.650390625,0.0,698600
2026-04-01,22679.400390625,22679.400390625,0.0,22941.30078125,22618.599609375,22899.0,0.0,518000
2026-04-02,22713.099609375,22713.099609375,0.0,22782.30078125,22182.55078125,22383.400390625,0.0,495100
2026-04-06,22968.25,22968.25,0.0,22998.349609375,22542.94921875,22780.30078125,0.0,426400
2026-04-07,23123.650390625,23123.650390625,0.0,23153.849609375,22719.30078125,22838.69921875,0.0,477000
2026-04-08,23997.349609375,23997.349609375,0.0,24025.150390625,23828.5,23855.150390625,0.0,639300
2026-04-09,23775.099609375,23775.099609375,0.0,23990.75,23682.80078125,23909.05078125,0.0,466600
2026-04-10,24050.599609375,24050.599609375,0.0,24074.05078125,23856.349609375,23880.55078125,0.0,481300
2026-04-13,23842.650390625,23842.650390625,0.0,23907.400390625,23555.599609375,23589.599609375,0.0,488800
2026-04-15,24231.30078125,24231.30078125,0.0,24280.900390625,24145.80078125,24163.80078125,0.0,460300
2026-04-16,24196.75,24196.75,0.0,24400.94921875,24102.80078125,24385.19921875,0.0,508000
2026-04-17,24353.55078125,24353.55078125,0.0,24371.900390625,24096.05078125,24165.900390625,0.0,498600
2026-04-20,24364.849609375,24364.849609375,0.0,24480.650390625,24241.25,24391.5,0.0,415900
2026-04-21,24576.599609375,24576.599609375,0.0,24601.69921875,24354.900390625,24374.55078125,0.0,425800
2026-04-22,24378.099609375,24378.099609375,0.0,24515.94921875,24352.900390625,24470.849609375,0.0,440500
2026-04-23,24173.05078125,24173.05078125,0.0,24310.19921875,24134.80078125,24202.349609375,0.0,467500
2026-04-24,23897.94921875,23897.94921875,0.0,24206.0,23813.650390625,24100.55078125,0.0,438400
2026-04-27,24092.69921875,24092.69921875,0.0,24130.69921875,23936.19921875,23945.44921875,0.0,430300
2026-04-28,23995.69921875,23995.69921875,0.0,24181.80078125,23957.05078125,24049.900390625,0.0,554100
2026-04-29,24177.650390625,24177.650390625,0.0,24334.69921875,24059.94921875,24096.900390625,0.0,531100
2026-04-30,23997.55078125,23997.55078125,0.0,24087.44921875,23796.849609375,23996.94921875,0.0,505500
2026-05-04,24119.30078125,24119.30078125,0.0,24290.19921875,24004.75,24063.55078125,0.0,419100
2026-05-05,24032.80078125,24032.80078125,0.0,24081.69921875,23882.05078125,24052.599609375,0.0,363300
2026-05-06,24330.94921875,24330.94921875,0.0,24356.5,23997.900390625,24171.0,0.0,429200
2026-05-07,24326.650390625,24326.650390625,0.0,24482.099609375,24284.0,24398.5,0.0,440600
2026-05-08,24176.150390625,24176.150390625,0.0,24253.80078125,24126.650390625,24233.650390625,0.0,335900
2026-05-11,23815.849609375,23815.849609375,0.0,23997.44921875,23799.099609375,23970.099609375,0.0,390100
2026-05-12,23379.55078125,23379.55078125,0.0,23757.55078125,23348.400390625,23722.599609375,0.0,447500
2026-05-13,23412.599609375,23412.599609375,0.0,23582.94921875,23262.55078125,23362.44921875,0.0,415400
2026-05-14,23689.599609375,23689.599609375,0.0,23777.19921875,23426.55078125,23530.25,0.0,428700
2026-05-15,23643.5,23643.5,0.0,23839.30078125,23610.30078125,23731.400390625,0.0,408900
2026-05-18,23649.94921875,23649.94921875,0.0,23695.650390625,23317.099609375,23482.19921875,0.0,392000
2026-05-19,23618.0,23618.0,0.0,23782.30078125,23587.19921875,23675.30078125,0.0,442000
2026-05-20,23659.0,23659.0,0.0,23690.900390625,23397.30078125,23457.25,0.0,344100
2026-05-21,23654.69921875,23654.69921875,0.0,23859.900390625,23596.599609375,23830.05078125,0.0,348200
2026-05-22,23719.30078125,23719.30078125,0.0,23835.650390625,23671.0,23671.19921875,0.0,336100
2026-05-25,24031.69921875,24031.69921875,0.0,24054.44921875,23922.849609375,23940.25,0.0,351200
2026-05-26,23913.69921875,23913.69921875,0.0,24089.80078125,23885.44921875,24004.099609375,0.0,387900
2026-05-27,23907.150390625,23907.150390625,0.0,23983.19921875,23858.25,23880.349609375,0.0,531600
2026-05-29,23547.75,23547.75,0.0,24002.80078125,23484.75,23902.150390625,0.0,1198000
2026-06-01,23382.599609375,23382.599609375,0.0,23733.69921875,23357.94921875,23654.5,0.0,421700
2026-06-02,23483.55078125,23483.55078125,0.0,23556.94921875,23229.150390625,23229.150390625,0.0,511900
2026-06-03,23405.599609375,23405.599609375,0.0,23459.650390625,23151.5,23415.94921875,0.0,450100
2026-06-04,23416.55078125,23416.55078125,0.0,23465.30078125,23247.30078125,23282.44921875,0.0,412500
2026-06-05,23366.69921875,23366.69921875,0.0,23516.349609375,23282.650390625,23478.94921875,0.0,366200
2026-06-08,23123.0,23123.0,0.0,23267.30078125,23070.150390625,23080.69921875,0.0,375700
2026-06-09,23242.099609375,23242.099609375,0.0,23279.400390625,23104.44921875,23259.05078125,0.0,402600
2026-06-10,23214.94921875,23214.94921875,0.0,23425.349609375,23184.599609375,23233.94921875,0.0,380000
2026-06-11,23161.599609375,23161.599609375,0.0,23327.44921875,23072.05078125,23104.400390625,0.0,363000
2026-06-12,23622.900390625,23622.900390625,0.0,23645.349609375,23313.900390625,23412.55078125,0.0,351900
2026-06-15,23853.900390625,23853.900390625,0.0,24011.400390625,23817.80078125,23984.849609375,0.0,398900
2026-06-16,23989.150390625,23989.150390625,0.0,24002.599609375,23888.19921875,23923.900390625,0.0,327300
2026-06-17,24085.69921875,24085.69921875,0.0,24108.19921875,23969.69921875,24044.5,0.0,352700
2026-06-18,24168.0,24168.0,0.0,24189.25,24036.94921875,24073.80078125,0.0,340000
2026-06-19,24013.099609375,24013.099609375,0.0,24047.19921875,23901.900390625,23991.19921875,0.0,447900
2026-06-22,24102.900390625,24102.900390625,0.0,24168.05078125,24073.150390625,24106.599609375,0.0,252800
2026-06-23,23824.099609375,23824.099609375,0.0,24135.5,23784.94921875,24071.30078125,0.0,340100
2026-06-24,24021.650390625,24021.650390625,0.0,24090.05078125,23789.25,23795.80078125,0.0,395600
2026-06-25,24056.0,24056.0,0.0,24261.599609375,24039.0,24125.849609375,0.0,448800
2026-06-29,23946.25,23946.25,0.0,24120.0,23924.55078125,24061.75,0.0,588500
2026-06-30,23865.75,23865.75,0.0,24035.55078125,23829.19921875,24032.05078125,0.0,449000
