Date,Adj Close,Close,Dividends,High,Low,Open,Stock Splits,Volume
2016-01-01,142.9095458984375,210.2364959716797,0.0,211.1994171142578,209.0489044189453,210.30068969726562,0.0,1536435
2016-01-04,141.8623046875,208.69583129882812,0.0,209.3377685546875,206.41693115234375,208.95260620117188,0.0,6133919
2016-01-05,141.75320434570312,208.53533935546875,0.0,209.5303497314453,208.02178955078125,208.69583129882812,0.0,6040492
2016-01-06,137.49867248535156,202.27639770507812,0.0,209.91552734375,201.92332458496094,209.91552734375,0.0,15821205
2016-01-07,135.0986328125,198.74571228027344,0.0,201.44186401367188,198.1358642578125,201.44186401367188,0.0,12264018
2016-01-08,136.86593627929688,201.3455810546875,0.0,203.49609375,198.8419952392578,199.77281188964844,0.0,10219316
2016-01-11,137.9132080078125,202.88624572753906,0.0,203.36770629882812,198.8419952392578,199.0024871826172,0.0,7141566
2016-01-12,137.5204315185547,202.30848693847656,0.0,203.43190002441406,200.6073455810547,202.3726806640625,0.0,7222615
2016-01-13,137.78228759765625,202.69366455078125,0.0,205.67869567871094,201.98751831054688,203.72076416015625,0.0,7126884
2016-01-14,138.43685913085938,203.6565704345703,0.0,204.61949157714844,200.4468536376953,201.3455810546875,0.0,11933785
2016-01-15,136.9750213623047,201.5060577392578,0.0,203.75286865234375,200.4789581298828,202.27639770507812,0.0,8287068
2016-01-18,137.62953186035156,202.46897888183594,0.0,204.5552978515625,201.08880615234375,201.5060577392578,0.0,12285620
2016-01-19,137.04046630859375,201.60235595703125,0.0,203.8170623779297,200.2542724609375,202.3726806640625,0.0,7099389
2016-01-20,134.81500244140625,198.3284454345703,0.0,205.4219207763672,195.7927703857422,199.25926208496094,0.0,10015115
2016-01-21,133.7022705078125,196.6914825439453,0.0,200.0616912841797,194.9261474609375,200.0616912841797,0.0,13042954
2016-01-22,134.72772216796875,198.20005798339844,0.0,200.767822265625,194.25210571289062,198.36053466796875,0.0,15828472
2016-01-25,135.0113525390625,198.6173095703125,0.0,200.19007873535156,195.18292236328125,196.01744079589844,0.0,9688748
2016-01-27,136.56044006347656,200.89620971679688,0.0,201.69863891601562,197.0445556640625,198.6494140625,0.0,8839231
2016-01-28,139.00411987304688,204.49110412597656,0.0,206.60951232910156,200.0616912841797,200.73573303222656,0.0,14425495
2016-01-29,139.72410583496094,205.55030822753906,0.0,209.27357482910156,203.39979553222656,207.25144958496094,0.0,12977498
2016-02-01,141.70957946777344,208.4711456298828,0.0,208.6316375732422,202.11590576171875,204.5552978515625,0.0,7634682
2016-02-02,141.49139404296875,208.15017700195312,0.0,209.20938110351562,206.3527374267578,207.9254913330078,0.0,7338991
2016-02-03,140.48776245117188,206.6737060546875,0.0,208.15017700195312,205.16514587402344,206.54531860351562,0.0,5111345
2016-02-04,140.4222869873047,206.57742309570312,0.0,208.37486267089844,206.06385803222656,206.96258544921875,0.0,3309501
2016-02-05,141.36050415039062,207.9575958251953,0.0,209.24148559570312,206.705810546875,207.34774780273438,0.0,6754583
2016-02-08,137.56411743164062,202.3726806640625,0.0,208.56744384765625,201.73074340820312,208.5032501220703,0.0,6509280
2016-02-09,136.3204803466797,200.54315185546875,0.0,201.40977478027344,198.8419952392578,201.08880615234375,0.0,11915170
2016-02-10,134.83682250976562,198.36053466796875,0.0,200.89620971679688,197.07666015625,200.35057067871094,0.0,8168586
2016-02-11,130.2767791748047,191.65223693847656,0.0,199.45184326171875,190.9460906982422,199.45184326171875,0.0,14580660
2016-02-12,130.9531707763672,192.64724731445312,0.0,195.88905334472656,191.84481811523438,192.06948852539062,0.0,13703734
2016-02-15,132.5240936279297,194.95823669433594,0.0,196.43470764160156,191.55593872070312,194.50888061523438,0.0,12478912
2016-02-16,128.94589233398438,189.69430541992188,0.0,196.43470764160156,188.5067138671875,195.47178649902344,0.0,10988951
2016-02-17,130.84410095214844,192.48675537109375,0.0,193.73854064941406,185.55377197265625,190.33624267578125,0.0,13598699
2016-02-18,133.2877197265625,196.08163452148438,0.0,196.88406372070312,193.1287078857422,193.54595947265625,0.0,9751124
2016-02-19,132.89500427246094,195.50389099121094,0.0,196.4989013671875,193.22499084472656,195.7927703857422,0.0,7194078
2016-02-22,130.84410095214844,192.48675537109375,0.0,194.28419494628906,188.34622192382812,194.28419494628906,0.0,15270590
2016-02-23,128.20408630371094,188.60299682617188,0.0,191.26705932617188,187.86476135253906,191.26705932617188,0.0,9198036
2016-02-24,125.49862670898438,184.62295532226562,0.0,189.63011169433594,183.59584045410156,188.08944702148438,0.0,14353186
2016-02-25,124.88770294189453,183.72422790527344,0.0,186.356201171875,182.31195068359375,182.69711303710938,0.0,15129076
2016-02-26,126.9604263305664,186.77345275878906,0.0,187.44749450683594,183.05018615722656,185.52166748046875,0.0,12468580
2016-02-29,129.01133728027344,189.79058837890625,0.0,193.6422576904297,172.04086303710938,186.1636199951172,0.0,79431944
2016-03-01,141.97140502929688,208.8563232421875,0.0,209.91552734375,195.7927703857422,195.7927703857422,0.0,67402048
2016-03-02,139.4404754638672,205.13304138183594,0.0,214.34494018554688,204.42691040039062,210.55746459960938,0.0,24680589
2016-03-03,138.82958984375,204.2343292236328,0.0,208.6316375732422,203.33560180664062,207.34774780273438,0.0,10227569
2016-03-04,137.54229736328125,202.34059143066406,0.0,206.54531860351562,202.0517120361328,205.4219207763672,0.0,11818471
2016-03-08,139.7459259033203,205.5823974609375,0.0,207.98968505859375,202.85414123535156,202.85414123535156,0.0,13109801
2016-03-09,139.59323120117188,205.35772705078125,0.0,205.87127685546875,200.73573303222656,203.49609375,0.0,20903665
2016-03-10,137.9350128173828,202.9183349609375,0.0,206.57742309570312,200.83201599121094,205.2614288330078,0.0,13915900
2016-03-11,140.2041015625,206.25643920898438,0.0,206.705810546875,202.2122039794922,202.9183349609375,0.0,12149994
2016-03-14,141.84046936035156,208.66372680664062,0.0,209.27357482910156,206.705810546875,207.0267791748047,0.0,7708725
2016-03-15,138.10955810546875,203.17510986328125,0.0,209.27357482910156,202.2122039794922,209.27357482910156,0.0,16209915
2016-03-16,140.53140258789062,206.73789978027344,0.0,207.60452270507812,202.85414123535156,203.20721435546875,0.0,9728463
2016-03-17,141.2295684814453,207.7650146484375,0.0,208.6316375732422,206.38482666015625,207.50823974609375,0.0,13035516
2016-03-18,141.70957946777344,208.4711456298828,0.0,209.78713989257812,206.705810546875,208.88841247558594,0.0,14383934
2016-03-21,144.6332244873047,212.7721710205078,0.0,215.82139587402344,209.43406677246094,209.75503540039062,0.0,16781906
2016-03-22,141.01138305664062,207.4440460205078,0.0,212.3549041748047,206.8662872314453,210.87843322753906,0.0,19781991
2016-03-23,141.49139404296875,208.15017700195312,0.0,208.69583129882812,205.6466064453125,208.6316375732422,0.0,16015333
2016-03-28,140.7059326171875,206.9946746826172,0.0,211.7129669189453,205.614501953125,209.91552734375,0.0,17073110
2016-03-29,139.63685607910156,205.4219207763672,0.0,209.94761657714844,204.77996826171875,206.16015625,0.0,18701607
2016-03-30,142.8441162109375,210.14019775390625,0.0,211.35989379882812,205.8070831298828,205.8070831298828,0.0,14435320
2016-03-31,143.23684692382812,210.71795654296875,0.0,213.4462127685547,208.56744384765625,209.1451873779297,0.0,28529105
2016-04-01,146.64051818847656,215.72511291503906,0.0,216.20657348632812,208.95260620117188,209.3377685546875,0.0,14850746
2016-04-04,144.30593872070312,212.29071044921875,0.0,213.76718139648438,209.30567932128906,209.91552734375,0.0,14209372
2016-04-05,142.45138549804688,209.5624542236328,0.0,212.0660400390625,208.1180877685547,210.6216583251953,0.0,8964083
2016-04-06,142.21141052246094,209.20938110351562,0.0,211.13522338867188,208.6316375732422,209.81922912597656,0.0,6892514
2016-04-07,139.3968505859375,205.06884765625,0.0,209.91552734375,204.77996826171875,209.91552734375,0.0,10412846
2016-04-08,140.1604766845703,206.19224548339844,0.0,206.9946746826172,204.77996826171875,205.1009521484375,0.0,4985755
2016-04-11,142.8004608154297,210.0760040283203,0.0,210.7500457763672,203.49609375,206.705810546875,0.0,14365804
2016-04-12,140.6841278076172,206.96258544921875,0.0,209.0489044189453,206.06385803222656,208.6316375732422,0.0,6187731
2016-04-13,144.5459442138672,212.64378356933594,0.0,213.57460021972656,208.3106689453125,208.6316375732422,0.0,12397612
2016-04-18,146.35687255859375,215.30784606933594,0.0,217.2015838623047,212.51539611816406,215.0510711669922,0.0,14746380
2016-04-20,146.40049743652344,215.37203979492188,0.0,217.1694793701172,213.51040649414062,215.2757568359375,0.0,9345601
2016-04-21,143.97866821289062,211.8092498779297,0.0,216.0139923095703,210.30068969726562,215.4362335205078,0.0,7212220
2016-04-22,142.16775512695312,209.1451873779297,0.0,212.57958984375,208.278564453125,209.24148559570312,0.0,6515084
2016-04-25,140.05140686035156,206.03176879882812,0.0,208.95260620117188,205.67869567871094,206.25643920898438,0.0,6324530
2016-04-26,142.8659210205078,210.17230224609375,0.0,210.7821502685547,200.6073455810547,201.05670166015625,0.0,15023308
2016-04-27,145.5496063232422,214.12025451660156,0.0,214.7301025390625,209.30567932128906,209.30567932128906,0.0,9677599
2016-04-28,140.9022979736328,207.28355407714844,0.0,213.125244140625,206.41693115234375,211.8413543701172,0.0,20225037
2016-04-29,141.79684448242188,208.5995330810547,0.0,209.3377685546875,205.48611450195312,207.4440460205078,0.0,10729330
2016-05-02,140.13865661621094,206.16015625,0.0,207.98968505859375,205.03675842285156,207.50823974609375,0.0,3388196
2016-05-03,137.9132080078125,202.88624572753906,0.0,207.63662719726562,201.57025146484375,206.4490203857422,0.0,11124246
2016-05-04,136.42953491210938,200.70362854003906,0.0,205.1009521484375,199.09877014160156,202.2122039794922,0.0,6402669
2016-05-05,138.61135864257812,203.91334533691406,0.0,205.614501953125,200.0295867919922,200.286376953125,0.0,6576427
2016-05-06,138.63319396972656,203.94544982910156,0.0,205.03675842285156,196.43470764160156,200.89620971679688,0.0,16183901
2016-05-09,141.7313995361328,208.5032501220703,0.0,209.20938110351562,205.1009521484375,205.4219207763672,0.0,8857475
2016-05-10,141.1641082763672,207.66871643066406,0.0,209.27357482910156,206.5132293701172,208.6316375732422,0.0,8564326
2016-05-11,138.7641143798828,204.13803100585938,0.0,206.54531860351562,202.9183349609375,205.4219207763672,0.0,11154663
2016-05-12,138.8513946533203,204.26641845703125,0.0,206.1280517578125,202.27639770507812,204.81207275390625,0.0,5782937
2016-05-13,139.35321044921875,205.00465393066406,0.0,206.5132293701172,202.30848693847656,204.13803100585938,0.0,9804509
2016-05-16,143.73866271972656,211.45619201660156,0.0,211.8413543701172,203.56028747558594,204.3306121826172,0.0,13469690
2016-05-17,144.21868896484375,212.16232299804688,0.0,214.05606079101562,211.00682067871094,211.8413543701172,0.0,12444300
2016-05-18,145.17869567871094,213.57460021972656,0.0,214.9226837158203,209.1451873779297,210.30068969726562,0.0,7908685
2016-05-19,141.75320434570312,208.53533935546875,0.0,214.4091339111328,207.0267791748047,214.4091339111328,0.0,8918517
2016-05-20,144.15322875976562,212.0660400390625,0.0,217.42626953125,208.5032501220703,209.75503540039062,0.0,21044560
2016-05-23,151.35321044921875,222.65809631347656,0.0,227.5689697265625,217.9398193359375,224.45553588867188,0.0,54852807
2016-05-24,151.8769073486328,223.42843627929688,0.0,225.83572387695312,222.5297088623047,223.39633178710938,0.0,16271995
2016-05-25,155.36781311035156,228.56398010253906,0.0,229.46270751953125,224.5839385986328,224.93699645996094,0.0,10338908
2016-05-26,158.16053771972656,232.67242431640625,0.0,233.6674346923828,226.99122619628906,228.53189086914062,0.0,13074273
2016-05-27,156.78598022460938,230.65029907226562,0.0,233.60324096679688,228.6602783203125,232.99339294433594,0.0,10925400
2016-05-30,159.48236083984375,228.8528594970703,5.666667,230.13674926757812,226.4776611328125,226.86282348632812,0.0,7646107
2016-05-31,157.04428100585938,225.35426330566406,0.0,230.74658203125,224.19876098632812,228.53189086914062,0.0,15054842
2016-06-01,161.67440795898438,231.99838256835938,0.0,232.51193237304688,226.60604858398438,226.60604858398438,0.0,12409528
2016-06-02,160.1533966064453,229.81576538085938,0.0,231.42062377929688,226.73443603515625,231.0033721923828,0.0,13708259
2016-06-03,158.31922912597656,227.18380737304688,0.0,231.0033721923828,226.3171844482422,231.0033721923828,0.0,7381218
2016-06-06,159.0797119140625,228.2751007080078,0.0,229.1417236328125,225.54684448242188,227.055419921875,0.0,7694861
2016-06-07,162.27835083007812,232.86500549316406,0.0,233.50694274902344,229.173828125,229.173828125,0.0,11008034
2016-06-08,162.30068969726562,232.8970947265625,0.0,234.3093719482422,231.5490264892578,233.6674346923828,0.0,7611794
2016-06-09,158.40872192382812,227.31219482421875,0.0,232.99339294433594,226.34927368164062,232.76870727539062,0.0,12065100
2016-06-10,156.88771057128906,225.12957763671875,0.0,230.2330322265625,224.7123260498047,226.63815307617188,0.0,11163385
2016-06-13,156.52978515625,224.61602783203125,0.0,226.95912170410156,221.8877716064453,223.78150939941406,0.0,12184759
2016-06-14,158.05081176757812,226.7986297607422,0.0,227.2480010986328,223.2679443359375,225.2579803466797,0.0,7849407
2016-06-15,160.8468017578125,230.810791015625,0.0,231.0996551513672,227.08750915527344,227.2480010986328,0.0,9890057
2016-06-16,158.76658630371094,227.82574462890625,0.0,230.71449279785156,225.38636779785156,230.71449279785156,0.0,9057747
2016-06-17,160.98101806640625,231.0033721923828,0.0,231.5490264892578,228.1146240234375,228.1146240234375,0.0,9326214
2016-06-20,160.17575073242188,229.84786987304688,0.0,231.74160766601562,227.95413208007812,231.42062377929688,0.0,9020745
2016-06-21,160.37709045410156,230.13674926757812,0.0,230.90707397460938,228.21090698242188,229.4947967529297,0.0,6913784
2016-06-22,158.67709350585938,227.69735717773438,0.0,230.5540008544922,226.3171844482422,228.49978637695312,0.0,9255264
2016-06-23,161.15992736816406,231.26014709472656,0.0,232.0625762939453,227.8899383544922,227.8899383544922,0.0,8991200
2016-06-24,158.40872192382812,227.31219482421875,0.0,231.16384887695312,224.80860900878906,226.3171844482422,0.0,12511364
2016-06-27,160.57838439941406,230.4256134033203,0.0,231.99838256835938,227.31219482421875,227.31219482421875,0.0,10639592
2016-06-28,164.8506317138672,236.55618286132812,0.0,236.9734344482422,230.4256134033203,231.0996551513672,0.0,16301081
2016-06-29,163.86643981933594,235.14390563964844,0.0,237.48699951171875,233.6674346923828,237.48699951171875,0.0,11999827
2016-06-30,164.80589294433594,236.4919891357422,0.0,238.6103973388672,235.047607421875,236.23519897460938,0.0,21706947
2016-07-01,169.3354034423828,242.99166870117188,0.0,250.1172332763672,233.60324096679688,234.27728271484375,1.5,29020448
2016-07-04,164.33615112304688,235.8179473876953,0.0,244.58047485351562,234.95132446289062,244.58047485351562,0.0,14535927
2016-07-05,163.43028259277344,234.51800537109375,0.0,237.84005737304688,233.21807861328125,236.7327117919922,0.0,9335877
2016-07-07,165.745361328125,237.84005737304688,0.0,239.4288787841797,234.8550262451172,235.43276977539062,0.0,9305981
2016-07-08,164.97364807128906,236.7327117919922,0.0,238.22523498535156,233.50694274902344,238.22523498535156,0.0,7165465
2016-07-11,167.18804931640625,239.91033935546875,0.0,242.26947021484375,237.59933471679688,239.09185791015625,0.0,7547920
2016-07-12,166.68478393554688,239.18814086914062,0.0,242.6064910888672,237.84005737304688,241.64358520507812,0.0,4302932
2016-07-13,165.81243896484375,237.9363555908203,0.0,239.95848083496094,236.8771514892578,239.23629760742188,0.0,4510416
2016-07-14,166.8861083984375,239.47702026367188,0.0,241.6917266845703,236.01052856445312,237.84005737304688,0.0,6326605
2016-07-15,166.9867706298828,239.6214599609375,0.0,243.1842498779297,238.3696746826172,239.76589965820312,0.0,9705885
2016-07-18,167.02032470703125,239.6696014404297,0.0,240.6806640625,238.41781616210938,239.8140411376953,0.0,7088259
2016-07-19,167.1209716796875,239.8140411376953,0.0,240.7288055419922,236.4919891357422,239.76589965820312,0.0,6980063
2016-07-20,167.92620849609375,240.96954345703125,0.0,242.65464782714844,238.7548370361328,239.8140411376953,0.0,9671252
2016-07-21,168.16110229492188,241.3065643310547,0.0,244.09901428222656,237.35861206054688,243.6175537109375,0.0,12168179
2016-07-22,167.65782165527344,240.58438110351562,0.0,246.69888305664062,237.9844970703125,243.76199340820312,0.0,16388121
2016-07-25,168.93275451660156,242.41390991210938,0.0,242.65464782714844,239.76589965820312,240.2473602294922,0.0,9212323
2016-07-26,168.93275451660156,242.41390991210938,0.0,244.14715576171875,241.21026611328125,242.317626953125,0.0,7080363
2016-07-27,166.01376342773438,238.22523498535156,0.0,244.29159545898438,237.16603088378906,241.6917266845703,0.0,9241105
2016-07-28,170.64389038085938,244.8693389892578,0.0,245.92855834960938,239.04371643066406,240.15106201171875,0.0,11787316
2016-07-29,169.40249633789062,243.08795166015625,0.0,246.98776245117188,242.07688903808594,244.77305603027344,0.0,12596909
2016-08-01,168.16110229492188,241.3065643310547,0.0,245.73597717285156,240.29550170898438,242.65464782714844,0.0,9926094
2016-08-02,175.00563049316406,251.1282958984375,0.0,252.28379821777344,241.6917266845703,241.6917266845703,0.0,17425566
2016-08-03,169.57025146484375,243.3286895751953,0.0,250.3579559326172,241.9324493408203,250.3579559326172,0.0,11408861
2016-08-04,169.16761779785156,242.7509307861328,0.0,245.39895629882812,240.92138671875,244.58047485351562,0.0,8995366
2016-08-05,169.46958923339844,243.1842498779297,0.0,246.98776245117188,241.78802490234375,242.799072265625,0.0,4533189
2016-08-08,167.7248992919922,240.6806640625,0.0,245.3026580810547,240.2473602294922,243.6175537109375,0.0,8739307
2016-08-09,166.18153381347656,238.46595764160156,0.0,240.7288055419922,236.9734344482422,240.7288055419922,0.0,9718838
2016-08-10,165.4098358154297,237.35861206054688,0.0,239.18814086914062,236.6845703125,238.802978515625,0.0,5457692
2016-08-11,168.8656463623047,242.317626953125,0.0,243.4249725341797,237.40675354003906,237.84005737304688,0.0,11158153
2016-08-12,170.50967407226562,244.6767578125,0.0,246.02484130859375,241.01768493652344,241.25840759277344,0.0,8603626
2016-08-16,171.18072509765625,245.63967895507812,0.0,248.43212890625,244.05087280273438,244.82119750976562,0.0,10689714
2016-08-17,170.24127197265625,244.29159545898438,0.0,247.22848510742188,242.84722900390625,245.11007690429688,0.0,8649054
2016-08-18,169.201171875,242.799072265625,0.0,245.92855834960938,242.17318725585938,244.96563720703125,0.0,6939437
2016-08-19,168.39588928222656,241.64358520507812,0.0,243.03981018066406,240.4880828857422,242.65464782714844,0.0,5531361
2016-08-22,170.50967407226562,244.6767578125,0.0,245.3026580810547,242.17318725585938,242.317626953125,0.0,4345966
2016-08-23,168.69789123535156,242.07688903808594,0.0,245.5433807373047,241.01768493652344,244.96563720703125,0.0,6694732
2016-08-24,167.92620849609375,240.96954345703125,0.0,242.65464782714844,239.8621826171875,241.88430786132812,0.0,5590189
2016-08-25,170.07351684570312,244.05087280273438,0.0,245.5433807373047,240.96954345703125,242.7509307861328,0.0,9884849
2016-08-26,170.30838012695312,244.3878936767578,0.0,245.4470977783203,242.70278930664062,243.95457458496094,0.0,4936367
2016-08-29,169.6373291015625,243.4249725341797,0.0,244.53233337402344,241.7398681640625,243.6175537109375,0.0,4437169
2016-08-30,172.656982421875,247.75808715820312,0.0,248.33584594726562,243.6656951904297,244.29159545898438,0.0,7989072
2016-08-31,174.50233459472656,250.40611267089844,0.0,251.80233764648438,246.89146423339844,248.72100830078125,0.0,13265582
2016-09-01,175.1398162841797,251.3208770751953,0.0,253.2467041015625,249.4913330078125,251.3208770751953,0.0,8695602
2016-09-02,176.4147491455078,253.15042114257812,0.0,253.92074584960938,250.59869384765625,252.28379821777344,0.0,9506919
2016-09-06,176.21347045898438,252.86154174804688,0.0,256.0391540527344,251.41717529296875,253.2467041015625,0.0,9519864
2016-09-07,176.34768676757812,253.0541229248047,0.0,255.1243896484375,252.28379821777344,254.20962524414062,0.0,6656556
2016-09-08,177.75685119628906,255.0762481689453,0.0,255.7021484375,252.9578399658203,253.72816467285156,0.0,8645619
2016-09-09,173.32803344726562,248.72100830078125,0.0,254.64292907714844,247.51736450195312,253.2467041015625,0.0,10131678
2016-09-12,169.26828002929688,242.89537048339844,0.0,247.1803436279297,242.41390991210938,246.45816040039062,0.0,7627126
2016-09-14,168.99986267089844,242.5102081298828,0.0,243.71385192871094,240.29550170898438,241.6917266845703,0.0,13020551
2016-09-15,171.717529296875,246.41000366210938,0.0,248.33584594726562,243.13609313964844,243.13609313964844,0.0,8077776
2016-09-16,174.70364379882812,250.69497680664062,0.0,252.47637939453125,245.92855834960938,246.5063018798828,0.0,14578809
2016-09-19,173.69708251953125,249.2506103515625,0.0,252.86154174804688,248.67286682128906,251.80233764648438,0.0,6724348
2016-09-20,172.422119140625,247.4210662841797,0.0,249.63577270507812,245.78411865234375,249.58763122558594,0.0,6944197
2016-09-21,170.20770263671875,244.2434539794922,0.0,249.2024688720703,243.6175537109375,247.1803436279297,0.0,9139238
2016-09-22,171.28140258789062,245.78411865234375,0.0,247.66180419921875,244.33973693847656,245.97669982910156,0.0,7988449
2016-09-23,170.07351684570312,244.05087280273438,0.0,247.46922302246094,242.46205139160156,245.5433807373047,0.0,5143011
2016-09-26,166.4499053955078,238.8511199951172,0.0,243.85829162597656,238.32151794433594,243.6175537109375,0.0,10060086
2016-09-27,164.97364807128906,236.7327117919922,0.0,240.00662231445312,235.9142303466797,239.4288787841797,0.0,6900812
2016-09-28,165.71180725097656,237.7919158935547,0.0,240.15106201171875,236.39569091796875,237.16603088378906,0.0,7646466
2016-09-29,164.8730010986328,236.58827209472656,0.0,240.0547637939453,232.0625762939453,238.89927673339844,0.0,18104875
2016-09-30,161.95401000976562,232.39959716796875,0.0,237.7919158935547,231.58111572265625,236.54013061523438,0.0,9912734
2016-10-03,162.59146118164062,233.31436157226562,0.0,235.14390563964844,232.59217834472656,235.14390563964844,0.0,6714964
2016-10-04,161.85336303710938,232.25515747070312,0.0,234.90316772460938,231.43667602539062,233.9884033203125,0.0,8002732
2016-10-05,161.1822967529297,231.292236328125,0.0,234.2291259765625,230.32933044433594,232.83290100097656,0.0,6470467
2016-10-06,159.30340576171875,228.59608459472656,0.0,233.02548217773438,226.91098022460938,233.02548217773438,0.0,8986109
2016-10-07,160.343505859375,230.08859252929688,0.0,231.34039306640625,227.97018432617188,229.07752990722656,0.0,4164582
2016-10-10,161.11521911621094,231.19595336914062,0.0,233.60324096679688,230.66635131835938,233.02548217773438,0.0,5241260
2016-10-13,160.343505859375,230.08859252929688,0.0,232.49588012695312,228.1627655029297,231.19595336914062,0.0,11089281
2016-10-14,160.98101806640625,231.0033721923828,0.0,231.58111572265625,229.2219696044922,230.13674926757812,0.0,9579094
2016-10-17,161.45074462890625,231.6774139404297,0.0,232.78475952148438,229.65528869628906,231.0033721923828,0.0,6379993
2016-10-18,165.040771484375,236.82901000976562,0.0,237.40675354003906,231.38853454589844,232.0625762939453,0.0,12234489
2016-10-19,160.67904663085938,230.57005310058594,0.0,236.54013061523438,229.55899047851562,236.54013061523438,0.0,8734555
2016-10-20,160.6119384765625,230.47377014160156,0.0,232.39959716796875,229.27012634277344,232.0625762939453,0.0,4572220
2016-10-21,161.14877319335938,231.2440948486328,0.0,232.20701599121094,229.89601135253906,230.13674926757812,0.0,10999941
2016-10-24,161.95401000976562,232.39959716796875,0.0,233.02548217773438,230.810791015625,232.0625762939453,0.0,9944640
2016-10-25,160.2093048095703,229.89601135253906,0.0,233.89212036132812,229.31826782226562,233.89212036132812,0.0,6177333
2016-10-26,160.2093048095703,229.89601135253906,0.0,233.50694274902344,224.84071350097656,230.95521545410156,0.0,24852951
2016-10-27,163.12832641601562,234.08470153808594,0.0,235.72164916992188,230.76263427734375,232.25515747070312,0.0,15943817
2016-10-28,163.12832641601562,234.08470153808594,0.0,235.2401885986328,230.61819458007812,235.2401885986328,0.0,9674418
2016-11-01,161.01454162597656,231.051513671875,0.0,233.7958221435547,230.2811737060547,233.7958221435547,0.0,5730426
2016-11-02,159.236328125,228.49978637695312,0.0,230.08859252929688,226.38137817382812,228.21090698242188,0.0,4867894
2016-11-03,161.2494354248047,231.38853454589844,0.0,233.31436157226562,227.2480010986328,228.25906372070312,0.0,9210542
2016-11-04,167.1209716796875,239.8140411376953,0.0,246.89146423339844,237.88821411132812,242.17318725585938,0.0,36621117
2016-11-07,172.1201629638672,246.98776245117188,0.0,250.0209503173828,237.84005737304688,244.3878936767578,0.0,25202734
2016-11-08,171.51622009277344,246.1211395263672,0.0,247.85438537597656,242.84722900390625,246.98776245117188,0.0,10317962
2016-11-09,166.5170440673828,238.94741821289062,0.0,245.5433807373047,229.70343017578125,230.2811737060547,0.0,23914156
2016-11-10,168.46302795410156,241.7398681640625,0.0,243.6175537109375,236.44383239746094,243.47311401367188,0.0,12012673
2016-11-11,163.0276641845703,233.9402618408203,0.0,239.71774291992188,232.0625762939453,238.802978515625,0.0,13232720
2016-11-15,159.3705291748047,228.69236755371094,0.0,237.7437744140625,227.055419921875,232.9773406982422,0.0,22012736
2016-11-16,154.94171142578125,222.33712768554688,0.0,230.2330322265625,219.5928192138672,229.1256866455078,0.0,31846924
2016-11-17,155.3443145751953,222.91488647460938,0.0,225.32217407226562,219.92984008789062,219.9779815673828,0.0,9640577
2016-11-18,152.89505004882812,219.40023803710938,0.0,222.81858825683594,218.6780548095703,221.4705047607422,0.0,8575440
2016-11-21,150.44573974609375,215.88558959960938,0.0,220.12242126464844,215.30784606933594,219.7372589111328,0.0,7878052
2016-11-22,151.7207489013672,217.7151336669922,0.0,219.64096069335938,215.21156311035156,216.6559295654297,0.0,9570300
2016-11-23,150.7477264404297,216.31890869140625,0.0,219.3520965576172,215.21156311035156,218.82249450683594,0.0,10720504
2016-11-24,149.97604370117188,215.21156311035156,0.0,216.8966522216797,213.8634796142578,216.6559295654297,0.0,18697423
2016-11-25,153.5325164794922,220.31500244140625,0.0,221.90382385253906,214.7782440185547,216.17446899414062,0.0,7890103
2016-11-28,156.8206024169922,225.03329467773438,0.0,225.51475524902344,218.87063598632812,219.92984008789062,0.0,9472016
2016-11-29,155.0423583984375,222.4815673828125,0.0,226.91098022460938,221.7112274169922,224.4073944091797,0.0,8945347
2016-11-30,156.0153350830078,223.87779235839844,0.0,225.70733642578125,220.6520233154297,223.39633178710938,0.0,11507955
2016-12-01,156.6864013671875,224.84071350097656,0.0,226.2850799560547,222.4815673828125,224.1666717529297,0.0,5358757
2016-12-02,153.3312530517578,220.02613830566406,0.0,224.3592529296875,219.544677734375,224.3592529296875,0.0,8693600
2016-12-05,156.04888916015625,223.92593383789062,0.0,224.5518341064453,219.01507568359375,220.4113006591797,0.0,5320355
2016-12-06,154.4720001220703,221.6630859375,0.0,224.3592529296875,220.6520233154297,224.3592529296875,0.0,5100487
2016-12-07,152.45884704589844,218.7743377685547,0.0,222.91488647460938,218.1002960205078,222.91488647460938,0.0,8419775
2016-12-08,156.55215454101562,224.64813232421875,0.0,226.57395935058594,219.83355712890625,220.5557403564453,0.0,7648947
2016-12-09,158.46461486816406,227.39244079589844,0.0,230.71449279785156,223.92593383789062,225.3703155517578,0.0,8648965
2016-12-12,155.88116455078125,223.68521118164062,0.0,225.99620056152344,223.3481903076172,225.51475524902344,0.0,3155645
2016-12-13,158.1291046142578,226.91098022460938,0.0,228.1146240234375,223.5889129638672,226.09249877929688,0.0,7727181
2016-12-14,156.4515380859375,224.50369262695312,0.0,227.72946166992188,223.39633178710938,227.2480010986328,0.0,6556449
2016-12-15,154.13645935058594,221.18162536621094,0.0,225.70733642578125,220.02613830566406,223.39633178710938,0.0,5538310
2016-12-16,151.88851928710938,217.95587158203125,0.0,222.2408447265625,217.6188507080078,222.2408447265625,0.0,13422991
2016-12-19,152.3246612548828,218.58175659179688,0.0,220.50758361816406,216.99295043945312,216.99295043945312,0.0,5665425
2016-12-20,154.3042449951172,221.42236328125,0.0,222.2408447265625,219.06321716308594,220.02613830566406,0.0,6145411
2016-12-21,151.85494995117188,217.90771484375,0.0,221.27792358398438,217.13739013671875,220.50758361816406,0.0,13379223
2016-12-22,152.69375610351562,219.11135864257812,0.0,219.92984008789062,215.93374633789062,216.8966522216797,0.0,6668113
2016-12-23,150.78128051757812,216.36705017089844,0.0,219.06321716308594,215.50042724609375,219.06321716308594,0.0,11177602
2016-12-26,150.98260498046875,216.6559295654297,0.0,217.4744110107422,213.76718139648438,216.55963134765625,0.0,9071721
2016-12-27,157.0554962158203,225.3703155517578,0.0,226.1887969970703,216.030029296875,217.6188507080078,0.0,16206836
2016-12-28,157.9949188232422,226.71839904785156,0.0,227.63316345214844,224.07037353515625,224.07037353515625,0.0,14711711
2016-12-29,158.36398315429688,227.2480010986328,0.0,228.21090698242188,223.68521118164062,226.57395935058594,0.0,14593942
2016-12-30,162.15530395507812,232.68846130371094,0.0,233.41065979003906,227.536865234375,228.64422607421875,0.0,10821396
2017-01-02,161.6856231689453,232.01443481445312,0.0,233.26622009277344,229.75157165527344,233.02548217773438,0.0,5075736
2017-01-03,163.2960662841797,234.32542419433594,0.0,236.58827209472656,230.37747192382812,231.96627807617188,0.0,7798116
2017-01-04,164.70523071289062,236.34754943847656,0.0,237.84005737304688,231.19595336914062,233.84396362304688,0.0,9668664
2017-01-05,165.57760620117188,237.59933471679688,0.0,238.65853881835938,235.047607421875,235.43276977539062,0.0,9532162
2017-01-06,162.85989379882812,233.69952392578125,0.0,239.76589965820312,233.21807861328125,237.84005737304688,0.0,8404984
2017-01-09,164.97364807128906,236.7327117919922,0.0,237.45489501953125,233.1217803955078,233.84396362304688,0.0,5041639
2017-01-10,167.05384826660156,239.71774291992188,0.0,240.58438110351562,236.58827209472656,236.8771514892578,0.0,12438618
2017-01-11,166.1144256591797,238.3696746826172,0.0,241.21026611328125,237.45489501953125,240.53622436523438,0.0,7931415
2017-01-12,164.1684112548828,235.57720947265625,0.0,238.51409912109375,235.09576416015625,238.51409912109375,0.0,5816779
2017-01-13,167.52357482910156,240.39178466796875,0.0,241.6917266845703,233.50694274902344,236.8771514892578,0.0,4553691
2017-01-16,166.95321655273438,239.5733184814453,0.0,241.5472869873047,237.9363555908203,240.00662231445312,0.0,4813933
2017-01-17,169.0669708251953,242.6064910888672,0.0,242.94351196289062,239.5733184814453,239.5733184814453,0.0,4996927
2017-01-18,168.3288116455078,241.5472869873047,0.0,244.8693389892578,240.53622436523438,242.26947021484375,0.0,7534139
2017-01-19,170.54324340820312,244.72491455078125,0.0,245.3026580810547,240.29550170898438,240.4880828857422,0.0,9538148
2017-01-20,171.38206481933594,245.92855834960938,0.0,246.79518127441406,244.29159545898438,244.82119750976562,0.0,11261533
2017-01-23,174.23394775390625,250.0209503173828,0.0,250.5023956298828,245.59153747558594,245.63967895507812,0.0,11101905
2017-01-24,174.36813354492188,250.21353149414062,0.0,251.0801544189453,247.80624389648438,249.97279357910156,0.0,8341113
2017-01-25,178.159423828125,255.65399169921875,0.0,256.5206298828125,249.97279357910156,250.309814453125,0.0,18123606
2017-01-27,172.72409057617188,247.85438537597656,0.0,257.05023193359375,246.60260009765625,253.72816467285156,0.0,25440485
2017-01-30,171.85179138183594,246.60260009765625,0.0,251.3208770751953,246.02484130859375,248.8173065185547,0.0,9253765
2017-01-31,173.19381713867188,248.52842712402344,0.0,250.309814453125,245.15821838378906,246.69888305664062,0.0,10380649
2017-02-01,180.97784423828125,259.6982421875,0.0,260.0834045410156,248.91358947753906,250.3579559326172,0.0,35144107
2017-02-02,184.0645751953125,264.1276550292969,0.0,269.5199890136719,259.5056457519531,260.9500427246094,0.0,30867395
2017-02-03,183.22579956054688,262.92401123046875,0.0,265.28314208984375,260.46856689453125,263.8387756347656,0.0,9356904
2017-02-06,185.74212646484375,266.5349426269531,0.0,268.6533508300781,263.93505859375,264.7054138183594,0.0,8538188
2017-02-07,185.94346618652344,266.8238220214844,0.0,281.315673828125,265.37945556640625,268.2681884765625,0.0,25251605
2017-02-08,184.40008544921875,264.6091003417969,0.0,268.6533508300781,261.9129333496094,265.28314208984375,0.0,11114871
2017-02-09,186.3125457763672,267.3534240722656,0.0,268.0755920410156,262.5388488769531,265.7646179199219,0.0,5070408
2017-02-10,183.42709350585938,263.212890625,0.0,268.7496337890625,261.4796447753906,268.3644714355469,0.0,7975779
2017-02-13,181.58172607421875,260.5648498535156,0.0,266.10162353515625,258.6390380859375,265.1868591308594,0.0,9312915
2017-02-14,181.71595764160156,260.7574462890625,0.0,263.3573303222656,259.16864013671875,259.98712158203125,0.0,6911954
2017-02-15,183.46060180664062,263.2610168457031,0.0,265.28314208984375,261.1426086425781,261.1426086425781,0.0,7827599
2017-02-16,178.93116760253906,256.7613525390625,0.0,261.4314880371094,255.84657287597656,260.0352478027344,0.0,10982700
2017-02-17,179.93771362304688,258.2057189941406,0.0,258.92791748046875,254.20962524414062,257.4353942871094,0.0,9700816
2017-02-20,178.52850341796875,256.18359375,0.0,257.53167724609375,255.7021484375,256.1354675292969,0.0,5934404
2017-02-21,176.58253479003906,253.39114379882812,0.0,256.3761901855469,251.1282958984375,256.1354675292969,0.0,10251239
2017-02-22,176.78384399414062,253.68002319335938,0.0,256.3761901855469,251.94677734375,254.59478759765625,0.0,8815003
2017-02-23,178.26011657714844,255.79843139648438,0.0,258.2538757324219,251.89862060546875,254.20962524414062,0.0,12837302
2017-02-27,177.55555725097656,254.78736877441406,0.0,256.1354675292969,248.28768920898438,255.7021484375,0.0,5270544
2017-02-28,175.94505310058594,252.47637939453125,0.0,254.78736877441406,251.22459411621094,253.2467041015625,0.0,8558167
2017-03-01,180.17257690429688,258.5427551269531,0.0,259.6982421875,252.66896057128906,252.66896057128906,0.0,15139871
2017-03-02,177.6561737060547,254.9318084716797,0.0,260.22784423828125,253.72816467285156,258.5427551269531,0.0,10453722
2017-03-03,175.50888061523438,251.85047912597656,0.0,253.6318817138672,248.57656860351562,252.28379821777344,0.0,10371862
2017-03-06,177.22003173828125,254.30592346191406,0.0,255.22068786621094,251.85047912597656,252.9578399658203,0.0,9927375
2017-03-07,177.3206787109375,254.45034790039062,0.0,255.17254638671875,251.46531677246094,254.49850463867188,0.0,7183529
2017-03-08,177.25357055664062,254.35406494140625,0.0,255.65399169921875,253.72816467285156,254.64292907714844,0.0,5993605
2017-03-09,177.7904052734375,255.1243896484375,0.0,256.42431640625,252.57266235351562,256.23175048828125,0.0,9847115
2017-03-10,176.78384399414062,253.68002319335938,0.0,255.22068786621094,252.90968322753906,255.1243896484375,0.0,5880374
2017-03-14,179.23316955566406,257.1946716308594,0.0,261.575927734375,255.36512756347656,256.3280334472656,0.0,18508020
2017-03-15,179.97128295898438,258.2538757324219,0.0,260.6611633300781,255.36512756347656,255.36512756347656,0.0,14475482
2017-03-16,180.13900756835938,258.4945983886719,0.0,261.1907653808594,257.579833984375,260.22784423828125,0.0,9020039
2017-03-17,188.72825622558594,270.8199157714844,0.0,278.18621826171875,266.5349426269531,266.5349426269531,0.0,54015422
2017-03-20,189.16441345214844,271.44580078125,0.0,273.6605224609375,267.49786376953125,272.4087219238281,0.0,16509511
2017-03-21,193.190673828125,277.2232971191406,0.0,277.8973388671875,272.5050048828125,272.6976013183594,0.0,13734401
2017-03-22,187.78880310058594,269.4718322753906,0.0,277.1751403808594,268.2681884765625,274.43084716796875,0.0,12874461
2017-03-23,186.2789764404297,267.3052673339844,0.0,272.0235595703125,264.8979797363281,267.208984375,0.0,17547913
2017-03-24,188.5605010986328,270.5791931152344,0.0,272.5050048828125,268.4126281738281,268.5089111328125,0.0,7398317
2017-03-27,188.96311950683594,271.15692138671875,0.0,272.4087219238281,266.053466796875,270.0495910644531,0.0,12623097
2017-03-28,188.22496032714844,270.09771728515625,0.0,271.73468017578125,269.6644287109375,271.15692138671875,0.0,6532115
2017-03-29,190.03677368164062,272.6976013183594,0.0,273.1790466308594,269.808837890625,269.808837890625,0.0,8828112
2017-03-30,189.73477172851562,272.2642822265625,0.0,274.09381103515625,269.6644287109375,273.4679260253906,0.0,14948411
2017-03-31,188.09080505371094,269.9051513671875,0.0,272.5050048828125,268.4126281738281,270.5791931152344,0.0,9929324
2017-04-03,188.92958068847656,271.1087951660156,0.0,273.082763671875,268.31634521484375,272.31243896484375,0.0,7507187
2017-04-05,187.1848602294922,268.6051940917969,0.0,272.9864807128906,267.40155029296875,272.6976013183594,0.0,10685034
2017-04-06,183.9303436279297,263.93505859375,0.0,268.79779052734375,263.0684509277344,267.8830261230469,0.0,16243974
2017-04-07,182.95738220214844,262.5388488769531,0.0,263.98321533203125,260.8537292480469,262.8758544921875,0.0,9480161
2017-04-10,183.56130981445312,263.40545654296875,0.0,264.80169677734375,262.0092468261719,264.80169677734375,0.0,5687364
2017-04-11,189.2650909423828,271.5902404785156,0.0,272.1198425292969,261.7203674316406,262.97216796875,0.0,11355730
2017-04-12,189.16441345214844,271.44580078125,0.0,274.2382507324219,269.1829528808594,271.25323486328125,0.0,7507416
2017-04-13,187.319091796875,268.79779052734375,0.0,271.5421142578125,267.208984375,271.44580078125,0.0,4085766
2017-04-17,187.2855682373047,268.7496337890625,0.0,272.0235595703125,265.331298828125,266.2942199707031,0.0,5017073
2017-04-18,187.25198364257812,268.7015075683594,0.0,273.4679260253906,267.7867431640625,269.808837890625,0.0,4497780
2017-04-19,187.01712036132812,268.3644714355469,0.0,271.0606384277344,267.5459899902344,270.7236328125,0.0,5143709
2017-04-20,187.55392456054688,269.1347961425781,0.0,271.0606384277344,268.0274658203125,269.327392578125,0.0,4400814
2017-04-21,184.0980987548828,264.1758117675781,0.0,271.5421142578125,262.58697509765625,271.5421142578125,0.0,9041742
2017-04-24,185.7086181640625,266.4867858886719,0.0,267.25714111328125,261.094482421875,266.1497802734375,0.0,7392939
2017-04-25,188.76181030273438,270.8680725097656,0.0,271.5421142578125,263.74249267578125,267.6904296875,0.0,13211107
2017-04-26,195.20372009277344,280.1120300292969,0.0,282.0378723144531,271.5421142578125,272.79388427734375,0.0,19671557
2017-04-27,191.7814483642578,275.201171875,0.0,281.074951171875,273.94940185546875,280.593505859375,0.0,14075606
2017-04-28,186.54734802246094,267.6904296875,0.0,275.8752136230469,267.0645446777344,275.201171875,0.0,12851433
2017-05-02,187.35267639160156,268.845947265625,0.0,270.8680725097656,266.2460632324219,270.09771728515625,0.0,7298698
2017-05-03,186.04412841796875,266.96826171875,0.0,269.1347961425781,265.28314208984375,269.1347961425781,0.0,6271881
2017-05-04,188.69467163085938,270.7717590332031,0.0,271.73468017578125,265.9090576171875,267.5941467285156,0.0,8070845
2017-05-05,185.97703552246094,266.8719482421875,0.0,270.5310363769531,266.1497802734375,270.5310363769531,0.0,4192254
2017-05-08,183.15869140625,262.8277282714844,0.0,268.1719055175781,262.4425354003906,267.25714111328125,0.0,11038927
2017-05-09,182.18568420410156,261.4314880371094,0.0,266.3905029296875,260.9500427246094,263.3573303222656,0.0,7008749
2017-05-10,183.82969665527344,263.7906188964844,0.0,265.4757385253906,261.9129333496094,262.10552978515625,0.0,4754549
2017-05-11,185.64149475097656,266.3905029296875,0.0,268.79779052734375,263.8387756347656,265.28314208984375,0.0,9778012
2017-05-12,184.500732421875,264.7535400390625,0.0,267.0163879394531,263.8869323730469,267.0163879394531,0.0,4672675
2017-05-15,186.5138397216797,267.6423034667969,0.0,268.55706787109375,265.28314208984375,265.6683044433594,0.0,5673245
2017-05-16,190.2045135498047,272.9383239746094,0.0,273.7568054199219,267.6904296875,268.1719055175781,0.0,11635819
2017-05-17,188.99667358398438,271.205078125,0.0,273.85308837890625,268.8940734863281,273.564208984375,0.0,8617269
2017-05-18,186.48028564453125,267.5941467285156,0.0,270.6273193359375,266.7756652832031,267.6904296875,0.0,8229448
2017-05-19,192.04986572265625,275.5863342285156,0.0,284.6858825683594,271.49395751953125,271.7828369140625,0.0,37099971
2017-05-22,203.72589111328125,292.341064453125,0.0,293.4965515136719,280.4972229003906,281.60455322265625,0.0,37323445
2017-05-23,201.41082763671875,289.0190124511719,0.0,292.62994384765625,287.1894836425781,290.7041015625,0.0,20546707
2017-05-24,201.24302673339844,288.7782897949219,0.0,290.75225830078125,286.8524475097656,288.87457275390625,0.0,9822098
2017-05-25,201.34368896484375,288.9227294921875,0.0,293.4002685546875,284.3970031738281,288.87457275390625,0.0,23646915
2017-05-26,207.41656494140625,297.6371154785156,0.0,302.1628112792969,288.4412536621094,290.8004150390625,0.0,22579834
2017-05-29,211.946044921875,304.13677978515625,0.0,307.9884338378906,292.2447814941406,292.7262268066406,0.0,20422509
2017-05-30,208.99349975585938,299.89996337890625,0.0,303.5108947753906,298.5518798828125,301.2961730957031,0.0,8876322
2017-05-31,209.2283172607422,300.2369689941406,0.0,301.77764892578125,295.614990234375,299.89996337890625,0.0,12782086
2017-06-01,210.8388214111328,302.5479736328125,0.0,305.00341796875,299.2740478515625,300.4295654296875,0.0,8570891
2017-06-02,214.19395446777344,307.362548828125,0.0,308.0365905761719,303.5108947753906,304.37750244140625,0.0,11500232
2017-06-05,216.36337280273438,305.67742919921875,4.75,306.4477844238281,301.68133544921875,303.31829833984375,0.0,9847609
2017-06-06,212.00137329101562,299.5148010253906,0.0,307.1699523925781,297.8296813964844,305.7255859375,0.0,10220219
2017-06-07,212.81919860839844,300.6702880859375,0.0,303.07757568359375,298.84075927734375,299.7555236816406,0.0,11978598
2017-06-08,212.37620544433594,300.0444030761719,0.0,301.6332092285156,297.92596435546875,301.3924560546875,0.0,8081100
2017-06-09,208.5594024658203,294.6520690917969,0.0,301.0072937011719,293.4002685546875,299.2259216308594,0.0,10453119
2017-06-12,207.46890258789062,293.11138916015625,0.0,296.096435546875,291.2818603515625,295.614990234375,0.0,6507632
2017-06-13,208.0482177734375,293.92987060546875,0.0,294.6520690917969,290.99298095703125,293.7373046875,0.0,5303687
2017-06-14,204.3677978515625,288.7301330566406,0.0,294.6520690917969,288.05609130859375,293.6409912109375,0.0,15135338
2017-06-15,205.76499938964844,290.7041015625,0.0,291.7151794433594,288.39312744140625,291.7151794433594,0.0,7713717
2017-06-16,209.10467529296875,295.4223937988281,0.0,298.1185607910156,291.2818603515625,291.2818603515625,0.0,12798297
2017-06-19,211.89910888671875,299.370361328125,0.0,300.2851257324219,296.6741943359375,297.5408020019531,0.0,7251573
2017-06-20,210.39964294433594,297.2519226074219,0.0,300.62213134765625,296.6741943359375,300.4295654296875,0.0,8579082
2017-06-21,210.57005310058594,297.49267578125,0.0,299.4666442871094,295.80755615234375,297.92596435546875,0.0,8598645
2017-06-22,212.1717529296875,299.7555236816406,0.0,302.5479736328125,296.7704772949219,297.20379638671875,0.0,9289243
2017-06-23,211.96728515625,299.4666442871094,0.0,301.2961730957031,297.1556396484375,298.50372314453125,0.0,7453263
2017-06-27,212.887451171875,300.7665710449219,0.0,304.7626647949219,299.4666442871094,300.1888122558594,0.0,10061814
2017-06-28,210.16111755371094,296.9149169921875,0.0,300.0444030761719,295.7112731933594,300.0444030761719,0.0,8224059
2017-06-29,212.37620544433594,300.0444030761719,0.0,301.6332092285156,297.1556396484375,297.6371154785156,0.0,10311615
2017-06-30,220.589111328125,311.64752197265625,0.0,312.6585693359375,298.74444580078125,298.74444580078125,0.0,24090343
2017-07-03,233.4365997314453,329.7984619140625,0.0,341.642333984375,327.6800537109375,333.1686706542969,0.0,48892799
2017-07-04,229.85836791992188,324.7431640625,0.0,330.7132263183594,323.7802429199219,330.08734130859375,0.0,11664585
2017-07-05,225.6326904296875,318.7731018066406,0.0,325.3209228515625,318.00274658203125,324.7431640625,0.0,12439637
2017-07-06,229.75611877441406,324.5987243652344,0.0,326.1875305175781,319.0138244628906,321.9025573730469,0.0,13946670
2017-07-07,227.84779357910156,321.9025573730469,0.0,325.6579284667969,320.69891357421875,325.4653625488281,0.0,10301830
2017-07-10,227.1661834716797,320.93963623046875,0.0,322.57659912109375,318.7249450683594,320.1211853027344,0.0,1316454
2017-07-11,225.18963623046875,318.1471862792969,0.0,322.624755859375,317.76202392578125,322.57659912109375,0.0,8657755
2017-07-12,224.1332244873047,316.6546630859375,0.0,321.228515625,315.2584533691406,316.22137451171875,0.0,10643992
2017-07-13,230.88076782226562,326.1875305175781,0.0,326.90972900390625,318.7249450683594,319.6878662109375,0.0,18165609
2017-07-14,229.79026794433594,324.6468811035156,0.0,327.3430480957031,322.384033203125,327.3430480957031,0.0,5801768
2017-07-17,221.61143493652344,313.0918884277344,0.0,322.57659912109375,308.8069152832031,322.57659912109375,0.0,21102802
2017-07-18,193.9398193359375,273.9975280761719,0.0,281.7971496582031,266.1497802734375,281.7971496582031,0.0,155236591
2017-07-19,198.6426544189453,280.64166259765625,0.0,282.0378723144531,275.5863342285156,277.12701416015625,0.0,40641441
2017-07-20,197.31361389160156,278.76397705078125,0.0,283.9637145996094,277.7047424316406,283.0970764160156,0.0,15896377
2017-07-21,196.90463256835938,278.18621826171875,0.0,280.9305114746094,275.9233703613281,280.6897888183594,0.0,13681787
2017-07-24,199.86949157714844,282.3749084472656,0.0,284.3970031738281,277.4158935546875,279.24542236328125,0.0,18479650
2017-07-25,198.6085662841797,280.593505859375,0.0,284.2044372558594,280.06390380859375,284.05999755859375,0.0,9927828
2017-07-26,200.1421356201172,282.76007080078125,0.0,283.3377990722656,280.6897888183594,281.1712646484375,0.0,9564282
2017-07-27,196.6660919189453,277.84918212890625,0.0,284.4451599121094,276.1159362792969,283.7711181640625,0.0,19620418
2017-07-28,198.71080017089844,280.7379455566406,0.0,283.81927490234375,276.5010986328125,283.3859558105469,0.0,19206912
2017-07-31,194.4169158935547,274.67156982421875,0.0,279.5343017578125,273.94940185546875,278.76397705078125,0.0,22065527
2017-08-01,196.18899536132812,277.1751403808594,0.0,277.84918212890625,274.43084716796875,274.7197265625,0.0,14063559
2017-08-02,194.55325317382812,274.8641662597656,0.0,279.1491394042969,273.7568054199219,279.0528259277344,0.0,10247374
2017-08-03,191.79287719726562,270.96435546875,0.0,274.8160095214844,270.2421569824219,274.43084716796875,0.0,10592033
2017-08-04,191.34986877441406,270.33843994140625,0.0,273.85308837890625,269.27923583984375,270.0014343261719,0.0,11717562
2017-08-07,190.73646545410156,269.4718322753906,0.0,272.5050048828125,269.086669921875,271.15692138671875,0.0,8776750
2017-08-08,186.8515167236328,263.98321533203125,0.0,270.96435546875,263.3573303222656,269.7125549316406,0.0,13231816
2017-08-09,185.96546936035156,262.7314147949219,0.0,265.1868591308594,260.3722839355469,263.8387756347656,0.0,10291858
2017-08-10,186.13587951660156,262.97216796875,0.0,264.46466064453125,260.70928955078125,262.5388488769531,0.0,10380837
2017-08-11,185.0453643798828,261.4314880371094,0.0,264.2720947265625,260.0834045410156,260.9500427246094,0.0,14964550
2017-08-14,184.87498474121094,261.1907653808594,0.0,264.22393798828125,260.46856689453125,264.22393798828125,0.0,10066349
2017-08-16,190.29345703125,268.845947265625,0.0,271.3013610839844,261.28704833984375,261.9129333496094,0.0,19412233
2017-08-17,190.83868408203125,269.61627197265625,0.0,272.4087219238281,267.5941467285156,271.3976745605469,0.0,14231781
2017-08-18,192.099609375,271.3976745605469,0.0,273.4679260253906,266.5349426269531,268.8940734863281,0.0,15442589
2017-08-21,191.92919921875,271.15692138671875,0.0,274.43084716796875,270.5310363769531,271.8791198730469,0.0,13592218
2017-08-22,192.81520080566406,272.4087219238281,0.0,274.43084716796875,269.9532775878906,271.5421142578125,0.0,12417415
2017-08-23,192.57669067382812,272.07171630859375,0.0,275.00860595703125,271.15692138671875,272.9864807128906,0.0,9084531
2017-08-24,191.82691955566406,271.0124816894531,0.0,272.9864807128906,270.67547607421875,271.5421142578125,0.0,11235986
2017-08-28,192.508544921875,271.97540283203125,0.0,272.5050048828125,268.9422302246094,271.6383972167969,0.0,10358573
2017-08-29,191.00909423828125,269.85699462890625,0.0,272.4087219238281,269.03851318359375,271.8791198730469,0.0,6377756
2017-08-30,192.20184326171875,271.5421142578125,0.0,272.4087219238281,270.19403076171875,270.7236328125,0.0,6785885
2017-08-31,192.37222290039062,271.7828369140625,0.0,272.6494445800781,270.0014343261719,272.5050048828125,0.0,11654017
2017-09-01,193.2923583984375,273.082763671875,0.0,273.8049621582031,270.2903137207031,271.73468017578125,0.0,7526993
2017-09-04,192.95159912109375,272.601318359375,0.0,273.323486328125,271.5421142578125,272.9383239746094,0.0,8807199
2017-09-05,192.78115844726562,272.3605651855469,0.0,273.37164306640625,271.15692138671875,272.1679992675781,0.0,8121365
2017-09-06,187.907958984375,265.4757385253906,0.0,270.5791931152344,265.04241943359375,270.09771728515625,0.0,14710804
2017-09-07,184.295654296875,260.3722839355469,0.0,267.25714111328125,259.5538024902344,266.7275085449219,0.0,19958290
2017-09-08,185.6247100830078,262.2499694824219,0.0,263.16473388671875,259.98712158203125,261.094482421875,0.0,10090288
2017-09-11,186.47666931152344,263.45361328125,0.0,264.22393798828125,261.4314880371094,262.2981262207031,0.0,9672742
2017-09-12,189.23699951171875,267.3534240722656,0.0,267.93115234375,264.4165344238281,265.28314208984375,0.0,11906324
2017-09-13,185.0453643798828,261.4314880371094,0.0,267.208984375,260.9018859863281,267.1127014160156,0.0,12593161
2017-09-14,185.38613891601562,261.9129333496094,0.0,262.3944091796875,260.3722839355469,262.2018127441406,0.0,7312288
2017-09-15,183.54592895507812,259.3130798339844,0.0,262.6351318359375,258.2538757324219,261.9129333496094,0.0,13653947
2017-09-18,181.9783172607422,257.0983581542969,0.0,261.62408447265625,256.3761901855469,260.9500427246094,0.0,10543289
2017-09-19,182.55764770507812,257.9168395996094,0.0,259.98712158203125,254.30592346191406,258.061279296875,0.0,35187337
2017-09-20,185.07949829101562,261.4796447753906,0.0,261.9129333496094,257.820556640625,259.40936279296875,0.0,9974675
2017-09-21,183.71630859375,259.5538024902344,0.0,262.2981262207031,257.1946716308594,261.9129333496094,0.0,8058682
2017-09-22,182.96661376953125,258.4945983886719,0.0,260.9018859863281,257.1465148925781,259.5056457519531,0.0,7142399
2017-09-25,178.74090576171875,252.52452087402344,0.0,259.65008544921875,251.22459411621094,258.5427551269531,0.0,18260404
2017-09-26,178.87718200683594,252.71710205078125,0.0,253.96890258789062,251.3690185546875,253.53558349609375,0.0,9950366
2017-09-27,176.1850128173828,248.91358947753906,0.0,255.65399169921875,247.27662658691406,255.26882934570312,0.0,18208892
2017-09-28,178.26377868652344,251.85047912597656,0.0,253.6318817138672,249.4913330078125,250.74313354492188,0.0,22436773
2017-09-29,176.04867553710938,248.72100830078125,0.0,253.15042114257812,247.90252685546875,253.0541229248047,0.0,12640792
2017-10-03,178.1615447998047,251.70603942871094,0.0,253.0059814453125,248.91358947753906,252.76524353027344,0.0,11940746
2017-10-04,182.2509765625,257.4835510253906,0.0,258.5427551269531,253.39114379882812,254.30592346191406,0.0,11194466
2017-10-05,180.7855987548828,255.41326904296875,0.0,259.40936279296875,254.59478759765625,257.4835510253906,0.0,7204474
2017-10-06,181.39898681640625,256.2799072265625,0.0,257.579833984375,254.8355255126953,255.94287109375,0.0,8158755
2017-10-09,182.65989685058594,258.061279296875,0.0,259.16864013671875,256.5206298828125,258.061279296875,0.0,6323114
2017-10-10,181.4330596923828,256.3280334472656,0.0,257.9649963378906,255.3169708251953,257.1946716308594,0.0,5683301
2017-10-11,180.8878173828125,255.55770874023438,0.0,257.820556640625,254.64292907714844,256.6169128417969,0.0,7959877
2017-10-12,181.9783172607422,257.0983581542969,0.0,259.216796875,254.20962524414062,255.7021484375,0.0,9518815
2017-10-13,181.26268005371094,256.0873107910156,0.0,257.6761169433594,254.40220642089844,256.3761901855469,0.0,12504487
2017-10-16,182.31912231445312,257.579833984375,0.0,259.93896484375,255.65399169921875,256.1354675292969,0.0,9504724
2017-10-17,182.14871215820312,257.339111328125,0.0,258.7353210449219,256.0873107910156,258.061279296875,0.0,11038203
2017-10-18,184.26156616210938,260.3241271972656,0.0,260.70928955078125,257.1946716308594,258.061279296875,0.0,7508323
2017-10-19,183.78448486328125,259.65008544921875,0.0,261.2388916015625,259.0242004394531,260.9500427246094,0.0,1283342
2017-10-23,182.01242065429688,257.1465148925781,0.0,262.6351318359375,255.94287109375,259.98712158203125,0.0,10144269
2017-10-24,181.9783172607422,257.0983581542969,0.0,258.4945983886719,256.23175048828125,258.4945983886719,0.0,8723712
2017-10-25,183.51185607910156,259.2649230957031,0.0,261.4314880371094,258.2538757324219,258.4464416503906,0.0,6169387
2017-10-26,182.93251037597656,258.4464416503906,0.0,260.7574462890625,257.2427978515625,260.7574462890625,0.0,9616793
2017-10-27,183.57998657226562,259.3612060546875,0.0,265.7646179199219,257.53167724609375,260.5648498535156,0.0,23852749
2017-10-30,180.7174530029297,255.3169708251953,0.0,260.5648498535156,253.68002319335938,259.0242004394531,0.0,18266520
2017-10-31,181.09226989746094,255.84657287597656,0.0,257.05023193359375,254.1133270263672,256.18359375,0.0,8452918
2017-11-01,183.92079162597656,259.8426818847656,0.0,261.1426086425781,256.42431640625,257.0983581542969,0.0,7516426
2017-11-02,181.05819702148438,255.79843139648438,0.0,259.93896484375,255.46141052246094,259.6982421875,0.0,10056813
2017-11-03,180.8878173828125,255.55770874023438,0.0,257.9649963378906,255.0762481689453,257.0983581542969,0.0,6210456
2017-11-06,180.54702758789062,255.0762481689453,0.0,257.9649963378906,254.49850463867188,256.3761901855469,0.0,9368140
2017-11-07,180.8196563720703,255.46141052246094,0.0,257.77239990234375,253.8726043701172,255.84657287597656,0.0,9872847
2017-11-08,180.8878173828125,255.55770874023438,0.0,256.6169128417969,254.8836669921875,255.5095672607422,0.0,6186540
2017-11-09,177.24142456054688,250.40611267089844,0.0,256.6169128417969,249.68392944335938,256.5206298828125,0.0,21026098
2017-11-10,178.3660125732422,251.9949188232422,0.0,255.36512756347656,249.78021240234375,250.8875732421875,0.0,17438746
2017-11-13,176.04867553710938,248.72100830078125,0.0,253.53558349609375,248.43212890625,253.2467041015625,0.0,7681031
2017-11-14,174.85595703125,247.03590393066406,0.0,251.1764373779297,246.5063018798828,248.91358947753906,0.0,8656529
2017-11-15,172.64083862304688,243.90643310546875,0.0,247.80624389648438,241.11398315429688,247.46922302246094,0.0,17666898
2017-11-16,173.86770629882812,245.63967895507812,0.0,246.1211395263672,243.03981018066406,245.2545166015625,0.0,10343428
2017-11-17,175.84423828125,248.43212890625,0.0,249.39505004882812,246.5063018798828,246.98776245117188,0.0,10383570
2017-11-20,176.662109375,249.58763122558594,0.0,251.03199768066406,247.70994567871094,249.0098876953125,0.0,8221147
2017-11-21,174.34478759765625,246.313720703125,0.0,249.8765106201172,245.73597717285156,249.8765106201172,0.0,17266541
2017-11-22,175.94647216796875,248.57656860351562,0.0,249.0580291748047,246.1211395263672,246.5063018798828,0.0,8941555
2017-11-23,175.94647216796875,248.57656860351562,0.0,251.03199768066406,246.89146423339844,248.76914978027344,0.0,7814131
2017-11-24,177.71853637695312,251.0801544189453,0.0,251.7541961669922,248.48028564453125,248.91358947753906,0.0,7630740
2017-11-27,176.6961669921875,249.63577270507812,0.0,250.83941650390625,247.75808715820312,250.3579559326172,0.0,5022804
2017-11-28,175.1626739501953,247.46922302246094,0.0,249.58763122558594,246.5063018798828,249.4913330078125,0.0,18183221
2017-11-29,175.87828063964844,248.48028564453125,0.0,249.10617065429688,247.46922302246094,248.43212890625,0.0,9032800
2017-11-30,174.51516723632812,246.554443359375,0.0,248.6247100830078,245.20635986328125,248.33584594726562,0.0,22967997
2017-12-01,173.93582153320312,245.73597717285156,0.0,249.97279357910156,245.20635986328125,247.4210662841797,0.0,6847473
2017-12-04,173.86770629882812,245.63967895507812,0.0,246.79518127441406,244.14715576171875,246.5063018798828,0.0,6347174
2017-12-05,173.0157470703125,244.43603515625,0.0,245.88040161132812,243.13609313964844,245.5433807373047,0.0,9337698
2017-12-06,171.48220825195312,242.26947021484375,0.0,243.85829162597656,241.5472869873047,243.85829162597656,0.0,8562019
2017-12-07,172.6749267578125,243.95457458496094,0.0,244.6767578125,240.7288055419922,240.7288055419922,0.0,5635445
2017-12-08,178.70680236816406,252.47637939453125,0.0,253.4392852783203,244.00271606445312,244.33973693847656,0.0,13638732
2017-12-11,181.46713256835938,256.3761901855469,0.0,257.579833984375,253.53558349609375,254.8355255126953,0.0,17842707
2017-12-12,178.26377868652344,251.85047912597656,0.0,255.36512756347656,250.83941650390625,254.6910858154297,0.0,9599026
2017-12-13,176.52578735351562,249.39505004882812,0.0,252.66896057128906,248.04696655273438,249.97279357910156,0.0,8986735
2017-12-14,180.10398864746094,254.45034790039062,0.0,256.2799072265625,247.9988250732422,251.22459411621094,0.0,8353203
2017-12-15,180.34255981445312,254.78736877441406,0.0,257.1465148925781,253.68002319335938,256.1354675292969,0.0,12742052
2017-12-18,179.3883819580078,253.4392852783203,0.0,255.65399169921875,249.4431915283203,255.65399169921875,0.0,9650962
2017-12-19,180.10398864746094,254.45034790039062,0.0,255.55770874023438,253.34300231933594,253.6318817138672,0.0,6107682
2017-12-20,179.45651245117188,253.53558349609375,0.0,254.8836669921875,252.9578399658203,254.8836669921875,0.0,7728106
2017-12-21,179.28614807128906,253.29486083984375,0.0,256.0391540527344,251.89862060546875,256.0391540527344,0.0,7032195
2017-12-22,179.32020568847656,253.34300231933594,0.0,254.40220642089844,252.42823791503906,253.72816467285156,0.0,6652053
2017-12-26,180.03585815429688,254.35406494140625,0.0,255.17254638671875,252.90968322753906,253.48744201660156,0.0,9917650
2017-12-27,178.67274475097656,252.42823791503906,0.0,254.49850463867188,251.94677734375,254.40220642089844,0.0,6325599
2017-12-28,178.46824645996094,252.1393585205078,0.0,254.2577667236328,251.3690185546875,253.6318817138672,0.0,16501935
2017-12-29,179.4224395751953,253.48744201660156,0.0,254.20962524414062,252.52452087402344,252.76524353027344,0.0,6818477
2018-01-01,178.7749786376953,252.57266235351562,0.0,256.42431640625,251.5615997314453,253.48744201660156,0.0,10863895
2018-01-02,177.71853637695312,251.0801544189453,0.0,254.40220642089844,250.79127502441406,252.86154174804688,0.0,5907460
2018-01-03,177.99118041992188,251.46531677246094,0.0,252.90968322753906,250.9357147216797,251.60975646972656,0.0,11443370
2018-01-04,178.26377868652344,251.85047912597656,0.0,253.0059814453125,250.9357147216797,251.27273559570312,0.0,9729737
2018-01-05,179.18392944335938,253.15042114257812,0.0,253.72816467285156,252.1875,252.1875,0.0,9566733
2018-01-08,181.0241241455078,255.7502899169922,0.0,256.9057922363281,253.48744201660156,254.20962524414062,0.0,14989106
2018-01-09,184.39788818359375,260.5167236328125,0.0,261.9129333496094,254.9318084716797,255.65399169921875,0.0,26728897
2018-01-10,183.61407470703125,259.40936279296875,0.0,263.8387756347656,259.0723571777344,263.3091735839844,0.0,17074502
2018-01-11,183.88668823242188,259.7945251464844,0.0,260.9500427246094,258.1575622558594,259.5056457519531,0.0,11722150
2018-01-12,182.35321044921875,257.6279602050781,0.0,261.28704833984375,256.2799072265625,260.22784423828125,0.0,8494789
2018-01-15,182.3872528076172,257.6761169433594,0.0,261.04632568359375,257.0983581542969,258.061279296875,0.0,10944192
2018-01-16,178.3660125732422,251.9949188232422,0.0,258.7353210449219,251.1282958984375,258.2538757324219,0.0,13433905
2018-01-17,181.33084106445312,256.18359375,0.0,257.0983581542969,249.92465209960938,252.28379821777344,0.0,17006334
2018-01-18,186.34033203125,263.2610168457031,0.0,265.04241943359375,256.7613525390625,258.061279296875,0.0,27461089
2018-01-19,187.12417602539062,264.3683776855469,0.0,267.208984375,261.04632568359375,265.7646179199219,0.0,26700710
2018-01-22,186.51075744628906,263.50177001953125,0.0,265.28314208984375,261.62408447265625,264.80169677734375,0.0,8660321
2018-01-23,188.52139282226562,266.34234619140625,0.0,266.96826171875,263.40545654296875,263.8387756347656,0.0,18947034
2018-01-24,191.82691955566406,271.0124816894531,0.0,271.5421142578125,265.812744140625,266.3905029296875,0.0,17971710
2018-01-25,191.69065856933594,270.8199157714844,0.0,272.6976013183594,268.2681884765625,270.5791931152344,0.0,13629982
2018-01-29,187.87388610839844,265.4275817871094,0.0,272.79388427734375,264.80169677734375,270.7236328125,0.0,9938281
2018-01-30,187.5671844482422,264.9942626953125,0.0,266.1979064941406,261.86480712890625,264.80169677734375,0.0,13560150
2018-01-31,184.9772186279297,261.335205078125,0.0,265.7646179199219,259.8426818847656,263.74249267578125,0.0,19675610
2018-02-01,187.6353302001953,265.090576171875,0.0,279.5343017578125,257.4835510253906,261.9129333496094,0.0,61648368
2018-02-02,187.66940307617188,265.1387023925781,0.0,275.0567321777344,260.7574462890625,264.22393798828125,0.0,36356576
2018-02-05,190.32749938964844,268.8940734863281,0.0,271.25323486328125,261.7685241699219,263.40545654296875,0.0,20465290
2018-02-06,186.4085235595703,263.3573303222656,0.0,267.0163879394531,258.2057189941406,259.93896484375,0.0,16432103
2018-02-07,187.53311157226562,264.9461364746094,0.0,268.4126281738281,263.8387756347656,267.6904296875,0.0,13455081
2018-02-08,186.81744384765625,263.93505859375,0.0,266.6312255859375,262.5388488769531,265.4757385253906,0.0,10156564
2018-02-09,184.94313049316406,261.28704833984375,0.0,262.3944091796875,257.86871337890625,260.9500427246094,0.0,14751166
2018-02-12,183.92079162597656,259.8426818847656,0.0,263.6943359375,259.3130798339844,262.34625244140625,0.0,6972242
2018-02-14,181.63754272460938,256.6169128417969,0.0,260.9500427246094,255.26882934570312,259.98712158203125,0.0,11738542
2018-02-15,182.72799682617188,258.1575622558594,0.0,259.8908386230469,254.97994995117188,256.6169128417969,0.0,12188244
2018-02-16,181.6034393310547,256.5687561035156,0.0,260.70928955078125,255.7502899169922,259.8426818847656,0.0,6401588
2018-02-19,180.00177001953125,254.30592346191406,0.0,257.86871337890625,252.76524353027344,256.1354675292969,0.0,6303342
2018-02-20,179.4224395751953,253.48744201660156,0.0,255.94287109375,252.42823791503906,254.20962524414062,0.0,9659227
2018-02-21,182.7962188720703,258.2538757324219,0.0,258.9760437011719,253.68002319335938,254.20962524414062,0.0,10961665
2018-02-22,182.04647827148438,257.1946716308594,0.0,259.0242004394531,255.60585021972656,257.29095458984375,0.0,19855003
2018-02-23,183.37554931640625,259.0723571777344,0.0,259.98712158203125,256.23175048828125,257.53167724609375,0.0,6780714
2018-02-26,181.67164611816406,256.6650695800781,0.0,259.5056457519531,256.1354675292969,258.59088134765625,0.0,8701511
2018-02-27,181.56939697265625,256.5206298828125,0.0,258.2538757324219,255.65399169921875,258.061279296875,0.0,7716072
2018-02-28,180.64927673339844,255.22068786621094,0.0,256.42431640625,253.29486083984375,255.17254638671875,0.0,13969189
2018-03-01,179.93365478515625,254.20962524414062,0.0,256.23175048828125,253.10226440429688,254.40220642089844,0.0,8081243
2018-03-05,177.3777618408203,250.59869384765625,0.0,253.53558349609375,250.3579559326172,253.53558349609375,0.0,6878708
2018-03-06,174.82188415527344,246.98776245117188,0.0,252.66896057128906,246.02484130859375,251.3690185546875,0.0,8495423
2018-03-07,177.13922119140625,250.2616729736328,0.0,250.83941650390625,244.14715576171875,246.98776245117188,0.0,15736814
2018-03-08,176.42355346679688,249.2506103515625,0.0,252.1875,248.19140625,250.64683532714844,0.0,6259151
2018-03-09,176.6961669921875,249.63577270507812,0.0,251.22459411621094,248.67286682128906,249.39505004882812,0.0,6345666
2018-03-12,184.09117126464844,260.0834045410156,0.0,260.80560302734375,253.1985626220703,254.20962524414062,0.0,20666810
2018-03-13,183.64817810058594,259.45751953125,0.0,261.9129333496094,257.29095458984375,259.65008544921875,0.0,8647577
2018-03-14,182.6939697265625,258.10943603515625,0.0,259.0723571777344,255.46141052246094,258.10943603515625,0.0,8211627
2018-03-15,180.99008178710938,255.7021484375,0.0,259.8908386230469,255.36512756347656,257.0983581542969,0.0,5771710
2018-03-16,177.5481414794922,250.83941650390625,0.0,256.5206298828125,249.2506103515625,256.5206298828125,0.0,21477001
2018-03-19,176.62802124023438,249.53948974609375,0.0,252.47637939453125,248.72100830078125,250.8875732421875,0.0,13423983
2018-03-20,176.662109375,249.58763122558594,0.0,250.309814453125,247.95066833496094,248.57656860351562,0.0,7769207
2018-03-21,176.5598602294922,249.4431915283203,0.0,251.94677734375,249.10617065429688,250.40611267089844,0.0,13418488
2018-03-22,176.04867553710938,248.72100830078125,0.0,251.7541961669922,248.28768920898438,250.3579559326172,0.0,8319663
2018-03-23,174.48110961914062,246.5063018798828,0.0,249.2024688720703,245.3026580810547,246.5063018798828,0.0,11616470
2018-03-26,175.91238403320312,248.52842712402344,0.0,250.3579559326172,243.13609313964844,243.52127075195312,0.0,12981125
2018-03-27,176.4576416015625,249.2987518310547,0.0,250.83941650390625,247.3729248046875,249.2024688720703,0.0,9107151
2018-03-28,174.14031982421875,246.02484130859375,0.0,249.34690856933594,244.91749572753906,248.43212890625,0.0,12743051
2018-04-02,176.01461791992188,248.67286682128906,0.0,249.34690856933594,245.97669982910156,247.46922302246094,0.0,7299774
2018-04-03,176.1850128173828,248.91358947753906,0.0,250.3579559326172,247.95066833496094,248.43212890625,0.0,5294559
2018-04-04,176.253173828125,249.0098876953125,0.0,250.16537475585938,247.5655059814453,249.8765106201172,0.0,8716184
2018-04-05,176.9688262939453,250.0209503173828,0.0,250.3579559326172,246.02484130859375,246.02484130859375,0.0,9464602
2018-04-06,177.7866973876953,251.1764373779297,0.0,252.28379821777344,250.40611267089844,250.83941650390625,0.0,6333848
2018-04-09,181.1604461669922,255.94287109375,0.0,256.71319580078125,251.22459411621094,251.46531677246094,0.0,9572467
2018-04-10,181.7738800048828,256.80950927734375,0.0,258.7353210449219,255.26882934570312,256.47247314453125,0.0,15248015
2018-04-11,180.7174530029297,255.3169708251953,0.0,257.6279602050781,253.6318817138672,257.0020751953125,0.0,5433736
2018-04-12,178.53639221191406,252.2356414794922,0.0,255.3169708251953,251.70603942871094,255.26882934570312,0.0,6360898
2018-04-13,177.71853637695312,251.0801544189453,0.0,253.72816467285156,250.3579559326172,253.2467041015625,0.0,5183544
2018-04-16,180.24032592773438,254.64292907714844,0.0,255.0762481689453,250.3579559326172,250.83941650390625,0.0,5412918
2018-04-17,182.3872528076172,257.6761169433594,0.0,258.4464416503906,252.9578399658203,255.55770874023438,0.0,13716437
2018-04-18,187.66940307617188,265.1387023925781,0.0,268.55706787109375,258.061279296875,258.7353210449219,0.0,24733011
2018-04-19,189.0325469970703,267.0645446777344,0.0,269.61627197265625,265.04241943359375,266.96826171875,0.0,13317329
2018-04-20,188.24871826171875,265.9571838378906,0.0,268.8940734863281,263.3573303222656,265.7646179199219,0.0,11206130
2018-04-23,187.77163696289062,265.28314208984375,0.0,266.92010498046875,264.80169677734375,265.7646179199219,0.0,12198602
2018-04-24,188.11241149902344,265.7646179199219,0.0,268.5089111328125,264.46466064453125,265.7646179199219,0.0,8774762
2018-04-25,186.81744384765625,263.93505859375,0.0,266.053466796875,262.58697509765625,265.28314208984375,0.0,5118640
2018-04-26,189.6459197998047,267.93115234375,0.0,268.7496337890625,262.8758544921875,264.3683776855469,0.0,21064135
2018-04-27,190.4297332763672,269.03851318359375,0.0,270.5310363769531,268.0755920410156,269.2311096191406,0.0,10107682
2018-04-30,191.82691955566406,271.0124816894531,0.0,273.323486328125,269.2311096191406,269.2311096191406,0.0,6146923
2018-05-02,195.78005981445312,276.597412109375,0.0,277.9936218261719,269.85699462890625,271.6383972167969,0.0,16690653
2018-05-03,194.2465362548828,274.43084716796875,0.0,278.95654296875,272.55316162109375,276.838134765625,0.0,9727173
2018-05-04,188.89620971679688,266.8719482421875,0.0,276.356689453125,265.62017822265625,276.356689453125,0.0,11324148
2018-05-07,192.37222290039062,271.7828369140625,0.0,272.8901672363281,266.6312255859375,267.97930908203125,0.0,6725168
2018-05-08,192.6789093017578,272.21612548828125,0.0,275.3456115722656,271.5421142578125,272.6494445800781,0.0,6842664
2018-05-09,192.40628051757812,271.8309631347656,0.0,273.4679260253906,271.0606384277344,271.0606384277344,0.0,4376684
2018-05-10,190.94091796875,269.7607116699219,0.0,273.4197692871094,267.0163879394531,272.4568786621094,0.0,5890656
2018-05-11,193.32643127441406,273.13092041015625,0.0,273.4679260253906,269.37554931640625,271.44580078125,0.0,4042002
2018-05-14,194.11019897460938,274.2382507324219,0.0,276.6455383300781,271.5421142578125,272.5050048828125,0.0,6728839
2018-05-15,192.099609375,271.3976745605469,0.0,275.3937683105469,270.2903137207031,274.2864074707031,0.0,8077078
2018-05-16,194.82586669921875,275.24932861328125,0.0,278.0899353027344,269.1829528808594,269.568115234375,0.0,18758524
2018-05-17,190.12306213378906,268.6051940917969,0.0,277.9936218261719,268.1237487792969,277.319580078125,0.0,11169294
2018-05-18,192.40628051757812,271.8309631347656,0.0,274.96044921875,265.7646179199219,268.22003173828125,0.0,16016090
2018-05-21,192.44041442871094,271.8791198730469,0.0,273.4679260253906,268.1719055175781,271.8309631347656,0.0,8909610
2018-05-22,189.98672485351562,268.4126281738281,0.0,272.601318359375,267.73858642578125,271.5421142578125,0.0,4913188
2018-05-23,186.37442016601562,263.3091735839844,0.0,269.03851318359375,262.8277282714844,268.6533508300781,0.0,8195839
2018-05-24,187.32864379882812,264.6572570800781,0.0,266.5349426269531,261.6722106933594,263.8387756347656,0.0,6524303
2018-05-25,189.2737274169922,262.2018127441406,5.15,264.80169677734375,258.7834777832031,262.2981262207031,0.0,9600297
2018-05-28,191.3590087890625,265.090576171875,0.0,267.208984375,262.2981262207031,263.8387756347656,0.0,7266559
2018-05-29,190.49014282226562,263.8869323730469,0.0,267.44970703125,262.34625244140625,264.6091003417969,0.0,9171106
2018-05-30,188.9956817626953,261.816650390625,0.0,263.5498962402344,260.6130065917969,262.3944091796875,0.0,8313920
2018-05-31,188.82192993164062,261.575927734375,0.0,262.58697509765625,259.6019592285156,262.10552978515625,0.0,13721531
2018-06-01,187.64027404785156,259.93896484375,0.0,261.62408447265625,259.1204833984375,261.094482421875,0.0,6862252
2018-06-04,186.91043090820312,258.92791748046875,0.0,261.86480712890625,257.579833984375,260.22784423828125,0.0,8291604
2018-06-05,185.9373016357422,257.579833984375,0.0,259.8426818847656,256.95391845703125,259.0242004394531,0.0,6011246
2018-06-06,187.95306396484375,260.3722839355469,0.0,261.094482421875,257.86871337890625,258.061279296875,0.0,7577818
2018-06-07,188.4048614501953,260.9981689453125,0.0,262.2018127441406,260.0834045410156,260.46856689453125,0.0,7059595
2018-06-08,186.21533203125,257.9649963378906,0.0,261.4314880371094,257.0983581542969,261.04632568359375,0.0,7030323
2018-06-11,187.15370178222656,259.2649230957031,0.0,261.816650390625,258.2057189941406,258.5427551269531,0.0,8903144
2018-06-12,187.8488006591797,260.22784423828125,0.0,264.4165344238281,259.2649230957031,259.3130798339844,0.0,8774931
2018-06-13,186.18055725097656,257.9168395996094,0.0,261.7203674316406,257.29095458984375,261.4314880371094,0.0,8118945
2018-06-14,185.7635040283203,257.339111328125,0.0,258.92791748046875,256.1354675292969,256.6169128417969,0.0,9522749
2018-06-15,183.85202026367188,254.6910858154297,0.0,257.820556640625,253.824462890625,257.579833984375,0.0,11231098
2018-06-18,183.88677978515625,254.73922729492188,0.0,255.65399169921875,253.72816467285156,254.64292907714844,0.0,6522996
2018-06-19,184.92941284179688,256.18359375,0.0,257.2427978515625,252.90968322753906,255.0762481689453,0.0,7618626
2018-06-20,183.3306884765625,253.96890258789062,0.0,257.0983581542969,253.29486083984375,256.5687561035156,0.0,9907628
2018-06-21,181.31492614746094,251.1764373779297,0.0,254.97994995117188,250.74313354492188,254.59478759765625,0.0,7412366
2018-06-22,184.30384826660156,255.3169708251953,0.0,256.9057922363281,250.3579559326172,250.8875732421875,0.0,17468481
2018-06-25,182.53134155273438,252.86154174804688,0.0,255.55770874023438,250.1172332763672,255.3169708251953,0.0,14142177
2018-06-26,184.06051635742188,254.97994995117188,0.0,256.2799072265625,252.42823791503906,252.71710205078125,0.0,10475574
2018-06-27,182.6356201171875,253.0059814453125,0.0,255.17254638671875,251.80233764648438,255.0762481689453,0.0,10423520
2018-06-28,181.07164001464844,250.83941650390625,0.0,254.20962524414062,249.39505004882812,252.28379821777344,0.0,15200725
2018-06-29,185.03366088867188,256.3280334472656,0.0,257.6279602050781,250.64683532714844,252.09121704101562,0.0,11327082
2018-07-02,182.84413146972656,253.29486083984375,0.0,257.1946716308594,250.40611267089844,257.0983581542969,0.0,18794988
2018-07-03,184.5123291015625,255.60585021972656,0.0,256.8576354980469,251.46531677246094,253.72816467285156,0.0,10784961
2018-07-04,183.782470703125,254.59478759765625,0.0,256.42431640625,252.47637939453125,256.42431640625,0.0,8184810
2018-07-05,189.41273498535156,262.3944091796875,0.0,263.64617919921875,253.72816467285156,254.78736877441406,0.0,16069118
2018-07-06,189.5170135498047,262.5388488769531,0.0,264.56097412109375,260.1315612792969,262.6351318359375,0.0,13434995
2018-07-09,190.73341369628906,264.22393798828125,0.0,265.7646179199219,262.10552978515625,264.80169677734375,0.0,10158808
2018-07-10,192.57542419433594,266.7756652832031,0.0,267.208984375,262.97216796875,265.28314208984375,0.0,11928591
2018-07-11,191.67181396484375,265.52386474609375,0.0,269.9051513671875,263.5980529785156,266.5830993652344,0.0,11800272
2018-07-12,192.67970275878906,266.92010498046875,0.0,267.8348693847656,263.16473388671875,265.52386474609375,0.0,10284221
2018-07-13,187.95306396484375,260.3722839355469,0.0,267.97930908203125,259.216796875,267.6904296875,0.0,19306087
2018-07-16,188.78713989257812,261.52777099609375,0.0,263.16473388671875,259.6982421875,260.2760009765625,0.0,10676970
2018-07-17,187.5707550048828,259.8426818847656,0.0,262.8758544921875,259.3130798339844,260.9981689453125,0.0,10419746
2018-07-18,186.66714477539062,258.59088134765625,0.0,261.2388916015625,257.6761169433594,261.04632568359375,0.0,7321779
2018-07-19,189.96881103515625,263.16473388671875,0.0,264.4165344238281,256.3761901855469,258.92791748046875,0.0,9301711
2018-07-20,190.45538330078125,263.8387756347656,0.0,264.6091003417969,260.6130065917969,263.1165771484375,0.0,6825663
2018-07-23,197.51055908203125,273.61236572265625,0.0,276.0196533203125,266.8719482421875,269.1347961425781,0.0,27059765
2018-07-24,198.55320739746094,275.0567321777344,0.0,276.356689453125,273.03460693359375,273.94940185546875,0.0,12577993
2018-07-25,198.90077209472656,275.5382080078125,0.0,276.30853271484375,272.6976013183594,273.7086486816406,0.0,13814116
2018-07-26,199.630615234375,276.54925537109375,0.0,280.352783203125,273.6605224609375,276.356689453125,0.0,21495638
2018-07-27,210.30029296875,291.33001708984375,0.0,295.7594299316406,284.05999755859375,288.87457275390625,0.0,78783846
2018-07-30,209.25765991210938,289.8856201171875,0.0,292.341064453125,288.87457275390625,290.8004150390625,0.0,17738557
2018-07-31,206.92909240722656,286.6598815917969,0.0,290.17449951171875,284.589599609375,289.5967712402344,0.0,15124149
2018-08-01,209.63995361328125,290.41522216796875,0.0,291.7151794433594,285.11920166015625,286.99688720703125,0.0,15187911
2018-08-02,207.97174072265625,288.104248046875,0.0,292.2447814941406,286.2746887207031,289.35601806640625,0.0,10226827
2018-08-03,211.27345275878906,292.6781005859375,0.0,294.0743103027344,287.0931701660156,288.87457275390625,0.0,12950643
2018-08-06,209.7789764404297,290.6078186035156,0.0,295.5186767578125,288.87457275390625,293.68914794921875,0.0,7979881
2018-08-07,209.29234313964844,289.93377685546875,0.0,292.9188232421875,288.63385009765625,291.7151794433594,0.0,7465742
2018-08-08,209.18809509277344,289.7893371582031,0.0,291.1855773925781,288.87457275390625,289.11529541015625,0.0,6690368
2018-08-09,210.26553344726562,291.2818603515625,0.0,293.3039855957031,288.9227294921875,290.5596618652344,0.0,9576528
2018-08-10,211.8642578125,293.4965515136719,0.0,295.5186767578125,289.98193359375,290.8004150390625,0.0,15347074
2018-08-13,212.66357421875,294.6039123535156,0.0,296.38531494140625,291.9077453613281,292.7262268066406,0.0,10341087
2018-08-14,214.01901245117188,296.4815979003906,0.0,298.6963195800781,295.4705505371094,295.614990234375,0.0,12790249
2018-08-16,213.70623779296875,296.04827880859375,0.0,297.0593566894531,293.7854309082031,296.4815979003906,0.0,19393491
2018-08-17,218.08531188964844,302.1146545410156,0.0,303.607177734375,296.38531494140625,296.38531494140625,0.0,26392504
2018-08-20,217.77252197265625,301.68133544921875,0.0,303.31829833984375,299.7555236816406,302.5479736328125,0.0,19958265
2018-08-21,217.49449157714844,301.2961730957031,0.0,305.244140625,300.4295654296875,302.83685302734375,0.0,14143291
2018-08-23,216.86886596679688,300.4295654296875,0.0,304.6663818359375,295.9519958496094,302.3553771972656,0.0,11745180
2018-08-24,215.7567596435547,298.8888854980469,0.0,300.4295654296875,295.614990234375,299.4666442871094,0.0,5655583
2018-08-27,217.842041015625,301.77764892578125,0.0,303.1738586425781,298.98516845703125,299.6592102050781,0.0,5482067
2018-08-28,216.62559509277344,300.092529296875,0.0,304.088623046875,299.4666442871094,302.3553771972656,0.0,6864300
2018-08-29,217.42494201660156,301.19989013671875,0.0,303.7516174316406,298.50372314453125,300.14068603515625,0.0,10748094
2018-08-30,222.32542419433594,307.9884338378906,0.0,308.71063232421875,301.8739318847656,301.8739318847656,0.0,25934792
2018-08-31,222.32542419433594,307.9884338378906,0.0,310.6364440917969,305.43670654296875,310.0587158203125,0.0,18781195
2018-09-03,217.70301818847656,301.5850524902344,0.0,310.9734802246094,299.5148010253906,310.9734802246094,0.0,9463966
2018-09-04,215.20068359375,298.1185607910156,0.0,300.62213134765625,295.614990234375,300.4295654296875,0.0,11615187
2018-09-05,215.65245056152344,298.74444580078125,0.0,302.7886962890625,297.7815246582031,298.8888854980469,0.0,10529696
2018-09-06,216.03480529785156,299.2740478515625,0.0,300.1888122558594,296.62603759765625,299.851806640625,0.0,7902786
2018-09-07,215.79150390625,298.9370422363281,0.0,301.5850524902344,296.6741943359375,300.0444030761719,0.0,7465327
2018-09-10,213.08067321777344,295.1816711425781,0.0,299.2259216308594,294.21875,298.6963195800781,0.0,10006954
2018-09-11,206.58152770996094,286.17840576171875,0.0,295.3742370605469,284.589599609375,295.2779541015625,0.0,27008217
2018-09-12,213.25442504882812,295.4223937988281,0.0,296.1927185058594,284.4451599121094,286.7080078125,0.0,20171661
2018-09-14,213.4977264404297,295.7594299316406,0.0,297.20379638671875,293.7373046875,295.614990234375,0.0,13317349
2018-09-17,209.91799926757812,290.8004150390625,0.0,294.74835205078125,290.3189392089844,293.68914794921875,0.0,6049990
2018-09-18,210.786865234375,292.0040588378906,0.0,293.5928649902344,288.2005310058594,290.99298095703125,0.0,8515415
2018-09-19,208.2845001220703,288.5375671386719,0.0,294.3150329589844,286.94873046875,293.20770263671875,0.0,6387203
2018-09-21,211.27345275878906,292.6781005859375,0.0,295.2298278808594,289.2597351074219,289.2597351074219,0.0,16966413
2018-09-24,207.1028289794922,286.9006042480469,0.0,294.98907470703125,281.6527099609375,293.68914794921875,0.0,15009283
2018-09-25,209.32716369628906,289.98193359375,0.0,291.1374206542969,281.5082702636719,285.8895263671875,0.0,13785151
2018-09-26,203.7664031982422,282.2785949707031,0.0,291.7633056640625,279.00469970703125,291.7633056640625,0.0,20657879
2018-09-27,203.87066650390625,282.42303466796875,0.0,284.1562805175781,278.76397705078125,282.6156311035156,0.0,12550275
2018-09-28,206.96385192871094,286.7080078125,0.0,288.87457275390625,280.9786682128906,284.05999755859375,0.0,25554548
2018-10-01,206.5120391845703,286.0821228027344,0.0,291.7151794433594,282.5193176269531,289.69305419921875,0.0,9373133
2018-10-03,205.19134521484375,284.2525939941406,0.0,288.87457275390625,283.72296142578125,285.98583984375,0.0,7861709
2018-10-04,199.56112670898438,276.4529724121094,0.0,284.7340393066406,274.5752868652344,282.95263671875,0.0,8417940
2018-10-05,192.193115234375,266.2460632324219,0.0,275.3937683105469,264.8979797363281,274.91229248046875,0.0,18301682
2018-10-08,189.89930725097656,263.0684509277344,0.0,269.03851318359375,259.16864013671875,268.6533508300781,0.0,17063274
2018-10-09,186.6324005126953,258.5427551269531,0.0,265.28314208984375,257.820556640625,265.28314208984375,0.0,10946626
2018-10-10,187.74452209472656,260.0834045410156,0.0,261.094482421875,257.29095458984375,259.8908386230469,0.0,11921765
2018-10-11,184.33856201171875,255.36512756347656,0.0,259.3130798339844,253.8726043701172,255.17254638671875,0.0,11018554
2018-10-12,191.2895050048828,264.9942626953125,0.0,267.3534240722656,257.3872375488281,257.579833984375,0.0,13942941
2018-10-15,196.36366271972656,272.0235595703125,0.0,273.082763671875,265.7646179199219,268.6051940917969,0.0,18623988
2018-10-16,196.46792602539062,272.1679992675781,0.0,273.2272033691406,266.10162353515625,272.5050048828125,0.0,12325066
2018-10-17,199.1092987060547,275.8270568847656,0.0,280.834228515625,271.1087951660156,273.37164306640625,0.0,15896854
2018-10-19,201.19459533691406,278.7158203125,0.0,280.7379455566406,274.19012451171875,274.43084716796875,0.0,8341467
2018-10-22,200.53421020507812,277.8010559082031,0.0,282.23046875,276.6455383300781,281.1712646484375,0.0,12965700
2018-10-23,198.79647827148438,275.3937683105469,0.0,280.4009094238281,273.03460693359375,275.3937683105469,0.0,11261603
2018-10-24,200.01292419433594,277.078857421875,0.0,278.90838623046875,275.73077392578125,277.9936218261719,0.0,9024700
2018-10-25,199.8739013671875,276.88629150390625,0.0,278.76397705078125,273.94940185546875,275.3937683105469,0.0,9953333
2018-10-26,195.2515411376953,270.4828796386719,0.0,279.0528259277344,265.7646179199219,278.95654296875,0.0,22302628
2018-10-29,197.05877685546875,272.9864807128906,0.0,274.67156982421875,268.6051940917969,271.44580078125,0.0,11779416
2018-10-30,193.8961181640625,268.6051940917969,0.0,273.323486328125,267.6904296875,272.7457580566406,0.0,7110853
2018-10-31,194.6954803466797,269.7125549316406,0.0,270.5791931152344,262.7314147949219,269.1829528808594,0.0,14021856
2018-11-01,192.81871032714844,267.1127014160156,0.0,271.3495178222656,264.6091003417969,269.61627197265625,0.0,9816770
2018-11-02,196.88504028320312,272.7457580566406,0.0,275.3456115722656,267.97930908203125,267.97930908203125,0.0,12093152
2018-11-05,194.34793090820312,269.2311096191406,0.0,274.67156982421875,268.0755920410156,274.67156982421875,0.0,7665505
2018-11-06,192.74917602539062,267.0163879394531,0.0,271.3976745605469,265.86090087890625,270.67547607421875,0.0,10142476
2018-11-07,194.66070556640625,269.6644287109375,0.0,270.5791931152344,268.4607849121094,270.5791931152344,0.0,994001
2018-11-09,192.71446228027344,266.96826171875,0.0,269.327392578125,265.6683044433594,268.6533508300781,0.0,15613827
2018-11-12,190.35110473632812,263.6943359375,0.0,267.8830261230469,263.1165771484375,267.49786376953125,0.0,7318920
2018-11-13,192.4364013671875,266.5830993652344,0.0,267.5941467285156,263.0202941894531,263.7906188964844,0.0,6958821
2018-11-14,192.15835571289062,266.1979064941406,0.0,268.0755920410156,264.46466064453125,267.7867431640625,0.0,7182329
2018-11-15,190.8029327392578,264.3202209472656,0.0,268.8940734863281,263.3573303222656,266.5830993652344,0.0,12621945
2018-11-16,192.22787475585938,266.2942199707031,0.0,267.97930908203125,265.04241943359375,265.572021484375,0.0,13122152
2018-11-19,197.75387573242188,273.94940185546875,0.0,274.43084716796875,266.2460632324219,267.0645446777344,0.0,17364041
2018-11-20,197.30201721191406,273.323486328125,0.0,276.0196533203125,271.3495178222656,274.43084716796875,0.0,8096904
2018-11-21,195.8423614501953,271.3013610839844,0.0,274.2382507324219,269.61627197265625,273.94940185546875,0.0,5867663
2018-11-22,194.97349548339844,270.09771728515625,0.0,273.94940185546875,269.2311096191406,271.5421142578125,0.0,6937634
2018-11-26,198.55320739746094,275.0567321777344,0.0,275.73077392578125,270.2903137207031,270.8199157714844,0.0,9292657
2018-11-27,197.99713134765625,274.2864074707031,0.0,275.8270568847656,272.31243896484375,275.49005126953125,0.0,7146777
2018-11-28,196.1551513671875,271.73468017578125,0.0,277.2714538574219,270.3865966796875,274.8160095214844,0.0,9197861
2018-11-29,199.8739013671875,276.88629150390625,0.0,278.5713806152344,272.9383239746094,273.13092041015625,0.0,14183469
2018-11-30,198.657470703125,275.201171875,0.0,279.24542236328125,274.2382507324219,278.76397705078125,0.0,8972623
2018-12-03,196.6764678955078,272.4568786621094,0.0,278.76397705078125,272.07171630859375,276.597412109375,0.0,8895477
2018-12-04,195.91188049316406,271.3976745605469,0.0,272.79388427734375,270.5310363769531,270.5791931152344,0.0,6548740
2018-12-05,191.3937530517578,265.1387023925781,0.0,271.3495178222656,264.0313720703125,270.5791931152344,0.0,11894383
2018-12-06,189.79507446289062,262.92401123046875,0.0,264.7054138183594,261.4314880371094,264.3202209472656,0.0,10055005
2018-12-07,190.49014282226562,263.8869323730469,0.0,265.9571838378906,263.16473388671875,264.7535400390625,0.0,8415885
2018-12-10,187.98782348632812,260.4204406738281,0.0,262.2018127441406,259.16864013671875,261.9129333496094,0.0,6940479
2018-12-11,190.9419403076172,264.5128173828125,0.0,265.812744140625,258.2538757324219,258.4464416503906,0.0,10633126
2018-12-12,191.88031005859375,265.812744140625,0.0,267.40155029296875,262.4906921386719,265.4757385253906,0.0,10473073
2018-12-13,191.3590087890625,265.090576171875,0.0,269.03851318359375,263.3573303222656,268.6533508300781,0.0,16430755
2018-12-14,191.67181396484375,265.52386474609375,0.0,266.96826171875,263.74249267578125,264.1758117675781,0.0,8925774
2018-12-17,194.5216827392578,269.4718322753906,0.0,270.96435546875,265.6683044433594,266.7275085449219,0.0,12703296
2018-12-18,193.3400115966797,267.8348693847656,0.0,270.19403076171875,266.7275085449219,268.7015075683594,0.0,9172963
2018-12-19,197.02403259277344,272.9383239746094,0.0,273.4679260253906,268.1719055175781,268.6533508300781,0.0,13639278
2018-12-20,196.46792602539062,272.1679992675781,0.0,273.85308837890625,270.5791931152344,270.5791931152344,0.0,5155693
2018-12-21,192.36688232421875,266.4867858886719,0.0,273.4679260253906,265.812744140625,272.5050048828125,0.0,7079146
2018-12-24,191.84556579589844,265.7646179199219,0.0,270.2903137207031,265.04241943359375,268.5089111328125,0.0,8869498
2018-12-26,192.29736328125,266.3905029296875,0.0,268.4607849121094,264.6091003417969,266.10162353515625,0.0,8821251
2018-12-27,195.1472625732422,270.33843994140625,0.0,271.205078125,267.0163879394531,268.6533508300781,0.0,11881735
2018-12-28,196.18991088867188,271.7828369140625,0.0,273.4679260253906,268.79779052734375,268.79779052734375,0.0,13702437
2018-12-31,195.77285766601562,271.205078125,0.0,273.323486328125,270.67547607421875,272.31243896484375,0.0,5662393
2019-01-01,196.502685546875,272.21612548828125,0.0,273.03460693359375,269.4236755371094,271.73468017578125,0.0,2586466
2019-01-02,195.0430145263672,270.19403076171875,0.0,272.7457580566406,267.25714111328125,271.7828369140625,0.0,10316782
2019-01-03,193.82656860351562,268.5089111328125,0.0,271.97540283203125,267.44970703125,270.19403076171875,0.0,6350450
2019-01-04,195.28627014160156,270.5310363769531,0.0,272.4568786621094,268.79779052734375,268.79779052734375,0.0,8105747
2019-01-07,195.77285766601562,271.205078125,0.0,274.67156982421875,270.5791931152344,273.7568054199219,0.0,10133320
2019-01-08,197.58009338378906,273.7086486816406,0.0,274.91229248046875,270.91619873046875,271.5421142578125,0.0,7768619
2019-01-09,201.8549346923828,279.6305847167969,0.0,280.88238525390625,274.0456848144531,275.00860595703125,0.0,12651287
2019-01-10,201.29888916015625,278.8602600097656,0.0,282.8081970214844,278.18621826171875,279.9676208496094,0.0,10684824
2019-01-11,205.2956085205078,284.3970031738281,0.0,285.0229187011719,280.6897888183594,281.074951171875,0.0,17419014
2019-01-14,204.5657958984375,283.3859558105469,0.0,283.8674011230469,279.24542236328125,283.57855224609375,0.0,6646635
2019-01-15,206.12973022460938,285.5525207519531,0.0,286.3710021972656,283.0970764160156,284.30072021484375,0.0,7490965
2019-01-16,204.39198303222656,283.1452331542969,0.0,285.5525207519531,280.88238525390625,285.0229187011719,0.0,8083821
2019-01-17,204.32249450683594,283.0489501953125,0.0,284.63775634765625,279.3898620605469,283.193359375,0.0,11009380
2019-01-18,202.58477783203125,280.64166259765625,0.0,284.1562805175781,279.8713073730469,282.3749084472656,0.0,11418250
2019-01-21,201.5073699951172,279.1491394042969,0.0,282.3267517089844,277.9936218261719,281.9897155761719,0.0,8519267
2019-01-22,201.4031219482422,279.00469970703125,0.0,280.2083435058594,274.5752868652344,279.1009826660156,0.0,10727385
2019-01-23,192.74917602539062,267.0163879394531,0.0,283.48223876953125,264.80169677734375,280.6897888183594,0.0,41735950
2019-01-24,193.86134338378906,268.55706787109375,0.0,272.842041015625,267.5459899902344,268.9422302246094,0.0,29105831
2019-01-25,194.06988525390625,268.845947265625,0.0,272.21612548828125,268.1719055175781,269.61627197265625,0.0,9240591
2019-01-28,190.97671508789062,264.56097412109375,0.0,269.086669921875,264.0313720703125,268.55706787109375,0.0,9338450
2019-01-29,193.54855346679688,268.1237487792969,0.0,268.6533508300781,264.56097412109375,265.090576171875,0.0,7267917
2019-01-30,191.49801635742188,265.28314208984375,0.0,269.808837890625,264.0313720703125,269.7125549316406,0.0,10852162
2019-01-31,193.68760681152344,268.31634521484375,0.0,269.2311096191406,263.45361328125,266.2460632324219,0.0,15937442
2019-02-01,195.21678161621094,270.43475341796875,0.0,274.6234130859375,268.7496337890625,270.2421569824219,0.0,19060690
2019-02-04,192.61021423339844,266.8238220214844,0.0,271.44580078125,265.812744140625,271.44580078125,0.0,6289877
2019-02-05,190.5596466064453,263.98321533203125,0.0,267.49786376953125,262.3944091796875,267.0645446777344,0.0,10205529
2019-02-06,193.02719116210938,267.40155029296875,0.0,268.0755920410156,264.3683776855469,264.80169677734375,0.0,8409442
2019-02-07,194.83445739746094,269.9051513671875,0.0,270.5791931152344,266.7275085449219,267.5941467285156,0.0,6177040
2019-02-08,191.49801635742188,265.28314208984375,0.0,270.7717590332031,264.4165344238281,269.1347961425781,0.0,4575570
2019-02-11,192.61021423339844,266.8238220214844,0.0,267.8830261230469,258.4945983886719,265.572021484375,0.0,10335615
2019-02-12,191.3590087890625,265.090576171875,0.0,270.09771728515625,264.4165344238281,266.7756652832031,0.0,7624089
2019-02-14,193.16622924804688,267.5941467285156,0.0,269.808837890625,266.7275085449219,266.7275085449219,0.0,10378675
2019-02-15,194.6954803466797,269.7125549316406,0.0,270.5310363769531,265.1868591308594,268.6533508300781,0.0,38998388
2019-02-18,190.9419403076172,264.5128173828125,0.0,271.97540283203125,263.74249267578125,268.4607849121094,0.0,42232590
2019-02-19,191.7760467529297,265.6683044433594,0.0,268.845947265625,263.8387756347656,263.8387756347656,0.0,35777932
2019-02-20,191.74131774902344,265.62017822265625,0.0,267.208984375,264.0794982910156,266.96826171875,0.0,6208106
2019-02-21,191.18524169921875,264.8498229980469,0.0,266.4867858886719,264.0313720703125,265.6683044433594,0.0,7264425
2019-02-22,190.6638946533203,264.1276550292969,0.0,265.7164611816406,262.97216796875,265.37945556640625,0.0,9100951
2019-02-25,192.3321533203125,266.43865966796875,0.0,266.8719482421875,262.8758544921875,264.3202209472656,0.0,31204722
2019-02-26,191.49801635742188,265.28314208984375,0.0,266.7275085449219,263.8869323730469,264.7535400390625,0.0,12233273
2019-02-27,191.21998596191406,264.8979797363281,0.0,268.55706787109375,263.74249267578125,265.7646179199219,0.0,13634026
2019-02-28,191.88031005859375,265.812744140625,0.0,267.0163879394531,264.0794982910156,267.0163879394531,0.0,44873000
2019-03-01,193.37474060058594,267.8830261230469,0.0,268.6533508300781,266.0053405761719,266.1979064941406,0.0,9170950
2019-03-05,196.3984375,272.07171630859375,0.0,273.4679260253906,265.812744140625,269.61627197265625,0.0,14103324
2019-03-06,198.6227569580078,275.1530456542969,0.0,278.47509765625,274.19012451171875,274.43084716796875,0.0,20817638
2019-03-07,201.64637756347656,279.3417053222656,0.0,280.2083435058594,275.24932861328125,276.06781005859375,0.0,14837761
2019-03-08,202.96702575683594,281.1712646484375,0.0,282.1341552734375,277.7047424316406,279.5343017578125,0.0,13169854
2019-03-11,203.62741088867188,282.0860290527344,0.0,283.9637145996094,280.30462646484375,282.1341552734375,0.0,15287916
2019-03-12,204.70480346679688,283.57855224609375,0.0,284.6858825683594,282.2785949707031,283.0970764160156,0.0,14686757
2019-03-13,204.9828338623047,283.9637145996094,0.0,285.98583984375,283.24151611328125,284.05999755859375,0.0,11496644
2019-03-14,205.39990234375,284.54144287109375,0.0,285.0229187011719,279.6787414550781,284.4451599121094,0.0,10503481
2019-03-15,202.13291931152344,280.0157470703125,0.0,285.5525207519531,278.6195373535156,284.9747619628906,0.0,22219476
2019-03-18,204.04441833496094,282.66375732421875,0.0,283.2896728515625,280.4972229003906,281.1712646484375,0.0,9519926
2019-03-19,208.14549255371094,288.344970703125,0.0,288.87457275390625,282.47119140625,283.6748352050781,0.0,16363247
2019-03-20,207.76319885253906,287.81536865234375,0.0,290.75225830078125,285.60064697265625,288.87457275390625,0.0,16221492
2019-03-22,207.27659606933594,287.1413269042969,0.0,288.87457275390625,285.5525207519531,288.87457275390625,0.0,8378083
2019-03-25,205.0870819091797,284.108154296875,0.0,285.98583984375,282.3267517089844,285.98583984375,0.0,8324586
2019-03-26,203.94017028808594,282.5193176269531,0.0,285.35992431640625,280.2564697265625,284.05999755859375,0.0,11178168
2019-03-27,203.73165893554688,282.23046875,0.0,285.69696044921875,280.78607177734375,283.0970764160156,0.0,8757278
2019-03-28,208.52783203125,288.87457275390625,0.0,290.8004150390625,282.1341552734375,283.193359375,0.0,18436077
2019-04-01,206.61627197265625,286.2265625,0.0,288.104248046875,285.5525207519531,285.98583984375,0.0,6442182
2019-04-02,207.06808471679688,286.8524475097656,0.0,288.87457275390625,283.72296142578125,286.3710021972656,0.0,10228747
2019-04-03,205.85169982910156,285.1673583984375,0.0,287.9116516113281,284.2044372558594,286.94873046875,0.0,9413878
2019-04-04,204.91331481933594,283.8674011230469,0.0,286.2746887207031,282.8563537597656,285.0229187011719,0.0,7233298
2019-04-05,204.73953247070312,283.6266784667969,0.0,285.4080810546875,281.7971496582031,284.108154296875,0.0,8107661
2019-04-08,203.4883575439453,281.8934326171875,0.0,284.05999755859375,280.88238525390625,283.72296142578125,0.0,5492542
2019-04-09,205.9559783935547,285.3117980957031,0.0,285.69696044921875,281.4119873046875,281.6527099609375,0.0,6413515
2019-04-10,204.84381103515625,283.7711181640625,0.0,285.5525207519531,282.6156311035156,285.071044921875,0.0,5540095
2019-04-11,206.0254669189453,285.4080810546875,0.0,286.41912841796875,282.1341552734375,283.6266784667969,0.0,11179559
2019-04-12,212.5245361328125,294.4113464355469,0.0,296.0001525878906,284.63775634765625,285.6488037109375,0.0,22658578
2019-04-15,212.3507843017578,294.17059326171875,0.0,298.50372314453125,293.0632629394531,296.4815979003906,0.0,13098155
2019-04-16,213.53244018554688,295.80755615234375,0.0,298.45556640625,294.7965087890625,295.4223937988281,0.0,10121522
2019-04-18,211.586181640625,293.11138916015625,0.0,296.8186340332031,292.29290771484375,296.8186340332031,0.0,9178504
2019-04-22,209.7789764404297,290.6078186035156,0.0,294.17059326171875,289.8856201171875,292.581787109375,0.0,6929432
2019-04-23,210.89114379882812,292.14849853515625,0.0,293.4965515136719,290.3670959472656,290.9448547363281,0.0,7784732
2019-04-24,213.0111846923828,295.08538818359375,0.0,295.80755615234375,287.4302062988281,292.14849853515625,0.0,11888770
2019-04-25,211.41241455078125,292.87066650390625,0.0,298.3111572265625,290.8004150390625,295.855712890625,0.0,24135743
2019-04-26,211.69052124023438,293.2558288574219,0.0,295.0372314453125,291.33001708984375,293.3039855957031,0.0,4834044
2019-04-30,209.4661407470703,290.17449951171875,0.0,296.14459228515625,288.39312744140625,293.2558288574219,0.0,11593138
2019-05-02,212.0032196044922,293.68914794921875,0.0,295.1335144042969,289.45233154296875,289.93377685546875,0.0,7781859
2019-05-03,211.48190307617188,292.9669494628906,0.0,296.04827880859375,292.05218505859375,292.9669494628906,0.0,6112578
2019-05-06,213.39346313476562,295.614990234375,0.0,296.096435546875,289.5967712402344,292.7262268066406,0.0,6997113
2019-05-07,209.8484649658203,290.7041015625,0.0,298.02227783203125,289.69305419921875,296.8186340332031,0.0,8989234
2019-05-08,208.9796142578125,289.5004577636719,0.0,292.14849853515625,287.57464599609375,288.87457275390625,0.0,8179360
2019-05-09,208.4235382080078,288.7301330566406,0.0,290.1263732910156,285.35992431640625,288.29681396484375,0.0,10617358
2019-05-10,206.96385192871094,286.7080078125,0.0,289.3078918457031,285.8895263671875,288.87457275390625,0.0,7170576
2019-05-13,201.09033203125,278.5713806152344,0.0,292.2447814941406,277.0307312011719,284.1562805175781,0.0,37262425
2019-05-14,204.6005096435547,283.4341125488281,0.0,287.1894836425781,278.1380615234375,280.2083435058594,0.0,21959611
2019-05-15,206.4772491455078,286.0339660644531,0.0,288.2005310058594,281.1712646484375,286.51544189453125,0.0,18583184
2019-05-16,204.87857055664062,283.81927490234375,0.0,285.98583984375,282.3749084472656,285.98583984375,0.0,7637614
2019-05-17,209.50094604492188,290.22265625,0.0,291.1374206542969,284.1562805175781,284.1562805175781,0.0,11626049
2019-05-20,213.39346313476562,295.614990234375,0.0,296.14459228515625,290.8966979980469,295.4705505371094,0.0,11437612
2019-05-21,212.62884521484375,294.5557861328125,0.0,298.50372314453125,293.97802734375,295.614990234375,0.0,10923996
2019-05-22,212.50222778320312,288.63385009765625,5.75,291.57073974609375,285.7932434082031,290.9448547363281,0.0,14266773
2019-05-23,204.3140869140625,277.5121765136719,0.0,294.26690673828125,276.356689453125,293.68914794921875,0.0,32589058
2019-05-24,205.9092254638672,279.6787414550781,0.0,280.834228515625,276.6455383300781,280.6897888183594,0.0,11298665
2019-05-27,206.19277954101562,280.06390380859375,0.0,282.66375732421875,278.3306579589844,280.4490661621094,0.0,9371741
2019-05-28,204.8103485107422,278.18621826171875,0.0,281.1712646484375,277.4158935546875,280.9786682128906,0.0,16199349
2019-05-29,204.24322509765625,277.4158935546875,0.0,280.88238525390625,276.9344177246094,278.0899353027344,0.0,7534947
2019-05-30,204.6331329345703,277.94549560546875,0.0,280.2564697265625,277.60845947265625,278.2825012207031,0.0,8989691
2019-05-31,197.47293090820312,268.22003173828125,0.0,280.6897888183594,267.16082763671875,278.6195373535156,0.0,27294002
2019-06-03,197.47293090820312,268.22003173828125,0.0,271.0606384277344,265.090576171875,270.96435546875,0.0,20323304
2019-06-04,197.96914672851562,268.8940734863281,0.0,271.6865234375,268.4607849121094,268.8940734863281,0.0,14384170
2019-06-06,195.4879150390625,265.52386474609375,0.0,270.0014343261719,265.090576171875,270.0014343261719,0.0,11071548
2019-06-07,195.13343811035156,265.04241943359375,0.0,266.5349426269531,264.0313720703125,266.5349426269531,0.0,7995725
2019-06-10,198.07550048828125,269.03851318359375,0.0,270.1458740234375,266.6312255859375,267.97930908203125,0.0,8947150
2019-06-11,198.39453125,269.4718322753906,0.0,270.96435546875,268.845947265625,270.4828796386719,0.0,8787243
2019-06-12,198.46539306640625,269.568115234375,0.0,270.96435546875,267.93115234375,270.96435546875,0.0,8565517
2019-06-13,198.92623901367188,270.19403076171875,0.0,270.91619873046875,268.22003173828125,268.55706787109375,0.0,7475823
2019-06-14,197.1184844970703,267.73858642578125,0.0,270.09771728515625,266.8719482421875,270.09771728515625,0.0,8212601
2019-06-17,194.95619201660156,264.80169677734375,0.0,268.5089111328125,264.2720947265625,268.5089111328125,0.0,10398919
2019-06-18,195.027099609375,264.8979797363281,0.0,267.5459899902344,263.8387756347656,265.9090576171875,0.0,14378973
2019-06-19,196.51585388183594,266.92010498046875,0.0,268.55706787109375,265.37945556640625,265.4757385253906,0.0,9394923
2019-06-20,196.3740997314453,266.7275085449219,0.0,267.6423034667969,265.1387023925781,266.7275085449219,0.0,10973042
2019-06-21,194.42453002929688,264.0794982910156,0.0,266.3905029296875,263.1165771484375,266.3905029296875,0.0,19311989
2019-06-24,195.84234619140625,266.0053405761719,0.0,267.208984375,264.0794982910156,264.0794982910156,0.0,9279182
2019-06-25,197.43746948242188,268.1719055175781,0.0,269.61627197265625,264.0794982910156,264.8498229980469,0.0,12856683
2019-06-26,196.65765380859375,267.1127014160156,0.0,268.3644714355469,266.10162353515625,268.1237487792969,0.0,7707084
2019-06-27,193.892822265625,263.3573303222656,0.0,267.8830261230469,262.68328857421875,267.6423034667969,0.0,24205884
2019-06-28,194.1409149169922,263.6943359375,0.0,265.2350158691406,262.3944091796875,263.93505859375,0.0,8775151
2019-07-01,194.92074584960938,264.7535400390625,0.0,266.0053405761719,263.98321533203125,264.22393798828125,0.0,5236646
2019-07-02,194.1409149169922,263.6943359375,0.0,265.4275817871094,263.0684509277344,265.1387023925781,0.0,10360661
2019-07-03,196.16140747070312,266.43865966796875,0.0,267.25714111328125,262.057373046875,264.1276550292969,0.0,18818695
2019-07-04,196.83486938476562,267.3534240722656,0.0,267.93115234375,264.9942626953125,267.16082763671875,0.0,10071080
2019-07-05,198.1109619140625,269.086669921875,0.0,271.3976745605469,258.061279296875,267.3534240722656,0.0,38474130
2019-07-08,196.69309997558594,267.16082763671875,0.0,272.4087219238281,265.572021484375,269.7607116699219,0.0,12637923
2019-07-09,193.60923767089844,262.97216796875,0.0,267.25714111328125,262.057373046875,266.67938232421875,0.0,8003290
2019-07-10,193.64468383789062,263.0202941894531,0.0,265.04241943359375,260.70928955078125,263.40545654296875,0.0,8477115
2019-07-11,195.41700744628906,265.4275817871094,0.0,266.6312255859375,263.45361328125,263.8387756347656,0.0,8727346
2019-07-12,194.9916534423828,264.8498229980469,0.0,266.1979064941406,262.97216796875,265.1868591308594,0.0,10872126
2019-07-15,192.08502197265625,260.9018859863281,0.0,265.37945556640625,260.5167236328125,264.80169677734375,0.0,8865479
2019-07-16,192.79397583007812,261.86480712890625,0.0,262.6351318359375,260.5648498535156,260.9500427246094,0.0,6602372
2019-07-17,193.4674530029297,262.7795715332031,0.0,263.0202941894531,260.6611633300781,262.34625244140625,0.0,6536611
2019-07-18,193.53834533691406,262.8758544921875,0.0,264.8979797363281,262.2018127441406,262.8277282714844,0.0,9447100
2019-07-19,190.20635986328125,258.35015869140625,0.0,264.0794982910156,258.061279296875,263.93505859375,0.0,8294444
2019-07-22,187.44149780273438,254.59478759765625,0.0,258.2538757324219,254.20962524414062,258.061279296875,0.0,14037538
2019-07-23,191.87234497070312,260.6130065917969,0.0,261.62408447265625,255.17254638671875,255.65399169921875,0.0,14951457
2019-07-24,192.01414489746094,260.80560302734375,0.0,263.212890625,257.9649963378906,260.2760009765625,0.0,12537555
2019-07-25,189.88734436035156,257.9168395996094,0.0,262.3944091796875,257.0020751953125,260.9500427246094,0.0,18350433
2019-07-26,191.6951141357422,260.3722839355469,0.0,260.9500427246094,257.0020751953125,258.7834777832031,0.0,4972441
2019-07-29,189.8164520263672,257.820556640625,0.0,261.094482421875,256.6169128417969,259.98712158203125,0.0,5738104
2019-07-30,190.63174438476562,258.92791748046875,0.0,260.0834045410156,256.6650695800781,258.061279296875,0.0,13743007
2019-07-31,191.55332946777344,260.1796875,0.0,261.04632568359375,256.1354675292969,258.6390380859375,0.0,14175457
2019-08-01,189.67469787597656,257.6279602050781,0.0,260.6611633300781,256.6169128417969,260.4204406738281,0.0,6153824
2019-08-02,187.51243591308594,254.6910858154297,0.0,257.29095458984375,253.34300231933594,257.29095458984375,0.0,9233326
2019-08-05,184.1804656982422,250.16537475585938,0.0,254.6910858154297,248.09510803222656,254.59478759765625,0.0,12001827
2019-08-06,183.54241943359375,249.2987518310547,0.0,251.80233764648438,248.57656860351562,249.15431213378906,0.0,9770895
2019-08-07,179.82052612304688,244.2434539794922,0.0,249.73207092285156,243.71385192871094,249.4431915283203,0.0,8816780
2019-08-08,182.7271270751953,248.19140625,0.0,249.10617065429688,243.6175537109375,245.5433807373047,0.0,6616227
2019-08-09,180.2104034423828,244.77305603027344,0.0,249.2506103515625,244.09901428222656,249.2506103515625,0.0,10309668
2019-08-13,174.60984802246094,237.16603088378906,0.0,244.58047485351562,234.95132446289062,244.3878936767578,0.0,21801393
2019-08-14,176.34674072265625,239.52516174316406,0.0,244.1953125,234.9994659423828,237.16603088378906,0.0,14340858
2019-08-16,179.35972595214844,243.6175537109375,0.0,244.00271606445312,238.22523498535156,239.52516174316406,0.0,10735480
2019-08-19,178.33177185058594,242.22132873535156,0.0,247.75808715820312,241.64358520507812,244.09901428222656,0.0,13006987
2019-08-20,174.7516326904297,237.35861206054688,0.0,242.6064910888672,236.34754943847656,242.26947021484375,0.0,15577976
2019-08-21,171.1715545654297,232.49588012695312,0.0,237.7437744140625,231.9181365966797,237.5511932373047,0.0,15303762
2019-08-22,170.17901611328125,231.14779663085938,0.0,236.8771514892578,230.13674926757812,233.21807861328125,0.0,10917955
2019-08-23,167.3787384033203,227.3442840576172,0.0,230.57005310058594,225.94805908203125,230.13674926757812,0.0,17073495
2019-08-26,171.9159393310547,233.50694274902344,0.0,234.42172241210938,226.2369384765625,231.77369689941406,0.0,13352257
2019-08-27,174.042724609375,236.39569091796875,0.0,237.16603088378906,233.69952392578125,234.90316772460938,0.0,15089362
2019-08-28,174.36175537109375,236.82901000976562,0.0,238.46595764160156,234.08470153808594,237.02159118652344,0.0,9237042
2019-08-29,170.9943084716797,232.25515747070312,0.0,236.34754943847656,231.2440948486328,234.90316772460938,0.0,11532941
2019-08-30,174.14906311035156,236.54013061523438,0.0,238.03265380859375,230.1848907470703,233.7476806640625,0.0,12225631
2019-09-03,171.242431640625,232.59217834472656,0.0,235.38462829589844,231.72555541992188,235.38462829589844,0.0,9913882
2019-09-04,172.44760131835938,234.2291259765625,0.0,235.48092651367188,232.3514404296875,232.64031982421875,0.0,7303230
2019-09-05,173.15655517578125,235.19204711914062,0.0,237.7437744140625,233.02548217773438,233.02548217773438,0.0,8777107
2019-09-06,172.90841674804688,234.8550262451172,0.0,236.7327117919922,234.2291259765625,235.2401885986328,0.0,9039911
2019-09-09,174.042724609375,236.39569091796875,0.0,237.35861206054688,234.1809844970703,235.57720947265625,0.0,9435127
2019-09-11,172.80209350585938,234.71058654785156,0.0,236.34754943847656,233.9884033203125,235.52906799316406,0.0,9314093
2019-09-12,170.67532348632812,231.82183837890625,0.0,235.9142303466797,231.0996551513672,235.2401885986328,0.0,8395088
2019-09-13,170.07272338867188,231.0033721923828,0.0,233.45880126953125,229.75157165527344,232.0625762939453,0.0,14572355
2019-09-16,169.71823120117188,230.52191162109375,0.0,231.9181365966797,229.46270751953125,230.61819458007812,0.0,7357494
2019-09-17,168.15859985351562,228.40350341796875,0.0,231.19595336914062,228.01832580566406,230.90707397460938,0.0,11083300
2019-09-18,169.61190795898438,230.37747192382812,0.0,233.31436157226562,225.3703155517578,228.88494873046875,0.0,20724917
2019-09-19,167.80413818359375,227.9220428466797,0.0,231.051513671875,227.3442840576172,231.051513671875,0.0,8810026
2019-09-20,168.76116943359375,229.2219696044922,0.0,239.28443908691406,225.6110382080078,228.21090698242188,0.0,66016326
2019-09-23,180.67123413085938,245.39895629882812,0.0,250.83941650390625,240.6325225830078,240.7288055419922,0.0,54044544
2019-09-24,181.4865264892578,246.5063018798828,0.0,248.43212890625,244.3878936767578,245.5433807373047,0.0,17828419
2019-09-25,175.4960479736328,238.3696746826172,0.0,246.7470245361328,233.69952392578125,245.63967895507812,0.0,21390350
2019-09-26,177.5164794921875,241.11398315429688,0.0,242.07688903808594,237.1178741455078,238.12893676757812,0.0,18534981
2019-09-27,179.3242645263672,243.5694122314453,0.0,248.43212890625,240.7288055419922,240.7288055419922,0.0,18211017
2019-09-30,184.21591186523438,250.21353149414062,0.0,251.1282958984375,240.15106201171875,245.3026580810547,0.0,21381205
2019-10-01,181.4156036376953,246.41000366210938,0.0,252.71710205078125,245.5433807373047,249.4913330078125,0.0,16035574
2019-10-03,185.4919891357422,251.94677734375,0.0,252.42823791503906,246.554443359375,248.1432647705078,0.0,12832216
2019-10-04,182.37266540527344,247.70994567871094,0.0,254.1133270263672,245.73597717285156,253.2467041015625,0.0,18781574
2019-10-07,178.5798797607422,242.558349609375,0.0,248.43212890625,241.40284729003906,247.95066833496094,0.0,22082491
2019-10-09,175.177001953125,237.9363555908203,0.0,242.84722900390625,237.16603088378906,241.98060607910156,0.0,22332047
2019-10-10,172.4121856689453,234.1809844970703,0.0,238.46595764160156,233.65138244628906,237.84005737304688,0.0,25230638
2019-10-11,172.9438934326172,234.90316772460938,0.0,237.06973266601562,232.1588592529297,234.1809844970703,0.0,26037798
2019-10-14,173.05020141601562,235.047607421875,0.0,237.26231384277344,233.9884033203125,236.34754943847656,0.0,15280471
2019-10-15,175.531494140625,238.41781616210938,0.0,239.95848083496094,235.96238708496094,235.96238708496094,0.0,10373904
2019-10-16,172.73123168945312,234.6143035888672,0.0,238.41781616210938,233.169921875,238.22523498535156,0.0,16681940
2019-10-17,174.2908477783203,236.7327117919922,0.0,237.5511932373047,234.806884765625,234.95132446289062,0.0,14175284
2019-10-18,174.7516326904297,237.35861206054688,0.0,238.6103973388672,236.01052856445312,236.8771514892578,0.0,13327812
2019-10-22,176.4530792236328,239.6696014404297,0.0,241.78802490234375,235.8660888671875,235.9142303466797,0.0,18979485
2019-10-23,177.977294921875,241.7398681640625,0.0,242.6064910888672,239.8140411376953,241.11398315429688,0.0,13325639
2019-10-24,176.5594482421875,239.8140411376953,0.0,244.58047485351562,238.7548370361328,243.23239135742188,0.0,17438024
2019-10-25,175.60235595703125,238.51409912109375,0.0,247.66180419921875,237.84005737304688,247.3729248046875,0.0,33846376
2019-10-27,177.5164794921875,241.11398315429688,0.0,241.78802490234375,240.43994140625,240.6806640625,0.0,3252338
2019-10-29,179.5369415283203,243.85829162597656,0.0,245.63967895507812,240.29550170898438,241.64358520507812,0.0,12397313
2019-10-30,183.89686584472656,249.78021240234375,0.0,254.20962524414062,244.8693389892578,246.5063018798828,0.0,35611812
2019-10-31,182.65625,248.09510803222656,0.0,253.10226440429688,246.69888305664062,250.3579559326172,0.0,17296427
2019-11-01,185.2438507080078,251.60975646972656,0.0,253.2467041015625,249.15431213378906,249.73207092285156,0.0,13055757
2019-11-04,184.85394287109375,251.0801544189453,0.0,255.1243896484375,250.40611267089844,253.1985626220703,0.0,8199342
2019-11-05,186.37814331054688,253.15042114257812,0.0,254.20962524414062,249.0098876953125,251.3208770751953,0.0,10674212
2019-11-06,185.279296875,251.65789794921875,0.0,254.0170440673828,250.3579559326172,253.1985626220703,0.0,9198544
2019-11-07,188.469482421875,255.9910125732422,0.0,256.42431640625,252.28379821777344,253.15042114257812,0.0,15351749
2019-11-08,184.67669677734375,250.83941650390625,0.0,255.60585021972656,250.3579559326172,255.02810668945312,0.0,12357632
2019-11-11,183.9322967529297,249.82835388183594,0.0,252.62081909179688,249.2024688720703,250.9357147216797,0.0,7524183
2019-11-13,179.96231079101562,244.43603515625,0.0,249.63577270507812,243.76199340820312,249.2987518310547,0.0,10664859
2019-11-14,179.9977264404297,244.4841766357422,0.0,246.41000366210938,243.85829162597656,244.6767578125,0.0,9222757
2019-11-15,177.69374084472656,241.35470581054688,0.0,246.2655792236328,240.7288055419922,244.82119750976562,0.0,17386229
2019-11-18,177.7646484375,241.4510040283203,0.0,242.89537048339844,239.52516174316406,242.12503051757812,0.0,8167820
2019-11-19,176.73667907714844,240.0547637939453,0.0,242.46205139160156,239.5733184814453,242.41390991210938,0.0,12621028
2019-11-20,177.72915649414062,241.40284729003906,0.0,241.98060607910156,237.5511932373047,240.0547637939453,0.0,10362358
2019-11-21,174.18450927734375,236.58827209472656,0.0,242.07688903808594,235.96238708496094,242.07688903808594,0.0,10793493
2019-11-22,175.56692504882812,238.46595764160156,0.0,243.28053283691406,237.5030517578125,237.9844970703125,0.0,17000856
2019-11-25,175.63783264160156,238.562255859375,0.0,239.18814086914062,237.1178741455078,238.562255859375,0.0,10994413
2019-11-26,176.6303253173828,239.91033935546875,0.0,241.11398315429688,238.51409912109375,239.4288787841797,0.0,20539741
2019-11-27,175.07069396972656,237.7919158935547,0.0,240.77696228027344,237.45489501953125,240.4880828857422,0.0,9182137
2019-11-28,174.89344787597656,237.5511932373047,0.0,238.7548370361328,236.54013061523438,238.12893676757812,0.0,11416080
2019-11-29,174.6807403564453,237.26231384277344,0.0,238.22523498535156,235.9142303466797,237.59933471679688,0.0,10185713
2019-12-02,173.65280151367188,235.8660888671875,0.0,237.7437744140625,235.48092651367188,236.8771514892578,0.0,10356741
2019-12-03,173.01480102539062,234.9994659423828,0.0,236.6845703125,233.65138244628906,235.8660888671875,0.0,8442322
2019-12-04,172.37673950195312,234.13284301757812,0.0,234.9994659423828,233.02548217773438,234.46986389160156,0.0,12406762
2019-12-05,175.07069396972656,237.7919158935547,0.0,238.32151794433594,234.08470153808594,234.13284301757812,0.0,11699738
2019-12-06,172.5185089111328,234.32542419433594,0.0,237.9844970703125,233.50694274902344,237.84005737304688,0.0,10773814
2019-12-09,171.1715545654297,232.49588012695312,0.0,234.27728271484375,232.0625762939453,233.9884033203125,0.0,6981671
2019-12-10,167.02432250976562,226.86282348632812,0.0,232.7366180419922,226.2850799560547,232.64031982421875,0.0,15972570
2019-12-11,168.4421844482422,228.78866577148438,0.0,229.94415283203125,226.86282348632812,226.86282348632812,0.0,14331297
2019-12-12,169.1156463623047,229.70343017578125,0.0,231.292236328125,228.78866577148438,229.2219696044922,0.0,10704007
2019-12-13,171.27789306640625,232.64031982421875,0.0,233.50694274902344,230.32933044433594,231.0996551513672,0.0,8521473
2019-12-16,167.94593811035156,228.1146240234375,0.0,234.37356567382812,227.58502197265625,233.9884033203125,0.0,12476974
2019-12-17,170.8879852294922,232.1107177734375,0.0,232.7366180419922,228.69236755371094,228.69236755371094,0.0,16534369
2019-12-18,173.79458618164062,236.0586700439453,0.0,238.1770782470703,230.8589324951172,231.6774139404297,0.0,17794641
2019-12-19,173.2274627685547,235.28834533691406,0.0,238.70669555664062,234.2291259765625,236.92529296875,0.0,9699414
2019-12-20,170.9588623046875,232.20701599121094,0.0,236.01052856445312,231.2440948486328,235.28834533691406,0.0,14495913
2019-12-23,169.36378479003906,230.0404510498047,0.0,233.7958221435547,229.7997283935547,233.02548217773438,0.0,19817033
2019-12-24,169.2574462890625,229.89601135253906,0.0,231.292236328125,229.3664093017578,230.13674926757812,0.0,8200254
2019-12-26,167.875,228.01832580566406,0.0,230.52191162109375,227.58502197265625,230.0404510498047,0.0,15017235
2019-12-27,167.94593811035156,228.1146240234375,0.0,229.60714721679688,227.68130493164062,228.69236755371094,0.0,9048085
2019-12-30,168.8675537109375,229.3664093017578,0.0,231.96627807617188,228.69236755371094,229.173828125,0.0,13680470
2019-12-31,168.5130615234375,228.88494873046875,0.0,230.08859252929688,228.59608459472656,229.70343017578125,0.0,7417112
2020-01-01,168.79661560058594,229.27012634277344,0.0,229.75157165527344,228.3072052001953,229.75157165527344,0.0,4370931
2020-01-02,170.03724670410156,230.95521545410156,0.0,232.01443481445312,229.27012634277344,229.3664093017578,0.0,8726602
2020-01-03,169.0802001953125,229.65528869628906,0.0,232.0625762939453,229.173828125,232.0625762939453,0.0,9642051
2020-01-06,166.66983032226562,226.38137817382812,0.0,229.46270751953125,226.2850799560547,228.69236755371094,0.0,7930726
2020-01-07,166.84707641601562,226.62210083007812,0.0,229.07752990722656,225.89991760253906,227.296142578125,0.0,8740894
2020-01-08,166.0317840576172,225.51475524902344,0.0,227.055419921875,224.5999755859375,225.32217407226562,0.0,7314466
2020-01-09,167.1660919189453,227.055419921875,0.0,227.82574462890625,226.33322143554688,226.86282348632812,0.0,9816703
2020-01-10,168.72573852539062,229.173828125,0.0,229.89601135253906,228.01832580566406,228.78866577148438,0.0,10357864
2020-01-13,169.61190795898438,230.37747192382812,0.0,231.58111572265625,229.41455078125,229.65528869628906,0.0,12715178
2020-01-14,172.44760131835938,234.2291259765625,0.0,234.7587432861328,229.46270751953125,231.34039306640625,0.0,12299570
2020-01-15,171.84503173828125,233.41065979003906,0.0,233.9884033203125,232.1588592529297,233.5550994873047,0.0,5687654
2020-01-16,170.67532348632812,231.82183837890625,0.0,234.8550262451172,231.19595336914062,233.50694274902344,0.0,9730522
2020-01-17,170.10816955566406,231.051513671875,0.0,233.1217803955078,230.52191162109375,231.82183837890625,0.0,7677106
2020-01-20,171.49057006835938,232.92919921875,0.0,234.2291259765625,231.14779663085938,231.14779663085938,0.0,8329721
2020-01-21,169.0447540283203,229.60714721679688,0.0,232.49588012695312,229.173828125,232.49588012695312,0.0,9939680
2020-01-22,168.76116943359375,229.2219696044922,0.0,230.71449279785156,228.3072052001953,230.71449279785156,0.0,7949731
2020-01-23,168.6548614501953,229.07752990722656,0.0,229.89601135253906,228.1146240234375,229.27012634277344,0.0,6356150
2020-01-24,168.83206176757812,229.31826782226562,0.0,230.2330322265625,228.21090698242188,228.59608459472656,0.0,7063834
2020-01-27,166.3153839111328,225.89991760253906,0.0,228.59608459472656,225.6110382080078,228.21090698242188,0.0,7100949
2020-01-28,163.58596801757812,222.19268798828125,0.0,227.15170288085938,221.95196533203125,226.0443572998047,0.0,15144538
2020-01-29,167.76869201660156,227.87388610839844,0.0,228.83680725097656,222.57786560058594,222.91488647460938,0.0,21258057
2020-01-30,165.92547607421875,225.3703155517578,0.0,228.21090698242188,224.3592529296875,228.1627655029297,0.0,10794458
2020-01-31,166.7052764892578,226.4295196533203,0.0,229.55899047851562,225.3703155517578,227.00726318359375,0.0,19166671
2020-02-03,147.1741943359375,199.9011993408203,0.0,208.8563232421875,197.3976287841797,207.0267791748047,0.0,82836335
2020-02-04,152.88111877441406,207.65267944335938,0.0,209.5303497314453,201.3937225341797,202.98252868652344,0.0,37145337
2020-02-05,153.4482421875,208.42300415039062,0.0,209.43406677246094,203.6565704345703,208.278564453125,0.0,22072147
2020-02-06,151.392333984375,205.63055419921875,0.0,211.74505615234375,203.94544982910156,209.91552734375,0.0,28443398
2020-02-07,151.28602600097656,205.48611450195312,0.0,207.70082092285156,204.86021423339844,205.87127685546875,0.0,17793265
2020-02-10,149.2655487060547,202.74180603027344,0.0,206.1120147705078,202.26034545898438,206.06385803222656,0.0,9987781
2020-02-11,150.71885681152344,204.7157745361328,0.0,208.9044647216797,203.94544982910156,208.4711456298828,0.0,30951617
2020-02-12,151.0378875732422,205.1490936279297,0.0,206.83419799804688,203.94544982910156,205.48611450195312,0.0,10310789
2020-02-13,150.22259521484375,204.04173278808594,0.0,205.5342559814453,203.36770629882812,205.1490936279297,0.0,9505645
2020-02-14,147.2451171875,199.99749755859375,0.0,205.00465393066406,199.13087463378906,204.37875366210938,0.0,14260540
2020-02-17,145.189208984375,197.20504760742188,0.0,200.91226196289062,196.43470764160156,200.286376953125,0.0,16161290
2020-02-18,144.51573181152344,196.29026794433594,0.0,197.01246643066406,193.0644989013672,196.9643096923828,0.0,21741128
2020-02-19,146.53616333007812,199.03457641601562,0.0,199.4678955078125,196.29026794433594,197.6383514404297,0.0,9403278
2020-02-20,147.06784057617188,199.7567596435547,0.0,200.81597900390625,197.8309326171875,199.32345581054688,0.0,16193373
2020-02-24,143.91314697265625,195.47178649902344,0.0,199.7567596435547,194.31629943847656,199.32345581054688,0.0,17233132
2020-02-25,143.06243896484375,194.31629943847656,0.0,197.7827911376953,194.0274200439453,196.24212646484375,0.0,15903285
2020-02-26,140.79383850097656,191.23497009277344,0.0,194.4607391357422,189.020263671875,193.2089385986328,0.0,18557438
2020-02-27,140.04945373535156,190.22390747070312,0.0,191.7645721435547,188.63510131835938,191.04238891601562,0.0,17936226
2020-02-28,140.04945373535156,190.22390747070312,0.0,192.48675537109375,184.92787170410156,187.7684783935547,0.0,33885063
2020-03-02,138.45436096191406,188.05734252929688,0.0,195.9051055908203,186.46853637695312,192.10159301757812,0.0,19274852
2020-03-03,137.42642211914062,186.66111755371094,0.0,190.1276092529297,185.40933227539062,189.69430541992188,0.0,18638624
2020-03-04,132.92466735839844,180.54661560058594,0.0,188.29808044433594,179.6318359375,187.72032165527344,0.0,28729502
2020-03-05,133.3146209716797,181.0762176513672,0.0,184.10939025878906,179.6318359375,180.59475708007812,0.0,20797182
2020-03-06,128.84832763671875,175.0098419189453,0.0,177.99488830566406,173.08401489257812,177.99488830566406,0.0,27795285
2020-03-09,125.6226806640625,170.6285858154297,0.0,172.36183166503906,168.02871704101562,172.36183166503906,0.0,22633662
2020-03-11,124.52383422851562,169.1360626220703,0.0,170.1952667236328,165.95843505859375,167.54725646972656,0.0,29032759
2020-03-12,110.45155334472656,150.02220153808594,0.0,162.87710571289062,144.96688842773438,162.73268127441406,0.0,54043896
2020-03-13,115.02418518066406,156.23300170898438,0.0,157.91810607910156,129.6083984375,144.43728637695312,0.0,63962722
2020-03-16,104.39019775390625,141.78927612304688,0.0,152.2368927001953,139.86343383789062,152.14060974121094,0.0,34535653
2020-03-17,105.73714447021484,143.61880493164062,0.0,150.02220153808594,140.63377380371094,142.51145935058594,0.0,49492914
2020-03-18,106.83601379394531,145.111328125,0.0,148.9148406982422,141.88555908203125,146.45941162109375,0.0,52178352
2020-03-19,114.74058532714844,155.84783935546875,0.0,157.4847869873047,139.38198852539062,145.111328125,0.0,93204936
2020-03-20,124.41749572753906,168.9916229248047,0.0,169.9545440673828,158.97731018066406,158.97731018066406,0.0,64384067
2020-03-23,109.38814544677734,148.57781982421875,0.0,155.9922637939453,143.6669464111328,152.14060974121094,0.0,53330913
2020-03-24,106.12705993652344,144.14840698242188,0.0,157.6292266845703,141.93370056152344,156.90704345703125,0.0,54576761
2020-03-25,104.46107482910156,141.88555908203125,0.0,146.3631134033203,133.84521484375,145.40020751953125,0.0,64913270
2020-03-26,110.87689971923828,150.59994506835938,0.0,153.4886932373047,137.93760681152344,144.43728637695312,0.0,60694283
2020-03-27,115.69763946533203,157.14776611328125,0.0,159.84393310546875,149.25186157226562,155.9922637939453,0.0,33893412
2020-03-30,112.86193084716797,153.29611206054688,0.0,158.78472900390625,150.26292419433594,150.26292419433594,0.0,29203338
2020-03-31,121.72357940673828,165.33255004882812,0.0,167.40281677246094,155.5589599609375,157.91810607910156,0.0,44272500
2020-04-01,117.9662094116211,160.22909545898438,0.0,166.34361267089844,158.4477081298828,165.33255004882812,0.0,18840671
2020-04-03,126.11894226074219,171.30262756347656,0.0,175.97276306152344,160.8068389892578,161.6734619140625,0.0,65288649
2020-04-07,128.70654296875,174.8172607421875,0.0,178.8133544921875,167.21023559570312,178.8133544921875,0.0,37509626
2020-04-08,126.65064239501953,172.02481079101562,0.0,177.17640686035156,170.09898376464844,174.14321899414062,0.0,39007671
2020-04-09,131.32958984375,178.3800506591797,0.0,179.34295654296875,173.32473754882812,177.17640686035156,0.0,44268652
2020-04-13,128.74197387695312,174.8654022216797,0.0,179.72813415527344,174.33580017089844,177.65786743164062,0.0,18427550
2020-04-15,134.2362060546875,182.3280029296875,0.0,186.56483459472656,175.92462158203125,177.22454833984375,0.0,50983406
2020-04-16,132.10940551757812,179.4392547607422,0.0,184.10939025878906,178.5726318359375,182.61688232421875,0.0,28122965
2020-04-17,133.35003662109375,181.12435913085938,0.0,184.30197143554688,180.01699829101562,183.38720703125,0.0,27694463
2020-04-20,128.1039581298828,173.998779296875,0.0,182.90574645996094,172.84329223632812,182.90574645996094,0.0,37141676
2020-04-21,127.32411193847656,172.9395751953125,0.0,177.4652862548828,169.52122497558594,171.39891052246094,0.0,24232310
2020-04-22,129.2028045654297,175.49130249023438,0.0,176.7430877685547,169.47308349609375,172.36183166503906,0.0,26132520
2020-04-23,127.9975814819336,173.85433959960938,0.0,177.17640686035156,172.9877166748047,176.16534423828125,0.0,34237726
2020-04-24,127.6431655883789,173.37289428710938,0.0,176.02090454101562,172.65069580078125,174.28765869140625,0.0,18744844
2020-04-27,127.5013656616211,173.18031311035156,0.0,175.53944396972656,172.65069580078125,173.5654754638672,0.0,13589672
2020-04-28,127.2177734375,172.79513549804688,0.0,174.09507751464844,171.44705200195312,173.32473754882812,0.0,18488267
2020-04-29,129.13189697265625,175.39500427246094,0.0,176.11720275878906,172.9877166748047,173.8061981201172,0.0,22287597
2020-04-30,129.06101989746094,175.29872131347656,0.0,178.04302978515625,173.758056640625,178.04302978515625,0.0,31326446
2020-05-04,123.3895492553711,167.59539794921875,0.0,175.0098419189453,164.3214874267578,175.0098419189453,0.0,31461042
2020-05-05,123.2832260131836,167.45095825195312,0.0,170.8693084716797,165.62142944335938,168.51016235351562,0.0,18389548
2020-05-06,116.19389343261719,157.82180786132812,0.0,165.04367065429688,154.5478973388672,165.04367065429688,0.0,68112675
2020-05-07,114.13800811767578,155.02935791015625,0.0,159.69949340820312,154.5478973388672,157.91810607910156,0.0,25183509
2020-05-08,112.18842315673828,152.38133239746094,0.0,158.06253051757812,151.27398681640625,157.8699493408203,0.0,26281664
2020-05-11,112.33023071289062,152.57391357421875,0.0,157.4366455078125,152.14060974121094,154.06643676757812,0.0,18792383
2020-05-12,117.00916290283203,158.9291534423828,0.0,159.7476348876953,151.65914916992188,152.57391357421875,0.0,22211224
2020-05-13,117.25730895996094,159.26617431640625,0.0,167.16207885742188,158.39955139160156,166.96949768066406,0.0,20785966
2020-05-14,116.12300109863281,157.7255096435547,0.0,162.01048278808594,155.94412231445312,158.39955139160156,0.0,15525762
2020-05-15,116.72560119628906,158.5439910888672,0.0,159.3624725341797,155.17379760742188,156.18484497070312,0.0,15526021
2020-05-18,116.79650115966797,158.64028930664062,0.0,161.09571838378906,157.09962463378906,159.84393310546875,0.0,21602419
2020-05-19,121.0500717163086,164.4177703857422,0.0,165.28440856933594,158.97731018066406,160.3253936767578,0.0,20917906
2020-05-20,124.59471893310547,169.23236083984375,0.0,170.43600463867188,164.65850830078125,165.57327270507812,0.0,26295911
2020-05-21,133.95262145996094,181.94284057617188,0.0,183.38720703125,166.247314453125,169.08792114257812,0.0,60630670
2020-05-22,132.10940551757812,179.4392547607422,0.0,184.78343200683594,177.754150390625,181.02806091308594,0.0,40516307
2020-05-26,135.90219116210938,184.59085083007812,0.0,187.72032165527344,180.83547973632812,182.9539031982422,0.0,55283582
2020-05-27,136.22122192382812,185.024169921875,0.0,186.70925903320312,179.96885681152344,185.36119079589844,0.0,25491463
2020-05-28,135.15782165527344,183.5797882080078,0.0,185.74635314941406,181.99098205566406,185.16859436035156,0.0,25524647
2020-05-29,139.9076690673828,190.0313262939453,0.0,190.65721130371094,181.99098205566406,183.38720703125,0.0,37214719
2020-06-01,142.1762237548828,193.11265563964844,0.0,197.6383514404297,191.62013244628906,193.54595947265625,0.0,29606349
2020-06-02,139.83677673339844,189.93502807617188,0.0,194.41258239746094,189.40542602539062,194.41258239746094,0.0,23502975
2020-06-03,139.4468536376953,189.40542602539062,0.0,193.44967651367188,188.34622192382812,192.5830535888672,0.0,19710133
2020-06-04,141.89268493652344,192.7274932861328,0.0,194.99034118652344,187.7684783935547,190.41648864746094,0.0,22843181
2020-06-05,141.78634643554688,192.5830535888672,0.0,194.50888061523438,191.28311157226562,194.31629943847656,0.0,15193091
2020-06-08,140.12034606933594,190.3201904296875,0.0,196.09768676757812,189.69430541992188,195.37550354003906,0.0,20304292
2020-06-09,140.72291564941406,191.138671875,0.0,198.55311584472656,190.3201904296875,190.89794921875,0.0,41451482
2020-06-10,141.11285400390625,191.66827392578125,0.0,195.61622619628906,190.9460906982422,192.05345153808594,0.0,28247205
2020-06-11,137.70994567871094,187.04627990722656,0.0,193.7866973876953,186.42039489746094,192.5830535888672,0.0,20611505
2020-06-12,137.4618682861328,186.70925903320312,0.0,187.9610595703125,180.8836212158203,181.94284057617188,0.0,23431727
2020-06-15,132.71200561523438,180.2577362060547,0.0,186.75741577148438,179.39111328125,186.70925903320312,0.0,25404661
2020-06-16,131.15234375,178.13931274414062,0.0,183.86866760253906,175.15428161621094,183.72422790527344,0.0,28700454
2020-06-17,128.4584197998047,174.48023986816406,0.0,178.13931274414062,173.998779296875,177.17640686035156,0.0,24952658
2020-06-18,132.28665161132812,179.6799774169922,0.0,180.54661560058594,173.998779296875,174.48023986816406,0.0,30000032
2020-06-19,130.4788818359375,177.22454833984375,0.0,180.97991943359375,176.79124450683594,180.16143798828125,0.0,31707306
2020-06-22,131.15234375,178.13931274414062,0.0,180.54661560058594,176.35792541503906,179.5836944580078,0.0,32605144
2020-06-23,131.75494384765625,178.95779418945312,0.0,180.54661560058594,177.89859008789062,178.5244903564453,0.0,27569189
2020-06-24,136.008544921875,184.73529052734375,0.0,187.47959899902344,179.24667358398438,180.4503173828125,0.0,56757828
2020-06-25,143.27508544921875,194.60516357421875,0.0,195.9532470703125,184.54270935058594,185.12045288085938,0.0,78484846
2020-06-26,138.38345336914062,187.9610595703125,0.0,201.6344451904297,186.1315155029297,198.36053466796875,0.0,74727243
2020-06-29,139.83677673339844,189.93502807617188,0.0,195.47178649902344,188.92396545410156,194.99034118652344,0.0,95027403
2020-06-30,137.99356079101562,187.43145751953125,0.0,192.0052947998047,186.80555725097656,192.0052947998047,0.0,42797633
2020-07-01,143.84225463867188,195.37550354003906,0.0,196.29026794433594,187.43145751953125,187.43145751953125,0.0,46004000
2020-07-02,145.93359375,198.2161102294922,0.0,199.08273315429688,195.03848266601562,196.86802673339844,0.0,40835235
2020-07-03,147.13876342773438,199.85305786132812,0.0,200.767822265625,198.36053466796875,200.286376953125,0.0,39352660
2020-07-06,149.22320556640625,192.39047241210938,10.15,194.4607391357422,191.57199096679688,192.92007446289062,0.0,36046969
2020-07-07,145.0780792236328,187.04627990722656,0.0,193.0644989013672,186.80555725097656,192.5830535888672,0.0,32467210
2020-07-08,146.60919189453125,189.020263671875,0.0,190.60906982421875,187.04627990722656,187.04627990722656,0.0,22093693
2020-07-09,145.97434997558594,188.2017822265625,0.0,189.69430541992188,186.9499969482422,189.59800720214844,0.0,19492371
2020-07-10,145.1527862548828,187.142578125,0.0,189.2128448486328,186.80555725097656,187.91290283203125,0.0,16815128
2020-07-13,147.54275512695312,190.22390747070312,0.0,191.37940979003906,187.86476135253906,188.63510131835938,0.0,21079233
2020-07-14,146.31044006347656,188.63510131835938,0.0,192.10159301757812,185.60191345214844,190.0794677734375,0.0,19185879
2020-07-15,148.40164184570312,191.3312530517578,0.0,192.5830535888672,187.28701782226562,189.0684051513672,0.0,24692471
2020-07-16,144.7793731689453,186.66111755371094,0.0,191.47569274902344,184.87973022460938,191.3312530517578,0.0,22997164
2020-07-17,144.92872619628906,186.85369873046875,0.0,188.1536407470703,185.84263610839844,186.1315155029297,0.0,15455455
2020-07-20,143.9204559326172,185.55377197265625,0.0,188.10549926757812,185.2167510986328,187.7684783935547,0.0,19643434
2020-07-21,143.58438110351562,185.12045288085938,0.0,186.99813842773438,184.3982696533203,184.97601318359375,0.0,29089491
2020-07-22,146.79586791992188,189.260986328125,0.0,190.56092834472656,185.36119079589844,185.84263610839844,0.0,33826583
2020-07-23,149.89537048339844,193.25709533691406,0.0,194.0274200439453,189.50172424316406,190.3201904296875,0.0,32700809
2020-07-24,149.07382202148438,192.1978759765625,0.0,194.22000122070312,189.98316955566406,193.54595947265625,0.0,62500933
2020-07-27,146.683837890625,189.11654663085938,0.0,193.0644989013672,187.91290283203125,193.0644989013672,0.0,23517850
2020-07-28,145.93698120117188,188.1536407470703,0.0,191.28311157226562,187.81661987304688,189.69430541992188,0.0,20029937
2020-07-29,146.9079132080078,189.40542602539062,0.0,190.8498077392578,186.22781372070312,186.2759552001953,0.0,15402845
2020-07-30,144.40591430664062,186.17965698242188,0.0,191.04238891601562,185.36119079589844,191.04238891601562,0.0,16943579
2020-07-31,145.00341796875,186.9499969482422,0.0,189.6461639404297,186.3240966796875,186.3240966796875,0.0,17294202
2020-08-03,143.8457794189453,185.4574737548828,0.0,186.80555725097656,184.78343200683594,186.80555725097656,0.0,13776301
2020-08-04,144.6299591064453,186.46853637695312,0.0,188.53880310058594,185.4574737548828,185.4574737548828,0.0,17849565
2020-08-05,143.99514770507812,185.65005493164062,0.0,187.38330078125,184.59085083007812,187.28701782226562,0.0,50646546
2020-08-06,145.89968872070312,188.10549926757812,0.0,188.34622192382812,185.93893432617188,186.99813842773438,0.0,18574935
2020-08-07,146.42245483398438,188.77952575683594,0.0,189.69430541992188,186.9499969482422,188.2499237060547,0.0,21717194
2020-08-10,148.513671875,191.47569274902344,0.0,192.24603271484375,189.11654663085938,189.11654663085938,0.0,17108987
2020-08-11,151.65048217773438,195.5199432373047,0.0,199.99749755859375,192.5830535888672,192.5830535888672,0.0,57266693
2020-08-12,152.50938415527344,196.62728881835938,0.0,197.30133056640625,192.9682159423828,194.99034118652344,0.0,22106836
2020-08-13,150.45553588867188,193.97927856445312,0.0,196.62728881835938,189.79058837890625,195.9532470703125,0.0,23573090
2020-08-14,146.683837890625,189.11654663085938,0.0,195.80880737304688,188.2499237060547,194.12371826171875,0.0,29858596
2020-08-17,148.43899536132812,191.37940979003906,0.0,192.10159301757812,189.54986572265625,190.7053680419922,0.0,12192938
2020-08-18,148.28961181640625,191.18682861328125,0.0,192.48675537109375,189.93502807617188,192.48675537109375,0.0,12969115
2020-08-19,148.21495056152344,191.0905303955078,0.0,194.22000122070312,190.75350952148438,191.23497009277344,0.0,16070316
2020-08-20,146.2357635498047,188.53880310058594,0.0,189.8868865966797,187.3351593017578,189.69430541992188,0.0,17561721
2020-08-21,146.98263549804688,189.50172424316406,0.0,191.81271362304688,189.020263671875,190.65721130371094,0.0,17897538
2020-08-24,146.9079132080078,189.40542602539062,0.0,191.62013244628906,189.0684051513672,189.93502807617188,0.0,15304895
2020-08-25,145.93698120117188,188.1536407470703,0.0,190.9460906982422,187.86476135253906,189.93502807617188,0.0,15784633
2020-08-26,145.6009063720703,187.72032165527344,0.0,189.260986328125,186.46853637695312,189.2128448486328,0.0,23502769
2020-08-27,145.0780792236328,187.04627990722656,0.0,191.5238494873047,186.70925903320312,191.138671875,0.0,49030500
2020-08-28,146.04901123046875,188.29808044433594,0.0,189.020263671875,186.85369873046875,187.38330078125,0.0,35979788
2020-08-31,142.72549438476562,184.0131072998047,0.0,191.62013244628906,182.9539031982422,191.62013244628906,0.0,100730476
2020-09-01,142.05332946777344,183.146484375,0.0,185.2167510986328,181.268798828125,184.0131072998047,0.0,41311165
2020-09-02,142.91220092773438,184.2538299560547,0.0,185.84263610839844,182.61688232421875,184.2056884765625,0.0,21378178
2020-09-03,143.09890747070312,184.4945526123047,0.0,186.0833740234375,182.9539031982422,184.30197143554688,0.0,16295787
2020-09-04,139.43930053710938,179.77627563476562,0.0,182.9539031982422,178.8133544921875,182.9539031982422,0.0,42983034
2020-09-07,141.23178100585938,182.08726501464844,0.0,183.4353485107422,174.09507751464844,180.30587768554688,0.0,33918419
2020-09-08,140.52223205566406,181.17250061035156,0.0,183.48350524902344,177.754150390625,182.5687255859375,0.0,26574542
2020-09-09,137.2733917236328,176.98382568359375,0.0,179.34295654296875,175.53944396972656,178.6207733154297,0.0,28901363
2020-09-10,138.09494018554688,178.04302978515625,0.0,178.8133544921875,176.40606689453125,177.27268981933594,0.0,18469229
2020-09-11,137.38540649414062,177.12826538085938,0.0,179.5836944580078,175.97276306152344,178.04302978515625,0.0,19997552
2020-09-14,136.93728637695312,176.55050659179688,0.0,178.95779418945312,176.21348571777344,178.90965270996094,0.0,32185628
2020-09-15,135.7796630859375,175.0579833984375,0.0,177.36898803710938,174.09507751464844,177.17640686035156,0.0,31956903
2020-09-16,134.92076110839844,173.9506378173828,0.0,176.6949462890625,173.37289428710938,175.10614013671875,0.0,52591750
2020-09-17,133.3897247314453,171.97666931152344,0.0,174.7691192626953,171.20632934570312,174.09507751464844,0.0,35240133
2020-09-18,133.7631378173828,172.45811462402344,0.0,173.18031311035156,170.43600463867188,172.8914337158203,0.0,30929813
2020-09-21,131.26112365722656,169.23236083984375,0.0,173.90249633789062,168.55831909179688,173.32473754882812,0.0,24811451
2020-09-22,130.10350036621094,167.73983764648438,0.0,170.1952667236328,167.3065185546875,169.23236083984375,0.0,19242719
2020-09-23,128.83383178710938,166.10287475585938,0.0,170.96560668945312,165.33255004882812,168.46202087402344,0.0,64164525
2020-09-24,124.3900146484375,160.37353515625,0.0,165.3806915283203,159.98837280273438,165.33255004882812,0.0,32698988
2020-09-25,127.52681732177734,164.4177703857422,0.0,164.85108947753906,160.8068389892578,162.63638305664062,0.0,27650738
2020-09-28,129.4313507080078,166.8732147216797,0.0,168.3175811767578,164.1770477294922,164.65850830078125,0.0,24087933
2020-09-29,126.51853942871094,163.1178436279297,0.0,168.26943969726562,162.73268127441406,168.26943969726562,0.0,26602326
2020-09-30,128.23635864257812,165.33255004882812,0.0,165.71771240234375,162.4438018798828,163.69558715820312,0.0,19193371
2020-10-01,127.60152435302734,164.51406860351562,0.0,168.125,163.79188537597656,168.02871704101562,0.0,20517295
2020-10-05,126.40653991699219,162.97340393066406,0.0,166.39175415039062,162.491943359375,164.75479125976562,0.0,25234767
2020-10-06,126.89197540283203,163.59930419921875,0.0,165.2362518310547,161.86605834960938,163.21412658691406,0.0,22728054
2020-10-07,126.59323120117188,163.21412658691406,0.0,164.5622100830078,162.73268127441406,163.69558715820312,0.0,16913783
2020-10-08,124.838134765625,160.95127868652344,0.0,164.08074951171875,160.71055603027344,163.79188537597656,0.0,26484289
2020-10-09,125.36093139648438,161.6253204345703,0.0,162.63638305664062,160.1809539794922,161.28829956054688,0.0,23234939
2020-10-12,128.6097869873047,165.8140106201172,0.0,168.70274353027344,163.69558715820312,164.1770477294922,0.0,68801924
2020-10-13,127.0787124633789,163.84002685546875,0.0,168.36572265625,163.21412658691406,166.4398956298828,0.0,37058708
2020-10-14,125.32357788085938,161.57717895507812,0.0,164.65850830078125,160.85499572753906,164.22518920898438,0.0,39688050
2020-10-15,123.26969909667969,158.9291534423828,0.0,161.57717895507812,158.4477081298828,161.4808807373047,0.0,28161148
2020-10-16,123.75518035888672,159.5550537109375,0.0,160.6142578125,157.7255096435547,159.3624725341797,0.0,21006060
2020-10-19,125.65966033935547,162.01048278808594,0.0,162.63638305664062,159.98837280273438,160.6142578125,0.0,19748904
2020-10-20,125.06218719482422,161.2401580810547,0.0,162.0586395263672,160.51797485351562,161.76976013183594,0.0,16770677
2020-10-21,125.21154022216797,161.4327392578125,0.0,162.63638305664062,160.4216766357422,161.91419982910156,0.0,17113482
2020-10-22,125.88371276855469,162.2993621826172,0.0,162.82896423339844,160.8068389892578,161.33645629882812,0.0,22893091
2020-10-23,127.52681732177734,164.4177703857422,0.0,164.65850830078125,161.52903747558594,162.6845245361328,0.0,20921450
2020-10-26,125.88371276855469,162.2993621826172,0.0,165.2362518310547,162.01048278808594,165.1399688720703,0.0,16699886
2020-10-27,124.87547302246094,160.9994354248047,0.0,163.02154541015625,160.5661163330078,162.251220703125,0.0,47652264
2020-10-28,123.6058120727539,159.3624725341797,0.0,162.251220703125,158.88101196289062,162.251220703125,0.0,17468592
2020-10-29,122.37348175048828,157.77366638183594,0.0,159.79579162597656,157.38848876953125,158.88101196289062,0.0,21816186
2020-10-30,123.41905975341797,159.1217498779297,0.0,160.6142578125,157.29220581054688,157.91810607910156,0.0,16976909
2020-11-02,124.53937530517578,160.5661163330078,0.0,160.9994354248047,158.35140991210938,160.6142578125,0.0,14924105
2020-11-03,127.04136657714844,163.79188537597656,0.0,164.4177703857422,160.90313720703125,160.9994354248047,0.0,23473408
2020-11-04,126.81730651855469,163.5030059814453,0.0,165.4288330078125,161.96234130859375,163.74374389648438,0.0,19533203
2020-11-05,130.5142822265625,168.26943969726562,0.0,168.51016235351562,163.88816833496094,164.89923095703125,0.0,28037401
2020-11-06,129.9167938232422,167.4990997314453,0.0,170.6285858154297,166.96949768066406,169.9545440673828,0.0,35571152
2020-11-09,129.05789184570312,166.39175415039062,0.0,170.72486877441406,165.47698974609375,167.4990997314453,0.0,36645472
2020-11-10,133.20297241210938,171.73593139648438,0.0,172.8914337158203,165.47698974609375,168.51016235351562,0.0,59672371
2020-11-11,138.3936767578125,178.42819213867188,0.0,179.00595092773438,171.97666931152344,172.9395751953125,0.0,65757234
2020-11-12,140.41021728515625,181.02806091308594,0.0,181.75025939941406,177.03196716308594,178.3319091796875,0.0,48153554
2020-11-13,139.738037109375,180.16143798828125,0.0,181.79840087890625,178.66893005371094,180.2577362060547,0.0,29284742
2020-11-14,140.8583526611328,181.60581970214844,0.0,182.9539031982422,181.0762176513672,182.03912353515625,0.0,8066280
2020-11-17,139.92477416992188,180.4021759033203,0.0,182.3761444091797,179.48739624023438,181.99098205566406,0.0,21757459
2020-11-18,137.46011352539062,177.22454833984375,0.0,181.4613800048828,175.97276306152344,179.87257385253906,0.0,27620283
2020-11-19,140.3355255126953,180.93177795410156,0.0,184.68714904785156,175.92462158203125,176.02090454101562,0.0,50871154
2020-11-20,143.17359924316406,184.59085083007812,0.0,184.87973022460938,179.15037536621094,181.79840087890625,0.0,47052232
2020-11-23,142.53878784179688,183.77236938476562,0.0,185.36119079589844,181.65396118164062,184.87973022460938,0.0,24073204
2020-11-24,146.04901123046875,188.29808044433594,0.0,189.16470336914062,183.53164672851562,183.53164672851562,0.0,47160760
2020-11-25,144.7793731689453,186.66111755371094,0.0,190.60906982421875,185.36119079589844,188.73138427734375,0.0,43263598
2020-11-26,145.4888916015625,187.5758819580078,0.0,188.58694458007812,185.40933227539062,187.86476135253906,0.0,25155854
2020-11-27,144.6299591064453,186.46853637695312,0.0,188.49066162109375,186.0352325439453,187.23887634277344,0.0,32594141
2020-12-01,145.1901397705078,187.1907196044922,0.0,189.0684051513672,185.264892578125,187.7684783935547,0.0,16505446
2020-12-02,146.3477783203125,188.68324279785156,0.0,191.37940979003906,186.3722381591797,187.7684783935547,0.0,29520716
2020-12-03,146.5345001220703,188.92396545410156,0.0,189.8868865966797,187.3351593017578,189.8868865966797,0.0,29087754
2020-12-04,148.0282440185547,190.8498077392578,0.0,191.9571533203125,189.2128448486328,189.54986572265625,0.0,23005484
2020-12-07,151.7251739501953,195.61622619628906,0.0,196.19398498535156,190.2720489501953,190.8498077392578,0.0,37068111
2020-12-08,151.20237731933594,194.9421844482422,0.0,197.10874938964844,192.1497344970703,196.3384246826172,0.0,32042241
2020-12-09,153.40562438964844,197.7827911376953,0.0,200.09378051757812,197.06060791015625,197.3976287841797,0.0,41212760
2020-12-10,158.85772705078125,204.81207275390625,0.0,205.72683715820312,195.61622619628906,198.98643493652344,0.0,67739601
2020-12-11,161.54641723632812,208.278564453125,0.0,209.86737060546875,205.43797302246094,206.49717712402344,0.0,62645643
2020-12-14,161.2476806640625,207.89340209960938,0.0,210.49327087402344,207.0267791748047,209.86737060546875,0.0,28029531
2020-12-15,159.49253845214844,205.63055419921875,0.0,208.37486267089844,203.75286865234375,207.2675018310547,0.0,24151252
2020-12-16,159.82867431640625,206.06385803222656,0.0,207.55638122558594,205.5823974609375,205.82313537597656,0.0,20304621
2020-12-17,159.11912536621094,205.1490936279297,0.0,207.12306213378906,203.4158477783203,206.25643920898438,0.0,23248344
2020-12-18,160.20208740234375,206.54531860351562,0.0,207.94154357910156,201.97146606445312,205.19723510742188,0.0,24690701
2020-12-21,151.57582092285156,195.42364501953125,0.0,206.73789978027344,191.7645721435547,206.54531860351562,0.0,43445980
2020-12-22,151.9119110107422,195.85696411132812,0.0,198.6012725830078,189.59800720214844,195.56808471679688,0.0,42564860
2020-12-23,155.16078186035156,200.04563903808594,0.0,200.527099609375,194.50888061523438,195.47178649902344,0.0,24608258
2020-12-24,155.79559326171875,200.86412048339844,0.0,202.8380889892578,197.97537231445312,202.2122039794922,0.0,23645158
2020-12-28,156.4677734375,201.73074340820312,0.0,202.40478515625,200.14193725585938,201.24928283691406,0.0,16347233
2020-12-29,157.9988250732422,203.70472717285156,0.0,205.5823974609375,202.30848693847656,202.69366455078125,0.0,27568853
2020-12-30,157.70008850097656,203.31954956054688,0.0,205.5823974609375,201.7788848876953,204.81207275390625,0.0,19654130
2020-12-31,156.0943145751953,201.24928283691406,0.0,203.4639892578125,200.81597900390625,202.74180603027344,0.0,18947950
2021-01-01,159.71664428710938,205.91941833496094,0.0,206.25643920898438,201.5381622314453,202.11590576171875,0.0,20279389
2021-01-04,159.3805389404297,205.48611450195312,0.0,207.98968505859375,204.2343292236328,206.06385803222656,0.0,27927482
2021-01-05,157.92416381835938,203.60842895507812,0.0,205.3416748046875,202.78994750976562,204.57135009765625,0.0,18718244
2021-01-06,153.40562438964844,197.7827911376953,0.0,203.6565704345703,196.91616821289062,203.60842895507812,0.0,50957586
2021-01-07,151.46377563476562,195.27920532226562,0.0,199.9011993408203,194.60516357421875,198.4568328857422,0.0,36298522
2021-01-08,150.4928741455078,194.0274200439453,0.0,198.36053466796875,192.8237762451172,196.771728515625,0.0,58600546
2021-01-11,151.23973083496094,194.99034118652344,0.0,198.4568328857422,193.7866973876953,196.43470764160156,0.0,44625924
2021-01-12,154.1898193359375,198.79385375976562,0.0,199.22715759277344,194.12371826171875,195.47178649902344,0.0,36989137
2021-01-13,157.77476501464844,203.4158477783203,0.0,205.1009521484375,197.6383514404297,199.7567596435547,0.0,66387977
2021-01-14,159.940673828125,206.2082977294922,0.0,208.4711456298828,203.75286865234375,204.13803100585938,0.0,50164605
2021-01-15,162.70407104492188,209.77108764648438,0.0,210.39698791503906,203.36770629882812,206.93048095703125,0.0,60567280
2021-01-18,164.12310791015625,211.6006317138672,0.0,213.76718139648438,206.64161682128906,210.30068969726562,0.0,70211602
2021-01-19,163.45094299316406,210.73399353027344,0.0,213.47830200195312,209.43406677246094,212.8042755126953,0.0,33009228
2021-01-20,162.55470275878906,209.57850646972656,0.0,210.87843322753906,207.70082092285156,210.39698791503906,0.0,46392916
2021-01-21,159.6046142578125,205.77499389648438,0.0,211.35989379882812,204.3306121826172,210.87843322753906,0.0,30116008
2021-01-22,157.36399841308594,202.88624572753906,0.0,206.78604125976562,201.3937225341797,206.06385803222656,0.0,25663922
2021-01-25,155.19810485839844,200.09378051757812,0.0,204.61949157714844,199.17901611328125,204.13803100585938,0.0,25929487
2021-01-27,157.32666015625,202.8380889892578,0.0,204.76393127441406,199.4197540283203,200.286376953125,0.0,50338134
2021-01-28,154.30184936523438,198.93829345703125,0.0,203.17510986328125,198.11981201171875,201.49002075195312,0.0,22984352
2021-01-29,151.79989624023438,195.7125244140625,0.0,201.05670166015625,194.8459014892578,200.81597900390625,0.0,24679902
2021-02-01,161.2850341796875,207.94154357910156,0.0,209.86737060546875,194.31629943847656,196.43470764160156,0.0,59968324
2021-02-02,162.96548461914062,210.1081085205078,0.0,215.21156311035156,208.95260620117188,211.8413543701172,0.0,50324035
2021-02-03,161.8825225830078,208.71188354492188,0.0,213.76718139648438,207.70082092285156,213.2857208251953,0.0,55709225
2021-02-04,171.74111938476562,221.42236328125,0.0,222.81858825683594,207.98968505859375,208.0859832763672,0.0,109894300
2021-02-05,175.02731323242188,225.6591796875,0.0,229.9923095703125,218.82249450683594,223.540771484375,0.0,130323308
2021-02-08,174.09373474121094,224.45553588867188,0.0,229.2219696044922,222.91488647460938,228.69236755371094,0.0,43093963
2021-02-09,171.03158569335938,220.50758361816406,0.0,230.32933044433594,219.7372589111328,225.89991760253906,0.0,73377134
2021-02-10,169.94862365722656,219.11135864257812,0.0,222.5297088623047,214.82638549804688,220.50758361816406,0.0,49104142
2021-02-11,169.12709045410156,218.05215454101562,0.0,220.7964630126953,216.17446899414062,220.50758361816406,0.0,45311749
2021-02-12,162.40530395507812,209.38592529296875,0.0,217.37811279296875,207.79710388183594,217.37811279296875,0.0,114826417
2021-02-15,163.26419067382812,210.49327087402344,0.0,212.8042755126953,209.43406677246094,210.3488311767578,0.0,33000365
2021-02-16,163.00283813476562,210.15625,0.0,213.57460021972656,209.19334411621094,210.9265899658203,0.0,30271502
2021-02-17,162.62936401367188,209.67478942871094,0.0,210.30068969726562,208.51930236816406,209.5303497314453,0.0,20615018
2021-02-18,163.45094299316406,210.73399353027344,0.0,212.41909790039062,209.81922912597656,210.1081085205078,0.0,24997592
2021-02-19,161.2850341796875,207.94154357910156,0.0,210.7821502685547,206.06385803222656,210.73399353027344,0.0,29208388
2021-02-22,158.44786071777344,199.37159729003906,5.0,204.13803100585938,198.36053466796875,204.13803100585938,0.0,53531490
2021-02-23,159.5574951171875,200.767822265625,0.0,202.74180603027344,199.32345581054688,200.286376953125,0.0,27703323
2021-02-24,159.82533264160156,201.10484313964844,0.0,202.01962280273438,198.8419952392578,201.3455810546875,0.0,13667471
2021-02-25,160.054931640625,201.3937225341797,0.0,203.36770629882812,201.05670166015625,201.73074340820312,0.0,26953713
2021-02-26,155.99903869628906,196.29026794433594,0.0,200.286376953125,195.47178649902344,199.56417846679688,0.0,45101885
2021-03-01,158.3330841064453,199.22715759277344,0.0,200.04563903808594,196.48284912109375,197.8309326171875,0.0,16850430
2021-03-02,160.6288604736328,202.11590576171875,0.0,202.98252868652344,198.8419952392578,199.32345581054688,0.0,26590262
2021-03-03,160.66712951660156,202.1640625,0.0,204.13803100585938,201.05670166015625,204.13803100585938,0.0,21648963
2021-03-04,160.47581481933594,201.92332458496094,0.0,203.4639892578125,199.9011993408203,201.05670166015625,0.0,25858155
2021-03-05,159.5957794189453,200.81597900390625,0.0,202.2122039794922,199.5160369873047,200.286376953125,0.0,17990773
2021-03-08,159.17486572265625,200.286376953125,0.0,202.98252868652344,199.99749755859375,201.92332458496094,0.0,23874105
2021-03-09,159.02182006835938,200.09378051757812,0.0,201.97146606445312,197.15689086914062,200.9604034423828,0.0,23463213
2021-03-10,158.02696228027344,198.8419952392578,0.0,201.44186401367188,198.16795349121094,201.3455810546875,0.0,20358192
2021-03-12,157.03213500976562,197.5902099609375,0.0,200.286376953125,195.9532470703125,200.286376953125,0.0,31973696
2021-03-15,157.22344970703125,197.8309326171875,0.0,198.36053466796875,194.12371826171875,198.2161102294922,0.0,42699297
2021-03-16,159.06007385253906,200.14193725585938,0.0,201.1529998779297,197.34947204589844,198.74571228027344,0.0,50641203
2021-03-17,161.16456604003906,202.78994750976562,0.0,205.9675750732422,200.81597900390625,204.3306121826172,0.0,81604999
2021-03-18,166.5596466064453,209.57850646972656,0.0,210.9747314453125,204.04173278808594,205.1009521484375,0.0,95536034
2021-03-19,170.61557006835938,214.68194580078125,0.0,217.76327514648438,207.55638122558594,210.87843322753906,0.0,139352860
2021-03-22,172.9496307373047,217.6188507080078,0.0,218.00401306152344,213.2857208251953,215.0189666748047,0.0,47823778
2021-03-23,170.0416259765625,213.9597625732422,0.0,219.64096069335938,213.0931396484375,216.6559295654297,0.0,43165463
2021-03-24,165.25872802734375,207.94154357910156,0.0,214.5375213623047,207.2675018310547,212.8042755126953,0.0,28672557
2021-03-25,161.9298095703125,203.75286865234375,0.0,207.94154357910156,201.2974395751953,207.1712188720703,0.0,42248040
2021-03-26,161.39413452148438,203.07882690429688,0.0,206.49717712402344,202.54922485351562,206.30459594726562,0.0,27083832
2021-03-30,164.1873321533203,206.5934600830078,0.0,207.0267791748047,202.5973663330078,205.3416748046875,0.0,28862387
2021-03-31,167.2101287841797,210.39698791503906,0.0,211.1673126220703,204.81207275390625,206.1120147705078,0.0,37890481
2021-04-01,168.39630126953125,211.88949584960938,0.0,212.41909790039062,209.24148559570312,211.8413543701172,0.0,30182056
2021-04-05,162.65682983398438,204.66763305664062,0.0,211.8413543701172,202.69366455078125,209.5303497314453,0.0,32586507
2021-04-06,162.73333740234375,204.76393127441406,0.0,206.9786376953125,202.3566436767578,205.87127685546875,0.0,26663018
2021-04-07,163.61338806152344,205.87127685546875,0.0,207.2193603515625,204.57135009765625,204.81207275390625,0.0,15790468
2021-04-08,163.19248962402344,205.3416748046875,0.0,208.0859832763672,204.95651245117188,206.88233947753906,0.0,14660557
2021-04-09,163.07769775390625,205.19723510742188,0.0,207.94154357910156,204.66763305664062,205.82313537597656,0.0,16994483
2021-04-12,157.108642578125,197.68649291992188,0.0,203.17510986328125,197.3976287841797,202.2122039794922,0.0,35840817
2021-04-13,159.71054077148438,200.9604034423828,0.0,201.92332458496094,198.36053466796875,199.32345581054688,0.0,21027436
2021-04-15,158.1800079345703,199.03457641601562,0.0,202.6455078125,198.36053466796875,201.24928283691406,0.0,18205903
2021-04-16,159.1365966796875,200.23822021484375,0.0,201.49002075195312,198.8419952392578,200.286376953125,0.0,13824608
2021-04-19,157.33822631835938,197.97537231445312,0.0,198.4568328857422,196.19398498535156,197.3976287841797,0.0,16400507
2021-04-20,155.76943969726562,196.00140380859375,0.0,199.32345581054688,194.99034118652344,198.55311584472656,0.0,22187707
2021-04-22,157.5677947998047,198.26425170898438,0.0,198.6494140625,193.11265563964844,194.50888061523438,0.0,24030915
2021-04-23,157.14694213867188,197.73464965820312,0.0,199.32345581054688,196.67544555664062,196.67544555664062,0.0,20381213
2021-04-26,157.108642578125,197.68649291992188,0.0,199.08273315429688,197.10874938964844,198.16795349121094,0.0,20652091
2021-04-27,157.18516540527344,197.7827911376953,0.0,199.2753143310547,197.44577026367188,197.68649291992188,0.0,11885588
2021-04-28,157.26170349121094,197.87908935546875,0.0,198.8419952392578,197.68649291992188,198.36053466796875,0.0,13197445
2021-04-29,156.3433837890625,196.7235870361328,0.0,199.85305786132812,196.48284912109375,199.4197540283203,0.0,13601150
2021-04-30,155.0424346923828,195.0866241455078,0.0,198.07167053222656,194.50888061523438,196.3384246826172,0.0,17130954
2021-05-03,153.77976989746094,193.49781799316406,0.0,194.36444091796875,192.5830535888672,193.73854064941406,0.0,21405441
2021-05-04,152.7466583251953,192.1978759765625,0.0,194.8459014892578,191.7164306640625,193.73854064941406,0.0,18962501
2021-05-05,154.12413024902344,193.93113708496094,0.0,194.50888061523438,192.10159301757812,193.97927856445312,0.0,14396547
2021-05-06,155.1572265625,195.23106384277344,0.0,198.31239318847656,194.60516357421875,194.79776000976562,0.0,14872429
2021-05-07,157.14694213867188,197.73464965820312,0.0,198.79385375976562,195.42364501953125,195.42364501953125,0.0,20213092
2021-05-10,157.29998779296875,197.92723083496094,0.0,199.7567596435547,197.3976287841797,199.4678955078125,0.0,16922951
2021-05-11,156.11380004882812,196.43470764160156,0.0,198.8419952392578,196.19398498535156,196.3384246826172,0.0,14277000
2021-05-12,155.53988647460938,195.7125244140625,0.0,197.6383514404297,195.32736206054688,196.3384246826172,0.0,17174525
2021-05-14,162.42723083496094,204.37875366210938,0.0,205.2935333251953,196.43470764160156,197.3976287841797,0.0,64021335
2021-05-17,162.69508361816406,204.7157745361328,0.0,208.95260620117188,203.80101013183594,208.76002502441406,0.0,39465392
2021-05-18,160.74365234375,202.26034545898438,0.0,206.64161682128906,201.87518310546875,206.16015625,0.0,31653409
2021-05-19,158.98358154296875,200.04563903808594,0.0,203.56028747558594,199.85305786132812,202.26034545898438,0.0,25345241
2021-05-20,158.40960693359375,199.32345581054688,0.0,201.5381622314453,199.13087463378906,200.7196807861328,0.0,21688686
2021-05-21,159.97842407226562,201.2974395751953,0.0,202.06776428222656,199.7086181640625,199.9011993408203,0.0,23509878
2021-05-24,161.85328674316406,203.6565704345703,0.0,204.18617248535156,200.04563903808594,201.73074340820312,0.0,29977506
2021-05-25,161.39413452148438,203.07882690429688,0.0,205.48611450195312,202.4529266357422,205.1009521484375,0.0,26310600
2021-05-26,161.16456604003906,202.78994750976562,0.0,204.57135009765625,202.50108337402344,203.94544982910156,0.0,18253046
2021-05-27,161.58544921875,203.31954956054688,0.0,206.2082977294922,202.50108337402344,203.17510986328125,0.0,49385674
2021-05-28,162.92465209960938,205.00465393066406,0.0,205.5823974609375,203.70472717285156,204.61949157714844,0.0,26583388
2021-05-31,165.75611877441406,208.56744384765625,0.0,209.81922912597656,206.4490203857422,207.0267791748047,0.0,75852502
2021-06-01,164.7230224609375,207.2675018310547,0.0,211.26361083984375,206.30459594726562,209.91552734375,0.0,40247686
2021-06-02,159.9401092529297,201.24928283691406,0.0,204.57135009765625,200.86412048339844,202.69366455078125,0.0,100377464
2021-06-03,159.97842407226562,201.2974395751953,0.0,202.93438720703125,200.9604034423828,202.93438720703125,0.0,48454441
2021-06-04,159.74879455566406,201.00856018066406,0.0,201.92332458496094,200.286376953125,201.73074340820312,0.0,31286264
2021-06-07,161.81503295898438,203.60842895507812,0.0,204.523193359375,202.40478515625,202.5973663330078,0.0,32643869
2021-06-08,163.4986114501953,205.72683715820312,0.0,206.30459594726562,203.36770629882812,204.3306121826172,0.0,22080199
2021-06-09,162.61856079101562,204.61949157714844,0.0,206.78604125976562,203.6565704345703,206.06385803222656,0.0,25846432
2021-06-10,164.80076599121094,201.5381622314453,5.75,203.56028747558594,199.80491638183594,200.9604034423828,0.0,31902690
2021-06-11,163.6984100341797,200.19007873535156,0.0,202.6455078125,200.04563903808594,202.50108337402344,0.0,22249404
2021-06-14,163.2259979248047,199.61233520507812,0.0,200.7196807861328,197.5902099609375,200.23822021484375,0.0,18358717
2021-06-15,163.0291290283203,199.37159729003906,0.0,200.67153930664062,199.32345581054688,199.85305786132812,0.0,15426377
2021-06-16,163.65904235839844,200.14193725585938,0.0,201.5863037109375,199.37159729003906,199.37159729003906,0.0,20878518
2021-06-17,161.92678833007812,198.0235137939453,0.0,200.286376953125,197.3976287841797,199.2753143310547,0.0,22304032
2021-06-18,161.06065368652344,196.9643096923828,0.0,198.79385375976562,194.99034118652344,198.36053466796875,0.0,24475206
2021-06-21,160.98193359375,196.86802673339844,0.0,198.36053466796875,194.89404296875,195.56808471679688,0.0,19809308
2021-06-22,161.49371337890625,197.49391174316406,0.0,198.6012725830078,196.771728515625,198.4568328857422,0.0,18737552
2021-06-23,160.58824157714844,196.38656616210938,0.0,198.2161102294922,196.04954528808594,198.0235137939453,0.0,13059519
2021-06-24,160.0370635986328,195.7125244140625,0.0,197.06060791015625,195.03848266601562,196.86802673339844,0.0,23299321
2021-06-25,161.45436096191406,197.44577026367188,0.0,197.97537231445312,196.19398498535156,196.43470764160156,0.0,14411660
2021-06-28,160.3126220703125,196.04954528808594,0.0,198.26425170898438,195.80880737304688,198.26425170898438,0.0,15190488
2021-06-29,160.07643127441406,195.7606658935547,0.0,197.68649291992188,195.61622619628906,196.04954528808594,0.0,13839294
2021-06-30,159.60397338867188,195.18292236328125,0.0,196.8198699951172,195.03848266601562,196.7235870361328,0.0,16556397
2021-07-01,159.84022521972656,195.47178649902344,0.0,196.24212646484375,194.6533203125,195.37550354003906,0.0,10583793
2021-07-02,159.3677978515625,194.89404296875,0.0,196.1458282470703,194.74960327148438,195.7606658935547,0.0,13187847
2021-07-05,160.3520050048828,196.09768676757812,0.0,196.531005859375,195.18292236328125,195.47178649902344,0.0,10642939
2021-07-06,159.44651794433594,194.99034118652344,0.0,196.24212646484375,194.74960327148438,195.7125244140625,0.0,11515716
2021-07-07,160.43075561523438,196.19398498535156,0.0,197.5902099609375,194.79776000976562,194.99034118652344,0.0,18568033
2021-07-08,159.05282592773438,194.50888061523438,0.0,196.91616821289062,194.31629943847656,195.9532470703125,0.0,21730892
2021-07-09,158.54098510742188,193.8829803466797,0.0,194.8459014892578,193.44967651367188,194.50888061523438,0.0,12289809
2021-07-12,158.3441619873047,193.6422576904297,0.0,195.03848266601562,193.49781799316406,194.50888061523438,0.0,13589278
2021-07-13,158.93472290039062,194.36444091796875,0.0,194.7014617919922,193.8829803466797,194.50888061523438,0.0,11247522
2021-07-14,160.70635986328125,196.531005859375,0.0,197.5420684814453,194.22000122070312,194.36444091796875,0.0,21269167
2021-07-15,162.3992462158203,198.6012725830078,0.0,200.767822265625,195.37550354003906,196.8198699951172,0.0,29963443
2021-07-16,163.6984100341797,200.19007873535156,0.0,201.87518310546875,199.5160369873047,199.99749755859375,0.0,30137464
2021-07-19,163.58033752441406,200.04563903808594,0.0,201.73074340820312,198.6975555419922,199.13087463378906,0.0,17099088
2021-07-20,162.83230590820312,199.13087463378906,0.0,201.5381622314453,198.74571228027344,200.4789581298828,0.0,24567907
2021-07-22,162.98977661132812,199.32345581054688,0.0,200.527099609375,198.2161102294922,199.32345581054688,0.0,19016769
2021-07-23,167.24166870117188,204.523193359375,0.0,205.67869567871094,198.8419952392578,199.32345581054688,0.0,46241640
2021-07-26,166.2574462890625,203.31954956054688,0.0,207.36380004882812,202.98252868652344,206.06385803222656,0.0,49084040
2021-07-27,164.28900146484375,200.91226196289062,0.0,205.1009521484375,200.23822021484375,204.13803100585938,0.0,25378089
2021-07-28,164.643310546875,201.3455810546875,0.0,202.2122039794922,199.7567596435547,200.5752410888672,0.0,15304399
2021-07-29,162.24176025390625,198.40869140625,0.0,202.40478515625,198.0235137939453,201.3455810546875,0.0,16204679
2021-07-30,161.3756103515625,197.34947204589844,0.0,199.4197540283203,197.01246643066406,198.4568328857422,0.0,15515733
2021-08-02,163.2259979248047,199.61233520507812,0.0,199.80491638183594,197.8309326171875,198.79385375976562,0.0,10046707
2021-08-03,165.273193359375,202.11590576171875,0.0,203.07882690429688,198.79385375976562,199.80491638183594,0.0,19179805
2021-08-04,164.24960327148438,200.86412048339844,0.0,203.2714080810547,200.38265991210938,203.07882690429688,0.0,11421835
2021-08-05,169.48574829101562,207.2675018310547,0.0,208.71188354492188,199.22715759277344,200.86412048339844,0.0,48995450
2021-08-06,168.69834899902344,206.30459594726562,0.0,207.98968505859375,204.7157745361328,207.4119415283203,0.0,24489836
2021-08-09,168.3440399169922,205.87127685546875,0.0,209.0970458984375,204.81207275390625,207.0267791748047,0.0,21142199
2021-08-10,165.23382568359375,202.06776428222656,0.0,206.49717712402344,200.81597900390625,206.06385803222656,0.0,18855165
2021-08-11,164.28900146484375,200.91226196289062,0.0,202.78994750976562,199.7567596435547,202.06776428222656,0.0,16012451
2021-08-12,164.48582458496094,201.1529998779297,0.0,206.25643920898438,200.62339782714844,202.4529266357422,0.0,28758718
2021-08-13,166.49366760253906,203.60842895507812,0.0,204.42691040039062,201.44186401367188,202.06776428222656,0.0,19576945
2021-08-16,166.06060791015625,203.07882690429688,0.0,205.3416748046875,202.69366455078125,203.56028747558594,0.0,11621038
2021-08-17,164.72203063964844,201.44186401367188,0.0,203.6565704345703,201.05670166015625,202.98252868652344,0.0,8161139
2021-08-18,164.52517700195312,201.20114135742188,0.0,203.6565704345703,200.62339782714844,201.82704162597656,0.0,11149120
2021-08-20,164.48582458496094,201.1529998779297,0.0,202.88624572753906,199.03457641601562,199.32345581054688,0.0,20168965
2021-08-23,162.43861389160156,198.6494140625,0.0,202.40478515625,198.36053466796875,201.73074340820312,0.0,10319044
2021-08-24,162.00552368164062,198.11981201171875,0.0,199.32345581054688,197.10874938964844,199.32345581054688,0.0,12971124
2021-08-25,162.517333984375,198.74571228027344,0.0,200.19007873535156,198.36053466796875,198.74571228027344,0.0,10994627
2021-08-26,161.10003662109375,197.01246643066406,0.0,199.17901611328125,196.771728515625,198.74571228027344,0.0,15407558
2021-08-27,162.12362670898438,198.26425170898438,0.0,199.17901611328125,197.30133056640625,197.3976287841797,0.0,10879860
2021-08-30,163.77716064453125,200.286376953125,0.0,200.4789581298828,198.36053466796875,198.36053466796875,0.0,12550267
2021-08-31,166.3755340576172,203.4639892578125,0.0,203.75286865234375,199.56417846679688,200.3345184326172,0.0,26802390
2021-09-01,164.958251953125,201.73074340820312,0.0,204.42691040039062,201.5381622314453,203.17510986328125,0.0,16867486
2021-09-02,165.15509033203125,201.97146606445312,0.0,203.6565704345703,201.24928283691406,201.24928283691406,0.0,14872714
2021-09-03,165.82440185546875,202.78994750976562,0.0,203.4158477783203,201.97146606445312,201.97146606445312,0.0,10622796
2021-09-06,164.80076599121094,201.5381622314453,0.0,203.36770629882812,201.2974395751953,203.17510986328125,0.0,11041632
2021-09-07,166.72987365722656,203.89730834960938,0.0,206.40087890625,202.3566436767578,203.07882690429688,0.0,38933378
2021-09-08,166.33616638183594,203.4158477783203,0.0,205.1009521484375,201.92332458496094,204.37875366210938,0.0,17897021
2021-09-09,167.4385223388672,204.76393127441406,0.0,205.9675750732422,202.74180603027344,203.2232666015625,0.0,19784972
2021-09-13,168.61961364746094,206.2082977294922,0.0,207.1712188720703,203.94544982910156,205.43797302246094,0.0,16661794
2021-09-14,170.155029296875,208.0859832763672,0.0,209.19334411621094,206.25643920898438,206.93048095703125,0.0,20377545
2021-09-15,170.0762939453125,207.98968505859375,0.0,209.1451873779297,207.31565856933594,209.0489044189453,0.0,21028598
2021-09-16,181.69027709960938,222.19268798828125,0.0,224.9851531982422,208.278564453125,208.9044647216797,0.0,154986538
2021-09-17,182.0052490234375,222.57786560058594,0.0,228.49978637695312,220.6038818359375,224.3592529296875,0.0,82563658
2021-09-20,184.05247497558594,225.08143615722656,0.0,230.47377014160156,221.7112274169922,222.4334259033203,0.0,73101936
2021-09-21,190.1547393798828,232.54403686523438,0.0,233.45880126953125,223.1074676513672,226.2369384765625,0.0,58854434
2021-09-22,191.72952270507812,234.46986389160156,0.0,236.6845703125,231.77369689941406,234.46986389160156,0.0,54648494
2021-09-23,190.94212341308594,233.50694274902344,0.0,236.4919891357422,232.7366180419922,235.9142303466797,0.0,22630330
2021-09-24,187.75318908691406,229.60714721679688,0.0,234.95132446289062,228.88494873046875,234.95132446289062,0.0,25779310
2021-09-27,187.95004272460938,229.84786987304688,0.0,232.8810577392578,226.76654052734375,230.90707397460938,0.0,23772123
2021-09-28,187.20205688476562,228.93310546875,0.0,232.64031982421875,227.536865234375,230.95521545410156,0.0,16319138
2021-09-29,187.47760009765625,229.27012634277344,0.0,232.44773864746094,226.95912170410156,227.2480010986328,0.0,16045073
2021-09-30,185.9421844482422,227.39244079589844,0.0,231.4848175048828,226.52581787109375,231.0033721923828,0.0,16987893
2021-10-01,185.31228637695312,226.62210083007812,0.0,228.21090698242188,224.26295471191406,226.4776611328125,0.0,16570661
2021-10-04,186.2965087890625,227.82574462890625,0.0,229.51084899902344,226.6702423095703,227.2480010986328,0.0,11098123
2021-10-05,184.8004913330078,225.99620056152344,0.0,228.64422607421875,225.80361938476562,227.63316345214844,0.0,9578825
2021-10-06,182.08396911621094,222.6741485595703,0.0,227.63316345214844,222.04824829101562,226.09249877929688,0.0,18179336
2021-10-07,183.4225616455078,224.3111114501953,0.0,226.2369384765625,223.68521118164062,224.3592529296875,0.0,10770973
2021-10-08,182.43832397460938,223.1074676513672,0.0,226.09249877929688,222.62600708007812,226.0443572998047,0.0,10114327
2021-10-11,187.43821716308594,229.2219696044922,0.0,230.61819458007812,223.1074676513672,223.39633178710938,0.0,22000303
2021-10-12,189.99725341796875,232.3514404296875,0.0,233.9884033203125,229.173828125,229.75157165527344,0.0,30347455
2021-10-13,196.2176513671875,239.95848083496094,0.0,241.59542846679688,231.2440948486328,233.5550994873047,0.0,52091422
2021-10-14,202.0049591064453,247.03590393066406,0.0,252.1393585205078,241.06582641601562,243.85829162597656,0.0,88696178
2021-10-18,206.72930908203125,252.8134002685547,0.0,255.46141052246094,247.80624389648438,251.3208770751953,0.0,62614961
2021-10-19,193.6586151123047,236.82901000976562,0.0,252.8134002685547,235.96238708496094,251.70603942871094,0.0,61336411
2021-10-20,194.17039489746094,237.45489501953125,0.0,239.28443908691406,233.3625030517578,236.82901000976562,0.0,49663940
2021-10-21,192.6743927001953,235.6253662109375,0.0,239.13999938964844,234.08470153808594,238.802978515625,0.0,23385990
2021-10-22,186.2965087890625,227.82574462890625,0.0,236.6845703125,225.03329467773438,235.6253662109375,0.0,36905793
2021-10-25,183.77688598632812,224.74441528320312,0.0,227.87388610839844,221.95196533203125,225.41845703125,0.0,23194065
2021-10-26,186.37527465820312,227.9220428466797,0.0,230.13674926757812,223.97409057617188,225.41845703125,0.0,19663381
2021-10-27,187.75318908691406,229.60714721679688,0.0,232.3514404296875,227.44058227539062,231.34039306640625,0.0,26909428
2021-10-28,177.24151611328125,216.75222778320312,0.0,227.19985961914062,215.8374481201172,226.38137817382812,0.0,48064941
2021-10-29,175.7454833984375,214.9226837158203,0.0,219.785400390625,214.05606079101562,216.6559295654297,0.0,27668175
2021-11-01,178.61949157714844,218.43731689453125,0.0,219.11135864257812,214.24864196777344,215.8374481201172,0.0,24090945
2021-11-02,177.63522338867188,217.23367309570312,0.0,220.74832153320312,216.17446899414062,219.544677734375,0.0,14896284
2021-11-03,175.1549530029297,214.20050048828125,0.0,218.43731689453125,213.47830200195312,217.6188507080078,0.0,18530527
2021-11-04,178.38323974609375,218.14845275878906,0.0,218.87063598632812,215.69300842285156,216.51148986816406,0.0,7295341
2021-11-08,180.94227600097656,221.27792358398438,0.0,222.14454650878906,217.32997131347656,221.18162536621094,0.0,21051238
2021-11-09,180.11550903320312,220.26686096191406,0.0,222.33712768554688,219.40023803710938,221.32606506347656,0.0,11964518
2021-11-10,181.76902770996094,222.2889862060547,0.0,224.21481323242188,218.7743377685547,219.01507568359375,0.0,13948380
2021-11-11,181.0997314453125,221.4705047607422,0.0,222.91488647460938,220.07427978515625,221.8556671142578,0.0,8448263
2021-11-12,183.38316345214844,224.26295471191406,0.0,225.27401733398438,220.6520233154297,222.62600708007812,0.0,12312123
2021-11-15,187.47760009765625,229.27012634277344,0.0,230.13674926757812,224.45553588867188,225.27401733398438,0.0,40247848
2021-11-16,185.3910369873047,226.71839904785156,0.0,230.76263427734375,226.2850799560547,230.1848907470703,0.0,15241184
2021-11-17,188.57992553710938,230.61819458007812,0.0,236.15496826171875,226.91098022460938,227.2480010986328,0.0,48496295
2021-11-18,187.0051727294922,228.69236755371094,0.0,233.9884033203125,227.536865234375,231.0996551513672,0.0,21005037
2021-11-22,181.8083953857422,222.33712768554688,0.0,231.82183837890625,221.03720092773438,229.07752990722656,0.0,23443628
2021-11-23,182.35955810546875,223.01116943359375,0.0,224.07037353515625,220.6520233154297,220.6520233154297,0.0,13950744
2021-11-24,179.28872680664062,219.25579833984375,0.0,224.07037353515625,218.5336151123047,223.82965087890625,0.0,14684422
2021-11-25,182.12335205078125,222.7222900390625,0.0,223.5889129638672,217.37811279296875,218.58175659179688,0.0,24825493
2021-11-26,176.37538146972656,215.69300842285156,0.0,221.51864624023438,214.82638549804688,220.4113006591797,0.0,28067913
2021-11-29,174.40695190429688,213.2857208251953,0.0,215.35598754882812,212.033935546875,213.76718139648438,0.0,22985358
2021-11-30,174.13133239746094,212.94869995117188,0.0,216.8485107421875,211.8413543701172,213.76718139648438,0.0,24408641
2021-12-01,174.7218780517578,213.6708984375,0.0,215.0189666748047,212.41909790039062,213.76718139648438,0.0,13496307
2021-12-02,177.51712036132812,217.08924865722656,0.0,217.76327514648438,213.0931396484375,213.6708984375,0.0,16517389
2021-12-03,174.52505493164062,213.43016052246094,0.0,217.81143188476562,213.14129638671875,216.6559295654297,0.0,14325920
2021-12-06,171.5723114013672,209.81922912597656,0.0,213.9597625732422,209.43406677246094,213.43016052246094,0.0,13644352
2021-12-07,173.73765563964844,212.46725463867188,0.0,213.7190399169922,210.01181030273438,210.7821502685547,0.0,9246755
2021-12-08,177.12344360351562,216.6077880859375,0.0,217.28182983398438,212.8042755126953,212.8042755126953,0.0,10241656
2021-12-09,185.35165405273438,226.6702423095703,0.0,227.68130493164062,214.7301025390625,214.7301025390625,0.0,39714672
2021-12-10,185.90280151367188,227.3442840576172,0.0,230.08859252929688,225.08143615722656,227.44058227539062,0.0,36517117
2021-12-13,184.72174072265625,225.89991760253906,0.0,229.89601135253906,225.4665985107422,229.173828125,0.0,22903720
2021-12-14,179.99742126464844,220.12242126464844,0.0,228.3072052001953,219.11135864257812,226.2850799560547,0.0,38953007
2021-12-15,176.41481018066406,215.7411651611328,0.0,223.5889129638672,215.11526489257812,221.4705047607422,0.0,35987634
2021-12-16,175.50926208496094,214.63380432128906,0.0,217.76327514648438,212.61167907714844,217.6188507080078,0.0,25131188
2021-12-17,171.61170959472656,209.86737060546875,0.0,214.58566284179688,208.71188354492188,214.5375213623047,0.0,30827201
2021-12-20,167.24166870117188,204.523193359375,0.0,208.2304229736328,202.01962280273438,208.2304229736328,0.0,38778895
2021-12-21,167.32041931152344,204.61949157714844,0.0,207.4600830078125,203.2232666015625,206.06385803222656,0.0,20142586
2021-12-22,166.9267120361328,204.13803100585938,0.0,206.25643920898438,203.2714080810547,206.06385803222656,0.0,17903428
2021-12-23,171.09991455078125,209.24148559570312,0.0,210.3488311767578,205.2935333251953,205.9675750732422,0.0,23065082
2021-12-24,171.65106201171875,209.91552734375,0.0,212.274658203125,208.42300415039062,209.91552734375,0.0,17220191
2021-12-27,171.29673767089844,209.48220825195312,0.0,210.3488311767578,207.65267944335938,210.30068969726562,0.0,8467106
2021-12-28,173.26519775390625,211.88949584960938,0.0,212.41909790039062,209.91552734375,209.91552734375,0.0,12014352
2021-12-29,170.6668243408203,208.71188354492188,0.0,212.13023376464844,208.278564453125,211.8413543701172,0.0,11923119
2021-12-30,170.0762939453125,207.98968505859375,0.0,209.81922912597656,207.50823974609375,208.56744384765625,0.0,10116360
2021-12-31,171.6904296875,209.9636688232422,0.0,210.68585205078125,208.13412475585938,208.8563232421875,0.0,7875890
2022-01-03,172.5172119140625,210.9747314453125,0.0,211.69691467285156,209.00074768066406,209.9636688232422,0.0,8064567
2022-01-04,173.4226837158203,212.0820770263672,0.0,213.47830200195312,210.9265899658203,211.35989379882812,0.0,9398805
2022-01-05,173.65890502929688,212.37095642089844,0.0,213.2857208251953,210.54141235351562,211.50433349609375,0.0,11663111
2022-01-06,172.20223999023438,210.58956909179688,0.0,212.2265167236328,210.1081085205078,210.87843322753906,0.0,9295303
2022-01-07,171.9660186767578,210.30068969726562,0.0,212.46725463867188,209.43406677246094,211.64877319335938,0.0,9196075
2022-01-10,175.82423400878906,215.0189666748047,0.0,216.36705017089844,210.7821502685547,211.74505615234375,0.0,16451394
2022-01-11,174.76126098632812,213.7190399169922,0.0,215.93374633789062,212.99685668945312,215.06712341308594,0.0,8329596
2022-01-12,175.39117431640625,214.48936462402344,0.0,215.35598754882812,213.38201904296875,214.24864196777344,0.0,13665682
2022-01-13,176.33602905273438,215.64486694335938,0.0,217.42626953125,214.48936462402344,215.5967254638672,0.0,11944029
2022-01-14,175.27308654785156,214.34494018554688,0.0,216.46334838867188,214.05606079101562,215.64486694335938,0.0,10976796
2022-01-17,176.8478546142578,216.27076721191406,0.0,217.23367309570312,213.14129638671875,214.34494018554688,0.0,12792728
2022-01-18,173.81639099121094,212.56353759765625,0.0,218.87063598632812,212.13023376464844,216.27076721191406,0.0,14948456
2022-01-19,173.50143432617188,212.17837524414062,0.0,214.15234375,210.58956909179688,212.56353759765625,0.0,11915686
2022-01-20,172.2416229248047,210.63771057128906,0.0,213.91162109375,209.91552734375,212.37095642089844,0.0,17997322
2022-01-21,170.9030303955078,209.00074768066406,0.0,212.32281494140625,207.98968505859375,210.39698791503906,0.0,17225050
2022-01-24,166.76922607421875,203.94544982910156,0.0,209.67478942871094,203.07882690429688,209.00074768066406,0.0,18023332
2022-01-25,168.73773193359375,206.3527374267578,0.0,206.73789978027344,201.7788848876953,204.13803100585938,0.0,19028606
2022-01-27,168.9739532470703,206.64161682128906,0.0,207.50823974609375,203.2714080810547,203.4158477783203,0.0,24041247
2022-01-28,171.33612060546875,209.5303497314453,0.0,211.11917114257812,207.12306213378906,207.12306213378906,0.0,15865353
2022-01-31,173.38333129882812,212.033935546875,0.0,212.56353759765625,209.0489044189453,210.39698791503906,0.0,15618203
2022-02-01,179.32810974121094,219.30393981933594,0.0,220.31500244140625,211.0228729248047,212.8042755126953,0.0,44871108
2022-02-02,182.79263305664062,223.540771484375,0.0,224.64813232421875,220.50758361816406,221.4705047607422,0.0,42714702
2022-02-03,184.60365295410156,225.75547790527344,0.0,226.4776611328125,223.20375061035156,223.540771484375,0.0,28918394
2022-02-04,184.48553466796875,225.6110382080078,0.0,229.65528869628906,222.96302795410156,228.45164489746094,0.0,58889867
2022-02-07,181.25723266601562,221.6630859375,0.0,226.0443572998047,220.02613830566406,225.32217407226562,0.0,25101983
2022-02-08,182.08396911621094,222.6741485595703,0.0,223.68521118164062,220.5557403564453,221.75938415527344,0.0,16825239
2022-02-09,181.2178497314453,221.6149444580078,0.0,224.3592529296875,220.26686096191406,223.68521118164062,0.0,12351873
2022-02-10,182.87136840820312,223.63706970214844,0.0,224.74441528320312,219.30393981933594,220.21871948242188,0.0,20317032
2022-02-11,183.0288543701172,223.82965087890625,0.0,224.64813232421875,221.27792358398438,223.39633178710938,0.0,18793513
2022-02-14,176.9430389404297,211.31175231933594,5.25,217.6188507080078,210.39698791503906,217.6188507080078,0.0,23621214
2022-02-15,179.805419921875,214.7301025390625,0.0,215.21156311035156,210.44512939453125,212.8042755126953,0.0,13371177
2022-02-16,179.6038360595703,214.48936462402344,0.0,216.36705017089844,213.62274169921875,215.50042724609375,0.0,11664158
2022-02-17,179.523193359375,214.39308166503906,0.0,216.030029296875,212.6598358154297,214.7782440185547,0.0,14564261
2022-02-18,178.9185028076172,213.6708984375,0.0,215.1634063720703,213.2857208251953,214.39308166503906,0.0,9004891
2022-02-21,175.77391052246094,209.91552734375,0.0,213.0931396484375,209.0970458984375,212.13023376464844,0.0,16750193
2022-02-22,173.23403930664062,206.88233947753906,0.0,208.8563232421875,205.1009521484375,207.0267791748047,0.0,26741024
2022-02-23,174.1209716796875,207.94154357910156,0.0,209.43406677246094,207.07492065429688,208.76002502441406,0.0,11438476
2022-02-24,168.11404418945312,200.767822265625,0.0,205.3898162841797,199.32345581054688,202.2122039794922,0.0,42933709
2022-02-25,172.50839233398438,206.01571655273438,0.0,208.4711456298828,202.74180603027344,203.6565704345703,0.0,24543858
2022-02-28,174.04039001464844,207.8452606201172,0.0,208.42300415039062,202.98252868652344,205.2935333251953,0.0,20806226
2022-03-02,173.59689331054688,207.31565856933594,0.0,208.56744384765625,204.57135009765625,206.4490203857422,0.0,20039140
2022-03-03,176.90274047851562,211.26361083984375,0.0,212.033935546875,207.98968505859375,208.037841796875,0.0,29631546
2022-03-04,181.82118225097656,217.13739013671875,0.0,218.9669189453125,208.95260620117188,209.62664794921875,0.0,69409780
2022-03-07,181.37770080566406,216.6077880859375,0.0,218.58175659179688,211.93765258789062,213.76718139648438,0.0,47001716
2022-03-08,182.95001220703125,218.4854736328125,0.0,219.9779815673828,215.45228576660156,215.5967254638672,0.0,37424203
2022-03-09,184.84481811523438,220.74832153320312,0.0,222.81858825683594,217.7151336669922,219.25579833984375,0.0,43923809
2022-03-10,187.0621337890625,223.39633178710938,0.0,223.87779235839844,219.40023803710938,222.4334259033203,0.0,37523806
2022-03-11,190.56954956054688,227.58502197265625,0.0,228.3072052001953,221.6149444580078,223.300048828125,0.0,43305144
2022-03-14,192.7062530517578,230.13674926757812,0.0,230.57005310058594,226.57395935058594,227.4887237548828,0.0,36465969
2022-03-15,191.77899169921875,229.02938842773438,0.0,232.44773864746094,227.15170288085938,230.13674926757812,0.0,34269168
2022-03-16,195.6089324951172,233.60324096679688,0.0,233.9884033203125,230.2330322265625,231.0996551513672,0.0,22462538
2022-03-17,197.46343994140625,235.8179473876953,0.0,236.29940795898438,233.69952392578125,236.15496826171875,0.0,35541798
2022-03-21,197.1409149169922,235.43276977539062,0.0,238.562255859375,234.7587432861328,236.78085327148438,0.0,29052540
2022-03-22,201.37399291992188,240.4880828857422,0.0,241.4510040283203,234.51800537109375,235.48092651367188,0.0,38368305
2022-03-23,203.1881866455078,242.65464782714844,0.0,244.29159545898438,239.28443908691406,242.12503051757812,0.0,42051087
2022-03-24,205.48614501953125,245.39895629882812,0.0,246.98776245117188,242.12503051757812,242.6064910888672,0.0,39712133
2022-03-25,204.27670288085938,243.95457458496094,0.0,246.2655792236328,240.00662231445312,245.83226013183594,0.0,30412482
2022-03-28,207.25999450683594,247.51736450195312,0.0,248.43212890625,243.1842498779297,244.58047485351562,0.0,25876007
2022-03-29,205.28457641601562,245.15821838378906,0.0,247.95066833496094,244.33973693847656,247.51736450195312,0.0,18820674
2022-03-30,200.93051147460938,239.95848083496094,0.0,246.89146423339844,239.4288787841797,245.63967895507812,0.0,18281803
2022-03-31,202.0996551513672,241.35470581054688,0.0,244.91749572753906,240.2473602294922,240.34364318847656,0.0,26644916
2022-04-01,204.2363739013672,243.90643310546875,0.0,245.88040161132812,239.5733184814453,240.7288055419922,0.0,14856664
2022-04-04,205.96990966796875,245.97669982910156,0.0,248.33584594726562,241.78802490234375,243.71385192871094,0.0,16520039
2022-04-05,209.1951446533203,249.82835388183594,0.0,252.1393585205078,245.63967895507812,246.554443359375,0.0,28230046
2022-04-06,209.3160400390625,249.97279357910156,0.0,253.58372497558594,247.75808715820312,247.95066833496094,0.0,20352716
2022-04-07,206.93748474121094,247.1322021484375,0.0,252.47637939453125,246.313720703125,248.43212890625,0.0,16679649
2022-04-08,215.92774963378906,257.86871337890625,0.0,258.8797607421875,246.5063018798828,248.43212890625,0.0,39283623
2022-04-11,215.6858673095703,257.579833984375,0.0,263.0202941894531,256.1354675292969,258.7834777832031,0.0,47924937
2022-04-12,213.5088348388672,254.97994995117188,0.0,258.68719482421875,253.34300231933594,257.0020751953125,0.0,24460888
2022-04-13,217.33877563476562,259.5538024902344,0.0,260.5648498535156,253.8726043701172,255.46141052246094,0.0,22239115
2022-04-18,217.78225708007812,260.0834045410156,0.0,262.3944091796875,257.339111328125,258.061279296875,0.0,25339139
2022-04-19,210.88836669921875,251.85047912597656,0.0,262.3944091796875,249.2024688720703,261.9129333496094,0.0,24280577
2022-04-20,209.2757568359375,249.92465209960938,0.0,255.60585021972656,247.9988250732422,253.15042114257812,0.0,25454589
2022-04-21,209.96112060546875,250.74313354492188,0.0,254.64292907714844,249.97279357910156,250.069091796875,0.0,24313956
2022-04-22,210.5255126953125,251.41717529296875,0.0,253.2467041015625,248.96173095703125,250.3579559326172,0.0,16274820
2022-04-25,205.8086395263672,245.78411865234375,0.0,249.39505004882812,243.13609313964844,249.2024688720703,0.0,25140992
2022-04-26,208.79197692871094,249.34690856933594,0.0,251.03199768066406,246.7470245361328,247.08404541015625,0.0,21327644
2022-04-27,207.6228485107422,247.95066833496094,0.0,248.91358947753906,246.2655792236328,246.69888305664062,0.0,17219401
2022-04-28,210.5255126953125,251.41717529296875,0.0,253.92074584960938,248.57656860351562,249.8765106201172,0.0,28999835
2022-04-29,209.2757568359375,249.92465209960938,0.0,253.2467041015625,248.91358947753906,253.2467041015625,0.0,21206335
2022-05-02,212.17843627929688,253.39114379882812,0.0,254.6910858154297,247.51736450195312,248.43212890625,0.0,19696250
2022-05-04,209.43701171875,250.1172332763672,0.0,256.18359375,249.0098876953125,254.20962524414062,0.0,26951488
2022-05-05,211.29153442382812,252.33193969726562,0.0,255.36512756347656,250.74313354492188,252.28379821777344,0.0,18623544
2022-05-06,215.00051879882812,256.7613525390625,0.0,257.4353942871094,249.2987518310547,249.39505004882812,0.0,35818441
2022-05-09,212.01718139648438,253.1985626220703,0.0,256.2799072265625,250.8875732421875,256.2799072265625,0.0,22228031
2022-05-10,209.43701171875,250.1172332763672,0.0,256.9057922363281,249.4913330078125,252.28379821777344,0.0,18727774
2022-05-11,206.13116455078125,246.16928100585938,0.0,252.47637939453125,242.41390991210938,249.39505004882812,0.0,18012072
2022-05-12,203.91384887695312,243.52127075195312,0.0,246.89146423339844,239.91033935546875,245.5433807373047,0.0,20816708
2022-05-13,208.50978088378906,249.0098876953125,0.0,251.1764373779297,245.0619354248047,245.4952392578125,0.0,12380764
2022-05-16,204.8814239501953,244.6767578125,0.0,250.309814453125,243.6175537109375,250.309814453125,0.0,8502159
2022-05-17,213.42820739746094,254.8836669921875,0.0,255.65399169921875,245.35079956054688,245.5433807373047,0.0,18483427
2022-05-18,215.12144470214844,256.9057922363281,0.0,257.86871337890625,253.39114379882812,256.1354675292969,0.0,20978307
2022-05-19,222.2572021484375,265.4275817871094,0.0,268.8940734863281,252.86154174804688,252.86154174804688,0.0,81302807
2022-05-20,225.76463317871094,269.61627197265625,0.0,271.8791198730469,266.7275085449219,266.7275085449219,0.0,33617466
2022-05-23,221.3299560546875,264.3202209472656,0.0,270.0495910644531,262.92401123046875,269.61627197265625,0.0,22535903
2022-05-24,218.38697814941406,260.80560302734375,0.0,264.80169677734375,259.98712158203125,264.80169677734375,0.0,16146766
2022-05-25,219.87864685058594,262.58697509765625,0.0,263.74249267578125,260.46856689453125,262.8277282714844,0.0,15877459
2022-05-26,220.28395080566406,256.80950927734375,6.25,258.302001953125,254.065185546875,258.302001953125,0.0,19129574
2022-05-27,222.34884643554688,259.216796875,0.0,260.6611633300781,255.22068786621094,259.0242004394531,0.0,13986762
2022-05-30,222.2249755859375,259.0723571777344,0.0,260.9500427246094,257.6761169433594,260.46856689453125,0.0,12274291
2022-05-31,223.54647827148438,260.6130065917969,0.0,264.3202209472656,256.5206298828125,259.0723571777344,0.0,24102167
2022-06-01,224.5376434326172,261.7685241699219,0.0,263.93505859375,260.1796875,260.6130065917969,0.0,15265925
2022-06-02,225.90048217773438,263.3573303222656,0.0,264.2720947265625,257.9168395996094,260.6611633300781,0.0,14789457
2022-06-03,225.23971557617188,262.58697509765625,0.0,265.4757385253906,261.52777099609375,264.80169677734375,0.0,12968807
2022-06-06,226.97422790527344,264.6091003417969,0.0,265.572021484375,259.6982421875,262.2981262207031,0.0,11345943
2022-06-07,226.23086547851562,263.74249267578125,0.0,264.80169677734375,262.1536865234375,263.0684509277344,0.0,11245578
2022-06-08,221.2751007080078,257.9649963378906,0.0,264.22393798828125,256.3280334472656,263.7906188964844,0.0,14915091
2022-06-09,223.71168518066406,260.80560302734375,0.0,261.62408447265625,255.8947296142578,257.86871337890625,0.0,10239939
2022-06-10,223.13352966308594,260.1315612792969,0.0,260.9500427246094,258.7834777832031,259.0723571777344,0.0,8693455
2022-06-13,218.59072875976562,254.8355255126953,0.0,259.1204833984375,253.2467041015625,256.5206298828125,0.0,11519902
2022-06-14,219.25148010253906,255.60585021972656,0.0,257.53167724609375,253.29486083984375,253.4392852783203,0.0,7708043
2022-06-15,217.5582733154297,253.6318817138672,0.0,257.3872375488281,253.29486083984375,256.1354675292969,0.0,5254329
2022-06-16,215.3281707763672,251.03199768066406,0.0,257.9649963378906,249.8765106201172,257.0983581542969,0.0,14843837
2022-06-17,217.4756622314453,253.53558349609375,0.0,254.35406494140625,248.96173095703125,249.39505004882812,0.0,17296080
2022-06-20,218.1364288330078,254.30592346191406,0.0,256.2799072265625,251.65789794921875,253.53558349609375,0.0,17738981
2022-06-21,222.92701721191406,259.8908386230469,0.0,260.80560302734375,254.30592346191406,255.17254638671875,0.0,14417711
2022-06-22,219.12757873535156,255.46141052246094,0.0,260.2760009765625,255.0762481689453,257.0983581542969,0.0,11756920
2022-06-23,219.29278564453125,255.65399169921875,0.0,257.339111328125,252.66896057128906,255.65399169921875,0.0,9416459
2022-06-24,219.58187866210938,255.9910125732422,0.0,258.3983154296875,255.36512756347656,256.23175048828125,0.0,7283228
2022-06-27,222.9683074951172,259.93896484375,0.0,260.6130065917969,256.6169128417969,257.0983581542969,0.0,8487729
2022-06-28,224.5376434326172,261.7685241699219,0.0,262.1536865234375,258.59088134765625,258.92791748046875,0.0,11673046
2022-06-29,226.35475158691406,263.8869323730469,0.0,264.80169677734375,259.16864013671875,259.2649230957031,0.0,16635367
2022-06-30,225.90048217773438,263.3573303222656,0.0,264.5128173828125,261.9129333496094,263.7906188964844,0.0,20003893
2022-07-01,234.8621368408203,273.8049621582031,0.0,274.43084716796875,261.1426086425781,263.3573303222656,0.0,36520000
2022-07-04,241.09815979003906,281.074951171875,0.0,282.42303466796875,274.2382507324219,275.0567321777344,0.0,41417701
2022-07-05,236.96836853027344,276.2603759765625,0.0,282.1341552734375,275.1530456542969,282.1341552734375,0.0,19283789
2022-07-06,238.95066833496094,278.5713806152344,0.0,279.24542236328125,274.7197265625,275.49005126953125,0.0,18997440
2022-07-07,241.13949584960938,281.12310791015625,0.0,282.2785949707031,277.8010559082031,280.2083435058594,0.0,14326277
2022-07-08,242.04800415039062,282.18231201171875,0.0,283.5303955078125,279.6305847167969,282.0378723144531,0.0,11538313
2022-07-11,243.65866088867188,284.05999755859375,0.0,285.93768310546875,281.2193908691406,282.1341552734375,0.0,12828405
2022-07-12,241.7589569091797,281.8453063964844,0.0,284.3970031738281,280.1120300292969,282.1341552734375,0.0,14616684
2022-07-13,242.87396240234375,283.1452331542969,0.0,283.8674011230469,281.8453063964844,282.1341552734375,0.0,9634877
2022-07-14,240.23094177246094,280.06390380859375,0.0,285.35992431640625,278.42694091796875,283.3859558105469,0.0,13930984
2022-07-15,242.46096801757812,282.66375732421875,0.0,283.0970764160156,278.76397705078125,281.1712646484375,0.0,11450042
2022-07-18,243.9064178466797,284.348876953125,0.0,285.3117980957031,282.8563537597656,284.05999755859375,0.0,11751684
2022-07-19,243.32826232910156,283.6748352050781,0.0,284.63775634765625,281.8453063964844,284.05999755859375,0.0,9542292
2022-07-20,246.30174255371094,287.1413269042969,0.0,288.39312744140625,282.7119140625,283.9637145996094,0.0,16397373
2022-07-21,247.41676330566406,288.4412536621094,0.0,290.99298095703125,286.94873046875,287.9116516113281,0.0,16660697
2022-07-22,248.2427215576172,289.4041748046875,0.0,291.2818603515625,287.0450439453125,288.87457275390625,0.0,10351425
2022-07-25,248.69700622558594,289.93377685546875,0.0,291.7151794433594,287.7190856933594,287.9116516113281,0.0,11050533
2022-07-26,249.81202697753906,291.23370361328125,0.0,292.4855041503906,289.3078918457031,289.8374938964844,0.0,10114261
2022-07-27,251.21620178222656,292.87066650390625,0.0,293.68914794921875,289.45233154296875,291.6188659667969,0.0,9706094
2022-07-28,250.6379852294922,292.1966247558594,0.0,293.8817443847656,291.1855773925781,293.5928649902344,0.0,11256515
2022-07-29,250.30764770507812,291.81146240234375,0.0,294.5557861328125,290.17449951171875,293.68914794921875,0.0,17584873
2022-08-01,253.98313903808594,296.096435546875,0.0,297.3482360839844,291.859619140625,292.7262268066406,0.0,16501510
2022-08-02,256.00677490234375,298.45556640625,0.0,304.9071044921875,296.7704772949219,298.50372314453125,0.0,40483892
2022-08-03,254.52001953125,296.7223205566406,0.0,299.370361328125,292.38922119140625,299.370361328125,0.0,18376724
2022-08-04,255.6350860595703,298.02227783203125,0.0,298.84075927734375,295.7594299316406,296.577880859375,0.0,16514348
2022-08-05,256.7501525878906,299.32220458984375,0.0,300.2369689941406,297.6371154785156,298.02227783203125,0.0,10477269
2022-08-08,258.6498107910156,301.5368957519531,0.0,302.3072509765625,298.5518798828125,299.4184875488281,0.0,8627072
2022-08-10,257.0391845703125,299.6592102050781,0.0,302.4516906738281,299.2259216308594,301.5368957519531,0.0,9267241
2022-08-11,252.95074462890625,294.8927917480469,0.0,301.8257751464844,293.97802734375,301.3924560546875,0.0,11305242
2022-08-12,254.85040283203125,297.10748291015625,0.0,297.92596435546875,293.20770263671875,294.8927917480469,0.0,6669853
2022-08-16,256.5023193359375,299.0333251953125,0.0,299.9480895996094,297.10748291015625,297.10748291015625,0.0,8941455
2022-08-17,258.154296875,300.95916748046875,0.0,301.6332092285156,299.4666442871094,300.14068603515625,0.0,8283028
2022-08-18,260.7147216796875,303.9441833496094,0.0,304.2812194824219,301.0072937011719,301.3924560546875,0.0,10264507
2022-08-19,257.6999816894531,300.4295654296875,0.0,304.4256591796875,299.6592102050781,304.4256591796875,0.0,10823811
2022-08-22,259.68231201171875,302.74053955078125,0.0,305.244140625,299.4666442871094,299.6592102050781,0.0,11793184
2022-08-23,260.9212341308594,304.1849365234375,0.0,304.2812194824219,300.5258483886719,301.3443298339844,0.0,9698555
2022-08-24,259.43450927734375,302.4516906738281,0.0,307.603271484375,301.44061279296875,304.0404968261719,0.0,11783894
2022-08-25,257.9891052246094,300.7665710449219,0.0,304.6663818359375,300.0444030761719,303.7516174316406,0.0,8057930
2022-08-26,258.44329833984375,301.2961730957031,0.0,303.7034606933594,300.4295654296875,303.07757568359375,0.0,7224507
2022-08-29,258.980224609375,301.9220886230469,0.0,303.2701416015625,297.3963623046875,298.50372314453125,0.0,11798961
2022-08-30,264.720703125,308.6143493652344,0.0,309.48095703125,302.5960998535156,302.5960998535156,0.0,18516092
2022-09-01,262.32537841796875,305.8218688964844,0.0,309.96240234375,304.2812194824219,307.65142822265625,0.0,13765474
2022-09-02,266.9094543457031,311.1660461425781,0.0,312.22528076171875,306.25518798828125,306.8810729980469,0.0,26750910
2022-09-05,271.6174621582031,316.6546630859375,0.0,317.3768615722656,311.7438049316406,312.94744873046875,0.0,18144801
2022-09-06,270.2132873535156,315.0177307128906,0.0,317.76202392578125,314.2955322265625,317.76202392578125,0.0,12431779
2022-09-07,269.3460693359375,314.00665283203125,0.0,316.12506103515625,313.18817138671875,313.9103698730469,0.0,8397233
2022-09-08,272.4847106933594,317.6657409667969,0.0,318.33978271484375,315.354736328125,316.7991027832031,0.0,11331350
2022-09-09,272.9803161621094,318.2434997558594,0.0,320.93963623046875,317.76202392578125,318.33978271484375,0.0,9770432
2022-09-12,273.3106994628906,318.628662109375,0.0,320.0730285644531,317.76202392578125,319.6878662109375,0.0,9048240
2022-09-13,276.2015686035156,321.9988708496094,0.0,322.57659912109375,318.33978271484375,319.39898681640625,0.0,10925371
2022-09-14,276.9862060546875,322.91363525390625,0.0,326.4282531738281,318.6767883300781,318.7249450683594,0.0,12739464
2022-09-15,275.9537353515625,321.7099914550781,0.0,324.55059814453125,320.5544738769531,323.9246826171875,0.0,8742900
2022-09-16,273.6410827636719,319.0138244628906,0.0,322.1914367675781,317.47314453125,320.0248718261719,0.0,12973988
2022-09-19,277.1927185058594,323.15435791015625,0.0,324.4061584472656,316.8954162597656,316.8954162597656,0.0,14918717
2022-09-20,277.5230712890625,323.5395202636719,0.0,327.0060119628906,322.57659912109375,326.1875305175781,0.0,9892945
2022-09-21,281.6115417480469,328.3059387207031,0.0,332.3983459472656,323.0580749511719,323.5395202636719,0.0,21800547
2022-09-22,284.9980163574219,332.25390625,0.0,335.8166809082031,328.2578125,328.3540954589844,0.0,25111230
2022-09-23,286.113037109375,333.5538330078125,0.0,336.5870361328125,330.5688171386719,334.613037109375,0.0,23718397
2022-09-26,274.7148132324219,320.265625,0.0,333.1205139160156,319.4471435546875,332.0613098144531,0.0,16829922
2022-09-27,276.5732116699219,322.4321594238281,0.0,326.9578857421875,321.6136779785156,322.57659912109375,0.0,10375837
2022-09-28,268.3962097167969,312.8993225097656,0.0,320.93963623046875,312.2734069824219,319.63970947265625,0.0,16151900
2022-09-29,275.08648681640625,320.69891357421875,0.0,322.4803161621094,315.595458984375,316.7991027832031,0.0,18985406
2022-09-30,274.3844299316406,319.88043212890625,0.0,323.2987976074219,317.9064636230469,320.69891357421875,0.0,12906555
2022-10-03,267.9418640136719,312.36968994140625,0.0,320.6507873535156,311.2623596191406,320.5544738769531,0.0,9462192
2022-10-04,274.9212646484375,320.50634765625,0.0,321.6136779785156,315.8362121582031,316.51025390625,0.0,9142294
2022-10-06,278.0599060058594,324.1654052734375,0.0,326.7171325683594,320.21746826171875,322.57659912109375,0.0,23091432
2022-10-07,275.9537353515625,321.7099914550781,0.0,324.3580017089844,319.0138244628906,324.3098449707031,0.0,10910698
2022-10-10,270.79144287109375,315.6917724609375,0.0,319.15826416015625,313.9585266113281,317.76202392578125,0.0,9750594
2022-10-11,269.51123046875,314.1992492675781,0.0,318.1953430175781,313.0437316894531,316.7991027832031,0.0,11018577
2022-10-12,272.64990234375,317.8583068847656,0.0,319.15826416015625,312.70672607421875,315.7880554199219,0.0,10735673
2022-10-13,271.4522399902344,316.46209716796875,0.0,319.0138244628906,315.8362121582031,317.7138977050781,0.0,7546587
2022-10-14,274.30181884765625,319.7841491699219,0.0,321.51739501953125,318.58050537109375,319.97674560546875,0.0,6672357
2022-10-17,274.42572021484375,319.9285888671875,0.0,322.33587646484375,317.3768615722656,318.82122802734375,0.0,7195922
2022-10-18,281.07470703125,327.6800537109375,0.0,328.3540954589844,321.1803894042969,321.5655517578125,0.0,21691854
2022-10-19,286.0718078613281,333.5057067871094,0.0,334.5649108886719,327.1986083984375,330.376220703125,0.0,16923690
2022-10-20,288.8387756347656,336.7314758300781,0.0,337.93511962890625,332.01318359375,334.131591796875,0.0,19186222
2022-10-21,285.4523010253906,332.78350830078125,0.0,340.1016540527344,331.72430419921875,340.1016540527344,0.0,28426343
2022-10-24,287.1867980957031,334.8056335449219,0.0,336.7314758300781,334.131591796875,336.00927734375,0.0,3292671
2022-10-25,286.0304870605469,333.4575500488281,0.0,336.53887939453125,330.90582275390625,336.49072265625,0.0,17906260
2022-10-27,285.617431640625,332.9761047363281,0.0,335.4315185546875,331.0984191894531,333.7945556640625,0.0,19273344
2022-10-28,285.617431640625,332.9761047363281,0.0,335.6722412109375,332.30206298828125,334.66119384765625,0.0,13572499
2022-10-31,288.0127868652344,335.7685546875,0.0,337.5018005371094,331.96502685546875,335.0945129394531,0.0,14358449
2022-11-01,288.673583984375,336.53887939453125,0.0,337.5018005371094,334.3241882324219,336.29815673828125,0.0,20422565
2022-11-02,292.92724609375,341.4978942871094,0.0,343.0385437011719,335.5759582519531,335.5759582519531,0.0,17427813
2022-11-03,292.1426086425781,340.5831298828125,0.0,345.2051086425781,339.9090881347656,340.87200927734375,0.0,11149636
2022-11-04,292.0599670410156,340.48681640625,0.0,342.7978210449219,339.4276123046875,340.87200927734375,0.0,8709851
2022-11-07,291.9774169921875,340.3905334472656,0.0,343.1348571777344,337.02032470703125,341.83489990234375,0.0,10437370
2022-11-09,297.9242858886719,347.3235168457031,0.0,348.04571533203125,340.1016540527344,340.3905334472656,0.0,21404869
2022-11-10,294.0423278808594,342.7978210449219,0.0,346.5531921386719,340.9682922363281,345.68658447265625,0.0,20071989
2022-11-11,294.3313903808594,343.1348571777344,0.0,347.56427001953125,341.4978942871094,346.64947509765625,0.0,11372654
2022-11-14,286.7738342285156,334.3241882324219,0.0,343.71258544921875,333.7464294433594,343.1348571777344,0.0,18319254
2022-11-15,285.1632080078125,332.4465026855469,0.0,336.00927734375,326.57269287109375,336.00927734375,0.0,16046491
2022-11-16,284.2133483886719,331.3391418457031,0.0,333.9871520996094,328.97998046875,332.8797912597656,0.0,7897812
2022-11-17,283.8829650878906,330.9539794921875,0.0,334.5649108886719,329.894775390625,331.3391418457031,0.0,10379179
2022-11-18,281.6941833496094,328.4022521972656,0.0,331.96502685546875,327.1986083984375,330.9539794921875,0.0,8140173
2022-11-21,278.51416015625,324.69500732421875,0.0,327.39117431640625,321.9988708496094,326.5245666503906,0.0,9553090
2022-11-22,281.03338623046875,327.63189697265625,0.0,328.3540954589844,323.2506408691406,324.50244140625,0.0,6746019
2022-11-23,280.66168212890625,327.1986083984375,0.0,329.3170166015625,324.98388671875,329.3170166015625,0.0,8067471
2022-11-24,281.4464111328125,328.1133728027344,0.0,329.7984619140625,325.03204345703125,327.1986083984375,0.0,8454385
2022-11-25,281.07470703125,327.6800537109375,0.0,329.2207336425781,325.27276611328125,328.3540954589844,0.0,7200274
2022-11-28,280.8681945800781,327.4393310546875,0.0,329.0762939453125,326.1875305175781,327.39117431640625,0.0,10284123
2022-11-29,282.72662353515625,329.60589599609375,0.0,332.20574951171875,327.39117431640625,327.39117431640625,0.0,10582296
2022-11-30,280.8269348144531,327.39117431640625,0.0,331.38726806640625,326.4282531738281,328.5948181152344,0.0,23425220
2022-12-01,280.4552307128906,326.9578857421875,0.0,329.02813720703125,324.3098449707031,329.02813720703125,0.0,17270904
2022-12-02,278.4729309082031,324.6468811035156,0.0,328.1615295410156,324.26171875,326.7652893066406,0.0,8711914
2022-12-05,278.1425476074219,324.26171875,0.0,326.2838439941406,321.75811767578125,325.1283264160156,0.0,10090597
2022-12-06,278.59686279296875,324.79132080078125,0.0,325.6579284667969,321.7099914550781,321.7099914550781,0.0,6571118
2022-12-07,280.9095153808594,327.48748779296875,0.0,328.8355407714844,324.1654052734375,325.9468078613281,0.0,10191144
2022-12-08,279.5054016113281,325.85052490234375,0.0,329.4614562988281,324.98388671875,327.5837707519531,0.0,6439244
2022-12-09,281.9832458496094,328.7392578125,0.0,329.7984619140625,325.4653625488281,327.15045166015625,0.0,8445424
2022-12-12,283.4700012207031,330.4725036621094,0.0,331.24285888671875,327.48748779296875,328.3540954589844,0.0,11646572
2022-12-13,285.4523010253906,332.78350830078125,0.0,333.1686706542969,329.7021789550781,331.72430419921875,0.0,11105261
2022-12-14,285.2870788574219,332.5909118652344,0.0,334.4685974121094,331.0021057128906,333.1686706542969,0.0,7664099
2022-12-15,279.8771057128906,326.2838439941406,0.0,333.26495361328125,325.4653625488281,331.96502685546875,0.0,8469001
2022-12-16,276.77972412109375,322.67291259765625,0.0,326.33197021484375,319.0138244628906,324.98388671875,0.0,12907968
2022-12-19,281.23992919921875,327.8726501464844,0.0,329.6540222167969,322.91363525390625,324.3098449707031,0.0,8113695
2022-12-20,280.9508056640625,327.5356140136719,0.0,328.3059387207031,324.26171875,327.4393310546875,0.0,5693354
2022-12-21,276.82098388671875,322.7210388183594,0.0,328.5948181152344,322.09515380859375,328.3540954589844,0.0,7316532
2022-12-22,274.5909118652344,320.1211853027344,0.0,324.8876037597656,317.6657409667969,323.2025146484375,0.0,6838031
2022-12-23,269.8416442871094,314.58441162109375,0.0,319.5915832519531,313.28448486328125,318.628662109375,0.0,10461859
2022-12-26,276.36669921875,322.1914367675781,0.0,322.67291259765625,313.4289245605469,314.3918151855469,0.0,9934633
2022-12-27,275.1690979003906,320.79522705078125,0.0,323.9246826171875,317.9064636230469,323.15435791015625,0.0,6986433
2022-12-28,276.2015686035156,321.9988708496094,0.0,322.57659912109375,319.2063903808594,320.50634765625,0.0,8035558
2022-12-29,276.9862060546875,322.91363525390625,0.0,323.2987976074219,319.2545471191406,321.9507141113281,0.0,8417520
2022-12-30,273.8475646972656,319.2545471191406,0.0,324.26171875,318.2434997558594,322.9617614746094,0.0,7228324
2023-01-02,274.9212646484375,320.50634765625,0.0,321.6136779785156,317.4250183105469,318.628662109375,0.0,6181118
2023-01-03,273.475830078125,318.82122802734375,0.0,320.98779296875,318.00274658203125,319.2063903808594,0.0,6228015
2023-01-04,270.08941650390625,314.873291015625,0.0,320.1693115234375,313.9103698730469,319.5434265136719,0.0,6947412
2023-01-05,275.4168701171875,321.0840759277344,0.0,321.51739501953125,316.0287780761719,316.46209716796875,0.0,8486143
2023-01-06,276.7383728027344,322.624755859375,0.0,325.03204345703125,320.7470703125,322.2877197265625,0.0,8603181
2023-01-09,279.2162780761719,325.51348876953125,0.0,328.6429748535156,323.6839599609375,324.45428466796875,0.0,11027747
2023-01-10,275.3755798339844,321.03594970703125,0.0,325.85052490234375,320.21746826171875,325.3690490722656,0.0,7217255
2023-01-11,274.0540466308594,319.4952697753906,0.0,322.67291259765625,319.0138244628906,322.67291259765625,0.0,4760847
2023-01-12,272.4433898925781,317.6175842285156,0.0,321.228515625,315.9324951171875,321.03594970703125,0.0,6894087
2023-01-13,271.53485107421875,316.5583801269531,0.0,319.9285888671875,314.2955322265625,317.6175842285156,0.0,14967746
2023-01-16,272.7325134277344,317.9546203613281,0.0,319.88043212890625,315.40289306640625,318.09906005859375,0.0,8571826
2023-01-17,274.42572021484375,319.9285888671875,0.0,321.1322326660156,316.8954162597656,317.9546203613281,0.0,14240647
2023-01-18,276.40802001953125,322.2395935058594,0.0,324.0691223144531,320.0730285644531,321.6136779785156,0.0,13039078
2023-01-19,274.3431091308594,319.8323059082031,0.0,323.2025146484375,319.350830078125,321.6136779785156,0.0,8667564
2023-01-20,276.36669921875,322.1914367675781,0.0,322.7691955566406,317.03985595703125,319.6878662109375,0.0,13608325
2023-01-23,278.968505859375,325.224609375,0.0,325.60980224609375,320.69891357421875,323.5395202636719,0.0,7399204
2023-01-24,279.9596252441406,326.380126953125,0.0,328.1133728027344,325.0802001953125,325.27276611328125,0.0,12776694
2023-01-25,280.2074890136719,326.66900634765625,0.0,328.3540954589844,322.81732177734375,326.33197021484375,0.0,12978859
2023-01-27,285.7826843261719,333.1686706542969,0.0,335.9129943847656,328.8355407714844,329.1244201660156,0.0,21850457
2023-01-30,284.7915344238281,332.01318359375,0.0,338.7054443359375,329.1725769042969,334.0353088378906,0.0,14634225
2023-01-31,291.0275573730469,339.2831726074219,0.0,341.83489990234375,328.4022521972656,333.1686706542969,0.0,17794183
2023-02-01,298.5025329589844,347.99755859375,0.0,352.1380920410156,316.8954162597656,339.9090881347656,0.0,67003785
2023-02-02,312.70904541015625,364.5597229003906,0.0,370.4335021972656,347.03466796875,348.1901550292969,0.0,57892084
2023-02-03,314.4022521972656,366.53369140625,0.0,368.0743408203125,358.2044677734375,367.7373352050781,0.0,23153980
2023-02-06,316.6736755371094,369.18170166015625,0.0,373.8037109375,365.5226135253906,368.3150939941406,0.0,26783409
2023-02-07,308.2901306152344,359.4081115722656,0.0,369.66314697265625,354.7861328125,369.66314697265625,0.0,21438758
2023-02-08,310.18988037109375,361.6228332519531,0.0,363.30792236328125,357.7711486816406,360.85247802734375,0.0,10821785
2023-02-09,309.1160888671875,360.37103271484375,0.0,365.9078063964844,358.3489074707031,360.13031005859375,0.0,12318006
2023-02-10,306.7207946777344,357.5785827636719,0.0,362.97088623046875,356.5675048828125,358.3970642089844,0.0,10674456
2023-02-13,309.0747985839844,360.3228759765625,0.0,361.2376403808594,356.27862548828125,359.1673889160156,0.0,10282470
2023-02-14,319.1928405761719,372.11859130859375,0.0,373.27410888671875,359.8895568847656,361.0932312011719,0.0,30246745
2023-02-15,320.8559265136719,368.0262145996094,6.0,368.652099609375,364.5115661621094,367.5928955078125,0.0,12679568
2023-02-16,321.14971923828125,368.36322021484375,0.0,370.9631042480469,366.8706970214844,367.8336181640625,0.0,10151755
2023-02-17,321.86334228515625,369.18170166015625,0.0,370.2890625,365.18560791015625,366.9188537597656,0.0,7967611
2023-02-20,322.40899658203125,369.8075866699219,0.0,373.1296691894531,367.1595764160156,370.4335021972656,0.0,8105569
2023-02-21,320.8979187011719,368.0743408203125,0.0,371.5889892578125,367.54473876953125,370.7223815917969,0.0,8577674
2023-02-22,322.2410583496094,369.6150207519531,0.0,370.6260681152344,365.9078063964844,367.8336181640625,0.0,9306194
2023-02-23,325.38922119140625,373.2259521484375,0.0,379.38861083984375,368.892822265625,370.1927795410156,0.0,19555814
2023-02-24,323.2904968261719,370.81866455078125,0.0,374.57403564453125,366.8706970214844,374.57403564453125,0.0,13407431
2023-02-27,320.8559265136719,368.0262145996094,0.0,372.45562744140625,364.0782470703125,370.81866455078125,0.0,8455904
2023-02-28,316.23870849609375,362.73016357421875,0.0,370.00018310546875,361.0932312011719,368.3150939941406,0.0,16997837
2023-03-01,317.9176940917969,364.656005859375,0.0,366.29296875,359.7451477050781,360.37103271484375,0.0,8065784
2023-03-02,315.2732849121094,361.6228332519531,0.0,365.66705322265625,360.8043518066406,365.42633056640625,0.0,5212922
2023-03-03,323.16455078125,370.6742248535156,0.0,371.1075439453125,362.1524353027344,363.01904296875,0.0,8495772
2023-03-06,325.8509521484375,373.75555419921875,0.0,377.9442443847656,370.9631042480469,371.5889892578125,0.0,11126980
2023-03-08,329.4188232421875,377.8479309082031,0.0,378.57012939453125,370.81866455078125,373.6111145019531,0.0,9261146
2023-03-09,325.3052978515625,373.1296691894531,0.0,379.0034484863281,371.3482666015625,377.55908203125,0.0,10005328
2023-03-10,325.7250061035156,373.6111145019531,0.0,375.7295227050781,369.2779846191406,372.6000671386719,0.0,8684320
2023-03-13,322.07318115234375,369.42242431640625,0.0,376.403564453125,368.3150939941406,374.7666015625,0.0,9130473
2023-03-14,318.7572021484375,365.6189270019531,0.0,372.11859130859375,363.2116394042969,371.39642333984375,0.0,10623744
2023-03-15,318.5053405761719,365.3300476074219,0.0,370.04833984375,363.9819641113281,366.8706970214844,0.0,8748113
2023-03-16,320.2263488769531,367.30401611328125,0.0,368.170654296875,362.8746032714844,366.48553466796875,0.0,16315136
2023-03-17,315.2732849121094,361.6228332519531,0.0,370.7223815917969,355.9416198730469,370.7223815917969,0.0,50787703
2023-03-20,318.00164794921875,364.7522888183594,0.0,365.2818908691406,358.2044677734375,359.4562683105469,0.0,10512002
2023-03-21,316.4485778808594,362.97088623046875,0.0,364.7522888183594,360.1784362792969,364.7522888183594,0.0,12057999
2023-03-22,317.12017822265625,363.7412414550781,0.0,364.8004455566406,360.3228759765625,362.97088623046875,0.0,4958761
2023-03-23,319.5547180175781,366.53369140625,0.0,368.5558166503906,360.5154724121094,363.01904296875,0.0,10127917
2023-03-24,317.9176940917969,364.656005859375,0.0,368.7965393066406,363.9819641113281,367.3521728515625,0.0,10317108
2023-03-27,319.1769714355469,366.1003723144531,0.0,370.1446228027344,362.3931579589844,363.9338073730469,0.0,11232922
2023-03-28,318.7991638183594,365.66705322265625,0.0,368.170654296875,364.12640380859375,366.1003723144531,0.0,9523719
2023-03-29,321.317626953125,368.5558166503906,0.0,369.75946044921875,363.1634826660156,366.1003723144531,0.0,10551626
2023-03-31,321.947265625,369.2779846191406,0.0,370.24090576171875,365.9078063964844,367.8336181640625,0.0,9877493
2023-04-03,318.08563232421875,364.84857177734375,0.0,369.75946044921875,364.4634094238281,369.75946044921875,0.0,7331070
2023-04-05,324.3818664550781,372.0704650878906,0.0,372.69635009765625,364.84857177734375,364.84857177734375,0.0,12055499
2023-04-06,325.1793518066406,372.9852294921875,0.0,375.8258056640625,369.9520263671875,372.3111877441406,0.0,13394394
2023-04-10,326.18670654296875,374.1407165527344,0.0,375.5369567871094,370.48162841796875,372.9852294921875,0.0,7044256
2023-04-11,332.4410095214844,381.3144226074219,0.0,383.3365478515625,373.6111145019531,374.1407165527344,0.0,18939829
2023-04-12,330.3842468261719,378.9552917480469,0.0,383.0476989746094,377.55908203125,382.9995422363281,0.0,10122932
2023-04-13,332.105224609375,380.92926025390625,0.0,381.8921813964844,379.0997314453125,380.8329772949219,0.0,6292395
2023-04-17,335.9249267578125,385.310546875,0.0,387.0919189453125,378.32940673828125,378.32940673828125,0.0,11466474
2023-04-18,334.5397033691406,383.7217102050781,0.0,387.0919189453125,382.27734375,385.1661071777344,0.0,9860308
2023-04-19,334.7496337890625,383.96246337890625,0.0,386.4660339355469,381.3144226074219,381.3625793457031,0.0,10119480
2023-04-20,336.05084228515625,385.4549865722656,0.0,387.71783447265625,382.9513854980469,385.1661071777344,0.0,6924577
2023-04-21,342.7248229980469,393.1101379394531,0.0,393.83233642578125,384.2513427734375,385.4549865722656,0.0,14801099
2023-04-24,343.1026306152344,393.54345703125,0.0,394.7952575683594,389.2103271484375,394.7952575683594,0.0,6212135
2023-04-25,345.4952087402344,396.28778076171875,0.0,398.2135925292969,392.2916564941406,393.54345703125,0.0,9180650
2023-04-26,346.0828857421875,396.9618225097656,0.0,397.6839904785156,393.8804931640625,396.7210693359375,0.0,7914219
2023-04-27,349.23095703125,400.57275390625,0.0,401.92083740234375,395.7581787109375,396.9136657714844,0.0,13100076
2023-04-28,357.24810791015625,409.7685852050781,0.0,412.3684387207031,398.3580322265625,402.4985656738281,0.0,13208557
2023-05-02,356.32470703125,408.7093811035156,0.0,411.164794921875,405.57989501953125,410.201904296875,0.0,10648421
2023-05-03,358.5913391113281,411.3092346191406,0.0,412.60919189453125,406.39837646484375,408.27606201171875,0.0,7607609
2023-05-04,356.4506530761719,408.85382080078125,0.0,411.164794921875,408.27606201171875,409.5278625488281,0.0,8292456
2023-05-05,359.9345397949219,412.84991455078125,0.0,415.8830871582031,408.61309814453125,410.15374755859375,0.0,12890455
2023-05-08,362.201171875,415.44976806640625,0.0,417.3756103515625,413.42767333984375,415.0164794921875,0.0,7522610
2023-05-09,355.779052734375,408.0834655761719,0.0,417.08673095703125,405.8687744140625,416.7497253417969,0.0,10377820
2023-05-10,357.0802307128906,409.57598876953125,0.0,410.5389099121094,406.5428161621094,408.2279052734375,0.0,10130159
2023-05-11,352.92474365234375,404.8095703125,0.0,411.54998779296875,403.3652038574219,411.4055480957031,0.0,16597954
2023-05-12,352.9667053222656,404.85772705078125,0.0,407.0242614746094,400.6208801269531,404.8095703125,0.0,11564770
2023-05-15,359.1370544433594,411.9351501464844,0.0,412.8017578125,403.5096435546875,404.4244079589844,0.0,9503538
2023-05-16,355.90496826171875,408.2279052734375,0.0,414.0535583496094,407.79461669921875,414.0535583496094,0.0,8302077
2023-05-17,358.9690856933594,411.7425537109375,0.0,413.04248046875,406.927978515625,408.4205017089844,0.0,9844782
2023-05-18,352.33709716796875,404.1355285644531,0.0,416.4126892089844,402.5948791503906,414.0535583496094,0.0,24919291
2023-05-19,352.4630126953125,404.27996826171875,0.0,407.4094543457031,396.0951843261719,405.33917236328125,0.0,26759905
2023-05-22,356.5765686035156,408.9982604980469,0.0,409.9611511230469,403.5577697753906,406.3020935058594,0.0,16015615
2023-05-23,360.2703552246094,413.2350769042969,0.0,415.20904541015625,408.4686584472656,410.201904296875,0.0,9068926
2023-05-24,363.92218017578125,417.42376708984375,0.0,418.6274108886719,411.164794921875,412.4165954589844,0.0,11921823
2023-05-25,370.34429931640625,424.7900695800781,0.0,426.0418395996094,418.675537109375,420.7458190917969,0.0,18905572
2023-05-26,372.4010925292969,427.1492004394531,0.0,428.2565612792969,423.2012634277344,426.95660400390625,0.0,13496209
2023-05-29,377.018310546875,432.4452209472656,0.0,435.04510498046875,427.6306457519531,428.4972839355469,0.0,20589822
2023-05-30,386.17340087890625,433.215576171875,9.5,434.7080993652344,424.6456298828125,424.6456298828125,0.0,19627897
2023-05-31,382.39666748046875,428.9787292480469,0.0,435.2377014160156,426.0418395996094,432.6378173828125,0.0,14821960
2023-06-01,377.418212890625,423.3938293457031,0.0,430.4231262207031,422.71978759765625,430.4231262207031,0.0,9142172
2023-06-02,380.5941162109375,426.95660400390625,0.0,428.4010009765625,423.4901123046875,423.6827087402344,0.0,9558309
2023-06-05,378.233642578125,424.30859375,0.0,430.2786865234375,423.77899169921875,428.4972839355469,0.0,7427630
2023-06-06,380.0791015625,426.3788757324219,0.0,427.1492004394531,424.06787109375,424.4530334472656,0.0,6703067
2023-06-07,381.06622314453125,427.4862365722656,0.0,429.1231689453125,426.3307189941406,427.53436279296875,0.0,7833952
2023-06-08,380.1649475097656,426.47515869140625,0.0,429.219482421875,425.5122375488281,429.17132568359375,0.0,7294955
2023-06-09,376.34527587890625,422.190185546875,0.0,428.2084045410156,419.0125732421875,419.0125732421875,0.0,7329661
2023-06-12,375.0577087402344,420.7458190917969,0.0,424.59747314453125,417.7607727050781,423.6827087402344,0.0,9054977
2023-06-13,382.310791015625,428.8824462890625,0.0,429.8453674316406,422.0457458496094,424.6456298828125,0.0,16732376
2023-06-14,381.538330078125,428.0158386230469,0.0,431.1452941894531,427.29364013671875,429.700927734375,0.0,9039402
2023-06-15,384.6283874511719,431.4823303222656,0.0,432.10821533203125,428.2565612792969,428.4972839355469,0.0,7787525
2023-06-16,388.920166015625,436.2969055175781,0.0,438.7041931152344,431.28973388671875,432.34893798828125,0.0,12181426
2023-06-19,389.3493347167969,436.7783508300781,0.0,438.9930725097656,435.4784240722656,437.8857116699219,0.0,4350517
2023-06-20,388.70556640625,436.0561828613281,0.0,437.933837890625,433.456298828125,437.933837890625,0.0,4644353
2023-06-21,383.72711181640625,430.47125244140625,0.0,437.3561096191406,428.5454406738281,435.2377014160156,0.0,6292873
2023-06-22,384.24212646484375,431.04901123046875,0.0,432.974853515625,429.3157653808594,431.3860168457031,0.0,6892713
2023-06-23,381.7528991699219,428.2565612792969,0.0,431.04901123046875,426.2825927734375,430.9045715332031,0.0,6325479
2023-06-26,382.568359375,429.17132568359375,0.0,434.6599426269531,427.53436279296875,430.3268127441406,0.0,5688287
2023-06-27,382.0533142089844,428.59356689453125,0.0,430.6156921386719,426.71588134765625,429.5564880371094,0.0,5052984
2023-06-28,385.7013244628906,432.68597412109375,0.0,433.8896179199219,428.0158386230469,428.4972839355469,0.0,12548096
2023-06-30,387.63262939453125,434.8525390625,0.0,435.1895446777344,430.0379333496094,433.3118591308594,0.0,9456776
2023-07-03,397.6324462890625,446.07049560546875,0.0,448.67034912109375,433.3600158691406,434.8525390625,0.0,11111199
2023-07-04,400.2933349609375,449.0555114746094,0.0,450.64434814453125,442.7484436035156,447.7555847167969,0.0,8022597
2023-07-05,407.803955078125,457.48101806640625,0.0,462.8252258300781,447.08154296875,449.0555114746094,0.0,16878943
2023-07-06,406.7738952636719,456.3255310058594,0.0,459.69573974609375,453.0516357421875,459.6475830078125,0.0,9835812
2023-07-07,402.052978515625,451.0295104980469,0.0,457.8662109375,450.2591552734375,455.45892333984375,0.0,7605499
2023-07-10,399.8641662597656,448.5740661621094,0.0,453.4367980957031,446.5037841796875,452.5701599121094,0.0,6772454
2023-07-11,406.1301574707031,455.6033630371094,0.0,456.951416015625,448.718505859375,448.718505859375,0.0,8783282
2023-07-12,405.4005432128906,454.7848815917969,0.0,460.0327453613281,453.00347900390625,460.0327453613281,0.0,12816220
2023-07-13,405.14306640625,454.4960021972656,0.0,459.0698547363281,453.5330810546875,456.3255310058594,0.0,8214385
2023-07-14,405.9155578613281,455.36260986328125,0.0,457.3847351074219,453.8700866699219,455.45892333984375,0.0,5277090
2023-07-17,405.4434814453125,454.8330078125,0.0,458.1550598144531,453.1479187011719,456.9032897949219,0.0,6325310
2023-07-18,405.57220458984375,454.9774475097656,0.0,456.6144104003906,453.5330810546875,455.0256042480469,0.0,5558415
2023-07-19,411.0228271484375,461.09197998046875,0.0,462.63262939453125,450.7406311035156,455.2181701660156,0.0,14401395
2023-07-20,422.43890380859375,473.89874267578125,0.0,475.3912658691406,458.63653564453125,462.10302734375,0.0,21030102
2023-07-21,420.97967529296875,472.26177978515625,0.0,479.242919921875,468.9397277832031,473.56170654296875,0.0,14510084
2023-07-24,404.5851135253906,453.8700866699219,0.0,481.16876220703125,450.78875732421875,475.1505126953125,0.0,40477929
2023-07-25,396.8170166015625,445.1557312011719,0.0,451.12579345703125,438.5115966796875,450.54803466796875,0.0,45211370
2023-07-26,405.3576354980469,454.7367248535156,0.0,455.45892333984375,444.91497802734375,447.6593017578125,0.0,18842179
2023-07-27,399.1774597167969,447.8037414550781,0.0,457.5291748046875,444.0002136230469,456.8070068359375,0.0,14528232
2023-07-28,402.09588623046875,451.07763671875,0.0,452.0405578613281,446.2149353027344,450.35546875,0.0,10362522
2023-07-31,399.73541259765625,448.42962646484375,0.0,452.2812805175781,446.31121826171875,451.60723876953125,0.0,8510403
2023-08-01,398.9629211425781,447.5630187988281,0.0,451.4627990722656,446.60009765625,448.718505859375,0.0,6686176
2023-08-02,394.92864990234375,443.03729248046875,0.0,447.5630187988281,441.0151672363281,447.37042236328125,0.0,10715605
2023-08-03,391.4523010253906,439.13751220703125,0.0,446.55194091796875,437.452392578125,443.03729248046875,0.0,11026824
2023-08-04,390.50811767578125,438.0782775878906,0.0,444.2890930175781,437.40423583984375,439.37823486328125,0.0,7097614
2023-08-07,390.4652099609375,438.0301513671875,0.0,439.61895751953125,434.22662353515625,437.25982666015625,0.0,9513953
2023-08-08,388.2763977050781,435.57470703125,0.0,440.0522766113281,434.3229064941406,440.0522766113281,0.0,6638681
2023-08-09,393.6839904785156,441.6410827636719,0.0,442.8447265625,430.3268127441406,435.57470703125,0.0,10134166
2023-08-10,387.7613830566406,434.9969482421875,0.0,442.2669677734375,432.34893798828125,441.8818054199219,0.0,13702317
2023-08-11,385.1863098144531,432.10821533203125,0.0,437.0672302246094,428.2565612792969,437.0672302246094,0.0,12028396
2023-08-14,385.5726013183594,432.5415344238281,0.0,434.5155029296875,428.5454406738281,432.10821533203125,0.0,7854074
2023-08-16,386.47381591796875,433.5525817871094,0.0,440.43743896484375,431.57861328125,434.2747802734375,0.0,15494896
2023-08-17,378.5340576171875,424.6456298828125,0.0,433.3118591308594,423.6827087402344,433.3118591308594,0.0,16896158
2023-08-18,379.0920104980469,425.2715148925781,0.0,426.9084777832031,422.23834228515625,424.6456298828125,0.0,20068497
2023-08-21,384.3708801269531,431.1934509277344,0.0,431.86749267578125,424.9826354980469,425.6085510253906,0.0,9940689
2023-08-22,389.9072570800781,437.40423583984375,0.0,438.2708740234375,430.4231262207031,432.34893798828125,0.0,10234488
2023-08-23,386.6455383300781,433.74517822265625,0.0,438.7523193359375,431.9637756347656,438.7041931152344,0.0,8770272
2023-08-24,387.03179931640625,434.1784973144531,0.0,436.68206787109375,432.6378173828125,433.8896179199219,0.0,6322751
2023-08-25,380.55120849609375,426.9084777832031,0.0,434.2747802734375,425.65667724609375,434.1784973144531,0.0,9628041
2023-08-28,378.87744140625,425.0307922363281,0.0,430.2786865234375,424.6456298828125,428.4972839355469,0.0,7176903
2023-08-29,377.76153564453125,423.77899169921875,0.0,427.53436279296875,422.9123840332031,426.5233154296875,0.0,9845106
2023-08-30,380.0791015625,426.3788757324219,0.0,427.53436279296875,424.1641540527344,424.6456298828125,0.0,7648569
2023-08-31,377.418212890625,423.3938293457031,0.0,428.4010009765625,419.9273376464844,426.5714416503906,0.0,20666732
2023-09-01,378.57696533203125,424.6937561035156,0.0,428.4972839355469,422.0457458496094,423.6827087402344,0.0,11879159
2023-09-04,375.52984619140625,421.2754211425781,0.0,426.9084777832031,420.4569396972656,426.9084777832031,0.0,14128562
2023-09-05,380.33660888671875,426.6677551269531,0.0,428.0158386230469,422.23834228515625,422.6235046386719,0.0,8701612
2023-09-06,384.0704345703125,430.8564147949219,0.0,431.86749267578125,425.6085510253906,427.4862365722656,0.0,13358433
2023-09-07,382.74005126953125,429.3639221191406,0.0,432.34893798828125,428.11212158203125,432.1563720703125,0.0,8401953
2023-09-08,379.95037841796875,426.23443603515625,0.0,431.28973388671875,425.464111328125,431.28973388671875,0.0,10322317
2023-09-11,383.8558349609375,430.6156921386719,0.0,431.4823303222656,426.23443603515625,429.460205078125,0.0,9679540
2023-09-12,387.2463684082031,434.4192199707031,0.0,437.452392578125,429.0750427246094,432.2526550292969,0.0,14961276
2023-09-13,389.26348876953125,436.68206787109375,0.0,440.0522766113281,434.3710632324219,435.4302673339844,0.0,12268130
2023-09-14,386.21630859375,433.2637023925781,0.0,438.9930725097656,430.56756591796875,438.9930725097656,0.0,14986708
2023-09-15,384.8429870605469,431.7230529785156,0.0,435.333984375,430.4231262207031,431.4341735839844,0.0,15657801
2023-09-18,388.01885986328125,435.28582763671875,0.0,437.16351318359375,429.65277099609375,431.7230529785156,0.0,8513132
2023-09-20,388.7914123535156,436.1524658203125,0.0,438.22271728515625,432.8785400390625,434.9488220214844,0.0,10343224
2023-09-21,384.1133728027344,430.9045715332031,0.0,436.7301940917969,428.0158386230469,436.0080261230469,0.0,11132308
2023-09-22,380.33660888671875,426.6677551269531,0.0,431.7712097167969,425.8492736816406,430.9045715332031,0.0,7795399
2023-09-25,379.90740966796875,426.186279296875,0.0,428.3046875,422.0939025878906,426.6677551269531,0.0,6005673
2023-09-26,379.7786560058594,426.0418395996094,0.0,428.0158386230469,423.3938293457031,427.1492004394531,0.0,5533023
2023-09-27,385.5296630859375,432.4933776855469,0.0,433.1192626953125,422.5272216796875,426.0418395996094,0.0,10894817
2023-09-28,378.3194885253906,424.4049072265625,0.0,433.2637023925781,423.29754638671875,433.2637023925781,0.0,10610213
2023-09-29,381.45245361328125,427.9195251464844,0.0,429.0750427246094,422.9123840332031,425.6085510253906,0.0,8474326
2023-10-03,377.4611511230469,423.4419860839844,0.0,426.47515869140625,422.96051025390625,424.6456298828125,0.0,7770032
2023-10-04,374.3281555175781,419.9273376464844,0.0,425.3196716308594,417.2311706542969,423.4419860839844,0.0,13912656
2023-10-05,374.2851867675781,419.8791809082031,0.0,424.1641540527344,418.9162902832031,423.6827087402344,0.0,10416552
2023-10-06,379.5211486816406,425.7529602050781,0.0,427.1492004394531,420.4569396972656,421.6124267578125,0.0,8742804
2023-10-09,378.06201171875,424.11602783203125,0.0,426.7640380859375,421.0346984863281,424.59747314453125,0.0,5827256
2023-10-10,381.45245361328125,427.9195251464844,0.0,428.35284423828125,424.11602783203125,424.11602783203125,0.0,5207891
2023-10-11,384.75714111328125,431.62677001953125,0.0,432.7822570800781,428.3046875,430.6156921386719,0.0,7946195
2023-10-12,386.8601379394531,433.98590087890625,0.0,435.7191467285156,429.6046447753906,432.974853515625,0.0,12227957
2023-10-13,384.8429870605469,431.7230529785156,0.0,435.04510498046875,430.4231262207031,433.16741943359375,0.0,7926432
2023-10-16,385.3580017089844,432.3008117675781,0.0,434.2747802734375,429.65277099609375,431.3860168457031,0.0,4377288
2023-10-17,389.2205810546875,436.6339111328125,0.0,437.6449890136719,432.34893798828125,433.1192626953125,0.0,7203352
2023-10-18,387.6755065917969,434.9006652832031,0.0,441.207763671875,434.2747802734375,437.40423583984375,0.0,7160492
2023-10-19,386.60260009765625,433.697021484375,0.0,438.0301513671875,430.2786865234375,433.0711364746094,0.0,9830006
2023-10-20,376.216552734375,422.0457458496094,0.0,432.34893798828125,421.1309814453125,428.4972839355469,0.0,13521824
2023-10-23,374.1564636230469,419.7347412109375,0.0,423.6345520019531,417.0386047363281,421.7568664550781,0.0,7555671
2023-10-25,371.4096984863281,416.6534118652344,0.0,421.7568664550781,411.21295166015625,420.6976623535156,0.0,11308597
2023-10-26,372.8260192871094,418.24224853515625,0.0,420.4087829589844,413.6202392578125,413.6202392578125,0.0,19525305
2023-10-27,372.31103515625,417.66448974609375,0.0,420.60137939453125,416.1719665527344,418.24224853515625,0.0,13638258
2023-10-30,369.47845458984375,414.48687744140625,0.0,420.9383850097656,412.4647521972656,418.434814453125,0.0,7911426
2023-10-31,367.7187805175781,412.51287841796875,0.0,417.2793273925781,412.03143310546875,414.0535583496094,0.0,8952141
2023-11-01,367.4613342285156,412.2240295410156,0.0,415.1127624511719,409.7204284667969,414.0535583496094,0.0,8297973
2023-11-02,370.0793151855469,415.1609191894531,0.0,416.6534118652344,412.7536315917969,414.1017150878906,0.0,8465990
2023-11-03,371.8818054199219,417.1830139160156,0.0,418.2903747558594,415.1127624511719,416.7497253417969,0.0,14334179
2023-11-06,373.68438720703125,419.20513916015625,0.0,420.60137939453125,416.5090026855469,417.42376708984375,0.0,7589690
2023-11-07,371.4096984863281,416.6534118652344,0.0,418.7718505859375,416.1238098144531,418.7718505859375,0.0,5321353
2023-11-08,375.0577087402344,420.7458190917969,0.0,421.2754211425781,416.26824951171875,417.08673095703125,0.0,7248663
2023-11-09,372.86895751953125,418.2903747558594,0.0,421.7568664550781,417.8089294433594,421.5643005371094,0.0,8085620
2023-11-10,374.71441650390625,420.36065673828125,0.0,421.7568664550781,416.4608459472656,418.2903747558594,0.0,4236307
2023-11-13,374.2423095703125,419.8310546875,0.0,422.14202880859375,418.8681335449219,422.14202880859375,0.0,3888975
2023-11-15,379.3495178222656,425.5603942871094,0.0,426.0899963378906,421.2754211425781,421.8531799316406,0.0,7722827
2023-11-16,376.5169372558594,422.3827819824219,0.0,428.0158386230469,421.3717041015625,425.5603942871094,0.0,11276031
2023-11-17,377.0319519042969,422.96051025390625,0.0,425.1270751953125,422.0457458496094,422.96051025390625,0.0,6911592
2023-11-20,374.9289855957031,420.60137939453125,0.0,423.9715881347656,418.3866882324219,423.53826904296875,0.0,4502356
2023-11-21,374.4568786621094,420.07177734375,0.0,423.0086669921875,419.3495788574219,420.9383850097656,0.0,6228803
2023-11-22,377.418212890625,423.3938293457031,0.0,424.06787109375,418.675537109375,420.7939758300781,0.0,5074887
2023-11-23,377.97613525390625,424.01971435546875,0.0,425.8492736816406,421.99761962890625,424.59747314453125,0.0,6611803
2023-11-24,375.7873229980469,421.5643005371094,0.0,425.8492736816406,420.6495361328125,424.6456298828125,0.0,7084608
2023-11-28,373.59857177734375,419.1088562011719,0.0,422.71978759765625,418.7718505859375,421.7568664550781,0.0,9082513
2023-11-29,375.2723388671875,420.9865417480469,0.0,422.23834228515625,418.0496520996094,419.8310546875,0.0,14316126
2023-11-30,374.07061767578125,419.6384582519531,0.0,422.190185546875,418.3866882324219,420.5050964355469,0.0,15710110
2023-12-01,386.08758544921875,433.1192626953125,0.0,434.22662353515625,421.17913818359375,421.66058349609375,0.0,20081576
2023-12-04,389.735595703125,437.211669921875,0.0,439.4745178222656,434.2747802734375,438.1264343261719,0.0,13293194
2023-12-05,387.7613830566406,434.9969482421875,0.0,440.8226013183594,433.40814208984375,438.1264343261719,0.0,12603697
2023-12-06,397.6324462890625,446.07049560546875,0.0,447.2741394042969,435.333984375,437.0672302246094,0.0,21203900
2023-12-07,393.21197509765625,441.1114807128906,0.0,447.5630187988281,440.43743896484375,447.5148620605469,0.0,11746535
2023-12-08,385.5296630859375,432.4933776855469,0.0,444.481689453125,431.86749267578125,442.8928527832031,0.0,19386851
2023-12-11,388.3622131347656,435.6709899902344,0.0,436.7783508300781,432.6378173828125,434.7562255859375,0.0,6854157
2023-12-12,388.920166015625,436.2969055175781,0.0,442.9410095214844,435.57470703125,437.3561096191406,0.0,10549319
2023-12-13,391.10894775390625,438.7523193359375,0.0,441.8336486816406,436.2969055175781,439.37823486328125,0.0,11718443
2023-12-14,394.92864990234375,443.03729248046875,0.0,443.9039306640625,432.7822570800781,442.9410095214844,0.0,14924265
2023-12-15,393.29779052734375,441.207763671875,0.0,445.7816162109375,438.1264343261719,444.7705383300781,0.0,16397959
2023-12-18,387.6755065917969,434.9006652832031,0.0,439.08935546875,433.64886474609375,438.1264343261719,0.0,12490839
2023-12-19,391.4952087402344,439.1856384277344,0.0,441.0151672363281,435.28582763671875,436.5376281738281,0.0,10664235
2023-12-20,387.11761474609375,434.2747802734375,0.0,442.21881103515625,432.6378173828125,441.97808837890625,0.0,10766954
2023-12-21,387.5038757324219,434.7080993652344,0.0,436.92279052734375,427.9676818847656,432.34893798828125,0.0,11584223
2023-12-22,390.72271728515625,438.31903076171875,0.0,438.9930725097656,433.8414611816406,436.2005920410156,0.0,11450973
2023-12-26,391.795654296875,439.5226745605469,0.0,441.8818054199219,437.8375549316406,439.13751220703125,0.0,6097422
2023-12-27,392.35357666015625,440.1485595703125,0.0,441.49664306640625,436.92279052734375,440.0522766113281,0.0,7833901
2023-12-28,398.3620300292969,446.88897705078125,0.0,447.4667053222656,439.1856384277344,440.2448425292969,0.0,21493169
2023-12-29,396.6453552246094,444.963134765625,0.0,450.54803466796875,444.2409362792969,446.88897705078125,0.0,13384631
2024-01-01,401.7525329589844,450.6924743652344,0.0,452.52203369140625,445.49273681640625,446.31121826171875,0.0,9706230
2024-01-02,403.72674560546875,452.9071960449219,0.0,453.8700866699219,446.4075012207031,452.5701599121094,0.0,10924918
2024-01-03,409.6493835449219,459.5513000488281,0.0,462.87335205078125,451.94427490234375,452.8108825683594,0.0,24961710
2024-01-04,408.9197998046875,458.7328186035156,0.0,463.5955505371094,456.6144104003906,462.1993103027344,0.0,12240910
2024-01-05,406.8168640136719,456.3736877441406,0.0,461.62158203125,454.4960021972656,461.62158203125,0.0,9564086
2024-01-08,399.56378173828125,448.237060546875,0.0,457.8662109375,447.322265625,457.3847351074219,0.0,8311403
2024-01-09,398.748291015625,447.322265625,0.0,452.52203369140625,446.4556579589844,450.1628723144531,0.0,5916180
2024-01-10,397.67535400390625,446.1186218261719,0.0,449.4407043457031,442.9891662597656,447.322265625,0.0,6123200
2024-01-11,397.117431640625,445.49273681640625,0.0,449.24810791015625,444.0002136230469,446.88897705078125,0.0,6786448
2024-01-12,400.59375,449.3925476074219,0.0,450.35546875,443.2780456542969,446.07049560546875,0.0,9714589
2024-01-15,401.3663330078125,450.2591552734375,0.0,453.0516357421875,448.8147888183594,452.5701599121094,0.0,7167978
2024-01-16,405.4005432128906,454.7848815917969,0.0,457.3847351074219,447.0334167480469,450.4517517089844,0.0,12531058
2024-01-17,400.5079345703125,449.2962646484375,0.0,459.3105773925781,447.94818115234375,453.9182434082031,0.0,11536527
2024-01-18,399.56378173828125,448.237060546875,0.0,450.4999084472656,437.693115234375,447.9963073730469,0.0,9495938
2024-01-19,404.7138671875,454.0145263671875,0.0,455.45892333984375,449.1036682128906,451.1739501953125,0.0,12673308
2024-01-23,394.2419128417969,442.2669677734375,0.0,456.18109130859375,439.4745178222656,456.18109130859375,0.0,8728196
2024-01-24,397.932861328125,446.4075012207031,0.0,450.06658935546875,441.1114807128906,443.03729248046875,0.0,22459072
2024-01-25,391.10894775390625,438.7523193359375,0.0,447.7074279785156,435.333984375,446.359375,0.0,20435547
2024-01-29,386.08758544921875,433.1192626953125,0.0,440.2929992675781,430.9045715332031,438.9930725097656,0.0,18557346
2024-01-30,376.0019226074219,421.8050231933594,0.0,436.8746337890625,421.17913818359375,430.4231262207031,0.0,45190319
2024-01-31,379.0061950683594,425.17523193359375,0.0,426.0899963378906,422.430908203125,423.6827087402344,0.0,20648695
2024-02-01,380.1649475097656,426.47515869140625,0.0,431.1452941894531,423.0086669921875,425.6085510253906,0.0,19903526
2024-02-02,377.76153564453125,423.77899169921875,0.0,430.6156921386719,423.2012634277344,428.4972839355469,0.0,17816750
2024-02-05,376.0019226074219,421.8050231933594,0.0,427.1973571777344,420.36065673828125,425.6085510253906,0.0,12505666
2024-02-06,370.2938537597656,415.4016418457031,0.0,424.54931640625,413.57208251953125,423.6827087402344,0.0,19487043
2024-02-07,370.63720703125,415.78680419921875,0.0,418.8681335449219,414.8238830566406,418.8681335449219,0.0,13376903
2024-02-08,361.2610168457031,399.176513671875,6.25,413.1869201660156,393.4471740722656,413.09063720703125,0.0,50039587
2024-02-09,362.0888977050781,400.0912780761719,0.0,408.4686584472656,393.4471740722656,394.89154052734375,0.0,33527317
2024-02-12,354.55078125,391.7620544433594,0.0,402.4985656738281,390.9917297363281,402.06524658203125,0.0,11326971
2024-02-13,354.4636535644531,391.665771484375,0.0,395.5655822753906,388.3437194824219,391.8102111816406,0.0,16207766
2024-02-14,358.6466369628906,396.28778076171875,0.0,396.9618225097656,389.4029235839844,390.943603515625,0.0,12618012
2024-02-15,351.98004150390625,388.9214782714844,0.0,399.176513671875,388.19927978515625,397.6839904785156,0.0,21169031
2024-02-16,352.5900573730469,389.59552001953125,0.0,394.3619384765625,384.5883483886719,389.9806823730469,0.0,38963810
2024-02-19,356.6423034667969,394.07305908203125,0.0,397.4432678222656,389.59552001953125,389.9806823730469,0.0,17602580
2024-02-20,353.897216796875,391.0398864746094,0.0,395.22857666015625,389.306640625,395.22857666015625,0.0,14626643
2024-02-21,351.500732421875,388.3918762207031,0.0,394.89154052734375,386.4178771972656,391.906494140625,0.0,20162369
2024-02-22,361.1738586425781,399.0802307128906,0.0,399.7542724609375,388.4881591796875,391.8102111816406,0.0,19321180
2024-02-23,358.51593017578125,396.1433410644531,0.0,400.4764404296875,395.2767028808594,400.4764404296875,0.0,11576964
2024-02-26,356.5987243652344,394.0249328613281,0.0,397.7321472167969,392.19537353515625,395.8544616699219,0.0,8289561
2024-02-27,358.29803466796875,395.902587890625,0.0,397.4432678222656,393.3990173339844,394.7952575683594,0.0,8083518
2024-02-28,355.8144226074219,393.1582946777344,0.0,397.05810546875,391.71392822265625,395.902587890625,0.0,8949664
2024-02-29,354.07147216796875,391.2324523925781,0.0,395.8063049316406,389.49920654296875,393.83233642578125,0.0,15468800
2024-03-01,356.86016845703125,394.31378173828125,0.0,397.82843017578125,392.3879699707031,393.7360534667969,0.0,12873024
2024-03-04,356.5115966796875,393.9286193847656,0.0,397.6358642578125,393.302734375,396.9618225097656,0.0,7103794
2024-03-05,353.9407958984375,391.0880126953125,0.0,396.1433410644531,388.9696044921875,394.4582214355469,0.0,10108373
2024-03-06,355.4222412109375,392.7249755859375,0.0,394.7471008300781,385.84014892578125,391.425048828125,0.0,11534613
2024-03-07,360.38958740234375,398.2135925292969,0.0,399.5616760253906,388.68072509765625,392.7249755859375,0.0,23907135
2024-03-11,356.7730407714844,394.2174987792969,0.0,402.7874450683594,392.8694152832031,401.34307861328125,0.0,18298683
2024-03-12,352.4593505859375,389.4510803222656,0.0,391.425048828125,384.5401916503906,391.425048828125,0.0,36226074
2024-03-13,368.14544677734375,406.7835388183594,0.0,421.7568664550781,405.5317687988281,418.8681335449219,0.0,105525827
2024-03-14,365.7054138183594,404.0873718261719,0.0,409.7204284667969,402.4985656738281,406.3020935058594,0.0,31949569
2024-03-15,365.2261047363281,403.5577697753906,0.0,412.6573181152344,399.8505554199219,401.7282409667969,0.0,76074975
2024-03-18,363.7882385253906,401.9689636230469,0.0,405.09844970703125,401.4393615722656,403.46148681640625,0.0,16547358
2024-03-19,356.9037170410156,394.3619384765625,0.0,403.9910888671875,393.54345703125,402.4985656738281,0.0,21803126
2024-03-20,362.26318359375,400.28387451171875,0.0,401.1986389160156,394.3619384765625,394.7952575683594,0.0,20364534
2024-03-21,367.0997314453125,405.6280517578125,0.0,406.3502197265625,400.76531982421875,403.46148681640625,0.0,19968509
2024-03-22,373.5049133300781,412.7054748535156,0.0,413.7165222167969,405.6280517578125,405.6280517578125,0.0,40358503
2024-03-26,372.6770324707031,411.79071044921875,0.0,413.2832336425781,409.7685852050781,409.7685852050781,0.0,10669833
2024-03-27,372.9820251464844,412.1277160644531,0.0,412.9943542480469,410.63519287109375,411.164794921875,0.0,12698464
2024-03-28,373.2870788574219,412.4647521972656,0.0,417.1830139160156,411.164794921875,412.1277160644531,0.0,29009002
2024-04-01,371.8491516113281,410.8759460449219,0.0,415.3534851074219,409.9611511230469,413.1869201660156,0.0,9743648
2024-04-02,371.10845947265625,410.0574645996094,0.0,412.8017578125,408.85382080078125,412.8017578125,0.0,9194659
2024-04-03,370.5419616699219,409.4315490722656,0.0,412.8980712890625,405.3873291015625,410.201904296875,0.0,13152268
2024-04-04,368.4069519042969,407.0724182128906,0.0,411.5018310546875,404.328125,409.7685852050781,0.0,19065447
2024-04-05,372.5899353027344,411.6944274902344,0.0,415.6905212402344,404.3762512207031,406.8316955566406,0.0,16768902
2024-04-08,373.9406433105469,413.1869201660156,0.0,415.4016418457031,411.8869934082031,412.4165954589844,0.0,8844633
2024-04-09,371.54412841796875,410.5389099121094,0.0,415.4979248046875,409.7685852050781,414.48687744140625,0.0,6967273
2024-04-10,380.7815246582031,420.7458190917969,0.0,421.5643005371094,409.9611511230469,412.4165954589844,0.0,14547618
2024-04-12,374.81207275390625,414.14984130859375,0.0,419.59033203125,412.4165954589844,418.8681335449219,0.0,18785009
2024-04-15,371.1520080566406,410.1055908203125,0.0,413.2350769042969,407.21685791015625,412.1277160644531,0.0,9083087
2024-04-16,371.1520080566406,410.1055908203125,0.0,411.164794921875,407.5057373046875,407.5538635253906,0.0,10357752
2024-04-18,365.00823974609375,403.3170471191406,0.0,411.0685119628906,402.16156005859375,410.201904296875,0.0,22133191
2024-04-19,370.14984130859375,408.9982604980469,0.0,410.442626953125,400.57275390625,402.4985656738281,0.0,17221280
2024-04-22,370.6291198730469,409.5278625488281,0.0,411.7425537109375,407.6501770019531,411.164794921875,0.0,7386048
2024-04-23,374.02783203125,413.2832336425781,0.0,414.5350036621094,409.33526611328125,409.5278625488281,0.0,12484384
2024-04-24,373.766357421875,412.9943542480469,0.0,414.8238830566406,412.4165954589844,413.33135986328125,0.0,6070285
2024-04-25,381.304443359375,421.3235778808594,0.0,422.0457458496094,413.09063720703125,415.0164794921875,0.0,30337038
2024-04-26,383.4394836425781,423.6827087402344,0.0,426.8603210449219,420.2162170410156,422.96051025390625,0.0,15342965
2024-04-29,381.8708801269531,421.949462890625,0.0,426.0418395996094,418.48297119140625,425.6085510253906,0.0,12075706
2024-04-30,379.6486511230469,419.4940185546875,0.0,424.1641540527344,418.96441650390625,423.6345520019531,0.0,12528665
2024-05-02,382.5680236816406,422.71978759765625,0.0,426.186279296875,418.72369384765625,419.8310546875,0.0,24123523
2024-05-03,380.3457946777344,420.26434326171875,0.0,423.7308654785156,415.3534851074219,423.7308654785156,0.0,23786388
2024-05-06,378.8643493652344,418.6274108886719,0.0,424.11602783203125,417.2793273925781,421.7568664550781,0.0,10753860
2024-05-07,383.7444763183594,424.01971435546875,0.0,429.460205078125,419.0606994628906,420.6976623535156,0.0,26969062
2024-05-08,384.3109130859375,424.6456298828125,0.0,428.2084045410156,421.949462890625,424.8863525390625,0.0,10916481
2024-05-09,370.454833984375,409.33526611328125,0.0,425.1270751953125,407.6501770019531,423.7308654785156,0.0,24314298
2024-05-10,377.6443176269531,417.2793273925781,0.0,420.1680603027344,410.683349609375,410.683349609375,0.0,14524604
2024-05-13,376.3371276855469,415.8349609375,0.0,419.30145263671875,413.57208251953125,417.1830139160156,0.0,7584217
2024-05-14,374.4635009765625,413.7646789550781,0.0,417.2311706542969,412.6573181152344,414.5350036621094,0.0,11423749
2024-05-15,372.8077697753906,411.9351501464844,0.0,417.1830139160156,410.924072265625,414.7757263183594,0.0,7856433
2024-05-16,375.9885559082031,415.44976806640625,0.0,416.55712890625,407.21685791015625,414.0535583496094,0.0,23911954
2024-05-17,380.2151184082031,420.11993408203125,0.0,421.2754211425781,412.9943542480469,416.36456298828125,0.0,11894830
2024-05-21,378.90789794921875,418.675537109375,0.0,420.8902587890625,417.1348876953125,419.8310546875,0.0,11175153
2024-05-22,383.35235595703125,423.58642578125,0.0,425.5603942871094,419.2532958984375,421.1309814453125,0.0,11036895
2024-05-23,384.615966796875,424.9826354980469,0.0,428.4010009765625,420.36065673828125,425.0307922363281,0.0,27244733
2024-05-24,380.1279602050781,420.02362060546875,0.0,426.0418395996094,419.1570129394531,424.6456298828125,0.0,13252938
2024-05-27,376.0321044921875,415.4979248046875,0.0,422.6235046386719,414.72760009765625,422.5272216796875,0.0,12282545
2024-05-28,373.8535461425781,413.09063720703125,0.0,416.4608459472656,412.3684387207031,416.07568359375,0.0,9668761
2024-05-29,375.5528564453125,414.96832275390625,0.0,416.36456298828125,409.7204284667969,409.7204284667969,0.0,10832067
2024-05-30,369.365478515625,408.1316223144531,0.0,414.96832275390625,406.687255859375,412.60919189453125,0.0,21314885
2024-05-31,371.6312561035156,410.63519287109375,0.0,413.6202392578125,408.51678466796875,410.924072265625,0.0,29300711
2024-06-03,375.02996826171875,414.39056396484375,0.0,418.7718505859375,412.7536315917969,417.90521240234375,0.0,16116836
2024-06-04,368.496826171875,399.8023986816406,7.5,410.49078369140625,387.910400390625,410.201904296875,0.0,47791986
2024-06-05,381.8983459472656,414.3424377441406,0.0,419.8310546875,402.5467224121094,406.3502197265625,0.0,28197030
2024-06-06,386.4246520996094,419.2532958984375,0.0,421.4679870605469,415.1127624511719,419.8310546875,0.0,32318523
2024-06-07,389.75286865234375,422.8642272949219,0.0,425.2715148925781,415.1127624511719,415.4016418457031,0.0,29543660
2024-06-10,387.7559509277344,420.6976623535156,0.0,424.6456298828125,419.6866149902344,423.6827087402344,0.0,11872688
2024-06-11,384.29461669921875,416.9422912597656,0.0,421.5643005371094,416.2201232910156,420.7939758300781,0.0,13158571
2024-06-12,383.67333984375,416.26824951171875,0.0,418.2903747558594,414.2461242675781,414.5831604003906,0.0,10751658
2024-06-13,381.8983459472656,414.3424377441406,0.0,420.6976623535156,413.8128356933594,420.6976623535156,0.0,9641349
2024-06-14,382.6527099609375,415.1609191894531,0.0,415.8830871582031,413.1387939453125,415.0164794921875,0.0,9572809
2024-06-18,380.522705078125,412.84991455078125,0.0,418.0978088378906,412.3203125,416.9422912597656,0.0,14641141
2024-06-19,375.9963684082031,407.9390563964844,0.0,414.7757263183594,407.3612976074219,414.0535583496094,0.0,11329972
2024-06-20,375.6857604980469,407.6020202636719,0.0,410.683349609375,405.8687744140625,408.32421875,0.0,15147549
2024-06-21,372.4018859863281,404.03924560546875,0.0,409.5278625488281,403.0281677246094,409.2389831542969,0.0,26176371
2024-06-24,375.6857604980469,407.6020202636719,0.0,408.2279052734375,404.4244079589844,404.4244079589844,0.0,9723008
2024-06-25,375.6857604980469,407.6020202636719,0.0,408.27606201171875,404.1836853027344,407.3131408691406,0.0,10655609
2024-06-26,376.2626037597656,408.2279052734375,0.0,410.5870666503906,406.39837646484375,407.3131408691406,0.0,11511714
2024-06-27,377.72698974609375,409.8167419433594,0.0,411.4055480957031,405.4836120605469,408.2279052734375,0.0,38438054
2024-06-28,377.1057434082031,409.1427001953125,0.0,412.1277160644531,407.79461669921875,409.7204284667969,0.0,18554411
2024-07-01,380.7889404296875,413.1387939453125,0.0,414.2942810058594,408.9019470214844,410.49078369140625,0.0,13391362
2024-07-02,377.63824462890625,409.7204284667969,0.0,414.679443359375,406.87982177734375,414.0535583496094,0.0,11177863
2024-07-03,380.1232604980469,412.4165954589844,0.0,413.7165222167969,409.7204284667969,410.2981872558594,0.0,7435499
2024-07-04,380.7889404296875,413.1387939453125,0.0,415.4979248046875,411.21295166015625,414.0535583496094,0.0,9478861
2024-07-05,384.87152099609375,417.5682067871094,0.0,417.90521240234375,411.7425537109375,413.09063720703125,0.0,13427543
2024-07-08,393.7022705078125,427.1492004394531,0.0,428.06396484375,417.5682067871094,419.0125732421875,0.0,21311436
2024-07-09,401.6899108886719,435.8154296875,0.0,438.1264343261719,427.53436279296875,431.0008544921875,0.0,27489709
2024-07-10,400.6693115234375,434.7080993652344,0.0,438.4634704589844,429.941650390625,436.8746337890625,0.0,12065662
2024-07-11,407.0594177246094,441.6410827636719,0.0,442.4595642089844,432.06005859375,433.3118591308594,0.0,19556596
2024-07-12,407.4143981933594,442.0262451171875,0.0,446.07049560546875,438.9449157714844,441.6410827636719,0.0,19693114
2024-07-15,411.2751159667969,446.2149353027344,0.0,449.1518249511719,440.2448425292969,442.0262451171875,0.0,16876907
2024-07-16,413.1832580566406,448.2851867675781,0.0,449.4407043457031,444.2890930175781,446.2630615234375,0.0,13497253
2024-07-18,417.3545837402344,452.8108825683594,0.0,453.4367980957031,445.49273681640625,445.82977294921875,0.0,21907158
2024-07-19,421.1709289550781,456.951416015625,0.0,461.62158203125,451.9924011230469,453.5330810546875,0.0,25939326
2024-07-22,414.07080078125,449.24810791015625,0.0,461.6697082519531,448.5740661621094,456.99957275390625,0.0,18762384
2024-07-23,436.8355712890625,473.9468688964844,0.0,478.95404052734375,449.1036682128906,449.24810791015625,0.0,56125835
2024-07-24,438.4775085449219,475.728271484375,0.0,491.7126770019531,472.4543762207031,477.60595703125,0.0,43693692
2024-07-25,434.83868408203125,471.78033447265625,0.0,477.60595703125,466.6768798828125,471.8284606933594,0.0,18567567
2024-07-26,445.7107849121094,483.5760498046875,0.0,487.6202697753906,469.32489013671875,475.728271484375,0.0,21534703
2024-07-29,440.2525634765625,477.65411376953125,0.0,487.4277038574219,475.728271484375,486.753662109375,0.0,12978187
2024-07-30,434.7943115234375,471.732177734375,0.0,479.3392028808594,470.5285339355469,477.89483642578125,0.0,13891052
2024-07-31,439.6312561035156,476.9800720214844,0.0,479.483642578125,472.3099365234375,474.1876220703125,0.0,11982586
2024-08-01,438.1668701171875,475.3912658691406,0.0,478.3281555175781,472.74322509765625,477.55780029296875,0.0,12114803
2024-08-02,434.08428955078125,470.96185302734375,0.0,480.9280090332031,466.8213195800781,466.8213195800781,0.0,22141163
2024-08-05,431.3329772949219,467.976806640625,0.0,473.65802001953125,461.7659912109375,462.2474670410156,0.0,25022076
2024-08-06,431.5992736816406,468.26568603515625,0.0,473.4654235839844,466.09912109375,468.217529296875,0.0,14251363
2024-08-07,437.2349548339844,474.38018798828125,0.0,477.2207946777344,469.9989318847656,471.8284606933594,0.0,11320399
2024-08-08,439.0987854003906,476.4023132324219,0.0,479.53179931640625,474.2357482910156,475.6801452636719,0.0,21349889
2024-08-09,440.11944580078125,477.5096740722656,0.0,479.53179931640625,474.8135070800781,479.53179931640625,0.0,9556181
2024-08-12,438.96563720703125,476.25787353515625,0.0,481.4576110839844,473.7543029785156,473.7543029785156,0.0,9425644
2024-08-13,434.8830261230469,471.8284606933594,0.0,479.3873596191406,470.14337158203125,477.55780029296875,0.0,8056478
2024-08-14,436.8355712890625,473.9468688964844,0.0,480.4947204589844,471.732177734375,473.7061462402344,0.0,9609981
2024-08-16,446.1101379394531,484.00933837890625,0.0,485.5018615722656,474.38018798828125,476.1615905761719,0.0,13643352
2024-08-19,445.0451354980469,482.8538513183594,0.0,490.4127197265625,481.07244873046875,486.0314636230469,0.0,10591508
2024-08-20,442.6932067871094,480.3021240234375,0.0,484.7315368652344,479.242919921875,482.4205322265625,0.0,6888634
2024-08-21,448.55084228515625,486.6573791503906,0.0,490.1238708496094,480.5428466796875,481.4576110839844,0.0,8801221
2024-08-22,447.79644775390625,485.8388977050781,0.0,489.64239501953125,482.8538513183594,489.0165100097656,0.0,8686423
2024-08-23,448.90582275390625,487.04254150390625,0.0,488.1498718261719,481.40948486328125,486.3203430175781,0.0,8195369
2024-08-26,448.8170166015625,486.94622802734375,0.0,489.16094970703125,483.3834533691406,487.235107421875,0.0,8126402
2024-08-27,444.29071044921875,482.0353698730469,0.0,488.7757873535156,481.4576110839844,488.7276306152344,0.0,8260450
2024-08-28,441.3619079589844,478.8577575683594,0.0,483.6723327636719,478.0874328613281,481.8427734375,0.0,8081932
2024-08-29,448.2845764160156,486.3684997558594,0.0,488.8720703125,478.9058837890625,479.53179931640625,0.0,19389694
2024-08-30,445.44451904296875,483.28717041015625,0.0,490.268310546875,481.65020751953125,483.3352966308594,0.0,15523349
2024-09-02,452.6777648925781,491.1349182128906,0.0,493.8792419433594,484.63525390625,485.3092956542969,0.0,16497266
2024-09-03,452.1009216308594,490.509033203125,0.0,496.8161315917969,489.0646667480469,491.1349182128906,0.0,12481552
2024-09-04,449.3939514160156,487.5721435546875,0.0,491.1349182128906,481.40948486328125,481.4576110839844,0.0,8739052
2024-09-05,453.6983947753906,492.2422790527344,0.0,492.91632080078125,488.2461853027344,489.4979553222656,0.0,11318636
2024-09-06,445.2669982910156,483.0945739746094,0.0,493.0126037597656,478.71331787109375,493.0126037597656,0.0,14245025
2024-09-09,454.1865539550781,492.7718811035156,0.0,493.63848876953125,481.7946472167969,483.3834533691406,0.0,14265060
2024-09-10,455.82843017578125,494.55328369140625,0.0,495.9013366699219,489.88311767578125,492.91632080078125,0.0,11332248
2024-09-11,456.49407958984375,495.27545166015625,0.0,500.2344665527344,492.9644470214844,493.97552490234375,0.0,15497555
2024-09-12,461.0647888183594,500.2344665527344,0.0,501.1973876953125,489.6905517578125,495.9976501464844,0.0,19085324
2024-09-13,456.05029296875,494.79400634765625,0.0,500.7159118652344,493.0126037597656,500.2344665527344,0.0,9165077
2024-09-16,453.60968017578125,492.14599609375,0.0,497.8271789550781,490.79791259765625,496.7679748535156,0.0,7821668
2024-09-17,450.636474609375,488.92022705078125,0.0,494.505126953125,487.475830078125,492.09783935546875,0.0,10889862
2024-09-18,450.2814636230469,488.5350341796875,0.0,493.39776611328125,486.3684997558594,489.0165100097656,0.0,5638729
2024-09-19,451.0802307128906,489.40167236328125,0.0,495.7087707519531,488.6794738769531,491.0867614746094,0.0,14461616
2024-09-20,456.5384521484375,495.3236083984375,0.0,498.1642150878906,489.16094970703125,493.0126037597656,0.0,24725118
2024-09-23,458.8016052246094,497.7790222167969,0.0,500.1863098144531,494.55328369140625,496.33465576171875,0.0,8105508
2024-09-24,457.2928771972656,496.14208984375,0.0,498.5975036621094,495.0828857421875,497.8271789550781,0.0,7015487
2024-09-25,459.33416748046875,498.3567810058594,0.0,500.0419006347656,493.3014831542969,496.3828125,0.0,8802667
2024-09-26,463.9492492675781,503.36395263671875,0.0,504.3268737792969,497.8271789550781,498.45306396484375,0.0,16086557
2024-09-27,463.90484619140625,503.3157958984375,0.0,508.90069580078125,500.9566650390625,500.9566650390625,0.0,17916386
2024-09-30,459.86663818359375,498.9345397949219,0.0,504.90460205078125,494.986572265625,501.2936706542969,0.0,10936940
2024-10-01,458.135986328125,497.0568542480469,0.0,500.4751892089844,494.9384460449219,498.9345397949219,0.0,5285319
2024-10-03,455.0740966796875,493.73480224609375,0.0,496.57537841796875,489.2572326660156,489.6905517578125,0.0,16481353
2024-10-04,446.9089050292969,484.8759765625,0.0,498.1642150878906,482.95013427734375,491.0867614746094,0.0,18930962
2024-10-07,452.8109130859375,491.27935791015625,0.0,495.85321044921875,487.9573059082031,488.1980285644531,0.0,17114457
2024-10-08,450.8139953613281,489.11279296875,0.0,493.5422058105469,487.235107421875,491.0867614746094,0.0,9868331
2024-10-09,436.3918151855469,473.4654235839844,0.0,490.8941955566406,472.3580627441406,490.8941955566406,0.0,24874940
2024-10-10,436.7024841308594,473.8024597167969,0.0,477.2689514160156,471.2988586425781,476.9800720214844,0.0,13292273
2024-10-11,433.2855529785156,470.09521484375,0.0,475.6319885253906,469.32489013671875,474.71722412109375,0.0,14949380
2024-10-14,441.0513000488281,478.5207214355469,0.0,480.4947204589844,470.5285339355469,472.7913818359375,0.0,6970606
2024-10-15,442.4713439941406,480.0614013671875,0.0,480.8798828125,476.1615905761719,479.53179931640625,0.0,8347216
2024-10-16,437.72308349609375,474.9097900390625,0.0,480.35028076171875,474.09130859375,477.60595703125,0.0,6939430
2024-10-17,433.9067687988281,470.7692565917969,0.0,476.6430358886719,469.90264892578125,476.6430358886719,0.0,7669729
2024-10-18,431.9542236328125,468.6508483886719,0.0,473.32098388671875,460.6586608886719,470.62481689453125,0.0,22616838
2024-10-21,429.2473449707031,465.7139587402344,0.0,469.5174865722656,459.6475830078125,468.6508483886719,0.0,7680088
2024-10-22,427.60540771484375,463.93255615234375,0.0,470.2878112792969,462.9696350097656,465.7139587402344,0.0,12772970
2024-10-23,426.31854248046875,462.5363464355469,0.0,465.3769226074219,461.7178649902344,463.1622314453125,0.0,10553961
2024-10-24,418.6415100097656,454.2071228027344,0.0,464.51031494140625,452.5701599121094,464.1251525878906,0.0,13596626
2024-10-25,428.0491638183594,464.4140319824219,0.0,475.19866943359375,456.6144104003906,458.1550598144531,0.0,32154050
2024-10-28,429.6910705566406,466.1954040527344,0.0,467.8805236816406,458.34765625,464.0769958496094,0.0,8946214
2024-10-29,433.06365966796875,469.8544921875,0.0,471.0581359863281,463.45111083984375,467.0138854980469,0.0,7131161
2024-10-30,436.2586975097656,473.32098388671875,0.0,474.95794677734375,468.458251953125,469.8544921875,0.0,6640080
2024-10-31,433.8180236816406,470.6729736328125,0.0,474.71722412109375,466.7250061035156,473.7543029785156,0.0,8111694
2024-11-01,435.1492919921875,472.1173400878906,0.0,473.8505859375,471.1544189453125,472.7913818359375,0.0,1517892
2024-11-04,430.0904846191406,466.62872314453125,0.0,475.1505126953125,461.7659912109375,475.1505126953125,0.0,8754385
2024-11-05,426.1854248046875,462.39190673828125,0.0,467.0620422363281,459.2624206542969,465.0399169921875,0.0,7610046
2024-11-06,426.9841613769531,463.2585144042969,0.0,466.4361572265625,460.27349853515625,462.39190673828125,0.0,11749720
2024-11-07,424.14410400390625,460.17718505859375,0.0,464.7991943359375,458.4439392089844,463.8844299316406,0.0,9267980
2024-11-08,424.2772216796875,460.3216247558594,0.0,462.87335205078125,456.99957275390625,460.17718505859375,0.0,6325023
2024-11-11,423.30096435546875,459.2624206542969,0.0,463.6436767578125,456.51812744140625,460.3216247558594,0.0,5700343
2024-11-12,419.66217041015625,455.3144836425781,0.0,460.225341796875,453.6775207519531,459.8883361816406,0.0,5236095
2024-11-13,419.08526611328125,454.6885681152344,0.0,457.0958557128906,450.88507080078125,452.6183166503906,0.0,11548660
2024-11-14,413.53826904296875,448.67034912109375,0.0,455.4107666015625,445.1075744628906,453.7256774902344,0.0,12087836
2024-11-18,414.07080078125,449.24810791015625,0.0,450.4517517089844,444.8668518066406,448.718505859375,0.0,8448573
2024-11-19,414.7807922363281,450.0184326171875,0.0,456.18109130859375,448.959228515625,450.64434814453125,0.0,7121472
2024-11-21,405.7281494140625,440.19671630859375,0.0,446.8408203125,438.5115966796875,443.9039306640625,0.0,20313155
2024-11-22,421.2596740722656,457.0477294921875,0.0,458.8291015625,438.6078796386719,439.28192138671875,0.0,20214206
2024-11-25,423.1678161621094,459.11798095703125,0.0,464.3177185058594,454.88116455078125,461.23638916015625,0.0,14427013
2024-11-26,423.3453674316406,459.3105773925781,0.0,464.75103759765625,456.51812744140625,462.1993103027344,0.0,6791715
2024-11-27,423.30096435546875,459.2624206542969,0.0,462.2956237792969,455.45892333984375,459.7920227050781,0.0,7339184
2024-11-28,421.4815368652344,457.2884521484375,0.0,465.8583984375,453.0997619628906,459.3105773925781,0.0,14967609
2024-11-29,423.12347412109375,459.0698547363281,0.0,461.1401062011719,455.07373046875,455.6514892578125,0.0,8668142
2024-12-02,423.5228576660156,459.5031433105469,0.0,461.5252685546875,455.8440856933594,458.34765625,0.0,5689595
2024-12-03,419.3958740234375,455.0256042480469,0.0,455.8440856933594,445.5890197753906,448.718505859375,0.0,23073942
2024-12-04,414.5589294433594,449.7777099609375,0.0,460.466064453125,449.1036682128906,456.8070068359375,0.0,13957078
2024-12-05,414.9139099121094,450.1628723144531,0.0,455.2181701660156,445.3482971191406,450.2110290527344,0.0,27432375
2024-12-06,418.15338134765625,453.6775207519531,0.0,457.33660888671875,450.35546875,452.5701599121094,0.0,7842234
2024-12-09,412.6507568359375,447.7074279785156,0.0,454.4960021972656,445.7816162109375,454.0145263671875,0.0,12154116
2024-12-10,413.0945129394531,448.18890380859375,0.0,449.1518249511719,445.444580078125,448.0926208496094,0.0,9163636
2024-12-11,412.9170227050781,447.9963073730469,0.0,450.8369140625,447.4667053222656,449.8739929199219,0.0,7005617
2024-12-12,408.7900695800781,443.5187683105469,0.0,450.54803466796875,442.1225280761719,448.237060546875,0.0,13380617
2024-12-13,417.1327209472656,452.5701599121094,0.0,456.8070068359375,434.9006652832031,442.9410095214844,0.0,32976794
2024-12-16,417.2214660644531,452.66644287109375,0.0,456.8070068359375,450.64434814453125,452.8108825683594,0.0,9354160
2024-12-17,416.7333679199219,452.1368408203125,0.0,458.1550598144531,445.8778991699219,452.5701599121094,0.0,20608409
2024-12-18,417.57647705078125,453.0516357421875,0.0,456.229248046875,449.5851135253906,455.1700439453125,0.0,12841386
2024-12-19,414.07080078125,449.24810791015625,0.0,456.75885009765625,448.0444641113281,451.60723876953125,0.0,15161531
2024-12-20,412.384521484375,447.4185791015625,0.0,450.11474609375,442.2669677734375,449.199951171875,0.0,20231570
2024-12-23,420.9046630859375,456.6625671386719,0.0,459.984619140625,450.2591552734375,453.7256774902344,0.0,19562956
2024-12-24,424.6322326660156,460.706787109375,0.0,462.4400329589844,455.12188720703125,457.2884521484375,0.0,12009880
2024-12-26,423.30096435546875,459.2624206542969,0.0,463.980712890625,458.34765625,462.7289123535156,0.0,9188830
2024-12-27,424.765380859375,460.8512268066406,0.0,464.02886962890625,458.34765625,461.9585876464844,0.0,16906420
2024-12-30,423.3453674316406,459.3105773925781,0.0,463.5955505371094,458.34765625,462.9215087890625,0.0,13578360
2024-12-31,429.2473449707031,465.7139587402344,0.0,466.6768798828125,456.951416015625,460.706787109375,0.0,13787501
2025-01-01,429.51361083984375,466.0028381347656,0.0,468.7952880859375,464.26959228515625,467.976806640625,0.0,18931186
2025-01-02,434.0398864746094,470.9136962890625,0.0,471.8284606933594,464.4140319824219,467.3509216308594,0.0,27131131
2025-01-03,427.42791748046875,463.739990234375,0.0,472.7913818359375,462.05487060546875,472.0691833496094,0.0,38500784
2025-01-06,407.9893493652344,442.6499938964844,0.0,461.75,441.25,455.6000061035156,0.0,22009958
2025-01-07,406.5606994628906,441.1000061035156,0.0,447.6000061035156,440.1499938964844,445.5,0.0,14294780
2025-01-08,414.34906005859375,449.54998779296875,0.0,452.04998779296875,437.1000061035156,443.0,0.0,13482926
2025-01-09,414.8559875488281,450.1000061035156,0.0,460.6499938964844,446.04998779296875,449.3999938964844,0.0,19732649
2025-01-10,410.0631408691406,444.8999938964844,0.0,452.0,442.5,449.95001220703125,0.0,9145729
2025-01-13,404.67120361328125,439.04998779296875,0.0,444.0,435.0,435.0,0.0,17799607
2025-01-14,402.4130859375,436.6000061035156,0.0,441.5,435.8500061035156,441.0,0.0,18048459
2025-01-15,403.1043701171875,437.3500061035156,0.0,441.79998779296875,435.3500061035156,436.6000061035156,0.0,9786805
2025-01-16,398.9567565917969,432.8500061035156,0.0,439.45001220703125,431.1000061035156,438.04998779296875,0.0,15774070
2025-01-17,405.731201171875,440.20001220703125,0.0,441.79998779296875,432.5,433.0,0.0,11270061
2025-01-20,403.42694091796875,437.70001220703125,0.0,441.20001220703125,436.0,439.0,0.0,8742771
2025-01-21,403.2886657714844,437.54998779296875,0.0,447.0,435.25,438.0,0.0,15686500
2025-01-22,402.78173828125,437.0,0.0,441.95001220703125,436.54998779296875,439.8999938964844,0.0,9619648
2025-01-23,405.731201171875,440.20001220703125,0.0,441.8500061035156,434.1000061035156,435.0,0.0,8888248
2025-01-24,407.0215759277344,441.6000061035156,0.0,445.0,439.04998779296875,439.3999938964844,0.0,9665384
2025-01-27,405.6390075683594,440.1000061035156,0.0,445.0,436.54998779296875,440.79998779296875,0.0,10480203
2025-01-28,401.3531188964844,435.45001220703125,0.0,441.79998779296875,434.5,440.0,0.0,20813072
2025-01-29,399.41754150390625,433.3500061035156,0.0,437.5,430.1000061035156,435.95001220703125,0.0,15158510
2025-01-30,402.04437255859375,436.20001220703125,0.0,438.0,431.45001220703125,433.0,0.0,22496695
2025-01-31,412.4595642089844,447.5,0.0,448.20001220703125,435.1000061035156,436.5,0.0,13546181
2025-02-01,426.3310852050781,462.54998779296875,0.0,471.5,439.54998779296875,448.0,0.0,30393007
2025-02-03,418.773193359375,454.3500061035156,0.0,465.20001220703125,452.29998779296875,462.0,0.0,16991730
2025-02-04,419.51055908203125,455.1499938964844,0.0,460.3500061035156,448.75,458.0,0.0,18923681
2025-02-05,413.05865478515625,448.1499938964844,0.0,455.8500061035156,446.5,455.1499938964844,0.0,12836283
2025-02-06,406.5606994628906,441.1000061035156,0.0,450.0,438.20001220703125,450.0,0.0,17469129
2025-02-07,397.11334228515625,430.8500061035156,0.0,445.5,428.3999938964844,440.0,0.0,18875982
2025-02-10,393.7491455078125,427.20001220703125,0.0,433.29998779296875,426.5,427.0,0.0,12227140
2025-02-11,385.5459899902344,418.29998779296875,0.0,430.54998779296875,417.5,428.79998779296875,0.0,14288751
2025-02-12,383.76715087890625,409.8999938964844,6.5,413.79998779296875,407.6000061035156,413.1499938964844,0.0,13884574
2025-02-13,383.57989501953125,409.70001220703125,0.0,413.95001220703125,409.0,409.95001220703125,0.0,12989029
2025-02-14,384.0948486328125,410.25,0.0,416.20001220703125,408.3999938964844,411.75,0.0,14124236
2025-02-17,382.5500183105469,408.6000061035156,0.0,411.3999938964844,406.75,409.79998779296875,0.0,11975265
2025-02-18,379.41363525390625,405.25,0.0,410.8500061035156,404.0,408.0,0.0,12998403
2025-02-19,380.49029541015625,406.3999938964844,0.0,408.79998779296875,404.5,404.79998779296875,0.0,7079032
2025-02-20,376.4176025390625,402.04998779296875,0.0,403.8999938964844,396.20001220703125,399.95001220703125,0.0,15355585
2025-02-21,375.3409423828125,400.8999938964844,0.0,403.25,399.20001220703125,402.04998779296875,0.0,8240986
2025-02-24,376.2771911621094,401.8999938964844,0.0,403.3999938964844,398.75,400.0,0.0,7037625
2025-02-25,379.03912353515625,404.8500061035156,0.0,407.0,400.5,402.0,0.0,15760891
2025-02-27,375.9963073730469,401.6000061035156,0.0,406.5,399.5,404.8500061035156,0.0,19051003
2025-02-28,369.81707763671875,395.0,0.0,402.5,392.20001220703125,399.0,0.0,31954776
2025-03-03,372.11090087890625,397.45001220703125,0.0,399.0,391.20001220703125,395.95001220703125,0.0,10702826
2025-03-04,369.6766662597656,394.8500061035156,0.0,397.20001220703125,392.8500061035156,395.3999938964844,0.0,13404774
2025-03-05,379.2263488769531,405.04998779296875,0.0,412.75,394.5,394.5,0.0,15665018
2025-03-06,379.8349609375,405.70001220703125,0.0,409.70001220703125,400.54998779296875,409.1499938964844,0.0,17869996
2025-03-07,378.1496887207031,403.8999938964844,0.0,405.8500061035156,401.70001220703125,403.54998779296875,0.0,11180761
2025-03-10,379.1795349121094,405.0,0.0,406.8500061035156,400.3999938964844,401.04998779296875,0.0,9785018
2025-03-11,380.3030700683594,406.20001220703125,0.0,408.3999938964844,401.20001220703125,401.5,0.0,11099475
2025-03-12,386.1077575683594,412.3999938964844,0.0,413.29998779296875,404.0,406.3999938964844,0.0,13844306
2025-03-13,385.7800598144531,412.04998779296875,0.0,414.3999938964844,408.20001220703125,413.0,0.0,8196569
2025-03-17,381.94146728515625,407.95001220703125,0.0,416.25,407.0,413.0,0.0,5257805
2025-03-18,383.0181579589844,409.1000061035156,0.0,411.95001220703125,407.75,410.0,0.0,13861897
2025-03-19,377.35382080078125,403.04998779296875,0.0,410.75,402.6000061035156,410.0,0.0,12830387
2025-03-20,378.1965026855469,403.95001220703125,0.0,406.6499938964844,401.8999938964844,405.0,0.0,16994037
2025-03-21,379.6944580078125,405.54998779296875,0.0,407.5,401.70001220703125,405.95001220703125,0.0,25302035
2025-03-24,384.703369140625,410.8999938964844,0.0,412.8500061035156,405.6000061035156,407.0,0.0,14362572
2025-03-25,383.67352294921875,409.79998779296875,0.0,415.25,408.70001220703125,412.0,0.0,20338110
2025-03-26,381.3797302246094,407.3500061035156,0.0,411.20001220703125,406.25,410.29998779296875,0.0,13891436
2025-03-27,383.3458557128906,409.45001220703125,0.0,410.70001220703125,405.6499938964844,408.0,0.0,18642328
2025-03-28,383.626708984375,409.75,0.0,415.6000061035156,408.1499938964844,410.8999938964844,0.0,12981873
2025-04-01,380.724365234375,406.6499938964844,0.0,414.3999938964844,405.6000061035156,409.79998779296875,0.0,15206240
2025-04-02,382.9713439941406,409.04998779296875,0.0,410.0,406.04998779296875,407.04998779296875,0.0,8001323
2025-04-03,383.29901123046875,409.3999938964844,0.0,410.20001220703125,406.70001220703125,407.04998779296875,0.0,7059566
2025-04-04,383.57989501953125,409.70001220703125,0.0,412.79998779296875,404.5,407.5,0.0,18627592
2025-04-07,380.16259765625,406.04998779296875,0.0,408.1000061035156,390.1499938964844,390.1499938964844,0.0,26762866
2025-04-08,386.2481689453125,412.54998779296875,0.0,415.79998779296875,407.25,411.8999938964844,0.0,18600796
2025-04-09,389.7591247558594,416.29998779296875,0.0,419.04998779296875,411.25,413.0,0.0,21785572
2025-04-11,394.6744079589844,421.54998779296875,0.0,422.45001220703125,417.0,420.0,0.0,8939356
2025-04-15,393.59771728515625,420.3999938964844,0.0,429.20001220703125,419.0,429.20001220703125,0.0,11685880
2025-04-16,397.3895568847656,424.45001220703125,0.0,426.04998779296875,418.0,418.0,0.0,13034594
2025-04-17,400.010986328125,427.25,0.0,427.8500061035156,421.54998779296875,425.0,0.0,22410217
2025-04-21,395.89154052734375,422.8500061035156,0.0,429.1000061035156,421.5,428.04998779296875,0.0,27388236
2025-04-22,405.9561767578125,433.6000061035156,0.0,434.79998779296875,423.54998779296875,425.95001220703125,0.0,32031936
2025-04-23,403.3815002441406,430.8500061035156,0.0,437.45001220703125,428.8500061035156,436.20001220703125,0.0,19566317
2025-04-24,402.6324768066406,430.04998779296875,0.0,436.04998779296875,429.29998779296875,431.8500061035156,0.0,26064089
2025-04-25,400.52593994140625,427.79998779296875,0.0,432.70001220703125,423.29998779296875,430.04998779296875,0.0,22944377
2025-04-28,401.4621887207031,428.79998779296875,0.0,430.5,424.75,426.6499938964844,0.0,6287095
2025-04-29,398.8406982421875,426.0,0.0,429.6000061035156,425.0,428.8999938964844,0.0,11189930
2025-04-30,398.6534729003906,425.79998779296875,0.0,429.29998779296875,422.0,427.3999938964844,0.0,10026546
2025-05-02,402.1175537109375,429.5,0.0,431.5,424.1000061035156,424.1000061035156,0.0,9263372
2025-05-05,409.0926208496094,436.95001220703125,0.0,438.5,429.3500061035156,430.25,0.0,11525305
2025-05-06,407.7818298339844,435.54998779296875,0.0,439.6499938964844,433.0,437.5,0.0,15026568
2025-05-07,403.6623840332031,431.1499938964844,0.0,435.0,429.70001220703125,433.3999938964844,0.0,9710361
2025-05-08,403.1474609375,430.6000061035156,0.0,431.5,423.54998779296875,429.0,0.0,19937960
2025-05-09,396.5469055175781,423.54998779296875,0.0,429.1499938964844,423.0,425.95001220703125,0.0,8226512
2025-05-12,407.73504638671875,435.5,0.0,436.20001220703125,428.1499938964844,429.5,0.0,8031891
2025-05-13,400.61956787109375,427.8999938964844,0.0,437.95001220703125,425.3500061035156,434.8999938964844,0.0,14976369
2025-05-14,401.7430725097656,429.1000061035156,0.0,431.8500061035156,425.8999938964844,427.1000061035156,0.0,9557309
2025-05-15,405.0667419433594,432.6499938964844,0.0,435.3999938964844,426.0,429.1000061035156,0.0,24263510
2025-05-16,407.9223327636719,435.70001220703125,0.0,436.20001220703125,432.1000061035156,434.8999938964844,0.0,16402035
2025-05-19,407.5946350097656,435.3500061035156,0.0,438.5,432.6499938964844,435.0,0.0,7543854
2025-05-20,407.1733093261719,434.8999938964844,0.0,440.79998779296875,432.8999938964844,437.0,0.0,9868414
2025-05-21,405.3944396972656,433.0,0.0,438.20001220703125,432.0,436.6000061035156,0.0,5776672
2025-05-22,398.934326171875,426.1000061035156,0.0,433.0,422.8999938964844,433.0,0.0,19451749
2025-05-23,408.4840393066406,436.29998779296875,0.0,439.0,429.0,434.0,0.0,18536884
2025-05-26,414.66326904296875,442.8999938964844,0.0,443.54998779296875,436.75,438.25,0.0,13107662
2025-05-27,406.2370300292969,433.8999938964844,0.0,444.20001220703125,430.8500061035156,442.8999938964844,0.0,26986022
2025-05-28,400.65911865234375,420.20001220703125,7.85,422.6000061035156,413.0,417.70001220703125,0.0,431851622
2025-05-29,399.2765197753906,418.75,0.0,422.79998779296875,416.6000061035156,422.0,0.0,21478547
2025-05-30,398.60906982421875,418.04998779296875,0.0,420.04998779296875,416.3999938964844,419.1000061035156,0.0,30656239
2025-06-02,399.8009338378906,419.29998779296875,0.0,420.45001220703125,414.54998779296875,418.29998779296875,0.0,14973380
2025-06-03,397.5602722167969,416.95001220703125,0.0,421.70001220703125,415.6499938964844,419.0,0.0,13216486
2025-06-04,397.60791015625,417.0,0.0,419.0,415.95001220703125,417.1499938964844,0.0,12598933
2025-06-05,399.6102600097656,419.1000061035156,0.0,420.95001220703125,415.75,418.5,0.0,13212523
2025-06-06,401.4695739746094,421.04998779296875,0.0,421.29998779296875,419.0,420.29998779296875,0.0,8774988
2025-06-09,403.3765563964844,423.04998779296875,0.0,423.6000061035156,420.5,422.0,0.0,10473123
2025-06-10,407.14288330078125,427.0,0.0,428.54998779296875,423.04998779296875,424.5,0.0,13041075
2025-06-11,406.3323974609375,426.1499938964844,0.0,428.1000061035156,424.8500061035156,428.0,0.0,20789182
2025-06-12,401.421875,421.0,0.0,427.20001220703125,419.54998779296875,427.0,0.0,18508835
2025-06-13,394.6520690917969,413.8999938964844,0.0,419.3500061035156,413.5,415.0,0.0,17873926
2025-06-16,398.75213623046875,418.20001220703125,0.0,418.8999938964844,413.25,414.95001220703125,0.0,7006629
2025-06-17,397.98931884765625,417.3999938964844,0.0,419.04998779296875,415.70001220703125,418.1000061035156,0.0,9028406
2025-06-18,396.5590515136719,415.8999938964844,0.0,418.45001220703125,414.8999938964844,417.0,0.0,8036215
2025-06-19,396.6544189453125,416.0,0.0,418.25,414.79998779296875,415.6499938964844,0.0,12601006
2025-06-20,399.0858154296875,418.54998779296875,0.0,419.5,416.0,416.0,0.0,13203184
2025-06-23,394.6520690917969,413.8999938964844,0.0,417.5,411.75,417.0,0.0,14839890
2025-06-24,395.0811767578125,414.3500061035156,0.0,420.6499938964844,413.75,416.8999938964844,0.0,16690068
2025-06-25,396.9881286621094,416.3500061035156,0.0,418.1499938964844,415.1000061035156,416.3999938964844,0.0,9946718
2025-06-26,400.7544250488281,420.29998779296875,0.0,420.8999938964844,416.25,417.20001220703125,0.0,13703918
2025-06-27,399.1811828613281,418.6499938964844,0.0,422.0,417.79998779296875,421.0,0.0,21409935
2025-06-30,397.08349609375,416.45001220703125,0.0,420.75,415.79998779296875,419.79998779296875,0.0,12317124
2025-07-01,395.7962646484375,415.1000061035156,0.0,418.8500061035156,414.8999938964844,417.0,0.0,13670465
2025-07-02,393.7462463378906,412.95001220703125,0.0,416.8999938964844,411.70001220703125,416.8999938964844,0.0,15990899
2025-07-03,394.1276550292969,413.3500061035156,0.0,416.0,411.25,414.0,0.0,14185298
2025-07-04,393.3648376464844,412.54998779296875,0.0,415.0,411.75,414.8999938964844,0.0,8256733
2025-07-07,396.7974548339844,416.1499938964844,0.0,417.20001220703125,412.0,413.0,0.0,6845218
2025-07-08,397.79864501953125,417.20001220703125,0.0,418.1000061035156,414.6499938964844,416.1499938964844,0.0,6807192
2025-07-09,399.9440002441406,419.45001220703125,0.0,420.29998779296875,415.45001220703125,416.20001220703125,0.0,9930533
2025-07-10,397.46490478515625,416.8500061035156,0.0,420.29998779296875,416.3999938964844,420.29998779296875,0.0,6220360
2025-07-11,397.4172058105469,416.79998779296875,0.0,418.04998779296875,415.5,417.0,0.0,8578844
2025-07-14,399.89630126953125,419.3999938964844,0.0,419.95001220703125,416.54998779296875,417.04998779296875,0.0,6896989
2025-07-15,402.47076416015625,422.1000061035156,0.0,422.3999938964844,419.0,420.8999938964844,0.0,8532755
2025-07-16,404.8544921875,424.6000061035156,0.0,425.45001220703125,420.29998779296875,422.1000061035156,0.0,9780773
2025-07-17,404.2347106933594,423.95001220703125,0.0,425.8999938964844,423.0,425.79998779296875,0.0,7240795
2025-07-18,403.09051513671875,422.75,0.0,425.20001220703125,420.1000061035156,425.20001220703125,0.0,6730256
2025-07-21,400.5637512207031,420.1000061035156,0.0,422.75,418.3999938964844,422.0,0.0,4822343
2025-07-22,396.6544189453125,416.0,0.0,420.3999938964844,415.20001220703125,420.1000061035156,0.0,9869507
2025-07-23,395.65325927734375,414.95001220703125,0.0,417.8999938964844,414.0,417.1000061035156,0.0,12196187
2025-07-24,390.8857727050781,409.95001220703125,0.0,415.8500061035156,409.45001220703125,415.8500061035156,0.0,9005157
2025-07-25,390.361328125,409.3999938964844,0.0,410.25,407.75,410.0,0.0,5824089
2025-07-28,390.8381042480469,409.8999938964844,0.0,410.8500061035156,408.6000061035156,410.79998779296875,0.0,8123337
2025-07-29,389.4555358886719,408.45001220703125,0.0,411.3999938964844,408.0,410.0,0.0,6811772
2025-07-30,388.6450500488281,407.6000061035156,0.0,409.29998779296875,405.75,409.0,0.0,10915863
2025-07-31,392.79278564453125,411.95001220703125,0.0,414.0,405.54998779296875,405.95001220703125,0.0,19364174
2025-08-01,397.08349609375,416.45001220703125,0.0,419.3500061035156,411.79998779296875,412.3999938964844,0.0,14324065
2025-08-04,397.46490478515625,416.8500061035156,0.0,422.5,415.1000061035156,420.20001220703125,0.0,18352458
2025-08-05,394.89044189453125,414.1499938964844,0.0,417.95001220703125,413.0,417.20001220703125,0.0,8495104
2025-08-06,392.8404235839844,412.0,0.0,415.0,410.5,414.1499938964844,0.0,9080543
2025-08-07,394.36602783203125,413.6000061035156,0.0,414.75,411.6499938964844,412.0,0.0,11514878
2025-08-08,395.22418212890625,414.5,0.0,415.3500061035156,412.95001220703125,413.8999938964844,0.0,9814361
2025-08-11,397.46490478515625,416.8500061035156,0.0,417.0,414.0,414.5,0.0,8514272
2025-08-12,396.9881286621094,416.3500061035156,0.0,419.79998779296875,415.29998779296875,417.0,0.0,13635738
2025-08-13,394.8427734375,414.1000061035156,0.0,417.5,413.6000061035156,417.20001220703125,0.0,10874910
2025-08-14,392.3160095214844,411.45001220703125,0.0,415.04998779296875,411.0,414.25,0.0,9580361
2025-08-18,387.4054870605469,406.29998779296875,0.0,413.70001220703125,404.8500061035156,413.0,0.0,30950814
2025-08-19,390.0752868652344,409.1000061035156,0.0,409.3999938964844,404.5,406.3500061035156,0.0,16681331
2025-08-20,387.1671142578125,406.04998779296875,0.0,410.25,405.45001220703125,409.1000061035156,0.0,18188129
2025-08-21,386.69036865234375,405.54998779296875,0.0,406.8500061035156,403.3500061035156,406.04998779296875,0.0,15028966
2025-08-22,379.7774963378906,398.29998779296875,0.0,406.5,397.5,406.0,0.0,13087624
2025-08-25,380.7787170410156,399.3500061035156,0.0,400.54998779296875,396.25,399.0,0.0,10440286
2025-08-26,384.59271240234375,403.3500061035156,0.0,405.3999938964844,398.3999938964844,399.29998779296875,0.0,13715752
2025-08-28,382.2566223144531,400.8999938964844,0.0,404.5,400.0,404.5,0.0,12471719
2025-08-29,390.695068359375,409.75,0.0,410.45001220703125,401.8999938964844,402.0,0.0,25255050
2025-09-01,386.9764404296875,405.8500061035156,0.0,410.20001220703125,405.0,409.75,0.0,12268090
2025-09-02,387.8345947265625,406.75,0.0,407.8500061035156,404.45001220703125,406.54998779296875,0.0,19808255
2025-09-03,392.60205078125,411.75,0.0,413.25,407.29998779296875,408.5,0.0,12936588
2025-09-04,396.5590515136719,415.8999938964844,0.0,427.0,415.0,423.95001220703125,0.0,27274123
2025-09-05,388.40667724609375,407.3500061035156,0.0,417.0,404.3999938964844,416.8999938964844,0.0,16000675
2025-09-08,388.5973815917969,407.54998779296875,0.0,410.54998779296875,406.79998779296875,407.45001220703125,0.0,7419022
2025-09-09,390.9811096191406,410.04998779296875,0.0,410.95001220703125,407.3999938964844,408.5,0.0,8825896
2025-09-10,393.8415832519531,413.04998779296875,0.0,413.70001220703125,408.95001220703125,411.0,0.0,9252397
2025-09-11,395.74859619140625,415.04998779296875,0.0,416.70001220703125,412.45001220703125,413.04998779296875,0.0,8274406
2025-09-12,394.509033203125,413.75,0.0,417.04998779296875,412.8500061035156,415.3500061035156,0.0,7803379
2025-09-15,393.460205078125,412.6499938964844,0.0,414.29998779296875,411.75,413.04998779296875,0.0,5707331
2025-09-16,393.8892822265625,413.1000061035156,0.0,414.3500061035156,412.0,413.20001220703125,0.0,8239087
2025-09-17,390.2659606933594,409.29998779296875,0.0,414.6000061035156,408.04998779296875,413.95001220703125,0.0,14113882
2025-09-18,392.4113464355469,411.54998779296875,0.0,413.04998779296875,410.1000061035156,411.3500061035156,0.0,15647808
2025-09-19,391.5531921386719,410.6499938964844,0.0,412.6000061035156,408.95001220703125,411.54998779296875,0.0,19505321
2025-09-22,388.0252990722656,406.95001220703125,0.0,411.0,406.04998779296875,410.6499938964844,0.0,8930779
2025-09-23,384.4496765136719,403.20001220703125,0.0,408.1000061035156,402.1000061035156,407.1000061035156,0.0,14936357
2025-09-24,382.3519592285156,401.0,0.0,404.6499938964844,400.70001220703125,403.20001220703125,0.0,12380865
2025-09-25,381.49383544921875,400.1000061035156,0.0,403.0,398.0,401.45001220703125,0.0,22006368
2025-09-26,386.26129150390625,405.1000061035156,0.0,405.8999938964844,399.79998779296875,400.1000061035156,0.0,14414044
2025-09-29,388.3113098144531,407.25,0.0,408.0,403.20001220703125,406.8999938964844,0.0,19717660
2025-09-30,382.8763732910156,401.54998779296875,0.0,406.75,400.3999938964844,406.75,0.0,9465490
2025-10-01,386.7380676269531,405.6000061035156,0.0,406.0,399.75,402.3500061035156,0.0,17643039
2025-10-03,385.4985046386719,404.29998779296875,0.0,405.5,402.29998779296875,404.8999938964844,0.0,16987141
2025-10-06,382.11358642578125,400.75,0.0,403.8999938964844,399.79998779296875,403.0,0.0,13989077
2025-10-07,381.2077941894531,399.79998779296875,0.0,402.6000061035156,399.5,402.5,0.0,12298968
2025-10-08,381.16009521484375,399.75,0.0,401.75,398.0,400.0,0.0,8402463
2025-10-09,381.3031005859375,399.8999938964844,0.0,401.3999938964844,398.95001220703125,399.0,0.0,15656267
2025-10-10,384.0682678222656,402.79998779296875,0.0,403.8500061035156,399.5,400.45001220703125,0.0,15085738
2025-10-13,380.683349609375,399.25,0.0,400.95001220703125,398.54998779296875,400.0,0.0,9508594
2025-10-14,378.3472595214844,396.79998779296875,0.0,400.8500061035156,396.20001220703125,400.0,0.0,10291102
2025-10-15,381.3031005859375,399.8999938964844,0.0,400.8500061035156,397.25,398.0,0.0,16043867
2025-10-16,386.3089904785156,405.1499938964844,0.0,406.0,399.54998779296875,401.0,0.0,22962049
2025-10-17,392.9834289550781,412.1499938964844,0.0,413.8500061035156,405.25,405.3500061035156,0.0,21071344
2025-10-20,393.8415832519531,413.04998779296875,0.0,414.8500061035156,411.29998779296875,412.54998779296875,0.0,13083621
2025-10-21,393.6509094238281,412.8500061035156,0.0,413.95001220703125,412.3500061035156,413.5,0.0,1142130
2025-10-23,396.60675048828125,415.95001220703125,0.0,420.45001220703125,413.54998779296875,416.0,0.0,24305990
2025-10-24,397.4172058105469,416.79998779296875,0.0,417.95001220703125,413.45001220703125,415.95001220703125,0.0,14935678
2025-10-27,401.0881652832031,420.6499938964844,0.0,422.70001220703125,416.6000061035156,417.0,0.0,11603679
2025-10-28,398.466064453125,417.8999938964844,0.0,421.6499938964844,415.8999938964844,420.5,0.0,17163147
2025-10-29,401.9940185546875,421.6000061035156,0.0,422.20001220703125,416.04998779296875,418.20001220703125,0.0,11470661
2025-10-30,399.2765197753906,418.75,0.0,421.70001220703125,416.1499938964844,421.6000061035156,0.0,12938674
2025-10-31,400.8021545410156,420.3500061035156,0.0,426.3999938964844,418.20001220703125,420.5,0.0,18599864
2025-11-03,394.69976806640625,413.95001220703125,0.0,421.6499938964844,413.29998779296875,419.95001220703125,0.0,7635440
2025-11-04,389.88458251953125,408.8999938964844,0.0,414.5,408.3500061035156,414.0,0.0,10085404
2025-11-06,388.5496826171875,407.5,0.0,413.29998779296875,406.54998779296875,410.0,0.0,10095563
2025-11-07,385.2601318359375,404.04998779296875,0.0,409.1000061035156,403.1000061035156,406.04998779296875,0.0,8411611
2025-11-10,386.69036865234375,405.54998779296875,0.0,407.1000061035156,403.6499938964844,404.04998779296875,0.0,6650003
2025-11-11,387.929931640625,406.8500061035156,0.0,408.04998779296875,404.6000061035156,406.0,0.0,12005318
2025-11-12,388.07293701171875,407.0,0.0,408.1000061035156,405.54998779296875,408.0,0.0,7987236
2025-11-13,386.83343505859375,405.70001220703125,0.0,407.5,404.5,407.0,0.0,6617185
2025-11-14,389.1694641113281,408.1499938964844,0.0,408.75,400.1000061035156,404.70001220703125,0.0,64020258
2025-11-17,388.1683044433594,407.1000061035156,0.0,412.0,406.0,409.75,0.0,7855399
2025-11-18,386.9764404296875,405.8500061035156,0.0,409.79998779296875,404.54998779296875,408.25,0.0,7661681
2025-11-19,384.78338623046875,403.54998779296875,0.0,405.54998779296875,402.79998779296875,404.8500061035156,0.0,7882450
2025-11-20,386.59503173828125,405.45001220703125,0.0,407.0,403.25,403.54998779296875,0.0,6693410
2025-11-21,388.8834228515625,407.8500061035156,0.0,408.5,404.70001220703125,405.0,0.0,5808131
2025-11-24,384.78338623046875,403.54998779296875,0.0,408.79998779296875,402.8500061035156,408.3999938964844,0.0,11037491
2025-11-25,382.1612548828125,400.79998779296875,0.0,404.5,400.1000061035156,403.54998779296875,0.0,8199785
2025-11-26,383.5915222167969,402.29998779296875,0.0,403.95001220703125,400.95001220703125,401.0,0.0,11443953
2025-11-27,385.4985046386719,404.29998779296875,0.0,405.95001220703125,402.1000061035156,403.5,0.0,8679529
2025-11-28,385.4508361816406,404.25,0.0,405.0,402.5,404.29998779296875,0.0,6883500
2025-12-01,385.4508361816406,404.25,0.0,405.5,398.20001220703125,402.79998779296875,0.0,13442658
2025-12-02,382.3043212890625,400.95001220703125,0.0,405.5,400.5,404.25,0.0,8093808
2025-12-03,381.875244140625,400.5,0.0,402.20001220703125,398.8500061035156,401.70001220703125,0.0,10772192
2025-12-04,384.3066101074219,403.04998779296875,0.0,403.54998779296875,399.04998779296875,400.1000061035156,0.0,8057989
2025-12-05,386.1182861328125,404.95001220703125,0.0,405.3500061035156,402.0,403.04998779296875,0.0,4419747
2025-12-08,383.5915222167969,402.29998779296875,0.0,405.25,400.54998779296875,404.95001220703125,0.0,6056866
2025-12-09,382.399658203125,401.04998779296875,0.0,404.5,400.0,402.0,0.0,9426717
2025-12-10,384.4019775390625,403.1499938964844,0.0,404.3999938964844,401.0,401.1000061035156,0.0,6969146
2025-12-11,384.1636047363281,402.8999938964844,0.0,404.0,401.1000061035156,403.1499938964844,0.0,6980147
2025-12-12,381.49383544921875,400.1000061035156,0.0,404.0,399.8500061035156,402.8999938964844,0.0,12407516
2025-12-15,383.5915222167969,402.29998779296875,0.0,403.3500061035156,399.5,400.1000061035156,0.0,7756564
2025-12-16,383.0194091796875,401.70001220703125,0.0,405.75,401.04998779296875,401.3999938964844,0.0,12347384
2025-12-17,381.2077941894531,399.79998779296875,0.0,403.1000061035156,399.1000061035156,401.0,0.0,8087490
2025-12-18,381.7798767089844,400.3999938964844,0.0,401.95001220703125,399.8500061035156,400.0,0.0,7227668
2025-12-19,382.399658203125,401.04998779296875,0.0,402.6499938964844,400.25,400.25,0.0,10654835
2025-12-22,383.9729309082031,402.70001220703125,0.0,403.6499938964844,401.20001220703125,401.6000061035156,0.0,6847871
2025-12-23,388.40667724609375,407.3500061035156,0.0,408.8999938964844,401.79998779296875,402.5,0.0,10081997
2025-12-24,387.6915588378906,406.6000061035156,0.0,409.5,405.6499938964844,407.95001220703125,0.0,5777430
2025-12-26,385.3554992675781,404.1499938964844,0.0,407.1499938964844,403.8500061035156,406.5,0.0,3152453
2025-12-29,383.8775634765625,402.6000061035156,0.0,404.79998779296875,401.45001220703125,404.1000061035156,0.0,6647710
2025-12-30,381.9705810546875,400.6000061035156,0.0,403.45001220703125,400.29998779296875,403.0,0.0,12340527
2025-12-31,384.25897216796875,403.0,0.0,403.75,400.8500061035156,401.1000061035156,0.0,9945109
2026-01-01,346.9295959472656,363.8500061035156,0.0,402.70001220703125,362.70001220703125,402.70001220703125,0.0,282626710
2026-01-02,333.77130126953125,350.04998779296875,0.0,360.0,345.25,360.0,0.0,118790358
2026-01-05,333.4376220703125,349.70001220703125,0.0,353.95001220703125,346.04998779296875,350.20001220703125,0.0,48358124
2026-01-06,326.5248107910156,342.45001220703125,0.0,350.70001220703125,337.75,350.25,0.0,72582738
2026-01-07,325.3805847167969,341.25,0.0,344.54998779296875,339.29998779296875,343.0,0.0,29440734
2026-01-08,325.0468444824219,340.8999938964844,0.0,345.1499938964844,339.04998779296875,341.5,0.0,36706319
2026-01-09,321.47125244140625,337.1499938964844,0.0,341.0,336.1000061035156,340.8999938964844,0.0,35193201
2026-01-12,322.6631164550781,338.3999938964844,0.0,339.5,335.79998779296875,338.25,0.0,16156143
2026-01-13,319.13519287109375,334.70001220703125,0.0,339.5,333.70001220703125,339.0,0.0,24922339
2026-01-14,319.182861328125,334.75,0.0,336.0,333.45001220703125,336.0,0.0,14913422
2026-01-15,319.182861328125,334.75,0.0,334.75,334.75,334.75,0.0,0
2026-01-16,313.8909606933594,329.20001220703125,0.0,337.5,328.54998779296875,337.5,0.0,30526898
2026-01-19,317.7049255371094,333.20001220703125,0.0,334.6499938964844,327.29998779296875,330.0,0.0,15507440
2026-01-20,311.12579345703125,326.29998779296875,0.0,334.5,325.5,334.04998779296875,0.0,18771011
2026-01-21,309.64788818359375,324.75,0.0,329.29998779296875,324.3500061035156,326.0,0.0,14177965
2026-01-22,309.7432556152344,324.8500061035156,0.0,328.70001220703125,321.04998779296875,326.1000061035156,0.0,18622852
2026-01-23,308.36065673828125,323.3999938964844,0.0,326.3999938964844,322.70001220703125,325.54998779296875,0.0,11950089
2026-01-27,303.83154296875,318.6499938964844,0.0,324.70001220703125,317.8500061035156,323.6000061035156,0.0,47847784
2026-01-28,306.2153015136719,321.1499938964844,0.0,323.70001220703125,319.3500061035156,319.95001220703125,0.0,28400238
2026-01-29,303.7839050292969,318.6000061035156,0.0,322.6000061035156,318.04998779296875,322.6000061035156,0.0,17719420
2026-01-30,307.1687927246094,322.1499938964844,0.0,325.1499938964844,316.45001220703125,318.79998779296875,0.0,41975824
2026-02-02,300.06524658203125,314.70001220703125,0.0,315.3999938964844,302.0,309.45001220703125,0.0,35227572
2026-02-03,301.924560546875,316.6499938964844,0.0,324.75,311.6000061035156,321.20001220703125,0.0,33168353
2026-02-04,305.5264587402344,313.8500061035156,6.5,314.95001220703125,311.3500061035156,312.5,0.0,11196759
2026-02-05,301.9732666015625,310.20001220703125,0.0,315.3500061035156,309.29998779296875,313.95001220703125,0.0,15816704
2026-02-06,317.1595153808594,325.79998779296875,0.0,327.70001220703125,308.29998779296875,310.0,0.0,68057745
2026-02-09,314.23907470703125,322.79998779296875,0.0,328.70001220703125,321.6499938964844,327.95001220703125,0.0,20059198
2026-02-10,312.876220703125,321.3999938964844,0.0,323.54998779296875,320.75,323.0,0.0,11489090
2026-02-11,309.80975341796875,318.25,0.0,322.20001220703125,316.29998779296875,321.95001220703125,0.0,24843366
2026-02-12,309.0309753417969,317.45001220703125,0.0,320.3999938964844,316.8999938964844,317.29998779296875,0.0,13294561
2026-02-13,305.4291076660156,313.75,0.0,318.3999938964844,313.25,316.0,0.0,8730618
2026-02-16,309.5177307128906,317.95001220703125,0.0,318.25,313.1499938964844,313.75,0.0,11693763
2026-02-17,316.8188171386719,325.45001220703125,0.0,328.04998779296875,318.1499938964844,318.45001220703125,0.0,39360672
2026-02-18,323.6331787109375,332.45001220703125,0.0,332.95001220703125,324.79998779296875,326.0,0.0,35473203
2026-02-19,317.3542175292969,326.0,0.0,334.25,325.0,334.04998779296875,0.0,19911747
2026-02-20,318.32769775390625,327.0,0.0,327.8500061035156,325.04998779296875,325.04998779296875,0.0,11282027
2026-02-23,316.7701416015625,325.3999938964844,0.0,328.1000061035156,324.3999938964844,327.0,0.0,13486092
2026-02-24,314.9205322265625,323.5,0.0,325.3999938964844,322.04998779296875,324.0,0.0,13135859
2026-02-25,311.2699890136719,319.75,0.0,326.6000061035156,318.1000061035156,325.5,0.0,13492101
2026-02-26,309.8584289550781,318.29998779296875,0.0,321.3999938964844,317.6000061035156,320.0,0.0,11270119
2026-02-27,305.2830810546875,313.6000061035156,0.0,317.75,312.6499938964844,316.0,0.0,13892595
2026-03-02,306.548583984375,314.8999938964844,0.0,315.75,307.0,307.0,0.0,22194311
2026-03-04,303.6768493652344,311.95001220703125,0.0,315.5,310.5,310.6000061035156,0.0,24165489
2026-03-05,303.23876953125,311.5,0.0,313.6000061035156,308.20001220703125,312.20001220703125,0.0,19938009
2026-03-06,301.48651123046875,309.70001220703125,0.0,312.29998779296875,309.20001220703125,310.04998779296875,0.0,21288269
2026-03-09,297.8846435546875,306.0,0.0,307.20001220703125,303.6000061035156,305.0,0.0,14084931
2026-03-10,300.8537292480469,309.04998779296875,0.0,310.0,303.75,309.0,0.0,18352950
2026-03-11,300.8050842285156,309.0,0.0,310.6499938964844,307.70001220703125,309.04998779296875,0.0,14842485
2026-03-12,296.0350341796875,304.1000061035156,0.0,308.0,302.8500061035156,307.04998779296875,0.0,23319679
2026-03-13,293.455322265625,301.45001220703125,0.0,306.0,300.6499938964844,304.0,0.0,25659996
2026-03-16,300.0749816894531,308.25,0.0,309.45001220703125,302.0,302.54998779296875,0.0,37472204
2026-03-17,296.76513671875,304.8500061035156,0.0,309.95001220703125,304.04998779296875,309.95001220703125,0.0,25649286
2026-03-18,295.986328125,304.04998779296875,0.0,306.95001220703125,303.5,305.8999938964844,0.0,16702554
2026-03-19,290.0968017578125,298.0,0.0,305.5,297.1000061035156,301.5,0.0,17851126
2026-03-20,291.9950866699219,299.95001220703125,0.0,308.75,298.1499938964844,301.04998779296875,0.0,58679529
2026-03-23,282.7470397949219,290.45001220703125,0.0,299.0,289.54998779296875,298.8999938964844,0.0,31788160
2026-03-24,283.52581787109375,291.25,0.0,296.0,288.75,295.95001220703125,0.0,33335721
2026-03-25,287.8578186035156,295.70001220703125,0.0,298.5,292.25,292.70001220703125,0.0,26184716
2026-03-27,286.88433837890625,294.70001220703125,0.0,296.8500061035156,291.54998779296875,294.70001220703125,0.0,22179022
2026-03-30,280.0699768066406,287.70001220703125,0.0,294.45001220703125,287.0,293.6000061035156,0.0,24586921
2026-04-01,283.9638977050781,291.70001220703125,0.0,294.45001220703125,290.8999938964844,293.0,0.0,18604340
2026-04-02,285.0834045410156,292.8500061035156,0.0,293.6499938964844,288.3999938964844,290.25,0.0,18082775
2026-04-06,287.0303649902344,294.8500061035156,0.0,295.3500061035156,290.25,293.0,0.0,18047063
2026-04-07,290.5348815917969,298.45001220703125,0.0,299.0,292.75,294.1499938964844,0.0,26963485
2026-04-08,294.4288024902344,302.45001220703125,0.0,304.6000061035156,301.54998779296875,303.8999938964844,0.0,22310207
2026-04-09,294.9642028808594,303.0,0.0,304.3999938964844,301.25,301.5,0.0,17691477
2026-04-10,296.1810607910156,304.25,0.0,305.3999938964844,302.6000061035156,303.0,0.0,17744386
2026-04-13,290.72955322265625,298.6499938964844,0.0,301.45001220703125,298.1000061035156,300.0,0.0,16522014
2026-04-15,294.0393981933594,302.04998779296875,0.0,304.0,300.54998779296875,300.70001220703125,0.0,18701403
2026-04-16,295.35357666015625,303.3999938964844,0.0,305.3500061035156,301.8500061035156,302.95001220703125,0.0,16512053
2026-04-17,298.6634216308594,306.79998779296875,0.0,309.95001220703125,303.8500061035156,303.8500061035156,0.0,35111203
2026-04-20,296.9111633300781,305.0,0.0,307.95001220703125,304.45001220703125,307.0,0.0,13540471
2026-04-21,301.4378356933594,309.6499938964844,0.0,311.1000061035156,304.54998779296875,305.0,0.0,24411865
2026-04-22,297.39788818359375,305.5,0.0,310.54998779296875,305.1000061035156,310.0,0.0,24500511
2026-04-23,297.20318603515625,305.29998779296875,0.0,306.3500061035156,303.25,304.0,0.0,10701849
2026-04-24,293.6013488769531,301.6000061035156,0.0,306.6499938964844,301.1000061035156,306.6499938964844,0.0,17011704
2026-04-27,295.7916564941406,303.8500061035156,0.0,305.6499938964844,302.8500061035156,303.6499938964844,0.0,14382348
2026-04-28,296.3757629394531,304.45001220703125,0.0,305.79998779296875,302.54998779296875,304.3999938964844,0.0,12907339
2026-04-29,307.86279296875,316.25,0.0,317.5,305.1000061035156,305.1000061035156,0.0,31199038
2026-04-30,306.548583984375,314.8999938964844,0.0,317.5,313.29998779296875,316.25,0.0,11541956
2026-05-01,306.548583984375,314.8999938964844,0.0,314.8999938964844,314.8999938964844,314.8999938964844,0.0,0
2026-05-04,302.8493957519531,311.1000061035156,0.0,317.8999938964844,310.5,317.8999938964844,0.0,20245091
2026-05-05,303.19012451171875,311.45001220703125,0.0,313.70001220703125,309.6499938964844,311.1000061035156,0.0,26795704
2026-05-06,302.4599914550781,310.70001220703125,0.0,313.6000061035156,309.25,312.79998779296875,0.0,20287609
2026-05-07,299.24749755859375,307.3999938964844,0.0,311.6499938964844,307.0,311.45001220703125,0.0,25718615
2026-05-08,299.29620361328125,307.45001220703125,0.0,308.8999938964844,305.70001220703125,308.8999938964844,0.0,17739844
2026-05-11,297.7386169433594,305.8500061035156,0.0,308.0,305.1499938964844,307.0,0.0,14968661
2026-05-12,292.7252197265625,300.70001220703125,0.0,306.25,300.1000061035156,305.3500061035156,0.0,15968338
2026-05-13,296.3757629394531,304.45001220703125,0.0,305.79998779296875,301.04998779296875,302.0,0.0,13024778
2026-05-14,299.0528259277344,307.20001220703125,0.0,309.20001220703125,304.8500061035156,305.0,0.0,11113377
2026-05-15,301.2431640625,309.45001220703125,0.0,312.04998779296875,306.29998779296875,307.20001220703125,0.0,11954564
2026-05-18,301.924560546875,310.1499938964844,0.0,312.29998779296875,306.5,309.45001220703125,0.0,14422870
2026-05-19,302.0705871582031,310.29998779296875,0.0,314.25,308.3500061035156,311.95001220703125,0.0,17519355
2026-05-20,299.3935241699219,307.54998779296875,0.0,309.6499938964844,306.20001220703125,309.0,0.0,12127920
2026-05-21,299.8802490234375,308.04998779296875,0.0,311.29998779296875,305.79998779296875,309.8500061035156,0.0,21868988
2026-05-22,293.6986999511719,301.70001220703125,0.0,307.0,301.0,305.8999938964844,0.0,30751752
2026-05-25,295.8890075683594,303.95001220703125,0.0,305.5,302.3500061035156,303.95001220703125,0.0,15734247
2026-05-26,293.6499938964844,301.6499938964844,0.0,304.3999938964844,301.1000061035156,304.3500061035156,0.0,37560542
2026-05-27,291.95001220703125,291.95001220703125,8.0,296.3500061035156,291.04998779296875,295.6499938964844,0.0,25446093
2026-05-28,291.95001220703125,291.95001220703125,0.0,291.95001220703125,291.95001220703125,291.95001220703125,0.0,0
2026-05-29,286.8999938964844,286.8999938964844,0.0,292.3999938964844,285.8999938964844,292.0,0.0,31930439
2026-06-01,279.6499938964844,279.6499938964844,0.0,288.54998779296875,278.29998779296875,287.79998779296875,0.0,23477875
2026-06-02,283.25,283.25,0.0,283.6000061035156,277.1000061035156,279.5,0.0,20206131
2026-06-03,277.0,277.0,0.0,282.3500061035156,275.20001220703125,282.3500061035156,0.0,28001438
2026-06-04,280.29998779296875,280.29998779296875,0.0,280.6499938964844,275.04998779296875,277.0,0.0,22017634
2026-06-05,280.70001220703125,280.70001220703125,0.0,281.3999938964844,277.8500061035156,280.0,0.0,16065822
2026-06-08,279.45001220703125,279.45001220703125,0.0,283.45001220703125,276.95001220703125,279.0,0.0,15779677
2026-06-09,280.0,280.0,0.0,281.70001220703125,277.1499938964844,281.70001220703125,0.0,12302522
2026-06-10,283.6499938964844,283.6499938964844,0.0,285.8500061035156,278.6499938964844,280.0,0.0,19823743
2026-06-11,282.3999938964844,282.3999938964844,0.0,283.25,281.20001220703125,283.0,0.0,12603100
2026-06-12,285.1000061035156,285.1000061035156,0.0,285.8500061035156,283.0,283.54998779296875,0.0,12893433
2026-06-15,287.8999938964844,287.8999938964844,0.0,288.8500061035156,286.70001220703125,287.0,0.0,11194950
2026-06-16,291.6499938964844,291.6499938964844,0.0,292.1499938964844,287.5,288.1499938964844,0.0,14467499
2026-06-17,290.75,290.75,0.0,292.3500061035156,290.0,291.95001220703125,0.0,8626353
2026-06-18,291.1499938964844,291.1499938964844,0.0,291.8999938964844,288.0,291.04998779296875,0.0,10409670
2026-06-19,292.5,292.5,0.0,294.54998779296875,288.3999938964844,289.79998779296875,0.0,13874008
2026-06-22,291.25,291.25,0.0,293.95001220703125,290.04998779296875,292.79998779296875,0.0,9947873
2026-06-23,290.0,290.0,0.0,293.1499938964844,289.6499938964844,291.25,0.0,9410364
2026-06-24,290.3500061035156,290.3500061035156,0.0,291.3999938964844,289.45001220703125,290.0,0.0,6218635
2026-06-25,290.0,290.0,0.0,292.25,289.20001220703125,290.3500061035156,0.0,11230239
2026-06-26,290.0,290.0,0.0,290.0,290.0,290.0,0.0,0
2026-06-29,290.70001220703125,290.70001220703125,0.0,291.8999938964844,289.3500061035156,290.45001220703125,0.0,10110022
2026-06-30,286.95001220703125,286.95001220703125,0.0,291.6000061035156,285.5,291.5,0.0,18180676
