Date,Adj Close,Close,Dividends,High,Low,Open,Stock Splits,Volume
2016-01-01,2656.311767578125,2824.0,0.0,2827.14990234375,2768.0,2774.0,0.0,85696
2016-01-04,2585.90673828125,2749.14990234375,0.0,2828.85009765625,2730.0,2810.10009765625,0.0,461333
2016-01-05,2570.76220703125,2733.050048828125,0.0,2775.0,2715.0,2768.0,0.0,333346
2016-01-06,2572.87890625,2735.300048828125,0.0,2750.0,2721.5,2733.0,0.0,448118
2016-01-07,2509.29296875,2667.699951171875,0.0,2714.050048828125,2651.35009765625,2700.0,0.0,498597
2016-01-08,2544.56640625,2705.199951171875,0.0,2715.5,2636.199951171875,2677.0,0.0,202636
2016-01-11,2564.883544921875,2726.800048828125,0.0,2738.0,2652.0,2680.0,0.0,180863
2016-01-12,2511.503173828125,2670.050048828125,0.0,2731.949951171875,2658.300048828125,2731.14990234375,0.0,256890
2016-01-13,2524.954345703125,2684.35009765625,0.0,2709.050048828125,2608.800048828125,2695.0,0.0,442587
2016-01-14,2470.821533203125,2626.800048828125,0.0,2658.85009765625,2605.0,2631.0,0.0,494491
2016-01-15,2462.732177734375,2618.199951171875,0.0,2643.699951171875,2581.0,2634.949951171875,0.0,215896
2016-01-18,2484.2724609375,2641.10009765625,0.0,2650.0,2579.0,2639.0,0.0,239244
2016-01-19,2482.0146484375,2638.699951171875,0.0,2655.0,2615.89990234375,2645.0,0.0,246472
2016-01-20,2462.21484375,2617.64990234375,0.0,2695.0,2580.0,2610.0,0.0,770115
2016-01-21,2535.0185546875,2695.050048828125,0.0,2714.0,2647.10009765625,2670.0,0.0,420642
2016-01-22,2552.279052734375,2713.39990234375,0.0,2740.0,2680.0,2680.0,0.0,164618
2016-01-25,2587.129150390625,2750.449951171875,0.0,2770.0,2726.0,2756.89990234375,0.0,157504
2016-01-27,2588.164306640625,2751.550048828125,0.0,2784.89990234375,2740.0,2767.0,0.0,289692
2016-01-28,2581.720947265625,2744.699951171875,0.0,2771.949951171875,2718.449951171875,2764.5,0.0,477032
2016-01-29,2671.4560546875,2840.10009765625,0.0,2852.300048828125,2737.800048828125,2751.0,0.0,325766
2016-02-01,2651.890869140625,2819.300048828125,0.0,2860.550048828125,2802.0,2860.0,0.0,240216
2016-02-02,2636.276611328125,2802.699951171875,0.0,2856.0,2780.35009765625,2820.0,0.0,201113
2016-02-03,2604.625244140625,2769.050048828125,0.0,2806.050048828125,2750.199951171875,2755.0,0.0,135537
2016-02-04,2605.0947265625,2769.550048828125,0.0,2812.300048828125,2755.25,2775.199951171875,0.0,103058
2016-02-05,2673.9482421875,2842.75,0.0,2849.949951171875,2781.25,2785.0,0.0,127269
2016-02-08,2654.00732421875,2821.550048828125,0.0,2875.60009765625,2803.300048828125,2849.949951171875,0.0,109649
2016-02-09,2601.991455078125,2766.25,0.0,2847.449951171875,2755.39990234375,2804.0,0.0,239790
2016-02-10,2631.76171875,2797.89990234375,0.0,2821.60009765625,2758.0,2778.0,0.0,192610
2016-02-11,2556.51171875,2717.89990234375,0.0,2829.0,2690.35009765625,2808.0,0.0,314257
2016-02-12,2603.40185546875,2767.75,0.0,2793.0,2680.0,2734.699951171875,0.0,704831
2016-02-15,2635.947265625,2802.35009765625,0.0,2864.89990234375,2774.89990234375,2775.89990234375,0.0,182856
2016-02-16,2622.073486328125,2787.60009765625,0.0,2838.949951171875,2780.35009765625,2830.0,0.0,250725
2016-02-17,2611.6796875,2776.550048828125,0.0,2805.0,2740.10009765625,2805.0,0.0,110858
2016-02-18,2629.12841796875,2795.10009765625,0.0,2827.0,2771.14990234375,2799.0,0.0,211883
2016-02-19,2675.783203125,2844.699951171875,0.0,2850.0,2775.0,2809.0,0.0,225185
2016-02-22,2749.52734375,2923.10009765625,0.0,2930.0,2847.0,2849.0,0.0,291684
2016-02-23,2649.1162109375,2816.35009765625,0.0,2936.449951171875,2808.75,2929.89990234375,0.0,233126
2016-02-24,2631.244140625,2797.35009765625,0.0,2842.39990234375,2781.39990234375,2815.699951171875,0.0,201881
2016-02-25,2614.077880859375,2779.10009765625,0.0,2841.10009765625,2765.60009765625,2805.0,0.0,185621
2016-02-26,2606.412109375,2770.949951171875,0.0,2835.0,2750.0,2804.0,0.0,483142
2016-02-29,2604.201416015625,2768.60009765625,0.0,2840.0,2690.050048828125,2810.0,0.0,521499
2016-03-01,2713.972412109375,2885.300048828125,0.0,2913.0,2772.949951171875,2780.0,0.0,357466
2016-03-02,2796.46435546875,2973.0,0.0,3003.0,2900.550048828125,2920.0,0.0,481863
2016-03-03,2769.42138671875,2944.25,0.0,3010.0,2936.10009765625,3000.0,0.0,376438
2016-03-04,2734.289306640625,2906.89990234375,0.0,2963.800048828125,2895.300048828125,2949.0,0.0,184854
2016-03-08,2774.830322265625,2950.0,0.0,2955.0,2909.300048828125,2919.0,0.0,365340
2016-03-09,2813.959716796875,2991.60009765625,0.0,3000.949951171875,2950.050048828125,2958.89990234375,0.0,482513
2016-03-10,2819.744873046875,2997.75,0.0,3020.0,2983.0,3011.699951171875,0.0,474446
2016-03-11,2816.640625,2994.449951171875,0.0,3009.0,2971.550048828125,2995.0,0.0,306081
2016-03-14,2829.668212890625,3008.300048828125,0.0,3024.949951171875,2982.699951171875,3006.300048828125,0.0,287658
2016-03-15,2812.078857421875,2989.60009765625,0.0,3008.60009765625,2985.0,3001.75,0.0,381974
2016-03-16,2791.996337890625,2968.25,0.0,2999.60009765625,2955.0,2995.10009765625,0.0,257333
2016-03-17,2849.139404296875,3029.0,0.0,3047.050048828125,2980.800048828125,2990.10009765625,0.0,475504
2016-03-18,2925.94091796875,3110.64990234375,0.0,3117.699951171875,3045.0,3049.0,0.0,474484
2016-03-21,3037.733154296875,3229.5,0.0,3244.60009765625,3111.050048828125,3111.050048828125,0.0,624652
2016-03-22,3019.767578125,3210.39990234375,0.0,3239.0,3185.10009765625,3235.0,0.0,658718
2016-03-23,3008.527099609375,3198.449951171875,0.0,3265.0,3186.949951171875,3216.89990234375,0.0,352003
2016-03-28,2988.303466796875,3176.949951171875,0.0,3231.199951171875,3155.050048828125,3205.0,0.0,494567
2016-03-29,2950.02099609375,3136.25,0.0,3194.85009765625,3116.10009765625,3174.0,0.0,277583
2016-03-30,2995.029541015625,3184.10009765625,0.0,3223.800048828125,3165.0,3179.89990234375,0.0,403804
2016-03-31,3037.0283203125,3228.75,0.0,3254.89990234375,3182.10009765625,3221.800048828125,0.0,699027
2016-04-01,3013.46533203125,3203.699951171875,0.0,3260.0,3190.0,3249.0,0.0,274734
2016-04-04,2982.56640625,3170.85009765625,0.0,3229.699951171875,3159.5,3229.699951171875,0.0,131242
2016-04-05,2916.29931640625,3100.39990234375,0.0,3174.949951171875,3097.0,3151.85009765625,0.0,226138
2016-04-06,2999.26220703125,3188.60009765625,0.0,3200.0,3092.5,3123.699951171875,0.0,327031
2016-04-07,2951.149169921875,3137.449951171875,0.0,3228.0,3126.050048828125,3200.0,0.0,186699
2016-04-08,2971.2783203125,3158.85009765625,0.0,3200.0,3130.050048828125,3150.0,0.0,310290
2016-04-11,2965.023193359375,3152.199951171875,0.0,3190.0,3140.39990234375,3159.0,0.0,258469
2016-04-12,2978.38037109375,3166.39990234375,0.0,3198.699951171875,3140.0,3140.0,0.0,274896
2016-04-13,3079.30859375,3273.699951171875,0.0,3314.89990234375,3190.199951171875,3194.5,0.0,593207
2016-04-18,3203.423583984375,3405.64990234375,0.0,3417.199951171875,3235.0,3276.89990234375,0.0,511243
2016-04-20,3166.6455078125,3366.550048828125,0.0,3454.89990234375,3353.25,3420.0,0.0,257450
2016-04-21,3070.184814453125,3264.0,0.0,3411.10009765625,3244.0,3385.0,0.0,186815
2016-04-22,3076.863525390625,3271.10009765625,0.0,3319.800048828125,3202.800048828125,3250.10009765625,0.0,302304
2016-04-25,3081.66064453125,3276.199951171875,0.0,3327.60009765625,3256.85009765625,3288.0,0.0,710273
2016-04-26,3072.11279296875,3266.050048828125,0.0,3298.449951171875,3251.25,3293.300048828125,0.0,292028
2016-04-27,3002.272216796875,3191.800048828125,0.0,3269.25,3185.35009765625,3251.10009765625,0.0,349837
2016-04-28,2981.060791015625,3169.25,0.0,3228.14990234375,3152.449951171875,3203.89990234375,0.0,352944
2016-04-29,2973.723876953125,3161.449951171875,0.0,3197.0,3150.0,3185.0,0.0,223901
2016-05-02,2987.504150390625,3176.10009765625,0.0,3197.0,3137.300048828125,3170.60009765625,0.0,151083
2016-05-03,3024.094482421875,3215.0,0.0,3245.300048828125,3182.199951171875,3195.0,0.0,328289
2016-05-04,2994.60595703125,3183.64990234375,0.0,3205.0,3172.0,3172.0,0.0,127389
2016-05-05,2933.795166015625,3119.0,0.0,3199.699951171875,3108.0,3199.699951171875,0.0,281986
2016-05-06,2915.8291015625,3099.89990234375,0.0,3131.949951171875,3062.050048828125,3120.0,0.0,237698
2016-05-09,2977.768798828125,3165.75,0.0,3177.949951171875,3100.0,3100.0,0.0,305142
2016-05-10,2977.768798828125,3165.75,0.0,3187.449951171875,3136.949951171875,3161.89990234375,0.0,179063
2016-05-11,3009.138671875,3199.10009765625,0.0,3223.64990234375,3116.35009765625,3151.0,0.0,242607
2016-05-12,3035.946533203125,3227.60009765625,0.0,3232.89990234375,3196.449951171875,3199.0,0.0,173469
2016-05-13,2964.50634765625,3151.64990234375,0.0,3223.10009765625,3135.0,3201.0,0.0,157308
2016-05-16,2983.36572265625,3171.699951171875,0.0,3180.0,3145.10009765625,3160.14990234375,0.0,137464
2016-05-17,3059.60302734375,3252.75,0.0,3269.5,3180.25,3180.25,0.0,329146
2016-05-18,3032.18359375,3223.60009765625,0.0,3268.0,3210.25,3268.0,0.0,219110
2016-05-19,3000.10888671875,3189.5,0.0,3223.449951171875,3176.0,3218.0,0.0,132005
2016-05-20,2947.904541015625,3134.0,0.0,3203.050048828125,3121.050048828125,3189.25,0.0,126001
2016-05-23,2936.992919921875,3122.39990234375,0.0,3156.60009765625,3110.10009765625,3136.39990234375,0.0,127994
2016-05-24,2985.952392578125,3174.449951171875,0.0,3181.449951171875,3110.300048828125,3120.10009765625,0.0,121407
2016-05-25,3018.87451171875,3209.449951171875,0.0,3212.050048828125,3181.25,3195.10009765625,0.0,289001
2016-05-26,3022.824462890625,3213.64990234375,0.0,3229.0,3195.10009765625,3209.449951171875,0.0,319159
2016-05-27,3055.417236328125,3248.300048828125,0.0,3255.0,3216.0,3216.0,0.0,234528
2016-05-30,3021.4609375,3212.199951171875,0.0,3257.10009765625,3192.050048828125,3257.10009765625,0.0,177145
2016-05-31,3035.099853515625,3226.699951171875,0.0,3249.60009765625,3206.75,3222.0,0.0,237511
2016-06-01,3036.5576171875,3228.25,0.0,3259.75,3207.85009765625,3226.699951171875,0.0,124069
2016-06-02,3040.978515625,3232.949951171875,0.0,3244.800048828125,3206.5,3230.0,0.0,100251
2016-06-03,2999.873291015625,3189.25,0.0,3254.64990234375,3183.300048828125,3235.0,0.0,169178
2016-06-06,3035.6640625,3227.300048828125,0.0,3244.0,3189.5,3189.5,0.0,153326
2016-06-07,3136.922119140625,3334.949951171875,0.0,3341.699951171875,3230.0,3230.0,0.0,410209
2016-06-08,3171.16064453125,3371.35009765625,0.0,3392.0,3345.0,3348.699951171875,0.0,296075
2016-06-09,3179.0146484375,3379.699951171875,0.0,3400.0,3365.0,3380.0,0.0,342046
2016-06-10,3183.67041015625,3384.64990234375,0.0,3395.75,3327.75,3365.0,0.0,247285
2016-06-13,3196.1337890625,3397.89990234375,0.0,3405.89990234375,3328.199951171875,3365.0,0.0,192857
2016-06-14,3124.646728515625,3321.89990234375,0.0,3408.0,3311.10009765625,3401.449951171875,0.0,115351
2016-06-15,3164.011962890625,3363.75,0.0,3374.0,3306.199951171875,3327.0,0.0,187858
2016-06-16,3086.975341796875,3281.85009765625,0.0,3353.0,3261.0,3343.300048828125,0.0,320268
2016-06-17,3106.916015625,3303.050048828125,0.0,3323.89990234375,3276.75,3314.0,0.0,143919
2016-06-20,3169.46728515625,3369.550048828125,0.0,3375.0,3270.5,3283.449951171875,0.0,160851
2016-06-21,3158.227294921875,3357.60009765625,0.0,3373.0,3325.89990234375,3373.0,0.0,96592
2016-06-22,3114.58203125,3311.199951171875,0.0,3369.949951171875,3300.050048828125,3369.949951171875,0.0,186753
2016-06-23,3139.743896484375,3337.949951171875,0.0,3349.39990234375,3300.0,3318.89990234375,0.0,306668
2016-06-24,3094.593994140625,3289.949951171875,0.0,3333.39990234375,3200.0,3270.0,0.0,160067
2016-06-27,3194.346435546875,3396.0,0.0,3404.64990234375,3289.949951171875,3289.949951171875,0.0,230718
2016-06-28,3198.86181640625,3400.800048828125,0.0,3438.0,3390.0,3410.0,0.0,219511
2016-06-29,3193.640869140625,3395.25,0.0,3419.949951171875,3370.10009765625,3411.0,0.0,276757
2016-06-30,3208.4560546875,3411.0,0.0,3419.89990234375,3390.0,3410.0,0.0,438192
2016-07-01,3220.778076171875,3424.10009765625,0.0,3485.0,3395.0,3410.0,0.0,248921
2016-07-04,3215.6376953125,3409.14990234375,9.5,3475.0,3402.199951171875,3430.0,0.0,186148
2016-07-05,3183.56787109375,3375.14990234375,0.0,3465.0,3361.0,3450.0,0.0,360033
2016-07-07,3190.40625,3382.39990234375,0.0,3419.0,3346.35009765625,3366.10009765625,0.0,203141
2016-07-08,3207.05419921875,3400.050048828125,0.0,3409.89990234375,3369.10009765625,3371.10009765625,0.0,308236
2016-07-11,3258.46044921875,3454.550048828125,0.0,3472.0,3419.10009765625,3425.25,0.0,218218
2016-07-12,3289.3515625,3487.300048828125,0.0,3499.949951171875,3454.10009765625,3454.550048828125,0.0,301384
2016-07-13,3239.690185546875,3434.64990234375,0.0,3495.949951171875,3425.0,3487.0,0.0,254532
2016-07-14,3301.896728515625,3500.60009765625,0.0,3511.0,3440.0,3440.0,0.0,283309
2016-07-15,3330.9013671875,3531.35009765625,0.0,3559.25,3507.0,3507.0,0.0,233847
2016-07-18,3299.869140625,3498.449951171875,0.0,3548.0,3482.800048828125,3535.0,0.0,149136
2016-07-19,3308.640625,3507.75,0.0,3562.0,3474.10009765625,3525.0,0.0,753804
2016-07-20,3357.783447265625,3559.85009765625,0.0,3570.0,3507.75,3510.0,0.0,217891
2016-07-21,3431.968994140625,3638.5,0.0,3665.0,3559.0,3575.0,0.0,359712
2016-07-22,3433.101318359375,3639.699951171875,0.0,3652.050048828125,3602.89990234375,3650.0,0.0,172908
2016-07-25,3461.68115234375,3670.0,0.0,3680.0,3612.0,3630.0,0.0,294404
2016-07-26,3422.348388671875,3628.300048828125,0.0,3697.39990234375,3615.60009765625,3674.0,0.0,164047
2016-07-27,3443.52392578125,3650.75,0.0,3690.0,3637.14990234375,3642.14990234375,0.0,164316
2016-07-28,3469.9345703125,3678.75,0.0,3714.89990234375,3644.550048828125,3653.5,0.0,236412
2016-07-29,3507.145263671875,3718.199951171875,0.0,3739.39990234375,3669.85009765625,3681.10009765625,0.0,215069
2016-08-01,3542.516357421875,3755.699951171875,0.0,3769.949951171875,3725.75,3730.0,0.0,237315
2016-08-02,3468.00048828125,3676.699951171875,0.0,3757.0,3660.0,3745.10009765625,0.0,200781
2016-08-03,3459.511474609375,3667.699951171875,0.0,3699.89990234375,3650.39990234375,3671.0,0.0,140575
2016-08-04,3448.994140625,3656.550048828125,0.0,3699.949951171875,3636.75,3677.10009765625,0.0,114138
2016-08-05,3590.810546875,3806.89990234375,0.0,3843.0,3670.0,3674.39990234375,0.0,283529
2016-08-08,3565.6728515625,3780.25,0.0,3833.699951171875,3750.0,3833.699951171875,0.0,168830
2016-08-09,3586.14111328125,3801.949951171875,0.0,3838.0,3757.64990234375,3782.0,0.0,175336
2016-08-10,3517.284912109375,3728.949951171875,0.0,3810.0,3712.60009765625,3808.0,0.0,208390
2016-08-11,3496.25048828125,3706.64990234375,0.0,3783.5,3658.199951171875,3728.699951171875,0.0,211962
2016-08-12,3510.82373046875,3722.10009765625,0.0,3765.5,3661.300048828125,3738.39990234375,0.0,197760
2016-08-16,3527.18896484375,3739.449951171875,0.0,3762.64990234375,3708.550048828125,3723.5,0.0,264593
2016-08-17,3489.318115234375,3699.300048828125,0.0,3738.0,3672.0,3720.0,0.0,130552
2016-08-18,3654.431884765625,3874.35009765625,0.0,3888.0,3717.60009765625,3717.60009765625,0.0,414419
2016-08-19,3703.904296875,3926.800048828125,0.0,3954.949951171875,3881.14990234375,3890.0,0.0,270567
2016-08-22,3645.989013671875,3865.39990234375,0.0,3926.949951171875,3847.300048828125,3921.0,0.0,193180
2016-08-23,3609.109375,3826.300048828125,0.0,3889.0,3770.64990234375,3889.0,0.0,279931
2016-08-24,3595.903564453125,3812.300048828125,0.0,3850.0,3794.0,3831.0,0.0,259712
2016-08-25,3574.397705078125,3789.5,0.0,3844.699951171875,3756.0,3810.10009765625,0.0,491891
2016-08-26,3587.55615234375,3803.449951171875,0.0,3850.0,3767.449951171875,3820.0,0.0,151854
2016-08-29,3567.794921875,3782.5,0.0,3802.949951171875,3758.050048828125,3800.0,0.0,60496
2016-08-30,3670.938720703125,3891.85009765625,0.0,3910.0,3802.0,3802.0,0.0,175962
2016-08-31,3800.0205078125,4028.699951171875,0.0,4063.89990234375,3920.0,3925.0,0.0,436330
2016-09-01,3832.279052734375,4062.89990234375,0.0,4093.0,3960.0,3960.0,0.0,451549
2016-09-02,3853.454833984375,4085.35009765625,0.0,4094.949951171875,4038.050048828125,4092.0,0.0,279418
2016-09-06,3843.50341796875,4074.800048828125,0.0,4104.7998046875,4054.199951171875,4095.0,0.0,300605
2016-09-07,3853.6904296875,4085.60009765625,0.0,4120.0,4070.0,4090.0,0.0,116165
2016-09-08,3881.751953125,4115.35009765625,0.0,4129.7001953125,4063.5,4079.89990234375,0.0,138594
2016-09-09,3729.277587890625,3953.699951171875,0.0,4119.0498046875,3933.39990234375,4119.0,0.0,349179
2016-09-12,3646.697265625,3866.14990234375,0.0,3939.89990234375,3844.550048828125,3900.0,0.0,202915
2016-09-14,3720.36376953125,3944.25,0.0,3965.0,3833.60009765625,3870.0,0.0,213418
2016-09-15,3705.6494140625,3928.64990234375,0.0,3955.0,3885.0,3949.0,0.0,202147
2016-09-16,3701.262939453125,3924.0,0.0,4028.0,3883.10009765625,3951.89990234375,0.0,400208
2016-09-19,3763.941650390625,3990.449951171875,0.0,4005.0,3892.14990234375,3941.0,0.0,276012
2016-09-20,3762.291015625,3988.699951171875,0.0,4030.0,3969.449951171875,4019.449951171875,0.0,298515
2016-09-21,3735.92724609375,3960.75,0.0,4023.89990234375,3938.5,3992.800048828125,0.0,305282
2016-09-22,3754.084716796875,3980.0,0.0,4009.0,3960.050048828125,4009.0,0.0,292974
2016-09-23,3739.181640625,3964.199951171875,0.0,4013.949951171875,3951.0,4010.0,0.0,268107
2016-09-26,3700.46142578125,3923.14990234375,0.0,3957.949951171875,3905.5,3954.10009765625,0.0,124089
2016-09-27,3692.585693359375,3914.800048828125,0.0,3975.0,3902.0,3910.5,0.0,182333
2016-09-28,3747.15185546875,3972.64990234375,0.0,3987.0,3906.0,3906.0,0.0,262247
2016-09-29,3642.122314453125,3861.300048828125,0.0,4000.300048828125,3843.64990234375,3990.10009765625,0.0,367284
2016-09-30,3632.926025390625,3851.550048828125,0.0,3895.39990234375,3838.050048828125,3850.0,0.0,241074
2016-10-03,3705.460693359375,3928.449951171875,0.0,3935.0,3853.60009765625,3874.89990234375,0.0,249528
2016-10-04,3728.805908203125,3953.199951171875,0.0,3990.0,3932.5,3932.5,0.0,224189
2016-10-05,3804.217529296875,4033.14990234375,0.0,4044.75,3939.050048828125,3958.5,0.0,325419
2016-10-06,3735.408447265625,3960.199951171875,0.0,4044.0,3945.949951171875,4037.300048828125,0.0,192924
2016-10-07,3710.60107421875,3933.89990234375,0.0,3980.0,3905.550048828125,3980.0,0.0,117828
2016-10-10,3751.01904296875,3976.75,0.0,3995.0,3934.949951171875,3934.949951171875,0.0,202224
2016-10-13,3759.508056640625,3985.75,0.0,4014.949951171875,3942.550048828125,3969.60009765625,0.0,345562
2016-10-14,3807.37744140625,4036.5,0.0,4057.949951171875,3970.050048828125,3989.0,0.0,214434
2016-10-17,3785.0703125,4012.85009765625,0.0,4074.699951171875,3963.300048828125,4045.0,0.0,648256
2016-10-18,3794.407958984375,4022.75,0.0,4050.0,3986.89990234375,4030.0,0.0,218098
2016-10-19,3803.65185546875,4032.550048828125,0.0,4050.0,4005.10009765625,4011.0,0.0,269986
2016-10-20,3779.646484375,4007.10009765625,0.0,4046.449951171875,3993.75,4034.0,0.0,199695
2016-10-21,3754.933349609375,3980.89990234375,0.0,4025.25,3950.0,4008.0,0.0,231846
2016-10-24,3746.06689453125,3971.5,0.0,4017.85009765625,3961.050048828125,3994.949951171875,0.0,108882
2016-10-25,3789.031982421875,4017.050048828125,0.0,4031.85009765625,3964.800048828125,3981.0,0.0,110334
2016-10-26,3714.04443359375,3937.550048828125,0.0,3999.89990234375,3929.89990234375,3980.050048828125,0.0,268883
2016-10-27,3717.8173828125,3941.550048828125,0.0,3970.0,3913.0,3950.0,0.0,355002
2016-10-28,3756.63134765625,3982.699951171875,0.0,3989.800048828125,3890.0,3941.0,0.0,189117
2016-11-01,3751.01904296875,3976.75,0.0,3990.0,3952.0,3984.0,0.0,166098
2016-11-02,3674.947021484375,3896.10009765625,0.0,3964.800048828125,3878.0,3958.89990234375,0.0,214701
2016-11-03,3684.89794921875,3906.64990234375,0.0,3932.75,3881.0,3888.0,0.0,246707
2016-11-04,3635.75537109375,3854.550048828125,0.0,3928.85009765625,3818.25,3925.0,0.0,227359
2016-11-07,3686.643310546875,3908.5,0.0,3945.0,3870.10009765625,3884.699951171875,0.0,254951
2016-11-08,3734.229248046875,3958.949951171875,0.0,3969.0,3901.0,3910.25,0.0,171969
2016-11-09,3551.996337890625,3765.75,0.0,3870.0,3584.25,3799.699951171875,0.0,747032
2016-11-10,3623.21044921875,3841.25,0.0,3930.0,3815.85009765625,3930.0,0.0,382638
2016-11-11,3427.819091796875,3634.10009765625,0.0,3801.14990234375,3610.89990234375,3800.300048828125,0.0,623318
2016-11-15,3173.191650390625,3364.14990234375,0.0,3615.0,3343.5,3615.0,0.0,1362707
2016-11-16,3178.945556640625,3370.25,0.0,3466.89990234375,3343.0,3400.0,0.0,833115
2016-11-17,3146.498779296875,3335.85009765625,0.0,3405.699951171875,3317.0,3370.0,0.0,745885
2016-11-18,3200.2158203125,3392.800048828125,0.0,3405.14990234375,3275.0,3329.60009765625,0.0,683557
2016-11-21,3133.71728515625,3322.300048828125,0.0,3408.0,3303.050048828125,3400.0,0.0,525360
2016-11-22,3228.46533203125,3422.75,0.0,3434.10009765625,3300.0,3335.25,0.0,540794
2016-11-23,3256.243896484375,3452.199951171875,0.0,3475.14990234375,3381.0,3469.0,0.0,430852
2016-11-24,3286.0029296875,3483.75,0.0,3505.0,3404.949951171875,3436.0,0.0,688901
2016-11-25,3298.92578125,3497.449951171875,0.0,3509.949951171875,3451.10009765625,3500.0,0.0,497488
2016-11-28,3305.905517578125,3504.85009765625,0.0,3563.800048828125,3475.5,3479.0,0.0,416351
2016-11-29,3335.52294921875,3536.25,0.0,3563.0,3485.0,3485.0,0.0,378409
2016-11-30,3398.90869140625,3603.449951171875,0.0,3640.0,3555.60009765625,3569.89990234375,0.0,5134859
2016-12-01,3368.017578125,3570.699951171875,0.0,3620.85009765625,3561.199951171875,3619.699951171875,0.0,267124
2016-12-02,3382.119140625,3585.64990234375,0.0,3599.25,3528.0,3550.0,0.0,266078
2016-12-05,3379.383544921875,3582.75,0.0,3632.25,3551.5,3588.0,0.0,296963
2016-12-06,3397.446533203125,3601.89990234375,0.0,3617.800048828125,3556.449951171875,3600.0,0.0,234462
2016-12-07,3365.51806640625,3568.050048828125,0.0,3668.0,3554.60009765625,3605.64990234375,0.0,381973
2016-12-08,3389.0517578125,3593.0,0.0,3631.0,3576.300048828125,3588.0,0.0,206057
2016-12-09,3366.3671875,3568.949951171875,0.0,3607.949951171875,3554.25,3604.699951171875,0.0,149963
2016-12-12,3265.818359375,3462.35009765625,0.0,3576.050048828125,3441.35009765625,3576.0,0.0,207281
2016-12-13,3175.64453125,3366.75,0.0,3477.89990234375,3355.550048828125,3468.0,0.0,366724
2016-12-14,3126.87939453125,3315.050048828125,0.0,3380.85009765625,3302.050048828125,3380.85009765625,0.0,209745
2016-12-15,3079.198486328125,3264.5,0.0,3311.0,3255.0,3290.0,0.0,335980
2016-12-16,2997.278076171875,3177.64990234375,0.0,3284.0,3163.35009765625,3284.0,0.0,758086
2016-12-19,2931.298583984375,3107.699951171875,0.0,3189.89990234375,3101.0,3189.89990234375,0.0,408345
2016-12-20,2967.047607421875,3145.60009765625,0.0,3169.5,3103.60009765625,3116.699951171875,0.0,317562
2016-12-21,3011.14404296875,3192.35009765625,0.0,3211.449951171875,3166.5,3180.0,0.0,304789
2016-12-22,2965.25537109375,3143.699951171875,0.0,3183.550048828125,3130.0,3183.5,0.0,239905
2016-12-23,2930.732666015625,3107.10009765625,0.0,3158.89990234375,3068.35009765625,3158.89990234375,0.0,288590
2016-12-26,2913.42431640625,3088.75,0.0,3120.0,3067.050048828125,3085.0,0.0,162679
2016-12-27,2977.3759765625,3156.550048828125,0.0,3164.0,3050.0,3070.0,0.0,258494
2016-12-28,2980.158447265625,3159.5,0.0,3199.0,3126.0,3147.0,0.0,202414
2016-12-29,3033.639892578125,3216.199951171875,0.0,3240.0,3137.85009765625,3159.5,0.0,338530
2016-12-30,3065.709716796875,3250.199951171875,0.0,3283.64990234375,3216.0,3230.0,0.0,229481
2017-01-02,3179.983154296875,3371.35009765625,0.0,3379.0,3300.0,3300.0,0.0,243562
2017-01-03,3137.867919921875,3326.699951171875,0.0,3386.449951171875,3313.5,3375.0,0.0,279985
2017-01-04,3114.004150390625,3301.39990234375,0.0,3360.0,3287.5,3330.0,0.0,223808
2017-01-05,3190.830078125,3382.85009765625,0.0,3399.0,3304.85009765625,3304.85009765625,0.0,210883
2017-01-06,3134.141845703125,3322.75,0.0,3394.89990234375,3312.0,3380.0,0.0,228327
2017-01-09,3104.996337890625,3291.85009765625,0.0,3334.949951171875,3281.0,3324.5,0.0,138789
2017-01-10,3093.300048828125,3279.449951171875,0.0,3314.949951171875,3261.0,3305.60009765625,0.0,236655
2017-01-11,3162.76953125,3353.10009765625,0.0,3360.0,3288.35009765625,3295.199951171875,0.0,160310
2017-01-12,3162.203125,3352.5,0.0,3395.0,3336.050048828125,3370.0,0.0,131166
2017-01-13,3131.264892578125,3319.699951171875,0.0,3368.550048828125,3310.10009765625,3353.60009765625,0.0,95008
2017-01-16,3150.601318359375,3340.199951171875,0.0,3345.0,3300.0,3316.0,0.0,104519
2017-01-17,3188.3779296875,3380.25,0.0,3392.25,3335.0,3344.39990234375,0.0,159811
2017-01-18,3302.887451171875,3501.64990234375,0.0,3531.050048828125,3384.0,3384.0,0.0,249849
2017-01-19,3264.96875,3461.449951171875,0.0,3516.89990234375,3425.050048828125,3506.0,0.0,282789
2017-01-20,3274.58984375,3471.64990234375,0.0,3522.5,3422.10009765625,3440.0,0.0,314577
2017-01-23,3327.552978515625,3527.800048828125,0.0,3569.449951171875,3481.199951171875,3507.949951171875,0.0,389942
2017-01-24,3449.27783203125,3656.85009765625,0.0,3674.5,3535.050048828125,3556.0,0.0,425207
2017-01-25,3471.490966796875,3680.39990234375,0.0,3693.75,3625.0,3665.0,0.0,464955
2017-01-27,3477.055908203125,3686.300048828125,0.0,3764.0,3671.0,3680.0,0.0,285354
2017-01-30,3484.224365234375,3693.89990234375,0.0,3730.0,3655.800048828125,3690.0,0.0,199744
2017-01-31,3484.7431640625,3694.449951171875,0.0,3736.0,3666.10009765625,3705.0,0.0,214723
2017-02-01,3565.201416015625,3779.75,0.0,3793.5,3669.800048828125,3710.10009765625,0.0,289861
2017-02-02,3510.3046875,3721.550048828125,0.0,3800.5,3712.800048828125,3800.0,0.0,239504
2017-02-03,3525.349853515625,3737.5,0.0,3769.0,3716.10009765625,3731.0,0.0,203149
2017-02-06,3541.714599609375,3754.85009765625,0.0,3803.949951171875,3738.800048828125,3750.0,0.0,150193
2017-02-07,3486.20556640625,3696.0,0.0,3745.0,3676.14990234375,3740.199951171875,0.0,146734
2017-02-08,3506.862060546875,3717.89990234375,0.0,3745.949951171875,3680.050048828125,3692.0,0.0,289342
2017-02-09,3539.451171875,3752.449951171875,0.0,3761.0,3715.14990234375,3723.0,0.0,113533
2017-02-10,3548.3642578125,3761.89990234375,0.0,3780.0,3750.800048828125,3766.800048828125,0.0,130436
2017-02-13,3553.835205078125,3767.699951171875,0.0,3800.5,3756.0,3770.60009765625,0.0,156584
2017-02-14,3495.307373046875,3705.64990234375,0.0,3777.0,3681.0,3772.0,0.0,159971
2017-02-15,3469.368408203125,3678.14990234375,0.0,3761.699951171875,3664.10009765625,3720.0,0.0,280722
2017-02-16,3503.4189453125,3714.25,0.0,3744.0,3634.10009765625,3676.10009765625,0.0,174604
2017-02-17,3507.428466796875,3718.5,0.0,3747.0,3679.550048828125,3710.0,0.0,140555
2017-02-20,3543.41259765625,3756.64990234375,0.0,3765.0,3687.60009765625,3725.800048828125,0.0,219766
2017-02-21,3555.3916015625,3769.35009765625,0.0,3784.0,3725.0,3746.0,0.0,190129
2017-02-22,3563.3623046875,3777.800048828125,0.0,3805.0,3756.0,3776.0,0.0,272588
2017-02-23,3571.191162109375,3786.10009765625,0.0,3800.0,3760.0,3776.60009765625,0.0,313434
2017-02-27,3525.066650390625,3737.199951171875,0.0,3782.14990234375,3721.75,3780.0,0.0,250820
2017-02-28,3560.296630859375,3774.550048828125,0.0,3784.800048828125,3721.5,3756.89990234375,0.0,363696
2017-03-01,3519.313232421875,3731.10009765625,0.0,3781.0,3720.0,3781.0,0.0,281751
2017-03-02,3601.091552734375,3817.800048828125,0.0,3849.64990234375,3745.0,3745.0,0.0,1005693
2017-03-03,3585.95263671875,3801.75,0.0,3862.0,3782.050048828125,3815.0,0.0,568550
2017-03-06,3607.0341796875,3824.10009765625,0.0,3830.0,3790.050048828125,3815.050048828125,0.0,207324
2017-03-07,3571.945068359375,3786.89990234375,0.0,3824.5,3775.0,3823.89990234375,0.0,124913
2017-03-08,3587.69775390625,3803.60009765625,0.0,3812.0,3762.0,3762.0,0.0,283490
2017-03-09,3605.855224609375,3822.85009765625,0.0,3831.550048828125,3789.550048828125,3789.550048828125,0.0,124471
2017-03-10,3633.774658203125,3852.449951171875,0.0,3889.0,3827.0,3840.0,0.0,139870
2017-03-14,3771.958740234375,3998.949951171875,0.0,4009.949951171875,3900.0,3900.0,0.0,527726
2017-03-15,3789.408447265625,4017.449951171875,0.0,4036.39990234375,3966.0,4005.949951171875,0.0,224115
2017-03-16,3826.289306640625,4056.550048828125,0.0,4093.949951171875,4024.0,4024.0,0.0,176654
2017-03-17,3810.490234375,4039.800048828125,0.0,4073.5,4018.5,4069.75,0.0,295372
2017-03-20,3772.760986328125,3999.800048828125,0.0,4042.0,3990.0,4039.800048828125,0.0,556593
2017-03-21,3780.306640625,4007.800048828125,0.0,4028.39990234375,3972.85009765625,4009.699951171875,0.0,341340
2017-03-22,3744.888427734375,3970.25,0.0,3997.35009765625,3912.199951171875,3997.300048828125,0.0,248260
2017-03-23,3748.660888671875,3974.25,0.0,4001.0,3959.60009765625,3985.89990234375,0.0,118954
2017-03-24,3748.3779296875,3973.949951171875,0.0,4010.0,3944.050048828125,3975.5,0.0,124955
2017-03-27,3726.96630859375,3951.25,0.0,3985.0,3934.5,3985.0,0.0,119797
2017-03-28,3760.97021484375,3987.300048828125,0.0,3994.0,3963.949951171875,3964.0,0.0,96646
2017-03-29,3772.3359375,3999.35009765625,0.0,4035.39990234375,3981.550048828125,3987.300048828125,0.0,294631
2017-03-30,3762.054931640625,3988.449951171875,0.0,4009.0,3971.550048828125,4001.0,0.0,324453
2017-03-31,3758.565185546875,3984.75,0.0,4055.0,3957.25,4000.0,0.0,290105
2017-04-03,3798.18115234375,4026.75,0.0,4059.0,4011.0,4028.89990234375,0.0,163958
2017-04-05,3849.587158203125,4081.25,0.0,4090.0,4027.89990234375,4036.39990234375,0.0,169401
2017-04-06,3877.790283203125,4111.14990234375,0.0,4148.7998046875,4034.5,4080.0,0.0,138595
2017-04-07,3849.3515625,4081.0,0.0,4152.75,4065.0,4090.0,0.0,124319
2017-04-10,3828.505859375,4058.89990234375,0.0,4107.64990234375,4021.0,4065.0,0.0,146951
2017-04-11,3804.35888671875,4033.300048828125,0.0,4080.0,4025.300048828125,4030.0,0.0,224440
2017-04-12,3804.1708984375,4033.10009765625,0.0,4069.0,4014.10009765625,4069.0,0.0,112568
2017-04-13,3791.201171875,4019.35009765625,0.0,4043.89990234375,4010.050048828125,4040.0,0.0,275406
2017-04-17,3772.808349609375,3999.85009765625,0.0,4041.0,3993.199951171875,4021.5,0.0,166286
2017-04-18,3746.72705078125,3972.199951171875,0.0,4063.949951171875,3955.60009765625,4000.0,0.0,263758
2017-04-19,3716.166259765625,3939.800048828125,0.0,4006.85009765625,3926.0,3971.5,0.0,266518
2017-04-20,3779.316162109375,4006.75,0.0,4020.89990234375,3941.85009765625,3950.0,0.0,138135
2017-04-21,3752.5283203125,3978.35009765625,0.0,4034.5,3963.64990234375,4024.89990234375,0.0,173540
2017-04-24,3906.464599609375,4141.5498046875,0.0,4209.0,3992.449951171875,3997.449951171875,0.0,694285
2017-04-25,4001.59033203125,4242.39990234375,0.0,4266.25,4108.14990234375,4165.0,0.0,531152
2017-04-26,3990.74267578125,4230.89990234375,0.0,4275.0,4200.2001953125,4238.0,0.0,217768
2017-04-27,3996.5908203125,4237.10009765625,0.0,4248.0,4212.0,4233.7998046875,0.0,289892
2017-04-28,4007.76806640625,4248.9501953125,0.0,4269.9501953125,4216.0498046875,4225.0,0.0,174274
2017-05-02,3967.25634765625,4206.0,0.0,4248.9501953125,4152.0498046875,4248.9501953125,0.0,203245
2017-05-03,4057.2412109375,4301.39990234375,0.0,4325.0,4210.0,4216.0,0.0,309226
2017-05-04,4078.7470703125,4324.2001953125,0.0,4355.0,4282.39990234375,4296.5498046875,0.0,196089
2017-05-05,4084.170166015625,4329.9501953125,0.0,4343.0,4283.35009765625,4315.0,0.0,283727
2017-05-08,4175.00439453125,4426.25,0.0,4449.0,4336.0,4336.0,0.0,153494
2017-05-09,4181.27685546875,4432.89990234375,0.0,4447.5,4398.0498046875,4420.0,0.0,214276
2017-05-10,4119.63720703125,4367.5498046875,0.0,4460.0,4325.5498046875,4447.9501953125,0.0,222094
2017-05-11,4162.03466796875,4412.5,0.0,4447.4501953125,4352.0498046875,4373.0,0.0,159351
2017-05-12,4154.34716796875,4404.35009765625,0.0,4419.9501953125,4373.25,4400.4501953125,0.0,207498
2017-05-15,4185.8046875,4437.7001953125,0.0,4498.0,4415.0,4415.0,0.0,131348
2017-05-16,4230.560546875,4485.14990234375,0.0,4533.10009765625,4444.0,4457.2001953125,0.0,252094
2017-05-17,4217.21435546875,4471.0,0.0,4489.9501953125,4455.7001953125,4489.9501953125,0.0,173787
2017-05-18,4094.640625,4341.0498046875,0.0,4450.7001953125,4326.0498046875,4450.7001953125,0.0,312920
2017-05-19,4113.08056640625,4360.60009765625,0.0,4417.39990234375,4336.0,4399.0,0.0,118708
2017-05-22,4027.24609375,4269.60009765625,0.0,4405.0498046875,4260.5,4380.0,0.0,153155
2017-05-23,4025.1240234375,4267.35009765625,0.0,4315.5,4236.0,4276.0,0.0,229419
2017-05-24,3935.375244140625,4172.2001953125,0.0,4293.75,4149.25,4293.75,0.0,189988
2017-05-25,3926.13134765625,4162.39990234375,0.0,4187.0,4130.0,4181.0,0.0,399568
2017-05-26,3918.585205078125,4154.39990234375,0.0,4216.89990234375,4141.7001953125,4161.0,0.0,235032
2017-05-29,3830.77001953125,4061.300048828125,0.0,4182.10009765625,4045.0,4165.0,0.0,310173
2017-05-30,3850.38916015625,4082.10009765625,0.0,4111.0498046875,4052.25,4072.0,0.0,268009
2017-05-31,3957.0693359375,4195.2001953125,0.0,4259.9501953125,4086.300048828125,4086.300048828125,0.0,443950
2017-06-01,3960.041259765625,4198.35009765625,0.0,4252.0498046875,4159.5,4228.7001953125,0.0,143799
2017-06-02,3999.892333984375,4240.60009765625,0.0,4253.89990234375,4198.39990234375,4230.0,0.0,187673
2017-06-05,3940.987060546875,4178.14990234375,0.0,4261.89990234375,4165.2001953125,4233.0,0.0,137269
2017-06-06,3888.496337890625,4122.5,0.0,4194.75,4111.0,4185.0,0.0,151928
2017-06-07,3905.710205078125,4140.75,0.0,4163.0,4102.0,4132.0,0.0,137567
2017-06-08,3886.373779296875,4120.25,0.0,4166.0,4107.0498046875,4145.0,0.0,139961
2017-06-09,3878.545166015625,4111.9501953125,0.0,4133.14990234375,4051.5,4132.0,0.0,222729
2017-06-12,3815.8193359375,4045.449951171875,0.0,4111.9501953125,4027.050048828125,4110.5,0.0,134143
2017-06-13,3831.241455078125,4061.800048828125,0.0,4136.60009765625,4031.300048828125,4033.0,0.0,171853
2017-06-14,3822.799560546875,4052.85009765625,0.0,4081.35009765625,3987.050048828125,4072.0,0.0,442763
2017-06-15,3814.263671875,4043.800048828125,0.0,4100.0,4010.0,4032.300048828125,0.0,248575
2017-06-16,3891.136962890625,4125.2998046875,0.0,4132.9501953125,4010.0,4048.0,0.0,249460
2017-06-19,3864.962158203125,4097.5498046875,0.0,4149.35009765625,4084.10009765625,4136.0,0.0,145691
2017-06-20,3833.128173828125,4063.800048828125,0.0,4126.0,4053.449951171875,4124.0,0.0,177824
2017-06-21,3788.088134765625,4016.050048828125,0.0,4060.10009765625,4007.050048828125,4055.0,0.0,215935
2017-06-22,3827.515625,4057.85009765625,0.0,4087.449951171875,3992.0,4034.0,0.0,363645
2017-06-23,3772.006591796875,3999.0,0.0,4085.0,3991.0,4068.89990234375,0.0,226036
2017-06-27,3657.780029296875,3877.89990234375,0.0,4015.050048828125,3863.14990234375,3993.0,0.0,339043
2017-06-28,3733.568603515625,3958.25,0.0,3966.300048828125,3840.550048828125,3878.0,0.0,261198
2017-06-29,3729.32470703125,3953.75,0.0,4000.0,3940.10009765625,4000.0,0.0,877055
2017-06-30,3734.370849609375,3959.10009765625,0.0,3994.89990234375,3926.0,3984.0,0.0,244498
2017-07-03,3771.86474609375,3998.85009765625,0.0,4009.89990234375,3935.449951171875,3970.0,0.0,218282
2017-07-04,3790.918212890625,4019.050048828125,0.0,4048.0,3977.050048828125,3989.0,0.0,178852
2017-07-05,3855.906982421875,4087.949951171875,0.0,4106.39990234375,4026.14990234375,4035.0,0.0,169732
2017-07-06,3874.2060546875,4107.35009765625,0.0,4130.0,4067.050048828125,4096.7998046875,0.0,151491
2017-07-07,3864.34912109375,4096.89990234375,0.0,4142.0,4088.0,4100.0,0.0,145864
2017-07-10,3909.97216796875,4135.14990234375,10.0,4165.0,4100.0,4131.9501953125,0.0,26229
2017-07-11,3925.194580078125,4151.25,0.0,4170.0,4140.0,4148.0,0.0,130236
2017-07-12,3963.0166015625,4191.25,0.0,4199.39990234375,4151.0,4170.0,0.0,161823
2017-07-13,3970.0615234375,4198.7001953125,0.0,4227.9501953125,4185.64990234375,4198.9501953125,0.0,131100
2017-07-14,3992.94287109375,4222.89990234375,0.0,4237.89990234375,4182.4501953125,4209.0,0.0,125584
2017-07-17,4110.9951171875,4347.75,0.0,4371.89990234375,4203.0,4203.0,0.0,276947
2017-07-18,4095.0146484375,4330.85009765625,0.0,4454.10009765625,4301.0,4356.25,0.0,739090
2017-07-19,3976.822265625,4205.85009765625,0.0,4318.0,4188.10009765625,4316.0,0.0,446659
2017-07-20,3916.165283203125,4141.7001953125,0.0,4233.7001953125,4134.39990234375,4226.7998046875,0.0,292416
2017-07-21,3949.21142578125,4176.64990234375,0.0,4188.60009765625,4139.9501953125,4156.0,0.0,122241
2017-07-24,3968.92626953125,4197.5,0.0,4224.0,4162.0498046875,4181.0,0.0,183331
2017-07-25,3882.125244140625,4105.7001953125,0.0,4210.0,4100.0,4182.0,0.0,359976
2017-07-26,3852.52978515625,4074.39990234375,0.0,4123.0,4067.14990234375,4114.89990234375,0.0,238144
2017-07-27,3822.792236328125,4042.949951171875,0.0,4110.0,4031.25,4095.0,0.0,291936
2017-07-28,3805.0634765625,4024.199951171875,0.0,4064.199951171875,4001.050048828125,4040.0,0.0,193195
2017-07-31,3835.982421875,4056.89990234375,0.0,4070.0,4001.10009765625,4043.800048828125,0.0,198206
2017-08-01,3846.33642578125,4067.85009765625,0.0,4095.0,4051.5,4078.0,0.0,243417
2017-08-02,3864.869384765625,4087.449951171875,0.0,4098.0,4042.5,4070.0,0.0,132722
2017-08-03,3861.985107421875,4084.39990234375,0.0,4138.7001953125,4070.0,4097.0,0.0,195349
2017-08-04,3859.10107421875,4081.35009765625,0.0,4119.7001953125,4063.0,4090.0,0.0,171562
2017-08-07,3829.410888671875,4049.949951171875,0.0,4114.75,4042.35009765625,4081.35009765625,0.0,159843
2017-08-08,3835.79345703125,4056.699951171875,0.0,4086.199951171875,4025.0,4067.89990234375,0.0,236701
2017-08-09,3780.148193359375,3997.85009765625,0.0,4058.0,3982.10009765625,4058.0,0.0,141670
2017-08-10,3694.81298828125,3907.60009765625,0.0,3990.0,3885.0,3975.0,0.0,144452
2017-08-11,3708.948974609375,3922.550048828125,0.0,3974.0,3842.300048828125,3912.0,0.0,252752
2017-08-14,3744.83251953125,3960.5,0.0,3973.0,3933.0,3955.0,0.0,83680
2017-08-16,3726.677734375,3941.300048828125,0.0,3971.85009765625,3890.10009765625,3971.0,0.0,204377
2017-08-17,3718.73486328125,3932.89990234375,0.0,3992.449951171875,3917.10009765625,3952.0,0.0,123889
2017-08-18,3795.75,4014.35009765625,0.0,4038.60009765625,3924.0,3924.0,0.0,276537
2017-08-21,3789.65087890625,4007.89990234375,0.0,4058.35009765625,4000.300048828125,4026.800048828125,0.0,170312
2017-08-22,3758.779052734375,3975.25,0.0,4043.199951171875,3966.0,3981.0,0.0,106270
2017-08-23,3736.369384765625,3951.550048828125,0.0,3986.0,3933.449951171875,3980.0,0.0,142515
2017-08-24,3725.1171875,3939.64990234375,0.0,3960.0,3930.39990234375,3959.0,0.0,287019
2017-08-28,3767.1943359375,3984.14990234375,0.0,3995.25,3944.89990234375,3956.0,0.0,352378
2017-08-29,3717.506103515625,3931.60009765625,0.0,3974.699951171875,3916.0,3944.0,0.0,165202
2017-08-30,3794.520751953125,4013.050048828125,0.0,4024.199951171875,3955.10009765625,3960.0,0.0,415975
2017-08-31,3782.5595703125,4000.39990234375,0.0,4039.85009765625,3984.5,4031.89990234375,0.0,257768
2017-09-01,3781.803466796875,3999.60009765625,0.0,4029.0,3988.0,4000.0,0.0,533261
2017-09-04,3782.5595703125,4000.39990234375,0.0,4028.75,3993.050048828125,4018.0,0.0,176316
2017-09-05,3874.702880859375,4097.85009765625,0.0,4108.7998046875,4005.050048828125,4020.10009765625,0.0,216938
2017-09-06,3924.2490234375,4150.25,0.0,4169.0,4078.14990234375,4090.0,0.0,250105
2017-09-07,3892.147705078125,4116.2998046875,0.0,4179.89990234375,4100.5498046875,4167.0,0.0,128470
2017-09-08,3918.765380859375,4144.4501953125,0.0,4160.2001953125,4070.949951171875,4071.050048828125,0.0,149642
2017-09-11,3947.2734375,4174.60009765625,0.0,4192.0,4151.0498046875,4162.2001953125,0.0,87309
2017-09-12,3990.437744140625,4220.25,0.0,4233.0,4175.0,4175.0,0.0,182205
2017-09-13,3956.96484375,4184.85009765625,0.0,4226.9501953125,4174.14990234375,4202.0,0.0,160537
2017-09-14,3984.906005859375,4214.39990234375,0.0,4225.0,4173.5,4194.7998046875,0.0,104714
2017-09-15,3981.644287109375,4210.9501953125,0.0,4226.14990234375,4176.0,4201.5498046875,0.0,148198
2017-09-18,3979.98974609375,4209.2001953125,0.0,4240.0,4200.0,4235.0,0.0,57086
2017-09-19,3956.350830078125,4184.2001953125,0.0,4214.89990234375,4170.0,4214.89990234375,0.0,91465
2017-09-20,3980.4150390625,4209.64990234375,0.0,4219.85009765625,4154.10009765625,4187.0,0.0,134462
2017-09-21,3939.189208984375,4166.0498046875,0.0,4244.0,4150.0,4193.2001953125,0.0,68443
2017-09-22,3781.803466796875,3999.60009765625,0.0,4160.9501953125,3989.199951171875,4148.0,0.0,302353
2017-09-25,3689.32861328125,3901.800048828125,0.0,3999.0,3891.10009765625,3990.0,0.0,300503
2017-09-26,3701.478759765625,3914.64990234375,0.0,3934.949951171875,3836.0,3900.0,0.0,394045
2017-09-27,3591.653564453125,3798.5,0.0,3960.050048828125,3773.300048828125,3954.89990234375,0.0,399169
2017-09-28,3658.031005859375,3868.699951171875,0.0,3887.550048828125,3777.199951171875,3798.5,0.0,333828
2017-09-29,3644.32080078125,3854.199951171875,0.0,3916.75,3845.0,3878.0,0.0,135081
2017-10-03,3682.899169921875,3895.0,0.0,3945.0,3878.0,3913.39990234375,0.0,128586
2017-10-04,3661.6240234375,3872.5,0.0,3926.75,3859.5,3895.199951171875,0.0,114881
2017-10-05,3682.331298828125,3894.39990234375,0.0,3925.0,3854.199951171875,3878.10009765625,0.0,151360
2017-10-06,3716.84423828125,3930.89990234375,0.0,3950.35009765625,3907.949951171875,3910.0,0.0,186262
2017-10-09,3741.853759765625,3957.35009765625,0.0,3990.0,3920.10009765625,3925.699951171875,0.0,164124
2017-10-10,3754.5712890625,3970.800048828125,0.0,3993.35009765625,3957.550048828125,3960.0,0.0,191270
2017-10-11,3736.03857421875,3951.199951171875,0.0,3983.75,3919.199951171875,3975.0,0.0,225285
2017-10-12,3706.3486328125,3919.800048828125,0.0,3964.300048828125,3882.89990234375,3952.199951171875,0.0,183939
2017-10-13,3786.909423828125,4005.0,0.0,4020.0,3900.0,3900.0,0.0,187181
2017-10-16,3786.199951171875,4004.25,0.0,4045.60009765625,3985.39990234375,4040.0,0.0,297411
2017-10-17,3866.712890625,4089.39990234375,0.0,4105.2001953125,4003.89990234375,4003.949951171875,0.0,270710
2017-10-18,3869.360595703125,4092.199951171875,0.0,4188.64990234375,4051.199951171875,4090.0,0.0,784453
2017-10-19,3814.66064453125,4034.35009765625,0.0,4078.050048828125,4018.0,4075.60009765625,0.0,37888
2017-10-23,3976.0654296875,4205.0498046875,0.0,4224.0,4049.0,4049.0,0.0,486553
2017-10-24,3996.914306640625,4227.10009765625,0.0,4300.0,4202.0498046875,4218.0,0.0,371685
2017-10-25,4217.3681640625,4460.25,0.0,4476.39990234375,4260.0,4260.0,0.0,675900
2017-10-26,4239.73095703125,4483.89990234375,0.0,4510.0,4426.35009765625,4460.0,0.0,510733
2017-10-27,4198.080078125,4439.85009765625,0.0,4502.0,4408.10009765625,4481.0,0.0,187708
2017-10-30,4228.71533203125,4472.25,0.0,4486.0,4430.0498046875,4445.0,0.0,110319
2017-10-31,4161.39111328125,4401.0498046875,0.0,4475.0,4392.0498046875,4472.25,0.0,175650
2017-11-01,4185.2666015625,4426.2998046875,0.0,4455.0,4408.0,4424.0,0.0,73374
2017-11-02,4159.5947265625,4399.14990234375,0.0,4449.0,4383.2001953125,4444.7998046875,0.0,114975
2017-11-03,4136.85498046875,4375.10009765625,0.0,4420.0,4354.0,4410.0,0.0,119929
2017-11-06,4186.63818359375,4427.75,0.0,4455.0,4359.0498046875,4385.0,0.0,112295
2017-11-07,4135.294921875,4373.4501953125,0.0,4466.4501953125,4344.75,4432.0,0.0,156131
2017-11-08,4132.60009765625,4370.60009765625,0.0,4424.35009765625,4335.0,4380.0,0.0,115134
2017-11-09,4125.7451171875,4363.35009765625,0.0,4415.10009765625,4342.75,4409.0,0.0,146865
2017-11-10,4208.48046875,4450.85009765625,0.0,4490.89990234375,4340.0,4350.0,0.0,376322
2017-11-13,4111.845703125,4348.64990234375,0.0,4484.89990234375,4337.0,4475.0,0.0,169443
2017-11-14,4123.9013671875,4361.39990234375,0.0,4389.0,4350.0,4358.0,0.0,120260
2017-11-15,4072.179443359375,4306.7001953125,0.0,4356.0,4262.0,4356.0,0.0,203169
2017-11-16,4040.4091796875,4273.10009765625,0.0,4330.0,4264.25,4315.0,0.0,127671
2017-11-17,4034.68896484375,4267.0498046875,0.0,4349.2001953125,4241.2998046875,4311.0,0.0,275645
2017-11-20,3953.60888671875,4181.2998046875,0.0,4240.5,4170.39990234375,4230.0,0.0,214322
2017-11-21,3936.68310546875,4163.39990234375,0.0,4210.60009765625,4128.0498046875,4191.0,0.0,296266
2017-11-22,4000.034423828125,4230.39990234375,0.0,4238.64990234375,4167.10009765625,4167.10009765625,0.0,205993
2017-11-23,3957.248779296875,4185.14990234375,0.0,4259.5,4171.2998046875,4235.0,0.0,273052
2017-11-24,4010.34130859375,4241.2998046875,0.0,4246.0,4185.14990234375,4185.14990234375,0.0,277735
2017-11-27,4039.369384765625,4272.0,0.0,4284.89990234375,4205.2001953125,4229.89990234375,0.0,225700
2017-11-28,4043.0576171875,4275.89990234375,0.0,4321.7998046875,4252.35009765625,4272.0,0.0,165542
2017-11-29,4054.261962890625,4287.75,0.0,4315.0,4263.7001953125,4284.89990234375,0.0,147547
2017-11-30,3974.883056640625,4203.7998046875,0.0,4271.4501953125,4187.0498046875,4271.0,0.0,233153
2017-12-01,3957.059814453125,4184.9501953125,0.0,4248.5,4153.7001953125,4228.0,0.0,144542
2017-12-04,3886.238525390625,4110.0498046875,0.0,4197.75,4091.300048828125,4176.0,0.0,236418
2017-12-05,3884.58349609375,4108.2998046875,0.0,4134.7998046875,4073.0,4120.0,0.0,123027
2017-12-06,3817.544677734375,4037.39990234375,0.0,4109.9501953125,4016.35009765625,4099.0,0.0,176862
2017-12-07,3859.573974609375,4081.85009765625,0.0,4118.0,4020.10009765625,4033.0,0.0,178897
2017-12-08,3938.715576171875,4165.5498046875,0.0,4182.0498046875,4085.199951171875,4107.0,0.0,176333
2017-12-11,4009.632080078125,4240.5498046875,0.0,4257.9501953125,4189.0,4189.0,0.0,157581
2017-12-12,3992.56494140625,4222.5,0.0,4259.60009765625,4166.60009765625,4230.0,0.0,176379
2017-12-13,4041.592041015625,4274.35009765625,0.0,4349.0,4181.60009765625,4220.7001953125,0.0,242129
2017-12-14,4035.776123046875,4268.2001953125,0.0,4314.0,4238.2001953125,4302.14990234375,0.0,155066
2017-12-15,4077.00244140625,4311.7998046875,0.0,4327.0,4258.7998046875,4299.0,0.0,248023
2017-12-18,4075.20556640625,4309.89990234375,0.0,4320.0,4202.0,4287.5,0.0,171295
2017-12-19,4123.05029296875,4360.5,0.0,4370.0,4318.89990234375,4318.89990234375,0.0,165588
2017-12-20,4097.142578125,4333.10009765625,0.0,4370.0,4312.75,4360.0,0.0,98899
2017-12-21,4096.8115234375,4332.75,0.0,4383.39990234375,4306.2998046875,4323.10009765625,0.0,77428
2017-12-22,4055.349365234375,4288.89990234375,0.0,4349.7998046875,4266.0,4323.0,0.0,98020
2017-12-26,4103.998046875,4340.35009765625,0.0,4365.89990234375,4282.4501953125,4299.10009765625,0.0,150416
2017-12-27,4044.75927734375,4277.7001953125,0.0,4337.9501953125,4265.14990234375,4313.0,0.0,85346
2017-12-28,4043.577392578125,4276.4501953125,0.0,4294.60009765625,4250.0,4279.0,0.0,135145
2017-12-29,4085.3232421875,4320.60009765625,0.0,4333.0,4270.0,4270.0,0.0,172445
2018-01-01,4024.287841796875,4256.0498046875,0.0,4319.7998046875,4243.0498046875,4302.2001953125,0.0,166780
2018-01-02,4020.74267578125,4252.2998046875,0.0,4301.0,4243.7998046875,4285.0,0.0,141217
2018-01-03,4067.688232421875,4301.9501953125,0.0,4314.0,4245.39990234375,4256.0,0.0,166916
2018-01-04,4108.8671875,4345.5,0.0,4350.0,4295.0,4302.10009765625,0.0,149645
2018-01-05,4156.427734375,4395.7998046875,0.0,4412.0,4350.0498046875,4359.7998046875,0.0,165179
2018-01-08,4184.322265625,4425.2998046875,0.0,4433.39990234375,4371.2001953125,4400.0,0.0,176265
2018-01-09,4185.787109375,4426.85009765625,0.0,4478.0,4385.2998046875,4432.89990234375,0.0,137512
2018-01-10,4163.42529296875,4403.2001953125,0.0,4428.0,4376.60009765625,4428.0,0.0,108721
2018-01-11,4166.16748046875,4406.10009765625,0.0,4435.0,4381.60009765625,4419.85009765625,0.0,111608
2018-01-12,4165.599609375,4405.5,0.0,4436.2001953125,4351.60009765625,4412.7998046875,0.0,77493
2018-01-15,4274.0068359375,4520.14990234375,0.0,4565.85009765625,4403.39990234375,4417.7998046875,0.0,318055
2018-01-16,4297.59765625,4545.10009765625,0.0,4591.0,4511.0,4528.0,0.0,315736
2018-01-17,4296.79443359375,4544.25,0.0,4599.89990234375,4498.9501953125,4542.0,0.0,325182
2018-01-18,4168.578125,4408.64990234375,0.0,4557.75,4370.0,4554.5,0.0,626579
2018-01-19,4065.844482421875,4300.0,0.0,4382.39990234375,4271.0,4368.0,0.0,311100
2018-01-22,4094.210693359375,4330.0,0.0,4344.25,4260.5498046875,4325.0,0.0,179728
2018-01-23,4136.47705078125,4374.7001953125,0.0,4407.0498046875,4301.0,4344.7001953125,0.0,250337
2018-01-24,4049.770751953125,4283.0,0.0,4368.9501953125,4275.10009765625,4364.7998046875,0.0,244058
2018-01-25,4122.5302734375,4359.9501953125,0.0,4390.9501953125,4282.0,4285.0,0.0,279951
2018-01-29,4151.60595703125,4390.7001953125,0.0,4413.10009765625,4331.2998046875,4370.0,0.0,263874
2018-01-30,4125.603515625,4363.2001953125,0.0,4384.5498046875,4306.0,4383.89990234375,0.0,201842
2018-01-31,4143.37939453125,4382.0,0.0,4405.89990234375,4330.0,4363.2001953125,0.0,189153
2018-02-01,4152.3154296875,4391.4501953125,0.0,4425.0,4347.64990234375,4382.0,0.0,268309
2018-02-02,3951.859375,4179.4501953125,0.0,4368.0,4129.0,4368.0,0.0,240012
2018-02-05,3920.60888671875,4146.39990234375,0.0,4179.7998046875,4052.050048828125,4122.85009765625,0.0,178020
2018-02-06,3869.785888671875,4092.64990234375,0.0,4114.75,3948.60009765625,3980.0,0.0,298939
2018-02-07,3859.29052734375,4081.550048828125,0.0,4167.85009765625,4051.0,4157.89990234375,0.0,262748
2018-02-08,3940.087646484375,4167.0,0.0,4181.89990234375,4051.949951171875,4085.0,0.0,188256
2018-02-09,3927.133544921875,4153.2998046875,0.0,4167.89990234375,4054.050048828125,4060.0,0.0,181041
2018-02-12,3971.5732421875,4200.2998046875,0.0,4222.4501953125,4162.5498046875,4170.0,0.0,218964
2018-02-14,3948.12451171875,4175.5,0.0,4206.5498046875,4155.0,4200.0,0.0,152754
2018-02-15,3959.802978515625,4187.85009765625,0.0,4229.10009765625,4160.0498046875,4190.39990234375,0.0,122433
2018-02-16,3939.472412109375,4166.35009765625,0.0,4259.89990234375,4144.14990234375,4205.0,0.0,114025
2018-02-19,3892.431884765625,4116.60009765625,0.0,4215.0,4077.35009765625,4143.0498046875,0.0,131776
2018-02-20,3915.125,4140.60009765625,0.0,4185.0,4084.300048828125,4100.0,0.0,123931
2018-02-21,3906.5673828125,4131.5498046875,0.0,4172.9501953125,4120.0498046875,4165.10009765625,0.0,170432
2018-02-22,3876.641357421875,4099.89990234375,0.0,4131.5498046875,4072.199951171875,4131.5498046875,0.0,196243
2018-02-23,3892.24267578125,4116.39990234375,0.0,4134.25,4063.550048828125,4119.7998046875,0.0,136480
2018-02-26,3915.313232421875,4140.7998046875,0.0,4149.0,4120.0,4120.0,0.0,129762
2018-02-27,3948.69189453125,4176.10009765625,0.0,4185.2001953125,4139.7998046875,4148.0,0.0,179366
2018-02-28,3929.307861328125,4155.60009765625,0.0,4193.9501953125,4125.0,4125.0,0.0,160018
2018-03-01,3927.133544921875,4153.2998046875,0.0,4180.0,4131.2998046875,4155.64990234375,0.0,198915
2018-03-05,3872.385986328125,4095.39990234375,0.0,4134.39990234375,4075.449951171875,4116.2001953125,0.0,124424
2018-03-06,3924.2958984375,4150.2998046875,0.0,4174.64990234375,4102.7001953125,4107.0,0.0,235296
2018-03-07,3889.453369140625,4113.4501953125,0.0,4170.5,4093.0,4160.0,0.0,188355
2018-03-08,3895.552001953125,4119.89990234375,0.0,4133.60009765625,4064.14990234375,4105.25,0.0,154031
2018-03-09,3857.68310546875,4079.85009765625,0.0,4134.5498046875,4051.949951171875,4115.0,0.0,135949
2018-03-12,3948.597412109375,4176.0,0.0,4185.85009765625,4074.89990234375,4079.85009765625,0.0,102681
2018-03-13,3942.92431640625,4170.0,0.0,4209.10009765625,4141.7998046875,4143.0,0.0,138444
2018-03-14,3999.892822265625,4230.25,0.0,4244.0,4144.75,4153.10009765625,0.0,237294
2018-03-15,3961.267822265625,4189.39990234375,0.0,4230.0,4156.0,4230.0,0.0,188385
2018-03-16,3807.049072265625,4026.300048828125,0.0,4166.7998046875,4003.300048828125,4141.0,0.0,527458
2018-03-19,3756.084228515625,3972.39990234375,0.0,4065.5,3960.0,4059.0,0.0,193770
2018-03-20,3722.4228515625,3936.800048828125,0.0,3998.89990234375,3910.199951171875,3969.0,0.0,155144
2018-03-21,3781.4248046875,3999.199951171875,0.0,4054.0,3958.449951171875,3960.0,0.0,205143
2018-03-22,3711.406982421875,3925.14990234375,0.0,4012.0,3912.60009765625,3999.0,0.0,180643
2018-03-23,3662.805908203125,3873.75,0.0,3898.949951171875,3813.10009765625,3851.0,0.0,249194
2018-03-26,3734.90380859375,3950.0,0.0,3970.0,3826.199951171875,3863.0,0.0,156418
2018-03-27,3761.946533203125,3978.60009765625,0.0,3990.050048828125,3923.0,3949.5,0.0,106468
2018-03-28,3734.90380859375,3950.0,0.0,3974.89990234375,3923.0,3974.89990234375,0.0,464340
2018-04-02,3761.85205078125,3978.5,0.0,4123.0,3923.050048828125,4123.0,0.0,303869
2018-04-03,3736.03857421875,3951.199951171875,0.0,3991.60009765625,3914.5,3967.0,0.0,240321
2018-04-04,3669.945068359375,3881.300048828125,0.0,3974.949951171875,3872.60009765625,3952.0,0.0,177225
2018-04-05,3750.599853515625,3966.60009765625,0.0,3979.85009765625,3915.0,3935.0,0.0,124669
2018-04-06,3734.431396484375,3949.5,0.0,3989.14990234375,3920.050048828125,3950.0,0.0,214201
2018-04-09,3704.8359375,3918.199951171875,0.0,3974.949951171875,3901.449951171875,3956.10009765625,0.0,107499
2018-04-10,3717.127685546875,3931.199951171875,0.0,3947.85009765625,3908.050048828125,3944.800048828125,0.0,115836
2018-04-11,3710.934326171875,3924.64990234375,0.0,3936.949951171875,3890.0,3921.0,0.0,139653
2018-04-12,3661.435302734375,3872.300048828125,0.0,3900.0,3865.0,3885.050048828125,0.0,218223
2018-04-13,3667.72314453125,3878.949951171875,0.0,3905.699951171875,3862.5,3884.800048828125,0.0,304761
2018-04-16,3703.700927734375,3917.0,0.0,3924.050048828125,3865.14990234375,3865.14990234375,0.0,180569
2018-04-17,3703.9375,3917.25,0.0,3945.0,3902.550048828125,3920.0,0.0,103447
2018-04-18,3774.947998046875,3992.35009765625,0.0,4008.699951171875,3922.449951171875,3934.0,0.0,159338
2018-04-19,3879.997802734375,4103.4501953125,0.0,4163.5,4007.550048828125,4015.199951171875,0.0,449754
2018-04-20,3858.676025390625,4080.89990234375,0.0,4134.5,4058.050048828125,4105.0,0.0,192832
2018-04-23,3918.05615234375,4143.7001953125,0.0,4162.64990234375,4072.10009765625,4072.10009765625,0.0,111251
2018-04-24,3894.937744140625,4119.25,0.0,4173.7001953125,4096.0,4168.0,0.0,378441
2018-04-25,3909.640625,4134.7998046875,0.0,4162.75,4079.0,4134.0,0.0,482116
2018-04-26,3857.3046875,4079.449951171875,0.0,4175.0,4026.75,4175.0,0.0,512593
2018-04-27,3841.13623046875,4062.35009765625,0.0,4122.85009765625,4036.0,4077.5,0.0,127581
2018-04-30,3885.103515625,4108.85009765625,0.0,4127.9501953125,4078.050048828125,4099.9501953125,0.0,177986
2018-05-02,3797.78271484375,4016.5,0.0,4119.9501953125,3993.0,4112.7998046875,0.0,217139
2018-05-03,3777.78466796875,3995.35009765625,0.0,4029.75,3981.5,4028.800048828125,0.0,146828
2018-05-04,3768.802001953125,3985.85009765625,0.0,4034.300048828125,3960.0,3998.89990234375,0.0,212463
2018-05-07,3813.76220703125,4033.39990234375,0.0,4050.0,3970.0,4005.0,0.0,133722
2018-05-08,3842.790771484375,4064.10009765625,0.0,4076.75,4033.0,4046.199951171875,0.0,202627
2018-05-09,3750.269287109375,3966.25,0.0,4080.0,3955.0,4074.800048828125,0.0,230272
2018-05-10,3780.809814453125,3998.550048828125,0.0,4016.800048828125,3930.0,3967.0,0.0,263132
2018-05-11,3849.88232421875,4071.60009765625,0.0,4085.0,3968.550048828125,4011.0,0.0,97087
2018-05-14,3883.40185546875,4107.0498046875,0.0,4155.0,4055.75,4085.0,0.0,346826
2018-05-15,3885.529296875,4109.2998046875,0.0,4139.5,4077.14990234375,4110.0,0.0,211226
2018-05-16,3773.43505859375,3990.75,0.0,4090.0,3970.14990234375,4090.0,0.0,218521
2018-05-17,3742.279541015625,3957.800048828125,0.0,4019.800048828125,3940.0,3998.0,0.0,241558
2018-05-18,3648.71728515625,3858.85009765625,0.0,3941.050048828125,3851.449951171875,3931.050048828125,0.0,382059
2018-05-21,3642.476806640625,3852.25,0.0,4019.0,3814.199951171875,3899.949951171875,0.0,516801
2018-05-22,3551.04248046875,3755.550048828125,0.0,3881.050048828125,3720.0,3840.0,0.0,976312
2018-05-23,3499.274169921875,3700.800048828125,0.0,3750.0,3690.050048828125,3750.0,0.0,333394
2018-05-24,3459.182861328125,3658.39990234375,0.0,3723.949951171875,3631.75,3700.0,0.0,398238
2018-05-25,3481.639892578125,3682.14990234375,0.0,3700.0,3662.0,3693.89990234375,0.0,271222
2018-05-28,3527.16796875,3730.300048828125,0.0,3744.949951171875,3685.0,3691.0,0.0,369098
2018-05-29,3513.693603515625,3716.050048828125,0.0,3775.0,3701.0,3750.0,0.0,347743
2018-05-30,3504.804931640625,3706.64990234375,0.0,3732.699951171875,3690.0,3690.0,0.0,201412
2018-05-31,3540.972412109375,3744.89990234375,0.0,3764.949951171875,3686.699951171875,3706.050048828125,0.0,733987
2018-06-01,3487.31298828125,3688.14990234375,0.0,3749.89990234375,3660.0,3749.89990234375,0.0,232438
2018-06-04,3509.060546875,3711.14990234375,0.0,3725.89990234375,3626.0,3702.800048828125,0.0,200526
2018-06-05,3476.62841796875,3676.85009765625,0.0,3710.0,3636.050048828125,3710.0,0.0,204863
2018-06-06,3495.06640625,3696.35009765625,0.0,3723.39990234375,3631.35009765625,3665.0,0.0,200850
2018-06-07,3520.40673828125,3723.14990234375,0.0,3734.75,3702.39990234375,3724.89990234375,0.0,149988
2018-06-08,3512.842041015625,3715.14990234375,0.0,3729.050048828125,3664.60009765625,3714.0,0.0,281709
2018-06-11,3583.711181640625,3790.10009765625,0.0,3830.0,3714.949951171875,3728.0,0.0,283522
2018-06-12,3561.112548828125,3766.199951171875,0.0,3814.89990234375,3755.35009765625,3814.89990234375,0.0,262627
2018-06-13,3593.6396484375,3800.60009765625,0.0,3835.0,3746.89990234375,3776.0,0.0,239285
2018-06-14,3561.86865234375,3767.0,0.0,3790.0,3745.0,3790.0,0.0,235397
2018-06-15,3490.62255859375,3691.64990234375,0.0,3792.0,3671.85009765625,3765.0,0.0,588115
2018-06-18,3469.6787109375,3669.5,0.0,3708.0,3641.0,3686.550048828125,0.0,238900
2018-06-19,3449.34912109375,3648.0,0.0,3660.0,3612.39990234375,3652.0,0.0,249879
2018-06-20,3452.5166015625,3651.35009765625,0.0,3663.0,3625.0,3653.0,0.0,222658
2018-06-21,3419.9423828125,3616.89990234375,0.0,3673.0,3600.0,3673.0,0.0,321887
2018-06-22,3442.778076171875,3641.050048828125,0.0,3654.699951171875,3563.0,3624.0,0.0,330296
2018-06-25,3547.685791015625,3752.0,0.0,3770.0,3631.60009765625,3653.0,0.0,498922
2018-06-26,3630.988525390625,3840.10009765625,0.0,3863.949951171875,3750.0,3752.0,0.0,582262
2018-06-27,3567.68408203125,3773.14990234375,0.0,3857.39990234375,3750.0,3850.0,0.0,394258
2018-06-28,3518.752197265625,3721.39990234375,0.0,3784.949951171875,3685.60009765625,3773.14990234375,0.0,545895
2018-06-29,3610.659423828125,3818.60009765625,0.0,3830.39990234375,3715.050048828125,3749.0,0.0,320835
2018-07-02,3571.608154296875,3777.300048828125,0.0,3826.800048828125,3734.10009765625,3798.0,0.0,224587
2018-07-03,3545.6533203125,3749.85009765625,0.0,3785.0,3730.35009765625,3785.0,0.0,244401
2018-07-04,3584.231201171875,3790.64990234375,0.0,3805.0,3735.0,3758.0,0.0,190572
2018-07-05,3721.903076171875,3936.25,0.0,3963.14990234375,3793.35009765625,3797.0,0.0,499755
2018-07-06,3739.01708984375,3954.35009765625,0.0,3998.0,3890.0,3910.25,0.0,327395
2018-07-09,3686.91748046875,3899.25,0.0,4014.60009765625,3890.5,3960.0,0.0,282644
2018-07-10,3754.280029296875,3959.800048828125,10.5,3974.0,3901.14990234375,3910.0,0.0,186488
2018-07-11,3746.695068359375,3951.800048828125,0.0,3962.0,3921.25,3945.800048828125,0.0,236871
2018-07-12,3742.09716796875,3946.949951171875,0.0,4050.0,3939.050048828125,3961.0,0.0,558480
2018-07-13,3758.02490234375,3963.75,0.0,4024.25,3950.0,3981.699951171875,0.0,237239
2018-07-16,3663.451904296875,3864.0,0.0,3977.550048828125,3834.199951171875,3964.0,0.0,284241
2018-07-17,3693.032470703125,3895.199951171875,0.0,3925.5,3840.300048828125,3876.0,0.0,175938
2018-07-18,3649.562744140625,3849.35009765625,0.0,3977.60009765625,3810.0,3906.0,0.0,798285
2018-07-19,3657.052490234375,3857.25,0.0,3878.199951171875,3783.0,3841.0,0.0,342317
2018-07-20,3670.752197265625,3871.699951171875,0.0,3885.0,3830.0,3830.0,0.0,196849
2018-07-23,3801.54248046875,4009.64990234375,0.0,4043.89990234375,3879.050048828125,3885.0,0.0,257170
2018-07-24,3922.09326171875,4136.7998046875,0.0,4230.0,4050.0,4050.0,0.0,548782
2018-07-25,3834.915771484375,4044.85009765625,0.0,4135.0,3984.300048828125,4135.0,0.0,247468
2018-07-26,3927.78173828125,4142.7998046875,0.0,4172.9501953125,4039.949951171875,4045.0,0.0,839947
2018-07-27,3910.573974609375,4124.64990234375,0.0,4189.9501953125,4100.2001953125,4175.0,0.0,190337
2018-07-30,4023.11328125,4243.35009765625,0.0,4250.0,4125.0,4130.5,0.0,329539
2018-07-31,3976.134765625,4193.7998046875,0.0,4243.0,4171.4501953125,4236.2998046875,0.0,251535
2018-08-01,3975.423583984375,4193.0498046875,0.0,4229.9501953125,4153.35009765625,4205.5,0.0,159147
2018-08-02,3966.369140625,4183.5,0.0,4224.0,4152.0,4187.0,0.0,135635
2018-08-03,3951.43701171875,4167.75,0.0,4220.7998046875,4152.0,4200.0,0.0,205260
2018-08-06,3960.964599609375,4177.7998046875,0.0,4210.0,4137.0498046875,4175.0,0.0,184759
2018-08-07,3988.365478515625,4206.7001953125,0.0,4269.0,4165.0498046875,4170.0,0.0,461061
2018-08-08,4023.82421875,4244.10009765625,0.0,4260.0,4191.25,4212.0,0.0,297215
2018-08-09,4087.062255859375,4310.7998046875,0.0,4319.9501953125,4215.5,4242.0,0.0,336669
2018-08-10,4025.8154296875,4246.2001953125,0.0,4333.2001953125,4230.0,4315.0,0.0,287805
2018-08-13,3976.513916015625,4194.2001953125,0.0,4226.0,4175.0,4226.0,0.0,155075
2018-08-14,4075.969482421875,4299.10009765625,0.0,4339.9501953125,4194.0,4194.0,0.0,455836
2018-08-16,3994.8125,4213.5,0.0,4285.0498046875,4200.0498046875,4285.0,0.0,430146
2018-08-17,4063.265380859375,4285.7001953125,0.0,4308.5498046875,4204.4501953125,4260.0,0.0,262047
2018-08-20,4077.4873046875,4300.7001953125,0.0,4339.7998046875,4273.0,4291.89990234375,0.0,135703
2018-08-21,4124.41748046875,4350.2001953125,0.0,4393.0,4304.60009765625,4305.0,0.0,271157
2018-08-23,4121.62060546875,4347.25,0.0,4383.89990234375,4304.0,4375.0,0.0,189320
2018-08-24,4091.992431640625,4316.0,0.0,4399.0,4280.0,4331.0,0.0,241765
2018-08-27,4143.94873046875,4370.7998046875,0.0,4380.0,4320.64990234375,4330.0,0.0,200121
2018-08-28,4197.84716796875,4427.64990234375,0.0,4460.0,4350.0,4381.0,0.0,301809
2018-08-29,4173.48193359375,4401.9501953125,0.0,4434.9501953125,4375.5,4434.9501953125,0.0,177155
2018-08-30,4196.66259765625,4426.39990234375,0.0,4445.0,4386.0,4403.0,0.0,332154
2018-08-31,4243.21484375,4475.5,0.0,4493.64990234375,4398.0498046875,4426.0,0.0,299423
2018-09-03,4146.55517578125,4373.5498046875,0.0,4470.0,4354.39990234375,4470.0,0.0,150383
2018-09-04,3983.102783203125,4201.14990234375,0.0,4373.5,4176.0,4373.5,0.0,325798
2018-09-05,3943.567626953125,4159.4501953125,0.0,4250.0,4106.0,4198.0,0.0,384529
2018-09-06,3937.642333984375,4153.2001953125,0.0,4271.89990234375,4130.0498046875,4209.0,0.0,373709
2018-09-07,4046.67333984375,4268.2001953125,0.0,4287.7001953125,4150.0,4184.2998046875,0.0,196079
2018-09-10,3939.016357421875,4154.64990234375,0.0,4260.0,4138.0,4260.0,0.0,337900
2018-09-11,3894.40869140625,4107.60009765625,0.0,4187.9501953125,4089.10009765625,4154.75,0.0,318329
2018-09-12,3883.742919921875,4096.35009765625,0.0,4138.2998046875,4056.0,4138.0,0.0,233072
2018-09-14,3971.6787109375,4189.10009765625,0.0,4199.39990234375,4095.449951171875,4141.89990234375,0.0,635121
2018-09-17,3890.521240234375,4103.5,0.0,4174.9501953125,4090.64990234375,4156.0,0.0,210529
2018-09-18,3849.231689453125,4059.949951171875,0.0,4112.89990234375,4027.35009765625,4102.0,0.0,268420
2018-09-19,3840.4619140625,4050.699951171875,0.0,4088.0,4045.75,4088.0,0.0,322516
2018-09-21,3858.14404296875,4069.35009765625,0.0,4099.7001953125,3910.5,4064.449951171875,0.0,551314
2018-09-24,3768.595947265625,3974.89990234375,0.0,4060.0,3926.800048828125,4060.0,0.0,421511
2018-09-25,3819.603759765625,4028.699951171875,0.0,4049.0,3950.0,3970.0,0.0,248960
2018-09-26,3856.437744140625,4067.550048828125,0.0,4102.35009765625,4024.800048828125,4040.199951171875,0.0,283138
2018-09-27,3906.544677734375,4120.39990234375,0.0,4213.7001953125,4022.0,4089.85009765625,0.0,525917
2018-09-28,3849.231689453125,4059.949951171875,0.0,4151.2998046875,4014.050048828125,4151.0,0.0,318703
2018-10-01,3735.69677734375,3940.199951171875,0.0,4050.0,3854.0,4050.0,0.0,427828
2018-10-03,3659.9443359375,3860.300048828125,0.0,3971.550048828125,3813.050048828125,3955.0,0.0,500577
2018-10-04,3738.968017578125,3943.64990234375,0.0,3961.199951171875,3777.89990234375,3833.449951171875,0.0,535184
2018-10-05,3596.895263671875,3793.800048828125,0.0,3924.85009765625,3768.5,3924.85009765625,0.0,380282
2018-10-08,3563.806640625,3758.89990234375,0.0,3786.5,3701.550048828125,3770.0,0.0,427278
2018-10-09,3585.7080078125,3782.0,0.0,3865.949951171875,3744.0,3779.0,0.0,215436
2018-10-10,3581.91552734375,3778.0,0.0,3829.0,3725.0,3782.0,0.0,273039
2018-10-11,3497.2978515625,3688.75,0.0,3739.89990234375,3631.199951171875,3715.0,0.0,241641
2018-10-12,3598.17529296875,3795.14990234375,0.0,3815.0,3705.14990234375,3728.0,0.0,289631
2018-10-15,3515.927734375,3708.39990234375,0.0,3820.0,3662.10009765625,3820.0,0.0,234650
2018-10-16,3557.9287109375,3752.699951171875,0.0,3814.0,3706.64990234375,3744.0,0.0,308164
2018-10-17,3529.77001953125,3723.0,0.0,3790.5,3715.0,3785.5,0.0,166654
2018-10-19,3422.255859375,3609.60009765625,0.0,3650.0,3525.0,3610.0,0.0,758353
2018-10-22,3283.50146484375,3463.25,0.0,3598.0,3446.10009765625,3598.0,0.0,709687
2018-10-23,3170.109130859375,3343.64990234375,0.0,3460.89990234375,3260.449951171875,3453.800048828125,0.0,809289
2018-10-24,3207.93798828125,3383.550048828125,0.0,3436.14990234375,3330.35009765625,3376.10009765625,0.0,354011
2018-10-25,3173.75927734375,3347.5,0.0,3389.25,3277.5,3342.0,0.0,519442
2018-10-26,3210.92431640625,3386.699951171875,0.0,3399.39990234375,3292.0,3351.199951171875,0.0,270475
2018-10-29,3263.0703125,3441.699951171875,0.0,3455.300048828125,3363.0,3404.949951171875,0.0,278127
2018-10-30,3283.880615234375,3463.64990234375,0.0,3500.949951171875,3422.550048828125,3440.0,0.0,159145
2018-10-31,3317.775146484375,3499.39990234375,0.0,3519.89990234375,3374.0,3470.0,0.0,371435
2018-11-01,3414.718505859375,3601.64990234375,0.0,3615.949951171875,3470.0,3522.0,0.0,227757
2018-11-02,3537.165283203125,3730.800048828125,0.0,3867.0,3590.0,3590.0,0.0,444425
2018-11-05,3578.644775390625,3774.550048828125,0.0,3795.39990234375,3657.85009765625,3716.949951171875,0.0,229476
2018-11-06,3550.059326171875,3744.39990234375,0.0,3807.550048828125,3711.550048828125,3774.550048828125,0.0,277572
2018-11-07,3586.276611328125,3782.60009765625,0.0,3806.0,3750.10009765625,3770.0,0.0,52687
2018-11-09,3619.697509765625,3817.85009765625,0.0,3828.14990234375,3769.35009765625,3798.800048828125,0.0,200993
2018-11-12,3533.42041015625,3726.85009765625,0.0,3889.85009765625,3712.300048828125,3821.89990234375,0.0,287420
2018-11-13,3631.12158203125,3829.89990234375,0.0,3849.25,3724.449951171875,3730.0,0.0,213510
2018-11-14,3713.748779296875,3917.050048828125,0.0,3978.300048828125,3830.35009765625,3838.0,0.0,449597
2018-11-15,3709.861572265625,3912.949951171875,0.0,3933.800048828125,3830.050048828125,3927.800048828125,0.0,233272
2018-11-16,3756.74462890625,3962.39990234375,0.0,3980.0,3911.050048828125,3952.0,0.0,220575
2018-11-19,3822.68505859375,4031.949951171875,0.0,4047.0,3952.449951171875,3970.39990234375,0.0,448367
2018-11-20,3770.065673828125,3976.449951171875,0.0,4046.5,3960.0,4033.0,0.0,183485
2018-11-21,3833.920166015625,4043.800048828125,0.0,4054.0,3937.050048828125,3980.699951171875,0.0,310675
2018-11-22,3745.367431640625,3950.39990234375,0.0,4050.0,3939.0,4050.0,0.0,235065
2018-11-26,3754.32763671875,3959.85009765625,0.0,4000.0,3941.85009765625,3994.0,0.0,274495
2018-11-27,3797.13427734375,4005.0,0.0,4029.0,3950.25,3982.0,0.0,290501
2018-11-28,3796.0908203125,4003.89990234375,0.0,4040.0,3982.199951171875,4005.199951171875,0.0,293918
2018-11-29,3821.21533203125,4030.39990234375,0.0,4058.10009765625,4012.0,4039.89990234375,0.0,495678
2018-11-30,3792.0615234375,3999.64990234375,0.0,4081.0,3985.89990234375,4030.0,0.0,637323
2018-12-03,3836.9541015625,4047.0,0.0,4100.0,4014.89990234375,4040.0,0.0,356511
2018-12-04,3821.452392578125,4030.64990234375,0.0,4105.25,4021.300048828125,4067.0,0.0,228182
2018-12-05,3763.0498046875,3969.050048828125,0.0,4029.39990234375,3954.14990234375,4020.300048828125,0.0,175670
2018-12-06,3663.92626953125,3864.5,0.0,3955.85009765625,3823.949951171875,3945.050048828125,0.0,271400
2018-12-07,3728.396728515625,3932.5,0.0,3958.0,3880.050048828125,3905.0,0.0,188598
2018-12-10,3580.541015625,3776.550048828125,0.0,3880.10009765625,3761.800048828125,3880.10009765625,0.0,291666
2018-12-11,3673.027587890625,3874.10009765625,0.0,3896.0,3725.050048828125,3749.0,0.0,324889
2018-12-12,3728.302001953125,3932.39990234375,0.0,3950.0,3873.85009765625,3886.89990234375,0.0,183942
2018-12-13,3744.135498046875,3949.10009765625,0.0,3997.0,3925.0,3997.0,0.0,213593
2018-12-14,3797.181640625,4005.050048828125,0.0,4043.800048828125,3975.0,4039.0,0.0,312029
2018-12-17,3801.210693359375,4009.300048828125,0.0,4021.550048828125,3965.0,4015.89990234375,0.0,130496
2018-12-18,3800.120361328125,4008.14990234375,0.0,4017.10009765625,3978.0,3999.0,0.0,196490
2018-12-19,3872.555419921875,4084.550048828125,0.0,4173.75,4005.10009765625,4010.0,0.0,990102
2018-12-20,3830.649658203125,4040.35009765625,0.0,4134.0,4003.300048828125,4075.0,0.0,541116
2018-12-21,3777.508056640625,3984.300048828125,0.0,4080.0,3955.5,4030.0,0.0,390384
2018-12-24,3713.843505859375,3917.14990234375,0.0,4010.89990234375,3905.0,3950.0,0.0,322548
2018-12-26,3788.695556640625,3996.10009765625,0.0,4008.0,3857.050048828125,3891.10009765625,0.0,224353
2018-12-27,3775.8017578125,3982.5,0.0,4020.5,3955.0,4015.0,0.0,255449
2018-12-28,3797.086669921875,4004.949951171875,0.0,4022.0,3985.0,3986.60009765625,0.0,196548
2018-12-31,3783.813232421875,3990.949951171875,0.0,4032.75,3980.0,4030.0,0.0,157905
2019-01-01,3801.11572265625,4009.199951171875,0.0,4014.35009765625,3966.25,4000.0,0.0,92921
2019-01-02,3798.177001953125,4006.10009765625,0.0,4018.949951171875,3973.949951171875,4000.0,0.0,143828
2019-01-03,3697.63134765625,3900.050048828125,0.0,4015.0,3875.949951171875,4010.0,0.0,223538
2019-01-04,3711.378662109375,3914.550048828125,0.0,3928.0,3853.0,3928.0,0.0,220079
2019-01-07,3722.94482421875,3926.75,0.0,3985.39990234375,3913.85009765625,3935.0,0.0,220371
2019-01-08,3713.037353515625,3916.300048828125,0.0,3943.449951171875,3840.0,3915.0,0.0,271012
2019-01-09,3619.12841796875,3817.25,0.0,3934.89990234375,3800.0,3917.0,0.0,248627
2019-01-10,3620.029052734375,3818.199951171875,0.0,3847.0,3804.050048828125,3820.0,0.0,138524
2019-01-11,3574.520263671875,3770.199951171875,0.0,3851.550048828125,3751.10009765625,3818.199951171875,0.0,248857
2019-01-14,3580.588134765625,3776.60009765625,0.0,3796.949951171875,3737.949951171875,3770.199951171875,0.0,198557
2019-01-15,3628.98876953125,3827.64990234375,0.0,3845.0,3771.050048828125,3792.0,0.0,298881
2019-01-16,3685.258056640625,3887.0,0.0,3908.0,3835.199951171875,3843.0,0.0,201711
2019-01-17,3646.81298828125,3846.449951171875,0.0,3914.75,3810.0,3892.0,0.0,235993
2019-01-18,3621.688232421875,3819.949951171875,0.0,3859.0,3771.60009765625,3859.0,0.0,237908
2019-01-21,3649.751953125,3849.550048828125,0.0,3867.5,3790.0,3810.0,0.0,279969
2019-01-22,3660.1337890625,3860.5,0.0,3887.0,3800.89990234375,3850.0,0.0,220491
2019-01-23,3650.795166015625,3850.64990234375,0.0,3886.050048828125,3840.75,3862.0,0.0,171340
2019-01-24,3593.95654296875,3790.699951171875,0.0,3878.550048828125,3770.050048828125,3856.0,0.0,808713
2019-01-25,3328.583740234375,3510.800048828125,0.0,3800.0,3480.050048828125,3800.0,0.0,1593195
2019-01-28,3199.310546875,3374.449951171875,0.0,3510.0,3332.449951171875,3510.0,0.0,1260559
2019-01-29,3232.68359375,3409.64990234375,0.0,3509.89990234375,3370.0,3375.0,0.0,754743
2019-01-30,3263.5439453125,3442.199951171875,0.0,3467.300048828125,3365.0,3420.0,0.0,303793
2019-01-31,3336.690185546875,3519.35009765625,0.0,3540.0,3432.10009765625,3454.0,0.0,621043
2019-02-01,3302.8427734375,3483.64990234375,0.0,3538.550048828125,3446.0,3530.0,0.0,745604
2019-02-04,3268.56884765625,3447.5,0.0,3496.89990234375,3402.0,3480.050048828125,0.0,320227
2019-02-05,3282.079345703125,3461.75,0.0,3472.0,3410.0,3447.5,0.0,286515
2019-02-06,3328.1572265625,3510.35009765625,0.0,3534.89990234375,3441.0,3484.89990234375,0.0,341588
2019-02-07,3385.232666015625,3570.550048828125,0.0,3606.85009765625,3497.5,3509.699951171875,0.0,367134
2019-02-08,3373.144287109375,3557.800048828125,0.0,3587.949951171875,3515.25,3535.0,0.0,287105
2019-02-11,3270.3701171875,3449.39990234375,0.0,3565.60009765625,3440.10009765625,3565.60009765625,0.0,206491
2019-02-12,3273.167236328125,3452.35009765625,0.0,3498.300048828125,3415.050048828125,3440.0,0.0,266527
2019-02-14,3313.509033203125,3494.89990234375,0.0,3503.75,3426.64990234375,3454.0,0.0,156493
2019-02-15,3260.9365234375,3439.449951171875,0.0,3489.89990234375,3367.050048828125,3489.89990234375,0.0,276417
2019-02-18,3251.266357421875,3429.25,0.0,3459.0,3380.0,3452.0,0.0,270262
2019-02-19,3287.626220703125,3467.60009765625,0.0,3504.949951171875,3410.14990234375,3410.14990234375,0.0,213945
2019-02-20,3387.887451171875,3573.35009765625,0.0,3597.0,3471.10009765625,3474.10009765625,0.0,243815
2019-02-21,3442.782470703125,3631.25,0.0,3654.0,3560.0,3583.0,0.0,394248
2019-02-22,3437.520263671875,3625.699951171875,0.0,3664.5,3604.85009765625,3631.0,0.0,216855
2019-02-25,3523.7021484375,3716.60009765625,0.0,3724.449951171875,3617.0,3620.0,0.0,445514
2019-02-26,3591.91796875,3788.550048828125,0.0,3816.0,3676.050048828125,3690.0,0.0,700811
2019-02-27,3687.24951171875,3889.10009765625,0.0,3905.0,3801.699951171875,3810.0,0.0,681050
2019-02-28,3627.898193359375,3826.5,0.0,3915.0,3790.0,3915.0,0.0,718074
2019-03-01,3677.0576171875,3878.35009765625,0.0,3899.5,3826.550048828125,3839.89990234375,0.0,270365
2019-03-05,3756.554931640625,3962.199951171875,0.0,3978.699951171875,3870.050048828125,3893.89990234375,0.0,367903
2019-03-06,3772.1513671875,3978.64990234375,0.0,4020.0,3935.800048828125,3963.0,0.0,349217
2019-03-07,3709.718994140625,3912.800048828125,0.0,3987.800048828125,3900.35009765625,3978.800048828125,0.0,382836
2019-03-08,3765.8466796875,3972.0,0.0,3986.14990234375,3885.5,3924.800048828125,0.0,253766
2019-03-11,3838.992431640625,4049.14990234375,0.0,4057.5,3955.64990234375,3975.5,0.0,389964
2019-03-12,3883.174072265625,4095.75,0.0,4147.9501953125,4050.5,4063.89990234375,0.0,609648
2019-03-13,3816.7119140625,4025.64990234375,0.0,4140.0,4011.050048828125,4099.0,0.0,380923
2019-03-14,3758.404052734375,3964.14990234375,0.0,4061.14990234375,3932.0,4036.89990234375,0.0,301915
2019-03-15,3712.847900390625,3916.10009765625,0.0,3990.0,3905.0,3990.0,0.0,339118
2019-03-18,3764.14013671875,3970.199951171875,0.0,3979.0,3918.050048828125,3949.0,0.0,286827
2019-03-19,3771.53515625,3978.0,0.0,4012.0,3960.050048828125,3970.199951171875,0.0,370780
2019-03-20,3718.7265625,3922.300048828125,0.0,4009.75,3910.89990234375,4004.699951171875,0.0,295550
2019-03-22,3725.78955078125,3929.75,0.0,3976.89990234375,3883.60009765625,3945.85009765625,0.0,399902
2019-03-25,3670.13623046875,3871.050048828125,0.0,3911.0,3850.0,3911.0,0.0,265291
2019-03-26,3721.855224609375,3925.60009765625,0.0,3944.75,3830.0,3869.0,0.0,336761
2019-03-27,3699.432373046875,3901.949951171875,0.0,3997.199951171875,3880.0,3951.699951171875,0.0,443206
2019-03-28,3706.068603515625,3908.949951171875,0.0,3968.0,3894.449951171875,3920.0,0.0,544435
2019-04-01,3843.116455078125,4053.5,0.0,4146.0,4020.0,4040.0,0.0,740396
2019-04-02,3817.043701171875,4026.0,0.0,4083.5,3985.60009765625,4062.0,0.0,413689
2019-04-03,3793.910400390625,4001.60009765625,0.0,4073.949951171875,3985.0,4025.0,0.0,253841
2019-04-04,3868.19384765625,4079.949951171875,0.0,4112.0,4001.60009765625,4026.39990234375,0.0,713853
2019-04-05,3972.91064453125,4190.39990234375,0.0,4206.0,4084.14990234375,4104.0,0.0,738916
2019-04-08,3950.583740234375,4166.85009765625,0.0,4235.4501953125,4136.0,4224.0,0.0,789953
2019-04-09,3947.123779296875,4163.2001953125,0.0,4174.64990234375,4107.4501953125,4154.0,0.0,262712
2019-04-10,3916.641357421875,4131.0498046875,0.0,4169.9501953125,4120.0,4167.89990234375,0.0,231779
2019-04-11,3925.26904296875,4140.14990234375,0.0,4161.0,4093.85009765625,4140.0,0.0,447838
2019-04-12,3950.251220703125,4166.5,0.0,4196.89990234375,4137.0,4150.10009765625,0.0,397313
2019-04-15,4006.0,4225.2998046875,0.0,4234.2998046875,4158.0,4179.7998046875,0.0,295636
2019-04-16,4034.2060546875,4255.0498046875,0.0,4285.0,4206.10009765625,4229.60009765625,0.0,269121
2019-04-18,4038.8525390625,4259.9501953125,0.0,4279.7001953125,4220.0,4279.7001953125,0.0,210890
2019-04-22,3986.61181640625,4204.85009765625,0.0,4279.0,4180.0,4235.0,0.0,182038
2019-04-23,3980.353759765625,4198.25,0.0,4232.5498046875,4182.0498046875,4212.0,0.0,316043
2019-04-24,4166.56005859375,4394.64990234375,0.0,4432.0,4110.5,4156.2998046875,0.0,1985862
2019-04-25,4379.265625,4619.0,0.0,4686.60009765625,4448.5,4450.5,0.0,3326400
2019-04-26,4370.685546875,4609.9501953125,0.0,4637.60009765625,4562.7998046875,4630.0,0.0,1004982
2019-04-30,4377.18017578125,4616.7998046875,0.0,4649.0498046875,4554.35009765625,4607.0,0.0,653730
2019-05-02,4376.70654296875,4616.2998046875,0.0,4634.0,4574.10009765625,4615.0,0.0,505389
2019-05-03,4329.01708984375,4566.0,0.0,4628.0,4552.0,4620.5,0.0,411034
2019-05-06,4284.029296875,4518.5498046875,0.0,4560.0,4485.5498046875,4500.0498046875,0.0,488749
2019-05-07,4296.0703125,4531.25,0.0,4558.85009765625,4515.0498046875,4536.10009765625,0.0,625025
2019-05-08,4273.69580078125,4507.64990234375,0.0,4550.0,4488.0,4530.0,0.0,567034
2019-05-09,4245.9638671875,4478.39990234375,0.0,4523.9501953125,4455.2998046875,4494.0,0.0,590574
2019-05-10,4204.10546875,4434.25,0.0,4508.7001953125,4422.60009765625,4508.7001953125,0.0,234079
2019-05-13,4113.27783203125,4338.4501953125,0.0,4425.0,4320.0,4425.0,0.0,408316
2019-05-14,4194.6708984375,4424.2998046875,0.0,4460.0,4289.0498046875,4326.0,0.0,617724
2019-05-15,4116.97509765625,4342.35009765625,0.0,4447.7001953125,4324.14990234375,4447.7001953125,0.0,347949
2019-05-16,4278.578125,4512.7998046875,0.0,4525.0,4322.0,4345.0,0.0,613573
2019-05-17,4259.615234375,4492.7998046875,0.0,4508.89990234375,4435.0,4500.0,0.0,513496
2019-05-20,4526.41064453125,4774.2001953125,0.0,4807.64990234375,4558.10009765625,4560.25,0.0,974132
2019-05-21,4398.93994140625,4639.75,0.0,4789.0,4618.0498046875,4789.0,0.0,671297
2019-05-22,4406.14453125,4647.35009765625,0.0,4673.64990234375,4592.0,4662.7001953125,0.0,608316
2019-05-23,4440.84521484375,4683.9501953125,0.0,4884.0,4652.2998046875,4700.0,0.0,971606
2019-05-24,4550.96728515625,4800.10009765625,0.0,4817.7998046875,4660.2001953125,4719.0,0.0,782474
2019-05-27,4589.79150390625,4841.0498046875,0.0,4904.9501953125,4752.0498046875,4800.0,0.0,609904
2019-05-28,4525.22705078125,4772.9501953125,0.0,4865.0,4752.7001953125,4848.5,0.0,664517
2019-05-29,4474.8828125,4719.85009765625,0.0,4774.0,4703.0,4774.0,0.0,318406
2019-05-30,4511.9052734375,4758.89990234375,0.0,4771.0,4707.0498046875,4719.0,0.0,767519
2019-05-31,4513.04345703125,4760.10009765625,0.0,4777.0,4660.0,4768.0,0.0,577772
2019-06-03,4515.12841796875,4762.2998046875,0.0,4792.7001953125,4730.0498046875,4780.0,0.0,641635
2019-06-04,4448.47705078125,4692.0,0.0,4782.0,4675.14990234375,4762.2998046875,0.0,529891
2019-06-06,4333.947265625,4571.2001953125,0.0,4698.85009765625,4534.0,4692.5,0.0,761710
2019-06-07,4335.51171875,4572.85009765625,0.0,4649.0,4541.0498046875,4559.0,0.0,491364
2019-06-10,4359.2138671875,4597.85009765625,0.0,4620.10009765625,4561.10009765625,4584.7001953125,0.0,436601
2019-06-11,4346.79443359375,4584.75,0.0,4628.0,4576.2998046875,4628.0,0.0,270476
2019-06-12,4331.95654296875,4569.10009765625,0.0,4596.0,4536.0,4575.0,0.0,216496
2019-06-13,4332.9990234375,4570.2001953125,0.0,4579.4501953125,4543.10009765625,4565.0,0.0,265302
2019-06-14,4268.10205078125,4501.75,0.0,4574.89990234375,4480.0,4559.0,0.0,296894
2019-06-17,4224.06201171875,4455.2998046875,0.0,4518.0,4433.5,4518.0,0.0,282285
2019-06-18,4277.29833984375,4511.4501953125,0.0,4536.0,4437.0498046875,4437.25,0.0,259249
2019-06-19,4252.220703125,4485.0,0.0,4560.0,4432.89990234375,4537.7001953125,0.0,314850
2019-06-20,4338.54541015625,4576.0498046875,0.0,4589.85009765625,4425.0,4499.0,0.0,462920
2019-06-21,4356.65380859375,4595.14990234375,0.0,4646.89990234375,4556.0,4576.0,0.0,643439
2019-06-24,4337.3603515625,4574.7998046875,0.0,4640.2998046875,4543.4501953125,4555.5,0.0,228331
2019-06-25,4357.5078125,4596.0498046875,0.0,4627.0,4537.0,4570.0,0.0,332939
2019-06-26,4358.7880859375,4597.39990234375,0.0,4634.0,4581.0498046875,4585.2001953125,0.0,444326
2019-06-27,4360.4462890625,4599.14990234375,0.0,4656.89990234375,4575.0,4605.0,0.0,725123
2019-06-28,4319.3935546875,4555.85009765625,0.0,4624.9501953125,4531.0,4610.0,0.0,268574
2019-07-01,4291.708984375,4526.64990234375,0.0,4575.0,4490.0,4569.7998046875,0.0,262438
2019-07-02,4308.25439453125,4544.10009765625,0.0,4554.64990234375,4492.2998046875,4540.0,0.0,243150
2019-07-03,4324.41845703125,4561.14990234375,0.0,4579.9501953125,4540.2001953125,4549.9501953125,0.0,162479
2019-07-04,4404.2490234375,4645.35009765625,0.0,4664.0,4567.75,4567.7998046875,0.0,407225
2019-07-05,4287.34814453125,4522.0498046875,0.0,4707.0,4498.14990234375,4645.35009765625,0.0,671481
2019-07-08,4164.37939453125,4392.35009765625,0.0,4524.0,4344.35009765625,4524.0,0.0,326512
2019-07-09,4265.2099609375,4498.7001953125,0.0,4544.85009765625,4351.60009765625,4392.0,0.0,376199
2019-07-10,4259.03173828125,4480.7001953125,11.5,4529.0,4431.64990234375,4476.0,0.0,315481
2019-07-11,4314.54248046875,4539.10009765625,0.0,4558.0,4470.85009765625,4492.10009765625,0.0,295305
2019-07-12,4339.96875,4565.85009765625,0.0,4618.89990234375,4520.10009765625,4543.7998046875,0.0,483370
2019-07-15,4369.57861328125,4597.0,0.0,4605.0,4532.2998046875,4576.0,0.0,274936
2019-07-16,4373.28564453125,4600.89990234375,0.0,4615.0,4568.75,4590.10009765625,0.0,220077
2019-07-17,4380.93701171875,4608.9501953125,0.0,4622.5498046875,4590.89990234375,4600.89990234375,0.0,300052
2019-07-18,4374.09375,4601.75,0.0,4621.0,4575.0,4612.2998046875,0.0,233821
2019-07-19,4299.19189453125,4522.9501953125,0.0,4710.0,4490.14990234375,4655.0,0.0,913097
2019-07-22,4357.31591796875,4584.10009765625,0.0,4600.85009765625,4450.14990234375,4523.10009765625,0.0,286422
2019-07-23,4314.875,4539.4501953125,0.0,4619.89990234375,4521.5,4584.10009765625,0.0,321238
2019-07-24,4223.05419921875,4442.85009765625,0.0,4553.4501953125,4430.0498046875,4549.0,0.0,225538
2019-07-25,4239.4501953125,4460.10009765625,0.0,4534.0,4442.85009765625,4460.0,0.0,403568
2019-07-26,4277.89892578125,4500.5498046875,0.0,4527.0,4425.0498046875,4477.0,0.0,225799
2019-07-29,4152.810546875,4368.9501953125,0.0,4529.0,4347.5,4499.0,0.0,381801
2019-07-30,4103.9521484375,4317.5498046875,0.0,4407.0,4301.0,4351.0,0.0,379920
2019-07-31,4131.8505859375,4346.89990234375,0.0,4362.0498046875,4211.0,4296.89990234375,0.0,688261
2019-08-01,4022.350341796875,4231.7001953125,0.0,4334.7001953125,4180.0,4296.35009765625,0.0,384975
2019-08-02,4086.367919921875,4299.0498046875,0.0,4373.89990234375,4183.35009765625,4212.89990234375,0.0,470125
2019-08-05,4036.133056640625,4246.2001953125,0.0,4316.64990234375,4185.5,4281.2998046875,0.0,315872
2019-08-06,4141.451171875,4357.0,0.0,4369.0,4205.0,4208.10009765625,0.0,412597
2019-08-07,4126.8603515625,4341.64990234375,0.0,4423.2998046875,4321.2001953125,4348.89990234375,0.0,714639
2019-08-08,4023.7275390625,4233.14990234375,0.0,4404.0,4127.89990234375,4374.85009765625,0.0,1442600
2019-08-09,4069.5439453125,4281.35009765625,0.0,4383.7001953125,4240.7001953125,4351.0,0.0,1030872
2019-08-13,3974.301025390625,4181.14990234375,0.0,4285.2998046875,4160.5498046875,4284.7998046875,0.0,413182
2019-08-14,4016.83642578125,4225.89990234375,0.0,4300.0,4195.0,4195.0,0.0,578309
2019-08-16,3999.822998046875,4208.0,0.0,4244.35009765625,4198.0,4226.0,0.0,508138
2019-08-19,3952.438720703125,4158.14990234375,0.0,4269.0,4142.39990234375,4225.0,0.0,399066
2019-08-20,3833.527587890625,4033.050048828125,0.0,4177.39990234375,4023.0,4176.0,0.0,725830
2019-08-21,3727.401123046875,3921.39990234375,0.0,4074.050048828125,3898.0,4036.0,0.0,828459
2019-08-22,3648.269287109375,3838.14990234375,0.0,3943.300048828125,3817.10009765625,3903.75,0.0,673651
2019-08-23,3670.74951171875,3861.800048828125,0.0,3899.39990234375,3791.10009765625,3838.0,0.0,783702
2019-08-26,3838.612548828125,4038.39990234375,0.0,4060.0,3831.0,3920.0,0.0,989976
2019-08-27,3931.099609375,4135.7001953125,0.0,4242.9501953125,4066.10009765625,4118.0,0.0,1555781
2019-08-28,3915.985595703125,4119.7998046875,0.0,4184.9501953125,4086.050048828125,4135.7001953125,0.0,547969
2019-08-29,3872.35693359375,4073.89990234375,0.0,4147.9501953125,4045.5,4105.0,0.0,478219
2019-08-30,3851.77783203125,4052.25,0.0,4118.0,4016.050048828125,4095.0,0.0,580571
2019-09-03,3693.32470703125,3885.550048828125,0.0,4013.60009765625,3851.0,3990.25,0.0,673895
2019-09-04,3684.722412109375,3876.5,0.0,3910.64990234375,3832.0,3898.0,0.0,551384
2019-09-05,3696.4140625,3888.800048828125,0.0,3927.449951171875,3872.5,3899.0,0.0,381459
2019-09-06,3714.236572265625,3907.550048828125,0.0,3972.0,3883.10009765625,3905.0,0.0,497704
2019-09-09,3712.383056640625,3905.60009765625,0.0,3960.0,3888.550048828125,3914.60009765625,0.0,478027
2019-09-11,3710.291259765625,3903.39990234375,0.0,3944.0,3892.0,3939.949951171875,0.0,690633
2019-09-12,3804.061279296875,4002.050048828125,0.0,4035.89990234375,3916.60009765625,3920.0,0.0,844400
2019-09-13,3831.72119140625,4031.14990234375,0.0,4047.25,3934.0,4004.949951171875,0.0,628375
2019-09-16,3795.31640625,3992.85009765625,0.0,4056.0,3975.0,4019.699951171875,0.0,424731
2019-09-17,3707.43994140625,3900.39990234375,0.0,3975.0,3881.050048828125,3961.0,0.0,708722
2019-09-18,3709.72119140625,3902.800048828125,0.0,3937.949951171875,3885.050048828125,3910.10009765625,0.0,285674
2019-09-19,3675.027099609375,3866.300048828125,0.0,3928.39990234375,3838.0,3910.0,0.0,277903
2019-09-20,4058.4228515625,4269.64990234375,0.0,4323.9501953125,3852.64990234375,3860.0,0.0,1753403
2019-09-23,4173.86376953125,4391.10009765625,0.0,4447.85009765625,4319.89990234375,4360.0,0.0,975156
2019-09-24,4104.38134765625,4318.0,0.0,4410.0,4295.10009765625,4400.0,0.0,448502
2019-09-25,4066.216796875,4277.85009765625,0.0,4340.0,4254.7001953125,4301.0498046875,0.0,488035
2019-09-26,4178.14208984375,4395.60009765625,0.0,4420.0,4285.0,4285.0,0.0,675169
2019-09-27,4177.7138671875,4395.14990234375,0.0,4419.64990234375,4335.10009765625,4335.10009765625,0.0,371737
2019-09-30,4126.48046875,4341.25,0.0,4390.0498046875,4287.0498046875,4383.60009765625,0.0,477396
2019-10-01,4004.195556640625,4212.60009765625,0.0,4410.0,4155.0,4368.0,0.0,362440
2019-10-03,3941.650146484375,4146.7998046875,0.0,4219.0,4114.0,4219.0,0.0,321369
2019-10-04,3782.674072265625,3979.550048828125,0.0,4183.2998046875,3967.0,4173.2001953125,0.0,476329
2019-10-07,3678.923828125,3870.39990234375,0.0,4008.800048828125,3853.0,3999.0,0.0,413509
2019-10-09,3843.508056640625,4043.550048828125,0.0,4061.0,3868.0,3868.0,0.0,802345
2019-10-10,3779.585205078125,3976.300048828125,0.0,4080.0,3947.050048828125,4047.5,0.0,390651
2019-10-11,3875.4931640625,4077.199951171875,0.0,4099.89990234375,3965.0,3986.0,0.0,624956
2019-10-14,3963.987548828125,4170.2998046875,0.0,4207.10009765625,4051.550048828125,4075.0,0.0,467406
2019-10-15,3998.396240234375,4206.5,0.0,4219.2001953125,4141.5498046875,4194.89990234375,0.0,349808
2019-10-16,4073.2978515625,4285.2998046875,0.0,4298.0,4226.5498046875,4232.7998046875,0.0,323562
2019-10-17,4049.677490234375,4260.4501953125,0.0,4280.0,4221.0498046875,4271.0,0.0,335206
2019-10-18,4082.803466796875,4295.2998046875,0.0,4363.0,4255.64990234375,4268.7001953125,0.0,539285
2019-10-22,4039.079345703125,4249.2998046875,0.0,4409.89990234375,4217.0,4295.0,0.0,999349
2019-10-23,4040.98046875,4251.2998046875,0.0,4299.0,4212.0,4275.85009765625,0.0,432380
2019-10-24,4098.24951171875,4311.5498046875,0.0,4330.0,4243.75,4265.0,0.0,884456
2019-10-25,3988.98681640625,4196.60009765625,0.0,4306.7998046875,4175.0,4293.7998046875,0.0,587008
2019-10-27,3982.61767578125,4189.89990234375,0.0,4275.0,4172.0,4203.0,0.0,56626
2019-10-29,3913.990234375,4117.7001953125,0.0,4219.7001953125,4081.0,4219.7001953125,0.0,775239
2019-10-30,3918.742431640625,4122.7001953125,0.0,4206.9501953125,4101.25,4170.0,0.0,616338
2019-10-31,3938.228271484375,4143.2001953125,0.0,4166.0,4091.39990234375,4122.7001953125,0.0,763791
2019-11-01,3956.81103515625,4162.75,0.0,4178.7998046875,4131.75,4143.0,0.0,255083
2019-11-04,4029.003662109375,4238.7001953125,0.0,4296.7001953125,4172.0,4172.0,0.0,875545
2019-11-05,3942.220703125,4147.39990234375,0.0,4250.0,4134.35009765625,4250.0,0.0,386308
2019-11-06,3931.0517578125,4135.64990234375,0.0,4176.89990234375,4116.0498046875,4160.0,0.0,417808
2019-11-07,3980.241455078125,4187.39990234375,0.0,4235.25,4160.0,4160.0,0.0,615076
2019-11-08,3942.077392578125,4147.25,0.0,4194.85009765625,4126.25,4170.0,0.0,371096
2019-11-11,3932.382080078125,4137.0498046875,0.0,4180.0,4108.0,4133.0,0.0,275634
2019-11-13,3911.99365234375,4115.60009765625,0.0,4172.39990234375,4105.10009765625,4137.0498046875,0.0,519389
2019-11-14,3805.344482421875,4003.39990234375,0.0,4132.0,3993.10009765625,4130.0,0.0,573058
2019-11-15,3875.683837890625,4077.39990234375,0.0,4094.0,4015.0,4043.85009765625,0.0,621773
2019-11-18,3922.2119140625,4126.35009765625,0.0,4145.2998046875,4070.050048828125,4075.89990234375,0.0,498006
2019-11-19,3897.307861328125,4100.14990234375,0.0,4130.0,4085.25,4130.0,0.0,561897
2019-11-20,3910.520263671875,4114.0498046875,0.0,4130.0,4075.0,4098.0,0.0,836453
2019-11-21,3875.541015625,4077.25,0.0,4110.0,4064.0,4110.0,0.0,213325
2019-11-22,3879.248046875,4081.14990234375,0.0,4097.85009765625,4030.050048828125,4084.800048828125,0.0,222219
2019-11-25,3909.95068359375,4113.4501953125,0.0,4129.0,4095.050048828125,4118.0,0.0,413582
2019-11-26,3909.3798828125,4112.85009765625,0.0,4149.85009765625,4088.89990234375,4115.4501953125,0.0,674879
2019-11-27,4025.153564453125,4234.64990234375,0.0,4250.0,4123.64990234375,4123.64990234375,0.0,640193
2019-11-28,4082.233642578125,4294.7001953125,0.0,4300.0,4208.2001953125,4249.9501953125,0.0,782062
2019-11-29,4048.39453125,4259.10009765625,0.0,4337.5,4239.75,4301.60009765625,0.0,463936
2019-12-02,4064.695068359375,4276.25,0.0,4320.0,4255.0,4270.0,0.0,467324
2019-12-03,4003.339599609375,4211.7001953125,0.0,4296.0,4171.7001953125,4288.89990234375,0.0,312478
2019-12-04,3989.509765625,4197.14990234375,0.0,4232.25,4164.0498046875,4210.0,0.0,271645
2019-12-05,3955.100341796875,4160.9501953125,0.0,4270.0,4146.35009765625,4202.14990234375,0.0,483794
2019-12-06,3952.153564453125,4157.85009765625,0.0,4196.2001953125,4124.2001953125,4180.0,0.0,227870
2019-12-09,3946.070556640625,4151.4501953125,0.0,4192.0,4121.0,4173.7998046875,0.0,234928
2019-12-10,3838.850341796875,4038.64990234375,0.0,4165.25,4031.199951171875,4160.0,0.0,550870
2019-12-11,3803.205810546875,4001.14990234375,0.0,4064.0,3970.0,4051.0,0.0,474277
2019-12-12,3794.603271484375,3992.10009765625,0.0,4033.85009765625,3983.300048828125,4012.199951171875,0.0,398279
2019-12-13,3880.626220703125,4082.60009765625,0.0,4091.5,3999.5,4034.0,0.0,548283
2019-12-16,3860.33251953125,4061.25,0.0,4084.949951171875,4032.0,4082.0,0.0,509129
2019-12-17,3915.748291015625,4119.5498046875,0.0,4145.0,4053.85009765625,4062.199951171875,0.0,447766
2019-12-18,3864.277099609375,4065.39990234375,0.0,4119.9501953125,4050.5,4113.2998046875,0.0,819336
2019-12-19,3838.090087890625,4037.85009765625,0.0,4083.60009765625,4024.0,4050.0,0.0,375655
2019-12-20,3916.603759765625,4120.4501953125,0.0,4146.75,4025.0,4035.0,0.0,1567317
2019-12-23,3879.9609375,4081.89990234375,0.0,4168.0,4068.199951171875,4115.0,0.0,457733
2019-12-24,3894.646728515625,4097.35009765625,0.0,4123.0,4073.550048828125,4115.0,0.0,231713
2019-12-26,3861.75830078125,4062.75,0.0,4125.0,4048.75,4097.0,0.0,362984
2019-12-27,3854.9619140625,4055.60009765625,0.0,4092.0,4045.0,4087.0,0.0,417948
2019-12-30,3851.492431640625,4051.949951171875,0.0,4090.0,4043.550048828125,4073.89990234375,0.0,326955
2019-12-31,3845.884521484375,4046.050048828125,0.0,4072.0,4030.0,4051.949951171875,0.0,276631
2020-01-01,3863.897216796875,4065.0,0.0,4071.949951171875,4045.0,4060.0,0.0,163949
2020-01-02,4034.8017578125,4244.7998046875,0.0,4256.2998046875,4068.14990234375,4069.89990234375,0.0,1458328
2020-01-03,4010.46875,4219.2001953125,0.0,4258.0,4185.85009765625,4237.0,0.0,635983
2020-01-06,3951.44091796875,4157.10009765625,0.0,4199.75,4131.0,4191.0,0.0,462841
2020-01-07,4032.235595703125,4242.10009765625,0.0,4254.0,4164.0498046875,4199.5498046875,0.0,524372
2020-01-08,4105.2841796875,4318.9501953125,0.0,4332.0,4183.7998046875,4224.85009765625,0.0,1032268
2020-01-09,4170.91748046875,4388.0,0.0,4400.0,4331.60009765625,4337.0,0.0,698429
2020-01-10,4224.7177734375,4444.60009765625,0.0,4464.0498046875,4366.89990234375,4388.10009765625,0.0,735887
2020-01-13,4247.62548828125,4468.7001953125,0.0,4492.0,4450.0498046875,4457.5498046875,0.0,403937
2020-01-14,4261.50244140625,4483.2998046875,0.0,4502.9501953125,4422.7001953125,4465.0,0.0,438651
2020-01-15,4283.5546875,4506.5,0.0,4525.25,4410.0,4451.0498046875,0.0,416924
2020-01-16,4251.0947265625,4472.35009765625,0.0,4554.89990234375,4433.25,4520.0,0.0,467980
2020-01-17,4264.7822265625,4486.75,0.0,4522.39990234375,4411.2998046875,4440.0,0.0,360682
2020-01-20,4246.62646484375,4467.64990234375,0.0,4509.4501953125,4452.0,4500.0,0.0,204026
2020-01-21,4261.740234375,4483.5498046875,0.0,4520.0,4440.0,4455.0,0.0,283173
2020-01-22,4255.466796875,4476.9501953125,0.0,4540.0,4463.0,4505.0,0.0,359444
2020-01-23,4302.47119140625,4526.39990234375,0.0,4540.0,4446.0498046875,4470.0,0.0,401079
2020-01-24,4413.0654296875,4642.75,0.0,4679.7001953125,4452.64990234375,4554.0,0.0,2127667
2020-01-27,4445.5732421875,4676.9501953125,0.0,4754.10009765625,4622.0,4624.89990234375,0.0,1058884
2020-01-28,4381.03173828125,4609.0498046875,0.0,4715.7998046875,4584.5,4670.0,0.0,711517
2020-01-29,4342.2021484375,4568.2001953125,0.0,4653.5,4559.5,4625.0,0.0,595287
2020-01-30,4264.06884765625,4486.0,0.0,4588.5,4464.14990234375,4569.0,0.0,422335
2020-01-31,4197.6279296875,4416.10009765625,0.0,4507.2998046875,4405.0,4502.2998046875,0.0,451630
2020-02-03,4154.42626953125,4370.64990234375,0.0,4386.85009765625,4236.14990234375,4265.0,0.0,537373
2020-02-04,4252.900390625,4474.25,0.0,4498.85009765625,4379.0498046875,4394.9501953125,0.0,387466
2020-02-05,4250.57080078125,4471.7998046875,0.0,4528.60009765625,4397.60009765625,4477.0,0.0,521783
2020-02-06,4244.01318359375,4464.89990234375,0.0,4519.0498046875,4442.0,4480.0,0.0,385744
2020-02-07,4250.57080078125,4471.7998046875,0.0,4547.0,4449.64990234375,4476.39990234375,0.0,547874
2020-02-10,4195.392578125,4413.75,0.0,4492.60009765625,4390.75,4487.0,0.0,271700
2020-02-11,4245.48681640625,4466.4501953125,0.0,4519.5,4433.0,4447.7001953125,0.0,296451
2020-02-12,4233.4150390625,4453.75,0.0,4492.7001953125,4439.9501953125,4492.7001953125,0.0,323821
2020-02-13,4230.32568359375,4450.5,0.0,4473.14990234375,4415.0,4439.9501953125,0.0,186493
2020-02-14,4214.974609375,4434.35009765625,0.0,4538.9501953125,4393.0498046875,4469.0,0.0,665316
2020-02-17,4229.7080078125,4449.85009765625,0.0,4465.0,4401.10009765625,4443.89990234375,0.0,354909
2020-02-18,4254.279296875,4475.7001953125,0.0,4488.2001953125,4370.10009765625,4433.60009765625,0.0,510062
2020-02-19,4251.8076171875,4473.10009765625,0.0,4530.0,4455.0,4494.0,0.0,384898
2020-02-20,4209.03369140625,4428.10009765625,0.0,4508.0,4420.0,4450.0,0.0,414088
2020-02-24,4177.5712890625,4395.0,0.0,4455.0,4320.0,4415.0,0.0,383261
2020-02-25,4129.09423828125,4344.0,0.0,4400.0,4330.75,4397.5,0.0,402233
2020-02-26,4126.71875,4341.5,0.0,4423.89990234375,4286.0498046875,4320.25,0.0,642946
2020-02-27,4107.849609375,4321.64990234375,0.0,4365.0498046875,4275.35009765625,4332.5498046875,0.0,369157
2020-02-28,4010.8486328125,4219.60009765625,0.0,4304.14990234375,4200.0,4270.0,0.0,524557
2020-03-02,3936.802490234375,4141.7001953125,0.0,4316.2998046875,4078.550048828125,4255.0,0.0,378937
2020-03-03,4087.17578125,4299.89990234375,0.0,4329.0,4157.5498046875,4179.89990234375,0.0,606056
2020-03-04,3966.36328125,4172.7998046875,0.0,4325.0,4117.0,4310.0498046875,0.0,750952
2020-03-05,3997.493408203125,4205.5498046875,0.0,4230.0,4151.60009765625,4182.0498046875,0.0,450539
2020-03-06,3961.659423828125,4167.85009765625,0.0,4193.2998046875,4010.0,4092.60009765625,0.0,585749
2020-03-09,3894.646728515625,4097.35009765625,0.0,4164.5498046875,3995.0,4070.0,0.0,588288
2020-03-11,3795.839111328125,3993.39990234375,0.0,4111.85009765625,3962.699951171875,4070.0,0.0,775964
2020-03-12,3482.259765625,3663.5,0.0,3890.0,3612.5,3890.0,0.0,992092
2020-03-13,3601.45654296875,3788.89990234375,0.0,4011.5,3114.0,3470.300048828125,0.0,1378933
2020-03-16,3344.00537109375,3518.050048828125,0.0,3660.0,3405.0,3650.0,0.0,975878
2020-03-17,3298.760498046875,3470.449951171875,0.0,3575.0,3454.699951171875,3520.0,0.0,563672
2020-03-18,3140.117431640625,3303.550048828125,0.0,3537.89990234375,3270.5,3537.89990234375,0.0,790520
2020-03-19,3009.419677734375,3166.050048828125,0.0,3389.75,2955.60009765625,3139.0,0.0,790106
2020-03-20,3397.044921875,3573.85009765625,0.0,3656.800048828125,3140.35009765625,3185.0,0.0,825459
2020-03-23,2903.72119140625,3054.85009765625,0.0,3290.39990234375,3037.800048828125,3220.0,0.0,883620
2020-03-24,2868.7890625,3018.10009765625,0.0,3237.199951171875,2967.449951171875,3100.0,0.0,1105225
2020-03-25,3068.875,3228.60009765625,0.0,3290.0,2910.0,2968.199951171875,0.0,874543
2020-03-26,3069.39794921875,3229.14990234375,0.0,3385.0,3153.60009765625,3230.0,0.0,931742
2020-03-27,2988.080322265625,3143.60009765625,0.0,3390.0,3102.39990234375,3390.0,0.0,471310
2020-03-30,2933.234619140625,3085.89990234375,0.0,3150.0,3070.0,3116.0,0.0,507697
2020-03-31,3084.321044921875,3244.85009765625,0.0,3279.050048828125,3100.0,3140.0,0.0,637365
2020-04-01,2985.27587890625,3140.64990234375,0.0,3259.949951171875,3105.25,3245.0,0.0,390613
2020-04-03,2891.12646484375,3041.60009765625,0.0,3191.0,3025.0,3189.0,0.0,406172
2020-04-07,3117.25732421875,3279.5,0.0,3345.75,3080.25,3184.949951171875,0.0,646709
2020-04-08,3095.34716796875,3256.449951171875,0.0,3384.85009765625,3197.25,3241.0,0.0,647497
2020-04-09,3199.525146484375,3366.050048828125,0.0,3389.800048828125,3258.5,3301.0,0.0,501495
2020-04-13,3294.6259765625,3466.10009765625,0.0,3631.25,3290.60009765625,3347.10009765625,0.0,1107263
2020-04-15,3422.0439453125,3600.14990234375,0.0,3674.0,3531.5,3560.0,0.0,1239945
2020-04-16,3364.013916015625,3539.10009765625,0.0,3565.699951171875,3475.14990234375,3550.0,0.0,617278
2020-04-17,3359.214111328125,3534.050048828125,0.0,3664.39990234375,3510.85009765625,3654.0,0.0,775287
2020-04-20,3342.57958984375,3516.550048828125,0.0,3570.0,3490.050048828125,3570.0,0.0,391192
2020-04-21,3234.885009765625,3403.25,0.0,3470.0,3376.050048828125,3469.0,0.0,533462
2020-04-22,3270.909912109375,3441.14990234375,0.0,3457.64990234375,3376.0,3421.0,0.0,944451
2020-04-23,3271.907958984375,3442.199951171875,0.0,3470.0,3406.0,3435.0,0.0,977203
2020-04-24,3144.2998046875,3307.949951171875,0.0,3440.0,3292.800048828125,3410.0,0.0,624104
2020-04-27,3194.392333984375,3360.64990234375,0.0,3370.0,3316.35009765625,3336.0,0.0,444246
2020-04-28,3226.09228515625,3394.0,0.0,3431.0,3365.5,3412.0,0.0,767800
2020-04-29,3264.446533203125,3434.35009765625,0.0,3453.800048828125,3360.10009765625,3360.10009765625,0.0,393804
2020-04-30,3359.45166015625,3534.300048828125,0.0,3565.949951171875,3446.14990234375,3470.0,0.0,854097
2020-05-04,3181.988525390625,3347.60009765625,0.0,3461.699951171875,3326.050048828125,3431.0,0.0,519181
2020-05-05,3121.866943359375,3284.35009765625,0.0,3395.0,3274.0,3395.0,0.0,387071
2020-05-06,3159.935791015625,3324.39990234375,0.0,3389.5,3247.14990234375,3300.0,0.0,374625
2020-05-07,3091.925537109375,3252.85009765625,0.0,3378.0,3231.0,3323.949951171875,0.0,473677
2020-05-08,3142.25634765625,3305.800048828125,0.0,3325.0,3271.050048828125,3294.0,0.0,421623
2020-05-11,3194.48779296875,3360.75,0.0,3450.0,3330.10009765625,3355.0,0.0,483864
2020-05-12,3183.651611328125,3349.35009765625,0.0,3405.5,3275.550048828125,3344.0,0.0,557262
2020-05-13,3371.238037109375,3546.699951171875,0.0,3580.0,3450.0,3450.0,0.0,1225497
2020-05-14,3430.931396484375,3609.5,0.0,3633.800048828125,3491.0,3512.0,0.0,974733
2020-05-15,3405.885009765625,3583.14990234375,0.0,3629.0,3547.85009765625,3629.0,0.0,645207
2020-05-18,3144.156982421875,3307.800048828125,0.0,3588.85009765625,3281.10009765625,3584.39990234375,0.0,817697
2020-05-19,3268.058349609375,3438.14990234375,0.0,3493.0,3335.25,3370.0,0.0,1012170
2020-05-20,3353.93896484375,3528.5,0.0,3599.85009765625,3435.0,3449.949951171875,0.0,1042217
2020-05-21,3394.81103515625,3571.5,0.0,3590.0,3496.35009765625,3588.0,0.0,710536
2020-05-22,3458.92431640625,3638.949951171875,0.0,3668.0,3530.0,3550.0,0.0,1021137
2020-05-26,3598.69970703125,3786.0,0.0,3847.0,3657.39990234375,3665.0,0.0,1409106
2020-05-27,3542.99853515625,3727.39990234375,0.0,3808.0,3691.0,3801.0,0.0,826874
2020-05-28,3620.75146484375,3809.199951171875,0.0,3820.0,3716.050048828125,3729.0,0.0,603406
2020-05-29,3711.670166015625,3904.85009765625,0.0,3940.0,3794.85009765625,3809.0,0.0,1947052
2020-06-01,3626.93017578125,3815.699951171875,0.0,3955.0,3801.0,3905.0,0.0,742238
2020-06-02,3644.562744140625,3834.25,0.0,3854.0,3770.0,3837.0,0.0,734563
2020-06-03,3665.14111328125,3855.89990234375,0.0,3920.0,3844.050048828125,3889.949951171875,0.0,493621
2020-06-04,3615.714111328125,3803.89990234375,0.0,3870.64990234375,3731.550048828125,3831.0,0.0,807841
2020-06-05,3678.116455078125,3869.550048828125,0.0,3928.5,3805.0,3812.0,0.0,697747
2020-06-08,3591.285400390625,3778.199951171875,0.0,3910.0,3761.699951171875,3910.0,0.0,547499
2020-06-09,3603.78515625,3791.35009765625,0.0,3834.89990234375,3754.800048828125,3805.0,0.0,478720
2020-06-10,3604.83056640625,3792.449951171875,0.0,3864.85009765625,3780.0,3825.0,0.0,475926
2020-06-11,3521.611572265625,3704.89990234375,0.0,3819.949951171875,3688.0,3789.89990234375,0.0,475582
2020-06-12,3601.123291015625,3788.550048828125,0.0,3805.0,3600.0,3600.0,0.0,592647
2020-06-15,3559.537841796875,3744.800048828125,0.0,3768.64990234375,3688.0,3726.449951171875,0.0,440266
2020-06-16,3592.948974609375,3779.949951171875,0.0,3830.300048828125,3734.39990234375,3785.0,0.0,622734
2020-06-17,3620.75146484375,3809.199951171875,0.0,3845.0,3712.0,3760.0,0.0,430610
2020-06-18,3654.06787109375,3844.25,0.0,3882.0,3777.0,3799.699951171875,0.0,348706
2020-06-19,3646.558837890625,3836.35009765625,0.0,3904.449951171875,3813.10009765625,3859.25,0.0,556284
2020-06-22,3636.0078125,3825.25,0.0,3847.449951171875,3790.64990234375,3836.35009765625,0.0,329145
2020-06-23,3747.742431640625,3942.800048828125,0.0,3954.0,3833.64990234375,3847.0,0.0,563658
2020-06-24,3632.53857421875,3821.60009765625,0.0,4016.0,3806.449951171875,3982.800048828125,0.0,501886
2020-06-25,3614.240966796875,3802.35009765625,0.0,3875.0,3781.75,3814.800048828125,0.0,395771
2020-06-26,3669.609375,3860.60009765625,0.0,3874.0,3780.0,3835.0,0.0,373568
2020-06-29,3618.66064453125,3807.0,0.0,3840.0,3757.0,3839.949951171875,0.0,692124
2020-06-30,3700.9287109375,3893.550048828125,0.0,3904.35009765625,3822.0,3822.0,0.0,494113
2020-07-01,3705.7294921875,3898.60009765625,0.0,3933.949951171875,3862.10009765625,3888.0,0.0,331198
2020-07-02,3721.270263671875,3914.949951171875,0.0,3947.0,3882.0,3911.0,0.0,294326
2020-07-03,3697.17431640625,3889.60009765625,0.0,3960.0,3875.0,3926.0,0.0,257664
2020-07-06,3736.43115234375,3930.89990234375,0.0,3944.699951171875,3904.5,3920.0,0.0,254346
2020-07-07,3670.939697265625,3862.0,0.0,3947.85009765625,3826.5,3940.0,0.0,452245
2020-07-08,3599.3173828125,3786.64990234375,0.0,3884.949951171875,3776.800048828125,3884.949951171875,0.0,635619
2020-07-09,3653.307373046875,3843.449951171875,0.0,3858.75,3767.050048828125,3802.0,0.0,524030
2020-07-10,3610.581298828125,3798.5,0.0,3844.699951171875,3783.0,3835.050048828125,0.0,336838
2020-07-13,3600.505615234375,3787.89990234375,0.0,3837.800048828125,3778.0,3820.0,0.0,302963
2020-07-14,3584.346435546875,3770.89990234375,0.0,3820.800048828125,3744.0,3784.800048828125,0.0,351717
2020-07-15,3631.63525390625,3820.64990234375,0.0,3829.949951171875,3772.0,3782.199951171875,0.0,274206
2020-07-16,3627.452880859375,3816.25,0.0,3834.0,3735.0,3824.949951171875,0.0,412522
2020-07-17,3671.747802734375,3862.85009765625,0.0,3869.0,3812.199951171875,3820.0,0.0,237461
2020-07-20,3673.886474609375,3865.10009765625,0.0,3890.0,3826.949951171875,3863.10009765625,0.0,277775
2020-07-21,3672.175537109375,3863.300048828125,0.0,3955.0,3850.0,3899.0,0.0,614199
2020-07-22,3671.5576171875,3862.64990234375,0.0,3905.0,3837.89990234375,3880.0,0.0,433235
2020-07-23,3648.0322265625,3837.89990234375,0.0,3890.0,3826.050048828125,3862.64990234375,0.0,264268
2020-07-24,3595.372802734375,3782.5,0.0,3839.050048828125,3735.35009765625,3839.0,0.0,594650
2020-07-27,3669.134033203125,3860.10009765625,0.0,3901.0,3781.0,3790.10009765625,0.0,499750
2020-07-28,3931.71728515625,4136.35009765625,0.0,4213.0,3862.14990234375,3877.0,0.0,2492211
2020-07-29,3986.64013671875,4180.9501953125,13.0,4287.35009765625,4155.0,4169.89990234375,0.0,1777725
2020-07-30,3962.42041015625,4155.5498046875,0.0,4219.75,4128.5498046875,4199.9501953125,0.0,595214
2020-07-31,3925.948486328125,4117.2998046875,0.0,4209.0,4092.5,4159.9501953125,0.0,413669
2020-08-03,3857.532958984375,4045.550048828125,0.0,4155.0,4027.60009765625,4139.0,0.0,490180
2020-08-04,3818.2001953125,4004.300048828125,0.0,4074.0,3984.14990234375,4050.550048828125,0.0,600934
2020-08-05,3853.241943359375,4041.050048828125,0.0,4110.0,4015.0,4034.800048828125,0.0,569833
2020-08-06,3841.13232421875,4028.35009765625,0.0,4083.75,4001.050048828125,4068.89990234375,0.0,378473
2020-08-07,3818.15283203125,4004.25,0.0,4072.0,3982.449951171875,4026.0,0.0,348651
2020-08-10,3783.9208984375,3968.35009765625,0.0,4048.0,3961.0,4048.0,0.0,590885
2020-08-11,3784.30224609375,3968.75,0.0,4077.300048828125,3961.0,3994.0,0.0,823622
2020-08-12,3813.76611328125,3999.64990234375,0.0,4014.14990234375,3926.0,3973.449951171875,0.0,466155
2020-08-13,3859.201904296875,4047.300048828125,0.0,4075.0,4007.10009765625,4024.89990234375,0.0,545546
2020-08-14,3823.730712890625,4010.10009765625,0.0,4090.89990234375,3965.35009765625,4045.0,0.0,661653
2020-08-17,3848.045654296875,4035.60009765625,0.0,4049.949951171875,3985.10009765625,4040.0,0.0,315955
2020-08-18,3975.197998046875,4168.9501953125,0.0,4180.0,4039.0,4039.0,0.0,1154453
2020-08-19,4004.661376953125,4199.85009765625,0.0,4216.0,4172.10009765625,4186.0,0.0,618695
2020-08-20,3951.645751953125,4144.25,0.0,4197.35009765625,4131.39990234375,4178.9501953125,0.0,350925
2020-08-21,3993.172119140625,4187.7998046875,0.0,4202.5,4140.10009765625,4187.89990234375,0.0,490700
2020-08-24,3994.888427734375,4189.60009765625,0.0,4224.0,4170.0,4216.9501953125,0.0,379052
2020-08-25,3978.440185546875,4172.35009765625,0.0,4199.0,4142.0498046875,4191.0,0.0,373776
2020-08-26,3890.048095703125,4079.64990234375,0.0,4181.7998046875,4070.0,4170.0,0.0,574774
2020-08-27,3859.05859375,4047.14990234375,0.0,4116.5498046875,4025.800048828125,4096.0,0.0,458012
2020-08-28,3873.742919921875,4062.550048828125,0.0,4088.800048828125,4046.0,4062.0,0.0,346506
2020-08-31,3722.418701171875,3903.85009765625,0.0,4086.300048828125,3882.85009765625,4062.550048828125,0.0,680870
2020-09-01,3730.8095703125,3912.64990234375,0.0,3968.300048828125,3851.5,3925.0,0.0,528801
2020-09-02,3758.50927734375,3941.699951171875,0.0,4045.949951171875,3896.14990234375,3897.199951171875,0.0,759445
2020-09-03,3765.47021484375,3949.0,0.0,3980.0,3928.64990234375,3967.699951171875,0.0,284007
2020-09-04,3734.098876953125,3916.10009765625,0.0,3931.949951171875,3880.0,3913.25,0.0,438236
2020-09-07,3669.783447265625,3848.64990234375,0.0,3990.0,3821.0,3925.0,0.0,704096
2020-09-08,3646.041015625,3823.75,0.0,3862.5,3812.64990234375,3854.800048828125,0.0,456797
2020-09-09,3657.340576171875,3835.60009765625,0.0,3861.0,3779.0,3811.0,0.0,332412
2020-09-10,3733.527099609375,3915.5,0.0,3939.0,3825.0,3837.0,0.0,433018
2020-09-11,3722.657470703125,3904.10009765625,0.0,3944.199951171875,3878.0,3915.5,0.0,348215
2020-09-14,3732.1923828125,3914.10009765625,0.0,3969.699951171875,3890.0,3899.949951171875,0.0,472618
2020-09-15,3748.735595703125,3931.449951171875,0.0,3954.949951171875,3885.14990234375,3917.10009765625,0.0,312720
2020-09-16,3790.16650390625,3974.89990234375,0.0,3983.85009765625,3920.050048828125,3933.0,0.0,418071
2020-09-17,3784.492919921875,3968.949951171875,0.0,4023.39990234375,3943.5,3954.800048828125,0.0,447295
2020-09-18,3816.5791015625,4002.60009765625,0.0,4019.39990234375,3950.0,3983.89990234375,0.0,440400
2020-09-21,3698.628173828125,3878.89990234375,0.0,4003.60009765625,3850.0,4002.60009765625,0.0,389056
2020-09-22,3702.6806640625,3883.14990234375,0.0,3944.5,3794.0,3879.64990234375,0.0,508999
2020-09-23,3689.3310546875,3869.14990234375,0.0,3918.25,3837.050048828125,3900.0,0.0,307971
2020-09-24,3602.2265625,3777.800048828125,0.0,3869.14990234375,3753.89990234375,3869.0,0.0,456036
2020-09-25,3679.176025390625,3858.5,0.0,3879.89990234375,3760.050048828125,3790.0,0.0,321826
2020-09-28,3739.72509765625,3922.0,0.0,3950.0,3870.14990234375,3890.0,0.0,248628
2020-09-29,3873.314208984375,4062.10009765625,0.0,4078.0,3943.25,3960.0,0.0,772188
2020-09-30,3861.34716796875,4049.550048828125,0.0,4102.7001953125,4023.10009765625,4087.699951171875,0.0,548775
2020-10-01,3907.30712890625,4097.75,0.0,4120.0,4062.10009765625,4088.0,0.0,406483
2020-10-05,3859.05859375,4047.14990234375,0.0,4114.10009765625,4031.050048828125,4114.10009765625,0.0,312598
2020-10-06,3943.87451171875,4136.10009765625,0.0,4148.0,4055.199951171875,4055.199951171875,0.0,351025
2020-10-07,4017.53466796875,4213.35009765625,0.0,4285.9501953125,4114.10009765625,4122.75,0.0,1037715
2020-10-08,4144.02001953125,4346.0,0.0,4360.0,4214.0,4225.0,0.0,801790
2020-10-09,4098.583984375,4298.35009765625,0.0,4374.9501953125,4275.5,4340.0,0.0,405756
2020-10-12,4106.16455078125,4306.2998046875,0.0,4361.0,4246.39990234375,4300.0,0.0,488896
2020-10-13,4179.0615234375,4382.75,0.0,4525.0,4339.4501953125,4448.0,0.0,2369441
2020-10-14,4236.3681640625,4442.85009765625,0.0,4459.0,4315.0,4381.85009765625,0.0,817554
2020-10-15,4179.5859375,4383.2998046875,0.0,4473.0,4366.2998046875,4459.0,0.0,545465
2020-10-16,4273.794921875,4482.10009765625,0.0,4496.0,4380.0,4383.9501953125,0.0,669844
2020-10-19,4304.7841796875,4514.60009765625,0.0,4549.0,4464.85009765625,4500.0,0.0,636376
2020-10-20,4333.15087890625,4544.35009765625,0.0,4584.5,4485.0,4544.5,0.0,871380
2020-10-21,4413.96337890625,4629.10009765625,0.0,4658.0,4440.0,4545.35009765625,0.0,2032618
2020-10-22,4400.0888671875,4614.5498046875,0.0,4735.5498046875,4528.60009765625,4675.0,0.0,1812783
2020-10-23,4295.201171875,4504.5498046875,0.0,4642.0,4488.39990234375,4620.0,0.0,886850
2020-10-26,4276.94091796875,4485.39990234375,0.0,4544.39990234375,4459.35009765625,4510.0,0.0,727534
2020-10-27,4354.701171875,4566.9501953125,0.0,4628.0,4485.0,4495.0,0.0,1088244
2020-10-28,4261.58935546875,4469.2998046875,0.0,4593.89990234375,4453.0,4593.89990234375,0.0,509919
2020-10-29,4364.09228515625,4576.7998046875,0.0,4615.35009765625,4440.0,4449.10009765625,0.0,927412
2020-10-30,4361.470703125,4574.0498046875,0.0,4671.0,4540.0498046875,4550.0,0.0,934842
2020-11-02,4339.30126953125,4550.7998046875,0.0,4589.5498046875,4520.0,4551.0,0.0,489146
2020-11-03,4338.10986328125,4549.5498046875,0.0,4587.0,4515.0498046875,4565.10009765625,0.0,582702
2020-11-04,4320.99365234375,4531.60009765625,0.0,4611.0,4501.0498046875,4550.0,0.0,495599
2020-11-05,4403.283203125,4617.89990234375,0.0,4634.14990234375,4545.0,4570.0,0.0,584030
2020-11-06,4344.259765625,4556.0,0.0,4617.85009765625,4540.0,4587.60009765625,0.0,426088
2020-11-09,4410.29150390625,4625.25,0.0,4649.89990234375,4580.0,4595.0,0.0,447725
2020-11-10,4500.20849609375,4719.5498046875,0.0,4785.0,4630.5,4642.0,0.0,1235506
2020-11-11,4599.61376953125,4823.7998046875,0.0,4855.9501953125,4724.35009765625,4731.39990234375,0.0,811311
2020-11-12,4620.87744140625,4846.10009765625,0.0,4866.5,4784.25,4852.0,0.0,668501
2020-11-13,4672.03369140625,4899.75,0.0,4922.0,4815.35009765625,4825.0,0.0,428529
2020-11-14,4680.0908203125,4908.2001953125,0.0,4939.0,4883.0,4925.0,0.0,47328
2020-11-17,4680.9013671875,4909.0498046875,0.0,4979.0,4896.0,4910.0,0.0,708971
2020-11-18,4698.494140625,4927.5,0.0,4940.0,4860.0,4904.5,0.0,437973
2020-11-19,4555.9423828125,4778.0,0.0,4914.0,4761.0,4895.0,0.0,540260
2020-11-20,4636.56298828125,4862.5498046875,0.0,4871.9501953125,4769.0498046875,4807.89990234375,0.0,445562
2020-11-23,4662.26025390625,4889.5,0.0,4915.0,4863.35009765625,4874.0,0.0,438597
2020-11-24,4646.71826171875,4873.2001953125,0.0,4913.14990234375,4842.0,4900.0,0.0,372131
2020-11-25,4595.84716796875,4819.85009765625,0.0,4929.0,4801.0498046875,4899.0,0.0,481744
2020-11-26,4609.48291015625,4834.14990234375,0.0,4873.89990234375,4791.5498046875,4822.0,0.0,486664
2020-11-27,4578.8271484375,4802.0,0.0,4873.4501953125,4770.0,4834.2001953125,0.0,920840
2020-12-01,4682.2841796875,4910.5,0.0,4937.2001953125,4805.0,4815.0,0.0,752883
2020-12-02,4703.833984375,4933.10009765625,0.0,4997.25,4872.7998046875,4910.5,0.0,696234
2020-12-03,4666.07421875,4893.5,0.0,4960.0,4841.2001953125,4960.0,0.0,740259
2020-12-04,4854.77685546875,5091.39990234375,0.0,5199.0,4960.10009765625,4990.0,0.0,2996248
2020-12-07,4821.49853515625,5056.5,0.0,5176.0,5037.0,5120.0,0.0,910850
2020-12-08,4975.2548828125,5217.75,0.0,5237.0,5064.85009765625,5064.85009765625,0.0,1652861
2020-12-09,4905.6953125,5144.7998046875,0.0,5259.0,5116.35009765625,5217.75,0.0,1625022
2020-12-10,4733.583984375,4964.2998046875,0.0,5119.0,4950.0,5099.0,0.0,1333296
2020-12-11,4781.92724609375,5015.0,0.0,5038.64990234375,4956.0,5005.0,0.0,974421
2020-12-14,4837.947265625,5073.75,0.0,5080.0,4995.7001953125,5015.0,0.0,919851
2020-12-15,4917.18505859375,5156.85009765625,0.0,5230.0,5068.0,5070.0,0.0,1629308
2020-12-16,4875.37353515625,5113.0,0.0,5225.0,5094.25,5160.0,0.0,630475
2020-12-17,4931.4404296875,5171.7998046875,0.0,5219.0,5126.60009765625,5153.7001953125,0.0,834935
2020-12-18,4913.037109375,5152.5,0.0,5214.0,5115.0,5140.0,0.0,549221
2020-12-21,4775.10986328125,5007.85009765625,0.0,5190.0,4865.4501953125,5155.0,0.0,597997
2020-12-22,4787.9345703125,5021.2998046875,0.0,5091.10009765625,4891.2001953125,5039.9501953125,0.0,576026
2020-12-23,4799.99755859375,5033.9501953125,0.0,5075.0,4980.25,4999.60009765625,0.0,449498
2020-12-24,4810.29541015625,5044.75,0.0,5124.35009765625,5011.64990234375,5099.0,0.0,431767
2020-12-28,4903.16796875,5142.14990234375,0.0,5160.0,5055.39990234375,5055.39990234375,0.0,410405
2020-12-29,4907.55517578125,5146.75,0.0,5172.75,5081.60009765625,5160.0,0.0,401258
2020-12-30,5105.88818359375,5354.75,0.0,5400.0,5120.0498046875,5157.0498046875,0.0,1002535
2020-12-31,5042.3828125,5288.14990234375,0.0,5379.0,5261.2001953125,5374.0,0.0,728164
2021-01-01,5044.91015625,5290.7998046875,0.0,5349.0,5279.2998046875,5316.89990234375,0.0,355623
2021-01-04,5079.61865234375,5327.2001953125,0.0,5386.85009765625,5292.0498046875,5306.9501953125,0.0,453783
2021-01-05,5092.9677734375,5341.2001953125,0.0,5372.89990234375,5245.0498046875,5336.0,0.0,530958
2021-01-06,5195.13818359375,5448.35009765625,0.0,5468.5,5300.0,5360.0,0.0,701452
2021-01-07,5147.080078125,5397.9501953125,0.0,5517.7001953125,5385.0,5475.0,0.0,742403
2021-01-08,5331.8740234375,5591.75,0.0,5613.2998046875,5417.5498046875,5419.0,0.0,802681
2021-01-11,5362.33837890625,5623.7001953125,0.0,5696.75,5504.9501953125,5550.0,0.0,714576
2021-01-12,5376.92724609375,5639.0,0.0,5695.9501953125,5551.0,5624.7998046875,0.0,591436
2021-01-13,5388.130859375,5650.75,0.0,5674.0,5600.0,5650.0,0.0,423240
2021-01-14,5322.90966796875,5582.35009765625,0.0,5674.0,5560.0,5645.0,0.0,464204
2021-01-15,5198.85693359375,5452.25,0.0,5656.75,5425.75,5587.0,0.0,589866
2021-01-18,5135.68505859375,5386.0,0.0,5461.7998046875,5326.4501953125,5440.0,0.0,461596
2021-01-19,5234.947265625,5490.10009765625,0.0,5535.0,5393.75,5400.10009765625,0.0,483417
2021-01-20,5289.29833984375,5547.10009765625,0.0,5554.25,5463.89990234375,5514.0,0.0,321063
2021-01-21,5285.818359375,5543.4501953125,0.0,5647.0,5511.39990234375,5599.0,0.0,481346
2021-01-22,5277.5703125,5534.7998046875,0.0,5595.0,5468.0498046875,5578.0,0.0,680688
2021-01-25,5118.9033203125,5368.39990234375,0.0,5831.7998046875,5326.64990234375,5745.0,0.0,3236487
2021-01-27,5153.65966796875,5404.85009765625,0.0,5519.89990234375,5330.35009765625,5380.0,0.0,1212604
2021-01-28,5190.70458984375,5443.7001953125,0.0,5469.9501953125,5340.0,5350.0,0.0,576548
2021-01-29,5079.666015625,5327.25,0.0,5509.7001953125,5288.0,5489.0,0.0,745559
2021-02-01,5477.1904296875,5744.14990234375,0.0,5793.25,5260.0,5384.0,0.0,1455212
2021-02-02,5838.95751953125,6123.5498046875,0.0,6199.0,5785.0,5785.0,0.0,2251712
2021-02-03,5792.3779296875,6074.7001953125,0.0,6238.0,6040.0,6155.0,0.0,952770
2021-02-04,5895.4541015625,6182.7998046875,0.0,6210.0,6041.5498046875,6093.0,0.0,683257
2021-02-05,6056.88671875,6352.10009765625,0.0,6399.0,6120.0,6180.0,0.0,1174059
2021-02-08,6072.18994140625,6368.14990234375,0.0,6485.0,6318.0,6379.85009765625,0.0,769441
2021-02-09,6122.01171875,6420.39990234375,0.0,6480.0,6371.85009765625,6424.7998046875,0.0,947676
2021-02-10,6095.07470703125,6392.14990234375,0.0,6589.0,6321.10009765625,6441.10009765625,0.0,1045511
2021-02-11,6128.4482421875,6427.14990234375,0.0,6468.0,6369.2998046875,6399.5,0.0,390465
2021-02-12,6099.93798828125,6397.25,0.0,6480.0,6366.9501953125,6439.89990234375,0.0,408867
2021-02-15,6109.9501953125,6407.75,0.0,6463.9501953125,6387.10009765625,6435.0,0.0,277851
2021-02-16,6157.67333984375,6457.7998046875,0.0,6550.0,6409.9501953125,6448.0,0.0,595723
2021-02-17,6120.8671875,6419.2001953125,0.0,6544.5,6390.9501953125,6457.7998046875,0.0,555520
2021-02-18,6031.85595703125,6325.85009765625,0.0,6492.2998046875,6301.0,6492.2998046875,0.0,573974
2021-02-19,5919.9599609375,6208.5,0.0,6318.64990234375,6175.0,6315.0,0.0,499669
2021-02-22,5888.11181640625,6175.10009765625,0.0,6284.9501953125,6108.64990234375,6215.0,0.0,528408
2021-02-23,5977.12353515625,6268.4501953125,0.0,6347.89990234375,6131.0498046875,6186.0,0.0,453805
2021-02-24,6116.43408203125,6414.5498046875,0.0,6450.0,6210.0,6319.0,0.0,378560
2021-02-25,6086.63525390625,6383.2998046875,0.0,6468.0,6338.4501953125,6406.0,0.0,803072
2021-02-26,5830.80517578125,6115.0,0.0,6489.0,6060.0,6370.0,0.0,1307673
2021-03-01,6069.234375,6365.0498046875,0.0,6389.7998046875,6170.60009765625,6218.7998046875,0.0,609302
2021-03-02,6124.58642578125,6423.10009765625,0.0,6473.85009765625,6312.10009765625,6375.0,0.0,438046
2021-03-03,6198.38916015625,6500.5,0.0,6535.0,6431.0,6450.0,0.0,467421
2021-03-04,6460.65625,6775.5498046875,0.0,6830.0,6394.4501953125,6429.0,0.0,1303144
2021-03-05,6493.79150390625,6810.2998046875,0.0,6944.2001953125,6690.5,6690.5,0.0,1828811
2021-03-08,6358.248046875,6668.14990234375,0.0,6847.89990234375,6641.7998046875,6840.0,0.0,658514
2021-03-09,6386.1376953125,6697.39990234375,0.0,6824.0,6660.0,6745.0,0.0,483037
2021-03-10,6449.69091796875,6764.0498046875,0.0,6789.0,6684.0,6752.10009765625,0.0,302774
2021-03-12,6329.6416015625,6638.14990234375,0.0,6853.64990234375,6612.0498046875,6768.0,0.0,673811
2021-03-15,6256.50634765625,6561.4501953125,0.0,6678.85009765625,6490.0498046875,6665.0,0.0,349036
2021-03-16,6331.35791015625,6639.9501953125,0.0,6703.0,6565.10009765625,6590.0,0.0,614224
2021-03-17,6217.2216796875,6520.25,0.0,6670.0,6488.39990234375,6639.0,0.0,443282
2021-03-18,6207.49462890625,6510.0498046875,0.0,6636.64990234375,6466.7001953125,6595.0,0.0,345807
2021-03-19,6361.9189453125,6672.0,0.0,6700.0,6368.5498046875,6500.0,0.0,654457
2021-03-22,6415.31640625,6728.0,0.0,6785.0,6631.2998046875,6665.89990234375,0.0,467719
2021-03-23,6616.60546875,6939.10009765625,0.0,6958.75,6728.0498046875,6734.10009765625,0.0,890457
2021-03-24,6539.89453125,6858.64990234375,0.0,6944.0,6840.0,6890.5,0.0,716392
2021-03-25,6356.67431640625,6666.5,0.0,6913.89990234375,6636.0,6857.2998046875,0.0,547365
2021-03-26,6422.22900390625,6735.25,0.0,6785.0,6686.4501953125,6729.7998046875,0.0,303751
2021-03-30,6470.2392578125,6785.60009765625,0.0,6875.0,6746.0,6784.0,0.0,422141
2021-03-31,6424.8037109375,6737.9501953125,0.0,6856.25,6713.89990234375,6856.25,0.0,647600
2021-04-01,6578.22607421875,6898.85009765625,0.0,6933.7001953125,6731.2001953125,6766.0,0.0,531749
2021-04-05,6479.96435546875,6795.7998046875,0.0,6994.0,6735.0,6895.0,0.0,540954
2021-04-06,6423.56396484375,6736.64990234375,0.0,6849.0,6707.2001953125,6810.2998046875,0.0,508328
2021-04-07,6445.8759765625,6760.0498046875,0.0,6860.0,6713.35009765625,6745.0,0.0,301479
2021-04-08,6647.26123046875,6971.25,0.0,7052.85009765625,6783.7998046875,6798.0,0.0,635298
2021-04-09,6508.619140625,6825.85009765625,0.0,7055.9501953125,6791.85009765625,7040.0,0.0,592763
2021-04-12,6206.8759765625,6509.39990234375,0.0,6763.2998046875,6467.0,6763.2998046875,0.0,585717
2021-04-13,6297.50830078125,6604.4501953125,0.0,6656.4501953125,6504.60009765625,6550.0,0.0,551188
2021-04-15,6235.38525390625,6539.2998046875,0.0,6700.0,6393.64990234375,6649.0,0.0,490675
2021-04-16,6403.111328125,6715.2001953125,0.0,6786.4501953125,6510.0,6510.0,0.0,636917
2021-04-19,6207.20947265625,6509.75,0.0,6569.4501953125,6415.0,6500.0,0.0,559506
2021-04-20,5912.66552734375,6200.85009765625,0.0,6688.60009765625,6180.0,6644.0,0.0,1272134
2021-04-22,5809.15966796875,6092.2998046875,0.0,6225.0,5970.2001953125,6198.0498046875,0.0,1795988
2021-04-23,5785.89404296875,6067.89990234375,0.0,6155.0,5995.7998046875,6094.0,0.0,968454
2021-04-26,5984.2275390625,6275.89990234375,0.0,6293.0,6111.25,6131.7998046875,0.0,697792
2021-04-27,6032.76123046875,6326.7998046875,0.0,6345.89990234375,6235.0,6279.0,0.0,512910
2021-04-28,6065.18115234375,6360.7998046875,0.0,6405.0,6280.0,6360.0,0.0,414435
2021-04-29,6085.82568359375,6382.4501953125,0.0,6447.2998046875,6320.39990234375,6420.0,0.0,406869
2021-04-30,5987.1357421875,6278.9501953125,0.0,6424.0,6233.5498046875,6380.0,0.0,475175
2021-05-03,6055.02685546875,6350.14990234375,0.0,6380.0,6150.0,6252.0,0.0,402055
2021-05-04,6003.822265625,6296.4501953125,0.0,6425.0,6285.0,6390.0,0.0,330346
2021-05-05,6083.82373046875,6380.35009765625,0.0,6400.0,6294.39990234375,6344.9501953125,0.0,215973
2021-05-06,6107.75634765625,6405.4501953125,0.0,6429.89990234375,6314.0,6400.0,0.0,246632
2021-05-07,6180.6533203125,6481.89990234375,0.0,6524.0,6414.9501953125,6459.9501953125,0.0,745582
2021-05-10,6105.515625,6403.10009765625,0.0,6605.0,6330.0,6590.0,0.0,872011
2021-05-11,6188.94921875,6490.60009765625,0.0,6619.9501953125,6310.39990234375,6390.0,0.0,1139377
2021-05-12,6091.927734375,6388.85009765625,0.0,6490.5,6371.0,6464.89990234375,0.0,392657
2021-05-14,6072.1416015625,6368.10009765625,0.0,6482.0,6256.89990234375,6418.0,0.0,405281
2021-05-17,6228.75927734375,6532.35009765625,0.0,6554.25,6331.0,6379.89990234375,0.0,357292
2021-05-18,6343.8017578125,6653.0,0.0,6670.0,6562.60009765625,6580.0,0.0,451024
2021-05-19,6256.26806640625,6561.2001953125,0.0,6755.0,6520.0498046875,6630.0,0.0,475946
2021-05-20,6268.330078125,6573.85009765625,0.0,6632.4501953125,6520.7001953125,6600.0,0.0,256088
2021-05-21,6329.1171875,6637.60009765625,0.0,6674.75,6590.0498046875,6607.89990234375,0.0,307027
2021-05-24,6257.412109375,6562.39990234375,0.0,6672.39990234375,6540.0498046875,6650.0,0.0,288501
2021-05-25,6251.8828125,6556.60009765625,0.0,6637.35009765625,6527.2001953125,6627.0,0.0,176134
2021-05-26,6275.05322265625,6580.89990234375,0.0,6618.0,6525.14990234375,6594.89990234375,0.0,248015
2021-05-27,6363.1103515625,6673.25,0.0,6724.9501953125,6580.25,6600.0,0.0,1707144
2021-05-28,6291.833984375,6598.5,0.0,6735.0,6585.60009765625,6724.0,0.0,285093
2021-05-31,6396.24560546875,6708.0,0.0,6721.0,6588.14990234375,6633.9501953125,0.0,328449
2021-06-01,6294.5517578125,6601.35009765625,0.0,6723.0,6560.0,6723.0,0.0,397989
2021-06-02,6287.73486328125,6594.2001953125,0.0,6670.0,6552.35009765625,6601.35009765625,0.0,567704
2021-06-03,6333.02685546875,6641.7001953125,0.0,6655.0,6575.0,6630.0,0.0,349479
2021-06-04,6354.57666015625,6664.2998046875,0.0,6685.0,6615.64990234375,6630.0,0.0,205504
2021-06-07,6531.31298828125,6849.64990234375,0.0,6907.9501953125,6663.0,6689.9501953125,0.0,617042
2021-06-08,6478.63037109375,6794.39990234375,0.0,6895.0,6725.0,6895.0,0.0,218632
2021-06-09,6412.21728515625,6724.75,0.0,6787.60009765625,6682.0,6775.0,0.0,345102
2021-06-10,6397.81884765625,6709.64990234375,0.0,6763.7998046875,6681.0,6748.0,0.0,198704
2021-06-11,6353.193359375,6662.85009765625,0.0,6754.9501953125,6650.0,6725.10009765625,0.0,193014
2021-06-14,6368.11669921875,6678.5,0.0,6685.89990234375,6580.0,6655.0,0.0,160001
2021-06-15,6358.39013671875,6668.2998046875,0.0,6746.0498046875,6660.35009765625,6678.5,0.0,193128
2021-06-16,6281.25,6587.39990234375,0.0,6694.10009765625,6565.0,6670.5498046875,0.0,224100
2021-06-17,6393.24267578125,6704.85009765625,0.0,6750.0,6550.0498046875,6555.0,0.0,637296
2021-06-18,6382.80078125,6693.89990234375,0.0,6727.9501953125,6583.35009765625,6710.0,0.0,367329
2021-06-21,6460.60791015625,6775.5,0.0,6790.0,6522.2001953125,6631.0,0.0,361652
2021-06-22,6540.1806640625,6858.9501953125,0.0,6940.0,6751.4501953125,6790.0,0.0,542280
2021-06-23,6582.51708984375,6903.35009765625,0.0,6953.7001953125,6782.0,6874.7001953125,0.0,438444
2021-06-24,6638.3935546875,6961.9501953125,0.0,6978.5,6889.0498046875,6900.0,0.0,278305
2021-06-25,6601.25341796875,6923.0,0.0,7000.0,6890.0,7000.0,0.0,183496
2021-06-28,6550.19189453125,6869.4501953125,0.0,6979.9501953125,6858.75,6950.0,0.0,127275
2021-06-29,6507.52197265625,6824.7001953125,0.0,6880.0,6799.5,6875.0,0.0,235008
2021-06-30,6461.0849609375,6776.0,0.0,6866.0498046875,6750.0,6801.0,0.0,283145
2021-07-01,6395.53076171875,6707.25,0.0,6799.5,6690.0,6777.2998046875,0.0,274106
2021-07-02,6407.591796875,6719.89990234375,0.0,6747.85009765625,6685.0,6747.85009765625,0.0,256489
2021-07-05,6407.544921875,6719.85009765625,0.0,6790.0,6694.5,6720.0,0.0,134014
2021-07-06,6610.8359375,6933.0498046875,0.0,6999.0,6727.5,6727.60009765625,0.0,681761
2021-07-07,6603.25634765625,6925.10009765625,0.0,6962.0,6811.0498046875,6936.5,0.0,382398
2021-07-08,6581.13427734375,6901.89990234375,0.0,6994.89990234375,6843.0,6918.0,0.0,365610
2021-07-09,6578.8935546875,6899.5498046875,0.0,6920.64990234375,6835.0,6890.0,0.0,170542
2021-07-12,6764.06787109375,7093.75,0.0,7114.9501953125,6905.10009765625,6905.10009765625,0.0,610763
2021-07-13,6797.53662109375,7128.85009765625,0.0,7160.0,7080.9501953125,7110.0,0.0,372867
2021-07-14,6787.23828125,7118.0498046875,0.0,7238.9501953125,7065.0,7110.2998046875,0.0,379753
2021-07-15,6855.51025390625,7189.64990234375,0.0,7220.0,7101.75,7134.35009765625,0.0,292170
2021-07-16,6993.67578125,7334.5498046875,0.0,7360.0,7182.64990234375,7207.0,0.0,436381
2021-07-19,6972.5087890625,7312.35009765625,0.0,7385.0,7245.0,7304.7998046875,0.0,365109
2021-07-20,7079.63720703125,7424.7001953125,0.0,7544.0,7330.0,7334.2998046875,0.0,953888
2021-07-22,7112.3427734375,7459.0,0.0,7546.5,7290.0,7514.0,0.0,1163215
2021-07-23,7142.18798828125,7490.2998046875,0.0,7638.9501953125,7470.0,7599.7998046875,0.0,813619
2021-07-26,7262.7138671875,7616.7001953125,0.0,7640.0,7419.75,7515.0,0.0,369346
2021-07-27,7243.21435546875,7596.25,0.0,7675.0,7559.0,7625.0,0.0,297511
2021-07-28,7298.89990234375,7654.64990234375,0.0,7685.0,7510.0,7639.9501953125,0.0,289531
2021-07-29,7342.57177734375,7700.4501953125,0.0,7718.89990234375,7636.0,7670.0,0.0,227836
2021-07-30,7265.09765625,7619.2001953125,0.0,7730.0,7592.0,7719.7998046875,0.0,245105
2021-08-02,7322.4443359375,7642.0498046875,37.0,7718.7998046875,7621.2998046875,7622.0498046875,0.0,202451
2021-08-03,7515.23046875,7843.25,0.0,7867.25,7608.39990234375,7649.0,0.0,385216
2021-08-04,7425.8798828125,7750.0,0.0,7911.0,7733.7998046875,7911.0,0.0,258018
2021-08-05,7338.685546875,7659.0,0.0,7829.85009765625,7645.0,7750.0,0.0,173662
2021-08-06,7212.82861328125,7527.64990234375,0.0,7719.89990234375,7506.14990234375,7690.0,0.0,250068
2021-08-09,7182.1669921875,7495.64990234375,0.0,7616.7001953125,7474.0,7598.0,0.0,236944
2021-08-10,7161.56640625,7474.14990234375,0.0,7545.2001953125,7426.0,7505.0,0.0,164588
2021-08-11,7140.7744140625,7452.4501953125,0.0,7548.0,7366.7001953125,7465.0,0.0,129339
2021-08-12,7156.34375,7468.7001953125,0.0,7580.0,7432.85009765625,7457.0,0.0,206051
2021-08-13,7148.67919921875,7460.7001953125,0.0,7529.4501953125,7432.0,7513.39990234375,0.0,207505
2021-08-16,7039.39892578125,7346.64990234375,0.0,7475.9501953125,7332.0498046875,7460.7001953125,0.0,191968
2021-08-17,7099.18896484375,7409.0498046875,0.0,7427.2001953125,7298.0498046875,7377.0,0.0,203995
2021-08-18,7283.54248046875,7601.4501953125,0.0,7725.0,7406.0,7425.0,0.0,724989
2021-08-20,7179.9638671875,7493.35009765625,0.0,7624.89990234375,7435.5498046875,7596.60009765625,0.0,358744
2021-08-23,7043.56689453125,7351.0,0.0,7562.35009765625,7288.0,7562.35009765625,0.0,310220
2021-08-24,7143.55322265625,7455.35009765625,0.0,7474.7001953125,7370.7001953125,7420.0,0.0,174447
2021-08-25,7073.60546875,7382.35009765625,0.0,7487.9501953125,7370.0,7465.0,0.0,146150
2021-08-26,7001.50341796875,7307.10009765625,0.0,7418.89990234375,7301.0,7365.0,0.0,183243
2021-08-27,7249.1923828125,7565.60009765625,0.0,7594.7998046875,7318.2001953125,7330.60009765625,0.0,497367
2021-08-30,7381.6123046875,7703.7998046875,0.0,7743.60009765625,7571.0,7571.0,0.0,319952
2021-08-31,7504.88134765625,7832.4501953125,0.0,7860.0,7666.64990234375,7734.0,0.0,475968
2021-09-01,7442.12109375,7766.9501953125,0.0,7930.0,7691.5,7832.0,0.0,352822
2021-09-02,7620.15087890625,7952.75,0.0,7993.9501953125,7761.0498046875,7804.7998046875,0.0,393057
2021-09-03,7598.20849609375,7929.85009765625,0.0,8029.5,7872.0,7995.0,0.0,198454
2021-09-06,7620.0068359375,7952.60009765625,0.0,8045.64990234375,7929.89990234375,7969.7998046875,0.0,212634
2021-09-07,7690.57666015625,8026.25,0.0,8060.0,7911.5,7952.60009765625,0.0,240683
2021-09-08,7658.62109375,7992.89990234375,0.0,8073.2998046875,7945.25,8029.0,0.0,198064
2021-09-09,7607.5986328125,7939.64990234375,0.0,7983.0,7900.0,7936.0,0.0,159693
2021-09-13,7612.19775390625,7944.4501953125,0.0,7965.0,7905.0,7965.0,0.0,187063
2021-09-14,7527.87841796875,7856.4501953125,0.0,7973.0498046875,7850.0,7970.0,0.0,168408
2021-09-15,7493.7666015625,7820.85009765625,0.0,7929.0,7790.0,7889.0,0.0,235010
2021-09-16,7440.68359375,7765.4501953125,0.0,7869.64990234375,7730.0,7858.7001953125,0.0,216078
2021-09-17,7389.32568359375,7711.85009765625,0.0,7837.64990234375,7660.75,7810.0,0.0,503207
2021-09-20,7259.15673828125,7576.0,0.0,7730.14990234375,7545.64990234375,7684.0,0.0,291081
2021-09-21,7275.1591796875,7592.7001953125,0.0,7688.0,7514.5,7535.0,0.0,214916
2021-09-22,7306.6826171875,7625.60009765625,0.0,7670.0,7576.89990234375,7599.89990234375,0.0,206063
2021-09-23,7301.029296875,7619.7001953125,0.0,7697.2001953125,7580.0,7642.14990234375,0.0,201988
2021-09-24,7206.935546875,7521.5,0.0,7642.60009765625,7500.0,7633.0,0.0,341258
2021-09-27,7304.095703125,7622.89990234375,0.0,7670.85009765625,7526.0498046875,7543.60009765625,0.0,261520
2021-09-28,7270.94189453125,7588.2998046875,0.0,7788.0,7550.0,7629.89990234375,0.0,403030
2021-09-29,7152.36767578125,7464.5498046875,0.0,7661.35009765625,7440.0,7550.0,0.0,490626
2021-09-30,7086.78076171875,7396.10009765625,0.0,7498.89990234375,7371.0,7490.0,0.0,422904
2021-10-01,7170.5732421875,7483.5498046875,0.0,7502.0,7356.2001953125,7396.10009765625,0.0,366658
2021-10-04,7201.28271484375,7515.60009765625,0.0,7609.89990234375,7495.0,7496.0,0.0,339796
2021-10-05,7151.84130859375,7464.0,0.0,7564.85009765625,7450.10009765625,7500.0,0.0,229310
2021-10-06,7055.06494140625,7363.0,0.0,7539.0,7346.0,7498.85009765625,0.0,279814
2021-10-07,7047.01708984375,7354.60009765625,0.0,7457.9501953125,7311.9501953125,7422.0,0.0,583113
2021-10-08,7028.95458984375,7335.75,0.0,7405.2001953125,7328.0,7376.0,0.0,234324
2021-10-11,7023.6845703125,7330.25,0.0,7408.9501953125,7309.7001953125,7400.0,0.0,346054
2021-10-12,6946.93408203125,7250.14990234375,0.0,7358.0,7193.0,7314.0,0.0,407411
2021-10-13,7042.9921875,7350.39990234375,0.0,7389.89990234375,7260.0,7263.0,0.0,347921
2021-10-14,7086.20556640625,7395.5,0.0,7457.9501953125,7340.0,7440.0,0.0,599817
2021-10-18,7089.8466796875,7399.2998046875,0.0,7644.0,7301.39990234375,7530.0,0.0,1413642
2021-10-19,6870.23291015625,7170.10009765625,0.0,7489.0,7153.0,7489.0,0.0,868388
2021-10-20,6831.42626953125,7129.60009765625,0.0,7309.7998046875,7092.25,7100.0,0.0,703897
2021-10-21,6830.8515625,7129.0,0.0,7205.39990234375,7085.0,7200.85009765625,0.0,318247
2021-10-22,6850.59033203125,7149.60009765625,0.0,7233.0,7100.0,7158.75,0.0,330818
2021-10-25,6850.78125,7149.7998046875,0.0,7174.9501953125,7007.0,7149.60009765625,0.0,245401
2021-10-26,6965.09228515625,7269.10009765625,0.0,7295.0,7150.0,7150.14990234375,0.0,372893
2021-10-27,7046.6337890625,7354.2001953125,0.0,7372.0,7234.0,7271.0,0.0,364657
2021-10-28,7135.216796875,7446.64990234375,0.0,7500.0,7354.0,7376.0,0.0,556897
2021-10-29,7316.6953125,7636.0498046875,0.0,7690.0,7343.0,7465.0,0.0,659277
2021-11-01,7449.9306640625,7775.10009765625,0.0,7811.0,7647.64990234375,7670.0,0.0,469658
2021-11-02,7390.7626953125,7713.35009765625,0.0,7815.7998046875,7688.39990234375,7787.0,0.0,177655
2021-11-03,7557.96484375,7887.85009765625,0.0,7902.25,7730.0498046875,7759.89990234375,0.0,388455
2021-11-04,7551.2099609375,7880.7998046875,0.0,7932.89990234375,7861.7001953125,7897.0,0.0,32611
2021-11-08,7870.5224609375,8214.0498046875,0.0,8269.0,7845.0,7940.0,0.0,825196
2021-11-09,7824.48193359375,8166.0,0.0,8255.0498046875,8143.0,8200.0,0.0,253056
2021-11-10,7767.75732421875,8106.7998046875,0.0,8187.85009765625,8050.0,8145.0,0.0,209152
2021-11-11,7713.9560546875,8050.64990234375,0.0,8141.85009765625,8005.0,8100.0,0.0,125814
2021-11-12,7742.79736328125,8080.75,0.0,8113.7998046875,8005.0,8085.0,0.0,180509
2021-11-15,7714.10009765625,8050.7998046875,0.0,8172.5498046875,8031.0,8080.0,0.0,119066
2021-11-16,7552.74267578125,7882.39990234375,0.0,8139.0,7856.2998046875,8120.0,0.0,277983
2021-11-17,7529.076171875,7857.7001953125,0.0,7948.9501953125,7801.0,7845.0,0.0,183623
2021-11-18,7442.83935546875,7767.7001953125,0.0,7930.0,7715.0498046875,7899.0,0.0,196805
2021-11-22,7333.70263671875,7653.7998046875,0.0,7808.60009765625,7550.60009765625,7799.0,0.0,383629
2021-11-23,7337.6796875,7657.9501953125,0.0,7714.7001953125,7540.7001953125,7620.0,0.0,475377
2021-11-24,7260.40234375,7577.2998046875,0.0,7768.0498046875,7550.0,7730.0,0.0,292766
2021-11-25,7290.5849609375,7608.7998046875,0.0,7634.4501953125,7517.5498046875,7560.2998046875,0.0,173989
2021-11-26,7085.48681640625,7394.75,0.0,7599.0,7370.10009765625,7550.0,0.0,265808
2021-11-29,7079.25927734375,7388.25,0.0,7434.9501953125,7201.39990234375,7354.5,0.0,382413
2021-11-30,7122.85595703125,7433.75,0.0,7519.0,7347.5498046875,7387.2998046875,0.0,547664
2021-12-01,7016.3544921875,7322.60009765625,0.0,7678.75,7291.0,7612.0,0.0,509749
2021-12-02,7016.92919921875,7323.2001953125,0.0,7389.0,7262.0,7360.0,0.0,239691
2021-12-03,7025.79345703125,7332.4501953125,0.0,7455.0,7296.14990234375,7378.4501953125,0.0,401430
2021-12-06,6912.87158203125,7214.60009765625,0.0,7389.60009765625,7201.0,7344.85009765625,0.0,173852
2021-12-07,6994.125,7299.39990234375,0.0,7336.9501953125,7235.0,7285.0,0.0,162646
2021-12-08,7113.4658203125,7423.9501953125,0.0,7458.75,7300.0,7329.0,0.0,209590
2021-12-09,7122.9521484375,7433.85009765625,0.0,7515.2001953125,7390.0,7476.7998046875,0.0,198582
2021-12-10,7129.2763671875,7440.4501953125,0.0,7451.85009765625,7390.2998046875,7450.0,0.0,144726
2021-12-13,7104.36328125,7414.4501953125,0.0,7539.89990234375,7392.10009765625,7514.0,0.0,220084
2021-12-14,7077.486328125,7386.39990234375,0.0,7458.89990234375,7337.10009765625,7409.0,0.0,210516
2021-12-15,7063.06640625,7371.35009765625,0.0,7416.0,7330.0,7416.0,0.0,113049
2021-12-16,7103.6923828125,7413.75,0.0,7440.0,7371.7998046875,7414.7998046875,0.0,140591
2021-12-17,7030.48828125,7337.35009765625,0.0,7410.7998046875,7302.0,7410.7998046875,0.0,279606
2021-12-20,6861.369140625,7160.85009765625,0.0,7270.0,7035.2001953125,7270.0,0.0,285814
2021-12-21,7020.90625,7327.35009765625,0.0,7375.0,7180.10009765625,7238.0,0.0,241099
2021-12-22,7068.71875,7377.25,0.0,7425.0,7312.4501953125,7320.0,0.0,158971
2021-12-23,7033.6015625,7340.60009765625,0.0,7434.7998046875,7299.9501953125,7434.7998046875,0.0,210152
2021-12-24,6922.64453125,7224.7998046875,0.0,7450.0,7201.89990234375,7362.0,0.0,270337
2021-12-27,6942.0478515625,7245.0498046875,0.0,7295.0,7172.2998046875,7219.0,0.0,142927
2021-12-28,7096.36328125,7406.10009765625,0.0,7417.0,7275.0,7275.0,0.0,185895
2021-12-29,7110.59130859375,7420.9501953125,0.0,7460.0,7373.7001953125,7385.0,0.0,219901
2021-12-30,7087.8349609375,7397.2001953125,0.0,7494.89990234375,7380.10009765625,7420.9501953125,0.0,243710
2021-12-31,7273.57666015625,7591.0498046875,0.0,7659.5,7421.4501953125,7450.0,0.0,258372
2022-01-03,7400.87158203125,7723.89990234375,0.0,7750.0,7570.0498046875,7600.0,0.0,250533
2022-01-04,7330.3974609375,7650.35009765625,0.0,7772.85009765625,7611.7001953125,7749.0,0.0,315188
2022-01-05,7339.21240234375,7659.5498046875,0.0,7769.0,7595.0,7650.5,0.0,400874
2022-01-06,7146.61865234375,7458.5498046875,0.0,7699.9501953125,7425.0498046875,7639.5498046875,0.0,403448
2022-01-07,7241.8623046875,7557.9501953125,0.0,7580.0,7439.0498046875,7465.10009765625,0.0,543512
2022-01-10,7267.923828125,7585.14990234375,0.0,7617.60009765625,7522.2998046875,7590.0,0.0,213126
2022-01-11,7288.189453125,7606.2998046875,0.0,7679.39990234375,7561.2001953125,7609.7001953125,0.0,234296
2022-01-12,7338.3984375,7658.7001953125,0.0,7729.0,7609.89990234375,7663.7998046875,0.0,297378
2022-01-13,7288.6689453125,7606.7998046875,0.0,7719.60009765625,7553.85009765625,7681.0,0.0,274893
2022-01-14,7340.1708984375,7660.5498046875,0.0,7700.0,7566.89990234375,7634.0,0.0,250253
2022-01-17,7540.95703125,7870.10009765625,0.0,7946.0,7500.10009765625,7635.0,0.0,1216949
2022-01-18,7239.89794921875,7555.89990234375,0.0,7894.0,7520.0,7807.0,0.0,565178
2022-01-19,7123.478515625,7434.39990234375,0.0,7599.89990234375,7353.0,7599.89990234375,0.0,439305
2022-01-20,7153.2783203125,7465.5,0.0,7559.5498046875,7395.0,7470.0,0.0,249483
2022-01-21,7049.9384765625,7357.64990234375,0.0,7454.64990234375,7311.0,7430.0,0.0,207851
2022-01-24,6856.7216796875,7156.0,0.0,7365.0,7088.64990234375,7360.0,0.0,319304
2022-01-25,6801.4833984375,7098.35009765625,0.0,7153.89990234375,7000.0,7120.0,0.0,467078
2022-01-27,6803.73486328125,7100.7001953125,0.0,7150.2998046875,6950.0,7140.0,0.0,418032
2022-01-28,6812.50244140625,7109.85009765625,0.0,7266.39990234375,7094.0,7120.89990234375,0.0,511605
2022-01-31,6914.595703125,7216.39990234375,0.0,7279.5498046875,7167.60009765625,7188.89990234375,0.0,250406
2022-02-01,7201.90576171875,7516.25,0.0,7535.5,7235.2001953125,7263.2001953125,0.0,731348
2022-02-02,7129.80322265625,7441.0,0.0,7575.0,7425.0,7572.7001953125,0.0,324627
2022-02-03,7066.89794921875,7375.35009765625,0.0,7485.0,7351.0,7461.0,0.0,167162
2022-02-04,7128.50927734375,7439.64990234375,0.0,7529.89990234375,7380.14990234375,7389.0,0.0,462491
2022-02-07,7156.96728515625,7469.35009765625,0.0,7518.9501953125,7362.5,7439.64990234375,0.0,391483
2022-02-08,7110.974609375,7421.35009765625,0.0,7499.0,7355.7998046875,7475.9501953125,0.0,270604
2022-02-09,7190.2158203125,7504.0498046875,0.0,7547.89990234375,7421.4501953125,7436.0,0.0,253643
2022-02-10,7161.90185546875,7474.5,0.0,7548.9501953125,7460.2998046875,7514.7001953125,0.0,284223
2022-02-11,7017.3125,7323.60009765625,0.0,7460.10009765625,7294.10009765625,7460.10009765625,0.0,265177
2022-02-14,6792.6201171875,7089.10009765625,0.0,7242.5,7050.0,7242.5,0.0,266661
2022-02-15,6985.4052734375,7290.2998046875,0.0,7318.4501953125,7031.0498046875,7100.0,0.0,255775
2022-02-16,6878.66455078125,7178.89990234375,0.0,7320.0,7166.9501953125,7285.0,0.0,322839
2022-02-17,6751.2744140625,7045.9501953125,0.0,7225.0,7030.0,7145.0,0.0,499955
2022-02-18,6627.3349609375,6916.60009765625,0.0,7064.85009765625,6900.0,7049.0,0.0,510600
2022-02-21,6528.49853515625,6813.4501953125,0.0,6912.5498046875,6791.0,6900.0,0.0,424346
2022-02-22,6467.27001953125,6749.5498046875,0.0,6770.0,6676.14990234375,6713.0,0.0,359236
2022-02-23,6496.63916015625,6780.2001953125,0.0,6866.0,6735.0,6780.0,0.0,506540
2022-02-24,6150.01806640625,6418.4501953125,0.0,6649.14990234375,6396.2001953125,6624.89990234375,0.0,610393
2022-02-25,6295.4697265625,6570.25,0.0,6656.64990234375,6520.0,6550.0,0.0,376464
2022-02-28,6293.2177734375,6567.89990234375,0.0,6602.0,6440.14990234375,6538.0,0.0,557289
2022-03-02,6131.71630859375,6399.35009765625,0.0,6539.0,6342.0,6539.0,0.0,686927
2022-03-03,5730.57568359375,5980.7001953125,0.0,6437.14990234375,5964.85009765625,6416.0,0.0,2406110
2022-03-04,5797.2646484375,6050.2998046875,0.0,6170.0,5850.7998046875,5949.75,0.0,1336552
2022-03-07,5459.7939453125,5698.10009765625,0.0,5929.2998046875,5684.64990234375,5929.2998046875,0.0,1280108
2022-03-08,5589.48388671875,5833.4501953125,0.0,5875.0,5629.2001953125,5631.0,0.0,955847
2022-03-09,5765.69287109375,6017.35009765625,0.0,6058.75,5821.2001953125,5890.0,0.0,813790
2022-03-10,5799.4208984375,6052.5498046875,0.0,6261.2001953125,6004.5498046875,6202.0,0.0,967482
2022-03-11,5769.19091796875,6021.0,0.0,6119.9501953125,5980.0,6043.0,0.0,533023
2022-03-14,5783.46728515625,6035.89990234375,0.0,6067.89990234375,5956.0498046875,6050.0,0.0,466938
2022-03-15,5769.4296875,6021.25,0.0,6172.0,5972.0498046875,6095.85009765625,0.0,819263
2022-03-16,6042.1748046875,6305.89990234375,0.0,6317.2001953125,6080.0,6130.0,0.0,888929
2022-03-17,6107.04345703125,6373.60009765625,0.0,6469.5,6340.0,6380.35009765625,0.0,979987
2022-03-21,5932.31982421875,6191.25,0.0,6370.0,6176.0498046875,6370.0,0.0,531422
2022-03-22,5951.81884765625,6211.60009765625,0.0,6225.85009765625,6059.10009765625,6160.0,0.0,1073804
2022-03-23,5973.28173828125,6234.0,0.0,6312.5,6195.0498046875,6312.5,0.0,664235
2022-03-24,6086.203125,6351.85009765625,0.0,6379.5498046875,6200.0,6202.0,0.0,642226
2022-03-25,6048.69140625,6312.7001953125,0.0,6390.64990234375,6284.0498046875,6385.0,0.0,321023
2022-03-28,6093.96435546875,6359.9501953125,0.0,6394.9501953125,6245.0498046875,6345.0,0.0,325668
2022-03-29,6253.6455078125,6526.60009765625,0.0,6548.0,6376.0,6377.0,0.0,671879
2022-03-30,6364.89013671875,6642.7001953125,0.0,6668.7998046875,6542.5,6542.5,0.0,705385
2022-03-31,6326.1787109375,6602.2998046875,0.0,6699.0,6581.0,6660.0,0.0,399272
2022-04-01,6391.57421875,6670.5498046875,0.0,6688.85009765625,6565.0498046875,6603.0,0.0,216837
2022-04-04,6461.85693359375,6743.89990234375,0.0,6758.4501953125,6622.0,6632.0,0.0,268314
2022-04-05,6444.84912109375,6726.14990234375,0.0,6816.0,6680.0498046875,6770.0,0.0,412049
2022-04-06,6454.43017578125,6736.14990234375,0.0,6792.0,6690.0,6700.0,0.0,297453
2022-04-07,6454.91015625,6736.64990234375,0.0,6796.5,6696.0,6696.0,0.0,234000
2022-04-08,6551.06298828125,6837.0,0.0,6850.0,6722.85009765625,6799.0,0.0,309692
2022-04-11,6571.90380859375,6858.75,0.0,6918.5,6800.0,6834.64990234375,0.0,359038
2022-04-12,6492.18310546875,6775.5498046875,0.0,6858.75,6721.7998046875,6850.0,0.0,385829
2022-04-13,6448.5859375,6730.0498046875,0.0,6840.0,6694.2001953125,6750.0,0.0,386535
2022-04-18,6361.91943359375,6639.60009765625,0.0,6689.89990234375,6570.0498046875,6645.5,0.0,240392
2022-04-19,6310.2734375,6585.7001953125,0.0,6764.25,6506.0498046875,6700.0,0.0,353426
2022-04-20,6522.4619140625,6807.14990234375,0.0,6827.75,6585.7001953125,6587.0,0.0,328054
2022-04-21,6560.166015625,6846.5,0.0,6887.0,6808.0,6830.0,0.0,181457
2022-04-22,6462.048828125,6744.10009765625,0.0,6809.9501953125,6710.10009765625,6800.0,0.0,237385
2022-04-25,6319.23193359375,6595.0498046875,0.0,6713.0498046875,6556.64990234375,6694.0,0.0,227496
2022-04-26,6381.65771484375,6660.2001953125,0.0,6694.2001953125,6615.0,6680.0,0.0,279555
2022-04-27,6274.58154296875,6548.4501953125,0.0,6629.85009765625,6536.0498046875,6575.0,0.0,327597
2022-04-28,6340.21630859375,6616.9501953125,0.0,6635.0,6551.0498046875,6598.0,0.0,243308
2022-04-29,6352.96044921875,6630.25,0.0,6797.0,6520.2001953125,6617.39990234375,0.0,1139560
2022-05-02,6399.67138671875,6679.0,0.0,6730.0,6542.89990234375,6607.60009765625,0.0,329548
2022-05-04,6249.189453125,6521.9501953125,0.0,6708.60009765625,6501.0,6679.0,0.0,228457
2022-05-05,6089.89208984375,6355.7001953125,0.0,6595.89990234375,6340.0,6560.0,0.0,344367
2022-05-06,5940.89599609375,6200.2001953125,0.0,6300.0,6160.0,6300.0,0.0,499910
2022-05-09,5964.27490234375,6224.60009765625,0.0,6274.89990234375,6115.0,6175.0,0.0,355285
2022-05-10,6100.19287109375,6366.4501953125,0.0,6423.4501953125,6200.5498046875,6210.85009765625,0.0,359456
2022-05-11,6075.04052734375,6340.2001953125,0.0,6436.5,6209.9501953125,6369.9501953125,0.0,217452
2022-05-12,5926.76220703125,6185.4501953125,0.0,6300.0,6077.60009765625,6300.0,0.0,323730
2022-05-13,5937.39794921875,6196.5498046875,0.0,6292.7998046875,6142.7998046875,6268.39990234375,0.0,319217
2022-05-16,5761.3330078125,6012.7998046875,0.0,6194.7001953125,5821.0,6194.7001953125,0.0,685657
2022-05-17,5852.31201171875,6107.75,0.0,6125.85009765625,5980.39990234375,6012.7998046875,0.0,637179
2022-05-18,5973.0419921875,6233.75,0.0,6279.0,6130.0498046875,6164.0,0.0,371945
2022-05-19,5818.6328125,6072.60009765625,0.0,6176.39990234375,6050.0,6129.0,0.0,259111
2022-05-20,5872.337890625,6128.64990234375,0.0,6165.0,6064.2001953125,6165.0,0.0,374540
2022-05-23,5668.8681640625,5916.2998046875,0.0,6224.0,5900.0,6174.0,0.0,528566
2022-05-24,5622.63671875,5868.0498046875,0.0,5957.60009765625,5833.64990234375,5947.9501953125,0.0,458962
2022-05-25,5549.958984375,5792.2001953125,0.0,5979.0,5778.25,5894.0,0.0,571568
2022-05-26,5628.57763671875,5874.25,0.0,5917.0,5706.75,5821.0,0.0,512954
2022-05-27,5699.2431640625,5948.0,0.0,5976.5,5886.0498046875,5905.0,0.0,290626
2022-05-30,5847.42529296875,6102.64990234375,0.0,6156.75,5965.5498046875,6000.0,0.0,330562
2022-05-31,5828.2138671875,6082.60009765625,0.0,6140.0,6045.0498046875,6110.0,0.0,431470
2022-06-01,5725.73681640625,5975.64990234375,0.0,6099.7001953125,5950.0,6080.0,0.0,268629
2022-06-02,5756.58984375,6007.85009765625,0.0,6023.9501953125,5906.0,5966.0,0.0,320094
2022-06-03,5441.34912109375,5678.85009765625,0.0,6115.0,5610.0,6115.0,0.0,2216480
2022-06-06,5347.92724609375,5581.35009765625,0.0,5735.0,5575.0,5680.0,0.0,999722
2022-06-07,5322.87109375,5555.2001953125,0.0,5576.2998046875,5410.0,5560.0,0.0,1203977
2022-06-08,5300.4970703125,5531.85009765625,0.0,5613.2998046875,5500.0,5581.9501953125,0.0,605175
2022-06-09,5252.63623046875,5481.89990234375,0.0,5535.0,5445.0,5525.0,0.0,375314
2022-06-10,5280.56689453125,5511.0498046875,0.0,5535.7001953125,5409.0,5455.89990234375,0.0,493489
2022-06-13,5132.14501953125,5356.14990234375,0.0,5450.0,5337.0,5431.0,0.0,441354
2022-06-14,5201.5654296875,5428.60009765625,0.0,5498.0,5324.0,5350.0,0.0,610906
2022-06-15,5226.04638671875,5454.14990234375,0.0,5473.5498046875,5401.0,5440.89990234375,0.0,286759
2022-06-16,5083.37451171875,5305.25,0.0,5486.0,5277.0498046875,5480.0,0.0,732233
2022-06-17,4960.775390625,5177.2998046875,0.0,5302.9501953125,5157.0498046875,5300.0,0.0,819352
2022-06-20,5110.25048828125,5333.2998046875,0.0,5347.4501953125,5161.7998046875,5179.0,0.0,506142
2022-06-21,5192.271484375,5418.89990234375,0.0,5433.0,5262.0498046875,5355.0,0.0,292408
2022-06-22,5183.6953125,5409.9501953125,0.0,5428.0,5320.0,5400.0,0.0,214821
2022-06-23,5184.0302734375,5410.2998046875,0.0,5498.89990234375,5358.0498046875,5428.0,0.0,296712
2022-06-24,5239.6044921875,5468.2998046875,0.0,5510.0,5435.2001953125,5450.0,0.0,265862
2022-06-27,5327.7099609375,5560.25,0.0,5582.0,5488.0498046875,5510.0,0.0,226613
2022-06-28,5339.6865234375,5572.75,0.0,5585.0,5480.0,5560.0,0.0,278114
2022-06-29,5383.33203125,5618.2998046875,0.0,5648.0,5521.10009765625,5542.0,0.0,490615
2022-06-30,5372.79150390625,5607.2998046875,0.0,5649.0,5535.0,5629.0,0.0,572821
2022-07-01,5453.66259765625,5691.7001953125,0.0,5699.75,5485.0,5600.0,0.0,329610
2022-07-04,5470.2861328125,5709.0498046875,0.0,5745.0,5632.10009765625,5679.89990234375,0.0,165959
2022-07-05,5490.3125,5729.9501953125,0.0,5763.0,5700.35009765625,5710.5,0.0,307970
2022-07-06,5584.30908203125,5828.0498046875,0.0,5844.89990234375,5728.25,5750.0,0.0,371948
2022-07-07,5594.65869140625,5838.85009765625,0.0,5871.9501953125,5771.25,5855.0,0.0,261593
2022-07-08,5594.8974609375,5839.10009765625,0.0,5958.9501953125,5805.60009765625,5851.0,0.0,410980
2022-07-11,5609.41357421875,5854.25,0.0,5869.0,5780.60009765625,5820.0,0.0,189671
2022-07-12,5537.16748046875,5778.85009765625,0.0,5836.5498046875,5730.0,5823.10009765625,0.0,171919
2022-07-13,5556.42724609375,5798.9501953125,0.0,5885.0,5770.35009765625,5782.0,0.0,263686
2022-07-14,5495.19873046875,5735.0498046875,0.0,5851.9501953125,5682.25,5800.0,0.0,285686
2022-07-15,5564.1875,5807.0498046875,0.0,5832.0,5701.0,5720.0,0.0,255753
2022-07-18,5732.20458984375,5982.39990234375,0.0,5991.0,5811.39990234375,5832.0,0.0,512929
2022-07-19,5831.32763671875,6085.85009765625,0.0,6095.9501953125,5982.64990234375,5994.89990234375,0.0,555572
2022-07-20,5834.34619140625,6089.0,0.0,6145.0,6077.0,6111.0,0.0,371187
2022-07-21,5874.302734375,6130.7001953125,0.0,6149.14990234375,6036.0,6125.0,0.0,328612
2022-07-22,6188.5849609375,6458.7001953125,0.0,6495.0,6099.0498046875,6131.0,0.0,1441549
2022-07-25,6115.955078125,6382.89990234375,0.0,6446.7998046875,6260.0498046875,6349.0,0.0,919050
2022-07-26,6132.00439453125,6399.64990234375,0.0,6462.0498046875,6307.2001953125,6389.5,0.0,549442
2022-07-27,6262.02880859375,6535.35009765625,0.0,6551.0,6365.89990234375,6390.2998046875,0.0,424070
2022-07-28,6200.60986328125,6471.25,0.0,6560.0,6445.0,6560.0,0.0,462464
2022-07-29,6271.08349609375,6544.7998046875,0.0,6577.25,6490.0,6539.7001953125,0.0,360851
2022-08-01,6379.21484375,6657.64990234375,0.0,6664.0,6560.0498046875,6587.9501953125,0.0,414339
2022-08-02,6409.71484375,6651.2998046875,38.0,6694.0,6595.0,6627.85009765625,0.0,274658
2022-08-03,6362.88037109375,6602.7001953125,0.0,6695.0,6514.0498046875,6665.0,0.0,266360
2022-08-04,6348.76171875,6588.0498046875,0.0,6685.35009765625,6550.0,6648.0,0.0,275815
2022-08-05,6529.1142578125,6775.2001953125,0.0,6799.0,6588.0498046875,6588.0498046875,0.0,741250
2022-08-08,6435.30029296875,6677.85009765625,0.0,6775.2001953125,6647.0,6755.0,0.0,313912
2022-08-10,6356.0859375,6595.64990234375,0.0,6742.10009765625,6580.5498046875,6724.35009765625,0.0,271291
2022-08-11,6357.48388671875,6597.10009765625,0.0,6654.9501953125,6573.60009765625,6630.10009765625,0.0,303393
2022-08-12,6321.05615234375,6559.2998046875,0.0,6610.14990234375,6515.0,6595.0,0.0,269932
2022-08-16,6414.244140625,6656.0,0.0,6679.0,6560.0498046875,6592.10009765625,0.0,270299
2022-08-17,6369.7705078125,6609.85009765625,0.0,6723.75,6594.0498046875,6710.0,0.0,341063
2022-08-18,6460.45263671875,6703.9501953125,0.0,6710.25,6609.10009765625,6609.10009765625,0.0,300992
2022-08-19,6406.10107421875,6647.5498046875,0.0,6782.89990234375,6606.0,6725.0,0.0,641293
2022-08-22,6232.59033203125,6467.5,0.0,6666.85009765625,6445.0498046875,6655.0,0.0,345960
2022-08-23,6259.47705078125,6495.39990234375,0.0,6580.0,6405.10009765625,6445.0,0.0,379309
2022-08-24,6271.95703125,6508.35009765625,0.0,6533.7001953125,6452.10009765625,6452.10009765625,0.0,223101
2022-08-25,6239.8662109375,6475.0498046875,0.0,6606.0,6454.60009765625,6530.0,0.0,470687
2022-08-26,6280.43701171875,6517.14990234375,0.0,6570.0,6471.0,6507.4501953125,0.0,415698
2022-08-29,6269.9814453125,6506.2998046875,0.0,6580.0,6402.0,6402.0,0.0,366457
2022-08-30,6435.30029296875,6677.85009765625,0.0,6690.0,6525.0,6538.85009765625,0.0,467147
2022-09-01,6391.59765625,6632.5,0.0,6760.0,6605.0,6629.0,0.0,386222
2022-09-02,6338.59521484375,6577.5,0.0,6666.64990234375,6545.0,6640.0,0.0,268505
2022-09-05,6285.0634765625,6521.9501953125,0.0,6619.85009765625,6496.39990234375,6575.0,0.0,385312
2022-09-06,6259.57373046875,6495.5,0.0,6556.0,6456.0498046875,6540.0,0.0,341220
2022-09-07,6524.8740234375,6770.7998046875,0.0,6798.0,6431.0,6460.0,0.0,918604
2022-09-08,6668.3173828125,6919.64990234375,0.0,6939.0,6780.0,6844.0,0.0,879685
2022-09-09,6537.2568359375,6783.64990234375,0.0,7029.0,6764.14990234375,6930.0,0.0,567059
2022-09-12,6620.0859375,6869.60009765625,0.0,6900.0,6740.0,6783.64990234375,0.0,488043
2022-09-13,6645.81591796875,6896.2998046875,0.0,6969.60009765625,6855.0,6899.0,0.0,412295
2022-09-14,6626.0126953125,6875.75,0.0,6964.39990234375,6760.10009765625,6790.0,0.0,543948
2022-09-15,6543.42529296875,6790.0498046875,0.0,6925.0,6758.14990234375,6909.0,0.0,437578
2022-09-16,6245.98583984375,6481.39990234375,0.0,6818.75,6451.0,6790.0498046875,0.0,831639
2022-09-19,6225.21875,6459.85009765625,0.0,6511.9501953125,6244.60009765625,6395.0,0.0,808807
2022-09-20,6249.1171875,6484.64990234375,0.0,6563.35009765625,6457.9501953125,6492.7001953125,0.0,373825
2022-09-21,6084.42529296875,6313.75,0.0,6532.9501953125,6296.5498046875,6500.0,0.0,616165
2022-09-22,6012.77587890625,6239.39990234375,0.0,6364.85009765625,6230.0,6300.0,0.0,492098
2022-09-23,5916.9375,6139.9501953125,0.0,6283.9501953125,6127.14990234375,6260.0,0.0,570526
2022-09-26,5952.73828125,6177.10009765625,0.0,6240.0,6005.0,6119.9501953125,0.0,497458
2022-09-27,5967.916015625,6192.85009765625,0.0,6273.9501953125,6128.0,6208.0,0.0,467962
2022-09-28,5948.7392578125,6172.9501953125,0.0,6277.64990234375,6112.0498046875,6150.0,0.0,378895
2022-09-29,5951.58154296875,6175.89990234375,0.0,6262.85009765625,6145.0,6218.0,0.0,407574
2022-09-30,6027.9052734375,6255.10009765625,0.0,6325.0,6172.0,6172.2001953125,0.0,442887
2022-10-03,6015.81103515625,6242.5498046875,0.0,6355.2998046875,6229.2001953125,6286.39990234375,0.0,337932
2022-10-04,6078.45068359375,6307.5498046875,0.0,6381.85009765625,6280.14990234375,6348.89990234375,0.0,307268
2022-10-06,6058.8876953125,6287.25,0.0,6366.85009765625,6257.5,6340.0,0.0,495617
2022-10-07,5978.17919921875,6203.5,0.0,6307.2001953125,6133.39990234375,6300.0,0.0,454883
2022-10-10,5926.52587890625,6149.89990234375,0.0,6173.25,6120.0,6156.2001953125,0.0,282642
2022-10-11,5856.03271484375,6076.75,0.0,6205.0,6060.60009765625,6180.64990234375,0.0,276525
2022-10-12,5953.31689453125,6177.7001953125,0.0,6190.0,6057.7998046875,6085.0,0.0,223353
2022-10-13,5957.2197265625,6181.75,0.0,6216.0,6101.0,6172.0,0.0,314360
2022-10-14,5967.0966796875,6192.0,0.0,6260.0,6169.0,6260.0,0.0,249291
2022-10-17,6043.7099609375,6271.5,0.0,6281.7998046875,6082.2001953125,6170.0,0.0,453912
2022-10-18,6116.22607421875,6346.75,0.0,6444.0,6290.25,6305.0,0.0,558284
2022-10-19,6166.00048828125,6398.39990234375,0.0,6446.0,6250.10009765625,6348.10009765625,0.0,919146
2022-10-20,6073.39111328125,6302.2998046875,0.0,6413.0,6277.0,6340.0,0.0,476962
2022-10-21,6131.78955078125,6362.89990234375,0.0,6421.0,6315.60009765625,6315.60009765625,0.0,307899
2022-10-24,6162.3388671875,6394.60009765625,0.0,6444.0,6370.35009765625,6440.0,0.0,56532
2022-10-25,6182.67236328125,6415.7001953125,0.0,6474.0,6387.2001953125,6420.0,0.0,313500
2022-10-27,6203.00537109375,6436.7998046875,0.0,6474.0,6372.0,6474.0,0.0,248556
2022-10-28,6211.7265625,6445.85009765625,0.0,6470.0,6406.5,6442.0,0.0,151834
2022-10-31,6471.05322265625,6714.9501953125,0.0,6730.89990234375,6454.75,6478.10009765625,0.0,538107
2022-11-01,6573.154296875,6820.89990234375,0.0,6850.0,6718.2001953125,6743.9501953125,0.0,429855
2022-11-02,6533.6435546875,6779.89990234375,0.0,6875.0,6725.0498046875,6825.0498046875,0.0,255634
2022-11-03,6483.86962890625,6728.25,0.0,6784.0,6670.0498046875,6730.0498046875,0.0,217701
2022-11-04,6642.68408203125,6893.0498046875,0.0,6960.0,6735.7998046875,6759.0,0.0,646411
2022-11-07,6720.21240234375,6973.5,0.0,7018.0,6868.0,6925.0,0.0,353341
2022-11-09,6652.75439453125,6903.5,0.0,7060.0,6858.0,7000.0,0.0,312745
2022-11-10,6554.26611328125,6801.2998046875,0.0,6895.0,6790.0,6895.0,0.0,330402
2022-11-11,6565.734375,6813.2001953125,0.0,6927.7998046875,6787.4501953125,6839.9501953125,0.0,293195
2022-11-14,6605.4375,6854.39990234375,0.0,6897.5,6819.39990234375,6845.0,0.0,484476
2022-11-15,6711.5869140625,6964.5498046875,0.0,7000.0,6867.0498046875,6880.0,0.0,625270
2022-11-16,6660.9462890625,6912.0,0.0,7035.0,6868.7998046875,6986.9501953125,0.0,307352
2022-11-17,6622.25390625,6871.85009765625,0.0,6959.60009765625,6850.10009765625,6933.0,0.0,196795
2022-11-18,6566.9384765625,6814.4501953125,0.0,6939.10009765625,6762.0,6900.0,0.0,296995
2022-11-21,6509.50390625,6754.85009765625,0.0,6875.85009765625,6740.5498046875,6809.7998046875,0.0,249498
2022-11-22,6594.5,6843.0498046875,0.0,6917.0,6740.5498046875,6755.10009765625,0.0,393509
2022-11-23,6576.1904296875,6824.0498046875,0.0,6904.5,6801.35009765625,6877.2001953125,0.0,258946
2022-11-24,6611.02685546875,6860.2001953125,0.0,6890.0,6831.0,6844.89990234375,0.0,297230
2022-11-25,6624.326171875,6874.0,0.0,6943.0,6850.0,6904.0,0.0,377893
2022-11-28,6641.9609375,6892.2998046875,0.0,6924.89990234375,6863.0,6874.0,0.0,239438
2022-11-29,6677.23193359375,6928.89990234375,0.0,7005.0,6895.0,6900.0,0.0,336266
2022-11-30,6819.95263671875,7077.0,0.0,7095.0,6905.0498046875,6948.0,0.0,489956
2022-12-01,7009.79736328125,7274.0,0.0,7299.0,7035.0498046875,7100.0,0.0,1086727
2022-12-02,6974.18896484375,7237.0498046875,0.0,7299.0,7159.0,7275.0,0.0,442739
2022-12-05,6937.1357421875,7198.60009765625,0.0,7285.0,7157.5,7260.0,0.0,235887
2022-12-06,6979.0078125,7242.0498046875,0.0,7273.7001953125,7140.0,7185.0498046875,0.0,312838
2022-12-07,6902.05810546875,7162.2001953125,0.0,7294.89990234375,7146.0,7255.0,0.0,324940
2022-12-08,6918.2958984375,7179.0498046875,0.0,7219.60009765625,7154.0,7199.0,0.0,262827
2022-12-09,6820.33740234375,7077.39990234375,0.0,7223.10009765625,7040.0,7201.2001953125,0.0,211582
2022-12-12,6887.265625,7146.85009765625,0.0,7163.9501953125,6970.14990234375,7089.0,0.0,260579
2022-12-13,6962.865234375,7225.2998046875,0.0,7243.0,7155.2001953125,7179.9501953125,0.0,285708
2022-12-14,6936.1240234375,7197.5498046875,0.0,7278.9501953125,7175.0,7245.89990234375,0.0,226179
2022-12-15,6855.51171875,7113.89990234375,0.0,7217.5498046875,7088.0,7197.5498046875,0.0,241610
2022-12-16,6759.3369140625,7014.10009765625,0.0,7164.7998046875,6993.14990234375,7108.0498046875,0.0,285180
2022-12-19,6818.98876953125,7076.0,0.0,7114.39990234375,7010.0,7042.7998046875,0.0,251219
2022-12-20,6840.189453125,7098.0,0.0,7125.0498046875,7005.60009765625,7090.0,0.0,488123
2022-12-21,6698.240234375,6950.7001953125,0.0,7153.2998046875,6926.0,7130.5,0.0,388167
2022-12-22,6757.69873046875,7012.39990234375,0.0,7092.0,6860.0,6981.0,0.0,338708
2022-12-23,6658.43994140625,6909.39990234375,0.0,6985.0,6875.10009765625,6970.9501953125,0.0,289661
2022-12-26,6817.0615234375,7074.0,0.0,7104.89990234375,6864.35009765625,6911.0,0.0,328414
2022-12-27,6849.05615234375,7107.2001953125,0.0,7165.9501953125,7041.0,7100.0,0.0,295144
2022-12-28,6797.59521484375,7053.7998046875,0.0,7157.5,7026.2998046875,7106.39990234375,0.0,260015
2022-12-29,6728.59619140625,6982.2001953125,0.0,7035.39990234375,6905.0,7030.0498046875,0.0,449116
2022-12-30,6706.2861328125,6959.0498046875,0.0,7053.0498046875,6950.25,7000.0,0.0,232317
2023-01-02,6763.04736328125,7017.9501953125,0.0,7039.9501953125,6950.10009765625,6979.89990234375,0.0,212580
2023-01-03,6739.58154296875,6993.60009765625,0.0,7039.0,6960.0498046875,7029.9501953125,0.0,188315
2023-01-04,6750.9052734375,7005.35009765625,0.0,7062.0,6983.85009765625,7000.0,0.0,319221
2023-01-05,6752.49462890625,7007.0,0.0,7042.2001953125,6945.0,7014.9501953125,0.0,236570
2023-01-06,6728.59619140625,6982.2001953125,0.0,7029.89990234375,6951.0,7007.0,0.0,160184
2023-01-09,6779.333984375,7034.85009765625,0.0,7064.0,7002.89990234375,7040.0,0.0,298470
2023-01-10,6668.94384765625,6920.2998046875,0.0,7049.9501953125,6889.14990234375,7049.9501953125,0.0,263888
2023-01-11,6766.90185546875,7021.9501953125,0.0,7033.0,6922.0,6948.0,0.0,295408
2023-01-12,6893.52978515625,7153.35009765625,0.0,7166.9501953125,7024.9501953125,7024.9501953125,0.0,566492
2023-01-13,6985.60888671875,7248.89990234375,0.0,7258.0,7138.0,7175.0,0.0,462134
2023-01-16,7020.2529296875,7284.85009765625,0.0,7334.75,7250.25,7270.0,0.0,440500
2023-01-17,7109.6826171875,7377.64990234375,0.0,7389.0,7262.85009765625,7280.0,0.0,385734
2023-01-18,7018.90478515625,7283.4501953125,0.0,7383.0,7270.0,7373.0,0.0,447736
2023-01-19,6950.38671875,7212.35009765625,0.0,7260.0,7186.0498046875,7260.0,0.0,412001
2023-01-20,6916.46484375,7177.14990234375,0.0,7265.0,7150.0,7212.35009765625,0.0,353292
2023-01-23,6600.95654296875,6849.75,0.0,7184.9501953125,6830.0,7125.0,0.0,998103
2023-01-24,6562.36181640625,6809.7001953125,0.0,6897.64990234375,6782.60009765625,6882.0,0.0,444188
2023-01-25,6461.560546875,6705.10009765625,0.0,6830.85009765625,6672.0,6805.9501953125,0.0,509299
2023-01-27,6471.67919921875,6715.60009765625,0.0,6799.0,6604.10009765625,6734.0,0.0,635582
2023-01-30,6637.5283203125,6887.7001953125,0.0,6903.9501953125,6642.5498046875,6747.0,0.0,699269
2023-01-31,6828.19140625,7085.5498046875,0.0,7099.0,6892.5498046875,6925.0,0.0,593220
2023-02-01,6882.01318359375,7141.39990234375,0.0,7239.0,6981.60009765625,7085.0,0.0,648015
2023-02-02,6907.31005859375,7167.64990234375,0.0,7310.0,7005.0498046875,7100.0,0.0,647192
2023-02-03,6928.07763671875,7189.2001953125,0.0,7225.0,7131.0,7184.9501953125,0.0,364197
2023-02-06,6868.37744140625,7127.25,0.0,7207.75,7112.7998046875,7156.2998046875,0.0,314446
2023-02-07,6814.94140625,7071.7998046875,0.0,7205.0,7052.14990234375,7154.9501953125,0.0,295067
2023-02-08,6987.00634765625,7250.35009765625,0.0,7293.75,7114.0,7114.0,0.0,559696
2023-02-09,6918.970703125,7179.75,0.0,7250.0,7160.0,7250.0,0.0,334529
2023-02-10,6944.3154296875,7206.0498046875,0.0,7226.89990234375,7147.0498046875,7175.0,0.0,407822
2023-02-13,6918.48828125,7179.25,0.0,7250.0,7155.0,7215.0,0.0,323236
2023-02-14,6879.8935546875,7139.2001953125,0.0,7229.89990234375,7125.5498046875,7215.14990234375,0.0,328419
2023-02-15,6892.083984375,7151.85009765625,0.0,7177.0,7047.64990234375,7138.0,0.0,404971
2023-02-16,6911.26123046875,7171.75,0.0,7193.7998046875,7108.0,7187.64990234375,0.0,264069
2023-02-17,7032.78076171875,7297.85009765625,0.0,7393.2998046875,7176.0,7176.0,0.0,1063293
2023-02-20,7157.09521484375,7426.85009765625,0.0,7492.0,7301.0,7301.0,0.0,713498
2023-02-21,7073.9296875,7340.5498046875,0.0,7485.0,7321.0,7444.7998046875,0.0,399493
2023-02-22,6944.0263671875,7205.75,0.0,7331.85009765625,7192.0,7327.0,0.0,402548
2023-02-23,6916.27294921875,7176.9501953125,0.0,7266.0,7142.10009765625,7241.7998046875,0.0,286748
2023-02-24,6954.57861328125,7216.7001953125,0.0,7241.7998046875,7165.89990234375,7212.85009765625,0.0,206602
2023-02-27,6925.61962890625,7186.64990234375,0.0,7235.0,7136.4501953125,7220.0,0.0,295092
2023-02-28,6997.55859375,7261.2998046875,0.0,7283.9501953125,7162.2001953125,7182.0498046875,0.0,429256
2023-03-01,7009.94140625,7274.14990234375,0.0,7344.0,7220.0,7227.0,0.0,317216
2023-03-02,7024.4453125,7289.2001953125,0.0,7330.0,7252.85009765625,7274.14990234375,0.0,180178
2023-03-03,6953.85595703125,7215.9501953125,0.0,7350.0,7188.25,7330.0,0.0,408754
2023-03-06,6939.06298828125,7200.60009765625,0.0,7255.5,7191.0,7244.0,0.0,154817
2023-03-08,7003.2919921875,7267.25,0.0,7283.4501953125,7187.2998046875,7214.9501953125,0.0,237790
2023-03-09,6979.875,7242.9501953125,0.0,7301.25,7207.10009765625,7267.0,0.0,158808
2023-03-10,6963.92578125,7226.39990234375,0.0,7242.9501953125,7136.39990234375,7200.0,0.0,154319
2023-03-13,6818.603515625,7075.60009765625,0.0,7258.0,7054.7998046875,7225.0,0.0,176576
2023-03-14,6807.376953125,7063.9501953125,0.0,7115.0,6991.0,7080.0,0.0,210976
2023-03-15,6842.83984375,7100.75,0.0,7188.0,7082.2001953125,7126.0,0.0,265536
2023-03-16,6846.55029296875,7104.60009765625,0.0,7149.7998046875,7076.0498046875,7135.60009765625,0.0,459814
2023-03-17,7025.16796875,7289.9501953125,0.0,7308.89990234375,7159.14990234375,7159.14990234375,0.0,383505
2023-03-20,6980.1162109375,7243.2001953125,0.0,7284.39990234375,7098.0,7275.0,0.0,520041
2023-03-21,7085.68701171875,7352.75,0.0,7360.0,7237.10009765625,7243.0,0.0,350524
2023-03-22,7127.99267578125,7396.64990234375,0.0,7449.10009765625,7353.0,7360.0,0.0,381601
2023-03-23,7138.8818359375,7407.9501953125,0.0,7465.0,7358.4501953125,7371.0,0.0,232908
2023-03-24,7136.66552734375,7405.64990234375,0.0,7431.2001953125,7327.5498046875,7404.0,0.0,228994
2023-03-27,7179.59716796875,7450.2001953125,0.0,7483.4501953125,7392.4501953125,7407.0,0.0,251626
2023-03-28,7134.208984375,7403.10009765625,0.0,7511.89990234375,7368.35009765625,7484.0,0.0,249783
2023-03-29,7295.76953125,7570.75,0.0,7600.0,7400.0,7419.7998046875,0.0,445346
2023-03-31,7345.3017578125,7622.14990234375,0.0,7644.2998046875,7547.0498046875,7575.10009765625,0.0,378456
2023-04-03,7362.9853515625,7640.5,0.0,7737.0,7580.10009765625,7670.89990234375,0.0,360584
2023-04-05,7412.56689453125,7691.9501953125,0.0,7699.64990234375,7575.0,7575.0,0.0,233489
2023-04-06,7422.107421875,7701.85009765625,0.0,7730.0,7668.85009765625,7690.0,0.0,227682
2023-04-10,7416.7099609375,7696.25,0.0,7772.0,7668.0,7701.85009765625,0.0,226983
2023-04-11,7460.2685546875,7741.4501953125,0.0,7793.9501953125,7715.0,7715.0,0.0,354799
2023-04-12,7403.79736328125,7682.85009765625,0.0,7794.0,7675.0,7750.0,0.0,264416
2023-04-13,7377.19970703125,7655.25,0.0,7749.0,7628.4501953125,7705.0498046875,0.0,292568
2023-04-17,7461.23291015625,7742.4501953125,0.0,7824.0,7645.0498046875,7655.25,0.0,488286
2023-04-18,7319.42724609375,7595.2998046875,0.0,7779.0,7570.0,7779.0,0.0,437232
2023-04-19,7242.91162109375,7515.89990234375,0.0,7634.0,7478.5,7605.0,0.0,341302
2023-04-20,7204.267578125,7475.7998046875,0.0,7600.0,7445.60009765625,7572.60009765625,0.0,263429
2023-04-21,7091.22802734375,7358.5,0.0,7517.4501953125,7339.25,7500.0498046875,0.0,388408
2023-04-24,7170.2978515625,7440.5498046875,0.0,7458.0,7308.5498046875,7350.0,0.0,513771
2023-04-25,7168.9970703125,7439.2001953125,0.0,7507.4501953125,7425.2998046875,7455.89990234375,0.0,285446
2023-04-26,7186.0537109375,7456.89990234375,0.0,7480.0,7300.0,7464.0,0.0,230254
2023-04-27,7228.45556640625,7500.89990234375,0.0,7508.0,7436.89990234375,7459.0,0.0,205177
2023-04-28,7281.7470703125,7556.2001953125,0.0,7579.0,7490.0,7512.0,0.0,457487
2023-05-02,7185.76513671875,7456.60009765625,0.0,7582.0,7440.0,7545.5,0.0,544731
2023-05-03,7234.52734375,7507.2001953125,0.0,7542.0,7434.4501953125,7524.0,0.0,384431
2023-05-04,7229.7568359375,7502.25,0.0,7529.0,7485.0498046875,7514.7001953125,0.0,232203
2023-05-05,7351.7099609375,7628.7998046875,0.0,7668.89990234375,7505.5,7520.0,0.0,319654
2023-05-08,7454.48681640625,7735.4501953125,0.0,7754.0,7620.0,7630.0,0.0,295156
2023-05-09,7435.984375,7716.25,0.0,7823.0,7687.5,7758.9501953125,0.0,289797
2023-05-10,7461.95556640625,7743.2001953125,0.0,7775.0,7722.0,7760.0,0.0,234884
2023-05-11,7550.8544921875,7835.4501953125,0.0,7855.7998046875,7750.10009765625,7790.0,0.0,320219
2023-05-12,7423.16748046875,7702.9501953125,0.0,7920.0,7691.7998046875,7839.9501953125,0.0,246799
2023-05-15,7479.06103515625,7760.9501953125,0.0,7775.0,7716.5,7728.89990234375,0.0,183594
2023-05-16,7419.07177734375,7698.7001953125,0.0,7805.35009765625,7685.0,7770.0,0.0,250490
2023-05-17,7420.75830078125,7700.4501953125,0.0,7759.9501953125,7653.0,7717.0,0.0,205629
2023-05-18,7327.95556640625,7604.14990234375,0.0,7767.85009765625,7586.5,7744.7998046875,0.0,157714
2023-05-19,7402.3037109375,7681.2998046875,0.0,7689.14990234375,7585.10009765625,7637.0,0.0,138709
2023-05-22,7435.40576171875,7715.64990234375,0.0,7738.0,7650.0,7655.0,0.0,139603
2023-05-23,7376.236328125,7654.25,0.0,7752.39990234375,7625.2998046875,7675.0,0.0,149291
2023-05-24,7375.8017578125,7653.7998046875,0.0,7683.9501953125,7590.0498046875,7650.0,0.0,160565
2023-05-25,7344.916015625,7621.75,0.0,7668.10009765625,7594.2998046875,7644.2998046875,0.0,257361
2023-05-26,7441.38134765625,7721.85009765625,0.0,7750.0,7633.89990234375,7670.0,0.0,252078
2023-05-29,7555.76904296875,7840.5498046875,0.0,7857.7001953125,7735.0,7750.0,0.0,210769
2023-05-30,7614.93994140625,7901.9501953125,0.0,7970.0,7840.60009765625,7865.0,0.0,414785
2023-05-31,7584.19775390625,7870.0498046875,0.0,7927.4501953125,7779.85009765625,7895.0,0.0,1137662
2023-06-01,7557.93798828125,7842.7998046875,0.0,7898.7998046875,7809.7998046875,7871.0,0.0,184642
2023-06-02,7565.50244140625,7850.64990234375,0.0,7947.4501953125,7826.4501953125,7861.0,0.0,248325
2023-06-05,7595.71337890625,7882.0,0.0,7925.0,7865.0,7897.0,0.0,186015
2023-06-06,7814.99853515625,8109.5498046875,0.0,8120.0,7888.0,7888.0,0.0,635244
2023-06-07,7861.3037109375,8157.60009765625,0.0,8171.89990234375,8082.5498046875,8135.10009765625,0.0,298650
2023-06-08,7805.93994140625,8100.14990234375,0.0,8213.9501953125,8086.0,8170.0,0.0,349085
2023-06-09,7857.11181640625,8153.25,0.0,8217.7001953125,8108.2001953125,8158.0,0.0,325814
2023-06-12,7900.814453125,8198.599609375,0.0,8205.0,8102.35009765625,8160.5,0.0,195134
2023-06-13,7975.69189453125,8276.2998046875,0.0,8318.2998046875,8211.75,8212.5,0.0,249199
2023-06-14,8054.71337890625,8358.2998046875,0.0,8366.9501953125,8276.75,8308.9501953125,0.0,289643
2023-06-15,8030.525390625,8333.2001953125,0.0,8428.0,8309.0,8380.0,0.0,406197
2023-06-16,8030.57421875,8333.25,0.0,8432.150390625,8305.849609375,8364.9501953125,0.0,356982
2023-06-19,7968.27099609375,8268.599609375,0.0,8415.599609375,8252.900390625,8358.0,0.0,187488
2023-06-20,7944.03564453125,8243.4501953125,0.0,8291.400390625,8171.2998046875,8268.0,0.0,343189
2023-06-21,7942.20361328125,8241.5498046875,0.0,8352.650390625,8227.0,8252.400390625,0.0,373929
2023-06-22,7866.2666015625,8162.75,0.0,8279.0,8145.7001953125,8277.0,0.0,226654
2023-06-23,7786.71533203125,8080.2001953125,0.0,8165.0498046875,8060.0,8163.2001953125,0.0,198255
2023-06-26,7870.45849609375,8167.10009765625,0.0,8270.0,8060.0,8060.0,0.0,241856
2023-06-27,7910.3544921875,8208.5,0.0,8229.099609375,8168.64990234375,8184.9501953125,0.0,236562
2023-06-28,7960.611328125,8260.650390625,0.0,8318.7998046875,8182.0,8201.099609375,0.0,282115
2023-06-30,7993.4716796875,8294.75,0.0,8319.0,8236.7001953125,8300.0,0.0,225746
2023-07-03,8156.38232421875,8463.7998046875,0.0,8499.0,8363.2998046875,8383.0,0.0,373703
2023-07-04,8106.173828125,8411.7001953125,0.0,8498.0,8384.0,8498.0,0.0,206677
2023-07-05,8072.92724609375,8377.2001953125,0.0,8452.0,8342.75,8429.9501953125,0.0,195350
2023-07-06,8104.728515625,8410.2001953125,0.0,8479.9501953125,8380.0,8415.0,0.0,275687
2023-07-07,8033.65673828125,8336.4501953125,0.0,8447.400390625,8325.599609375,8417.9501953125,0.0,354695
2023-07-10,8048.01611328125,8351.349609375,0.0,8434.4501953125,8336.0,8350.0,0.0,173234
2023-07-11,8023.4912109375,8325.900390625,0.0,8443.2998046875,8305.0498046875,8395.2998046875,0.0,300378
2023-07-12,7921.91845703125,8220.5,0.0,8373.349609375,8152.5,8364.0,0.0,508967
2023-07-13,7934.92822265625,8234.0,0.0,8350.0,8206.5,8268.0,0.0,272841
2023-07-14,7885.34765625,8182.5498046875,0.0,8299.0,8148.0,8299.0,0.0,249245
2023-07-17,7951.31103515625,8251.0,0.0,8260.0,8189.9501953125,8207.0,0.0,202735
2023-07-18,7879.03515625,8176.0,0.0,8251.0,8157.0,8225.0,0.0,280527
2023-07-19,8026.67138671875,8329.2001953125,0.0,8356.849609375,8163.75,8166.0,0.0,150429
2023-07-20,7925.43701171875,8224.150390625,0.0,8349.9501953125,8165.0,8349.9501953125,0.0,307197
2023-07-21,7824.29833984375,8119.2001953125,0.0,8313.5,8072.0,8244.0,0.0,656733
2023-07-24,7921.2919921875,8219.849609375,0.0,8244.150390625,8088.39990234375,8200.0,0.0,482809
2023-07-25,8088.44287109375,8393.2998046875,0.0,8415.0,8244.7001953125,8244.7001953125,0.0,583167
2023-07-26,8048.97998046875,8352.349609375,0.0,8458.599609375,8340.0,8415.900390625,0.0,191345
2023-07-27,8023.712890625,8288.25,38.0,8390.7998046875,8255.0,8352.0,0.0,216816
2023-07-28,8041.623046875,8306.75,0.0,8341.650390625,8225.0,8295.0,0.0,204996
2023-07-31,8052.65966796875,8318.150390625,0.0,8410.0,8301.5498046875,8329.0,0.0,240038
2023-08-01,8017.46826171875,8281.7998046875,0.0,8368.0,8270.599609375,8347.0,0.0,217562
2023-08-02,8023.18115234375,8287.7001953125,0.0,8315.0,8213.400390625,8268.0,0.0,134414
2023-08-03,7876.46728515625,8136.14990234375,0.0,8285.099609375,8080.0,8285.099609375,0.0,390602
2023-08-04,7897.765625,8158.14990234375,0.0,8231.849609375,8148.75,8178.0,0.0,248048
2023-08-07,7914.513671875,8175.4501953125,0.0,8250.0,8160.0,8188.2998046875,0.0,195297
2023-08-08,7896.5068359375,8156.85009765625,0.0,8229.9501953125,8137.0,8175.4501953125,0.0,166007
2023-08-09,7852.36279296875,8111.25,0.0,8173.9501953125,8086.0,8160.0,0.0,222338
2023-08-10,7843.6015625,8102.2001953125,0.0,8205.0,8076.0,8134.0,0.0,296178
2023-08-11,7873.3701171875,8132.9501953125,0.0,8155.0,8044.75,8125.0,0.0,293096
2023-08-14,7797.22998046875,8054.2998046875,0.0,8142.5498046875,8019.0498046875,8129.7998046875,0.0,544313
2023-08-16,7988.52392578125,8251.900390625,0.0,8265.0,7987.64990234375,8004.9501953125,0.0,282782
2023-08-17,7945.39501953125,8207.349609375,0.0,8233.099609375,8150.0498046875,8225.099609375,0.0,248724
2023-08-18,7952.6552734375,8214.849609375,0.0,8246.400390625,8165.7998046875,8200.0,0.0,265260
2023-08-21,7956.96337890625,8219.2998046875,0.0,8278.9501953125,8205.5,8214.400390625,0.0,216794
2023-08-22,7941.66796875,8203.5,0.0,8267.9501953125,8192.0498046875,8222.0498046875,0.0,193112
2023-08-23,7901.3955078125,8161.89990234375,0.0,8234.900390625,8147.0,8209.900390625,0.0,208545
2023-08-24,7949.31640625,8211.400390625,0.0,8324.0,8164.0,8211.0,0.0,273837
2023-08-25,7813.83251953125,8071.4501953125,0.0,8190.0,8061.0,8179.0,0.0,191154
2023-08-28,7858.55810546875,8117.64990234375,0.0,8150.39990234375,8048.4501953125,8134.7998046875,0.0,327780
2023-08-29,7937.9892578125,8199.7001953125,0.0,8218.0,8125.14990234375,8159.89990234375,0.0,230713
2023-08-30,8002.125,8265.9501953125,0.0,8314.7998046875,8200.0498046875,8230.0,0.0,223225
2023-08-31,8032.619140625,8297.4501953125,0.0,8360.0,8226.0,8288.7998046875,0.0,482614
2023-09-01,7998.68896484375,8262.400390625,0.0,8345.0,8249.0,8300.0,0.0,215635
2023-09-04,8308.619140625,8582.5498046875,0.0,8594.0,8282.5498046875,8284.9501953125,0.0,620108
2023-09-05,8184.99560546875,8454.849609375,0.0,8600.0,8448.2001953125,8582.0,0.0,210587
2023-09-06,8264.9111328125,8537.400390625,0.0,8556.7998046875,8444.099609375,8484.849609375,0.0,327847
2023-09-07,8224.009765625,8495.150390625,0.0,8545.0,8430.0,8537.400390625,0.0,203477
2023-09-08,8161.470703125,8430.5498046875,0.0,8550.0,8400.0,8535.0,0.0,125962
2023-09-11,8191.62646484375,8461.7001953125,0.0,8498.650390625,8426.150390625,8450.9501953125,0.0,131688
2023-09-12,8298.068359375,8571.650390625,0.0,8609.849609375,8395.0,8519.9501953125,0.0,335823
2023-09-13,8360.7021484375,8636.349609375,0.0,8685.0,8525.5,8590.0,0.0,321018
2023-09-14,8410.65625,8687.9501953125,0.0,8700.0,8603.0,8666.0,0.0,311971
2023-09-15,8449.765625,8728.349609375,0.0,8750.9501953125,8661.25,8721.0,0.0,357249
2023-09-18,8352.619140625,8628.0,0.0,8737.599609375,8607.0,8728.0,0.0,129308
2023-09-20,8188.19091796875,8458.150390625,0.0,8623.5,8441.0498046875,8590.0,0.0,317399
2023-09-21,8048.20556640625,8313.5498046875,0.0,8438.0,8286.650390625,8375.099609375,0.0,393954
2023-09-22,7926.08203125,8187.39990234375,0.0,8310.650390625,8179.0498046875,8275.0,0.0,524827
2023-09-25,7944.2822265625,8206.2001953125,0.0,8279.9501953125,8156.10009765625,8217.0,0.0,467415
2023-09-26,7966.2578125,8228.900390625,0.0,8328.0,8206.2001953125,8237.0,0.0,515796
2023-09-27,7998.97900390625,8262.7001953125,0.0,8289.9501953125,8205.0,8237.0,0.0,541638
2023-09-28,7894.08740234375,8154.35009765625,0.0,8323.9501953125,8134.0,8264.7998046875,0.0,370431
2023-09-29,7991.37841796875,8254.849609375,0.0,8285.9501953125,8132.0,8200.0,0.0,320974
2023-10-03,8039.83251953125,8304.900390625,0.0,8377.0,8221.2001953125,8289.0,0.0,454402
2023-10-04,7861.65576171875,8120.85009765625,0.0,8292.5498046875,8045.0498046875,8292.5498046875,0.0,884369
2023-10-05,7916.4501953125,8177.4501953125,0.0,8208.7998046875,8125.0,8177.0,0.0,310506
2023-10-06,7933.875,8195.4501953125,0.0,8239.650390625,8151.25,8198.0,0.0,158491
2023-10-09,7851.2490234375,8110.10009765625,0.0,8199.849609375,8087.2001953125,8170.0498046875,0.0,152525
2023-10-10,7897.91064453125,8158.2998046875,0.0,8186.35009765625,8105.0,8147.7998046875,0.0,187020
2023-10-11,8076.71533203125,8343.0,0.0,8390.0,8179.2001953125,8195.9501953125,0.0,439622
2023-10-12,8085.18603515625,8351.75,0.0,8385.0,8302.0,8364.9501953125,0.0,177704
2023-10-13,8101.88623046875,8369.0,0.0,8417.0,8307.0,8316.5,0.0,285076
2023-10-16,8027.53759765625,8292.2001953125,0.0,8455.0,8274.0,8369.0498046875,0.0,363990
2023-10-17,8036.44384765625,8301.400390625,0.0,8332.0,8280.0,8330.0,0.0,205234
2023-10-18,8014.08056640625,8278.2998046875,0.0,8349.849609375,8248.0,8324.900390625,0.0,322136
2023-10-19,8246.662109375,8518.5498046875,0.0,8538.0,8193.349609375,8249.599609375,0.0,837498
2023-10-20,8190.9970703125,8461.0498046875,0.0,8648.349609375,8410.900390625,8536.0,0.0,539291
2023-10-23,8059.53173828125,8325.25,0.0,8523.599609375,8302.5498046875,8415.0,0.0,217546
2023-10-25,7992.8310546875,8256.349609375,0.0,8398.5,8186.25,8355.0,0.0,255678
2023-10-26,7943.41015625,8205.2998046875,0.0,8236.0,8155.5498046875,8236.0,0.0,637430
2023-10-27,7948.10595703125,8210.150390625,0.0,8270.0,8180.0,8211.0,0.0,227682
2023-10-30,8133.4453125,8401.599609375,0.0,8416.2998046875,8197.4501953125,8242.0,0.0,244073
2023-10-31,8153.4365234375,8422.25,0.0,8452.099609375,8351.099609375,8404.7001953125,0.0,218908
2023-11-01,8113.93896484375,8381.4501953125,0.0,8445.0,8370.099609375,8440.0,0.0,209234
2023-11-02,8189.01416015625,8459.0,0.0,8473.2001953125,8374.9501953125,8385.5,0.0,200590
2023-11-03,8250.5830078125,8522.599609375,0.0,8530.0,8436.0,8475.0,0.0,243686
2023-11-06,8365.15625,8640.9501953125,0.0,8650.0,8521.2001953125,8539.0,0.0,194715
2023-11-07,8408.5263671875,8685.75,0.0,8695.0,8582.5498046875,8640.9501953125,0.0,206360
2023-11-08,8421.2080078125,8698.849609375,0.0,8719.150390625,8652.849609375,8689.0,0.0,132370
2023-11-09,8351.69921875,8627.0498046875,0.0,8719.0,8617.75,8685.0,0.0,128138
2023-11-10,8432.82421875,8710.849609375,0.0,8729.9501953125,8588.599609375,8591.0498046875,0.0,149939
2023-11-13,8400.4423828125,8677.400390625,0.0,8723.7998046875,8660.0,8711.099609375,0.0,64412
2023-11-15,8487.0859375,8766.900390625,0.0,8815.75,8695.25,8709.0,0.0,192348
2023-11-16,8494.9755859375,8775.0498046875,0.0,8811.7001953125,8700.0,8789.599609375,0.0,233428
2023-11-17,8510.369140625,8790.9501953125,0.0,8869.599609375,8771.650390625,8785.0,0.0,151817
2023-11-20,8385.0498046875,8661.5,0.0,8815.2001953125,8651.099609375,8800.0,0.0,174311
2023-11-21,8430.404296875,8708.349609375,0.0,8737.900390625,8664.7998046875,8664.7998046875,0.0,183507
2023-11-22,8480.3095703125,8759.900390625,0.0,8775.0,8612.25,8734.0,0.0,325320
2023-11-23,8330.595703125,8605.25,0.0,8767.0,8590.0,8750.0,0.0,344271
2023-11-24,8283.111328125,8556.2001953125,0.0,8655.0,8545.0498046875,8638.0,0.0,197278
2023-11-28,8447.9755859375,8726.5,0.0,8735.5,8588.25,8638.0,0.0,343335
2023-11-29,8454.025390625,8732.75,0.0,8790.0,8692.0,8759.900390625,0.0,207727
2023-11-30,8716.2802734375,9003.650390625,0.0,9019.150390625,8763.4501953125,8776.5498046875,0.0,1025481
2023-12-01,8745.515625,9033.849609375,0.0,9163.400390625,8972.0,9103.7998046875,0.0,353015
2023-12-04,9020.3544921875,9317.75,0.0,9340.7998046875,9086.150390625,9150.0,0.0,473570
2023-12-05,9031.970703125,9329.75,0.0,9400.0,9243.150390625,9321.0,0.0,448461
2023-12-06,8918.9482421875,9213.0,0.0,9347.9501953125,9129.5498046875,9329.75,0.0,308912
2023-12-07,9055.978515625,9354.5498046875,0.0,9381.0,9236.150390625,9266.0,0.0,346830
2023-12-08,9113.0966796875,9413.5498046875,0.0,9431.650390625,9341.150390625,9378.2998046875,0.0,311761
2023-12-11,9362.2333984375,9670.900390625,0.0,9730.0,9400.0,9414.0,0.0,588082
2023-12-12,9548.685546875,9863.5,0.0,9961.150390625,9635.0498046875,9702.4501953125,0.0,1060266
2023-12-13,9428.3046875,9739.150390625,0.0,10042.9501953125,9676.7998046875,9899.9501953125,0.0,1501931
2023-12-14,9645.30078125,9963.2998046875,0.0,9990.0,9777.0,9830.0,0.0,710415
2023-12-15,9709.3388671875,10029.4501953125,0.0,10059.5,9900.650390625,10000.0,0.0,439516
2023-12-18,9652.125,9970.349609375,0.0,10028.0,9941.75,10028.0,0.0,266562
2023-12-19,9697.3828125,10017.099609375,0.0,10050.0,9953.0,9970.349609375,0.0,675166
2023-12-20,9571.87109375,9887.4501953125,0.0,10128.0,9858.150390625,10027.0,0.0,501448
2023-12-21,9636.7333984375,9954.4501953125,0.0,9985.0,9824.849609375,9881.0,0.0,216730
2023-12-22,9650.818359375,9969.0,0.0,9999.0,9902.0,9987.0,0.0,226940
2023-12-26,9698.8837890625,10018.650390625,0.0,10054.7998046875,9970.099609375,9975.0,0.0,226114
2023-12-27,10103.0087890625,10436.099609375,0.0,10470.0,10037.75,10100.9501953125,0.0,658122
2023-12-28,10093.521484375,10426.2998046875,0.0,10498.9501953125,10328.099609375,10492.0,0.0,421406
2023-12-29,10167.822265625,10503.0498046875,0.0,10526.0,10361.5498046875,10420.0498046875,0.0,243089
2024-01-01,10130.01953125,10464.0,0.0,10520.0,10414.599609375,10503.0498046875,0.0,97677
2024-01-02,9878.9951171875,10204.7001953125,0.0,10489.900390625,10104.099609375,10489.900390625,0.0,337528
2024-01-03,9788.818359375,10111.5498046875,0.0,10245.0,10089.599609375,10204.75,0.0,179575
2024-01-04,9695.1572265625,10014.7998046875,0.0,10164.5498046875,10001.0,10160.0,0.0,313755
2024-01-05,9696.3662109375,10016.0498046875,0.0,10100.0,9995.0,10100.0,0.0,163191
2024-01-08,9617.419921875,9934.5,0.0,10080.0,9925.0498046875,10078.0,0.0,176843
2024-01-09,9583.1494140625,9899.099609375,0.0,10016.9501953125,9870.2001953125,9989.599609375,0.0,242925
2024-01-10,9464.1728515625,9776.2001953125,0.0,9906.75,9730.0,9898.9501953125,0.0,374333
2024-01-11,9603.818359375,9920.4501953125,0.0,9944.9501953125,9719.150390625,9839.900390625,0.0,375210
2024-01-12,9495.392578125,9808.4501953125,0.0,9979.9501953125,9794.0498046875,9979.9501953125,0.0,376816
2024-01-15,9636.8291015625,9954.5498046875,0.0,9996.7998046875,9820.0,9879.0,0.0,273931
2024-01-16,9651.3984375,9969.599609375,0.0,10046.7998046875,9880.349609375,9953.9501953125,0.0,146779
2024-01-17,9540.1181640625,9854.650390625,0.0,10046.099609375,9825.0,9959.0,0.0,252817
2024-01-18,9576.517578125,9892.25,0.0,9933.0498046875,9770.0,9854.0,0.0,278338
2024-01-19,9771.5380859375,10093.7001953125,0.0,10128.7001953125,9845.0,9999.0,0.0,567616
2024-01-23,9517.22265625,9831.0,0.0,10085.0,9815.0,10000.0,0.0,580285
2024-01-24,9671.6318359375,9990.5,0.0,10032.599609375,9734.599609375,9865.0,0.0,272419
2024-01-25,9651.15625,9969.349609375,0.0,10048.2001953125,9881.2001953125,9984.599609375,0.0,296269
2024-01-29,9946.1328125,10274.0498046875,0.0,10300.0,9989.5,10000.099609375,0.0,334463
2024-01-30,9645.5908203125,9963.599609375,0.0,10320.0,9942.0,10289.75,0.0,368827
2024-01-31,9842.837890625,10167.349609375,0.0,10186.150390625,9903.150390625,9960.0,0.0,341574
2024-02-01,9605.6083984375,9922.2998046875,0.0,10233.25,9900.0498046875,10169.9501953125,0.0,401503
2024-02-02,9776.2333984375,10098.5498046875,0.0,10165.900390625,9992.2998046875,10000.0,0.0,334386
2024-02-05,9599.8486328125,9916.349609375,0.0,10128.2998046875,9878.4501953125,10050.0,0.0,162473
2024-02-06,9728.0234375,10048.75,0.0,10075.0,9920.2998046875,9980.0,0.0,250870
2024-02-07,9900.099609375,10226.5,0.0,10287.599609375,10080.2998046875,10114.0,0.0,250184
2024-02-08,9678.5546875,9997.650390625,0.0,10295.0,9950.5,10290.0,0.0,320905
2024-02-09,9628.310546875,9945.75,0.0,10074.7998046875,9852.0,10074.7998046875,0.0,400823
2024-02-12,9645.8330078125,9963.849609375,0.0,10017.4501953125,9906.900390625,9951.0,0.0,191687
2024-02-13,9537.9404296875,9852.400390625,0.0,10004.7001953125,9830.599609375,9997.7998046875,0.0,276453
2024-02-14,9475.4013671875,9787.7998046875,0.0,9824.849609375,9703.9501953125,9802.0498046875,0.0,417802
2024-02-15,9501.0556640625,9814.2998046875,0.0,9839.150390625,9706.0,9835.900390625,0.0,415090
2024-02-16,9599.7041015625,9916.2001953125,0.0,9948.0,9851.099609375,9875.0498046875,0.0,250550
2024-02-19,9586.150390625,9902.2001953125,0.0,9948.9501953125,9885.0,9948.9501953125,0.0,109778
2024-02-20,9660.451171875,9978.9501953125,0.0,10000.0,9855.0,9902.2001953125,0.0,320905
2024-02-21,9650.23828125,9968.400390625,0.0,10115.0,9920.0,9970.25,0.0,322960
2024-02-22,9643.267578125,9961.2001953125,0.0,10020.900390625,9802.2998046875,10000.0,0.0,363840
2024-02-23,9681.701171875,10000.900390625,0.0,10028.0,9894.0498046875,9961.2001953125,0.0,304238
2024-02-26,9613.111328125,9930.0498046875,0.0,10049.9501953125,9900.9501953125,9999.0498046875,0.0,162530
2024-02-27,9633.4892578125,9951.099609375,0.0,10151.0,9881.4501953125,9930.0498046875,0.0,214186
2024-02-28,9492.00390625,9804.9501953125,0.0,9989.9501953125,9780.900390625,9960.0,0.0,300668
2024-02-29,9576.6640625,9892.400390625,0.0,9935.0,9705.650390625,9785.0,0.0,328848
2024-03-01,9812.00390625,10135.5,0.0,10183.849609375,9892.400390625,9900.0,0.0,352952
2024-03-04,9659.91796875,9978.400390625,0.0,10166.0,9966.2001953125,10157.0,0.0,221282
2024-03-05,9524.337890625,9838.349609375,0.0,10030.900390625,9830.0,9978.400390625,0.0,310715
2024-03-06,9333.3349609375,9641.0498046875,0.0,9914.25,9532.0,9899.900390625,0.0,534825
2024-03-07,9364.4111328125,9673.150390625,0.0,9715.0,9569.099609375,9641.0498046875,0.0,585012
2024-03-11,9388.3720703125,9697.900390625,0.0,9824.599609375,9672.900390625,9694.0498046875,0.0,319303
2024-03-12,9308.6005859375,9615.5,0.0,9728.9501953125,9575.400390625,9728.9501953125,0.0,235430
2024-03-13,9287.3515625,9593.5498046875,0.0,9653.0,9500.0,9624.7001953125,0.0,415925
2024-03-14,9387.451171875,9696.9501953125,0.0,9708.0,9454.0,9455.0,0.0,347822
2024-03-15,9325.494140625,9632.9501953125,0.0,9750.900390625,9543.7998046875,9680.0,0.0,379648
2024-03-18,9304.5830078125,9611.349609375,0.0,9673.7998046875,9570.0,9625.0,0.0,226448
2024-03-19,9151.529296875,9453.25,0.0,9607.4501953125,9435.150390625,9591.349609375,0.0,316008
2024-03-20,9181.8310546875,9484.5498046875,0.0,9535.0,9445.0,9535.0,0.0,171219
2024-03-21,9294.322265625,9600.75,0.0,9639.7001953125,9504.900390625,9525.0,0.0,215837
2024-03-22,9372.736328125,9681.75,0.0,9751.7998046875,9580.0,9610.0,0.0,224511
2024-03-26,9294.2734375,9600.7001953125,0.0,9689.7998046875,9570.0,9631.099609375,0.0,397803
2024-03-27,9316.296875,9623.4501953125,0.0,9708.0,9571.0498046875,9630.0,0.0,267937
2024-03-28,9437.9853515625,9749.150390625,0.0,9853.9501953125,9641.5498046875,9680.0,0.0,506387
2024-04-01,9636.6845703125,9954.400390625,0.0,9997.0498046875,9749.150390625,9749.150390625,0.0,387442
2024-04-02,9717.76171875,10038.150390625,0.0,10084.2001953125,9845.0,9890.099609375,0.0,307109
2024-04-03,9682.6689453125,10001.900390625,0.0,10277.7001953125,9982.150390625,10200.0,0.0,481855
2024-04-04,9685.765625,10005.099609375,0.0,10078.900390625,9900.0,10078.0,0.0,346378
2024-04-05,9510.0595703125,9823.599609375,0.0,10019.849609375,9802.2001953125,10001.0,0.0,280079
2024-04-08,9548.9267578125,9863.75,0.0,9899.0,9801.0,9852.9501953125,0.0,215228
2024-04-09,9457.34765625,9769.150390625,0.0,9993.7998046875,9759.099609375,9900.0,0.0,275924
2024-04-10,9504.4931640625,9817.849609375,0.0,9858.0,9705.0498046875,9810.0,0.0,186223
2024-04-12,9344.46875,9652.5498046875,0.0,9850.0,9610.0,9789.9501953125,0.0,440963
2024-04-15,9202.8388671875,9506.25,0.0,9617.900390625,9486.599609375,9617.900390625,0.0,220692
2024-04-16,9161.7431640625,9463.7998046875,0.0,9494.9501953125,9351.0,9448.900390625,0.0,547648
2024-04-18,9083.279296875,9382.75,0.0,9526.7998046875,9340.7998046875,9470.0,0.0,584270
2024-04-19,9065.080078125,9363.9501953125,0.0,9400.0,9250.0,9325.0,0.0,415558
2024-04-22,9259.9541015625,9565.25,0.0,9590.0,9456.099609375,9505.0,0.0,277781
2024-04-23,9229.2666015625,9533.5498046875,0.0,9625.0,9522.0,9540.0,0.0,317450
2024-04-24,9350.56640625,9658.849609375,0.0,9686.7998046875,9542.7998046875,9578.0,0.0,317929
2024-04-25,9374.6728515625,9683.75,0.0,9706.0,9560.0498046875,9620.150390625,0.0,398260
2024-04-26,9391.2763671875,9700.900390625,0.0,9777.0,9646.900390625,9727.0,0.0,265782
2024-04-29,9646.4140625,9964.4501953125,0.0,10011.0,9743.0498046875,9765.0,0.0,808505
2024-04-30,9653.5771484375,9971.849609375,0.0,10180.0,9911.349609375,10160.2998046875,0.0,777837
2024-05-02,9664.8076171875,9983.4501953125,0.0,10045.0,9946.5,9971.849609375,0.0,318855
2024-05-03,9502.9921875,9816.2998046875,0.0,10030.0,9779.349609375,9982.0,0.0,517348
2024-05-06,9464.849609375,9776.900390625,0.0,9929.0,9746.150390625,9875.0,0.0,238521
2024-05-07,9373.3662109375,9682.400390625,0.0,9948.0,9630.0,9799.0,0.0,214305
2024-05-08,9215.568359375,9519.400390625,0.0,9674.9501953125,9501.400390625,9674.9501953125,0.0,392065
2024-05-09,9144.607421875,9446.099609375,0.0,9560.0,9408.0498046875,9524.0,0.0,328724
2024-05-10,9188.751953125,9491.7001953125,0.0,9518.9501953125,9416.0498046875,9462.7998046875,0.0,205200
2024-05-13,9246.642578125,9551.5,0.0,9578.0,9427.099609375,9515.9501953125,0.0,215387
2024-05-14,9352.3115234375,9660.650390625,0.0,9699.5,9529.9501953125,9535.0498046875,0.0,171935
2024-05-15,9307.24609375,9614.099609375,0.0,9693.150390625,9560.0,9691.0,0.0,161067
2024-05-16,9399.212890625,9709.099609375,0.0,9725.7001953125,9525.5,9630.599609375,0.0,368451
2024-05-17,9574.6787109375,9890.349609375,0.0,9900.0,9685.25,9740.0,0.0,283850
2024-05-21,9476.951171875,9789.400390625,0.0,9850.75,9762.0498046875,9826.0,0.0,346947
2024-05-22,9579.03515625,9894.849609375,0.0,9950.0,9822.25,9870.0,0.0,280237
2024-05-23,9845.9345703125,10170.5498046875,0.0,10199.849609375,9855.0,9905.150390625,0.0,521622
2024-05-24,9904.552734375,10231.099609375,0.0,10369.0,10122.5498046875,10165.0,0.0,519418
2024-05-27,9899.1318359375,10225.5,0.0,10353.9501953125,10177.650390625,10277.9501953125,0.0,389326
2024-05-28,9854.01953125,10178.900390625,0.0,10365.849609375,10146.4501953125,10264.0,0.0,403774
2024-05-29,9703.4833984375,10023.400390625,0.0,10177.9501953125,9961.0,10177.9501953125,0.0,317883
2024-05-30,9553.865234375,9868.849609375,0.0,10025.0,9830.0,10021.0,0.0,323424
2024-05-31,9599.0263671875,9915.5,0.0,10080.0,9750.099609375,9932.0,0.0,791072
2024-06-03,10135.8759765625,10470.0498046875,0.0,10519.7998046875,10216.349609375,10300.0,0.0,732632
2024-06-04,9601.736328125,9918.2998046875,0.0,10498.5,9534.9501953125,10475.0,0.0,972018
2024-06-05,9717.7119140625,10038.099609375,0.0,10070.0,9740.0,9989.9501953125,0.0,361720
2024-06-06,9734.0244140625,10054.9501953125,0.0,10176.5,9931.099609375,9995.0,0.0,483566
2024-06-07,10129.197265625,10463.150390625,0.0,10505.0,9965.0,9965.0,0.0,545284
2024-06-10,10480.7080078125,10826.25,0.0,10907.9501953125,10463.150390625,10495.0,0.0,705256
2024-06-11,10584.58203125,10933.5498046875,0.0,10989.0,10826.25,10903.9501953125,0.0,650137
2024-06-12,10692.2822265625,11044.7998046875,0.0,11099.9501953125,10871.5,10871.5,0.0,439143
2024-06-13,10817.1640625,11173.7998046875,0.0,11299.0,10996.150390625,11250.0,0.0,602322
2024-06-14,10883.9619140625,11242.7998046875,0.0,11271.0,11147.2998046875,11170.0,0.0,305318
2024-06-18,10764.1611328125,11119.0498046875,0.0,11269.349609375,11051.650390625,11250.0,0.0,322724
2024-06-19,10644.603515625,10995.5498046875,0.0,11177.7001953125,10968.25,11150.0,0.0,659266
2024-06-20,10555.201171875,10903.2001953125,0.0,11173.900390625,10875.400390625,11008.900390625,0.0,445369
2024-06-21,10322.0869140625,10662.400390625,0.0,10961.4501953125,10611.5498046875,10882.5,0.0,586745
2024-06-24,10441.7421875,10786.0,0.0,10845.0,10594.650390625,10717.5,0.0,276148
2024-06-25,10500.021484375,10846.2001953125,0.0,11007.9501953125,10800.400390625,10801.9501953125,0.0,562075
2024-06-26,10787.443359375,11143.099609375,0.0,11261.0,10903.0,10907.7001953125,0.0,793197
2024-06-27,11342.7373046875,11716.7001953125,0.0,11874.9501953125,11269.0,11270.0,0.0,2339734
2024-06-28,11295.494140625,11667.900390625,0.0,11779.0,11469.849609375,11699.900390625,0.0,684790
2024-07-01,11524.6884765625,11904.650390625,0.0,12031.599609375,11667.900390625,11669.0,0.0,520339
2024-07-02,11475.6064453125,11853.9501953125,0.0,12078.0,11800.0,11944.0,0.0,422173
2024-07-03,11493.17578125,11872.099609375,0.0,11899.0,11761.9501953125,11855.25,0.0,206171
2024-07-04,11384.703125,11760.0498046875,0.0,11936.849609375,11721.5498046875,11885.0,0.0,227230
2024-07-05,11317.03515625,11690.150390625,0.0,11824.5498046875,11620.25,11796.5498046875,0.0,425987
2024-07-08,11213.20703125,11582.900390625,0.0,11714.7998046875,11530.0,11694.0,0.0,149210
2024-07-09,11307.013671875,11679.7998046875,0.0,11761.7001953125,11484.4501953125,11582.9501953125,0.0,530901
2024-07-10,11262.91796875,11634.25,0.0,11739.7998046875,11470.0,11689.0,0.0,202406
2024-07-11,11186.150390625,11554.9501953125,0.0,11640.0,11499.0,11599.0,0.0,366819
2024-07-12,11231.98828125,11602.2998046875,0.0,11680.0,11470.0498046875,11554.0,0.0,366274
2024-07-15,11455.9541015625,11833.650390625,0.0,11898.0,11661.900390625,11752.900390625,0.0,394470
2024-07-16,11286.587890625,11658.7001953125,0.0,11907.0498046875,11631.900390625,11907.0498046875,0.0,556056
2024-07-18,11275.50390625,11647.25,0.0,11683.849609375,11475.0,11650.0,0.0,731274
2024-07-19,10898.9677734375,11258.2998046875,0.0,11645.0,11228.650390625,11645.0,0.0,514154
2024-07-22,11148.15234375,11515.7001953125,0.0,11570.0,11231.2998046875,11289.900390625,0.0,573833
2024-07-23,11177.291015625,11545.7998046875,0.0,11735.400390625,11329.099609375,11649.9501953125,0.0,525157
2024-07-24,11087.841796875,11453.400390625,0.0,11560.75,11355.650390625,11540.0,0.0,268139
2024-07-25,11076.3203125,11441.5,0.0,11476.7998046875,11291.0,11418.0,0.0,254683
2024-07-26,11300.4794921875,11673.0498046875,0.0,11742.4501953125,11395.599609375,11441.5,0.0,333210
2024-07-29,11494.822265625,11873.7998046875,0.0,11940.0,11673.0498046875,11680.0,0.0,496437
2024-07-30,11497.4033203125,11806.4501953125,70.0,11858.0,11644.5,11858.0,0.0,438108
2024-07-31,11576.0390625,11887.2001953125,0.0,11915.0,11750.349609375,11818.9501953125,0.0,322531
2024-08-01,11670.79296875,11984.5,0.0,12032.2998046875,11803.5,11887.2001953125,0.0,250126
2024-08-02,11456.5517578125,11764.5,0.0,11949.0,11700.0,11833.0498046875,0.0,273420
2024-08-05,11118.390625,11417.25,0.0,11700.0,11351.2001953125,11700.0,0.0,400844
2024-08-06,11028.84765625,11325.2998046875,0.0,11575.7998046875,11272.099609375,11449.9501953125,0.0,368949
2024-08-07,11241.0439453125,11543.2001953125,0.0,11589.9501953125,11430.2001953125,11499.0,0.0,230210
2024-08-08,10963.30859375,11258.0,0.0,11524.2001953125,11228.75,11500.0,0.0,290349
2024-08-09,11004.5498046875,11300.349609375,0.0,11449.0,11231.0498046875,11449.0,0.0,189230
2024-08-12,11006.9853515625,11302.849609375,0.0,11379.7998046875,11211.2001953125,11290.0,0.0,200411
2024-08-13,10976.1640625,11271.2001953125,0.0,11364.0,11234.650390625,11364.0,0.0,189972
2024-08-14,10714.5947265625,11002.599609375,0.0,11200.0,10963.099609375,11200.0,0.0,404673
2024-08-16,11000.0224609375,11295.7001953125,0.0,11325.0,10950.2001953125,11040.0,0.0,435631
2024-08-19,11019.158203125,11315.349609375,0.0,11468.099609375,11271.75,11320.0,0.0,244264
2024-08-20,11052.609375,11349.7001953125,0.0,11525.0,11277.4501953125,11365.0,0.0,421084
2024-08-21,10907.705078125,11200.900390625,0.0,11312.5498046875,11161.5498046875,11274.0,0.0,456794
2024-08-22,11013.3642578125,11309.400390625,0.0,11377.400390625,11205.0,11260.0,0.0,305457
2024-08-23,11044.916015625,11341.7998046875,0.0,11380.0,11204.4501953125,11315.0,0.0,258730
2024-08-26,11040.337890625,11337.099609375,0.0,11360.9501953125,11271.400390625,11340.0,0.0,234215
2024-08-27,11004.5498046875,11300.349609375,0.0,11450.0,11286.4501953125,11389.099609375,0.0,184428
2024-08-28,10940.716796875,11234.7998046875,0.0,11317.599609375,11211.0,11280.0,0.0,201101
2024-08-29,10928.251953125,11222.0,0.0,11256.7001953125,11115.400390625,11230.0,0.0,406261
2024-08-30,11006.060546875,11301.900390625,0.0,11360.900390625,11222.0,11225.0498046875,0.0,462185
2024-09-02,11125.8408203125,11424.900390625,0.0,11465.0,11325.0,11325.0,0.0,248673
2024-09-03,11160.80078125,11460.7998046875,0.0,11504.0498046875,11361.0,11434.5,0.0,181723
2024-09-04,11277.3193359375,11580.4501953125,0.0,11637.4501953125,11381.849609375,11392.0,0.0,198185
2024-09-05,11240.5087890625,11542.650390625,0.0,11822.75,11514.2001953125,11630.4501953125,0.0,406821
2024-09-06,11133.58203125,11432.849609375,0.0,11525.0,11320.0,11500.0,0.0,245248
2024-09-09,11193.47265625,11494.349609375,0.0,11518.4501953125,11308.0,11400.0,0.0,154665
2024-09-10,11238.9501953125,11541.0498046875,0.0,11639.4501953125,11460.5,11539.900390625,0.0,237496
2024-09-11,11186.75390625,11487.4501953125,0.0,11611.0,11460.2001953125,11570.0,0.0,141341
2024-09-12,11403.720703125,11710.25,0.0,11735.0,11442.25,11507.849609375,0.0,455934
2024-09-13,11411.2197265625,11717.9501953125,0.0,11762.599609375,11625.2001953125,11695.0,0.0,279660
2024-09-16,11337.890625,11642.650390625,0.0,11797.9501953125,11604.0,11675.0,0.0,257856
2024-09-17,11340.8125,11645.650390625,0.0,11718.599609375,11575.0,11602.5498046875,0.0,202725
2024-09-18,11326.4482421875,11630.900390625,0.0,11763.2998046875,11535.849609375,11683.0,0.0,185067
2024-09-19,11323.13671875,11627.5,0.0,11740.150390625,11540.0,11630.900390625,0.0,227247
2024-09-20,11489.466796875,11798.2998046875,0.0,11843.900390625,11579.599609375,11660.0,0.0,608787
2024-09-23,11648.9296875,11962.0498046875,0.0,11998.0,11800.0498046875,11835.0,0.0,279318
2024-09-24,11453.7763671875,11761.650390625,0.0,11969.849609375,11740.349609375,11948.099609375,0.0,242038
2024-09-25,11506.9951171875,11816.2998046875,0.0,11855.599609375,11680.0,11811.0,0.0,196686
2024-09-26,11749.1845703125,12065.0,0.0,12080.0,11767.7998046875,11835.0,0.0,277079
2024-09-27,11639.4345703125,11952.2998046875,0.0,12138.0,11924.75,12065.0,0.0,404276
2024-09-30,11493.0703125,11802.0,0.0,11924.0,11774.0498046875,11924.0,0.0,405493
2024-10-01,11527.2998046875,11837.150390625,0.0,11887.7001953125,11650.25,11802.0,0.0,324906
2024-10-03,11417.890625,11724.7998046875,0.0,11930.0,11613.099609375,11627.099609375,0.0,304610
2024-10-04,11150.5263671875,11450.25,0.0,11829.150390625,11380.0,11700.0,0.0,357277
2024-10-07,10936.3828125,11230.349609375,0.0,11529.9501953125,11192.099609375,11491.9501953125,0.0,374655
2024-10-08,11091.6591796875,11389.7998046875,0.0,11475.0,11231.0,11231.0,0.0,447220
2024-10-09,11053.0478515625,11350.150390625,0.0,11511.0,11333.0,11404.0498046875,0.0,286382
2024-10-10,11130.85546875,11430.0498046875,0.0,11459.0,11353.5498046875,11439.9501953125,0.0,180542
2024-10-11,11122.3349609375,11421.2998046875,0.0,11468.2998046875,11360.2001953125,11390.75,0.0,120279
2024-10-14,11004.501953125,11300.2998046875,0.0,11429.9501953125,11240.0,11399.9501953125,0.0,144163
2024-10-15,11118.05078125,11416.900390625,0.0,11432.9501953125,11290.0,11400.0,0.0,182286
2024-10-16,11025.9267578125,11322.2998046875,0.0,11412.0,11233.0,11341.0,0.0,276811
2024-10-17,10728.91015625,11017.2998046875,0.0,11363.9501953125,10934.0498046875,11351.0,0.0,353330
2024-10-18,10779.548828125,11069.2998046875,0.0,11139.9501953125,10901.0,11017.2998046875,0.0,330703
2024-10-21,10584.7841796875,10869.2998046875,0.0,11166.650390625,10771.400390625,11050.0,0.0,566667
2024-10-22,10541.7900390625,10825.150390625,0.0,11080.7998046875,10740.0,10751.0,0.0,793887
2024-10-23,10471.576171875,10753.0498046875,0.0,10843.650390625,10672.0,10821.9501953125,0.0,351717
2024-10-24,10754.5205078125,11043.599609375,0.0,11085.0,10718.400390625,10753.0498046875,0.0,341400
2024-10-25,10707.388671875,10995.2001953125,0.0,11115.0,10950.0,11063.7001953125,0.0,519646
2024-10-28,10802.23828125,11092.599609375,0.0,11199.349609375,10899.599609375,11000.0,0.0,229113
2024-10-29,10821.228515625,11112.099609375,0.0,11136.9501953125,10917.0498046875,11074.0,0.0,266761
2024-10-30,10911.7939453125,11205.099609375,0.0,11230.0,11011.400390625,11115.0,0.0,239933
2024-10-31,10775.9951171875,11065.650390625,0.0,11250.900390625,11042.5498046875,11156.7998046875,0.0,423687
2024-11-01,10854.0458984375,11145.7998046875,0.0,11171.2998046875,11078.5498046875,11079.9501953125,0.0,19032
2024-11-04,10713.8642578125,11001.849609375,0.0,11156.75,10930.0498046875,11147.0,0.0,276984
2024-11-05,10883.7958984375,11176.349609375,0.0,11188.0498046875,10973.25,10983.650390625,0.0,274422
2024-11-06,10979.28125,11274.400390625,0.0,11306.900390625,11112.0,11225.0,0.0,282486
2024-11-07,10761.533203125,11050.7998046875,0.0,11244.9501953125,11001.099609375,11241.5498046875,0.0,326254
2024-11-08,10754.27734375,11043.349609375,0.0,11139.349609375,10960.7001953125,11029.099609375,0.0,155894
2024-11-11,10683.2861328125,10970.4501953125,0.0,11109.9501953125,10896.0498046875,11015.0,0.0,107472
2024-11-12,10606.8896484375,10892.0,0.0,11074.75,10840.0,10970.5,0.0,166347
2024-11-13,10499.9638671875,10782.2001953125,0.0,10873.5,10750.0,10803.2998046875,0.0,216900
2024-11-14,10447.669921875,10728.5,0.0,10832.5,10542.5,10726.0,0.0,297442
2024-11-18,10352.625,10630.900390625,0.0,10766.849609375,10580.400390625,10632.099609375,0.0,424186
2024-11-19,10487.6455078125,10769.5498046875,0.0,10870.0,10657.900390625,10684.0498046875,0.0,220357
2024-11-21,10668.0947265625,10954.849609375,0.0,11005.849609375,10555.0,10555.0,0.0,256924
2024-11-22,11077.5390625,11375.2998046875,0.0,11409.900390625,10931.650390625,10999.0,0.0,328426
2024-11-25,11157.5390625,11457.4501953125,0.0,11690.0,11437.25,11450.0,0.0,465057
2024-11-26,10829.9443359375,11121.0498046875,0.0,11497.2998046875,11106.0,11457.4501953125,0.0,243711
2024-11-27,10848.30078125,11139.900390625,0.0,11188.9501953125,10960.0,11020.599609375,0.0,330284
2024-11-28,10709.9208984375,10997.7998046875,0.0,11190.0,10957.599609375,11174.0,0.0,326140
2024-11-29,10908.921875,11202.150390625,0.0,11233.0,10915.0,10915.0,0.0,367574
2024-12-02,11343.6357421875,11648.5498046875,0.0,11780.0,11206.7001953125,11206.7001953125,0.0,633694
2024-12-03,11542.1015625,11852.349609375,0.0,11935.0,11624.9501953125,11674.75,0.0,501811
2024-12-04,11458.791015625,11766.7998046875,0.0,11920.349609375,11748.0498046875,11866.2001953125,0.0,306770
2024-12-05,11620.4453125,11932.7998046875,0.0,12001.9501953125,11722.849609375,11745.0,0.0,436371
2024-12-06,11538.3525390625,11848.5,0.0,11956.349609375,11818.0,11939.0,0.0,193324
2024-12-09,11505.5341796875,11814.7998046875,0.0,11890.0,11718.0,11858.400390625,0.0,268177
2024-12-10,11438.3408203125,11745.7998046875,0.0,11807.099609375,11695.0,11745.0,0.0,232758
2024-12-11,11587.04296875,11898.5,0.0,12065.0,11815.2998046875,11851.0,0.0,527029
2024-12-12,11546.5810546875,11856.9501953125,0.0,11944.0,11790.900390625,11944.0,0.0,247809
2024-12-13,11767.5908203125,12083.900390625,0.0,12118.5,11730.0,11800.0,0.0,408880
2024-12-16,11629.8916015625,11942.5,0.0,12145.349609375,11871.0,12050.0,0.0,214946
2024-12-17,11466.7275390625,11774.9501953125,0.0,11974.150390625,11683.2001953125,11930.650390625,0.0,244639
2024-12-18,11456.015625,11763.9501953125,0.0,11855.0,11700.0,11775.0,0.0,222900
2024-12-19,11365.3037109375,11670.7998046875,0.0,11760.0,11572.0498046875,11638.0,0.0,162249
2024-12-20,11123.794921875,11422.7998046875,0.0,11748.0,11397.650390625,11664.849609375,0.0,299802
2024-12-23,11172.291015625,11472.599609375,0.0,11582.4501953125,11375.0,11520.0,0.0,149350
2024-12-24,11092.1953125,11390.349609375,0.0,11587.0498046875,11360.0,11471.0,0.0,108000
2024-12-26,11160.6552734375,11460.650390625,0.0,11799.0,11334.5,11390.349609375,0.0,144283
2024-12-27,11107.970703125,11406.5498046875,0.0,11555.0,11385.0,11491.599609375,0.0,118410
2024-12-30,10992.865234375,11288.349609375,0.0,11507.650390625,11239.7001953125,11419.4501953125,0.0,164726
2024-12-31,11127.2529296875,11426.349609375,0.0,11465.0,11194.0498046875,11270.0,0.0,241737
2025-01-01,11147.361328125,11447.0,0.0,11520.900390625,11305.0,11411.0,0.0,107951
2025-01-02,11488.8818359375,11797.7001953125,0.0,11829.150390625,11455.0498046875,11500.0,0.0,267609
2025-01-03,11477.48828125,11786.0,0.0,11861.650390625,11713.0,11799.0,0.0,237651
2025-01-06,11202.4794921875,11503.599609375,0.0,11854.75,11450.2001953125,11801.9501953125,0.0,139820
2025-01-07,11314.421875,11618.5498046875,0.0,11635.150390625,11485.150390625,11514.9501953125,0.0,197212
2025-01-08,11105.0498046875,11403.5498046875,0.0,11629.9501953125,11370.0,11618.5498046875,0.0,159583
2025-01-09,10965.0625,11259.7998046875,0.0,11432.4501953125,11183.0,11403.5498046875,0.0,196555
2025-01-10,10580.7919921875,10865.2001953125,0.0,11287.25,10837.5498046875,11203.25,0.0,228618
2025-01-13,10337.287109375,10615.150390625,0.0,10830.0,10593.400390625,10700.0,0.0,225902
2025-01-14,10209.326171875,10483.75,0.0,10733.0,10462.0,10570.0,0.0,344404
2025-01-15,10246.234375,10521.650390625,0.0,10643.400390625,10466.75,10540.0,0.0,371459
2025-01-16,10357.7861328125,10636.2001953125,0.0,10807.599609375,10550.0,10590.0,0.0,375910
2025-01-17,10303.0576171875,10580.0,0.0,10723.9501953125,10500.099609375,10636.2001953125,0.0,297759
2025-01-20,10346.34375,10624.4501953125,0.0,10652.7998046875,10484.25,10587.400390625,0.0,332061
2025-01-21,10388.55859375,10667.7998046875,0.0,10968.0498046875,10642.0498046875,10677.5,0.0,593842
2025-01-22,10413.8291015625,10693.75,0.0,10797.7998046875,10606.75,10700.0,0.0,249552
2025-01-23,11121.9462890625,11420.900390625,0.0,11571.4501953125,10689.9501953125,10690.0,0.0,1510866
2025-01-24,10990.4306640625,11285.849609375,0.0,11609.7001953125,11222.400390625,11251.0,0.0,545939
2025-01-27,10945.2939453125,11239.5,0.0,11360.0,11150.0,11260.0,0.0,414994
2025-01-28,11000.6552734375,11296.349609375,0.0,11411.599609375,11066.0,11215.0,0.0,436707
2025-01-29,11242.650390625,11544.849609375,0.0,11574.9501953125,11260.849609375,11296.349609375,0.0,377755
2025-01-30,11178.9140625,11479.400390625,0.0,11612.5,11450.0,11544.849609375,0.0,274820
2025-01-31,11186.75390625,11487.4501953125,0.0,11599.0,11392.150390625,11488.650390625,0.0,361656
2025-02-01,10964.4296875,11259.150390625,0.0,11787.0,10798.25,11544.900390625,0.0,513602
2025-02-03,10882.1416015625,11174.650390625,0.0,11282.7998046875,10951.400390625,11120.25,0.0,450593
2025-02-04,11217.6240234375,11519.150390625,0.0,11547.849609375,11112.150390625,11200.099609375,0.0,314752
2025-02-05,11282.431640625,11585.7001953125,0.0,11632.849609375,11433.0,11519.099609375,0.0,236897
2025-02-06,11176.91796875,11477.349609375,0.0,11619.5498046875,11327.7001953125,11577.2001953125,0.0,308664
2025-02-07,11335.89453125,11640.599609375,0.0,11733.0,11475.0498046875,11501.099609375,0.0,310549
2025-02-10,11230.4287109375,11532.2998046875,0.0,11613.7001953125,11490.0,11520.0,0.0,262455
2025-02-11,11004.404296875,11300.2001953125,0.0,11515.599609375,11240.25,11497.0,0.0,301338
2025-02-12,11178.037109375,11478.5,0.0,11599.0,11074.599609375,11300.0,0.0,347198
2025-02-13,11244.208984375,11546.4501953125,0.0,11649.900390625,11422.2001953125,11500.0,0.0,336128
2025-02-14,10969.005859375,11263.849609375,0.0,11589.0,11182.0,11589.0,0.0,279199
2025-02-17,11189.3330078125,11490.099609375,0.0,11509.900390625,11043.400390625,11219.0,0.0,166053
2025-02-18,11012.876953125,11308.900390625,0.0,11460.599609375,11251.0,11450.0,0.0,268795
2025-02-19,10995.9814453125,11291.5498046875,0.0,11460.0,11231.0,11290.0,0.0,157580
2025-02-20,10992.134765625,11287.599609375,0.0,11330.0,11245.2001953125,11291.099609375,0.0,142187
2025-02-21,10865.1962890625,11157.25,0.0,11290.0,10990.0,11265.0,0.0,320240
2025-02-24,10753.5966796875,11042.650390625,0.0,11170.0,10975.0498046875,11008.650390625,0.0,175294
2025-02-25,10677.15234375,10964.150390625,0.0,11054.25,10841.0,11042.650390625,0.0,296499
2025-02-27,10174.171875,10447.650390625,0.0,10800.0,10264.400390625,10800.0,0.0,1722295
2025-02-28,9863.3271484375,10128.4501953125,0.0,10490.0,10047.849609375,10490.0,0.0,1230856
2025-03-03,10070.1171875,10340.7998046875,0.0,10621.7998046875,10283.150390625,10319.25,0.0,835344
2025-03-04,10098.650390625,10370.099609375,0.0,10454.7998046875,10240.0,10250.0,0.0,352922
2025-03-05,10190.2880859375,10464.2001953125,0.0,10506.7998046875,10295.25,10387.900390625,0.0,310832
2025-03-06,10218.8203125,10493.5,0.0,10540.0,10317.2001953125,10539.7998046875,0.0,365920
2025-03-07,10305.39453125,10582.400390625,0.0,10609.599609375,10446.7001953125,10501.0,0.0,302339
2025-03-10,10244.724609375,10520.099609375,0.0,10645.599609375,10477.0,10589.0,0.0,165649
2025-03-11,10165.9912109375,10439.25,0.0,10508.5498046875,10356.25,10411.0,0.0,180753
2025-03-12,10245.017578125,10520.400390625,0.0,10549.7998046875,10362.0,10480.0,0.0,299765
2025-03-13,10178.50390625,10452.099609375,0.0,10520.0,10380.099609375,10520.0,0.0,219474
2025-03-17,10271.017578125,10547.099609375,0.0,10577.349609375,10448.0,10546.5,0.0,212061
2025-03-18,10271.017578125,10547.099609375,0.0,10547.099609375,10547.099609375,10547.099609375,0.0,0
2025-03-19,10647.0595703125,10933.25,0.0,10945.099609375,10700.0,10710.0,0.0,269175
2025-03-20,10661.5703125,10948.150390625,0.0,11240.0,10816.0,10931.150390625,0.0,549251
2025-03-21,10689.4208984375,10976.75,0.0,11064.0,10885.650390625,11019.0,0.0,656565
2025-03-24,10761.9228515625,11051.2001953125,0.0,11077.9501953125,10853.849609375,11018.9501953125,0.0,294688
2025-03-25,11122.23828125,11421.2001953125,0.0,11478.849609375,11204.7001953125,11240.0,0.0,754457
2025-03-26,11103.63671875,11402.099609375,0.0,11487.0,11300.0,11381.0,0.0,401569
2025-03-27,11295.966796875,11599.599609375,0.0,11629.9501953125,11350.0,11400.5,0.0,406112
2025-03-28,11208.2744140625,11509.5498046875,0.0,11699.0,11458.650390625,11585.5,0.0,280960
2025-04-01,11080.8017578125,11378.650390625,0.0,11565.650390625,11337.150390625,11350.0,0.0,263144
2025-04-02,10956.4443359375,11250.9501953125,0.0,11360.0,11178.099609375,11360.0,0.0,376468
2025-04-03,11302.7841796875,11606.599609375,0.0,11650.0498046875,11155.0,11189.0,0.0,361884
2025-04-04,11197.66015625,11498.650390625,0.0,11613.5,11421.0,11599.0,0.0,222191
2025-04-07,10898.6474609375,11191.599609375,0.0,11300.0498046875,11015.0498046875,11200.0,0.0,484513
2025-04-08,10975.43359375,11270.4501953125,0.0,11542.75,11240.7998046875,11317.75,0.0,602120
2025-04-09,11098.7197265625,11397.0498046875,0.0,11423.0,11180.0,11288.849609375,0.0,230611
2025-04-11,11201.5556640625,11502.650390625,0.0,11842.349609375,11454.0498046875,11842.349609375,0.0,351037
2025-04-15,11412.2421875,11719.0,0.0,11749.0,11581.0,11749.0,0.0,345260
2025-04-16,11421.0068359375,11728.0,0.0,11827.0,11667.0,11667.0,0.0,268150
2025-04-17,11589.478515625,11901.0,0.0,11922.0,11600.0,11667.0,0.0,290473
2025-04-21,11621.6142578125,11934.0,0.0,12110.0,11781.0,11816.0,0.0,230595
2025-04-22,11645.9599609375,11959.0,0.0,12017.0,11850.0,11934.0,0.0,334667
2025-04-23,11636.22265625,11949.0,0.0,12040.0,11826.0,12040.0,0.0,267716
2025-04-24,11840.724609375,12159.0,0.0,12188.0,11870.0,11877.0,0.0,339743
2025-04-25,11916.6826171875,12237.0,0.0,12304.0,11860.0,12149.0,0.0,412558
2025-04-28,11796.90234375,12114.0,0.0,12339.0,12001.0,12232.0,0.0,516745
2025-04-29,11558.31640625,11869.0,0.0,12222.0,11800.0,12201.0,0.0,516495
2025-04-30,11336.2841796875,11641.0,0.0,11925.0,11500.0,11869.0,0.0,630392
2025-05-02,11309.017578125,11613.0,0.0,11750.0,11481.0,11641.0,0.0,189474
2025-05-05,11364.5244140625,11670.0,0.0,11728.0,11652.0,11702.0,0.0,145699
2025-05-06,11386.9228515625,11693.0,0.0,11729.0,11544.0,11699.0,0.0,273048
2025-05-07,11352.8388671875,11658.0,0.0,11700.0,11553.0,11651.0,0.0,217460
2025-05-08,11326.5458984375,11631.0,0.0,11740.0,11539.0,11601.0,0.0,388912
2025-05-09,11066.53515625,11364.0,0.0,11558.0,11313.0,11480.0,0.0,200270
2025-05-12,11428.796875,11736.0,0.0,11767.0,11565.0,11590.0,0.0,182795
2025-05-13,11355.7607421875,11661.0,0.0,11748.0,11566.0,11700.0,0.0,307678
2025-05-14,11366.47265625,11672.0,0.0,11741.0,11624.0,11676.0,0.0,179337
2025-05-15,11582.6611328125,11894.0,0.0,11932.0,11643.0,11672.0,0.0,371371
2025-05-16,11593.373046875,11905.0,0.0,11990.0,11857.0,11950.0,0.0,209706
2025-05-19,11616.74609375,11929.0,0.0,11991.0,11880.0,11904.0,0.0,128237
2025-05-20,11390.818359375,11697.0,0.0,11980.0,11669.0,11969.0,0.0,158934
2025-05-21,11360.6298828125,11666.0,0.0,11910.0,11634.0,11697.0,0.0,173017
2025-05-22,11374.263671875,11680.0,0.0,11700.0,11517.0,11666.0,0.0,175370
2025-05-23,11438.53515625,11746.0,0.0,11875.0,11661.0,11727.0,0.0,181463
2025-05-26,11383.0283203125,11689.0,0.0,11884.0,11645.0,11800.0,0.0,198003
2025-05-27,11122.04296875,11421.0,0.0,11722.0,11375.0,11676.0,0.0,478345
2025-05-28,10943.8330078125,11238.0,0.0,11470.0,11200.0,11455.0,0.0,201200
2025-05-29,10974.0224609375,11269.0,0.0,11337.0,11151.0,11249.0,0.0,350206
2025-05-30,10916.5654296875,11210.0,0.0,11310.0,11170.0,11265.0,0.0,394181
2025-06-02,10901.958984375,11195.0,0.0,11219.0,11019.0,11180.0,0.0,314936
2025-06-03,10746.146484375,11035.0,0.0,11292.0,11000.0,11280.0,0.0,349615
2025-06-04,10744.19921875,11033.0,0.0,11055.0,10920.0,11040.0,0.0,345047
2025-06-05,10866.900390625,11159.0,0.0,11180.0,11003.0,11038.0,0.0,191183
2025-06-06,10958.4404296875,11253.0,0.0,11311.0,11120.0,11180.0,0.0,143723
2025-06-09,10965.2578125,11260.0,0.0,11318.0,11166.0,11260.0,0.0,209231
2025-06-10,11092.828125,11391.0,0.0,11484.0,11335.0,11410.0,0.0,279918
2025-06-11,11163.9169921875,11464.0,0.0,11518.0,11340.0,11380.0,0.0,237747
2025-06-12,11026.607421875,11323.0,0.0,11505.0,11280.0,11475.0,0.0,262530
2025-06-13,10930.19921875,11224.0,0.0,11250.0,11018.0,11111.0,0.0,181355
2025-06-16,11194.10546875,11495.0,0.0,11518.0,11197.0,11270.0,0.0,401104
2025-06-17,11085.037109375,11383.0,0.0,11509.0,11360.0,11500.0,0.0,121415
2025-06-18,11107.435546875,11406.0,0.0,11479.0,11343.0,11383.0,0.0,156816
2025-06-19,11121.0693359375,11420.0,0.0,11485.0,11353.0,11400.0,0.0,157757
2025-06-20,11158.07421875,11458.0,0.0,11525.0,11370.0,11420.0,0.0,629895
2025-06-23,11149.310546875,11449.0,0.0,11490.0,11321.0,11401.0,0.0,304907
2025-06-24,11275.9072265625,11579.0,0.0,11824.0,11514.0,11559.0,0.0,735700
2025-06-25,11425.8759765625,11733.0,0.0,11771.0,11634.0,11635.0,0.0,253134
2025-06-26,11638.169921875,11951.0,0.0,11986.0,11681.0,11690.0,0.0,506580
2025-06-27,11893.3115234375,12213.0,0.0,12246.0,11917.0,11980.0,0.0,501287
2025-06-30,11776.453125,12093.0,0.0,12271.0,12018.0,12215.0,0.0,333104
2025-07-01,11890.3896484375,12210.0,0.0,12225.0,12060.0,12105.0,0.0,207437
2025-07-02,12110.4736328125,12436.0,0.0,12527.0,12170.0,12210.0,0.0,445829
2025-07-03,12073.46875,12398.0,0.0,12575.0,12376.0,12436.0,0.0,275755
2025-07-04,12178.6416015625,12506.0,0.0,12542.0,12341.0,12400.0,0.0,191516
2025-07-07,12021.85546875,12345.0,0.0,12500.0,12306.0,12476.0,0.0,149939
2025-07-08,12119.23828125,12445.0,0.0,12495.0,12305.0,12345.0,0.0,219226
2025-07-09,12233.17578125,12562.0,0.0,12580.0,12376.0,12410.0,0.0,379924
2025-07-10,12188.3798828125,12516.0,0.0,12667.0,12482.0,12518.0,0.0,269323
2025-07-11,12167.9296875,12495.0,0.0,12637.0,12452.0,12516.0,0.0,240034
2025-07-14,12188.3798828125,12516.0,0.0,12579.0,12430.0,12495.0,0.0,278918
2025-07-15,12174.7470703125,12502.0,0.0,12545.0,12425.0,12545.0,0.0,154124
2025-07-16,12127.029296875,12453.0,0.0,12515.0,12398.0,12504.0,0.0,156311
2025-07-17,12167.9296875,12495.0,0.0,12548.0,12432.0,12465.0,0.0,166142
2025-07-18,12170.8515625,12498.0,0.0,12558.0,12441.0,12520.0,0.0,98339
2025-07-21,12247.783203125,12577.0,0.0,12714.0,12374.0,12560.0,0.0,512521
2025-07-22,12126.0546875,12452.0,0.0,12699.0,12295.0,12649.0,0.0,533617
2025-07-23,12048.1494140625,12372.0,0.0,12515.0,12358.0,12460.0,0.0,189617
2025-07-24,11981.9296875,12304.0,0.0,12399.0,12230.0,12372.0,0.0,180080
2025-07-25,12004.958984375,12250.0,77.5,12345.0,12193.0,12245.0,0.0,290381
2025-07-28,11995.1591796875,12240.0,0.0,12368.0,12210.0,12274.0,0.0,214107
2025-07-29,11976.5390625,12221.0,0.0,12262.0,12122.0,12200.0,0.0,208446
2025-07-30,12022.599609375,12268.0,0.0,12381.0,12201.0,12205.0,0.0,185681
2025-07-31,12003.9794921875,12249.0,0.0,12329.0,12155.0,12201.0,0.0,150379
2025-08-01,11870.7001953125,12113.0,0.0,12289.0,12075.0,12181.0,0.0,212570
2025-08-04,12011.8193359375,12257.0,0.0,12290.0,12132.0,12158.0,0.0,207875
2025-08-05,12051.9990234375,12298.0,0.0,12378.0,12262.0,12330.0,0.0,267535
2025-08-06,11981.439453125,12226.0,0.0,12390.0,12208.0,12298.0,0.0,192086
2025-08-07,12027.4990234375,12273.0,0.0,12309.0,12125.0,12204.0,0.0,202031
2025-08-08,11913.8193359375,12157.0,0.0,12315.0,12135.0,12285.0,0.0,201770
2025-08-11,12156.8583984375,12405.0,0.0,12425.0,12161.0,12161.0,0.0,218605
2025-08-12,12199.978515625,12449.0,0.0,12530.0,12397.0,12447.0,0.0,334100
2025-08-13,12152.9384765625,12401.0,0.0,12517.0,12388.0,12485.0,0.0,207359
2025-08-14,12070.619140625,12317.0,0.0,12428.0,12225.0,12413.0,0.0,235741
2025-08-18,12509.6572265625,12765.0,0.0,12904.0,12556.0,12628.0,0.0,808480
2025-08-19,12605.697265625,12863.0,0.0,12880.0,12629.0,12787.0,0.0,351252
2025-08-20,12616.4775390625,12874.0,0.0,12930.0,12765.0,12850.0,0.0,290957
2025-08-21,12612.5576171875,12870.0,0.0,12906.0,12790.0,12890.0,0.0,155457
2025-08-22,12337.177734375,12589.0,0.0,12864.0,12563.0,12864.0,0.0,226948
2025-08-25,12353.837890625,12606.0,0.0,12731.0,12556.0,12648.0,0.0,199190
2025-08-26,12357.7578125,12610.0,0.0,12770.0,12480.0,12581.0,0.0,290322
2025-08-28,12270.5380859375,12521.0,0.0,12648.0,12472.0,12570.0,0.0,283677
2025-08-29,12387.158203125,12640.0,0.0,12729.0,12521.0,12521.0,0.0,177858
2025-09-01,12569.4375,12826.0,0.0,12852.0,12636.0,12639.0,0.0,214241
2025-09-02,12475.357421875,12730.0,0.0,12848.0,12687.0,12788.0,0.0,214101
2025-09-03,12478.2978515625,12733.0,0.0,12770.0,12657.0,12700.0,0.0,140022
2025-09-04,12397.9384765625,12651.0,0.0,13097.0,12634.0,13000.0,0.0,305040
2025-09-05,12348.9384765625,12601.0,0.0,12738.0,12530.0,12680.0,0.0,153774
2025-09-08,12410.677734375,12664.0,0.0,12743.0,12601.0,12601.0,0.0,126448
2025-09-09,12320.5185546875,12572.0,0.0,12708.0,12533.0,12699.0,0.0,240234
2025-09-10,12228.3984375,12478.0,0.0,12626.0,12420.0,12625.0,0.0,175576
2025-09-11,12144.119140625,12392.0,0.0,12517.0,12360.0,12478.0,0.0,132660
2025-09-12,12122.55859375,12370.0,0.0,12479.0,12343.0,12396.0,0.0,153086
2025-09-15,12186.2587890625,12435.0,0.0,12481.0,12324.0,12370.0,0.0,179530
2025-09-16,12326.3984375,12578.0,0.0,12599.0,12446.0,12497.0,0.0,189043
2025-09-17,12466.5380859375,12721.0,0.0,12800.0,12614.0,12678.0,0.0,264319
2025-09-18,12373.4384765625,12626.0,0.0,12749.0,12562.0,12730.0,0.0,190079
2025-09-19,12257.798828125,12508.0,0.0,12644.0,12484.0,12602.0,0.0,571670
2025-09-22,12396.9580078125,12650.0,0.0,12706.0,12542.0,12547.0,0.0,499548
2025-09-23,12152.9384765625,12401.0,0.0,12698.0,12361.0,12650.0,0.0,403638
2025-09-24,11969.6796875,12214.0,0.0,12448.0,12200.0,12427.0,0.0,166517
2025-09-25,11898.1396484375,12141.0,0.0,12275.0,12120.0,12210.0,0.0,272540
2025-09-26,11828.5595703125,12070.0,0.0,12199.0,11990.0,12140.0,0.0,181541
2025-09-29,11800.1396484375,12041.0,0.0,12146.0,11962.0,12100.0,0.0,214806
2025-09-30,11977.51953125,12222.0,0.0,12261.0,12041.0,12041.0,0.0,279155
2025-10-01,11853.0595703125,12095.0,0.0,12274.0,12071.0,12274.0,0.0,129528
2025-10-03,11778.580078125,12019.0,0.0,12139.0,11982.0,12095.0,0.0,258411
2025-10-06,11813.8603515625,12055.0,0.0,12100.0,11991.0,12019.0,0.0,106362
2025-10-07,11940.279296875,12184.0,0.0,12210.0,12025.0,12059.0,0.0,225472
2025-10-08,11751.140625,11991.0,0.0,12182.0,11940.0,12150.0,0.0,173973
2025-10-09,11948.119140625,12192.0,0.0,12211.0,11973.0,11991.0,0.0,171737
2025-10-10,12035.3388671875,12281.0,0.0,12324.0,12111.0,12180.0,0.0,198464
2025-10-13,11928.51953125,12172.0,0.0,12249.0,12150.0,12225.0,0.0,87745
2025-10-14,11828.5595703125,12070.0,0.0,12251.0,12026.0,12172.0,0.0,129196
2025-10-15,12064.7392578125,12311.0,0.0,12325.0,12085.0,12085.0,0.0,142328
2025-10-16,12110.798828125,12358.0,0.0,12405.0,12268.0,12306.0,0.0,129372
2025-10-17,12122.55859375,12370.0,0.0,12390.0,12259.0,12300.0,0.0,182242
2025-10-20,12099.0390625,12346.0,0.0,12448.0,12175.0,12420.0,0.0,393365
2025-10-21,12095.119140625,12342.0,0.0,12417.0,12271.0,12371.0,0.0,14465
2025-10-23,11902.0595703125,12145.0,0.0,12415.0,12112.0,12390.0,0.0,370812
2025-10-24,11679.6005859375,11918.0,0.0,12174.0,11876.0,12149.0,0.0,318840
2025-10-27,11774.66015625,12015.0,0.0,12049.0,11920.0,11922.0,0.0,408073
2025-10-28,11692.3408203125,11931.0,0.0,12048.0,11866.0,12025.0,0.0,513095
2025-10-29,11758.98046875,11999.0,0.0,12060.0,11899.0,11940.0,0.0,394272
2025-10-30,11811.900390625,12053.0,0.0,12084.0,11950.0,12040.0,0.0,159943
2025-10-31,11708.0205078125,11947.0,0.0,12102.0,11917.0,12053.0,0.0,175191
2025-11-03,11710.9599609375,11950.0,0.0,11984.0,11885.0,11927.0,0.0,98394
2025-11-04,11582.5810546875,11819.0,0.0,11960.0,11785.0,11960.0,0.0,199364
2025-11-06,11671.7607421875,11910.0,0.0,11985.0,11798.0,11800.0,0.0,189652
2025-11-07,11611.98046875,11849.0,0.0,11951.0,11834.0,11871.0,0.0,148161
2025-11-10,11493.4013671875,11728.0,0.0,11890.0,11701.0,11851.0,0.0,197085
2025-11-11,11588.4609375,11825.0,0.0,11849.0,11720.0,11750.0,0.0,125847
2025-11-12,11682.5400390625,11921.0,0.0,11949.0,11831.0,11861.0,0.0,184542
2025-11-13,11695.2802734375,11934.0,0.0,12016.0,11907.0,11921.0,0.0,174415
2025-11-14,11636.48046875,11874.0,0.0,11941.0,11786.0,11941.0,0.0,161315
2025-11-17,11542.4013671875,11778.0,0.0,11855.0,11745.0,11810.0,0.0,194379
2025-11-18,11472.8212890625,11707.0,0.0,11888.0,11688.0,11888.0,0.0,318116
2025-11-19,11432.6416015625,11666.0,0.0,11754.0,11638.0,11707.0,0.0,271396
2025-11-20,11517.9013671875,11753.0,0.0,11773.0,11661.0,11720.0,0.0,185397
2025-11-21,11494.380859375,11729.0,0.0,11788.0,11691.0,11758.0,0.0,192051
2025-11-24,11352.28125,11584.0,0.0,11738.0,11561.0,11738.0,0.0,407297
2025-11-25,11348.361328125,11580.0,0.0,11647.0,11538.0,11600.0,0.0,200149
2025-11-26,11523.78125,11759.0,0.0,11773.0,11585.0,11589.0,0.0,187481
2025-11-27,11384.62109375,11617.0,0.0,11787.0,11599.0,11776.0,0.0,275290
2025-11-28,11367.9619140625,11600.0,0.0,11640.0,11557.0,11620.0,0.0,159990
2025-12-01,11428.7216796875,11662.0,0.0,12021.0,11556.0,11620.0,0.0,228729
2025-12-02,11432.6416015625,11666.0,0.0,11713.0,11590.0,11702.0,0.0,190930
2025-12-03,11359.1416015625,11591.0,0.0,11702.0,11520.0,11700.0,0.0,206293
2025-12-04,11375.8017578125,11608.0,0.0,11631.0,11524.0,11580.0,0.0,159687
2025-12-05,11365.021484375,11597.0,0.0,11665.0,11561.0,11630.0,0.0,226572
2025-12-08,11309.162109375,11540.0,0.0,11632.0,11490.0,11610.0,0.0,148186
2025-12-09,11185.681640625,11414.0,0.0,11525.0,11379.0,11500.0,0.0,274482
2025-12-10,11090.6220703125,11317.0,0.0,11499.0,11297.0,11425.0,0.0,272923
2025-12-11,11242.521484375,11472.0,0.0,11484.0,11266.0,11340.0,0.0,196507
2025-12-12,11488.5009765625,11723.0,0.0,11738.0,11481.0,11491.0,0.0,389481
2025-12-15,11493.4013671875,11728.0,0.0,11804.0,11658.0,11658.0,0.0,178073
2025-12-16,11297.4013671875,11528.0,0.0,11700.0,11510.0,11700.0,0.0,179690
2025-12-17,11309.162109375,11540.0,0.0,11591.0,11495.0,11505.0,0.0,205337
2025-12-18,11231.7421875,11461.0,0.0,11565.0,11412.0,11545.0,0.0,103462
2025-12-19,11266.0419921875,11496.0,0.0,11529.0,11442.0,11503.0,0.0,152956
2025-12-22,11301.3212890625,11532.0,0.0,11548.0,11431.0,11496.0,0.0,170807
2025-12-23,11444.4013671875,11678.0,0.0,11750.0,11530.0,11550.0,0.0,161830
2025-12-24,11528.6806640625,11764.0,0.0,11790.0,11671.0,11715.0,0.0,182050
2025-12-26,11558.0810546875,11794.0,0.0,11855.0,11743.0,11766.0,0.0,193121
2025-12-29,11562.98046875,11799.0,0.0,11820.0,11731.0,11778.0,0.0,197600
2025-12-30,11470.861328125,11705.0,0.0,11811.0,11651.0,11810.0,0.0,236323
2025-12-31,11548.28125,11784.0,0.0,11794.0,11680.0,11681.0,0.0,172267
2026-01-01,11662.9404296875,11901.0,0.0,11915.0,11784.0,11792.0,0.0,71887
2026-01-02,11660.98046875,11899.0,0.0,11970.0,11821.0,11903.0,0.0,206244
2026-01-05,11845.2197265625,12087.0,0.0,12114.0,11860.0,11931.0,0.0,302803
2026-01-06,11959.8798828125,12204.0,0.0,12225.0,12066.0,12100.0,0.0,225766
2026-01-07,11940.279296875,12184.0,0.0,12250.0,12078.0,12230.0,0.0,246825
2026-01-08,11822.6796875,12064.0,0.0,12188.0,12034.0,12165.0,0.0,229175
2026-01-09,11698.220703125,11937.0,0.0,12065.0,11852.0,12058.0,0.0,263833
2026-01-12,11856.0,12098.0,0.0,12124.0,11786.0,11870.0,0.0,275484
2026-01-13,11803.080078125,12044.0,0.0,12199.0,11936.0,12050.0,0.0,290750
2026-01-14,12009.859375,12255.0,0.0,12323.0,11942.0,12074.0,0.0,408660
2026-01-15,12009.859375,12255.0,0.0,12255.0,12255.0,12255.0,0.0,0
2026-01-16,12130.3984375,12378.0,0.0,12405.0,11800.0,11800.0,0.0,454481
2026-01-19,12051.01953125,12297.0,0.0,12395.0,12233.0,12350.0,0.0,257602
2026-01-20,11817.7802734375,12059.0,0.0,12399.0,11995.0,12225.0,0.0,298026
2026-01-21,11986.33984375,12231.0,0.0,12280.0,11984.0,12059.0,0.0,209393
2026-01-22,12116.6787109375,12364.0,0.0,12400.0,12165.0,12293.0,0.0,286236
2026-01-23,12121.5791015625,12369.0,0.0,12554.0,12283.0,12375.0,0.0,356421
2026-01-27,12337.177734375,12589.0,0.0,12825.0,12500.0,12544.0,0.0,926373
2026-01-28,12511.6171875,12767.0,0.0,12790.0,12561.0,12640.0,0.0,456847
2026-01-29,12462.6181640625,12717.0,0.0,12758.0,12554.0,12758.0,0.0,285262
2026-01-30,12440.078125,12694.0,0.0,12725.0,12536.0,12649.0,0.0,296876
2026-02-02,12284.2587890625,12535.0,0.0,12600.0,12191.0,12380.0,0.0,259656
2026-02-03,12338.158203125,12590.0,0.0,12952.0,12575.0,12800.0,0.0,296810
2026-02-04,12549.837890625,12806.0,0.0,12839.0,12585.0,12600.0,0.0,159977
2026-02-05,12517.498046875,12773.0,0.0,12834.0,12732.0,12762.0,0.0,172331
2026-02-06,12467.517578125,12722.0,0.0,12775.0,12622.0,12725.0,0.0,124704
2026-02-09,12786.9970703125,13048.0,0.0,13071.0,12722.0,12809.0,0.0,235298
2026-02-10,12762.4970703125,13023.0,0.0,13110.0,12968.0,13060.0,0.0,167157
2026-02-11,12709.5771484375,12969.0,0.0,13087.0,12907.0,13087.0,0.0,92473
2026-02-12,12768.376953125,13029.0,0.0,13071.0,12900.0,12969.0,0.0,179716
2026-02-13,12703.697265625,12963.0,0.0,13025.0,12873.0,13012.0,0.0,178236
2026-02-16,12721.3369140625,12981.0,0.0,12997.0,12861.0,12897.0,0.0,81768
2026-02-17,12724.27734375,12984.0,0.0,13008.0,12838.0,12955.0,0.0,136174
2026-02-18,12790.9169921875,13052.0,0.0,13095.0,12986.0,12986.0,0.0,161603
2026-02-19,12434.1982421875,12688.0,0.0,13059.0,12637.0,13039.0,0.0,195303
2026-02-20,12510.6376953125,12766.0,0.0,12838.0,12578.0,12650.0,0.0,120589
2026-02-23,12716.4365234375,12976.0,0.0,12996.0,12759.0,12830.0,0.0,134369
2026-02-24,12700.7568359375,12960.0,0.0,13010.0,12900.0,12972.0,0.0,332450
2026-02-25,12780.13671875,13041.0,0.0,13061.0,12866.0,12961.0,0.0,201537
2026-02-26,12678.216796875,12937.0,0.0,13089.0,12830.0,13089.0,0.0,209041
2026-02-27,12423.41796875,12677.0,0.0,12897.0,12640.0,12895.0,0.0,272915
2026-03-02,12270.5380859375,12521.0,0.0,12622.0,12325.0,12375.0,0.0,237506
2026-03-04,11864.8193359375,12107.0,0.0,12500.0,11888.0,12175.0,0.0,394665
2026-03-05,12042.19921875,12288.0,0.0,12330.0,12030.0,12107.0,0.0,284992
2026-03-06,11747.220703125,11987.0,0.0,12208.0,11948.0,12160.0,0.0,296585
2026-03-09,11150.40234375,11378.0,0.0,11808.0,11329.0,11766.0,0.0,590742
2026-03-10,11420.880859375,11654.0,0.0,11759.0,11531.0,11606.0,0.0,460885
2026-03-11,11232.7216796875,11462.0,0.0,11663.0,11430.0,11650.0,0.0,231139
2026-03-12,10867.18359375,11089.0,0.0,11405.0,11059.0,11401.0,0.0,535730
2026-03-13,10403.64453125,10616.0,0.0,11000.0,10573.0,11000.0,0.0,723904
2026-03-16,10876.9833984375,11099.0,0.0,11151.0,10652.0,10670.0,0.0,728077
2026-03-17,10893.6435546875,11116.0,0.0,11160.0,10991.0,11090.0,0.0,332933
2026-03-18,11022.0224609375,11247.0,0.0,11287.0,11116.0,11124.0,0.0,211865
2026-03-19,10597.6845703125,10814.0,0.0,11132.0,10778.0,11080.0,0.0,283817
2026-03-20,10715.2841796875,10934.0,0.0,10974.0,10853.0,10920.0,0.0,365914
2026-03-23,10154.7255859375,10362.0,0.0,10877.0,10325.0,10877.0,0.0,644386
2026-03-24,10548.6845703125,10764.0,0.0,10867.0,10472.0,10650.0,0.0,369647
2026-03-25,10979.8828125,11204.0,0.0,11236.0,10801.0,10801.0,0.0,456437
2026-03-27,10827.9833984375,11049.0,0.0,11174.0,10970.0,11174.0,0.0,418469
2026-03-30,10530.064453125,10745.0,0.0,10990.0,10687.0,10985.0,0.0,632265
2026-04-01,10499.6845703125,10714.0,0.0,11112.0,10643.0,10802.0,0.0,431636
2026-04-02,10407.564453125,10620.0,0.0,10663.0,10365.0,10639.0,0.0,333524
2026-04-06,10735.86328125,10955.0,0.0,10976.0,10540.0,10611.0,0.0,374420
2026-04-07,10717.244140625,10936.0,0.0,10954.0,10765.0,10922.0,0.0,263658
2026-04-08,11370.9013671875,11603.0,0.0,11776.0,11349.0,11400.0,0.0,612764
2026-04-09,11219.001953125,11448.0,0.0,11562.0,11390.0,11425.0,0.0,330553
2026-04-10,11357.181640625,11589.0,0.0,11643.0,11476.0,11500.0,0.0,420339
2026-04-13,11271.921875,11502.0,0.0,11522.0,11282.0,11366.0,0.0,220442
2026-04-15,11549.2607421875,11785.0,0.0,11950.0,11711.0,11840.0,0.0,274811
2026-04-16,11589.4404296875,11826.0,0.0,11859.0,11710.0,11840.0,0.0,308549
2026-04-17,11648.240234375,11886.0,0.0,11930.0,11737.0,11820.0,0.0,165109
2026-04-20,11678.6201171875,11917.0,0.0,12062.0,11816.0,11970.0,0.0,335624
2026-04-21,11798.1796875,12039.0,0.0,12065.0,11800.0,11800.0,0.0,320111
2026-04-22,11949.099609375,12193.0,0.0,12222.0,12001.0,12013.0,0.0,312307
2026-04-23,11923.619140625,12167.0,0.0,12213.0,11936.0,12105.0,0.0,227223
2026-04-24,11758.0,11998.0,0.0,12246.0,11954.0,12203.0,0.0,349586
2026-04-27,11769.759765625,12010.0,0.0,12240.0,11869.0,12148.0,0.0,567601
2026-04-28,11580.62109375,11817.0,0.0,12282.0,11790.0,12282.0,0.0,509322
2026-04-29,11596.30078125,11833.0,0.0,12060.0,11817.0,11870.0,0.0,361932
2026-04-30,11354.2412109375,11586.0,0.0,11777.0,11484.0,11777.0,0.0,719688
2026-05-01,11354.2412109375,11586.0,0.0,11586.0,11586.0,11586.0,0.0,0
2026-05-04,11522.80078125,11758.0,0.0,11798.0,11590.0,11670.0,0.0,461238
2026-05-05,11723.7001953125,11963.0,0.0,11987.0,11624.0,11671.0,0.0,350047
2026-05-06,11851.099609375,12093.0,0.0,12141.0,11942.0,12022.0,0.0,355092
2026-05-07,11903.0400390625,12146.0,0.0,12275.0,12120.0,12270.0,0.0,227651
2026-05-08,11710.9599609375,11950.0,0.0,12110.0,11877.0,12090.0,0.0,258727
2026-05-11,11628.640625,11866.0,0.0,11937.0,11773.0,11801.0,0.0,198930
2026-05-12,11285.6416015625,11516.0,0.0,11866.0,11503.0,11866.0,0.0,343980
2026-05-13,11341.501953125,11573.0,0.0,11652.0,11431.0,11500.0,0.0,453482
2026-05-14,11458.12109375,11692.0,0.0,11769.0,11550.0,11600.0,0.0,220410
2026-05-15,11257.2216796875,11487.0,0.0,11730.0,11463.0,11685.0,0.0,284388
2026-05-18,11329.7412109375,11561.0,0.0,11599.0,11253.0,11447.0,0.0,233668
2026-05-19,11140.6025390625,11368.0,0.0,11556.0,11347.0,11540.0,0.0,347784
2026-05-20,11180.7822265625,11409.0,0.0,11430.0,11211.0,11300.0,0.0,168245
2026-05-21,11244.4814453125,11474.0,0.0,11517.0,11373.0,11484.0,0.0,244967
2026-05-22,11337.58203125,11569.0,0.0,11650.0,11511.0,11531.0,0.0,340427
2026-05-25,11491.44140625,11726.0,0.0,11796.0,11614.0,11690.0,0.0,229618
2026-05-26,11390.5009765625,11623.0,0.0,11749.0,11580.0,11690.0,0.0,210716
2026-05-27,11455.181640625,11689.0,0.0,11750.0,11601.0,11640.0,0.0,243628
2026-05-28,11455.181640625,11689.0,0.0,11689.0,11689.0,11689.0,0.0,0
2026-05-29,11252.322265625,11482.0,0.0,11779.0,11338.0,11600.0,0.0,1776975
2026-06-01,11007.322265625,11232.0,0.0,11570.0,11211.0,11507.0,0.0,497866
2026-06-02,10941.6630859375,11165.0,0.0,11201.0,11074.0,11142.0,0.0,413041
2026-06-03,10878.943359375,11101.0,0.0,11239.0,11020.0,11180.0,0.0,412934
2026-06-04,10777.0234375,10997.0,0.0,11150.0,10961.0,11060.0,0.0,541327
2026-06-05,10693.7236328125,10912.0,0.0,11121.0,10846.0,11100.0,0.0,424664
2026-06-08,10579.064453125,10795.0,0.0,10895.0,10750.0,10758.0,0.0,285585
2026-06-09,10692.744140625,10911.0,0.0,10983.0,10772.0,10811.0,0.0,257371
2026-06-10,10648.6435546875,10866.0,0.0,10957.0,10814.0,10924.0,0.0,470400
2026-06-11,10613.3642578125,10830.0,0.0,10938.0,10706.0,10798.0,0.0,236130
2026-06-12,10894.623046875,11117.0,0.0,11154.0,10843.0,10950.0,0.0,192524
2026-06-15,11236.6416015625,11466.0,0.0,11565.0,11242.0,11242.0,0.0,404414
2026-06-16,11163.142578125,11391.0,0.0,11511.0,11368.0,11485.0,0.0,234423
2026-06-17,11145.501953125,11373.0,0.0,11420.0,11314.0,11380.0,0.0,177587
2026-06-18,11201.3623046875,11430.0,0.0,11460.0,11235.0,11390.0,0.0,321556
2026-06-19,11139.6220703125,11367.0,0.0,11476.0,11300.0,11311.0,0.0,403613
2026-06-22,11173.921875,11402.0,0.0,11418.0,11315.0,11371.0,0.0,226862
2026-06-23,11080.822265625,11307.0,0.0,11423.0,11266.0,11358.0,0.0,324599
2026-06-24,11201.3623046875,11430.0,0.0,11479.0,11275.0,11307.0,0.0,233046
2026-06-25,11259.181640625,11489.0,0.0,11674.0,11451.0,11487.0,0.0,402451
2026-06-26,11259.181640625,11489.0,0.0,11489.0,11489.0,11489.0,0.0,0
2026-06-29,11109.2421875,11336.0,0.0,11539.0,11313.0,11457.0,0.0,230886
2026-06-30,11027.90234375,11253.0,0.0,11377.0,11219.0,11317.0,0.0,331714
